ISO-10303-21;
HEADER;
FILE_DESCRIPTION((''),'2;1');
FILE_NAME('I-0526-04_REVX01','2026-07-14T14:11:58',('LSD'),(''),
'CREO PARAMETRIC BY PTC INC, 2020053','CREO PARAMETRIC BY PTC INC, 2020053','');
FILE_SCHEMA(('AUTOMOTIVE_DESIGN { 1 0 10303 214 1 1 1 1 }'));
ENDSEC;
DATA;
#58=CARTESIAN_POINT('',(-2.199999852E1,0.E0,4.5998649E0));
#59=DIRECTION('',(0.E0,-1.E0,0.E0));
#60=DIRECTION('',(-1.E0,0.E0,0.E0));
#61=AXIS2_PLACEMENT_3D('',#58,#59,#60);
#63=DRAUGHTING_PRE_DEFINED_CURVE_FONT('continuous');
#64=CURVE_STYLE('',#63,POSITIVE_LENGTH_MEASURE(2.E-2),#35);
#65=PRESENTATION_STYLE_ASSIGNMENT((#64));
#66=STYLED_ITEM('',(#65),#62);
#67=CARTESIAN_POINT('',(-2.199999852E1,0.E0,4.5998649E0));
#68=DIRECTION('',(0.E0,-1.E0,0.E0));
#69=DIRECTION('',(1.E0,0.E0,0.E0));
#70=AXIS2_PLACEMENT_3D('',#67,#68,#69);
#72=CURVE_STYLE('',#63,POSITIVE_LENGTH_MEASURE(2.E-2),#35);
#73=PRESENTATION_STYLE_ASSIGNMENT((#72));
#74=STYLED_ITEM('',(#73),#71);
#75=CARTESIAN_POINT('',(2.200012938E1,0.E0,4.5998649E0));
#76=DIRECTION('',(0.E0,-1.E0,0.E0));
#77=DIRECTION('',(-1.E0,0.E0,0.E0));
#78=AXIS2_PLACEMENT_3D('',#75,#76,#77);
#80=CURVE_STYLE('',#63,POSITIVE_LENGTH_MEASURE(2.E-2),#35);
#81=PRESENTATION_STYLE_ASSIGNMENT((#80));
#82=STYLED_ITEM('',(#81),#79);
#83=CARTESIAN_POINT('',(2.200012938E1,0.E0,4.5998649E0));
#84=DIRECTION('',(0.E0,-1.E0,0.E0));
#85=DIRECTION('',(1.E0,0.E0,0.E0));
#86=AXIS2_PLACEMENT_3D('',#83,#84,#85);
#88=CURVE_STYLE('',#63,POSITIVE_LENGTH_MEASURE(2.E-2),#35);
#89=PRESENTATION_STYLE_ASSIGNMENT((#88));
#90=STYLED_ITEM('',(#89),#87);
#91=DIRECTION('',(0.E0,0.E0,-1.E0));
#92=VECTOR('',#91,4.5E0);
#93=CARTESIAN_POINT('',(8.E0,0.E0,9.5998649E0));
#94=LINE('',#93,#92);
#95=CURVE_STYLE('',#63,POSITIVE_LENGTH_MEASURE(2.E-2),#35);
#96=PRESENTATION_STYLE_ASSIGNMENT((#95));
#97=STYLED_ITEM('',(#96),#94);
#98=DIRECTION('',(-1.E0,0.E0,0.E0));
#99=VECTOR('',#98,1.E1);
#100=CARTESIAN_POINT('',(8.E0,0.E0,5.0998649E0));
#101=LINE('',#100,#99);
#102=CURVE_STYLE('',#63,POSITIVE_LENGTH_MEASURE(2.E-2),#35);
#103=PRESENTATION_STYLE_ASSIGNMENT((#102));
#104=STYLED_ITEM('',(#103),#101);
#105=DIRECTION('',(0.E0,0.E0,1.E0));
#106=VECTOR('',#105,4.5E0);
#107=CARTESIAN_POINT('',(-2.E0,0.E0,5.0998649E0));
#108=LINE('',#107,#106);
#109=CURVE_STYLE('',#63,POSITIVE_LENGTH_MEASURE(2.E-2),#35);
#110=PRESENTATION_STYLE_ASSIGNMENT((#109));
#111=STYLED_ITEM('',(#110),#108);
#112=DIRECTION('',(1.E0,0.E0,0.E0));
#113=VECTOR('',#112,1.E1);
#114=CARTESIAN_POINT('',(-2.E0,0.E0,9.5998649E0));
#115=LINE('',#114,#113);
#116=CURVE_STYLE('',#63,POSITIVE_LENGTH_MEASURE(2.E-2),#35);
#117=PRESENTATION_STYLE_ASSIGNMENT((#116));
#118=STYLED_ITEM('',(#117),#115);
#119=CARTESIAN_POINT('',(1.1E1,0.E0,-5.5E0));
#120=DIRECTION('',(0.E0,-1.E0,0.E0));
#121=DIRECTION('',(0.E0,0.E0,-1.E0));
#122=AXIS2_PLACEMENT_3D('',#119,#120,#121);
#124=CURVE_STYLE('',#63,POSITIVE_LENGTH_MEASURE(2.E-2),#35);
#125=PRESENTATION_STYLE_ASSIGNMENT((#124));
#126=STYLED_ITEM('',(#125),#123);
#127=DIRECTION('',(-1.E0,0.E0,0.E0));
#128=VECTOR('',#127,2.5E0);
#129=CARTESIAN_POINT('',(1.1E1,0.E0,-7.5E0));
#130=LINE('',#129,#128);
#131=CURVE_STYLE('',#63,POSITIVE_LENGTH_MEASURE(2.E-2),#35);
#132=PRESENTATION_STYLE_ASSIGNMENT((#131));
#133=STYLED_ITEM('',(#132),#130);
#134=DIRECTION('',(0.E0,0.E0,1.E0));
#135=VECTOR('',#134,3.E0);
#136=CARTESIAN_POINT('',(8.5E0,0.E0,-7.5E0));
#137=LINE('',#136,#135);
#138=CURVE_STYLE('',#63,POSITIVE_LENGTH_MEASURE(2.E-2),#35);
#139=PRESENTATION_STYLE_ASSIGNMENT((#138));
#140=STYLED_ITEM('',(#139),#137);
#141=DIRECTION('',(1.E0,0.E0,0.E0));
#142=VECTOR('',#141,4.5E0);
#143=CARTESIAN_POINT('',(8.5E0,0.E0,-4.5E0));
#144=LINE('',#143,#142);
#145=CURVE_STYLE('',#63,POSITIVE_LENGTH_MEASURE(2.E-2),#35);
#146=PRESENTATION_STYLE_ASSIGNMENT((#145));
#147=STYLED_ITEM('',(#146),#144);
#148=DIRECTION('',(0.E0,0.E0,-1.E0));
#149=VECTOR('',#148,1.E0);
#150=CARTESIAN_POINT('',(1.3E1,0.E0,-4.5E0));
#151=LINE('',#150,#149);
#152=CURVE_STYLE('',#63,POSITIVE_LENGTH_MEASURE(2.E-2),#35);
#153=PRESENTATION_STYLE_ASSIGNMENT((#152));
#154=STYLED_ITEM('',(#153),#151);
#155=CARTESIAN_POINT('',(-1.1E1,0.E0,-5.5E0));
#156=DIRECTION('',(0.E0,-1.E0,0.E0));
#157=DIRECTION('',(-1.E0,0.E0,0.E0));
#158=AXIS2_PLACEMENT_3D('',#155,#156,#157);
#160=CURVE_STYLE('',#63,POSITIVE_LENGTH_MEASURE(2.E-2),#35);
#161=PRESENTATION_STYLE_ASSIGNMENT((#160));
#162=STYLED_ITEM('',(#161),#159);
#163=DIRECTION('',(0.E0,0.E0,1.E0));
#164=VECTOR('',#163,1.E0);
#165=CARTESIAN_POINT('',(-1.3E1,0.E0,-5.5E0));
#166=LINE('',#165,#164);
#167=CURVE_STYLE('',#63,POSITIVE_LENGTH_MEASURE(2.E-2),#35);
#168=PRESENTATION_STYLE_ASSIGNMENT((#167));
#169=STYLED_ITEM('',(#168),#166);
#170=DIRECTION('',(1.E0,0.E0,0.E0));
#171=VECTOR('',#170,4.5E0);
#172=CARTESIAN_POINT('',(-1.3E1,0.E0,-4.5E0));
#173=LINE('',#172,#171);
#174=CURVE_STYLE('',#63,POSITIVE_LENGTH_MEASURE(2.E-2),#35);
#175=PRESENTATION_STYLE_ASSIGNMENT((#174));
#176=STYLED_ITEM('',(#175),#173);
#177=DIRECTION('',(0.E0,0.E0,-1.E0));
#178=VECTOR('',#177,3.E0);
#179=CARTESIAN_POINT('',(-8.5E0,0.E0,-4.5E0));
#180=LINE('',#179,#178);
#181=CURVE_STYLE('',#63,POSITIVE_LENGTH_MEASURE(2.E-2),#35);
#182=PRESENTATION_STYLE_ASSIGNMENT((#181));
#183=STYLED_ITEM('',(#182),#180);
#184=DIRECTION('',(-1.E0,0.E0,0.E0));
#185=VECTOR('',#184,2.5E0);
#186=CARTESIAN_POINT('',(-8.5E0,0.E0,-7.5E0));
#187=LINE('',#186,#185);
#188=CURVE_STYLE('',#63,POSITIVE_LENGTH_MEASURE(2.E-2),#35);
#189=PRESENTATION_STYLE_ASSIGNMENT((#188));
#190=STYLED_ITEM('',(#189),#187);
#191=CARTESIAN_POINT('',(2.299999852E1,0.E0,5.5998649E0));
#192=DIRECTION('',(0.E0,-1.E0,0.E0));
#193=DIRECTION('',(1.E0,0.E0,0.E0));
#194=AXIS2_PLACEMENT_3D('',#191,#192,#193);
#196=CURVE_STYLE('',#63,POSITIVE_LENGTH_MEASURE(2.E-2),#35);
#197=PRESENTATION_STYLE_ASSIGNMENT((#196));
#198=STYLED_ITEM('',(#197),#195);
#199=DIRECTION('',(0.E0,0.E0,-1.E0));
#200=VECTOR('',#199,2.E0);
#201=CARTESIAN_POINT('',(2.499999852E1,0.E0,5.5998649E0));
#202=LINE('',#201,#200);
#203=CURVE_STYLE('',#63,POSITIVE_LENGTH_MEASURE(2.E-2),#35);
#204=PRESENTATION_STYLE_ASSIGNMENT((#203));
#205=STYLED_ITEM('',(#204),#202);
#206=CARTESIAN_POINT('',(2.299999852E1,0.E0,3.5998649E0));
#207=DIRECTION('',(0.E0,-1.E0,0.E0));
#208=DIRECTION('',(0.E0,0.E0,-1.E0));
#209=AXIS2_PLACEMENT_3D('',#206,#207,#208);
#211=CURVE_STYLE('',#63,POSITIVE_LENGTH_MEASURE(2.E-2),#35);
#212=PRESENTATION_STYLE_ASSIGNMENT((#211));
#213=STYLED_ITEM('',(#212),#210);
#214=DIRECTION('',(-1.E0,0.E0,0.E0));
#215=VECTOR('',#214,3.99999926E0);
#216=CARTESIAN_POINT('',(2.299999852E1,0.E0,1.5998649E0));
#217=LINE('',#216,#215);
#218=CURVE_STYLE('',#63,POSITIVE_LENGTH_MEASURE(2.E-2),#35);
#219=PRESENTATION_STYLE_ASSIGNMENT((#218));
#220=STYLED_ITEM('',(#219),#217);
#221=DIRECTION('',(0.E0,0.E0,1.E0));
#222=VECTOR('',#221,6.E0);
#223=CARTESIAN_POINT('',(1.899999926E1,0.E0,1.5998649E0));
#224=LINE('',#223,#222);
#225=CURVE_STYLE('',#63,POSITIVE_LENGTH_MEASURE(2.E-2),#35);
#226=PRESENTATION_STYLE_ASSIGNMENT((#225));
#227=STYLED_ITEM('',(#226),#224);
#228=DIRECTION('',(1.E0,0.E0,0.E0));
#229=VECTOR('',#228,3.99999926E0);
#230=CARTESIAN_POINT('',(1.899999926E1,0.E0,7.5998649E0));
#231=LINE('',#230,#229);
#232=CURVE_STYLE('',#63,POSITIVE_LENGTH_MEASURE(2.E-2),#35);
#233=PRESENTATION_STYLE_ASSIGNMENT((#232));
#234=STYLED_ITEM('',(#233),#231);
#235=CARTESIAN_POINT('',(-2.299999852E1,0.E0,5.5998649E0));
#236=DIRECTION('',(0.E0,-1.E0,0.E0));
#237=DIRECTION('',(0.E0,0.E0,1.E0));
#238=AXIS2_PLACEMENT_3D('',#235,#236,#237);
#240=CURVE_STYLE('',#63,POSITIVE_LENGTH_MEASURE(2.E-2),#35);
#241=PRESENTATION_STYLE_ASSIGNMENT((#240));
#242=STYLED_ITEM('',(#241),#239);
#243=DIRECTION('',(1.E0,0.E0,0.E0));
#244=VECTOR('',#243,3.99999926E0);
#245=CARTESIAN_POINT('',(-2.299999852E1,0.E0,7.5998649E0));
#246=LINE('',#245,#244);
#247=CURVE_STYLE('',#63,POSITIVE_LENGTH_MEASURE(2.E-2),#35);
#248=PRESENTATION_STYLE_ASSIGNMENT((#247));
#249=STYLED_ITEM('',(#248),#246);
#250=DIRECTION('',(0.E0,0.E0,-1.E0));
#251=VECTOR('',#250,6.E0);
#252=CARTESIAN_POINT('',(-1.899999926E1,0.E0,7.5998649E0));
#253=LINE('',#252,#251);
#254=CURVE_STYLE('',#63,POSITIVE_LENGTH_MEASURE(2.E-2),#35);
#255=PRESENTATION_STYLE_ASSIGNMENT((#254));
#256=STYLED_ITEM('',(#255),#253);
#257=DIRECTION('',(-1.E0,0.E0,0.E0));
#258=VECTOR('',#257,3.99999926E0);
#259=CARTESIAN_POINT('',(-1.899999926E1,0.E0,1.5998649E0));
#260=LINE('',#259,#258);
#261=CURVE_STYLE('',#63,POSITIVE_LENGTH_MEASURE(2.E-2),#35);
#262=PRESENTATION_STYLE_ASSIGNMENT((#261));
#263=STYLED_ITEM('',(#262),#260);
#264=CARTESIAN_POINT('',(-2.299999852E1,0.E0,3.5998649E0));
#265=DIRECTION('',(0.E0,-1.E0,0.E0));
#266=DIRECTION('',(-1.E0,0.E0,0.E0));
#267=AXIS2_PLACEMENT_3D('',#264,#265,#266);
#269=CURVE_STYLE('',#63,POSITIVE_LENGTH_MEASURE(2.E-2),#35);
#270=PRESENTATION_STYLE_ASSIGNMENT((#269));
#271=STYLED_ITEM('',(#270),#268);
#272=DIRECTION('',(0.E0,0.E0,1.E0));
#273=VECTOR('',#272,2.E0);
#274=CARTESIAN_POINT('',(-2.499999852E1,0.E0,3.5998649E0));
#275=LINE('',#274,#273);
#276=CURVE_STYLE('',#63,POSITIVE_LENGTH_MEASURE(2.E-2),#35);
#277=PRESENTATION_STYLE_ASSIGNMENT((#276));
#278=STYLED_ITEM('',(#277),#275);
#279=DIRECTION('',(0.E0,1.E0,0.E0));
#280=VECTOR('',#279,7.E0);
#281=CARTESIAN_POINT('',(-2.279999852E1,0.E0,4.5998649E0));
#282=LINE('',#281,#280);
#283=CURVE_STYLE('',#63,POSITIVE_LENGTH_MEASURE(2.E-2),#35);
#284=PRESENTATION_STYLE_ASSIGNMENT((#283));
#285=STYLED_ITEM('',(#284),#282);
#286=DIRECTION('',(0.E0,1.E0,0.E0));
#287=VECTOR('',#286,7.E0);
#288=CARTESIAN_POINT('',(-2.119999852E1,0.E0,4.5998649E0));
#289=LINE('',#288,#287);
#290=CURVE_STYLE('',#63,POSITIVE_LENGTH_MEASURE(2.E-2),#35);
#291=PRESENTATION_STYLE_ASSIGNMENT((#290));
#292=STYLED_ITEM('',(#291),#289);
#293=CARTESIAN_POINT('',(2.200012938E1,7.E0,4.5998649E0));
#294=DIRECTION('',(0.E0,-1.E0,0.E0));
#295=DIRECTION('',(-1.E0,0.E0,0.E0));
#296=AXIS2_PLACEMENT_3D('',#293,#294,#295);
#298=CURVE_STYLE('',#63,POSITIVE_LENGTH_MEASURE(2.E-2),#35);
#299=PRESENTATION_STYLE_ASSIGNMENT((#298));
#300=STYLED_ITEM('',(#299),#297);
#301=CARTESIAN_POINT('',(2.200012938E1,7.E0,4.5998649E0));
#302=DIRECTION('',(0.E0,-1.E0,0.E0));
#303=DIRECTION('',(1.E0,0.E0,0.E0));
#304=AXIS2_PLACEMENT_3D('',#301,#302,#303);
#306=CURVE_STYLE('',#63,POSITIVE_LENGTH_MEASURE(2.E-2),#35);
#307=PRESENTATION_STYLE_ASSIGNMENT((#306));
#308=STYLED_ITEM('',(#307),#305);
#309=CARTESIAN_POINT('',(-2.199999852E1,7.E0,4.5998649E0));
#310=DIRECTION('',(0.E0,-1.E0,0.E0));
#311=DIRECTION('',(-1.E0,0.E0,0.E0));
#312=AXIS2_PLACEMENT_3D('',#309,#310,#311);
#314=CURVE_STYLE('',#63,POSITIVE_LENGTH_MEASURE(2.E-2),#35);
#315=PRESENTATION_STYLE_ASSIGNMENT((#314));
#316=STYLED_ITEM('',(#315),#313);
#317=CARTESIAN_POINT('',(-2.199999852E1,7.E0,4.5998649E0));
#318=DIRECTION('',(0.E0,-1.E0,0.E0));
#319=DIRECTION('',(1.E0,0.E0,0.E0));
#320=AXIS2_PLACEMENT_3D('',#317,#318,#319);
#322=CURVE_STYLE('',#63,POSITIVE_LENGTH_MEASURE(2.E-2),#35);
#323=PRESENTATION_STYLE_ASSIGNMENT((#322));
#324=STYLED_ITEM('',(#323),#321);
#325=DIRECTION('',(-1.E0,0.E0,0.E0));
#326=VECTOR('',#325,9.102885682970E0);
#327=CARTESIAN_POINT('',(-3.897114317030E0,7.E0,1.685E1));
#328=LINE('',#327,#326);
#329=CURVE_STYLE('',#63,POSITIVE_LENGTH_MEASURE(2.E-2),#35);
#330=PRESENTATION_STYLE_ASSIGNMENT((#329));
#331=STYLED_ITEM('',(#330),#328);
#332=DIRECTION('',(0.E0,0.E0,1.E0));
#333=VECTOR('',#332,7.2501351E0);
#334=CARTESIAN_POINT('',(-1.3E1,7.E0,9.5998649E0));
#335=LINE('',#334,#333);
#336=CURVE_STYLE('',#63,POSITIVE_LENGTH_MEASURE(2.E-2),#35);
#337=PRESENTATION_STYLE_ASSIGNMENT((#336));
#338=STYLED_ITEM('',(#337),#335);
#339=DIRECTION('',(1.E0,0.E0,0.E0));
#340=VECTOR('',#339,7.99999852E0);
#341=CARTESIAN_POINT('',(-2.299999852E1,7.E0,7.5998649E0));
#342=LINE('',#341,#340);
#343=CURVE_STYLE('',#63,POSITIVE_LENGTH_MEASURE(2.E-2),#35);
#344=PRESENTATION_STYLE_ASSIGNMENT((#343));
#345=STYLED_ITEM('',(#344),#342);
#346=CARTESIAN_POINT('',(-2.299999852E1,7.E0,5.5998649E0));
#347=DIRECTION('',(0.E0,1.E0,0.E0));
#348=DIRECTION('',(-1.E0,0.E0,0.E0));
#349=AXIS2_PLACEMENT_3D('',#346,#347,#348);
#351=CURVE_STYLE('',#63,POSITIVE_LENGTH_MEASURE(2.E-2),#35);
#352=PRESENTATION_STYLE_ASSIGNMENT((#351));
#353=STYLED_ITEM('',(#352),#350);
#354=DIRECTION('',(0.E0,0.E0,1.E0));
#355=VECTOR('',#354,2.E0);
#356=CARTESIAN_POINT('',(-2.499999852E1,7.E0,3.5998649E0));
#357=LINE('',#356,#355);
#358=CURVE_STYLE('',#63,POSITIVE_LENGTH_MEASURE(2.E-2),#35);
#359=PRESENTATION_STYLE_ASSIGNMENT((#358));
#360=STYLED_ITEM('',(#359),#357);
#361=CARTESIAN_POINT('',(-2.299999852E1,7.E0,3.5998649E0));
#362=DIRECTION('',(0.E0,1.E0,0.E0));
#363=DIRECTION('',(0.E0,0.E0,-1.E0));
#364=AXIS2_PLACEMENT_3D('',#361,#362,#363);
#366=CURVE_STYLE('',#63,POSITIVE_LENGTH_MEASURE(2.E-2),#35);
#367=PRESENTATION_STYLE_ASSIGNMENT((#366));
#368=STYLED_ITEM('',(#367),#365);
#369=DIRECTION('',(-1.E0,0.E0,0.E0));
#370=VECTOR('',#369,7.99999852E0);
#371=CARTESIAN_POINT('',(-1.5E1,7.E0,1.5998649E0));
#372=LINE('',#371,#370);
#373=CURVE_STYLE('',#63,POSITIVE_LENGTH_MEASURE(2.E-2),#35);
#374=PRESENTATION_STYLE_ASSIGNMENT((#373));
#375=STYLED_ITEM('',(#374),#372);
#376=DIRECTION('',(1.E0,0.E0,0.E0));
#377=VECTOR('',#376,2.2E1);
#378=CARTESIAN_POINT('',(-1.1E1,7.E0,1.5998649E0));
#379=LINE('',#378,#377);
#380=CURVE_STYLE('',#63,POSITIVE_LENGTH_MEASURE(2.E-2),#35);
#381=PRESENTATION_STYLE_ASSIGNMENT((#380));
#382=STYLED_ITEM('',(#381),#379);
#383=DIRECTION('',(-1.E0,0.E0,0.E0));
#384=VECTOR('',#383,7.99999852E0);
#385=CARTESIAN_POINT('',(2.299999852E1,7.E0,1.5998649E0));
#386=LINE('',#385,#384);
#387=CURVE_STYLE('',#63,POSITIVE_LENGTH_MEASURE(2.E-2),#35);
#388=PRESENTATION_STYLE_ASSIGNMENT((#387));
#389=STYLED_ITEM('',(#388),#386);
#390=CARTESIAN_POINT('',(2.299999852E1,7.E0,3.5998649E0));
#391=DIRECTION('',(0.E0,1.E0,0.E0));
#392=DIRECTION('',(1.E0,0.E0,0.E0));
#393=AXIS2_PLACEMENT_3D('',#390,#391,#392);
#395=CURVE_STYLE('',#63,POSITIVE_LENGTH_MEASURE(2.E-2),#35);
#396=PRESENTATION_STYLE_ASSIGNMENT((#395));
#397=STYLED_ITEM('',(#396),#394);
#398=DIRECTION('',(0.E0,0.E0,-1.E0));
#399=VECTOR('',#398,2.E0);
#400=CARTESIAN_POINT('',(2.499999852E1,7.E0,5.5998649E0));
#401=LINE('',#400,#399);
#402=CURVE_STYLE('',#63,POSITIVE_LENGTH_MEASURE(2.E-2),#35);
#403=PRESENTATION_STYLE_ASSIGNMENT((#402));
#404=STYLED_ITEM('',(#403),#401);
#405=CARTESIAN_POINT('',(2.299999852E1,7.E0,5.5998649E0));
#406=DIRECTION('',(0.E0,1.E0,0.E0));
#407=DIRECTION('',(0.E0,0.E0,1.E0));
#408=AXIS2_PLACEMENT_3D('',#405,#406,#407);
#410=CURVE_STYLE('',#63,POSITIVE_LENGTH_MEASURE(2.E-2),#35);
#411=PRESENTATION_STYLE_ASSIGNMENT((#410));
#412=STYLED_ITEM('',(#411),#409);
#413=DIRECTION('',(1.E0,0.E0,0.E0));
#414=VECTOR('',#413,7.99999852E0);
#415=CARTESIAN_POINT('',(1.5E1,7.E0,7.5998649E0));
#416=LINE('',#415,#414);
#417=CURVE_STYLE('',#63,POSITIVE_LENGTH_MEASURE(2.E-2),#35);
#418=PRESENTATION_STYLE_ASSIGNMENT((#417));
#419=STYLED_ITEM('',(#418),#416);
#420=DIRECTION('',(0.E0,0.E0,-1.E0));
#421=VECTOR('',#420,9.328338330276E0);
#422=CARTESIAN_POINT('',(1.3E1,7.E0,1.892820323028E1));
#423=LINE('',#422,#421);
#424=CURVE_STYLE('',#63,POSITIVE_LENGTH_MEASURE(2.E-2),#35);
#425=PRESENTATION_STYLE_ASSIGNMENT((#424));
#426=STYLED_ITEM('',(#425),#423);
#427=CARTESIAN_POINT('',(9.E0,7.E0,1.892820323028E1));
#428=DIRECTION('',(0.E0,1.E0,0.E0));
#429=DIRECTION('',(8.660254037844E-1,0.E0,5.E-1));
#430=AXIS2_PLACEMENT_3D('',#427,#428,#429);
#432=CURVE_STYLE('',#63,POSITIVE_LENGTH_MEASURE(2.E-2),#35);
#433=PRESENTATION_STYLE_ASSIGNMENT((#432));
#434=STYLED_ITEM('',(#433),#431);
#435=DIRECTION('',(-5.E-1,0.E0,8.660254037844E-1));
#436=VECTOR('',#435,9.320508075689E0);
#437=CARTESIAN_POINT('',(1.246410161514E1,7.E0,2.092820323028E1));
#438=LINE('',#437,#436);
#439=CURVE_STYLE('',#63,POSITIVE_LENGTH_MEASURE(2.E-2),#35);
#440=PRESENTATION_STYLE_ASSIGNMENT((#439));
#441=STYLED_ITEM('',(#440),#438);
#442=CARTESIAN_POINT('',(4.339745962156E0,7.E0,2.7E1));
#443=DIRECTION('',(0.E0,1.E0,0.E0));
#444=DIRECTION('',(0.E0,0.E0,1.E0));
#445=AXIS2_PLACEMENT_3D('',#442,#443,#444);
#447=CURVE_STYLE('',#63,POSITIVE_LENGTH_MEASURE(2.E-2),#35);
#448=PRESENTATION_STYLE_ASSIGNMENT((#447));
#449=STYLED_ITEM('',(#448),#446);
#450=DIRECTION('',(1.E0,0.E0,0.E0));
#451=VECTOR('',#450,8.679491924311E0);
#452=CARTESIAN_POINT('',(-4.339745962156E0,7.E0,3.1E1));
#453=LINE('',#452,#451);
#454=CURVE_STYLE('',#63,POSITIVE_LENGTH_MEASURE(2.E-2),#35);
#455=PRESENTATION_STYLE_ASSIGNMENT((#454));
#456=STYLED_ITEM('',(#455),#453);
#457=CARTESIAN_POINT('',(-4.339745962156E0,7.E0,2.7E1));
#458=DIRECTION('',(0.E0,1.E0,0.E0));
#459=DIRECTION('',(-8.660254037844E-1,0.E0,5.E-1));
#460=AXIS2_PLACEMENT_3D('',#457,#458,#459);
#462=CURVE_STYLE('',#63,POSITIVE_LENGTH_MEASURE(2.E-2),#35);
#463=PRESENTATION_STYLE_ASSIGNMENT((#462));
#464=STYLED_ITEM('',(#463),#461);
#465=DIRECTION('',(-5.E-1,0.E0,-8.660254037844E-1));
#466=VECTOR('',#465,2.136195996002E0);
#467=CARTESIAN_POINT('',(-7.803847577293E0,7.E0,2.9E1));
#468=LINE('',#467,#466);
#469=CURVE_STYLE('',#63,POSITIVE_LENGTH_MEASURE(2.E-2),#35);
#470=PRESENTATION_STYLE_ASSIGNMENT((#469));
#471=STYLED_ITEM('',(#470),#468);
#472=DIRECTION('',(1.E0,0.E0,0.E0));
#473=VECTOR('',#472,4.974831258264E0);
#474=CARTESIAN_POINT('',(-8.871945575294E0,7.E0,2.715E1));
#475=LINE('',#474,#473);
#476=CURVE_STYLE('',#63,POSITIVE_LENGTH_MEASURE(2.E-2),#35);
#477=PRESENTATION_STYLE_ASSIGNMENT((#476));
#478=STYLED_ITEM('',(#477),#475);
#479=DIRECTION('',(0.E0,1.E0,0.E0));
#480=VECTOR('',#479,7.E0);
#481=CARTESIAN_POINT('',(2.120012938E1,0.E0,4.5998649E0));
#482=LINE('',#481,#480);
#483=CURVE_STYLE('',#63,POSITIVE_LENGTH_MEASURE(2.E-2),#35);
#484=PRESENTATION_STYLE_ASSIGNMENT((#483));
#485=STYLED_ITEM('',(#484),#482);
#486=DIRECTION('',(0.E0,1.E0,0.E0));
#487=VECTOR('',#486,7.E0);
#488=CARTESIAN_POINT('',(2.280012938E1,0.E0,4.5998649E0));
#489=LINE('',#488,#487);
#490=CURVE_STYLE('',#63,POSITIVE_LENGTH_MEASURE(2.E-2),#35);
#491=PRESENTATION_STYLE_ASSIGNMENT((#490));
#492=STYLED_ITEM('',(#491),#489);
#493=DIRECTION('',(0.E0,-1.E0,0.E0));
#494=VECTOR('',#493,4.15E0);
#495=CARTESIAN_POINT('',(-4.071611973016E0,1.115E1,2.769402985075E1));
#496=LINE('',#495,#494);
#497=CURVE_STYLE('',#63,POSITIVE_LENGTH_MEASURE(2.E-2),#35);
#498=PRESENTATION_STYLE_ASSIGNMENT((#497));
#499=STYLED_ITEM('',(#498),#496);
#500=CARTESIAN_POINT('',(0.E0,1.115E1,2.2E1));
#501=DIRECTION('',(0.E0,1.E0,0.E0));
#502=DIRECTION('',(-5.816588532881E-1,0.E0,8.134328358209E-1));
#503=AXIS2_PLACEMENT_3D('',#500,#501,#502);
#505=CURVE_STYLE('',#63,POSITIVE_LENGTH_MEASURE(2.E-2),#35);
#506=PRESENTATION_STYLE_ASSIGNMENT((#505));
#507=STYLED_ITEM('',(#506),#504);
#508=DIRECTION('',(0.E0,-1.E0,0.E0));
#509=VECTOR('',#508,4.15E0);
#510=CARTESIAN_POINT('',(-4.071611973016E0,1.115E1,1.630597014925E1));
#511=LINE('',#510,#509);
#512=CURVE_STYLE('',#63,POSITIVE_LENGTH_MEASURE(2.E-2),#35);
#513=PRESENTATION_STYLE_ASSIGNMENT((#512));
#514=STYLED_ITEM('',(#513),#511);
#515=CARTESIAN_POINT('',(0.E0,7.E0,2.2E1));
#516=DIRECTION('',(0.E0,-1.E0,0.E0));
#517=DIRECTION('',(-5.816588532881E-1,0.E0,-8.134328358209E-1));
#518=AXIS2_PLACEMENT_3D('',#515,#516,#517);
#520=CURVE_STYLE('',#63,POSITIVE_LENGTH_MEASURE(2.E-2),#35);
#521=PRESENTATION_STYLE_ASSIGNMENT((#520));
#522=STYLED_ITEM('',(#521),#519);
#523=DIRECTION('',(3.054236108908E-1,0.E0,-9.522165814091E-1));
#524=VECTOR('',#523,5.713299488455E-1);
#525=CARTESIAN_POINT('',(-4.071611973016E0,7.E0,2.769402985075E1));
#526=LINE('',#525,#524);
#527=CURVE_STYLE('',#63,POSITIVE_LENGTH_MEASURE(2.E-2),#35);
#528=PRESENTATION_STYLE_ASSIGNMENT((#527));
#529=STYLED_ITEM('',(#528),#526);
#530=DIRECTION('',(0.E0,-1.E0,0.E0));
#531=VECTOR('',#530,1.3E0);
#532=CARTESIAN_POINT('',(-7.15E0,3.8E0,2.715E1));
#533=LINE('',#532,#531);
#534=CURVE_STYLE('',#63,POSITIVE_LENGTH_MEASURE(2.E-2),#35);
#535=PRESENTATION_STYLE_ASSIGNMENT((#534));
#536=STYLED_ITEM('',(#535),#533);
#537=DIRECTION('',(0.E0,1.E0,0.E0));
#538=VECTOR('',#537,2.5E0);
#539=CARTESIAN_POINT('',(-7.501628312908E0,0.E0,2.715E1));
#540=LINE('',#539,#538);
#541=CURVE_STYLE('',#63,POSITIVE_LENGTH_MEASURE(2.E-2),#35);
#542=PRESENTATION_STYLE_ASSIGNMENT((#541));
#543=STYLED_ITEM('',(#542),#540);
#544=DIRECTION('',(0.E0,1.E0,0.E0));
#545=VECTOR('',#544,5.2E0);
#546=CARTESIAN_POINT('',(1.15E0,2.5E0,2.715E1));
#547=LINE('',#546,#545);
#548=CURVE_STYLE('',#63,POSITIVE_LENGTH_MEASURE(2.E-2),#35);
#549=PRESENTATION_STYLE_ASSIGNMENT((#548));
#550=STYLED_ITEM('',(#549),#547);
#551=DIRECTION('',(-1.E0,0.E0,0.E0));
#552=VECTOR('',#551,2.774038176891E0);
#553=CARTESIAN_POINT('',(1.15E0,7.7E0,2.715E1));
#554=LINE('',#553,#552);
#555=CURVE_STYLE('',#63,POSITIVE_LENGTH_MEASURE(2.E-2),#35);
#556=PRESENTATION_STYLE_ASSIGNMENT((#555));
#557=STYLED_ITEM('',(#556),#554);
#558=DIRECTION('',(1.267906874499E-14,-1.E0,0.E0));
#559=VECTOR('',#558,3.45E0);
#560=CARTESIAN_POINT('',(-1.624038176891E0,1.115E1,2.715E1));
#561=LINE('',#560,#559);
#562=CURVE_STYLE('',#63,POSITIVE_LENGTH_MEASURE(2.E-2),#35);
#563=PRESENTATION_STYLE_ASSIGNMENT((#562));
#564=STYLED_ITEM('',(#563),#561);
#565=DIRECTION('',(0.E0,-1.E0,0.E0));
#566=VECTOR('',#565,4.15E0);
#567=CARTESIAN_POINT('',(-3.897114317030E0,1.115E1,2.715E1));
#568=LINE('',#567,#566);
#569=CURVE_STYLE('',#63,POSITIVE_LENGTH_MEASURE(2.E-2),#35);
#570=PRESENTATION_STYLE_ASSIGNMENT((#569));
#571=STYLED_ITEM('',(#570),#568);
#572=DIRECTION('',(0.E0,0.E0,1.E0));
#573=VECTOR('',#572,1.03E1);
#574=CARTESIAN_POINT('',(-7.15E0,3.8E0,1.685E1));
#575=LINE('',#574,#573);
#576=CURVE_STYLE('',#63,POSITIVE_LENGTH_MEASURE(2.E-2),#35);
#577=PRESENTATION_STYLE_ASSIGNMENT((#576));
#578=STYLED_ITEM('',(#577),#575);
#579=DIRECTION('',(0.E0,-1.E0,0.E0));
#580=VECTOR('',#579,1.3E0);
#581=CARTESIAN_POINT('',(-7.15E0,3.8E0,1.685E1));
#582=LINE('',#581,#580);
#583=CURVE_STYLE('',#63,POSITIVE_LENGTH_MEASURE(2.E-2),#35);
#584=PRESENTATION_STYLE_ASSIGNMENT((#583));
#585=STYLED_ITEM('',(#584),#582);
#586=DIRECTION('',(1.E0,0.E0,0.E0));
#587=VECTOR('',#586,1.721945575294E0);
#588=CARTESIAN_POINT('',(-8.871945575294E0,3.8E0,2.715E1));
#589=LINE('',#588,#587);
#590=CURVE_STYLE('',#63,POSITIVE_LENGTH_MEASURE(2.E-2),#35);
#591=PRESENTATION_STYLE_ASSIGNMENT((#590));
#592=STYLED_ITEM('',(#591),#589);
#593=DIRECTION('',(-1.E0,0.E0,0.E0));
#594=VECTOR('',#593,5.85E0);
#595=CARTESIAN_POINT('',(-7.15E0,3.8E0,1.685E1));
#596=LINE('',#595,#594);
#597=CURVE_STYLE('',#63,POSITIVE_LENGTH_MEASURE(2.E-2),#35);
#598=PRESENTATION_STYLE_ASSIGNMENT((#597));
#599=STYLED_ITEM('',(#598),#596);
#600=DIRECTION('',(5.E-1,0.E0,8.660254037844E-1));
#601=VECTOR('',#600,7.184312079687E0);
#602=CARTESIAN_POINT('',(-1.246410161514E1,3.8E0,2.092820323028E1));
#603=LINE('',#602,#601);
#604=CURVE_STYLE('',#63,POSITIVE_LENGTH_MEASURE(2.E-2),#35);
#605=PRESENTATION_STYLE_ASSIGNMENT((#604));
#606=STYLED_ITEM('',(#605),#603);
#607=DIRECTION('',(0.E0,-1.E0,0.E0));
#608=VECTOR('',#607,3.2E0);
#609=CARTESIAN_POINT('',(-8.871945575294E0,7.E0,2.715E1));
#610=LINE('',#609,#608);
#611=CURVE_STYLE('',#63,POSITIVE_LENGTH_MEASURE(2.E-2),#35);
#612=PRESENTATION_STYLE_ASSIGNMENT((#611));
#613=STYLED_ITEM('',(#612),#610);
#614=DIRECTION('',(0.E0,-1.E0,0.E0));
#615=VECTOR('',#614,4.5E0);
#616=CARTESIAN_POINT('',(-7.803847577293E0,7.E0,2.9E1));
#617=LINE('',#616,#615);
#618=CURVE_STYLE('',#63,POSITIVE_LENGTH_MEASURE(2.E-2),#35);
#619=PRESENTATION_STYLE_ASSIGNMENT((#618));
#620=STYLED_ITEM('',(#619),#617);
#621=DIRECTION('',(0.E0,1.E0,0.E0));
#622=VECTOR('',#621,1.3E0);
#623=CARTESIAN_POINT('',(-1.246410161514E1,2.5E0,2.092820323028E1));
#624=LINE('',#623,#622);
#625=CURVE_STYLE('',#63,POSITIVE_LENGTH_MEASURE(2.E-2),#35);
#626=PRESENTATION_STYLE_ASSIGNMENT((#625));
#627=STYLED_ITEM('',(#626),#624);
#628=DIRECTION('',(-1.E0,0.E0,0.E0));
#629=VECTOR('',#628,5.341374275064E0);
#630=CARTESIAN_POINT('',(4.339745962156E0,2.5E0,3.1E1));
#631=LINE('',#630,#629);
#632=CURVE_STYLE('',#63,POSITIVE_LENGTH_MEASURE(2.E-2),#35);
#633=PRESENTATION_STYLE_ASSIGNMENT((#632));
#634=STYLED_ITEM('',(#633),#631);
#635=DIRECTION('',(0.E0,1.E0,0.E0));
#636=VECTOR('',#635,2.5E0);
#637=CARTESIAN_POINT('',(-1.001628312908E0,0.E0,3.1E1));
#638=LINE('',#637,#636);
#639=CURVE_STYLE('',#63,POSITIVE_LENGTH_MEASURE(2.E-2),#35);
#640=PRESENTATION_STYLE_ASSIGNMENT((#639));
#641=STYLED_ITEM('',(#640),#638);
#642=DIRECTION('',(0.E0,1.E0,0.E0));
#643=VECTOR('',#642,7.E0);
#644=CARTESIAN_POINT('',(-4.339745962156E0,0.E0,3.1E1));
#645=LINE('',#644,#643);
#646=CURVE_STYLE('',#63,POSITIVE_LENGTH_MEASURE(2.E-2),#35);
#647=PRESENTATION_STYLE_ASSIGNMENT((#646));
#648=STYLED_ITEM('',(#647),#645);
#649=DIRECTION('',(0.E0,1.E0,0.E0));
#650=VECTOR('',#649,4.5E0);
#651=CARTESIAN_POINT('',(4.339745962156E0,2.5E0,3.1E1));
#652=LINE('',#651,#650);
#653=CURVE_STYLE('',#63,POSITIVE_LENGTH_MEASURE(2.E-2),#35);
#654=PRESENTATION_STYLE_ASSIGNMENT((#653));
#655=STYLED_ITEM('',(#654),#652);
#656=DIRECTION('',(0.E0,0.E0,-1.E0));
#657=VECTOR('',#656,4.5E0);
#658=CARTESIAN_POINT('',(8.E0,2.5E0,9.5998649E0));
#659=LINE('',#658,#657);
#660=CURVE_STYLE('',#63,POSITIVE_LENGTH_MEASURE(2.E-2),#35);
#661=PRESENTATION_STYLE_ASSIGNMENT((#660));
#662=STYLED_ITEM('',(#661),#659);
#663=DIRECTION('',(1.E0,0.E0,0.E0));
#664=VECTOR('',#663,1.E1);
#665=CARTESIAN_POINT('',(-2.E0,2.5E0,9.5998649E0));
#666=LINE('',#665,#664);
#667=CURVE_STYLE('',#63,POSITIVE_LENGTH_MEASURE(2.E-2),#35);
#668=PRESENTATION_STYLE_ASSIGNMENT((#667));
#669=STYLED_ITEM('',(#668),#666);
#670=DIRECTION('',(0.E0,0.E0,1.E0));
#671=VECTOR('',#670,4.5E0);
#672=CARTESIAN_POINT('',(-2.E0,2.5E0,5.0998649E0));
#673=LINE('',#672,#671);
#674=CURVE_STYLE('',#63,POSITIVE_LENGTH_MEASURE(2.E-2),#35);
#675=PRESENTATION_STYLE_ASSIGNMENT((#674));
#676=STYLED_ITEM('',(#675),#673);
#677=DIRECTION('',(-1.E0,0.E0,0.E0));
#678=VECTOR('',#677,1.E1);
#679=CARTESIAN_POINT('',(8.E0,2.5E0,5.0998649E0));
#680=LINE('',#679,#678);
#681=CURVE_STYLE('',#63,POSITIVE_LENGTH_MEASURE(2.E-2),#35);
#682=PRESENTATION_STYLE_ASSIGNMENT((#681));
#683=STYLED_ITEM('',(#682),#680);
#684=DIRECTION('',(0.E0,0.E0,-1.E0));
#685=VECTOR('',#684,2.3E0);
#686=CARTESIAN_POINT('',(-7.501628312908E0,2.5E0,2.945E1));
#687=LINE('',#686,#685);
#688=CURVE_STYLE('',#63,POSITIVE_LENGTH_MEASURE(2.E-2),#35);
#689=PRESENTATION_STYLE_ASSIGNMENT((#688));
#690=STYLED_ITEM('',(#689),#687);
#691=DIRECTION('',(1.E0,0.E0,0.E0));
#692=VECTOR('',#691,3.516283129081E-1);
#693=CARTESIAN_POINT('',(-7.501628312908E0,2.5E0,2.715E1));
#694=LINE('',#693,#692);
#695=CURVE_STYLE('',#63,POSITIVE_LENGTH_MEASURE(2.E-2),#35);
#696=PRESENTATION_STYLE_ASSIGNMENT((#695));
#697=STYLED_ITEM('',(#696),#694);
#698=DIRECTION('',(0.E0,0.E0,1.E0));
#699=VECTOR('',#698,1.03E1);
#700=CARTESIAN_POINT('',(-7.15E0,2.5E0,1.685E1));
#701=LINE('',#700,#699);
#702=CURVE_STYLE('',#63,POSITIVE_LENGTH_MEASURE(2.E-2),#35);
#703=PRESENTATION_STYLE_ASSIGNMENT((#702));
#704=STYLED_ITEM('',(#703),#701);
#705=DIRECTION('',(-1.E0,0.E0,0.E0));
#706=VECTOR('',#705,8.3E0);
#707=CARTESIAN_POINT('',(1.15E0,2.5E0,1.685E1));
#708=LINE('',#707,#706);
#709=CURVE_STYLE('',#63,POSITIVE_LENGTH_MEASURE(2.E-2),#35);
#710=PRESENTATION_STYLE_ASSIGNMENT((#709));
#711=STYLED_ITEM('',(#710),#708);
#712=DIRECTION('',(0.E0,0.E0,-1.E0));
#713=VECTOR('',#712,1.03E1);
#714=CARTESIAN_POINT('',(1.15E0,2.5E0,2.715E1));
#715=LINE('',#714,#713);
#716=CURVE_STYLE('',#63,POSITIVE_LENGTH_MEASURE(2.E-2),#35);
#717=PRESENTATION_STYLE_ASSIGNMENT((#716));
#718=STYLED_ITEM('',(#717),#715);
#719=DIRECTION('',(1.E0,0.E0,0.E0));
#720=VECTOR('',#719,2.151628312908E0);
#721=CARTESIAN_POINT('',(-1.001628312908E0,2.5E0,2.715E1));
#722=LINE('',#721,#720);
#723=CURVE_STYLE('',#63,POSITIVE_LENGTH_MEASURE(2.E-2),#35);
#724=PRESENTATION_STYLE_ASSIGNMENT((#723));
#725=STYLED_ITEM('',(#724),#722);
#726=DIRECTION('',(0.E0,0.E0,-1.E0));
#727=VECTOR('',#726,3.85E0);
#728=CARTESIAN_POINT('',(-1.001628312908E0,2.5E0,3.1E1));
#729=LINE('',#728,#727);
#730=CURVE_STYLE('',#63,POSITIVE_LENGTH_MEASURE(2.E-2),#35);
#731=PRESENTATION_STYLE_ASSIGNMENT((#730));
#732=STYLED_ITEM('',(#731),#729);
#733=CARTESIAN_POINT('',(4.339745962156E0,2.5E0,2.7E1));
#734=DIRECTION('',(0.E0,-1.E0,0.E0));
#735=DIRECTION('',(4.176236337196E-1,0.E0,9.086201079433E-1));
#736=AXIS2_PLACEMENT_3D('',#733,#734,#735);
#738=CURVE_STYLE('',#63,POSITIVE_LENGTH_MEASURE(2.E-2),#35);
#739=PRESENTATION_STYLE_ASSIGNMENT((#738));
#740=STYLED_ITEM('',(#739),#737);
#741=DIRECTION('',(0.E0,0.E0,-1.E0));
#742=VECTOR('',#741,3.098239683853E0);
#743=CARTESIAN_POINT('',(6.010240497034E0,2.5E0,3.063448043177E1));
#744=LINE('',#743,#742);
#745=CURVE_STYLE('',#63,POSITIVE_LENGTH_MEASURE(2.E-2),#35);
#746=PRESENTATION_STYLE_ASSIGNMENT((#745));
#747=STYLED_ITEM('',(#746),#744);
#748=DIRECTION('',(1.E0,0.E0,0.E0));
#749=VECTOR('',#748,2.638708878477E0);
#750=CARTESIAN_POINT('',(6.010240497034E0,2.5E0,2.753624074792E1));
#751=LINE('',#750,#749);
#752=CURVE_STYLE('',#63,POSITIVE_LENGTH_MEASURE(2.E-2),#35);
#753=PRESENTATION_STYLE_ASSIGNMENT((#752));
#754=STYLED_ITEM('',(#753),#751);
#755=DIRECTION('',(-5.E-1,0.E0,8.660254037844E-1));
#756=VECTOR('',#755,6.115397267401E0);
#757=CARTESIAN_POINT('',(1.170664800921E1,2.5E0,2.224015136012E1));
#758=LINE('',#757,#756);
#759=CURVE_STYLE('',#63,POSITIVE_LENGTH_MEASURE(2.E-2),#35);
#760=PRESENTATION_STYLE_ASSIGNMENT((#759));
#761=STYLED_ITEM('',(#760),#758);
#762=DIRECTION('',(-1.E0,0.E0,0.E0));
#763=VECTOR('',#762,3.338117649248E0);
#764=CARTESIAN_POINT('',(1.170664800921E1,2.5E0,2.224015136012E1));
#765=LINE('',#764,#763);
#766=CURVE_STYLE('',#63,POSITIVE_LENGTH_MEASURE(2.E-2),#35);
#767=PRESENTATION_STYLE_ASSIGNMENT((#766));
#768=STYLED_ITEM('',(#767),#765);
#769=DIRECTION('',(0.E0,0.E0,-1.E0));
#770=VECTOR('',#769,2.3E0);
#771=CARTESIAN_POINT('',(8.368530359964E0,2.5E0,2.224015136012E1));
#772=LINE('',#771,#770);
#773=CURVE_STYLE('',#63,POSITIVE_LENGTH_MEASURE(2.E-2),#35);
#774=PRESENTATION_STYLE_ASSIGNMENT((#773));
#775=STYLED_ITEM('',(#774),#772);
#776=DIRECTION('',(1.E0,0.E0,0.E0));
#777=VECTOR('',#776,4.501348318046E0);
#778=CARTESIAN_POINT('',(8.368530359964E0,2.5E0,1.994015136012E1));
#779=LINE('',#778,#777);
#780=CURVE_STYLE('',#63,POSITIVE_LENGTH_MEASURE(2.E-2),#35);
#781=PRESENTATION_STYLE_ASSIGNMENT((#780));
#782=STYLED_ITEM('',(#781),#779);
#783=CARTESIAN_POINT('',(9.E0,2.5E0,1.892820323028E1));
#784=DIRECTION('',(0.E0,-1.E0,0.E0));
#785=DIRECTION('',(1.E0,0.E0,0.E0));
#786=AXIS2_PLACEMENT_3D('',#783,#784,#785);
#788=CURVE_STYLE('',#63,POSITIVE_LENGTH_MEASURE(2.E-2),#35);
#789=PRESENTATION_STYLE_ASSIGNMENT((#788));
#790=STYLED_ITEM('',(#789),#787);
#791=DIRECTION('',(0.E0,0.E0,1.E0));
#792=VECTOR('',#791,6.E0);
#793=CARTESIAN_POINT('',(1.899999926E1,2.5E0,1.5998649E0));
#794=LINE('',#793,#792);
#795=CURVE_STYLE('',#63,POSITIVE_LENGTH_MEASURE(2.E-2),#35);
#796=PRESENTATION_STYLE_ASSIGNMENT((#795));
#797=STYLED_ITEM('',(#796),#794);
#798=DIRECTION('',(1.E0,0.E0,0.E0));
#799=VECTOR('',#798,4.5E0);
#800=CARTESIAN_POINT('',(8.5E0,2.5E0,-4.5E0));
#801=LINE('',#800,#799);
#802=CURVE_STYLE('',#63,POSITIVE_LENGTH_MEASURE(2.E-2),#35);
#803=PRESENTATION_STYLE_ASSIGNMENT((#802));
#804=STYLED_ITEM('',(#803),#801);
#805=DIRECTION('',(0.E0,0.E0,1.E0));
#806=VECTOR('',#805,3.E0);
#807=CARTESIAN_POINT('',(8.5E0,2.5E0,-7.5E0));
#808=LINE('',#807,#806);
#809=CURVE_STYLE('',#63,POSITIVE_LENGTH_MEASURE(2.E-2),#35);
#810=PRESENTATION_STYLE_ASSIGNMENT((#809));
#811=STYLED_ITEM('',(#810),#808);
#812=DIRECTION('',(5.734623443633E-1,0.E0,8.192319205190E-1));
#813=VECTOR('',#812,4.020655561573E0);
#814=CARTESIAN_POINT('',(5.597152717891E0,2.5E0,-1.164692468873E1));
#815=LINE('',#814,#813);
#816=CURVE_STYLE('',#63,POSITIVE_LENGTH_MEASURE(2.E-2),#35);
#817=PRESENTATION_STYLE_ASSIGNMENT((#816));
#818=STYLED_ITEM('',(#817),#815);
#819=CARTESIAN_POINT('',(3.958688876853E0,2.5E0,-1.05E1));
#820=DIRECTION('',(0.E0,-1.E0,0.E0));
#821=DIRECTION('',(0.E0,0.E0,-1.E0));
#822=AXIS2_PLACEMENT_3D('',#819,#820,#821);
#824=CURVE_STYLE('',#63,POSITIVE_LENGTH_MEASURE(2.E-2),#35);
#825=PRESENTATION_STYLE_ASSIGNMENT((#824));
#826=STYLED_ITEM('',(#825),#823);
#827=CARTESIAN_POINT('',(-3.958688876853E0,2.5E0,-1.05E1));
#828=DIRECTION('',(0.E0,-1.E0,0.E0));
#829=DIRECTION('',(-8.192319205190E-1,0.E0,-5.734623443633E-1));
#830=AXIS2_PLACEMENT_3D('',#827,#828,#829);
#832=CURVE_STYLE('',#63,POSITIVE_LENGTH_MEASURE(2.E-2),#35);
#833=PRESENTATION_STYLE_ASSIGNMENT((#832));
#834=STYLED_ITEM('',(#833),#831);
#835=DIRECTION('',(5.734623443633E-1,0.E0,-8.192319205190E-1));
#836=VECTOR('',#835,4.020655561573E0);
#837=CARTESIAN_POINT('',(-7.902847282109E0,2.5E0,-8.353075311273E0));
#838=LINE('',#837,#836);
#839=CURVE_STYLE('',#63,POSITIVE_LENGTH_MEASURE(2.E-2),#35);
#840=PRESENTATION_STYLE_ASSIGNMENT((#839));
#841=STYLED_ITEM('',(#840),#838);
#842=DIRECTION('',(0.E0,0.E0,-1.E0));
#843=VECTOR('',#842,3.E0);
#844=CARTESIAN_POINT('',(-8.5E0,2.5E0,-4.5E0));
#845=LINE('',#844,#843);
#846=CURVE_STYLE('',#63,POSITIVE_LENGTH_MEASURE(2.E-2),#35);
#847=PRESENTATION_STYLE_ASSIGNMENT((#846));
#848=STYLED_ITEM('',(#847),#845);
#849=DIRECTION('',(1.E0,0.E0,0.E0));
#850=VECTOR('',#849,4.5E0);
#851=CARTESIAN_POINT('',(-1.3E1,2.5E0,-4.5E0));
#852=LINE('',#851,#850);
#853=CURVE_STYLE('',#63,POSITIVE_LENGTH_MEASURE(2.E-2),#35);
#854=PRESENTATION_STYLE_ASSIGNMENT((#853));
#855=STYLED_ITEM('',(#854),#852);
#856=DIRECTION('',(0.E0,0.E0,-1.E0));
#857=VECTOR('',#856,6.E0);
#858=CARTESIAN_POINT('',(-1.899999926E1,2.5E0,7.5998649E0));
#859=LINE('',#858,#857);
#860=CURVE_STYLE('',#63,POSITIVE_LENGTH_MEASURE(2.E-2),#35);
#861=PRESENTATION_STYLE_ASSIGNMENT((#860));
#862=STYLED_ITEM('',(#861),#859);
#863=DIRECTION('',(-1.448919155978E-14,0.E0,-1.E0));
#864=VECTOR('',#863,3.677962635951E-1);
#865=CARTESIAN_POINT('',(-1.3E1,2.5E0,9.5998649E0));
#866=LINE('',#865,#864);
#867=CURVE_STYLE('',#63,POSITIVE_LENGTH_MEASURE(2.E-2),#35);
#868=PRESENTATION_STYLE_ASSIGNMENT((#867));
#869=STYLED_ITEM('',(#868),#866);
#870=DIRECTION('',(1.E0,0.E0,0.E0));
#871=VECTOR('',#870,5.E0);
#872=CARTESIAN_POINT('',(-1.3E1,2.5E0,9.232068636405E0));
#873=LINE('',#872,#871);
#874=CURVE_STYLE('',#63,POSITIVE_LENGTH_MEASURE(2.E-2),#35);
#875=PRESENTATION_STYLE_ASSIGNMENT((#874));
#876=STYLED_ITEM('',(#875),#873);
#877=DIRECTION('',(0.E0,0.E0,1.E0));
#878=VECTOR('',#877,2.3E0);
#879=CARTESIAN_POINT('',(-8.E0,2.5E0,9.232068636405E0));
#880=LINE('',#879,#878);
#881=CURVE_STYLE('',#63,POSITIVE_LENGTH_MEASURE(2.E-2),#35);
#882=PRESENTATION_STYLE_ASSIGNMENT((#881));
#883=STYLED_ITEM('',(#882),#880);
#884=DIRECTION('',(-1.E0,0.E0,0.E0));
#885=VECTOR('',#884,5.E0);
#886=CARTESIAN_POINT('',(-8.E0,2.5E0,1.153206863640E1));
#887=LINE('',#886,#885);
#888=CURVE_STYLE('',#63,POSITIVE_LENGTH_MEASURE(2.E-2),#35);
#889=PRESENTATION_STYLE_ASSIGNMENT((#888));
#890=STYLED_ITEM('',(#889),#887);
#891=CARTESIAN_POINT('',(-9.E0,2.5E0,1.892820323028E1));
#892=DIRECTION('',(0.E0,-1.E0,0.E0));
#893=DIRECTION('',(-8.660254037844E-1,0.E0,5.E-1));
#894=AXIS2_PLACEMENT_3D('',#891,#892,#893);
#896=CURVE_STYLE('',#63,POSITIVE_LENGTH_MEASURE(2.E-2),#35);
#897=PRESENTATION_STYLE_ASSIGNMENT((#896));
#898=STYLED_ITEM('',(#897),#895);
#899=DIRECTION('',(-5.E-1,0.E0,-8.660254037844E-1));
#900=VECTOR('',#899,9.320508075689E0);
#901=CARTESIAN_POINT('',(-7.803847577293E0,2.5E0,2.9E1));
#902=LINE('',#901,#900);
#903=CURVE_STYLE('',#63,POSITIVE_LENGTH_MEASURE(2.E-2),#35);
#904=PRESENTATION_STYLE_ASSIGNMENT((#903));
#905=STYLED_ITEM('',(#904),#902);
#906=CARTESIAN_POINT('',(-4.339745962156E0,2.5E0,2.7E1));
#907=DIRECTION('',(0.E0,-1.E0,0.E0));
#908=DIRECTION('',(-7.904705876881E-1,0.E0,6.125E-1));
#909=AXIS2_PLACEMENT_3D('',#906,#907,#908);
#911=CURVE_STYLE('',#63,POSITIVE_LENGTH_MEASURE(2.E-2),#35);
#912=PRESENTATION_STYLE_ASSIGNMENT((#911));
#913=STYLED_ITEM('',(#912),#910);
#914=DIRECTION('',(0.E0,1.E0,0.E0));
#915=VECTOR('',#914,2.5E0);
#916=CARTESIAN_POINT('',(8.E0,0.E0,9.5998649E0));
#917=LINE('',#916,#915);
#918=CURVE_STYLE('',#63,POSITIVE_LENGTH_MEASURE(2.E-2),#35);
#919=PRESENTATION_STYLE_ASSIGNMENT((#918));
#920=STYLED_ITEM('',(#919),#917);
#921=DIRECTION('',(0.E0,1.E0,0.E0));
#922=VECTOR('',#921,2.5E0);
#923=CARTESIAN_POINT('',(-2.E0,0.E0,9.5998649E0));
#924=LINE('',#923,#922);
#925=CURVE_STYLE('',#63,POSITIVE_LENGTH_MEASURE(2.E-2),#35);
#926=PRESENTATION_STYLE_ASSIGNMENT((#925));
#927=STYLED_ITEM('',(#926),#924);
#928=DIRECTION('',(0.E0,1.E0,0.E0));
#929=VECTOR('',#928,2.5E0);
#930=CARTESIAN_POINT('',(-2.E0,0.E0,5.0998649E0));
#931=LINE('',#930,#929);
#932=CURVE_STYLE('',#63,POSITIVE_LENGTH_MEASURE(2.E-2),#35);
#933=PRESENTATION_STYLE_ASSIGNMENT((#932));
#934=STYLED_ITEM('',(#933),#931);
#935=DIRECTION('',(0.E0,1.E0,0.E0));
#936=VECTOR('',#935,2.5E0);
#937=CARTESIAN_POINT('',(8.E0,0.E0,5.0998649E0));
#938=LINE('',#937,#936);
#939=CURVE_STYLE('',#63,POSITIVE_LENGTH_MEASURE(2.E-2),#35);
#940=PRESENTATION_STYLE_ASSIGNMENT((#939));
#941=STYLED_ITEM('',(#940),#938);
#942=DIRECTION('',(0.E0,1.E0,0.E0));
#943=VECTOR('',#942,2.5E0);
#944=CARTESIAN_POINT('',(-7.501628312908E0,0.E0,2.945E1));
#945=LINE('',#944,#943);
#946=CURVE_STYLE('',#63,POSITIVE_LENGTH_MEASURE(2.E-2),#35);
#947=PRESENTATION_STYLE_ASSIGNMENT((#946));
#948=STYLED_ITEM('',(#947),#945);
#949=CARTESIAN_POINT('',(-4.339745962156E0,0.E0,2.7E1));
#950=DIRECTION('',(0.E0,-1.E0,0.E0));
#951=DIRECTION('',(0.E0,0.E0,1.E0));
#952=AXIS2_PLACEMENT_3D('',#949,#950,#951);
#954=CURVE_STYLE('',#63,POSITIVE_LENGTH_MEASURE(2.E-2),#35);
#955=PRESENTATION_STYLE_ASSIGNMENT((#954));
#956=STYLED_ITEM('',(#955),#953);
#957=DIRECTION('',(-1.E0,0.E0,0.E0));
#958=VECTOR('',#957,3.338117649248E0);
#959=CARTESIAN_POINT('',(-1.001628312908E0,0.E0,3.1E1));
#960=LINE('',#959,#958);
#961=CURVE_STYLE('',#63,POSITIVE_LENGTH_MEASURE(2.E-2),#35);
#962=PRESENTATION_STYLE_ASSIGNMENT((#961));
#963=STYLED_ITEM('',(#962),#960);
#964=DIRECTION('',(0.E0,0.E0,1.E0));
#965=VECTOR('',#964,3.85E0);
#966=CARTESIAN_POINT('',(-1.001628312908E0,0.E0,2.715E1));
#967=LINE('',#966,#965);
#968=CURVE_STYLE('',#63,POSITIVE_LENGTH_MEASURE(2.E-2),#35);
#969=PRESENTATION_STYLE_ASSIGNMENT((#968));
#970=STYLED_ITEM('',(#969),#967);
#971=DIRECTION('',(1.E0,0.E0,0.E0));
#972=VECTOR('',#971,6.5E0);
#973=CARTESIAN_POINT('',(-7.501628312908E0,0.E0,2.715E1));
#974=LINE('',#973,#972);
#975=CURVE_STYLE('',#63,POSITIVE_LENGTH_MEASURE(2.E-2),#35);
#976=PRESENTATION_STYLE_ASSIGNMENT((#975));
#977=STYLED_ITEM('',(#976),#974);
#978=DIRECTION('',(0.E0,0.E0,-1.E0));
#979=VECTOR('',#978,2.3E0);
#980=CARTESIAN_POINT('',(-7.501628312908E0,0.E0,2.945E1));
#981=LINE('',#980,#979);
#982=CURVE_STYLE('',#63,POSITIVE_LENGTH_MEASURE(2.E-2),#35);
#983=PRESENTATION_STYLE_ASSIGNMENT((#982));
#984=STYLED_ITEM('',(#983),#981);
#985=DIRECTION('',(0.E0,0.E0,-1.E0));
#986=VECTOR('',#985,3.098239683853E0);
#987=CARTESIAN_POINT('',(6.010240497034E0,0.E0,3.063448043177E1));
#988=LINE('',#987,#986);
#989=CURVE_STYLE('',#63,POSITIVE_LENGTH_MEASURE(2.E-2),#35);
#990=PRESENTATION_STYLE_ASSIGNMENT((#989));
#991=STYLED_ITEM('',(#990),#988);
#992=CARTESIAN_POINT('',(4.339745962156E0,0.E0,2.7E1));
#993=DIRECTION('',(0.E0,-1.E0,0.E0));
#994=DIRECTION('',(8.660254037844E-1,0.E0,5.E-1));
#995=AXIS2_PLACEMENT_3D('',#992,#993,#994);
#997=CURVE_STYLE('',#63,POSITIVE_LENGTH_MEASURE(2.E-2),#35);
#998=PRESENTATION_STYLE_ASSIGNMENT((#997));
#999=STYLED_ITEM('',(#998),#996);
#1000=DIRECTION('',(-5.E-1,0.E0,8.660254037844E-1));
#1001=VECTOR('',#1000,1.690203596435E0);
#1002=CARTESIAN_POINT('',(8.648949375511E0,0.E0,2.753624074792E1));
#1003=LINE('',#1002,#1001);
#1004=CURVE_STYLE('',#63,POSITIVE_LENGTH_MEASURE(2.E-2),#35);
#1005=PRESENTATION_STYLE_ASSIGNMENT((#1004));
#1006=STYLED_ITEM('',(#1005),#1003);
#1007=DIRECTION('',(1.E0,0.E0,0.E0));
#1008=VECTOR('',#1007,2.638708878477E0);
#1009=CARTESIAN_POINT('',(6.010240497034E0,0.E0,2.753624074792E1));
#1010=LINE('',#1009,#1008);
#1011=CURVE_STYLE('',#63,POSITIVE_LENGTH_MEASURE(2.E-2),#35);
#1012=PRESENTATION_STYLE_ASSIGNMENT((#1011));
#1013=STYLED_ITEM('',(#1012),#1010);
#1014=DIRECTION('',(-1.E0,0.E0,0.E0));
#1015=VECTOR('',#1014,3.338117649248E0);
#1016=CARTESIAN_POINT('',(1.170664800921E1,0.E0,2.224015136012E1));
#1017=LINE('',#1016,#1015);
#1018=CURVE_STYLE('',#63,POSITIVE_LENGTH_MEASURE(2.E-2),#35);
#1019=PRESENTATION_STYLE_ASSIGNMENT((#1018));
#1020=STYLED_ITEM('',(#1019),#1017);
#1021=DIRECTION('',(-5.E-1,0.E0,8.660254037844E-1));
#1022=VECTOR('',#1021,1.514907211853E0);
#1023=CARTESIAN_POINT('',(1.246410161514E1,0.E0,2.092820323028E1));
#1024=LINE('',#1023,#1022);
#1025=CURVE_STYLE('',#63,POSITIVE_LENGTH_MEASURE(2.E-2),#35);
#1026=PRESENTATION_STYLE_ASSIGNMENT((#1025));
#1027=STYLED_ITEM('',(#1026),#1024);
#1028=CARTESIAN_POINT('',(9.E0,0.E0,1.892820323028E1));
#1029=DIRECTION('',(0.E0,-1.E0,0.E0));
#1030=DIRECTION('',(9.674696695023E-1,0.E0,2.529870324602E-1));
#1031=AXIS2_PLACEMENT_3D('',#1028,#1029,#1030);
#1033=CURVE_STYLE('',#63,POSITIVE_LENGTH_MEASURE(2.E-2),#35);
#1034=PRESENTATION_STYLE_ASSIGNMENT((#1033));
#1035=STYLED_ITEM('',(#1034),#1032);
#1036=DIRECTION('',(1.E0,0.E0,0.E0));
#1037=VECTOR('',#1036,4.501348318046E0);
#1038=CARTESIAN_POINT('',(8.368530359964E0,0.E0,1.994015136012E1));
#1039=LINE('',#1038,#1037);
#1040=CURVE_STYLE('',#63,POSITIVE_LENGTH_MEASURE(2.E-2),#35);
#1041=PRESENTATION_STYLE_ASSIGNMENT((#1040));
#1042=STYLED_ITEM('',(#1041),#1039);
#1043=DIRECTION('',(0.E0,0.E0,-1.E0));
#1044=VECTOR('',#1043,2.3E0);
#1045=CARTESIAN_POINT('',(8.368530359964E0,0.E0,2.224015136012E1));
#1046=LINE('',#1045,#1044);
#1047=CURVE_STYLE('',#63,POSITIVE_LENGTH_MEASURE(2.E-2),#35);
#1048=PRESENTATION_STYLE_ASSIGNMENT((#1047));
#1049=STYLED_ITEM('',(#1048),#1046);
#1050=DIRECTION('',(0.E0,0.E0,-1.E0));
#1051=VECTOR('',#1050,2.3E0);
#1052=CARTESIAN_POINT('',(-1.3E1,0.E0,1.153206863640E1));
#1053=LINE('',#1052,#1051);
#1054=CURVE_STYLE('',#63,POSITIVE_LENGTH_MEASURE(2.E-2),#35);
#1055=PRESENTATION_STYLE_ASSIGNMENT((#1054));
#1056=STYLED_ITEM('',(#1055),#1053);
#1057=DIRECTION('',(-1.E0,0.E0,0.E0));
#1058=VECTOR('',#1057,5.E0);
#1059=CARTESIAN_POINT('',(-8.E0,0.E0,1.153206863640E1));
#1060=LINE('',#1059,#1058);
#1061=CURVE_STYLE('',#63,POSITIVE_LENGTH_MEASURE(2.E-2),#35);
#1062=PRESENTATION_STYLE_ASSIGNMENT((#1061));
#1063=STYLED_ITEM('',(#1062),#1060);
#1064=DIRECTION('',(0.E0,0.E0,1.E0));
#1065=VECTOR('',#1064,2.3E0);
#1066=CARTESIAN_POINT('',(-8.E0,0.E0,9.232068636405E0));
#1067=LINE('',#1066,#1065);
#1068=CURVE_STYLE('',#63,POSITIVE_LENGTH_MEASURE(2.E-2),#35);
#1069=PRESENTATION_STYLE_ASSIGNMENT((#1068));
#1070=STYLED_ITEM('',(#1069),#1067);
#1071=DIRECTION('',(1.E0,0.E0,0.E0));
#1072=VECTOR('',#1071,5.E0);
#1073=CARTESIAN_POINT('',(-1.3E1,0.E0,9.232068636405E0));
#1074=LINE('',#1073,#1072);
#1075=CURVE_STYLE('',#63,POSITIVE_LENGTH_MEASURE(2.E-2),#35);
#1076=PRESENTATION_STYLE_ASSIGNMENT((#1075));
#1077=STYLED_ITEM('',(#1076),#1074);
#1078=DIRECTION('',(0.E0,1.E0,0.E0));
#1079=VECTOR('',#1078,2.5E0);
#1080=CARTESIAN_POINT('',(-1.001628312908E0,0.E0,2.715E1));
#1081=LINE('',#1080,#1079);
#1082=CURVE_STYLE('',#63,POSITIVE_LENGTH_MEASURE(2.E-2),#35);
#1083=PRESENTATION_STYLE_ASSIGNMENT((#1082));
#1084=STYLED_ITEM('',(#1083),#1081);
#1085=DIRECTION('',(0.E0,1.E0,0.E0));
#1086=VECTOR('',#1085,2.5E0);
#1087=CARTESIAN_POINT('',(6.010240497034E0,0.E0,3.063448043177E1));
#1088=LINE('',#1087,#1086);
#1089=CURVE_STYLE('',#63,POSITIVE_LENGTH_MEASURE(2.E-2),#35);
#1090=PRESENTATION_STYLE_ASSIGNMENT((#1089));
#1091=STYLED_ITEM('',(#1090),#1088);
#1092=DIRECTION('',(0.E0,-1.E0,0.E0));
#1093=VECTOR('',#1092,7.E0);
#1094=CARTESIAN_POINT('',(7.803847577293E0,7.E0,2.9E1));
#1095=LINE('',#1094,#1093);
#1096=CURVE_STYLE('',#63,POSITIVE_LENGTH_MEASURE(2.E-2),#35);
#1097=PRESENTATION_STYLE_ASSIGNMENT((#1096));
#1098=STYLED_ITEM('',(#1097),#1095);
#1099=DIRECTION('',(0.E0,1.E0,0.E0));
#1100=VECTOR('',#1099,2.5E0);
#1101=CARTESIAN_POINT('',(8.648949375511E0,0.E0,2.753624074792E1));
#1102=LINE('',#1101,#1100);
#1103=CURVE_STYLE('',#63,POSITIVE_LENGTH_MEASURE(2.E-2),#35);
#1104=PRESENTATION_STYLE_ASSIGNMENT((#1103));
#1105=STYLED_ITEM('',(#1104),#1102);
#1106=DIRECTION('',(0.E0,1.E0,0.E0));
#1107=VECTOR('',#1106,2.5E0);
#1108=CARTESIAN_POINT('',(1.286987867801E1,0.E0,1.994015136012E1));
#1109=LINE('',#1108,#1107);
#1110=CURVE_STYLE('',#63,POSITIVE_LENGTH_MEASURE(2.E-2),#35);
#1111=PRESENTATION_STYLE_ASSIGNMENT((#1110));
#1112=STYLED_ITEM('',(#1111),#1109);
#1113=DIRECTION('',(0.E0,1.E0,0.E0));
#1114=VECTOR('',#1113,7.E0);
#1115=CARTESIAN_POINT('',(1.246410161514E1,0.E0,2.092820323028E1));
#1116=LINE('',#1115,#1114);
#1117=CURVE_STYLE('',#63,POSITIVE_LENGTH_MEASURE(2.E-2),#35);
#1118=PRESENTATION_STYLE_ASSIGNMENT((#1117));
#1119=STYLED_ITEM('',(#1118),#1116);
#1120=DIRECTION('',(0.E0,1.E0,0.E0));
#1121=VECTOR('',#1120,2.5E0);
#1122=CARTESIAN_POINT('',(8.368530359964E0,0.E0,1.994015136012E1));
#1123=LINE('',#1122,#1121);
#1124=CURVE_STYLE('',#63,POSITIVE_LENGTH_MEASURE(2.E-2),#35);
#1125=PRESENTATION_STYLE_ASSIGNMENT((#1124));
#1126=STYLED_ITEM('',(#1125),#1123);
#1127=DIRECTION('',(0.E0,1.E0,0.E0));
#1128=VECTOR('',#1127,2.5E0);
#1129=CARTESIAN_POINT('',(8.368530359964E0,0.E0,2.224015136012E1));
#1130=LINE('',#1129,#1128);
#1131=CURVE_STYLE('',#63,POSITIVE_LENGTH_MEASURE(2.E-2),#35);
#1132=PRESENTATION_STYLE_ASSIGNMENT((#1131));
#1133=STYLED_ITEM('',(#1132),#1130);
#1134=DIRECTION('',(0.E0,1.E0,0.E0));
#1135=VECTOR('',#1134,2.5E0);
#1136=CARTESIAN_POINT('',(1.170664800921E1,0.E0,2.224015136012E1));
#1137=LINE('',#1136,#1135);
#1138=CURVE_STYLE('',#63,POSITIVE_LENGTH_MEASURE(2.E-2),#35);
#1139=PRESENTATION_STYLE_ASSIGNMENT((#1138));
#1140=STYLED_ITEM('',(#1139),#1137);
#1141=DIRECTION('',(0.E0,1.E0,0.E0));
#1142=VECTOR('',#1141,4.5E0);
#1143=CARTESIAN_POINT('',(1.3E1,2.5E0,9.5998649E0));
#1144=LINE('',#1143,#1142);
#1145=CURVE_STYLE('',#63,POSITIVE_LENGTH_MEASURE(2.E-2),#35);
#1146=PRESENTATION_STYLE_ASSIGNMENT((#1145));
#1147=STYLED_ITEM('',(#1146),#1144);
#1148=DIRECTION('',(0.E0,0.E0,-1.E0));
#1149=VECTOR('',#1148,9.328338330276E0);
#1150=CARTESIAN_POINT('',(1.3E1,2.5E0,1.892820323028E1));
#1151=LINE('',#1150,#1149);
#1152=CURVE_STYLE('',#63,POSITIVE_LENGTH_MEASURE(2.E-2),#35);
#1153=PRESENTATION_STYLE_ASSIGNMENT((#1152));
#1154=STYLED_ITEM('',(#1153),#1151);
#1155=DIRECTION('',(0.E0,-1.E0,0.E0));
#1156=VECTOR('',#1155,4.5E0);
#1157=CARTESIAN_POINT('',(1.3E1,7.E0,1.892820323028E1));
#1158=LINE('',#1157,#1156);
#1159=CURVE_STYLE('',#63,POSITIVE_LENGTH_MEASURE(2.E-2),#35);
#1160=PRESENTATION_STYLE_ASSIGNMENT((#1159));
#1161=STYLED_ITEM('',(#1160),#1158);
#1162=CARTESIAN_POINT('',(1.5E1,2.5E0,9.5998649E0));
#1163=DIRECTION('',(0.E0,1.E0,0.E0));
#1164=DIRECTION('',(0.E0,0.E0,-1.E0));
#1165=AXIS2_PLACEMENT_3D('',#1162,#1163,#1164);
#1167=CURVE_STYLE('',#63,POSITIVE_LENGTH_MEASURE(2.E-2),#35);
#1168=PRESENTATION_STYLE_ASSIGNMENT((#1167));
#1169=STYLED_ITEM('',(#1168),#1166);
#1170=CARTESIAN_POINT('',(1.5E1,7.E0,9.5998649E0));
#1171=DIRECTION('',(0.E0,-1.E0,0.E0));
#1172=DIRECTION('',(-1.E0,0.E0,0.E0));
#1173=AXIS2_PLACEMENT_3D('',#1170,#1171,#1172);
#1175=CURVE_STYLE('',#63,POSITIVE_LENGTH_MEASURE(2.E-2),#35);
#1176=PRESENTATION_STYLE_ASSIGNMENT((#1175));
#1177=STYLED_ITEM('',(#1176),#1174);
#1178=DIRECTION('',(0.E0,-1.E0,0.E0));
#1179=VECTOR('',#1178,7.E0);
#1180=CARTESIAN_POINT('',(2.299999852E1,7.E0,7.5998649E0));
#1181=LINE('',#1180,#1179);
#1182=CURVE_STYLE('',#63,POSITIVE_LENGTH_MEASURE(2.E-2),#35);
#1183=PRESENTATION_STYLE_ASSIGNMENT((#1182));
#1184=STYLED_ITEM('',(#1183),#1181);
#1185=DIRECTION('',(0.E0,1.E0,0.E0));
#1186=VECTOR('',#1185,2.5E0);
#1187=CARTESIAN_POINT('',(1.899999926E1,0.E0,7.5998649E0));
#1188=LINE('',#1187,#1186);
#1189=CURVE_STYLE('',#63,POSITIVE_LENGTH_MEASURE(2.E-2),#35);
#1190=PRESENTATION_STYLE_ASSIGNMENT((#1189));
#1191=STYLED_ITEM('',(#1190),#1188);
#1192=DIRECTION('',(1.E0,0.E0,0.E0));
#1193=VECTOR('',#1192,3.99999926E0);
#1194=CARTESIAN_POINT('',(1.5E1,2.5E0,7.5998649E0));
#1195=LINE('',#1194,#1193);
#1196=CURVE_STYLE('',#63,POSITIVE_LENGTH_MEASURE(2.E-2),#35);
#1197=PRESENTATION_STYLE_ASSIGNMENT((#1196));
#1198=STYLED_ITEM('',(#1197),#1195);
#1199=DIRECTION('',(0.E0,1.E0,0.E0));
#1200=VECTOR('',#1199,4.5E0);
#1201=CARTESIAN_POINT('',(1.5E1,2.5E0,7.5998649E0));
#1202=LINE('',#1201,#1200);
#1203=CURVE_STYLE('',#63,POSITIVE_LENGTH_MEASURE(2.E-2),#35);
#1204=PRESENTATION_STYLE_ASSIGNMENT((#1203));
#1205=STYLED_ITEM('',(#1204),#1202);
#1206=DIRECTION('',(0.E0,-1.E0,0.E0));
#1207=VECTOR('',#1206,7.E0);
#1208=CARTESIAN_POINT('',(2.499999852E1,7.E0,5.5998649E0));
#1209=LINE('',#1208,#1207);
#1210=CURVE_STYLE('',#63,POSITIVE_LENGTH_MEASURE(2.E-2),#35);
#1211=PRESENTATION_STYLE_ASSIGNMENT((#1210));
#1212=STYLED_ITEM('',(#1211),#1209);
#1213=DIRECTION('',(0.E0,-1.E0,0.E0));
#1214=VECTOR('',#1213,7.E0);
#1215=CARTESIAN_POINT('',(2.499999852E1,7.E0,3.5998649E0));
#1216=LINE('',#1215,#1214);
#1217=CURVE_STYLE('',#63,POSITIVE_LENGTH_MEASURE(2.E-2),#35);
#1218=PRESENTATION_STYLE_ASSIGNMENT((#1217));
#1219=STYLED_ITEM('',(#1218),#1216);
#1220=DIRECTION('',(0.E0,-1.E0,0.E0));
#1221=VECTOR('',#1220,7.E0);
#1222=CARTESIAN_POINT('',(2.299999852E1,7.E0,1.5998649E0));
#1223=LINE('',#1222,#1221);
#1224=CURVE_STYLE('',#63,POSITIVE_LENGTH_MEASURE(2.E-2),#35);
#1225=PRESENTATION_STYLE_ASSIGNMENT((#1224));
#1226=STYLED_ITEM('',(#1225),#1223);
#1227=DIRECTION('',(0.E0,1.E0,0.E0));
#1228=VECTOR('',#1227,4.5E0);
#1229=CARTESIAN_POINT('',(1.5E1,2.5E0,1.5998649E0));
#1230=LINE('',#1229,#1228);
#1231=CURVE_STYLE('',#63,POSITIVE_LENGTH_MEASURE(2.E-2),#35);
#1232=PRESENTATION_STYLE_ASSIGNMENT((#1231));
#1233=STYLED_ITEM('',(#1232),#1230);
#1234=DIRECTION('',(-1.E0,0.E0,0.E0));
#1235=VECTOR('',#1234,3.99999926E0);
#1236=CARTESIAN_POINT('',(1.899999926E1,2.5E0,1.5998649E0));
#1237=LINE('',#1236,#1235);
#1238=CURVE_STYLE('',#63,POSITIVE_LENGTH_MEASURE(2.E-2),#35);
#1239=PRESENTATION_STYLE_ASSIGNMENT((#1238));
#1240=STYLED_ITEM('',(#1239),#1237);
#1241=DIRECTION('',(0.E0,1.E0,0.E0));
#1242=VECTOR('',#1241,2.5E0);
#1243=CARTESIAN_POINT('',(1.899999926E1,0.E0,1.5998649E0));
#1244=LINE('',#1243,#1242);
#1245=CURVE_STYLE('',#63,POSITIVE_LENGTH_MEASURE(2.E-2),#35);
#1246=PRESENTATION_STYLE_ASSIGNMENT((#1245));
#1247=STYLED_ITEM('',(#1246),#1244);
#1248=CARTESIAN_POINT('',(1.5E1,2.5E0,-4.001351E-1));
#1249=DIRECTION('',(0.E0,1.E0,0.E0));
#1250=DIRECTION('',(-1.E0,0.E0,0.E0));
#1251=AXIS2_PLACEMENT_3D('',#1248,#1249,#1250);
#1253=CURVE_STYLE('',#63,POSITIVE_LENGTH_MEASURE(2.E-2),#35);
#1254=PRESENTATION_STYLE_ASSIGNMENT((#1253));
#1255=STYLED_ITEM('',(#1254),#1252);
#1256=CARTESIAN_POINT('',(1.5E1,7.E0,-4.001351E-1));
#1257=DIRECTION('',(0.E0,-1.E0,0.E0));
#1258=DIRECTION('',(0.E0,0.E0,1.E0));
#1259=AXIS2_PLACEMENT_3D('',#1256,#1257,#1258);
#1261=CURVE_STYLE('',#63,POSITIVE_LENGTH_MEASURE(2.E-2),#35);
#1262=PRESENTATION_STYLE_ASSIGNMENT((#1261));
#1263=STYLED_ITEM('',(#1262),#1260);
#1264=DIRECTION('',(0.E0,-1.E0,0.E0));
#1265=VECTOR('',#1264,1.5E0);
#1266=CARTESIAN_POINT('',(1.3E1,8.5E0,-4.001351E-1));
#1267=LINE('',#1266,#1265);
#1268=CURVE_STYLE('',#63,POSITIVE_LENGTH_MEASURE(2.E-2),#35);
#1269=PRESENTATION_STYLE_ASSIGNMENT((#1268));
#1270=STYLED_ITEM('',(#1269),#1267);
#1271=DIRECTION('',(0.E0,-1.E0,0.E0));
#1272=VECTOR('',#1271,8.5E0);
#1273=CARTESIAN_POINT('',(1.3E1,8.5E0,-5.5E0));
#1274=LINE('',#1273,#1272);
#1275=CURVE_STYLE('',#63,POSITIVE_LENGTH_MEASURE(2.E-2),#35);
#1276=PRESENTATION_STYLE_ASSIGNMENT((#1275));
#1277=STYLED_ITEM('',(#1276),#1274);
#1278=DIRECTION('',(0.E0,1.E0,0.E0));
#1279=VECTOR('',#1278,2.5E0);
#1280=CARTESIAN_POINT('',(1.3E1,0.E0,-4.5E0));
#1281=LINE('',#1280,#1279);
#1282=CURVE_STYLE('',#63,POSITIVE_LENGTH_MEASURE(2.E-2),#35);
#1283=PRESENTATION_STYLE_ASSIGNMENT((#1282));
#1284=STYLED_ITEM('',(#1283),#1281);
#1285=DIRECTION('',(0.E0,0.E0,-1.E0));
#1286=VECTOR('',#1285,4.0998649E0);
#1287=CARTESIAN_POINT('',(1.3E1,2.5E0,-4.001351E-1));
#1288=LINE('',#1287,#1286);
#1289=CURVE_STYLE('',#63,POSITIVE_LENGTH_MEASURE(2.E-2),#35);
#1290=PRESENTATION_STYLE_ASSIGNMENT((#1289));
#1291=STYLED_ITEM('',(#1290),#1288);
#1292=DIRECTION('',(0.E0,1.E0,0.E0));
#1293=VECTOR('',#1292,4.5E0);
#1294=CARTESIAN_POINT('',(1.3E1,2.5E0,-4.001351E-1));
#1295=LINE('',#1294,#1293);
#1296=CURVE_STYLE('',#63,POSITIVE_LENGTH_MEASURE(2.E-2),#35);
#1297=PRESENTATION_STYLE_ASSIGNMENT((#1296));
#1298=STYLED_ITEM('',(#1297),#1295);
#1299=CARTESIAN_POINT('',(1.1E1,7.E0,-4.001351E-1));
#1300=DIRECTION('',(0.E0,-1.E0,0.E0));
#1301=DIRECTION('',(1.E0,0.E0,0.E0));
#1302=AXIS2_PLACEMENT_3D('',#1299,#1300,#1301);
#1304=CURVE_STYLE('',#63,POSITIVE_LENGTH_MEASURE(2.E-2),#35);
#1305=PRESENTATION_STYLE_ASSIGNMENT((#1304));
#1306=STYLED_ITEM('',(#1305),#1303);
#1307=DIRECTION('',(0.E0,-1.E0,0.E0));
#1308=VECTOR('',#1307,1.5E0);
#1309=CARTESIAN_POINT('',(-1.1E1,8.5E0,1.5998649E0));
#1310=LINE('',#1309,#1308);
#1311=CURVE_STYLE('',#63,POSITIVE_LENGTH_MEASURE(2.E-2),#35);
#1312=PRESENTATION_STYLE_ASSIGNMENT((#1311));
#1313=STYLED_ITEM('',(#1312),#1310);
#1314=DIRECTION('',(0.E0,-1.E0,0.E0));
#1315=VECTOR('',#1314,1.5E0);
#1316=CARTESIAN_POINT('',(1.1E1,8.5E0,1.5998649E0));
#1317=LINE('',#1316,#1315);
#1318=CURVE_STYLE('',#63,POSITIVE_LENGTH_MEASURE(2.E-2),#35);
#1319=PRESENTATION_STYLE_ASSIGNMENT((#1318));
#1320=STYLED_ITEM('',(#1319),#1317);
#1321=CARTESIAN_POINT('',(-1.1E1,7.E0,-4.001351E-1));
#1322=DIRECTION('',(0.E0,-1.E0,0.E0));
#1323=DIRECTION('',(0.E0,0.E0,1.E0));
#1324=AXIS2_PLACEMENT_3D('',#1321,#1322,#1323);
#1326=CURVE_STYLE('',#63,POSITIVE_LENGTH_MEASURE(2.E-2),#35);
#1327=PRESENTATION_STYLE_ASSIGNMENT((#1326));
#1328=STYLED_ITEM('',(#1327),#1325);
#1329=DIRECTION('',(0.E0,-1.E0,0.E0));
#1330=VECTOR('',#1329,1.5E0);
#1331=CARTESIAN_POINT('',(-1.3E1,8.5E0,-4.001351E-1));
#1332=LINE('',#1331,#1330);
#1333=CURVE_STYLE('',#63,POSITIVE_LENGTH_MEASURE(2.E-2),#35);
#1334=PRESENTATION_STYLE_ASSIGNMENT((#1333));
#1335=STYLED_ITEM('',(#1334),#1332);
#1336=DIRECTION('',(0.E0,1.E0,0.E0));
#1337=VECTOR('',#1336,4.5E0);
#1338=CARTESIAN_POINT('',(-1.3E1,2.5E0,-4.001351E-1));
#1339=LINE('',#1338,#1337);
#1340=CURVE_STYLE('',#63,POSITIVE_LENGTH_MEASURE(2.E-2),#35);
#1341=PRESENTATION_STYLE_ASSIGNMENT((#1340));
#1342=STYLED_ITEM('',(#1341),#1339);
#1343=DIRECTION('',(0.E0,0.E0,1.E0));
#1344=VECTOR('',#1343,4.0998649E0);
#1345=CARTESIAN_POINT('',(-1.3E1,2.5E0,-4.5E0));
#1346=LINE('',#1345,#1344);
#1347=CURVE_STYLE('',#63,POSITIVE_LENGTH_MEASURE(2.E-2),#35);
#1348=PRESENTATION_STYLE_ASSIGNMENT((#1347));
#1349=STYLED_ITEM('',(#1348),#1346);
#1350=DIRECTION('',(0.E0,1.E0,0.E0));
#1351=VECTOR('',#1350,2.5E0);
#1352=CARTESIAN_POINT('',(-1.3E1,0.E0,-4.5E0));
#1353=LINE('',#1352,#1351);
#1354=CURVE_STYLE('',#63,POSITIVE_LENGTH_MEASURE(2.E-2),#35);
#1355=PRESENTATION_STYLE_ASSIGNMENT((#1354));
#1356=STYLED_ITEM('',(#1355),#1353);
#1357=DIRECTION('',(0.E0,1.E0,0.E0));
#1358=VECTOR('',#1357,8.5E0);
#1359=CARTESIAN_POINT('',(-1.3E1,0.E0,-5.5E0));
#1360=LINE('',#1359,#1358);
#1361=CURVE_STYLE('',#63,POSITIVE_LENGTH_MEASURE(2.E-2),#35);
#1362=PRESENTATION_STYLE_ASSIGNMENT((#1361));
#1363=STYLED_ITEM('',(#1362),#1360);
#1364=CARTESIAN_POINT('',(-1.5E1,7.E0,-4.001351E-1));
#1365=DIRECTION('',(0.E0,-1.E0,0.E0));
#1366=DIRECTION('',(1.E0,0.E0,0.E0));
#1367=AXIS2_PLACEMENT_3D('',#1364,#1365,#1366);
#1369=CURVE_STYLE('',#63,POSITIVE_LENGTH_MEASURE(2.E-2),#35);
#1370=PRESENTATION_STYLE_ASSIGNMENT((#1369));
#1371=STYLED_ITEM('',(#1370),#1368);
#1372=CARTESIAN_POINT('',(-1.5E1,2.5E0,-4.001351E-1));
#1373=DIRECTION('',(0.E0,1.E0,0.E0));
#1374=DIRECTION('',(0.E0,0.E0,1.E0));
#1375=AXIS2_PLACEMENT_3D('',#1372,#1373,#1374);
#1377=CURVE_STYLE('',#63,POSITIVE_LENGTH_MEASURE(2.E-2),#35);
#1378=PRESENTATION_STYLE_ASSIGNMENT((#1377));
#1379=STYLED_ITEM('',(#1378),#1376);
#1380=DIRECTION('',(0.E0,-1.E0,0.E0));
#1381=VECTOR('',#1380,7.E0);
#1382=CARTESIAN_POINT('',(-2.299999852E1,7.E0,1.5998649E0));
#1383=LINE('',#1382,#1381);
#1384=CURVE_STYLE('',#63,POSITIVE_LENGTH_MEASURE(2.E-2),#35);
#1385=PRESENTATION_STYLE_ASSIGNMENT((#1384));
#1386=STYLED_ITEM('',(#1385),#1383);
#1387=DIRECTION('',(0.E0,1.E0,0.E0));
#1388=VECTOR('',#1387,2.5E0);
#1389=CARTESIAN_POINT('',(-1.899999926E1,0.E0,1.5998649E0));
#1390=LINE('',#1389,#1388);
#1391=CURVE_STYLE('',#63,POSITIVE_LENGTH_MEASURE(2.E-2),#35);
#1392=PRESENTATION_STYLE_ASSIGNMENT((#1391));
#1393=STYLED_ITEM('',(#1392),#1390);
#1394=DIRECTION('',(1.E0,0.E0,0.E0));
#1395=VECTOR('',#1394,3.99999926E0);
#1396=CARTESIAN_POINT('',(-1.899999926E1,2.5E0,1.5998649E0));
#1397=LINE('',#1396,#1395);
#1398=CURVE_STYLE('',#63,POSITIVE_LENGTH_MEASURE(2.E-2),#35);
#1399=PRESENTATION_STYLE_ASSIGNMENT((#1398));
#1400=STYLED_ITEM('',(#1399),#1397);
#1401=DIRECTION('',(0.E0,1.E0,0.E0));
#1402=VECTOR('',#1401,4.5E0);
#1403=CARTESIAN_POINT('',(-1.5E1,2.5E0,1.5998649E0));
#1404=LINE('',#1403,#1402);
#1405=CURVE_STYLE('',#63,POSITIVE_LENGTH_MEASURE(2.E-2),#35);
#1406=PRESENTATION_STYLE_ASSIGNMENT((#1405));
#1407=STYLED_ITEM('',(#1406),#1404);
#1408=DIRECTION('',(0.E0,-1.E0,0.E0));
#1409=VECTOR('',#1408,7.E0);
#1410=CARTESIAN_POINT('',(-2.499999852E1,7.E0,5.5998649E0));
#1411=LINE('',#1410,#1409);
#1412=CURVE_STYLE('',#63,POSITIVE_LENGTH_MEASURE(2.E-2),#35);
#1413=PRESENTATION_STYLE_ASSIGNMENT((#1412));
#1414=STYLED_ITEM('',(#1413),#1411);
#1415=DIRECTION('',(0.E0,-1.E0,0.E0));
#1416=VECTOR('',#1415,7.E0);
#1417=CARTESIAN_POINT('',(-2.499999852E1,7.E0,3.5998649E0));
#1418=LINE('',#1417,#1416);
#1419=CURVE_STYLE('',#63,POSITIVE_LENGTH_MEASURE(2.E-2),#35);
#1420=PRESENTATION_STYLE_ASSIGNMENT((#1419));
#1421=STYLED_ITEM('',(#1420),#1418);
#1422=DIRECTION('',(0.E0,-1.E0,0.E0));
#1423=VECTOR('',#1422,7.E0);
#1424=CARTESIAN_POINT('',(-2.299999852E1,7.E0,7.5998649E0));
#1425=LINE('',#1424,#1423);
#1426=CURVE_STYLE('',#63,POSITIVE_LENGTH_MEASURE(2.E-2),#35);
#1427=PRESENTATION_STYLE_ASSIGNMENT((#1426));
#1428=STYLED_ITEM('',(#1427),#1425);
#1429=DIRECTION('',(0.E0,1.E0,0.E0));
#1430=VECTOR('',#1429,4.5E0);
#1431=CARTESIAN_POINT('',(-1.5E1,2.5E0,7.5998649E0));
#1432=LINE('',#1431,#1430);
#1433=CURVE_STYLE('',#63,POSITIVE_LENGTH_MEASURE(2.E-2),#35);
#1434=PRESENTATION_STYLE_ASSIGNMENT((#1433));
#1435=STYLED_ITEM('',(#1434),#1432);
#1436=DIRECTION('',(-1.E0,0.E0,0.E0));
#1437=VECTOR('',#1436,3.99999926E0);
#1438=CARTESIAN_POINT('',(-1.5E1,2.5E0,7.5998649E0));
#1439=LINE('',#1438,#1437);
#1440=CURVE_STYLE('',#63,POSITIVE_LENGTH_MEASURE(2.E-2),#35);
#1441=PRESENTATION_STYLE_ASSIGNMENT((#1440));
#1442=STYLED_ITEM('',(#1441),#1439);
#1443=DIRECTION('',(0.E0,1.E0,0.E0));
#1444=VECTOR('',#1443,2.5E0);
#1445=CARTESIAN_POINT('',(-1.899999926E1,0.E0,7.5998649E0));
#1446=LINE('',#1445,#1444);
#1447=CURVE_STYLE('',#63,POSITIVE_LENGTH_MEASURE(2.E-2),#35);
#1448=PRESENTATION_STYLE_ASSIGNMENT((#1447));
#1449=STYLED_ITEM('',(#1448),#1446);
#1450=CARTESIAN_POINT('',(-1.5E1,2.5E0,9.5998649E0));
#1451=DIRECTION('',(0.E0,1.E0,0.E0));
#1452=DIRECTION('',(1.E0,0.E0,0.E0));
#1453=AXIS2_PLACEMENT_3D('',#1450,#1451,#1452);
#1455=CURVE_STYLE('',#63,POSITIVE_LENGTH_MEASURE(2.E-2),#35);
#1456=PRESENTATION_STYLE_ASSIGNMENT((#1455));
#1457=STYLED_ITEM('',(#1456),#1454);
#1458=CARTESIAN_POINT('',(-1.5E1,7.E0,9.5998649E0));
#1459=DIRECTION('',(0.E0,-1.E0,0.E0));
#1460=DIRECTION('',(0.E0,0.E0,-1.E0));
#1461=AXIS2_PLACEMENT_3D('',#1458,#1459,#1460);
#1463=CURVE_STYLE('',#63,POSITIVE_LENGTH_MEASURE(2.E-2),#35);
#1464=PRESENTATION_STYLE_ASSIGNMENT((#1463));
#1465=STYLED_ITEM('',(#1464),#1462);
#1466=DIRECTION('',(0.E0,0.E0,1.E0));
#1467=VECTOR('',#1466,7.396134593871E0);
#1468=CARTESIAN_POINT('',(-1.3E1,2.5E0,1.153206863640E1));
#1469=LINE('',#1468,#1467);
#1470=CURVE_STYLE('',#63,POSITIVE_LENGTH_MEASURE(2.E-2),#35);
#1471=PRESENTATION_STYLE_ASSIGNMENT((#1470));
#1472=STYLED_ITEM('',(#1471),#1469);
#1473=DIRECTION('',(0.E0,1.E0,0.E0));
#1474=VECTOR('',#1473,2.5E0);
#1475=CARTESIAN_POINT('',(-1.3E1,0.E0,1.153206863640E1));
#1476=LINE('',#1475,#1474);
#1477=CURVE_STYLE('',#63,POSITIVE_LENGTH_MEASURE(2.E-2),#35);
#1478=PRESENTATION_STYLE_ASSIGNMENT((#1477));
#1479=STYLED_ITEM('',(#1478),#1476);
#1480=DIRECTION('',(0.E0,1.E0,0.E0));
#1481=VECTOR('',#1480,4.5E0);
#1482=CARTESIAN_POINT('',(-1.3E1,2.5E0,9.5998649E0));
#1483=LINE('',#1482,#1481);
#1484=CURVE_STYLE('',#63,POSITIVE_LENGTH_MEASURE(2.E-2),#35);
#1485=PRESENTATION_STYLE_ASSIGNMENT((#1484));
#1486=STYLED_ITEM('',(#1485),#1483);
#1487=DIRECTION('',(0.E0,-1.E0,0.E0));
#1488=VECTOR('',#1487,3.2E0);
#1489=CARTESIAN_POINT('',(-1.3E1,7.E0,1.685E1));
#1490=LINE('',#1489,#1488);
#1491=CURVE_STYLE('',#63,POSITIVE_LENGTH_MEASURE(2.E-2),#35);
#1492=PRESENTATION_STYLE_ASSIGNMENT((#1491));
#1493=STYLED_ITEM('',(#1492),#1490);
#1494=DIRECTION('',(0.E0,0.E0,1.E0));
#1495=VECTOR('',#1494,2.078203230276E0);
#1496=CARTESIAN_POINT('',(-1.3E1,3.8E0,1.685E1));
#1497=LINE('',#1496,#1495);
#1498=CURVE_STYLE('',#63,POSITIVE_LENGTH_MEASURE(2.E-2),#35);
#1499=PRESENTATION_STYLE_ASSIGNMENT((#1498));
#1500=STYLED_ITEM('',(#1499),#1497);
#1501=DIRECTION('',(0.E0,1.E0,0.E0));
#1502=VECTOR('',#1501,1.3E0);
#1503=CARTESIAN_POINT('',(-1.3E1,2.5E0,1.892820323028E1));
#1504=LINE('',#1503,#1502);
#1505=CURVE_STYLE('',#63,POSITIVE_LENGTH_MEASURE(2.E-2),#35);
#1506=PRESENTATION_STYLE_ASSIGNMENT((#1505));
#1507=STYLED_ITEM('',(#1506),#1504);
#1508=DIRECTION('',(0.E0,1.E0,0.E0));
#1509=VECTOR('',#1508,2.5E0);
#1510=CARTESIAN_POINT('',(-8.E0,0.E0,1.153206863640E1));
#1511=LINE('',#1510,#1509);
#1512=CURVE_STYLE('',#63,POSITIVE_LENGTH_MEASURE(2.E-2),#35);
#1513=PRESENTATION_STYLE_ASSIGNMENT((#1512));
#1514=STYLED_ITEM('',(#1513),#1511);
#1515=DIRECTION('',(0.E0,1.E0,0.E0));
#1516=VECTOR('',#1515,2.5E0);
#1517=CARTESIAN_POINT('',(-8.E0,0.E0,9.232068636405E0));
#1518=LINE('',#1517,#1516);
#1519=CURVE_STYLE('',#63,POSITIVE_LENGTH_MEASURE(2.E-2),#35);
#1520=PRESENTATION_STYLE_ASSIGNMENT((#1519));
#1521=STYLED_ITEM('',(#1520),#1518);
#1522=DIRECTION('',(0.E0,1.E0,0.E0));
#1523=VECTOR('',#1522,2.5E0);
#1524=CARTESIAN_POINT('',(-1.3E1,0.E0,9.232068636405E0));
#1525=LINE('',#1524,#1523);
#1526=CURVE_STYLE('',#63,POSITIVE_LENGTH_MEASURE(2.E-2),#35);
#1527=PRESENTATION_STYLE_ASSIGNMENT((#1526));
#1528=STYLED_ITEM('',(#1527),#1525);
#1529=DIRECTION('',(0.E0,-1.E0,0.E0));
#1530=VECTOR('',#1529,4.15E0);
#1531=CARTESIAN_POINT('',(-3.897114317030E0,1.115E1,1.685E1));
#1532=LINE('',#1531,#1530);
#1533=CURVE_STYLE('',#63,POSITIVE_LENGTH_MEASURE(2.E-2),#35);
#1534=PRESENTATION_STYLE_ASSIGNMENT((#1533));
#1535=STYLED_ITEM('',(#1534),#1532);
#1536=DIRECTION('',(1.293651176520E-14,-1.E0,0.E0));
#1537=VECTOR('',#1536,3.45E0);
#1538=CARTESIAN_POINT('',(-1.624038176891E0,1.115E1,1.685E1));
#1539=LINE('',#1538,#1537);
#1540=CURVE_STYLE('',#63,POSITIVE_LENGTH_MEASURE(2.E-2),#35);
#1541=PRESENTATION_STYLE_ASSIGNMENT((#1540));
#1542=STYLED_ITEM('',(#1541),#1539);
#1543=DIRECTION('',(-1.E0,0.E0,0.E0));
#1544=VECTOR('',#1543,2.774038176891E0);
#1545=CARTESIAN_POINT('',(1.15E0,7.7E0,1.685E1));
#1546=LINE('',#1545,#1544);
#1547=CURVE_STYLE('',#63,POSITIVE_LENGTH_MEASURE(2.E-2),#35);
#1548=PRESENTATION_STYLE_ASSIGNMENT((#1547));
#1549=STYLED_ITEM('',(#1548),#1546);
#1550=DIRECTION('',(-3.054236108908E-1,0.E0,-9.522165814091E-1));
#1551=VECTOR('',#1550,5.713299488455E-1);
#1552=CARTESIAN_POINT('',(-3.897114317030E0,7.E0,1.685E1));
#1553=LINE('',#1552,#1551);
#1554=CURVE_STYLE('',#63,POSITIVE_LENGTH_MEASURE(2.E-2),#35);
#1555=PRESENTATION_STYLE_ASSIGNMENT((#1554));
#1556=STYLED_ITEM('',(#1555),#1553);
#1557=DIRECTION('',(-3.054236108908E-1,0.E0,9.522165814091E-1));
#1558=VECTOR('',#1557,5.713299488455E-1);
#1559=CARTESIAN_POINT('',(-3.897114317030E0,1.115E1,2.715E1));
#1560=LINE('',#1559,#1558);
#1561=CURVE_STYLE('',#63,POSITIVE_LENGTH_MEASURE(2.E-2),#35);
#1562=PRESENTATION_STYLE_ASSIGNMENT((#1561));
#1563=STYLED_ITEM('',(#1562),#1560);
#1564=DIRECTION('',(-1.E0,0.E0,0.E0));
#1565=VECTOR('',#1564,2.273076140139E0);
#1566=CARTESIAN_POINT('',(-1.624038176891E0,1.115E1,2.715E1));
#1567=LINE('',#1566,#1565);
#1568=CURVE_STYLE('',#63,POSITIVE_LENGTH_MEASURE(2.E-2),#35);
#1569=PRESENTATION_STYLE_ASSIGNMENT((#1568));
#1570=STYLED_ITEM('',(#1569),#1567);
#1571=DIRECTION('',(1.E0,0.E0,0.E0));
#1572=VECTOR('',#1571,2.273076140139E0);
#1573=CARTESIAN_POINT('',(-3.897114317030E0,1.115E1,1.685E1));
#1574=LINE('',#1573,#1572);
#1575=CURVE_STYLE('',#63,POSITIVE_LENGTH_MEASURE(2.E-2),#35);
#1576=PRESENTATION_STYLE_ASSIGNMENT((#1575));
#1577=STYLED_ITEM('',(#1576),#1574);
#1578=DIRECTION('',(3.054236108908E-1,0.E0,9.522165814091E-1));
#1579=VECTOR('',#1578,5.713299488455E-1);
#1580=CARTESIAN_POINT('',(-4.071611973016E0,1.115E1,1.630597014925E1));
#1581=LINE('',#1580,#1579);
#1582=CURVE_STYLE('',#63,POSITIVE_LENGTH_MEASURE(2.E-2),#35);
#1583=PRESENTATION_STYLE_ASSIGNMENT((#1582));
#1584=STYLED_ITEM('',(#1583),#1581);
#1585=CARTESIAN_POINT('',(0.E0,1.115E1,2.2E1));
#1586=DIRECTION('',(0.E0,-1.E0,0.E0));
#1587=DIRECTION('',(-3.007478105354E-1,0.E0,-9.537037037037E-1));
#1588=AXIS2_PLACEMENT_3D('',#1585,#1586,#1587);
#1590=CURVE_STYLE('',#63,POSITIVE_LENGTH_MEASURE(2.E-2),#35);
#1591=PRESENTATION_STYLE_ASSIGNMENT((#1590));
#1592=STYLED_ITEM('',(#1591),#1589);
#1593=CARTESIAN_POINT('',(0.E0,7.7E0,2.2E1));
#1594=DIRECTION('',(0.E0,1.E0,0.E0));
#1595=DIRECTION('',(-3.007478105354E-1,0.E0,9.537037037037E-1));
#1596=AXIS2_PLACEMENT_3D('',#1593,#1594,#1595);
#1598=CURVE_STYLE('',#63,POSITIVE_LENGTH_MEASURE(2.E-2),#35);
#1599=PRESENTATION_STYLE_ASSIGNMENT((#1598));
#1600=STYLED_ITEM('',(#1599),#1597);
#1601=DIRECTION('',(0.E0,0.E0,-1.E0));
#1602=VECTOR('',#1601,1.03E1);
#1603=CARTESIAN_POINT('',(1.15E0,7.7E0,2.715E1));
#1604=LINE('',#1603,#1602);
#1605=CURVE_STYLE('',#63,POSITIVE_LENGTH_MEASURE(2.E-2),#35);
#1606=PRESENTATION_STYLE_ASSIGNMENT((#1605));
#1607=STYLED_ITEM('',(#1606),#1604);
#1608=DIRECTION('',(0.E0,1.E0,0.E0));
#1609=VECTOR('',#1608,5.2E0);
#1610=CARTESIAN_POINT('',(1.15E0,2.5E0,1.685E1));
#1611=LINE('',#1610,#1609);
#1612=CURVE_STYLE('',#63,POSITIVE_LENGTH_MEASURE(2.E-2),#35);
#1613=PRESENTATION_STYLE_ASSIGNMENT((#1612));
#1614=STYLED_ITEM('',(#1613),#1611);
#1615=CARTESIAN_POINT('',(-9.E0,3.8E0,1.892820323028E1));
#1616=DIRECTION('',(0.E0,1.E0,0.E0));
#1617=DIRECTION('',(-1.E0,0.E0,0.E0));
#1618=AXIS2_PLACEMENT_3D('',#1615,#1616,#1617);
#1620=CURVE_STYLE('',#63,POSITIVE_LENGTH_MEASURE(2.E-2),#35);
#1621=PRESENTATION_STYLE_ASSIGNMENT((#1620));
#1622=STYLED_ITEM('',(#1621),#1619);
#1623=DIRECTION('',(0.E0,1.E0,0.E0));
#1624=VECTOR('',#1623,2.5E0);
#1625=CARTESIAN_POINT('',(-8.5E0,0.E0,-4.5E0));
#1626=LINE('',#1625,#1624);
#1627=CURVE_STYLE('',#63,POSITIVE_LENGTH_MEASURE(2.E-2),#35);
#1628=PRESENTATION_STYLE_ASSIGNMENT((#1627));
#1629=STYLED_ITEM('',(#1628),#1626);
#1630=DIRECTION('',(0.E0,1.E0,0.E0));
#1631=VECTOR('',#1630,8.5E0);
#1632=CARTESIAN_POINT('',(-1.1E1,0.E0,-7.5E0));
#1633=LINE('',#1632,#1631);
#1634=CURVE_STYLE('',#63,POSITIVE_LENGTH_MEASURE(2.E-2),#35);
#1635=PRESENTATION_STYLE_ASSIGNMENT((#1634));
#1636=STYLED_ITEM('',(#1635),#1633);
#1637=DIRECTION('',(0.E0,1.E0,0.E0));
#1638=VECTOR('',#1637,2.5E0);
#1639=CARTESIAN_POINT('',(-8.5E0,0.E0,-7.5E0));
#1640=LINE('',#1639,#1638);
#1641=CURVE_STYLE('',#63,POSITIVE_LENGTH_MEASURE(2.E-2),#35);
#1642=PRESENTATION_STYLE_ASSIGNMENT((#1641));
#1643=STYLED_ITEM('',(#1642),#1640);
#1644=DIRECTION('',(1.E0,0.E0,0.E0));
#1645=VECTOR('',#1644,1.041311123147E0);
#1646=CARTESIAN_POINT('',(-9.541311123147E0,2.5E0,-7.5E0));
#1647=LINE('',#1646,#1645);
#1648=CURVE_STYLE('',#63,POSITIVE_LENGTH_MEASURE(2.E-2),#35);
#1649=PRESENTATION_STYLE_ASSIGNMENT((#1648));
#1650=STYLED_ITEM('',(#1649),#1647);
#1651=DIRECTION('',(0.E0,-1.E0,0.E0));
#1652=VECTOR('',#1651,6.E0);
#1653=CARTESIAN_POINT('',(-9.541311123147E0,8.5E0,-7.5E0));
#1654=LINE('',#1653,#1652);
#1655=CURVE_STYLE('',#63,POSITIVE_LENGTH_MEASURE(2.E-2),#35);
#1656=PRESENTATION_STYLE_ASSIGNMENT((#1655));
#1657=STYLED_ITEM('',(#1656),#1654);
#1658=CARTESIAN_POINT('',(-1.1E1,8.5E0,-4.001351E-1));
#1659=DIRECTION('',(0.E0,1.E0,0.E0));
#1660=DIRECTION('',(-1.E0,0.E0,0.E0));
#1661=AXIS2_PLACEMENT_3D('',#1658,#1659,#1660);
#1663=CURVE_STYLE('',#63,POSITIVE_LENGTH_MEASURE(2.E-2),#35);
#1664=PRESENTATION_STYLE_ASSIGNMENT((#1663));
#1665=STYLED_ITEM('',(#1664),#1662);
#1666=DIRECTION('',(0.E0,0.E0,1.E0));
#1667=VECTOR('',#1666,5.0998649E0);
#1668=CARTESIAN_POINT('',(-1.3E1,8.5E0,-5.5E0));
#1669=LINE('',#1668,#1667);
#1670=CURVE_STYLE('',#63,POSITIVE_LENGTH_MEASURE(2.E-2),#35);
#1671=PRESENTATION_STYLE_ASSIGNMENT((#1670));
#1672=STYLED_ITEM('',(#1671),#1669);
#1673=CARTESIAN_POINT('',(-1.1E1,8.5E0,-5.5E0));
#1674=DIRECTION('',(0.E0,1.E0,0.E0));
#1675=DIRECTION('',(0.E0,0.E0,-1.E0));
#1676=AXIS2_PLACEMENT_3D('',#1673,#1674,#1675);
#1678=CURVE_STYLE('',#63,POSITIVE_LENGTH_MEASURE(2.E-2),#35);
#1679=PRESENTATION_STYLE_ASSIGNMENT((#1678));
#1680=STYLED_ITEM('',(#1679),#1677);
#1681=DIRECTION('',(1.E0,0.E0,0.E0));
#1682=VECTOR('',#1681,1.458688876853E0);
#1683=CARTESIAN_POINT('',(-1.1E1,8.5E0,-7.5E0));
#1684=LINE('',#1683,#1682);
#1685=CURVE_STYLE('',#63,POSITIVE_LENGTH_MEASURE(2.E-2),#35);
#1686=PRESENTATION_STYLE_ASSIGNMENT((#1685));
#1687=STYLED_ITEM('',(#1686),#1684);
#1688=DIRECTION('',(5.734623443633E-1,0.E0,-8.192319205190E-1));
#1689=VECTOR('',#1688,4.020655561573E0);
#1690=CARTESIAN_POINT('',(-7.902847282109E0,8.5E0,-8.353075311273E0));
#1691=LINE('',#1690,#1689);
#1692=CURVE_STYLE('',#63,POSITIVE_LENGTH_MEASURE(2.E-2),#35);
#1693=PRESENTATION_STYLE_ASSIGNMENT((#1692));
#1694=STYLED_ITEM('',(#1693),#1691);
#1695=CARTESIAN_POINT('',(-3.958688876853E0,8.5E0,-1.05E1));
#1696=DIRECTION('',(0.E0,1.E0,0.E0));
#1697=DIRECTION('',(0.E0,0.E0,-1.E0));
#1698=AXIS2_PLACEMENT_3D('',#1695,#1696,#1697);
#1700=CURVE_STYLE('',#63,POSITIVE_LENGTH_MEASURE(2.E-2),#35);
#1701=PRESENTATION_STYLE_ASSIGNMENT((#1700));
#1702=STYLED_ITEM('',(#1701),#1699);
#1703=DIRECTION('',(-1.E0,0.E0,0.E0));
#1704=VECTOR('',#1703,8.086888768533E-1);
#1705=CARTESIAN_POINT('',(-3.15E0,8.5E0,-1.25E1));
#1706=LINE('',#1705,#1704);
#1707=CURVE_STYLE('',#63,POSITIVE_LENGTH_MEASURE(2.E-2),#35);
#1708=PRESENTATION_STYLE_ASSIGNMENT((#1707));
#1709=STYLED_ITEM('',(#1708),#1706);
#1710=DIRECTION('',(0.E0,0.E0,1.E0));
#1711=VECTOR('',#1710,1.35E0);
#1712=CARTESIAN_POINT('',(-3.15E0,8.5E0,-1.25E1));
#1713=LINE('',#1712,#1711);
#1714=CURVE_STYLE('',#63,POSITIVE_LENGTH_MEASURE(2.E-2),#35);
#1715=PRESENTATION_STYLE_ASSIGNMENT((#1714));
#1716=STYLED_ITEM('',(#1715),#1713);
#1717=DIRECTION('',(-1.E0,0.E0,0.E0));
#1718=VECTOR('',#1717,1.E0);
#1719=CARTESIAN_POINT('',(-3.15E0,8.5E0,-1.115E1));
#1720=LINE('',#1719,#1718);
#1721=CURVE_STYLE('',#63,POSITIVE_LENGTH_MEASURE(2.E-2),#35);
#1722=PRESENTATION_STYLE_ASSIGNMENT((#1721));
#1723=STYLED_ITEM('',(#1722),#1720);
#1724=DIRECTION('',(0.E0,0.E0,1.E0));
#1725=VECTOR('',#1724,8.3E0);
#1726=CARTESIAN_POINT('',(-4.15E0,8.5E0,-1.115E1));
#1727=LINE('',#1726,#1725);
#1728=CURVE_STYLE('',#63,POSITIVE_LENGTH_MEASURE(2.E-2),#35);
#1729=PRESENTATION_STYLE_ASSIGNMENT((#1728));
#1730=STYLED_ITEM('',(#1729),#1727);
#1731=DIRECTION('',(1.E0,0.E0,0.E0));
#1732=VECTOR('',#1731,8.3E0);
#1733=CARTESIAN_POINT('',(-4.15E0,8.5E0,-2.85E0));
#1734=LINE('',#1733,#1732);
#1735=CURVE_STYLE('',#63,POSITIVE_LENGTH_MEASURE(2.E-2),#35);
#1736=PRESENTATION_STYLE_ASSIGNMENT((#1735));
#1737=STYLED_ITEM('',(#1736),#1734);
#1738=DIRECTION('',(0.E0,0.E0,-1.E0));
#1739=VECTOR('',#1738,8.3E0);
#1740=CARTESIAN_POINT('',(4.15E0,8.5E0,-2.85E0));
#1741=LINE('',#1740,#1739);
#1742=CURVE_STYLE('',#63,POSITIVE_LENGTH_MEASURE(2.E-2),#35);
#1743=PRESENTATION_STYLE_ASSIGNMENT((#1742));
#1744=STYLED_ITEM('',(#1743),#1741);
#1745=DIRECTION('',(-1.E0,0.E0,0.E0));
#1746=VECTOR('',#1745,1.E0);
#1747=CARTESIAN_POINT('',(4.15E0,8.5E0,-1.115E1));
#1748=LINE('',#1747,#1746);
#1749=CURVE_STYLE('',#63,POSITIVE_LENGTH_MEASURE(2.E-2),#35);
#1750=PRESENTATION_STYLE_ASSIGNMENT((#1749));
#1751=STYLED_ITEM('',(#1750),#1748);
#1752=DIRECTION('',(0.E0,0.E0,1.E0));
#1753=VECTOR('',#1752,1.35E0);
#1754=CARTESIAN_POINT('',(3.15E0,8.5E0,-1.25E1));
#1755=LINE('',#1754,#1753);
#1756=CURVE_STYLE('',#63,POSITIVE_LENGTH_MEASURE(2.E-2),#35);
#1757=PRESENTATION_STYLE_ASSIGNMENT((#1756));
#1758=STYLED_ITEM('',(#1757),#1755);
#1759=DIRECTION('',(-1.E0,0.E0,0.E0));
#1760=VECTOR('',#1759,8.086888768533E-1);
#1761=CARTESIAN_POINT('',(3.958688876853E0,8.5E0,-1.25E1));
#1762=LINE('',#1761,#1760);
#1763=CURVE_STYLE('',#63,POSITIVE_LENGTH_MEASURE(2.E-2),#35);
#1764=PRESENTATION_STYLE_ASSIGNMENT((#1763));
#1765=STYLED_ITEM('',(#1764),#1762);
#1766=CARTESIAN_POINT('',(3.958688876853E0,8.5E0,-1.05E1));
#1767=DIRECTION('',(0.E0,1.E0,0.E0));
#1768=DIRECTION('',(8.192319205190E-1,0.E0,-5.734623443633E-1));
#1769=AXIS2_PLACEMENT_3D('',#1766,#1767,#1768);
#1771=CURVE_STYLE('',#63,POSITIVE_LENGTH_MEASURE(2.E-2),#35);
#1772=PRESENTATION_STYLE_ASSIGNMENT((#1771));
#1773=STYLED_ITEM('',(#1772),#1770);
#1774=DIRECTION('',(5.734623443633E-1,0.E0,8.192319205190E-1));
#1775=VECTOR('',#1774,4.020655561573E0);
#1776=CARTESIAN_POINT('',(5.597152717891E0,8.5E0,-1.164692468873E1));
#1777=LINE('',#1776,#1775);
#1778=CURVE_STYLE('',#63,POSITIVE_LENGTH_MEASURE(2.E-2),#35);
#1779=PRESENTATION_STYLE_ASSIGNMENT((#1778));
#1780=STYLED_ITEM('',(#1779),#1777);
#1781=DIRECTION('',(-1.E0,0.E0,0.E0));
#1782=VECTOR('',#1781,1.458688876853E0);
#1783=CARTESIAN_POINT('',(1.1E1,8.5E0,-7.5E0));
#1784=LINE('',#1783,#1782);
#1785=CURVE_STYLE('',#63,POSITIVE_LENGTH_MEASURE(2.E-2),#35);
#1786=PRESENTATION_STYLE_ASSIGNMENT((#1785));
#1787=STYLED_ITEM('',(#1786),#1784);
#1788=CARTESIAN_POINT('',(1.1E1,8.5E0,-5.5E0));
#1789=DIRECTION('',(0.E0,1.E0,0.E0));
#1790=DIRECTION('',(1.E0,0.E0,0.E0));
#1791=AXIS2_PLACEMENT_3D('',#1788,#1789,#1790);
#1793=CURVE_STYLE('',#63,POSITIVE_LENGTH_MEASURE(2.E-2),#35);
#1794=PRESENTATION_STYLE_ASSIGNMENT((#1793));
#1795=STYLED_ITEM('',(#1794),#1792);
#1796=DIRECTION('',(0.E0,0.E0,-1.E0));
#1797=VECTOR('',#1796,5.0998649E0);
#1798=CARTESIAN_POINT('',(1.3E1,8.5E0,-4.001351E-1));
#1799=LINE('',#1798,#1797);
#1800=CURVE_STYLE('',#63,POSITIVE_LENGTH_MEASURE(2.E-2),#35);
#1801=PRESENTATION_STYLE_ASSIGNMENT((#1800));
#1802=STYLED_ITEM('',(#1801),#1799);
#1803=CARTESIAN_POINT('',(1.1E1,8.5E0,-4.001351E-1));
#1804=DIRECTION('',(0.E0,1.E0,0.E0));
#1805=DIRECTION('',(0.E0,0.E0,1.E0));
#1806=AXIS2_PLACEMENT_3D('',#1803,#1804,#1805);
#1808=CURVE_STYLE('',#63,POSITIVE_LENGTH_MEASURE(2.E-2),#35);
#1809=PRESENTATION_STYLE_ASSIGNMENT((#1808));
#1810=STYLED_ITEM('',(#1809),#1807);
#1811=DIRECTION('',(1.E0,0.E0,0.E0));
#1812=VECTOR('',#1811,2.2E1);
#1813=CARTESIAN_POINT('',(-1.1E1,8.5E0,1.5998649E0));
#1814=LINE('',#1813,#1812);
#1815=CURVE_STYLE('',#63,POSITIVE_LENGTH_MEASURE(2.E-2),#35);
#1816=PRESENTATION_STYLE_ASSIGNMENT((#1815));
#1817=STYLED_ITEM('',(#1816),#1814);
#1818=CARTESIAN_POINT('',(-9.541311123147E0,8.5E0,-9.5E0));
#1819=DIRECTION('',(0.E0,-1.E0,0.E0));
#1820=DIRECTION('',(8.192319205190E-1,0.E0,5.734623443633E-1));
#1821=AXIS2_PLACEMENT_3D('',#1818,#1819,#1820);
#1823=CURVE_STYLE('',#63,POSITIVE_LENGTH_MEASURE(2.E-2),#35);
#1824=PRESENTATION_STYLE_ASSIGNMENT((#1823));
#1825=STYLED_ITEM('',(#1824),#1822);
#1826=CARTESIAN_POINT('',(-9.541311123147E0,2.5E0,-9.5E0));
#1827=DIRECTION('',(0.E0,1.E0,0.E0));
#1828=DIRECTION('',(0.E0,0.E0,1.E0));
#1829=AXIS2_PLACEMENT_3D('',#1826,#1827,#1828);
#1831=CURVE_STYLE('',#63,POSITIVE_LENGTH_MEASURE(2.E-2),#35);
#1832=PRESENTATION_STYLE_ASSIGNMENT((#1831));
#1833=STYLED_ITEM('',(#1832),#1830);
#1834=DIRECTION('',(0.E0,1.E0,0.E0));
#1835=VECTOR('',#1834,6.E0);
#1836=CARTESIAN_POINT('',(-5.597152717891E0,2.5E0,-1.164692468873E1));
#1837=LINE('',#1836,#1835);
#1838=CURVE_STYLE('',#63,POSITIVE_LENGTH_MEASURE(2.E-2),#35);
#1839=PRESENTATION_STYLE_ASSIGNMENT((#1838));
#1840=STYLED_ITEM('',(#1839),#1837);
#1841=DIRECTION('',(0.E0,-1.E0,0.E0));
#1842=VECTOR('',#1841,6.E0);
#1843=CARTESIAN_POINT('',(-7.902847282109E0,8.5E0,-8.353075311273E0));
#1844=LINE('',#1843,#1842);
#1845=CURVE_STYLE('',#63,POSITIVE_LENGTH_MEASURE(2.E-2),#35);
#1846=PRESENTATION_STYLE_ASSIGNMENT((#1845));
#1847=STYLED_ITEM('',(#1846),#1844);
#1848=DIRECTION('',(0.E0,-1.E0,0.E0));
#1849=VECTOR('',#1848,6.E0);
#1850=CARTESIAN_POINT('',(3.958688876853E0,8.5E0,-1.25E1));
#1851=LINE('',#1850,#1849);
#1852=CURVE_STYLE('',#63,POSITIVE_LENGTH_MEASURE(2.E-2),#35);
#1853=PRESENTATION_STYLE_ASSIGNMENT((#1852));
#1854=STYLED_ITEM('',(#1853),#1851);
#1855=DIRECTION('',(0.E0,-1.E0,0.E0));
#1856=VECTOR('',#1855,2.E0);
#1857=CARTESIAN_POINT('',(3.15E0,8.5E0,-1.25E1));
#1858=LINE('',#1857,#1856);
#1859=CURVE_STYLE('',#63,POSITIVE_LENGTH_MEASURE(2.E-2),#35);
#1860=PRESENTATION_STYLE_ASSIGNMENT((#1859));
#1861=STYLED_ITEM('',(#1860),#1858);
#1862=DIRECTION('',(1.E0,0.E0,0.E0));
#1863=VECTOR('',#1862,6.3E0);
#1864=CARTESIAN_POINT('',(-3.15E0,6.5E0,-1.25E1));
#1865=LINE('',#1864,#1863);
#1866=CURVE_STYLE('',#63,POSITIVE_LENGTH_MEASURE(2.E-2),#35);
#1867=PRESENTATION_STYLE_ASSIGNMENT((#1866));
#1868=STYLED_ITEM('',(#1867),#1865);
#1869=DIRECTION('',(0.E0,-1.E0,0.E0));
#1870=VECTOR('',#1869,2.E0);
#1871=CARTESIAN_POINT('',(-3.15E0,8.5E0,-1.25E1));
#1872=LINE('',#1871,#1870);
#1873=CURVE_STYLE('',#63,POSITIVE_LENGTH_MEASURE(2.E-2),#35);
#1874=PRESENTATION_STYLE_ASSIGNMENT((#1873));
#1875=STYLED_ITEM('',(#1874),#1872);
#1876=DIRECTION('',(0.E0,1.E0,0.E0));
#1877=VECTOR('',#1876,6.E0);
#1878=CARTESIAN_POINT('',(-3.958688876853E0,2.5E0,-1.25E1));
#1879=LINE('',#1878,#1877);
#1880=CURVE_STYLE('',#63,POSITIVE_LENGTH_MEASURE(2.E-2),#35);
#1881=PRESENTATION_STYLE_ASSIGNMENT((#1880));
#1882=STYLED_ITEM('',(#1881),#1879);
#1883=DIRECTION('',(-1.E0,0.E0,0.E0));
#1884=VECTOR('',#1883,7.917377753707E0);
#1885=CARTESIAN_POINT('',(3.958688876853E0,2.5E0,-1.25E1));
#1886=LINE('',#1885,#1884);
#1887=CURVE_STYLE('',#63,POSITIVE_LENGTH_MEASURE(2.E-2),#35);
#1888=PRESENTATION_STYLE_ASSIGNMENT((#1887));
#1889=STYLED_ITEM('',(#1888),#1886);
#1890=DIRECTION('',(0.E0,-1.E0,0.E0));
#1891=VECTOR('',#1890,6.E0);
#1892=CARTESIAN_POINT('',(5.597152717891E0,8.5E0,-1.164692468873E1));
#1893=LINE('',#1892,#1891);
#1894=CURVE_STYLE('',#63,POSITIVE_LENGTH_MEASURE(2.E-2),#35);
#1895=PRESENTATION_STYLE_ASSIGNMENT((#1894));
#1896=STYLED_ITEM('',(#1895),#1893);
#1897=DIRECTION('',(0.E0,-1.E0,0.E0));
#1898=VECTOR('',#1897,6.E0);
#1899=CARTESIAN_POINT('',(7.902847282109E0,8.5E0,-8.353075311273E0));
#1900=LINE('',#1899,#1898);
#1901=CURVE_STYLE('',#63,POSITIVE_LENGTH_MEASURE(2.E-2),#35);
#1902=PRESENTATION_STYLE_ASSIGNMENT((#1901));
#1903=STYLED_ITEM('',(#1902),#1900);
#1904=CARTESIAN_POINT('',(9.541311123147E0,8.5E0,-9.5E0));
#1905=DIRECTION('',(0.E0,-1.E0,0.E0));
#1906=DIRECTION('',(0.E0,0.E0,1.E0));
#1907=AXIS2_PLACEMENT_3D('',#1904,#1905,#1906);
#1909=CURVE_STYLE('',#63,POSITIVE_LENGTH_MEASURE(2.E-2),#35);
#1910=PRESENTATION_STYLE_ASSIGNMENT((#1909));
#1911=STYLED_ITEM('',(#1910),#1908);
#1912=CARTESIAN_POINT('',(9.541311123147E0,2.5E0,-9.5E0));
#1913=DIRECTION('',(0.E0,1.E0,0.E0));
#1914=DIRECTION('',(-8.192319205190E-1,0.E0,5.734623443633E-1));
#1915=AXIS2_PLACEMENT_3D('',#1912,#1913,#1914);
#1917=CURVE_STYLE('',#63,POSITIVE_LENGTH_MEASURE(2.E-2),#35);
#1918=PRESENTATION_STYLE_ASSIGNMENT((#1917));
#1919=STYLED_ITEM('',(#1918),#1916);
#1920=DIRECTION('',(0.E0,-1.E0,0.E0));
#1921=VECTOR('',#1920,8.5E0);
#1922=CARTESIAN_POINT('',(1.1E1,8.5E0,-7.5E0));
#1923=LINE('',#1922,#1921);
#1924=CURVE_STYLE('',#63,POSITIVE_LENGTH_MEASURE(2.E-2),#35);
#1925=PRESENTATION_STYLE_ASSIGNMENT((#1924));
#1926=STYLED_ITEM('',(#1925),#1923);
#1927=DIRECTION('',(0.E0,-1.E0,0.E0));
#1928=VECTOR('',#1927,6.E0);
#1929=CARTESIAN_POINT('',(9.541311123147E0,8.5E0,-7.5E0));
#1930=LINE('',#1929,#1928);
#1931=CURVE_STYLE('',#63,POSITIVE_LENGTH_MEASURE(2.E-2),#35);
#1932=PRESENTATION_STYLE_ASSIGNMENT((#1931));
#1933=STYLED_ITEM('',(#1932),#1930);
#1934=DIRECTION('',(-1.E0,0.E0,0.E0));
#1935=VECTOR('',#1934,1.041311123147E0);
#1936=CARTESIAN_POINT('',(9.541311123147E0,2.5E0,-7.5E0));
#1937=LINE('',#1936,#1935);
#1938=CURVE_STYLE('',#63,POSITIVE_LENGTH_MEASURE(2.E-2),#35);
#1939=PRESENTATION_STYLE_ASSIGNMENT((#1938));
#1940=STYLED_ITEM('',(#1939),#1937);
#1941=DIRECTION('',(0.E0,1.E0,0.E0));
#1942=VECTOR('',#1941,2.5E0);
#1943=CARTESIAN_POINT('',(8.5E0,0.E0,-7.5E0));
#1944=LINE('',#1943,#1942);
#1945=CURVE_STYLE('',#63,POSITIVE_LENGTH_MEASURE(2.E-2),#35);
#1946=PRESENTATION_STYLE_ASSIGNMENT((#1945));
#1947=STYLED_ITEM('',(#1946),#1944);
#1948=DIRECTION('',(0.E0,1.E0,0.E0));
#1949=VECTOR('',#1948,2.5E0);
#1950=CARTESIAN_POINT('',(8.5E0,0.E0,-4.5E0));
#1951=LINE('',#1950,#1949);
#1952=CURVE_STYLE('',#63,POSITIVE_LENGTH_MEASURE(2.E-2),#35);
#1953=PRESENTATION_STYLE_ASSIGNMENT((#1952));
#1954=STYLED_ITEM('',(#1953),#1951);
#1955=DIRECTION('',(0.E0,-1.E0,0.E0));
#1956=VECTOR('',#1955,2.E0);
#1957=CARTESIAN_POINT('',(3.15E0,8.5E0,-1.115E1));
#1958=LINE('',#1957,#1956);
#1959=CURVE_STYLE('',#63,POSITIVE_LENGTH_MEASURE(2.E-2),#35);
#1960=PRESENTATION_STYLE_ASSIGNMENT((#1959));
#1961=STYLED_ITEM('',(#1960),#1958);
#1962=DIRECTION('',(0.E0,-1.E0,0.E0));
#1963=VECTOR('',#1962,2.E0);
#1964=CARTESIAN_POINT('',(4.15E0,8.5E0,-1.115E1));
#1965=LINE('',#1964,#1963);
#1966=CURVE_STYLE('',#63,POSITIVE_LENGTH_MEASURE(2.E-2),#35);
#1967=PRESENTATION_STYLE_ASSIGNMENT((#1966));
#1968=STYLED_ITEM('',(#1967),#1965);
#1969=DIRECTION('',(0.E0,-1.E0,0.E0));
#1970=VECTOR('',#1969,2.E0);
#1971=CARTESIAN_POINT('',(4.15E0,8.5E0,-2.85E0));
#1972=LINE('',#1971,#1970);
#1973=CURVE_STYLE('',#63,POSITIVE_LENGTH_MEASURE(2.E-2),#35);
#1974=PRESENTATION_STYLE_ASSIGNMENT((#1973));
#1975=STYLED_ITEM('',(#1974),#1972);
#1976=DIRECTION('',(0.E0,-1.E0,0.E0));
#1977=VECTOR('',#1976,2.E0);
#1978=CARTESIAN_POINT('',(-4.15E0,8.5E0,-2.85E0));
#1979=LINE('',#1978,#1977);
#1980=CURVE_STYLE('',#63,POSITIVE_LENGTH_MEASURE(2.E-2),#35);
#1981=PRESENTATION_STYLE_ASSIGNMENT((#1980));
#1982=STYLED_ITEM('',(#1981),#1979);
#1983=DIRECTION('',(0.E0,-1.E0,0.E0));
#1984=VECTOR('',#1983,2.E0);
#1985=CARTESIAN_POINT('',(-4.15E0,8.5E0,-1.115E1));
#1986=LINE('',#1985,#1984);
#1987=CURVE_STYLE('',#63,POSITIVE_LENGTH_MEASURE(2.E-2),#35);
#1988=PRESENTATION_STYLE_ASSIGNMENT((#1987));
#1989=STYLED_ITEM('',(#1988),#1986);
#1990=DIRECTION('',(0.E0,-1.E0,0.E0));
#1991=VECTOR('',#1990,2.E0);
#1992=CARTESIAN_POINT('',(-3.15E0,8.5E0,-1.115E1));
#1993=LINE('',#1992,#1991);
#1994=CURVE_STYLE('',#63,POSITIVE_LENGTH_MEASURE(2.E-2),#35);
#1995=PRESENTATION_STYLE_ASSIGNMENT((#1994));
#1996=STYLED_ITEM('',(#1995),#1993);
#1997=DIRECTION('',(0.E0,0.E0,-1.E0));
#1998=VECTOR('',#1997,1.35E0);
#1999=CARTESIAN_POINT('',(3.15E0,6.5E0,-1.115E1));
#2000=LINE('',#1999,#1998);
#2001=CURVE_STYLE('',#63,POSITIVE_LENGTH_MEASURE(2.E-2),#35);
#2002=PRESENTATION_STYLE_ASSIGNMENT((#2001));
#2003=STYLED_ITEM('',(#2002),#2000);
#2004=DIRECTION('',(-1.E0,0.E0,0.E0));
#2005=VECTOR('',#2004,1.E0);
#2006=CARTESIAN_POINT('',(4.15E0,6.5E0,-1.115E1));
#2007=LINE('',#2006,#2005);
#2008=CURVE_STYLE('',#63,POSITIVE_LENGTH_MEASURE(2.E-2),#35);
#2009=PRESENTATION_STYLE_ASSIGNMENT((#2008));
#2010=STYLED_ITEM('',(#2009),#2007);
#2011=DIRECTION('',(0.E0,0.E0,-1.E0));
#2012=VECTOR('',#2011,8.3E0);
#2013=CARTESIAN_POINT('',(4.15E0,6.5E0,-2.85E0));
#2014=LINE('',#2013,#2012);
#2015=CURVE_STYLE('',#63,POSITIVE_LENGTH_MEASURE(2.E-2),#35);
#2016=PRESENTATION_STYLE_ASSIGNMENT((#2015));
#2017=STYLED_ITEM('',(#2016),#2014);
#2018=DIRECTION('',(1.E0,0.E0,0.E0));
#2019=VECTOR('',#2018,8.3E0);
#2020=CARTESIAN_POINT('',(-4.15E0,6.5E0,-2.85E0));
#2021=LINE('',#2020,#2019);
#2022=CURVE_STYLE('',#63,POSITIVE_LENGTH_MEASURE(2.E-2),#35);
#2023=PRESENTATION_STYLE_ASSIGNMENT((#2022));
#2024=STYLED_ITEM('',(#2023),#2021);
#2025=DIRECTION('',(0.E0,0.E0,1.E0));
#2026=VECTOR('',#2025,8.3E0);
#2027=CARTESIAN_POINT('',(-4.15E0,6.5E0,-1.115E1));
#2028=LINE('',#2027,#2026);
#2029=CURVE_STYLE('',#63,POSITIVE_LENGTH_MEASURE(2.E-2),#35);
#2030=PRESENTATION_STYLE_ASSIGNMENT((#2029));
#2031=STYLED_ITEM('',(#2030),#2028);
#2032=DIRECTION('',(-1.E0,0.E0,0.E0));
#2033=VECTOR('',#2032,1.E0);
#2034=CARTESIAN_POINT('',(-3.15E0,6.5E0,-1.115E1));
#2035=LINE('',#2034,#2033);
#2036=CURVE_STYLE('',#63,POSITIVE_LENGTH_MEASURE(2.E-2),#35);
#2037=PRESENTATION_STYLE_ASSIGNMENT((#2036));
#2038=STYLED_ITEM('',(#2037),#2035);
#2039=DIRECTION('',(0.E0,0.E0,1.E0));
#2040=VECTOR('',#2039,1.35E0);
#2041=CARTESIAN_POINT('',(-3.15E0,6.5E0,-1.25E1));
#2042=LINE('',#2041,#2040);
#2043=CURVE_STYLE('',#63,POSITIVE_LENGTH_MEASURE(2.E-2),#35);
#2044=PRESENTATION_STYLE_ASSIGNMENT((#2043));
#2045=STYLED_ITEM('',(#2044),#2042);
#2046=DIRECTION('',(0.E0,1.E0,0.E0));
#2047=VECTOR('',#2046,2.5E0);
#2048=CARTESIAN_POINT('',(6.010240497034E0,0.E0,2.753624074792E1));
#2049=LINE('',#2048,#2047);
#2050=CURVE_STYLE('',#63,POSITIVE_LENGTH_MEASURE(2.E-2),#35);
#2051=PRESENTATION_STYLE_ASSIGNMENT((#2050));
#2052=STYLED_ITEM('',(#2051),#2049);
#2053=CARTESIAN_POINT('',(2.120012938E1,0.E0,4.5998649E0));
#2054=CARTESIAN_POINT('',(2.280012938E1,0.E0,4.5998649E0));
#2055=VERTEX_POINT('',#2053);
#2056=VERTEX_POINT('',#2054);
#2057=CARTESIAN_POINT('',(-2.279999852E1,0.E0,4.5998649E0));
#2058=CARTESIAN_POINT('',(-2.119999852E1,0.E0,4.5998649E0));
#2059=VERTEX_POINT('',#2057);
#2060=VERTEX_POINT('',#2058);
#2061=CARTESIAN_POINT('',(2.120012938E1,7.E0,4.5998649E0));
#2062=CARTESIAN_POINT('',(2.280012938E1,7.E0,4.5998649E0));
#2063=VERTEX_POINT('',#2061);
#2064=VERTEX_POINT('',#2062);
#2065=CARTESIAN_POINT('',(-2.279999852E1,7.E0,4.5998649E0));
#2066=CARTESIAN_POINT('',(-2.119999852E1,7.E0,4.5998649E0));
#2067=VERTEX_POINT('',#2065);
#2068=VERTEX_POINT('',#2066);
#2069=CARTESIAN_POINT('',(-3.15E0,6.5E0,-1.25E1));
#2070=CARTESIAN_POINT('',(3.15E0,6.5E0,-1.25E1));
#2071=VERTEX_POINT('',#2069);
#2072=VERTEX_POINT('',#2070);
#2073=CARTESIAN_POINT('',(-3.15E0,6.5E0,-1.115E1));
#2074=CARTESIAN_POINT('',(-4.15E0,6.5E0,-1.115E1));
#2075=VERTEX_POINT('',#2073);
#2076=VERTEX_POINT('',#2074);
#2077=CARTESIAN_POINT('',(-4.15E0,6.5E0,-2.85E0));
#2078=VERTEX_POINT('',#2077);
#2079=CARTESIAN_POINT('',(4.15E0,6.5E0,-2.85E0));
#2080=VERTEX_POINT('',#2079);
#2081=CARTESIAN_POINT('',(4.15E0,6.5E0,-1.115E1));
#2082=VERTEX_POINT('',#2081);
#2083=CARTESIAN_POINT('',(3.15E0,6.5E0,-1.115E1));
#2084=VERTEX_POINT('',#2083);
#2085=CARTESIAN_POINT('',(-3.15E0,8.5E0,-1.115E1));
#2086=CARTESIAN_POINT('',(-4.15E0,8.5E0,-1.115E1));
#2087=VERTEX_POINT('',#2085);
#2088=VERTEX_POINT('',#2086);
#2089=CARTESIAN_POINT('',(-4.15E0,8.5E0,-2.85E0));
#2090=VERTEX_POINT('',#2089);
#2091=CARTESIAN_POINT('',(4.15E0,8.5E0,-2.85E0));
#2092=VERTEX_POINT('',#2091);
#2093=CARTESIAN_POINT('',(4.15E0,8.5E0,-1.115E1));
#2094=VERTEX_POINT('',#2093);
#2095=CARTESIAN_POINT('',(3.15E0,8.5E0,-1.115E1));
#2096=VERTEX_POINT('',#2095);
#2097=CARTESIAN_POINT('',(-8.871945575294E0,3.8E0,2.715E1));
#2098=CARTESIAN_POINT('',(-7.15E0,3.8E0,2.715E1));
#2099=VERTEX_POINT('',#2097);
#2100=VERTEX_POINT('',#2098);
#2101=CARTESIAN_POINT('',(-7.15E0,3.8E0,1.685E1));
#2102=CARTESIAN_POINT('',(-1.3E1,3.8E0,1.685E1));
#2103=VERTEX_POINT('',#2101);
#2104=VERTEX_POINT('',#2102);
#2105=CARTESIAN_POINT('',(1.15E0,7.7E0,1.685E1));
#2106=CARTESIAN_POINT('',(-1.624038176891E0,7.7E0,1.685E1));
#2107=VERTEX_POINT('',#2105);
#2108=VERTEX_POINT('',#2106);
#2109=CARTESIAN_POINT('',(-1.624038176891E0,1.115E1,1.685E1));
#2110=VERTEX_POINT('',#2109);
#2111=CARTESIAN_POINT('',(1.15E0,7.7E0,2.715E1));
#2112=CARTESIAN_POINT('',(-1.624038176891E0,7.7E0,2.715E1));
#2113=VERTEX_POINT('',#2111);
#2114=VERTEX_POINT('',#2112);
#2115=CARTESIAN_POINT('',(-1.624038176891E0,1.115E1,2.715E1));
#2116=VERTEX_POINT('',#2115);
#2117=CARTESIAN_POINT('',(1.15E0,2.5E0,1.685E1));
#2118=VERTEX_POINT('',#2117);
#2119=CARTESIAN_POINT('',(1.15E0,2.5E0,2.715E1));
#2120=VERTEX_POINT('',#2119);
#2121=CARTESIAN_POINT('',(-3.897114317030E0,1.115E1,2.715E1));
#2122=CARTESIAN_POINT('',(-3.897114317030E0,7.E0,2.715E1));
#2123=VERTEX_POINT('',#2121);
#2124=VERTEX_POINT('',#2122);
#2125=CARTESIAN_POINT('',(-4.071611973016E0,1.115E1,2.769402985075E1));
#2126=VERTEX_POINT('',#2125);
#2127=CARTESIAN_POINT('',(-4.071611973016E0,7.E0,2.769402985075E1));
#2128=VERTEX_POINT('',#2127);
#2129=CARTESIAN_POINT('',(-4.071611973016E0,1.115E1,1.630597014925E1));
#2130=CARTESIAN_POINT('',(-4.071611973016E0,7.E0,1.630597014925E1));
#2131=VERTEX_POINT('',#2129);
#2132=VERTEX_POINT('',#2130);
#2133=CARTESIAN_POINT('',(-3.897114317030E0,1.115E1,1.685E1));
#2134=VERTEX_POINT('',#2133);
#2135=CARTESIAN_POINT('',(-3.897114317030E0,7.E0,1.685E1));
#2136=VERTEX_POINT('',#2135);
#2137=CARTESIAN_POINT('',(3.15E0,8.5E0,-1.25E1));
#2138=VERTEX_POINT('',#2137);
#2139=CARTESIAN_POINT('',(-3.15E0,8.5E0,-1.25E1));
#2140=VERTEX_POINT('',#2139);
#2141=CARTESIAN_POINT('',(8.E0,2.5E0,9.5998649E0));
#2142=CARTESIAN_POINT('',(8.E0,2.5E0,5.0998649E0));
#2143=VERTEX_POINT('',#2141);
#2144=VERTEX_POINT('',#2142);
#2145=CARTESIAN_POINT('',(-2.E0,2.5E0,5.0998649E0));
#2146=VERTEX_POINT('',#2145);
#2147=CARTESIAN_POINT('',(-2.E0,2.5E0,9.5998649E0));
#2148=VERTEX_POINT('',#2147);
#2149=CARTESIAN_POINT('',(1.899999926E1,0.E0,1.5998649E0));
#2150=CARTESIAN_POINT('',(1.899999926E1,0.E0,7.5998649E0));
#2151=VERTEX_POINT('',#2149);
#2152=VERTEX_POINT('',#2150);
#2153=CARTESIAN_POINT('',(-1.899999926E1,0.E0,7.5998649E0));
#2154=CARTESIAN_POINT('',(-1.899999926E1,0.E0,1.5998649E0));
#2155=VERTEX_POINT('',#2153);
#2156=VERTEX_POINT('',#2154);
#2157=CARTESIAN_POINT('',(-1.3E1,0.E0,-4.5E0));
#2158=CARTESIAN_POINT('',(-8.5E0,0.E0,-4.5E0));
#2159=VERTEX_POINT('',#2157);
#2160=VERTEX_POINT('',#2158);
#2161=CARTESIAN_POINT('',(-8.5E0,0.E0,-7.5E0));
#2162=VERTEX_POINT('',#2161);
#2163=CARTESIAN_POINT('',(8.5E0,0.E0,-7.5E0));
#2164=CARTESIAN_POINT('',(8.5E0,0.E0,-4.5E0));
#2165=VERTEX_POINT('',#2163);
#2166=VERTEX_POINT('',#2164);
#2167=CARTESIAN_POINT('',(1.3E1,0.E0,-4.5E0));
#2168=VERTEX_POINT('',#2167);
#2169=CARTESIAN_POINT('',(8.E0,0.E0,9.5998649E0));
#2170=CARTESIAN_POINT('',(8.E0,0.E0,5.0998649E0));
#2171=VERTEX_POINT('',#2169);
#2172=VERTEX_POINT('',#2170);
#2173=CARTESIAN_POINT('',(-2.E0,0.E0,5.0998649E0));
#2174=VERTEX_POINT('',#2173);
#2175=CARTESIAN_POINT('',(-2.E0,0.E0,9.5998649E0));
#2176=VERTEX_POINT('',#2175);
#2177=CARTESIAN_POINT('',(-1.899999926E1,2.5E0,1.5998649E0));
#2178=VERTEX_POINT('',#2177);
#2179=CARTESIAN_POINT('',(-1.3E1,2.5E0,-4.5E0));
#2180=VERTEX_POINT('',#2179);
#2181=CARTESIAN_POINT('',(1.3E1,2.5E0,-4.5E0));
#2182=VERTEX_POINT('',#2181);
#2183=CARTESIAN_POINT('',(1.899999926E1,2.5E0,1.5998649E0));
#2184=VERTEX_POINT('',#2183);
#2185=CARTESIAN_POINT('',(1.899999926E1,2.5E0,7.5998649E0));
#2186=VERTEX_POINT('',#2185);
#2187=CARTESIAN_POINT('',(-1.899999926E1,2.5E0,7.5998649E0));
#2188=VERTEX_POINT('',#2187);
#2189=CARTESIAN_POINT('',(-8.5E0,2.5E0,-4.5E0));
#2190=VERTEX_POINT('',#2189);
#2191=CARTESIAN_POINT('',(8.5E0,2.5E0,-4.5E0));
#2192=VERTEX_POINT('',#2191);
#2193=CARTESIAN_POINT('',(-7.803847577293E0,7.E0,2.9E1));
#2194=CARTESIAN_POINT('',(-7.803847577293E0,2.5E0,2.9E1));
#2195=VERTEX_POINT('',#2193);
#2196=VERTEX_POINT('',#2194);
#2197=CARTESIAN_POINT('',(-4.339745962156E0,7.E0,3.1E1));
#2198=VERTEX_POINT('',#2197);
#2199=CARTESIAN_POINT('',(4.339745962156E0,7.E0,3.1E1));
#2200=CARTESIAN_POINT('',(7.803847577293E0,7.E0,2.9E1));
#2201=VERTEX_POINT('',#2199);
#2202=VERTEX_POINT('',#2200);
#2203=CARTESIAN_POINT('',(4.339745962156E0,2.5E0,3.1E1));
#2204=VERTEX_POINT('',#2203);
#2205=CARTESIAN_POINT('',(1.246410161514E1,7.E0,2.092820323028E1));
#2206=CARTESIAN_POINT('',(1.3E1,7.E0,1.892820323028E1));
#2207=VERTEX_POINT('',#2205);
#2208=VERTEX_POINT('',#2206);
#2209=CARTESIAN_POINT('',(1.3E1,2.5E0,1.892820323028E1));
#2210=VERTEX_POINT('',#2209);
#2211=CARTESIAN_POINT('',(-1.246410161514E1,2.5E0,2.092820323028E1));
#2212=CARTESIAN_POINT('',(-1.3E1,2.5E0,1.892820323028E1));
#2213=VERTEX_POINT('',#2211);
#2214=VERTEX_POINT('',#2212);
#2215=CARTESIAN_POINT('',(-1.5E1,2.5E0,1.5998649E0));
#2216=CARTESIAN_POINT('',(-1.5E1,7.E0,1.5998649E0));
#2217=VERTEX_POINT('',#2215);
#2218=VERTEX_POINT('',#2216);
#2219=CARTESIAN_POINT('',(1.5E1,2.5E0,1.5998649E0));
#2220=CARTESIAN_POINT('',(1.5E1,7.E0,1.5998649E0));
#2221=VERTEX_POINT('',#2219);
#2222=VERTEX_POINT('',#2220);
#2223=CARTESIAN_POINT('',(9.541311123147E0,8.5E0,-7.5E0));
#2224=CARTESIAN_POINT('',(9.541311123147E0,2.5E0,-7.5E0));
#2225=VERTEX_POINT('',#2223);
#2226=VERTEX_POINT('',#2224);
#2227=CARTESIAN_POINT('',(7.902847282109E0,8.5E0,-8.353075311273E0));
#2228=CARTESIAN_POINT('',(7.902847282109E0,2.5E0,-8.353075311273E0));
#2229=VERTEX_POINT('',#2227);
#2230=VERTEX_POINT('',#2228);
#2231=CARTESIAN_POINT('',(-7.902847282109E0,8.5E0,-8.353075311273E0));
#2232=CARTESIAN_POINT('',(-7.902847282109E0,2.5E0,-8.353075311273E0));
#2233=VERTEX_POINT('',#2231);
#2234=VERTEX_POINT('',#2232);
#2235=CARTESIAN_POINT('',(-9.541311123147E0,8.5E0,-7.5E0));
#2236=CARTESIAN_POINT('',(-9.541311123147E0,2.5E0,-7.5E0));
#2237=VERTEX_POINT('',#2235);
#2238=VERTEX_POINT('',#2236);
#2239=CARTESIAN_POINT('',(1.3E1,2.5E0,-4.001351E-1));
#2240=VERTEX_POINT('',#2239);
#2241=CARTESIAN_POINT('',(-1.3E1,2.5E0,-4.001351E-1));
#2242=VERTEX_POINT('',#2241);
#2243=CARTESIAN_POINT('',(-8.5E0,2.5E0,-7.5E0));
#2244=VERTEX_POINT('',#2243);
#2245=CARTESIAN_POINT('',(8.5E0,2.5E0,-7.5E0));
#2246=VERTEX_POINT('',#2245);
#2247=CARTESIAN_POINT('',(-1.3E1,8.5E0,-4.001351E-1));
#2248=CARTESIAN_POINT('',(-1.3E1,7.E0,-4.001351E-1));
#2249=VERTEX_POINT('',#2247);
#2250=VERTEX_POINT('',#2248);
#2251=CARTESIAN_POINT('',(-1.1E1,8.5E0,1.5998649E0));
#2252=VERTEX_POINT('',#2251);
#2253=CARTESIAN_POINT('',(-1.1E1,7.E0,1.5998649E0));
#2254=VERTEX_POINT('',#2253);
#2255=CARTESIAN_POINT('',(1.1E1,8.5E0,1.5998649E0));
#2256=CARTESIAN_POINT('',(1.1E1,7.E0,1.5998649E0));
#2257=VERTEX_POINT('',#2255);
#2258=VERTEX_POINT('',#2256);
#2259=CARTESIAN_POINT('',(1.3E1,8.5E0,-4.001351E-1));
#2260=VERTEX_POINT('',#2259);
#2261=CARTESIAN_POINT('',(1.3E1,7.E0,-4.001351E-1));
#2262=VERTEX_POINT('',#2261);
#2263=CARTESIAN_POINT('',(1.1E1,0.E0,-7.5E0));
#2264=CARTESIAN_POINT('',(1.3E1,0.E0,-5.5E0));
#2265=VERTEX_POINT('',#2263);
#2266=VERTEX_POINT('',#2264);
#2267=CARTESIAN_POINT('',(1.3E1,8.5E0,-5.5E0));
#2268=VERTEX_POINT('',#2267);
#2269=CARTESIAN_POINT('',(1.1E1,8.5E0,-7.5E0));
#2270=VERTEX_POINT('',#2269);
#2271=CARTESIAN_POINT('',(3.958688876853E0,2.5E0,-1.25E1));
#2272=CARTESIAN_POINT('',(5.597152717891E0,2.5E0,-1.164692468873E1));
#2273=VERTEX_POINT('',#2271);
#2274=VERTEX_POINT('',#2272);
#2275=CARTESIAN_POINT('',(5.597152717891E0,8.5E0,-1.164692468873E1));
#2276=VERTEX_POINT('',#2275);
#2277=CARTESIAN_POINT('',(3.958688876853E0,8.5E0,-1.25E1));
#2278=VERTEX_POINT('',#2277);
#2279=CARTESIAN_POINT('',(-3.958688876853E0,8.5E0,-1.25E1));
#2280=CARTESIAN_POINT('',(-5.597152717891E0,8.5E0,-1.164692468873E1));
#2281=VERTEX_POINT('',#2279);
#2282=VERTEX_POINT('',#2280);
#2283=CARTESIAN_POINT('',(-5.597152717891E0,2.5E0,-1.164692468873E1));
#2284=VERTEX_POINT('',#2283);
#2285=CARTESIAN_POINT('',(-3.958688876853E0,2.5E0,-1.25E1));
#2286=VERTEX_POINT('',#2285);
#2287=CARTESIAN_POINT('',(-1.1E1,8.5E0,-7.5E0));
#2288=CARTESIAN_POINT('',(-1.3E1,8.5E0,-5.5E0));
#2289=VERTEX_POINT('',#2287);
#2290=VERTEX_POINT('',#2288);
#2291=CARTESIAN_POINT('',(-1.3E1,0.E0,-5.5E0));
#2292=VERTEX_POINT('',#2291);
#2293=CARTESIAN_POINT('',(-1.1E1,0.E0,-7.5E0));
#2294=VERTEX_POINT('',#2293);
#2295=CARTESIAN_POINT('',(2.499999852E1,0.E0,5.5998649E0));
#2296=CARTESIAN_POINT('',(2.299999852E1,0.E0,7.5998649E0));
#2297=VERTEX_POINT('',#2295);
#2298=VERTEX_POINT('',#2296);
#2299=CARTESIAN_POINT('',(2.299999852E1,7.E0,7.5998649E0));
#2300=VERTEX_POINT('',#2299);
#2301=CARTESIAN_POINT('',(2.499999852E1,7.E0,5.5998649E0));
#2302=VERTEX_POINT('',#2301);
#2303=CARTESIAN_POINT('',(2.299999852E1,0.E0,1.5998649E0));
#2304=CARTESIAN_POINT('',(2.499999852E1,0.E0,3.5998649E0));
#2305=VERTEX_POINT('',#2303);
#2306=VERTEX_POINT('',#2304);
#2307=CARTESIAN_POINT('',(2.499999852E1,7.E0,3.5998649E0));
#2308=VERTEX_POINT('',#2307);
#2309=CARTESIAN_POINT('',(2.299999852E1,7.E0,1.5998649E0));
#2310=VERTEX_POINT('',#2309);
#2311=CARTESIAN_POINT('',(-2.299999852E1,0.E0,7.5998649E0));
#2312=CARTESIAN_POINT('',(-2.499999852E1,0.E0,5.5998649E0));
#2313=VERTEX_POINT('',#2311);
#2314=VERTEX_POINT('',#2312);
#2315=CARTESIAN_POINT('',(-2.499999852E1,7.E0,5.5998649E0));
#2316=VERTEX_POINT('',#2315);
#2317=CARTESIAN_POINT('',(-2.299999852E1,7.E0,7.5998649E0));
#2318=VERTEX_POINT('',#2317);
#2319=CARTESIAN_POINT('',(-2.499999852E1,0.E0,3.5998649E0));
#2320=CARTESIAN_POINT('',(-2.299999852E1,0.E0,1.5998649E0));
#2321=VERTEX_POINT('',#2319);
#2322=VERTEX_POINT('',#2320);
#2323=CARTESIAN_POINT('',(-2.299999852E1,7.E0,1.5998649E0));
#2324=VERTEX_POINT('',#2323);
#2325=CARTESIAN_POINT('',(-2.499999852E1,7.E0,3.5998649E0));
#2326=VERTEX_POINT('',#2325);
#2327=CARTESIAN_POINT('',(1.5E1,2.5E0,7.5998649E0));
#2328=CARTESIAN_POINT('',(1.5E1,7.E0,7.5998649E0));
#2329=VERTEX_POINT('',#2327);
#2330=VERTEX_POINT('',#2328);
#2331=CARTESIAN_POINT('',(1.3E1,2.5E0,9.5998649E0));
#2332=CARTESIAN_POINT('',(1.3E1,7.E0,9.5998649E0));
#2333=VERTEX_POINT('',#2331);
#2334=VERTEX_POINT('',#2332);
#2335=CARTESIAN_POINT('',(-1.5E1,2.5E0,7.5998649E0));
#2336=CARTESIAN_POINT('',(-1.5E1,7.E0,7.5998649E0));
#2337=VERTEX_POINT('',#2335);
#2338=VERTEX_POINT('',#2336);
#2339=CARTESIAN_POINT('',(-1.3E1,7.E0,9.5998649E0));
#2340=VERTEX_POINT('',#2339);
#2341=CARTESIAN_POINT('',(-1.3E1,3.8E0,1.892820323028E1));
#2342=VERTEX_POINT('',#2341);
#2343=CARTESIAN_POINT('',(-1.246410161514E1,3.8E0,2.092820323028E1));
#2344=VERTEX_POINT('',#2343);
#2345=CARTESIAN_POINT('',(-8.871945575294E0,7.E0,2.715E1));
#2346=VERTEX_POINT('',#2345);
#2347=CARTESIAN_POINT('',(-1.3E1,7.E0,1.685E1));
#2348=VERTEX_POINT('',#2347);
#2349=CARTESIAN_POINT('',(-7.15E0,2.5E0,1.685E1));
#2350=VERTEX_POINT('',#2349);
#2351=CARTESIAN_POINT('',(-4.339745962156E0,0.E0,3.1E1));
#2352=CARTESIAN_POINT('',(-7.501628312908E0,0.E0,2.945E1));
#2353=VERTEX_POINT('',#2351);
#2354=VERTEX_POINT('',#2352);
#2355=CARTESIAN_POINT('',(-7.501628312908E0,0.E0,2.715E1));
#2356=VERTEX_POINT('',#2355);
#2357=CARTESIAN_POINT('',(-1.001628312908E0,0.E0,2.715E1));
#2358=VERTEX_POINT('',#2357);
#2359=CARTESIAN_POINT('',(-1.001628312908E0,0.E0,3.1E1));
#2360=VERTEX_POINT('',#2359);
#2361=CARTESIAN_POINT('',(6.010240497034E0,0.E0,3.063448043177E1));
#2362=CARTESIAN_POINT('',(6.010240497034E0,0.E0,2.753624074792E1));
#2363=VERTEX_POINT('',#2361);
#2364=VERTEX_POINT('',#2362);
#2365=CARTESIAN_POINT('',(8.648949375511E0,0.E0,2.753624074792E1));
#2366=VERTEX_POINT('',#2365);
#2367=CARTESIAN_POINT('',(7.803847577293E0,0.E0,2.9E1));
#2368=VERTEX_POINT('',#2367);
#2369=CARTESIAN_POINT('',(-7.501628312908E0,2.5E0,2.945E1));
#2370=CARTESIAN_POINT('',(-7.501628312908E0,2.5E0,2.715E1));
#2371=VERTEX_POINT('',#2369);
#2372=VERTEX_POINT('',#2370);
#2373=CARTESIAN_POINT('',(-7.15E0,2.5E0,2.715E1));
#2374=VERTEX_POINT('',#2373);
#2375=CARTESIAN_POINT('',(-1.001628312908E0,2.5E0,3.1E1));
#2376=CARTESIAN_POINT('',(-1.001628312908E0,2.5E0,2.715E1));
#2377=VERTEX_POINT('',#2375);
#2378=VERTEX_POINT('',#2376);
#2379=CARTESIAN_POINT('',(6.010240497034E0,2.5E0,3.063448043177E1));
#2380=CARTESIAN_POINT('',(6.010240497034E0,2.5E0,2.753624074792E1));
#2381=VERTEX_POINT('',#2379);
#2382=VERTEX_POINT('',#2380);
#2383=CARTESIAN_POINT('',(8.648949375511E0,2.5E0,2.753624074792E1));
#2384=VERTEX_POINT('',#2383);
#2385=CARTESIAN_POINT('',(1.170664800921E1,2.5E0,2.224015136012E1));
#2386=VERTEX_POINT('',#2385);
#2387=CARTESIAN_POINT('',(1.170664800921E1,0.E0,2.224015136012E1));
#2388=CARTESIAN_POINT('',(8.368530359964E0,0.E0,2.224015136012E1));
#2389=VERTEX_POINT('',#2387);
#2390=VERTEX_POINT('',#2388);
#2391=CARTESIAN_POINT('',(8.368530359964E0,0.E0,1.994015136012E1));
#2392=VERTEX_POINT('',#2391);
#2393=CARTESIAN_POINT('',(1.286987867801E1,0.E0,1.994015136012E1));
#2394=VERTEX_POINT('',#2393);
#2395=CARTESIAN_POINT('',(1.246410161514E1,0.E0,2.092820323028E1));
#2396=VERTEX_POINT('',#2395);
#2397=CARTESIAN_POINT('',(8.368530359964E0,2.5E0,2.224015136012E1));
#2398=VERTEX_POINT('',#2397);
#2399=CARTESIAN_POINT('',(8.368530359964E0,2.5E0,1.994015136012E1));
#2400=VERTEX_POINT('',#2399);
#2401=CARTESIAN_POINT('',(1.286987867801E1,2.5E0,1.994015136012E1));
#2402=VERTEX_POINT('',#2401);
#2403=CARTESIAN_POINT('',(-1.3E1,0.E0,1.153206863640E1));
#2404=CARTESIAN_POINT('',(-1.3E1,0.E0,9.232068636405E0));
#2405=VERTEX_POINT('',#2403);
#2406=VERTEX_POINT('',#2404);
#2407=CARTESIAN_POINT('',(-8.E0,0.E0,9.232068636405E0));
#2408=VERTEX_POINT('',#2407);
#2409=CARTESIAN_POINT('',(-8.E0,0.E0,1.153206863640E1));
#2410=VERTEX_POINT('',#2409);
#2411=CARTESIAN_POINT('',(-1.3E1,2.5E0,9.5998649E0));
#2412=CARTESIAN_POINT('',(-1.3E1,2.5E0,9.232068636405E0));
#2413=VERTEX_POINT('',#2411);
#2414=VERTEX_POINT('',#2412);
#2415=CARTESIAN_POINT('',(-8.E0,2.5E0,9.232068636405E0));
#2416=VERTEX_POINT('',#2415);
#2417=CARTESIAN_POINT('',(-8.E0,2.5E0,1.153206863640E1));
#2418=VERTEX_POINT('',#2417);
#2419=CARTESIAN_POINT('',(-1.3E1,2.5E0,1.153206863640E1));
#2420=VERTEX_POINT('',#2419);
#2421=CARTESIAN_POINT('',(0.E0,0.E0,0.E0));
#2422=DIRECTION('',(0.E0,1.E0,0.E0));
#2423=DIRECTION('',(-1.E0,0.E0,0.E0));
#2424=AXIS2_PLACEMENT_3D('',#2421,#2422,#2423);
#2425=PLANE('',#2424);
#2427=ORIENTED_EDGE('',*,*,#2426,.T.);
#2429=ORIENTED_EDGE('',*,*,#2428,.T.);
#2431=ORIENTED_EDGE('',*,*,#2430,.T.);
#2433=ORIENTED_EDGE('',*,*,#2432,.T.);
#2434=EDGE_LOOP('',(#2427,#2429,#2431,#2433));
#2435=FACE_OUTER_BOUND('',#2434,.F.);
#2437=CARTESIAN_POINT('',(0.E0,0.E0,0.E0));
#2438=DIRECTION('',(0.E0,1.E0,0.E0));
#2439=DIRECTION('',(-1.E0,0.E0,0.E0));
#2440=AXIS2_PLACEMENT_3D('',#2437,#2438,#2439);
#2441=PLANE('',#2440);
#2443=ORIENTED_EDGE('',*,*,#2442,.F.);
#2445=ORIENTED_EDGE('',*,*,#2444,.T.);
#2447=ORIENTED_EDGE('',*,*,#2446,.T.);
#2449=ORIENTED_EDGE('',*,*,#2448,.T.);
#2451=ORIENTED_EDGE('',*,*,#2450,.T.);
#2452=EDGE_LOOP('',(#2443,#2445,#2447,#2449,#2451));
#2453=FACE_OUTER_BOUND('',#2452,.F.);
#2455=CARTESIAN_POINT('',(0.E0,0.E0,0.E0));
#2456=DIRECTION('',(0.E0,1.E0,0.E0));
#2457=DIRECTION('',(-1.E0,0.E0,0.E0));
#2458=AXIS2_PLACEMENT_3D('',#2455,#2456,#2457);
#2459=PLANE('',#2458);
#2461=ORIENTED_EDGE('',*,*,#2460,.F.);
#2463=ORIENTED_EDGE('',*,*,#2462,.T.);
#2465=ORIENTED_EDGE('',*,*,#2464,.T.);
#2467=ORIENTED_EDGE('',*,*,#2466,.T.);
#2469=ORIENTED_EDGE('',*,*,#2468,.T.);
#2470=EDGE_LOOP('',(#2461,#2463,#2465,#2467,#2469));
#2471=FACE_OUTER_BOUND('',#2470,.F.);
#2473=CARTESIAN_POINT('',(0.E0,0.E0,0.E0));
#2474=DIRECTION('',(0.E0,1.E0,0.E0));
#2475=DIRECTION('',(-1.E0,0.E0,0.E0));
#2476=AXIS2_PLACEMENT_3D('',#2473,#2474,#2475);
#2477=PLANE('',#2476);
#2479=ORIENTED_EDGE('',*,*,#2478,.F.);
#2481=ORIENTED_EDGE('',*,*,#2480,.T.);
#2483=ORIENTED_EDGE('',*,*,#2482,.F.);
#2485=ORIENTED_EDGE('',*,*,#2484,.T.);
#2487=ORIENTED_EDGE('',*,*,#2486,.T.);
#2489=ORIENTED_EDGE('',*,*,#2488,.T.);
#2490=EDGE_LOOP('',(#2479,#2481,#2483,#2485,#2487,#2489));
#2491=FACE_OUTER_BOUND('',#2490,.F.);
#2493=ORIENTED_EDGE('',*,*,#2492,.T.);
#2495=ORIENTED_EDGE('',*,*,#2494,.T.);
#2496=EDGE_LOOP('',(#2493,#2495));
#2497=FACE_BOUND('',#2496,.F.);
#2499=CARTESIAN_POINT('',(0.E0,0.E0,0.E0));
#2500=DIRECTION('',(0.E0,1.E0,0.E0));
#2501=DIRECTION('',(-1.E0,0.E0,0.E0));
#2502=AXIS2_PLACEMENT_3D('',#2499,#2500,#2501);
#2503=PLANE('',#2502);
#2505=ORIENTED_EDGE('',*,*,#2504,.F.);
#2507=ORIENTED_EDGE('',*,*,#2506,.T.);
#2509=ORIENTED_EDGE('',*,*,#2508,.T.);
#2511=ORIENTED_EDGE('',*,*,#2510,.T.);
#2513=ORIENTED_EDGE('',*,*,#2512,.F.);
#2515=ORIENTED_EDGE('',*,*,#2514,.T.);
#2516=EDGE_LOOP('',(#2505,#2507,#2509,#2511,#2513,#2515));
#2517=FACE_OUTER_BOUND('',#2516,.F.);
#2519=ORIENTED_EDGE('',*,*,#2518,.T.);
#2521=ORIENTED_EDGE('',*,*,#2520,.T.);
#2522=EDGE_LOOP('',(#2519,#2521));
#2523=FACE_BOUND('',#2522,.F.);
#2525=CARTESIAN_POINT('',(-2.199999852E1,0.E0,4.5998649E0));
#2526=DIRECTION('',(0.E0,1.E0,0.E0));
#2527=DIRECTION('',(-1.E0,0.E0,0.E0));
#2528=AXIS2_PLACEMENT_3D('',#2525,#2526,#2527);
#2529=CYLINDRICAL_SURFACE('',#2528,8.E-1);
#2530=ORIENTED_EDGE('',*,*,#2518,.F.);
#2532=ORIENTED_EDGE('',*,*,#2531,.T.);
#2534=ORIENTED_EDGE('',*,*,#2533,.T.);
#2536=ORIENTED_EDGE('',*,*,#2535,.F.);
#2537=EDGE_LOOP('',(#2530,#2532,#2534,#2536));
#2538=FACE_OUTER_BOUND('',#2537,.F.);
#2540=CARTESIAN_POINT('',(-2.199999852E1,0.E0,4.5998649E0));
#2541=DIRECTION('',(0.E0,1.E0,0.E0));
#2542=DIRECTION('',(-1.E0,0.E0,0.E0));
#2543=AXIS2_PLACEMENT_3D('',#2540,#2541,#2542);
#2544=CYLINDRICAL_SURFACE('',#2543,8.E-1);
#2545=ORIENTED_EDGE('',*,*,#2520,.F.);
#2546=ORIENTED_EDGE('',*,*,#2535,.T.);
#2548=ORIENTED_EDGE('',*,*,#2547,.T.);
#2549=ORIENTED_EDGE('',*,*,#2531,.F.);
#2550=EDGE_LOOP('',(#2545,#2546,#2548,#2549));
#2551=FACE_OUTER_BOUND('',#2550,.F.);
#2553=CARTESIAN_POINT('',(0.E0,7.E0,0.E0));
#2554=DIRECTION('',(0.E0,1.E0,0.E0));
#2555=DIRECTION('',(-1.E0,0.E0,0.E0));
#2556=AXIS2_PLACEMENT_3D('',#2553,#2554,#2555);
#2557=PLANE('',#2556);
#2559=ORIENTED_EDGE('',*,*,#2558,.F.);
#2561=ORIENTED_EDGE('',*,*,#2560,.F.);
#2563=ORIENTED_EDGE('',*,*,#2562,.T.);
#2565=ORIENTED_EDGE('',*,*,#2564,.F.);
#2567=ORIENTED_EDGE('',*,*,#2566,.F.);
#2569=ORIENTED_EDGE('',*,*,#2568,.F.);
#2571=ORIENTED_EDGE('',*,*,#2570,.F.);
#2573=ORIENTED_EDGE('',*,*,#2572,.F.);
#2575=ORIENTED_EDGE('',*,*,#2574,.F.);
#2577=ORIENTED_EDGE('',*,*,#2576,.F.);
#2579=ORIENTED_EDGE('',*,*,#2578,.F.);
#2581=ORIENTED_EDGE('',*,*,#2580,.F.);
#2583=ORIENTED_EDGE('',*,*,#2582,.T.);
#2585=ORIENTED_EDGE('',*,*,#2584,.F.);
#2587=ORIENTED_EDGE('',*,*,#2586,.F.);
#2589=ORIENTED_EDGE('',*,*,#2588,.F.);
#2591=ORIENTED_EDGE('',*,*,#2590,.F.);
#2593=ORIENTED_EDGE('',*,*,#2592,.F.);
#2595=ORIENTED_EDGE('',*,*,#2594,.F.);
#2597=ORIENTED_EDGE('',*,*,#2596,.F.);
#2599=ORIENTED_EDGE('',*,*,#2598,.F.);
#2601=ORIENTED_EDGE('',*,*,#2600,.F.);
#2603=ORIENTED_EDGE('',*,*,#2602,.F.);
#2605=ORIENTED_EDGE('',*,*,#2604,.T.);
#2607=ORIENTED_EDGE('',*,*,#2606,.F.);
#2609=ORIENTED_EDGE('',*,*,#2608,.F.);
#2611=ORIENTED_EDGE('',*,*,#2610,.F.);
#2613=ORIENTED_EDGE('',*,*,#2612,.T.);
#2615=ORIENTED_EDGE('',*,*,#2614,.T.);
#2617=ORIENTED_EDGE('',*,*,#2616,.F.);
#2618=EDGE_LOOP('',(#2559,#2561,#2563,#2565,#2567,#2569,#2571,#2573,#2575,#2577,
#2579,#2581,#2583,#2585,#2587,#2589,#2591,#2593,#2595,#2597,#2599,#2601,#2603,
#2605,#2607,#2609,#2611,#2613,#2615,#2617));
#2619=FACE_OUTER_BOUND('',#2618,.F.);
#2620=ORIENTED_EDGE('',*,*,#2533,.F.);
#2621=ORIENTED_EDGE('',*,*,#2547,.F.);
#2622=EDGE_LOOP('',(#2620,#2621));
#2623=FACE_BOUND('',#2622,.F.);
#2625=ORIENTED_EDGE('',*,*,#2624,.F.);
#2627=ORIENTED_EDGE('',*,*,#2626,.F.);
#2628=EDGE_LOOP('',(#2625,#2627));
#2629=FACE_BOUND('',#2628,.F.);
#2631=CARTESIAN_POINT('',(2.200012938E1,0.E0,4.5998649E0));
#2632=DIRECTION('',(0.E0,1.E0,0.E0));
#2633=DIRECTION('',(-1.E0,0.E0,0.E0));
#2634=AXIS2_PLACEMENT_3D('',#2631,#2632,#2633);
#2635=CYLINDRICAL_SURFACE('',#2634,8.E-1);
#2636=ORIENTED_EDGE('',*,*,#2492,.F.);
#2638=ORIENTED_EDGE('',*,*,#2637,.T.);
#2639=ORIENTED_EDGE('',*,*,#2624,.T.);
#2641=ORIENTED_EDGE('',*,*,#2640,.F.);
#2642=EDGE_LOOP('',(#2636,#2638,#2639,#2641));
#2643=FACE_OUTER_BOUND('',#2642,.F.);
#2645=CARTESIAN_POINT('',(2.200012938E1,0.E0,4.5998649E0));
#2646=DIRECTION('',(0.E0,1.E0,0.E0));
#2647=DIRECTION('',(-1.E0,0.E0,0.E0));
#2648=AXIS2_PLACEMENT_3D('',#2645,#2646,#2647);
#2649=CYLINDRICAL_SURFACE('',#2648,8.E-1);
#2650=ORIENTED_EDGE('',*,*,#2494,.F.);
#2651=ORIENTED_EDGE('',*,*,#2640,.T.);
#2652=ORIENTED_EDGE('',*,*,#2626,.T.);
#2653=ORIENTED_EDGE('',*,*,#2637,.F.);
#2654=EDGE_LOOP('',(#2650,#2651,#2652,#2653));
#2655=FACE_OUTER_BOUND('',#2654,.F.);
#2657=CARTESIAN_POINT('',(0.E0,7.E0,2.2E1));
#2658=DIRECTION('',(0.E0,1.E0,0.E0));
#2659=DIRECTION('',(-1.E0,0.E0,0.E0));
#2660=AXIS2_PLACEMENT_3D('',#2657,#2658,#2659);
#2661=CYLINDRICAL_SURFACE('',#2660,7.E0);
#2663=ORIENTED_EDGE('',*,*,#2662,.F.);
#2665=ORIENTED_EDGE('',*,*,#2664,.T.);
#2667=ORIENTED_EDGE('',*,*,#2666,.T.);
#2668=ORIENTED_EDGE('',*,*,#2558,.T.);
#2669=EDGE_LOOP('',(#2663,#2665,#2667,#2668));
#2670=FACE_OUTER_BOUND('',#2669,.F.);
#2672=CARTESIAN_POINT('',(-3.984363145023E0,9.075E0,2.742201492537E1));
#2673=DIRECTION('',(-9.522165814091E-1,0.E0,-3.054236108908E-1));
#2674=DIRECTION('',(3.054236108908E-1,0.E0,-9.522165814091E-1));
#2675=AXIS2_PLACEMENT_3D('',#2672,#2673,#2674);
#2676=PLANE('',#2675);
#2678=ORIENTED_EDGE('',*,*,#2677,.F.);
#2680=ORIENTED_EDGE('',*,*,#2679,.T.);
#2681=ORIENTED_EDGE('',*,*,#2662,.T.);
#2682=ORIENTED_EDGE('',*,*,#2616,.T.);
#2683=EDGE_LOOP('',(#2678,#2680,#2681,#2682));
#2684=FACE_OUTER_BOUND('',#2683,.F.);
#2686=CARTESIAN_POINT('',(-7.15E0,7.E0,2.715E1));
#2687=DIRECTION('',(0.E0,0.E0,1.E0));
#2688=DIRECTION('',(1.E0,0.E0,0.E0));
#2689=AXIS2_PLACEMENT_3D('',#2686,#2687,#2688);
#2690=PLANE('',#2689);
#2692=ORIENTED_EDGE('',*,*,#2691,.T.);
#2694=ORIENTED_EDGE('',*,*,#2693,.F.);
#2696=ORIENTED_EDGE('',*,*,#2695,.F.);
#2698=ORIENTED_EDGE('',*,*,#2697,.T.);
#2700=ORIENTED_EDGE('',*,*,#2699,.T.);
#2702=ORIENTED_EDGE('',*,*,#2701,.T.);
#2704=ORIENTED_EDGE('',*,*,#2703,.T.);
#2706=ORIENTED_EDGE('',*,*,#2705,.T.);
#2708=ORIENTED_EDGE('',*,*,#2707,.F.);
#2710=ORIENTED_EDGE('',*,*,#2709,.T.);
#2711=ORIENTED_EDGE('',*,*,#2677,.T.);
#2712=ORIENTED_EDGE('',*,*,#2614,.F.);
#2714=ORIENTED_EDGE('',*,*,#2713,.T.);
#2716=ORIENTED_EDGE('',*,*,#2715,.T.);
#2717=EDGE_LOOP('',(#2692,#2694,#2696,#2698,#2700,#2702,#2704,#2706,#2708,#2710,
#2711,#2712,#2714,#2716));
#2718=FACE_OUTER_BOUND('',#2717,.F.);
#2720=CARTESIAN_POINT('',(-7.15E0,7.E0,1.685E1));
#2721=DIRECTION('',(-1.E0,0.E0,0.E0));
#2722=DIRECTION('',(0.E0,0.E0,1.E0));
#2723=AXIS2_PLACEMENT_3D('',#2720,#2721,#2722);
#2724=PLANE('',#2723);
#2725=ORIENTED_EDGE('',*,*,#2691,.F.);
#2727=ORIENTED_EDGE('',*,*,#2726,.F.);
#2729=ORIENTED_EDGE('',*,*,#2728,.T.);
#2731=ORIENTED_EDGE('',*,*,#2730,.T.);
#2732=EDGE_LOOP('',(#2725,#2727,#2729,#2731));
#2733=FACE_OUTER_BOUND('',#2732,.F.);
#2735=CARTESIAN_POINT('',(0.E0,3.8E0,0.E0));
#2736=DIRECTION('',(0.E0,1.E0,0.E0));
#2737=DIRECTION('',(-1.E0,0.E0,0.E0));
#2738=AXIS2_PLACEMENT_3D('',#2735,#2736,#2737);
#2739=PLANE('',#2738);
#2740=ORIENTED_EDGE('',*,*,#2715,.F.);
#2742=ORIENTED_EDGE('',*,*,#2741,.F.);
#2744=ORIENTED_EDGE('',*,*,#2743,.F.);
#2746=ORIENTED_EDGE('',*,*,#2745,.F.);
#2748=ORIENTED_EDGE('',*,*,#2747,.F.);
#2749=ORIENTED_EDGE('',*,*,#2726,.T.);
#2750=EDGE_LOOP('',(#2740,#2742,#2744,#2746,#2748,#2749));
#2751=FACE_OUTER_BOUND('',#2750,.F.);
#2753=CARTESIAN_POINT('',(-6.649147038914E0,8.5E0,3.1E1));
#2754=DIRECTION('',(8.660254037844E-1,0.E0,-5.E-1));
#2755=DIRECTION('',(-5.E-1,0.E0,-8.660254037844E-1));
#2756=AXIS2_PLACEMENT_3D('',#2753,#2754,#2755);
#2757=PLANE('',#2756);
#2758=ORIENTED_EDGE('',*,*,#2741,.T.);
#2759=ORIENTED_EDGE('',*,*,#2713,.F.);
#2760=ORIENTED_EDGE('',*,*,#2612,.F.);
#2762=ORIENTED_EDGE('',*,*,#2761,.T.);
#2764=ORIENTED_EDGE('',*,*,#2763,.T.);
#2766=ORIENTED_EDGE('',*,*,#2765,.T.);
#2767=EDGE_LOOP('',(#2758,#2759,#2760,#2762,#2764,#2766));
#2768=FACE_OUTER_BOUND('',#2767,.F.);
#2770=CARTESIAN_POINT('',(-4.339745962156E0,1.95806E1,2.7E1));
#2771=DIRECTION('',(0.E0,-1.E0,0.E0));
#2772=DIRECTION('',(0.E0,0.E0,1.E0));
#2773=AXIS2_PLACEMENT_3D('',#2770,#2771,#2772);
#2774=CYLINDRICAL_SURFACE('',#2773,4.E0);
#2776=ORIENTED_EDGE('',*,*,#2775,.F.);
#2778=ORIENTED_EDGE('',*,*,#2777,.T.);
#2780=ORIENTED_EDGE('',*,*,#2779,.T.);
#2782=ORIENTED_EDGE('',*,*,#2781,.T.);
#2783=ORIENTED_EDGE('',*,*,#2761,.F.);
#2784=ORIENTED_EDGE('',*,*,#2610,.T.);
#2785=EDGE_LOOP('',(#2776,#2778,#2780,#2782,#2783,#2784));
#2786=FACE_OUTER_BOUND('',#2785,.F.);
#2788=CARTESIAN_POINT('',(-1.3E1,0.E0,3.1E1));
#2789=DIRECTION('',(0.E0,0.E0,1.E0));
#2790=DIRECTION('',(1.E0,0.E0,0.E0));
#2791=AXIS2_PLACEMENT_3D('',#2788,#2789,#2790);
#2792=PLANE('',#2791);
#2794=ORIENTED_EDGE('',*,*,#2793,.T.);
#2796=ORIENTED_EDGE('',*,*,#2795,.F.);
#2798=ORIENTED_EDGE('',*,*,#2797,.T.);
#2799=ORIENTED_EDGE('',*,*,#2775,.T.);
#2800=ORIENTED_EDGE('',*,*,#2608,.T.);
#2802=ORIENTED_EDGE('',*,*,#2801,.F.);
#2803=EDGE_LOOP('',(#2794,#2796,#2798,#2799,#2800,#2802));
#2804=FACE_OUTER_BOUND('',#2803,.F.);
#2806=CARTESIAN_POINT('',(0.E0,2.5E0,0.E0));
#2807=DIRECTION('',(0.E0,-1.E0,0.E0));
#2808=DIRECTION('',(1.E0,0.E0,0.E0));
#2809=AXIS2_PLACEMENT_3D('',#2806,#2807,#2808);
#2810=PLANE('',#2809);
#2812=ORIENTED_EDGE('',*,*,#2811,.T.);
#2813=ORIENTED_EDGE('',*,*,#2693,.T.);
#2814=ORIENTED_EDGE('',*,*,#2730,.F.);
#2816=ORIENTED_EDGE('',*,*,#2815,.F.);
#2818=ORIENTED_EDGE('',*,*,#2817,.F.);
#2819=ORIENTED_EDGE('',*,*,#2701,.F.);
#2821=ORIENTED_EDGE('',*,*,#2820,.F.);
#2822=ORIENTED_EDGE('',*,*,#2793,.F.);
#2824=ORIENTED_EDGE('',*,*,#2823,.F.);
#2826=ORIENTED_EDGE('',*,*,#2825,.T.);
#2828=ORIENTED_EDGE('',*,*,#2827,.T.);
#2830=ORIENTED_EDGE('',*,*,#2829,.F.);
#2832=ORIENTED_EDGE('',*,*,#2831,.T.);
#2834=ORIENTED_EDGE('',*,*,#2833,.T.);
#2836=ORIENTED_EDGE('',*,*,#2835,.T.);
#2838=ORIENTED_EDGE('',*,*,#2837,.F.);
#2840=ORIENTED_EDGE('',*,*,#2839,.T.);
#2842=ORIENTED_EDGE('',*,*,#2841,.F.);
#2844=ORIENTED_EDGE('',*,*,#2843,.T.);
#2846=ORIENTED_EDGE('',*,*,#2845,.F.);
#2848=ORIENTED_EDGE('',*,*,#2847,.T.);
#2850=ORIENTED_EDGE('',*,*,#2849,.F.);
#2852=ORIENTED_EDGE('',*,*,#2851,.T.);
#2854=ORIENTED_EDGE('',*,*,#2853,.F.);
#2856=ORIENTED_EDGE('',*,*,#2855,.F.);
#2858=ORIENTED_EDGE('',*,*,#2857,.F.);
#2860=ORIENTED_EDGE('',*,*,#2859,.F.);
#2862=ORIENTED_EDGE('',*,*,#2861,.F.);
#2864=ORIENTED_EDGE('',*,*,#2863,.F.);
#2866=ORIENTED_EDGE('',*,*,#2865,.T.);
#2868=ORIENTED_EDGE('',*,*,#2867,.F.);
#2870=ORIENTED_EDGE('',*,*,#2869,.F.);
#2872=ORIENTED_EDGE('',*,*,#2871,.F.);
#2874=ORIENTED_EDGE('',*,*,#2873,.T.);
#2876=ORIENTED_EDGE('',*,*,#2875,.F.);
#2878=ORIENTED_EDGE('',*,*,#2877,.F.);
#2880=ORIENTED_EDGE('',*,*,#2879,.T.);
#2882=ORIENTED_EDGE('',*,*,#2881,.F.);
#2884=ORIENTED_EDGE('',*,*,#2883,.F.);
#2886=ORIENTED_EDGE('',*,*,#2885,.F.);
#2888=ORIENTED_EDGE('',*,*,#2887,.F.);
#2890=ORIENTED_EDGE('',*,*,#2889,.F.);
#2892=ORIENTED_EDGE('',*,*,#2891,.T.);
#2894=ORIENTED_EDGE('',*,*,#2893,.T.);
#2896=ORIENTED_EDGE('',*,*,#2895,.T.);
#2898=ORIENTED_EDGE('',*,*,#2897,.T.);
#2900=ORIENTED_EDGE('',*,*,#2899,.T.);
#2902=ORIENTED_EDGE('',*,*,#2901,.F.);
#2903=ORIENTED_EDGE('',*,*,#2763,.F.);
#2904=ORIENTED_EDGE('',*,*,#2781,.F.);
#2905=EDGE_LOOP('',(#2812,#2813,#2814,#2816,#2818,#2819,#2821,#2822,#2824,#2826,
#2828,#2830,#2832,#2834,#2836,#2838,#2840,#2842,#2844,#2846,#2848,#2850,#2852,
#2854,#2856,#2858,#2860,#2862,#2864,#2866,#2868,#2870,#2872,#2874,#2876,#2878,
#2880,#2882,#2884,#2886,#2888,#2890,#2892,#2894,#2896,#2898,#2900,#2902,#2903,
#2904));
#2906=FACE_OUTER_BOUND('',#2905,.F.);
#2908=ORIENTED_EDGE('',*,*,#2907,.F.);
#2910=ORIENTED_EDGE('',*,*,#2909,.F.);
#2912=ORIENTED_EDGE('',*,*,#2911,.F.);
#2914=ORIENTED_EDGE('',*,*,#2913,.F.);
#2915=EDGE_LOOP('',(#2908,#2910,#2912,#2914));
#2916=FACE_BOUND('',#2915,.F.);
#2918=CARTESIAN_POINT('',(8.E0,0.E0,9.5998649E0));
#2919=DIRECTION('',(-1.E0,0.E0,0.E0));
#2920=DIRECTION('',(0.E0,0.E0,-1.E0));
#2921=AXIS2_PLACEMENT_3D('',#2918,#2919,#2920);
#2922=PLANE('',#2921);
#2923=ORIENTED_EDGE('',*,*,#2426,.F.);
#2925=ORIENTED_EDGE('',*,*,#2924,.T.);
#2926=ORIENTED_EDGE('',*,*,#2907,.T.);
#2928=ORIENTED_EDGE('',*,*,#2927,.F.);
#2929=EDGE_LOOP('',(#2923,#2925,#2926,#2928));
#2930=FACE_OUTER_BOUND('',#2929,.F.);
#2932=CARTESIAN_POINT('',(-2.E0,0.E0,9.5998649E0));
#2933=DIRECTION('',(0.E0,0.E0,-1.E0));
#2934=DIRECTION('',(1.E0,0.E0,0.E0));
#2935=AXIS2_PLACEMENT_3D('',#2932,#2933,#2934);
#2936=PLANE('',#2935);
#2937=ORIENTED_EDGE('',*,*,#2432,.F.);
#2939=ORIENTED_EDGE('',*,*,#2938,.T.);
#2940=ORIENTED_EDGE('',*,*,#2909,.T.);
#2941=ORIENTED_EDGE('',*,*,#2924,.F.);
#2942=EDGE_LOOP('',(#2937,#2939,#2940,#2941));
#2943=FACE_OUTER_BOUND('',#2942,.F.);
#2945=CARTESIAN_POINT('',(-2.E0,0.E0,5.0998649E0));
#2946=DIRECTION('',(1.E0,0.E0,0.E0));
#2947=DIRECTION('',(0.E0,0.E0,1.E0));
#2948=AXIS2_PLACEMENT_3D('',#2945,#2946,#2947);
#2949=PLANE('',#2948);
#2950=ORIENTED_EDGE('',*,*,#2430,.F.);
#2952=ORIENTED_EDGE('',*,*,#2951,.T.);
#2953=ORIENTED_EDGE('',*,*,#2911,.T.);
#2954=ORIENTED_EDGE('',*,*,#2938,.F.);
#2955=EDGE_LOOP('',(#2950,#2952,#2953,#2954));
#2956=FACE_OUTER_BOUND('',#2955,.F.);
#2958=CARTESIAN_POINT('',(8.E0,0.E0,5.0998649E0));
#2959=DIRECTION('',(0.E0,0.E0,1.E0));
#2960=DIRECTION('',(-1.E0,0.E0,0.E0));
#2961=AXIS2_PLACEMENT_3D('',#2958,#2959,#2960);
#2962=PLANE('',#2961);
#2963=ORIENTED_EDGE('',*,*,#2428,.F.);
#2964=ORIENTED_EDGE('',*,*,#2927,.T.);
#2965=ORIENTED_EDGE('',*,*,#2913,.T.);
#2966=ORIENTED_EDGE('',*,*,#2951,.F.);
#2967=EDGE_LOOP('',(#2963,#2964,#2965,#2966));
#2968=FACE_OUTER_BOUND('',#2967,.F.);
#2970=CARTESIAN_POINT('',(-7.501628312908E0,0.E0,2.945E1));
#2971=DIRECTION('',(-1.E0,0.E0,0.E0));
#2972=DIRECTION('',(0.E0,0.E0,-1.E0));
#2973=AXIS2_PLACEMENT_3D('',#2970,#2971,#2972);
#2974=PLANE('',#2973);
#2975=ORIENTED_EDGE('',*,*,#2811,.F.);
#2976=ORIENTED_EDGE('',*,*,#2779,.F.);
#2978=ORIENTED_EDGE('',*,*,#2977,.T.);
#2979=ORIENTED_EDGE('',*,*,#2695,.T.);
#2980=EDGE_LOOP('',(#2975,#2976,#2978,#2979));
#2981=FACE_OUTER_BOUND('',#2980,.F.);
#2983=CARTESIAN_POINT('',(0.E0,0.E0,0.E0));
#2984=DIRECTION('',(0.E0,-1.E0,0.E0));
#2985=DIRECTION('',(1.E0,0.E0,0.E0));
#2986=AXIS2_PLACEMENT_3D('',#2983,#2984,#2985);
#2987=PLANE('',#2986);
#2988=ORIENTED_EDGE('',*,*,#2777,.F.);
#2989=ORIENTED_EDGE('',*,*,#2797,.F.);
#2991=ORIENTED_EDGE('',*,*,#2990,.F.);
#2992=ORIENTED_EDGE('',*,*,#2697,.F.);
#2993=ORIENTED_EDGE('',*,*,#2977,.F.);
#2994=EDGE_LOOP('',(#2988,#2989,#2991,#2992,#2993));
#2995=FACE_OUTER_BOUND('',#2994,.F.);
#2997=CARTESIAN_POINT('',(0.E0,0.E0,0.E0));
#2998=DIRECTION('',(0.E0,-1.E0,0.E0));
#2999=DIRECTION('',(1.E0,0.E0,0.E0));
#3000=AXIS2_PLACEMENT_3D('',#2997,#2998,#2999);
#3001=PLANE('',#3000);
#3003=ORIENTED_EDGE('',*,*,#3002,.F.);
#3005=ORIENTED_EDGE('',*,*,#3004,.F.);
#3007=ORIENTED_EDGE('',*,*,#3006,.F.);
#3009=ORIENTED_EDGE('',*,*,#3008,.F.);
#3010=EDGE_LOOP('',(#3003,#3005,#3007,#3009));
#3011=FACE_OUTER_BOUND('',#3010,.F.);
#3013=CARTESIAN_POINT('',(0.E0,0.E0,0.E0));
#3014=DIRECTION('',(0.E0,-1.E0,0.E0));
#3015=DIRECTION('',(1.E0,0.E0,0.E0));
#3016=AXIS2_PLACEMENT_3D('',#3013,#3014,#3015);
#3017=PLANE('',#3016);
#3019=ORIENTED_EDGE('',*,*,#3018,.F.);
#3021=ORIENTED_EDGE('',*,*,#3020,.F.);
#3023=ORIENTED_EDGE('',*,*,#3022,.F.);
#3025=ORIENTED_EDGE('',*,*,#3024,.F.);
#3027=ORIENTED_EDGE('',*,*,#3026,.F.);
#3028=EDGE_LOOP('',(#3019,#3021,#3023,#3025,#3027));
#3029=FACE_OUTER_BOUND('',#3028,.F.);
#3031=CARTESIAN_POINT('',(0.E0,0.E0,0.E0));
#3032=DIRECTION('',(0.E0,-1.E0,0.E0));
#3033=DIRECTION('',(1.E0,0.E0,0.E0));
#3034=AXIS2_PLACEMENT_3D('',#3031,#3032,#3033);
#3035=PLANE('',#3034);
#3037=ORIENTED_EDGE('',*,*,#3036,.F.);
#3039=ORIENTED_EDGE('',*,*,#3038,.F.);
#3041=ORIENTED_EDGE('',*,*,#3040,.F.);
#3043=ORIENTED_EDGE('',*,*,#3042,.F.);
#3044=EDGE_LOOP('',(#3037,#3039,#3041,#3043));
#3045=FACE_OUTER_BOUND('',#3044,.F.);
#3047=CARTESIAN_POINT('',(-1.001628312908E0,0.E0,2.715E1));
#3048=DIRECTION('',(1.E0,0.E0,0.E0));
#3049=DIRECTION('',(0.E0,0.E0,1.E0));
#3050=AXIS2_PLACEMENT_3D('',#3047,#3048,#3049);
#3051=PLANE('',#3050);
#3052=ORIENTED_EDGE('',*,*,#2820,.T.);
#3053=ORIENTED_EDGE('',*,*,#2699,.F.);
#3054=ORIENTED_EDGE('',*,*,#2990,.T.);
#3055=ORIENTED_EDGE('',*,*,#2795,.T.);
#3056=EDGE_LOOP('',(#3052,#3053,#3054,#3055));
#3057=FACE_OUTER_BOUND('',#3056,.F.);
#3059=CARTESIAN_POINT('',(6.010240497034E0,0.E0,3.063448043177E1));
#3060=DIRECTION('',(-1.E0,0.E0,0.E0));
#3061=DIRECTION('',(0.E0,0.E0,-1.E0));
#3062=AXIS2_PLACEMENT_3D('',#3059,#3060,#3061);
#3063=PLANE('',#3062);
#3064=ORIENTED_EDGE('',*,*,#2825,.F.);
#3066=ORIENTED_EDGE('',*,*,#3065,.F.);
#3067=ORIENTED_EDGE('',*,*,#3002,.T.);
#3069=ORIENTED_EDGE('',*,*,#3068,.T.);
#3070=EDGE_LOOP('',(#3064,#3066,#3067,#3069));
#3071=FACE_OUTER_BOUND('',#3070,.F.);
#3073=CARTESIAN_POINT('',(4.339745962156E0,-1.10806E1,2.7E1));
#3074=DIRECTION('',(0.E0,1.E0,0.E0));
#3075=DIRECTION('',(0.E0,0.E0,1.E0));
#3076=AXIS2_PLACEMENT_3D('',#3073,#3074,#3075);
#3077=CYLINDRICAL_SURFACE('',#3076,4.E0);
#3079=ORIENTED_EDGE('',*,*,#3078,.T.);
#3080=ORIENTED_EDGE('',*,*,#3004,.T.);
#3081=ORIENTED_EDGE('',*,*,#3065,.T.);
#3082=ORIENTED_EDGE('',*,*,#2823,.T.);
#3083=ORIENTED_EDGE('',*,*,#2801,.T.);
#3084=ORIENTED_EDGE('',*,*,#2606,.T.);
#3085=EDGE_LOOP('',(#3079,#3080,#3081,#3082,#3083,#3084));
#3086=FACE_OUTER_BOUND('',#3085,.F.);
#3088=CARTESIAN_POINT('',(1.3E1,8.5E0,2.E1));
#3089=DIRECTION('',(-8.660254037844E-1,0.E0,-5.E-1));
#3090=DIRECTION('',(-5.E-1,0.E0,8.660254037844E-1));
#3091=AXIS2_PLACEMENT_3D('',#3088,#3089,#3090);
#3092=PLANE('',#3091);
#3094=ORIENTED_EDGE('',*,*,#3093,.F.);
#3095=ORIENTED_EDGE('',*,*,#3020,.T.);
#3097=ORIENTED_EDGE('',*,*,#3096,.T.);
#3098=ORIENTED_EDGE('',*,*,#2829,.T.);
#3100=ORIENTED_EDGE('',*,*,#3099,.F.);
#3101=ORIENTED_EDGE('',*,*,#3006,.T.);
#3102=ORIENTED_EDGE('',*,*,#3078,.F.);
#3103=ORIENTED_EDGE('',*,*,#2604,.F.);
#3104=EDGE_LOOP('',(#3094,#3095,#3097,#3098,#3100,#3101,#3102,#3103));
#3105=FACE_OUTER_BOUND('',#3104,.F.);
#3107=CARTESIAN_POINT('',(9.E0,1.95806E1,1.892820323028E1));
#3108=DIRECTION('',(0.E0,-1.E0,0.E0));
#3109=DIRECTION('',(1.E0,0.E0,0.E0));
#3110=AXIS2_PLACEMENT_3D('',#3107,#3108,#3109);
#3111=CYLINDRICAL_SURFACE('',#3110,4.E0);
#3112=ORIENTED_EDGE('',*,*,#2837,.T.);
#3114=ORIENTED_EDGE('',*,*,#3113,.F.);
#3115=ORIENTED_EDGE('',*,*,#3022,.T.);
#3116=ORIENTED_EDGE('',*,*,#3093,.T.);
#3117=ORIENTED_EDGE('',*,*,#2602,.T.);
#3119=ORIENTED_EDGE('',*,*,#3118,.T.);
#3120=EDGE_LOOP('',(#3112,#3114,#3115,#3116,#3117,#3119));
#3121=FACE_OUTER_BOUND('',#3120,.F.);
#3123=CARTESIAN_POINT('',(8.368530359964E0,0.E0,1.994015136012E1));
#3124=DIRECTION('',(0.E0,0.E0,-1.E0));
#3125=DIRECTION('',(1.E0,0.E0,0.E0));
#3126=AXIS2_PLACEMENT_3D('',#3123,#3124,#3125);
#3127=PLANE('',#3126);
#3128=ORIENTED_EDGE('',*,*,#2835,.F.);
#3130=ORIENTED_EDGE('',*,*,#3129,.F.);
#3131=ORIENTED_EDGE('',*,*,#3024,.T.);
#3132=ORIENTED_EDGE('',*,*,#3113,.T.);
#3133=EDGE_LOOP('',(#3128,#3130,#3131,#3132));
#3134=FACE_OUTER_BOUND('',#3133,.F.);
#3136=CARTESIAN_POINT('',(8.368530359964E0,0.E0,2.224015136012E1));
#3137=DIRECTION('',(-1.E0,0.E0,0.E0));
#3138=DIRECTION('',(0.E0,0.E0,-1.E0));
#3139=AXIS2_PLACEMENT_3D('',#3136,#3137,#3138);
#3140=PLANE('',#3139);
#3141=ORIENTED_EDGE('',*,*,#2833,.F.);
#3143=ORIENTED_EDGE('',*,*,#3142,.F.);
#3144=ORIENTED_EDGE('',*,*,#3026,.T.);
#3145=ORIENTED_EDGE('',*,*,#3129,.T.);
#3146=EDGE_LOOP('',(#3141,#3143,#3144,#3145));
#3147=FACE_OUTER_BOUND('',#3146,.F.);
#3149=CARTESIAN_POINT('',(1.170664800921E1,0.E0,2.224015136012E1));
#3150=DIRECTION('',(0.E0,0.E0,1.E0));
#3151=DIRECTION('',(-1.E0,0.E0,0.E0));
#3152=AXIS2_PLACEMENT_3D('',#3149,#3150,#3151);
#3153=PLANE('',#3152);
#3154=ORIENTED_EDGE('',*,*,#2831,.F.);
#3155=ORIENTED_EDGE('',*,*,#3096,.F.);
#3156=ORIENTED_EDGE('',*,*,#3018,.T.);
#3157=ORIENTED_EDGE('',*,*,#3142,.T.);
#3158=EDGE_LOOP('',(#3154,#3155,#3156,#3157));
#3159=FACE_OUTER_BOUND('',#3158,.F.);
#3161=CARTESIAN_POINT('',(1.3E1,0.E0,3.1E1));
#3162=DIRECTION('',(1.E0,0.E0,0.E0));
#3163=DIRECTION('',(0.E0,0.E0,-1.E0));
#3164=AXIS2_PLACEMENT_3D('',#3161,#3162,#3163);
#3165=PLANE('',#3164);
#3167=ORIENTED_EDGE('',*,*,#3166,.F.);
#3168=ORIENTED_EDGE('',*,*,#2839,.F.);
#3169=ORIENTED_EDGE('',*,*,#3118,.F.);
#3170=ORIENTED_EDGE('',*,*,#2600,.T.);
#3171=EDGE_LOOP('',(#3167,#3168,#3169,#3170));
#3172=FACE_OUTER_BOUND('',#3171,.F.);
#3174=CARTESIAN_POINT('',(1.5E1,-1.10806E1,9.5998649E0));
#3175=DIRECTION('',(0.E0,1.E0,0.E0));
#3176=DIRECTION('',(0.E0,0.E0,-1.E0));
#3177=AXIS2_PLACEMENT_3D('',#3174,#3175,#3176);
#3178=CYLINDRICAL_SURFACE('',#3177,2.E0);
#3180=ORIENTED_EDGE('',*,*,#3179,.F.);
#3181=ORIENTED_EDGE('',*,*,#2841,.T.);
#3182=ORIENTED_EDGE('',*,*,#3166,.T.);
#3183=ORIENTED_EDGE('',*,*,#2598,.T.);
#3184=EDGE_LOOP('',(#3180,#3181,#3182,#3183));
#3185=FACE_OUTER_BOUND('',#3184,.F.);
#3187=CARTESIAN_POINT('',(1.3E1,0.E0,7.5998649E0));
#3188=DIRECTION('',(0.E0,0.E0,1.E0));
#3189=DIRECTION('',(1.E0,0.E0,0.E0));
#3190=AXIS2_PLACEMENT_3D('',#3187,#3188,#3189);
#3191=PLANE('',#3190);
#3193=ORIENTED_EDGE('',*,*,#3192,.T.);
#3194=ORIENTED_EDGE('',*,*,#2488,.F.);
#3196=ORIENTED_EDGE('',*,*,#3195,.T.);
#3197=ORIENTED_EDGE('',*,*,#2843,.F.);
#3198=ORIENTED_EDGE('',*,*,#3179,.T.);
#3199=ORIENTED_EDGE('',*,*,#2596,.T.);
#3200=EDGE_LOOP('',(#3193,#3194,#3196,#3197,#3198,#3199));
#3201=FACE_OUTER_BOUND('',#3200,.F.);
#3203=CARTESIAN_POINT('',(2.299999852E1,1.95806E1,5.5998649E0));
#3204=DIRECTION('',(0.E0,-1.E0,0.E0));
#3205=DIRECTION('',(1.E0,0.E0,0.E0));
#3206=AXIS2_PLACEMENT_3D('',#3203,#3204,#3205);
#3207=CYLINDRICAL_SURFACE('',#3206,2.E0);
#3208=ORIENTED_EDGE('',*,*,#2478,.T.);
#3209=ORIENTED_EDGE('',*,*,#3192,.F.);
#3210=ORIENTED_EDGE('',*,*,#2594,.T.);
#3212=ORIENTED_EDGE('',*,*,#3211,.T.);
#3213=EDGE_LOOP('',(#3208,#3209,#3210,#3212));
#3214=FACE_OUTER_BOUND('',#3213,.F.);
#3216=CARTESIAN_POINT('',(2.499999852E1,0.E0,7.5998649E0));
#3217=DIRECTION('',(1.E0,0.E0,0.E0));
#3218=DIRECTION('',(0.E0,0.E0,-1.E0));
#3219=AXIS2_PLACEMENT_3D('',#3216,#3217,#3218);
#3220=PLANE('',#3219);
#3221=ORIENTED_EDGE('',*,*,#3211,.F.);
#3222=ORIENTED_EDGE('',*,*,#2592,.T.);
#3224=ORIENTED_EDGE('',*,*,#3223,.T.);
#3225=ORIENTED_EDGE('',*,*,#2480,.F.);
#3226=EDGE_LOOP('',(#3221,#3222,#3224,#3225));
#3227=FACE_OUTER_BOUND('',#3226,.F.);
#3229=CARTESIAN_POINT('',(2.299999852E1,1.95806E1,3.5998649E0));
#3230=DIRECTION('',(0.E0,-1.E0,0.E0));
#3231=DIRECTION('',(0.E0,0.E0,-1.E0));
#3232=AXIS2_PLACEMENT_3D('',#3229,#3230,#3231);
#3233=CYLINDRICAL_SURFACE('',#3232,2.E0);
#3234=ORIENTED_EDGE('',*,*,#2482,.T.);
#3235=ORIENTED_EDGE('',*,*,#3223,.F.);
#3236=ORIENTED_EDGE('',*,*,#2590,.T.);
#3238=ORIENTED_EDGE('',*,*,#3237,.T.);
#3239=EDGE_LOOP('',(#3234,#3235,#3236,#3238));
#3240=FACE_OUTER_BOUND('',#3239,.F.);
#3242=CARTESIAN_POINT('',(2.499999852E1,0.E0,1.5998649E0));
#3243=DIRECTION('',(0.E0,0.E0,-1.E0));
#3244=DIRECTION('',(-1.E0,0.E0,0.E0));
#3245=AXIS2_PLACEMENT_3D('',#3242,#3243,#3244);
#3246=PLANE('',#3245);
#3247=ORIENTED_EDGE('',*,*,#3237,.F.);
#3248=ORIENTED_EDGE('',*,*,#2588,.T.);
#3250=ORIENTED_EDGE('',*,*,#3249,.F.);
#3251=ORIENTED_EDGE('',*,*,#2847,.F.);
#3253=ORIENTED_EDGE('',*,*,#3252,.F.);
#3254=ORIENTED_EDGE('',*,*,#2484,.F.);
#3255=EDGE_LOOP('',(#3247,#3248,#3250,#3251,#3253,#3254));
#3256=FACE_OUTER_BOUND('',#3255,.F.);
#3258=CARTESIAN_POINT('',(1.5E1,-1.10806E1,-4.001351E-1));
#3259=DIRECTION('',(0.E0,1.E0,0.E0));
#3260=DIRECTION('',(-1.E0,0.E0,0.E0));
#3261=AXIS2_PLACEMENT_3D('',#3258,#3259,#3260);
#3262=CYLINDRICAL_SURFACE('',#3261,2.E0);
#3264=ORIENTED_EDGE('',*,*,#3263,.F.);
#3265=ORIENTED_EDGE('',*,*,#2849,.T.);
#3266=ORIENTED_EDGE('',*,*,#3249,.T.);
#3267=ORIENTED_EDGE('',*,*,#2586,.T.);
#3268=EDGE_LOOP('',(#3264,#3265,#3266,#3267));
#3269=FACE_OUTER_BOUND('',#3268,.F.);
#3271=CARTESIAN_POINT('',(1.3E1,0.E0,1.5998649E0));
#3272=DIRECTION('',(1.E0,0.E0,0.E0));
#3273=DIRECTION('',(0.E0,0.E0,-1.E0));
#3274=AXIS2_PLACEMENT_3D('',#3271,#3272,#3273);
#3275=PLANE('',#3274);
#3277=ORIENTED_EDGE('',*,*,#3276,.F.);
#3279=ORIENTED_EDGE('',*,*,#3278,.T.);
#3281=ORIENTED_EDGE('',*,*,#3280,.T.);
#3282=ORIENTED_EDGE('',*,*,#2450,.F.);
#3284=ORIENTED_EDGE('',*,*,#3283,.T.);
#3285=ORIENTED_EDGE('',*,*,#2851,.F.);
#3286=ORIENTED_EDGE('',*,*,#3263,.T.);
#3287=EDGE_LOOP('',(#3277,#3279,#3281,#3282,#3284,#3285,#3286));
#3288=FACE_OUTER_BOUND('',#3287,.F.);
#3290=CARTESIAN_POINT('',(1.1E1,1.95806E1,-4.001351E-1));
#3291=DIRECTION('',(0.E0,-1.E0,0.E0));
#3292=DIRECTION('',(1.E0,0.E0,0.E0));
#3293=AXIS2_PLACEMENT_3D('',#3290,#3291,#3292);
#3294=CYLINDRICAL_SURFACE('',#3293,2.E0);
#3296=ORIENTED_EDGE('',*,*,#3295,.F.);
#3298=ORIENTED_EDGE('',*,*,#3297,.T.);
#3299=ORIENTED_EDGE('',*,*,#3276,.T.);
#3300=ORIENTED_EDGE('',*,*,#2584,.T.);
#3301=EDGE_LOOP('',(#3296,#3298,#3299,#3300));
#3302=FACE_OUTER_BOUND('',#3301,.F.);
#3304=CARTESIAN_POINT('',(-1.3E1,7.E0,1.5998649E0));
#3305=DIRECTION('',(0.E0,0.E0,1.E0));
#3306=DIRECTION('',(1.E0,0.E0,0.E0));
#3307=AXIS2_PLACEMENT_3D('',#3304,#3305,#3306);
#3308=PLANE('',#3307);
#3310=ORIENTED_EDGE('',*,*,#3309,.F.);
#3312=ORIENTED_EDGE('',*,*,#3311,.T.);
#3313=ORIENTED_EDGE('',*,*,#3295,.T.);
#3314=ORIENTED_EDGE('',*,*,#2582,.F.);
#3315=EDGE_LOOP('',(#3310,#3312,#3313,#3314));
#3316=FACE_OUTER_BOUND('',#3315,.F.);
#3318=CARTESIAN_POINT('',(-1.1E1,1.95806E1,-4.001351E-1));
#3319=DIRECTION('',(0.E0,-1.E0,0.E0));
#3320=DIRECTION('',(0.E0,0.E0,1.E0));
#3321=AXIS2_PLACEMENT_3D('',#3318,#3319,#3320);
#3322=CYLINDRICAL_SURFACE('',#3321,2.E0);
#3324=ORIENTED_EDGE('',*,*,#3323,.F.);
#3326=ORIENTED_EDGE('',*,*,#3325,.T.);
#3327=ORIENTED_EDGE('',*,*,#3309,.T.);
#3328=ORIENTED_EDGE('',*,*,#2580,.T.);
#3329=EDGE_LOOP('',(#3324,#3326,#3327,#3328));
#3330=FACE_OUTER_BOUND('',#3329,.F.);
#3332=CARTESIAN_POINT('',(-1.3E1,0.E0,-1.25E1));
#3333=DIRECTION('',(-1.E0,0.E0,0.E0));
#3334=DIRECTION('',(0.E0,0.E0,1.E0));
#3335=AXIS2_PLACEMENT_3D('',#3332,#3333,#3334);
#3336=PLANE('',#3335);
#3337=ORIENTED_EDGE('',*,*,#3323,.T.);
#3339=ORIENTED_EDGE('',*,*,#3338,.F.);
#3340=ORIENTED_EDGE('',*,*,#2879,.F.);
#3342=ORIENTED_EDGE('',*,*,#3341,.F.);
#3343=ORIENTED_EDGE('',*,*,#2462,.F.);
#3345=ORIENTED_EDGE('',*,*,#3344,.T.);
#3347=ORIENTED_EDGE('',*,*,#3346,.T.);
#3348=EDGE_LOOP('',(#3337,#3339,#3340,#3342,#3343,#3345,#3347));
#3349=FACE_OUTER_BOUND('',#3348,.F.);
#3351=CARTESIAN_POINT('',(-1.5E1,-1.10806E1,-4.001351E-1));
#3352=DIRECTION('',(0.E0,1.E0,0.E0));
#3353=DIRECTION('',(0.E0,0.E0,1.E0));
#3354=AXIS2_PLACEMENT_3D('',#3351,#3352,#3353);
#3355=CYLINDRICAL_SURFACE('',#3354,2.E0);
#3356=ORIENTED_EDGE('',*,*,#3338,.T.);
#3357=ORIENTED_EDGE('',*,*,#2578,.T.);
#3359=ORIENTED_EDGE('',*,*,#3358,.F.);
#3360=ORIENTED_EDGE('',*,*,#2881,.T.);
#3361=EDGE_LOOP('',(#3356,#3357,#3359,#3360));
#3362=FACE_OUTER_BOUND('',#3361,.F.);
#3364=CARTESIAN_POINT('',(-1.3E1,0.E0,1.5998649E0));
#3365=DIRECTION('',(0.E0,0.E0,-1.E0));
#3366=DIRECTION('',(-1.E0,0.E0,0.E0));
#3367=AXIS2_PLACEMENT_3D('',#3364,#3365,#3366);
#3368=PLANE('',#3367);
#3370=ORIENTED_EDGE('',*,*,#3369,.T.);
#3371=ORIENTED_EDGE('',*,*,#2510,.F.);
#3373=ORIENTED_EDGE('',*,*,#3372,.T.);
#3374=ORIENTED_EDGE('',*,*,#2883,.T.);
#3375=ORIENTED_EDGE('',*,*,#3358,.T.);
#3376=ORIENTED_EDGE('',*,*,#2576,.T.);
#3377=EDGE_LOOP('',(#3370,#3371,#3373,#3374,#3375,#3376));
#3378=FACE_OUTER_BOUND('',#3377,.F.);
#3380=CARTESIAN_POINT('',(-2.299999852E1,1.95806E1,3.5998649E0));
#3381=DIRECTION('',(0.E0,-1.E0,0.E0));
#3382=DIRECTION('',(-1.E0,0.E0,0.E0));
#3383=AXIS2_PLACEMENT_3D('',#3380,#3381,#3382);
#3384=CYLINDRICAL_SURFACE('',#3383,2.E0);
#3385=ORIENTED_EDGE('',*,*,#2512,.T.);
#3386=ORIENTED_EDGE('',*,*,#3369,.F.);
#3387=ORIENTED_EDGE('',*,*,#2574,.T.);
#3389=ORIENTED_EDGE('',*,*,#3388,.T.);
#3390=EDGE_LOOP('',(#3385,#3386,#3387,#3389));
#3391=FACE_OUTER_BOUND('',#3390,.F.);
#3393=CARTESIAN_POINT('',(-2.499999852E1,0.E0,1.5998649E0));
#3394=DIRECTION('',(-1.E0,0.E0,0.E0));
#3395=DIRECTION('',(0.E0,0.E0,1.E0));
#3396=AXIS2_PLACEMENT_3D('',#3393,#3394,#3395);
#3397=PLANE('',#3396);
#3399=ORIENTED_EDGE('',*,*,#3398,.T.);
#3400=ORIENTED_EDGE('',*,*,#2514,.F.);
#3401=ORIENTED_EDGE('',*,*,#3388,.F.);
#3402=ORIENTED_EDGE('',*,*,#2572,.T.);
#3403=EDGE_LOOP('',(#3399,#3400,#3401,#3402));
#3404=FACE_OUTER_BOUND('',#3403,.F.);
#3406=CARTESIAN_POINT('',(-2.299999852E1,1.95806E1,5.5998649E0));
#3407=DIRECTION('',(0.E0,-1.E0,0.E0));
#3408=DIRECTION('',(0.E0,0.E0,1.E0));
#3409=AXIS2_PLACEMENT_3D('',#3406,#3407,#3408);
#3410=CYLINDRICAL_SURFACE('',#3409,2.E0);
#3411=ORIENTED_EDGE('',*,*,#2504,.T.);
#3412=ORIENTED_EDGE('',*,*,#3398,.F.);
#3413=ORIENTED_EDGE('',*,*,#2570,.T.);
#3415=ORIENTED_EDGE('',*,*,#3414,.T.);
#3416=EDGE_LOOP('',(#3411,#3412,#3413,#3415));
#3417=FACE_OUTER_BOUND('',#3416,.F.);
#3419=CARTESIAN_POINT('',(-2.499999852E1,0.E0,7.5998649E0));
#3420=DIRECTION('',(0.E0,0.E0,1.E0));
#3421=DIRECTION('',(1.E0,0.E0,0.E0));
#3422=AXIS2_PLACEMENT_3D('',#3419,#3420,#3421);
#3423=PLANE('',#3422);
#3424=ORIENTED_EDGE('',*,*,#3414,.F.);
#3425=ORIENTED_EDGE('',*,*,#2568,.T.);
#3427=ORIENTED_EDGE('',*,*,#3426,.F.);
#3428=ORIENTED_EDGE('',*,*,#2887,.T.);
#3430=ORIENTED_EDGE('',*,*,#3429,.F.);
#3431=ORIENTED_EDGE('',*,*,#2506,.F.);
#3432=EDGE_LOOP('',(#3424,#3425,#3427,#3428,#3430,#3431));
#3433=FACE_OUTER_BOUND('',#3432,.F.);
#3435=CARTESIAN_POINT('',(-1.5E1,-1.10806E1,9.5998649E0));
#3436=DIRECTION('',(0.E0,1.E0,0.E0));
#3437=DIRECTION('',(1.E0,0.E0,0.E0));
#3438=AXIS2_PLACEMENT_3D('',#3435,#3436,#3437);
#3439=CYLINDRICAL_SURFACE('',#3438,2.E0);
#3441=ORIENTED_EDGE('',*,*,#3440,.F.);
#3442=ORIENTED_EDGE('',*,*,#2889,.T.);
#3443=ORIENTED_EDGE('',*,*,#3426,.T.);
#3444=ORIENTED_EDGE('',*,*,#2566,.T.);
#3445=EDGE_LOOP('',(#3441,#3442,#3443,#3444));
#3446=FACE_OUTER_BOUND('',#3445,.F.);
#3448=CARTESIAN_POINT('',(-1.3E1,0.E0,7.5998649E0));
#3449=DIRECTION('',(-1.E0,0.E0,0.E0));
#3450=DIRECTION('',(0.E0,0.E0,1.E0));
#3451=AXIS2_PLACEMENT_3D('',#3448,#3449,#3450);
#3452=PLANE('',#3451);
#3453=ORIENTED_EDGE('',*,*,#2899,.F.);
#3455=ORIENTED_EDGE('',*,*,#3454,.F.);
#3456=ORIENTED_EDGE('',*,*,#3036,.T.);
#3458=ORIENTED_EDGE('',*,*,#3457,.T.);
#3459=ORIENTED_EDGE('',*,*,#2891,.F.);
#3460=ORIENTED_EDGE('',*,*,#3440,.T.);
#3461=ORIENTED_EDGE('',*,*,#2564,.T.);
#3463=ORIENTED_EDGE('',*,*,#3462,.T.);
#3464=ORIENTED_EDGE('',*,*,#2745,.T.);
#3466=ORIENTED_EDGE('',*,*,#3465,.F.);
#3467=EDGE_LOOP('',(#3453,#3455,#3456,#3458,#3459,#3460,#3461,#3463,#3464,
#3466));
#3468=FACE_OUTER_BOUND('',#3467,.F.);
#3470=CARTESIAN_POINT('',(-8.E0,0.E0,1.153206863640E1));
#3471=DIRECTION('',(0.E0,0.E0,1.E0));
#3472=DIRECTION('',(-1.E0,0.E0,0.E0));
#3473=AXIS2_PLACEMENT_3D('',#3470,#3471,#3472);
#3474=PLANE('',#3473);
#3475=ORIENTED_EDGE('',*,*,#2897,.F.);
#3477=ORIENTED_EDGE('',*,*,#3476,.F.);
#3478=ORIENTED_EDGE('',*,*,#3038,.T.);
#3479=ORIENTED_EDGE('',*,*,#3454,.T.);
#3480=EDGE_LOOP('',(#3475,#3477,#3478,#3479));
#3481=FACE_OUTER_BOUND('',#3480,.F.);
#3483=CARTESIAN_POINT('',(-8.E0,0.E0,9.232068636405E0));
#3484=DIRECTION('',(1.E0,0.E0,0.E0));
#3485=DIRECTION('',(0.E0,0.E0,1.E0));
#3486=AXIS2_PLACEMENT_3D('',#3483,#3484,#3485);
#3487=PLANE('',#3486);
#3488=ORIENTED_EDGE('',*,*,#2895,.F.);
#3490=ORIENTED_EDGE('',*,*,#3489,.F.);
#3491=ORIENTED_EDGE('',*,*,#3040,.T.);
#3492=ORIENTED_EDGE('',*,*,#3476,.T.);
#3493=EDGE_LOOP('',(#3488,#3490,#3491,#3492));
#3494=FACE_OUTER_BOUND('',#3493,.F.);
#3496=CARTESIAN_POINT('',(-1.3E1,0.E0,9.232068636405E0));
#3497=DIRECTION('',(0.E0,0.E0,-1.E0));
#3498=DIRECTION('',(1.E0,0.E0,0.E0));
#3499=AXIS2_PLACEMENT_3D('',#3496,#3497,#3498);
#3500=PLANE('',#3499);
#3501=ORIENTED_EDGE('',*,*,#2893,.F.);
#3502=ORIENTED_EDGE('',*,*,#3457,.F.);
#3503=ORIENTED_EDGE('',*,*,#3042,.T.);
#3504=ORIENTED_EDGE('',*,*,#3489,.T.);
#3505=EDGE_LOOP('',(#3501,#3502,#3503,#3504));
#3506=FACE_OUTER_BOUND('',#3505,.F.);
#3508=CARTESIAN_POINT('',(1.15E0,7.E0,1.685E1));
#3509=DIRECTION('',(0.E0,0.E0,-1.E0));
#3510=DIRECTION('',(-1.E0,0.E0,0.E0));
#3511=AXIS2_PLACEMENT_3D('',#3508,#3509,#3510);
#3512=PLANE('',#3511);
#3514=ORIENTED_EDGE('',*,*,#3513,.F.);
#3516=ORIENTED_EDGE('',*,*,#3515,.T.);
#3518=ORIENTED_EDGE('',*,*,#3517,.T.);
#3520=ORIENTED_EDGE('',*,*,#3519,.F.);
#3522=ORIENTED_EDGE('',*,*,#3521,.F.);
#3523=ORIENTED_EDGE('',*,*,#2815,.T.);
#3524=ORIENTED_EDGE('',*,*,#2728,.F.);
#3525=ORIENTED_EDGE('',*,*,#2747,.T.);
#3526=ORIENTED_EDGE('',*,*,#3462,.F.);
#3527=ORIENTED_EDGE('',*,*,#2562,.F.);
#3528=EDGE_LOOP('',(#3514,#3516,#3518,#3520,#3522,#3523,#3524,#3525,#3526,
#3527));
#3529=FACE_OUTER_BOUND('',#3528,.F.);
#3531=CARTESIAN_POINT('',(-3.984363145023E0,9.075E0,1.657798507463E1));
#3532=DIRECTION('',(-9.522165814091E-1,0.E0,3.054236108908E-1));
#3533=DIRECTION('',(-3.054236108908E-1,0.E0,-9.522165814091E-1));
#3534=AXIS2_PLACEMENT_3D('',#3531,#3532,#3533);
#3535=PLANE('',#3534);
#3536=ORIENTED_EDGE('',*,*,#2666,.F.);
#3538=ORIENTED_EDGE('',*,*,#3537,.T.);
#3539=ORIENTED_EDGE('',*,*,#3513,.T.);
#3540=ORIENTED_EDGE('',*,*,#2560,.T.);
#3541=EDGE_LOOP('',(#3536,#3538,#3539,#3540));
#3542=FACE_OUTER_BOUND('',#3541,.F.);
#3544=CARTESIAN_POINT('',(0.E0,1.115E1,0.E0));
#3545=DIRECTION('',(0.E0,1.E0,0.E0));
#3546=DIRECTION('',(-1.E0,0.E0,0.E0));
#3547=AXIS2_PLACEMENT_3D('',#3544,#3545,#3546);
#3548=PLANE('',#3547);
#3549=ORIENTED_EDGE('',*,*,#2679,.F.);
#3550=ORIENTED_EDGE('',*,*,#2709,.F.);
#3552=ORIENTED_EDGE('',*,*,#3551,.F.);
#3553=ORIENTED_EDGE('',*,*,#3515,.F.);
#3554=ORIENTED_EDGE('',*,*,#3537,.F.);
#3555=ORIENTED_EDGE('',*,*,#2664,.F.);
#3556=EDGE_LOOP('',(#3549,#3550,#3552,#3553,#3554,#3555));
#3557=FACE_OUTER_BOUND('',#3556,.F.);
#3559=CARTESIAN_POINT('',(0.E0,7.7E0,2.2E1));
#3560=DIRECTION('',(0.E0,-1.E0,0.E0));
#3561=DIRECTION('',(0.E0,0.E0,1.E0));
#3562=AXIS2_PLACEMENT_3D('',#3559,#3560,#3561);
#3563=CYLINDRICAL_SURFACE('',#3562,5.4E0);
#3564=ORIENTED_EDGE('',*,*,#3551,.T.);
#3565=ORIENTED_EDGE('',*,*,#2707,.T.);
#3567=ORIENTED_EDGE('',*,*,#3566,.T.);
#3568=ORIENTED_EDGE('',*,*,#3517,.F.);
#3569=EDGE_LOOP('',(#3564,#3565,#3567,#3568));
#3570=FACE_OUTER_BOUND('',#3569,.F.);
#3572=CARTESIAN_POINT('',(0.E0,7.7E0,2.2E1));
#3573=DIRECTION('',(0.E0,-1.E0,0.E0));
#3574=DIRECTION('',(0.E0,0.E0,1.E0));
#3575=AXIS2_PLACEMENT_3D('',#3572,#3573,#3574);
#3576=PLANE('',#3575);
#3577=ORIENTED_EDGE('',*,*,#3519,.T.);
#3578=ORIENTED_EDGE('',*,*,#3566,.F.);
#3579=ORIENTED_EDGE('',*,*,#2705,.F.);
#3581=ORIENTED_EDGE('',*,*,#3580,.T.);
#3582=EDGE_LOOP('',(#3577,#3578,#3579,#3581));
#3583=FACE_OUTER_BOUND('',#3582,.F.);
#3585=CARTESIAN_POINT('',(1.15E0,7.E0,2.715E1));
#3586=DIRECTION('',(1.E0,0.E0,0.E0));
#3587=DIRECTION('',(0.E0,0.E0,-1.E0));
#3588=AXIS2_PLACEMENT_3D('',#3585,#3586,#3587);
#3589=PLANE('',#3588);
#3590=ORIENTED_EDGE('',*,*,#3580,.F.);
#3591=ORIENTED_EDGE('',*,*,#2703,.F.);
#3592=ORIENTED_EDGE('',*,*,#2817,.T.);
#3593=ORIENTED_EDGE('',*,*,#3521,.T.);
#3594=EDGE_LOOP('',(#3590,#3591,#3592,#3593));
#3595=FACE_OUTER_BOUND('',#3594,.F.);
#3597=CARTESIAN_POINT('',(-9.E0,-1.10806E1,1.892820323028E1));
#3598=DIRECTION('',(0.E0,1.E0,0.E0));
#3599=DIRECTION('',(-1.E0,0.E0,0.E0));
#3600=AXIS2_PLACEMENT_3D('',#3597,#3598,#3599);
#3601=CYLINDRICAL_SURFACE('',#3600,4.E0);
#3602=ORIENTED_EDGE('',*,*,#2743,.T.);
#3603=ORIENTED_EDGE('',*,*,#2765,.F.);
#3604=ORIENTED_EDGE('',*,*,#2901,.T.);
#3605=ORIENTED_EDGE('',*,*,#3465,.T.);
#3606=EDGE_LOOP('',(#3602,#3603,#3604,#3605));
#3607=FACE_OUTER_BOUND('',#3606,.F.);
#3609=CARTESIAN_POINT('',(-1.899999926E1,0.E0,7.5998649E0));
#3610=DIRECTION('',(-1.E0,0.E0,0.E0));
#3611=DIRECTION('',(0.E0,0.E0,-1.E0));
#3612=AXIS2_PLACEMENT_3D('',#3609,#3610,#3611);
#3613=PLANE('',#3612);
#3614=ORIENTED_EDGE('',*,*,#2508,.F.);
#3615=ORIENTED_EDGE('',*,*,#3429,.T.);
#3616=ORIENTED_EDGE('',*,*,#2885,.T.);
#3617=ORIENTED_EDGE('',*,*,#3372,.F.);
#3618=EDGE_LOOP('',(#3614,#3615,#3616,#3617));
#3619=FACE_OUTER_BOUND('',#3618,.F.);
#3621=CARTESIAN_POINT('',(-1.3E1,0.E0,-4.5E0));
#3622=DIRECTION('',(0.E0,0.E0,-1.E0));
#3623=DIRECTION('',(1.E0,0.E0,0.E0));
#3624=AXIS2_PLACEMENT_3D('',#3621,#3622,#3623);
#3625=PLANE('',#3624);
#3626=ORIENTED_EDGE('',*,*,#2464,.F.);
#3627=ORIENTED_EDGE('',*,*,#3341,.T.);
#3628=ORIENTED_EDGE('',*,*,#2877,.T.);
#3630=ORIENTED_EDGE('',*,*,#3629,.F.);
#3631=EDGE_LOOP('',(#3626,#3627,#3628,#3630));
#3632=FACE_OUTER_BOUND('',#3631,.F.);
#3634=CARTESIAN_POINT('',(-8.5E0,0.E0,-4.5E0));
#3635=DIRECTION('',(-1.E0,0.E0,0.E0));
#3636=DIRECTION('',(0.E0,0.E0,-1.E0));
#3637=AXIS2_PLACEMENT_3D('',#3634,#3635,#3636);
#3638=PLANE('',#3637);
#3639=ORIENTED_EDGE('',*,*,#2875,.T.);
#3641=ORIENTED_EDGE('',*,*,#3640,.F.);
#3642=ORIENTED_EDGE('',*,*,#2466,.F.);
#3643=ORIENTED_EDGE('',*,*,#3629,.T.);
#3644=EDGE_LOOP('',(#3639,#3641,#3642,#3643));
#3645=FACE_OUTER_BOUND('',#3644,.F.);
#3647=CARTESIAN_POINT('',(-8.5E0,0.E0,-7.5E0));
#3648=DIRECTION('',(0.E0,0.E0,1.E0));
#3649=DIRECTION('',(-1.E0,0.E0,0.E0));
#3650=AXIS2_PLACEMENT_3D('',#3647,#3648,#3649);
#3651=PLANE('',#3650);
#3653=ORIENTED_EDGE('',*,*,#3652,.F.);
#3654=ORIENTED_EDGE('',*,*,#2468,.F.);
#3655=ORIENTED_EDGE('',*,*,#3640,.T.);
#3656=ORIENTED_EDGE('',*,*,#2873,.F.);
#3658=ORIENTED_EDGE('',*,*,#3657,.F.);
#3660=ORIENTED_EDGE('',*,*,#3659,.F.);
#3661=EDGE_LOOP('',(#3653,#3654,#3655,#3656,#3658,#3660));
#3662=FACE_OUTER_BOUND('',#3661,.F.);
#3664=CARTESIAN_POINT('',(-1.1E1,-1.10806E1,-5.5E0));
#3665=DIRECTION('',(0.E0,1.E0,0.E0));
#3666=DIRECTION('',(0.E0,0.E0,-1.E0));
#3667=AXIS2_PLACEMENT_3D('',#3664,#3665,#3666);
#3668=CYLINDRICAL_SURFACE('',#3667,2.E0);
#3670=ORIENTED_EDGE('',*,*,#3669,.T.);
#3671=ORIENTED_EDGE('',*,*,#3344,.F.);
#3672=ORIENTED_EDGE('',*,*,#2460,.T.);
#3673=ORIENTED_EDGE('',*,*,#3652,.T.);
#3674=EDGE_LOOP('',(#3670,#3671,#3672,#3673));
#3675=FACE_OUTER_BOUND('',#3674,.F.);
#3677=CARTESIAN_POINT('',(0.E0,8.5E0,0.E0));
#3678=DIRECTION('',(0.E0,1.E0,0.E0));
#3679=DIRECTION('',(-1.E0,0.E0,0.E0));
#3680=AXIS2_PLACEMENT_3D('',#3677,#3678,#3679);
#3681=PLANE('',#3680);
#3682=ORIENTED_EDGE('',*,*,#3325,.F.);
#3683=ORIENTED_EDGE('',*,*,#3346,.F.);
#3684=ORIENTED_EDGE('',*,*,#3669,.F.);
#3685=ORIENTED_EDGE('',*,*,#3659,.T.);
#3687=ORIENTED_EDGE('',*,*,#3686,.F.);
#3689=ORIENTED_EDGE('',*,*,#3688,.T.);
#3691=ORIENTED_EDGE('',*,*,#3690,.F.);
#3693=ORIENTED_EDGE('',*,*,#3692,.F.);
#3695=ORIENTED_EDGE('',*,*,#3694,.T.);
#3697=ORIENTED_EDGE('',*,*,#3696,.T.);
#3699=ORIENTED_EDGE('',*,*,#3698,.T.);
#3701=ORIENTED_EDGE('',*,*,#3700,.T.);
#3703=ORIENTED_EDGE('',*,*,#3702,.T.);
#3705=ORIENTED_EDGE('',*,*,#3704,.T.);
#3707=ORIENTED_EDGE('',*,*,#3706,.F.);
#3709=ORIENTED_EDGE('',*,*,#3708,.F.);
#3711=ORIENTED_EDGE('',*,*,#3710,.F.);
#3713=ORIENTED_EDGE('',*,*,#3712,.T.);
#3715=ORIENTED_EDGE('',*,*,#3714,.F.);
#3717=ORIENTED_EDGE('',*,*,#3716,.F.);
#3719=ORIENTED_EDGE('',*,*,#3718,.F.);
#3720=ORIENTED_EDGE('',*,*,#3278,.F.);
#3721=ORIENTED_EDGE('',*,*,#3297,.F.);
#3722=ORIENTED_EDGE('',*,*,#3311,.F.);
#3723=EDGE_LOOP('',(#3682,#3683,#3684,#3685,#3687,#3689,#3691,#3693,#3695,#3697,
#3699,#3701,#3703,#3705,#3707,#3709,#3711,#3713,#3715,#3717,#3719,#3720,#3721,
#3722));
#3724=FACE_OUTER_BOUND('',#3723,.F.);
#3726=CARTESIAN_POINT('',(-9.541311123147E0,1.95806E1,-9.5E0));
#3727=DIRECTION('',(0.E0,-1.E0,0.E0));
#3728=DIRECTION('',(8.192319205190E-1,0.E0,5.734623443633E-1));
#3729=AXIS2_PLACEMENT_3D('',#3726,#3727,#3728);
#3730=CYLINDRICAL_SURFACE('',#3729,2.E0);
#3732=ORIENTED_EDGE('',*,*,#3731,.F.);
#3733=ORIENTED_EDGE('',*,*,#3686,.T.);
#3734=ORIENTED_EDGE('',*,*,#3657,.T.);
#3735=ORIENTED_EDGE('',*,*,#2871,.T.);
#3736=EDGE_LOOP('',(#3732,#3733,#3734,#3735));
#3737=FACE_OUTER_BOUND('',#3736,.F.);
#3739=CARTESIAN_POINT('',(-8.5E0,8.5E0,-7.5E0));
#3740=DIRECTION('',(8.192319205190E-1,0.E0,5.734623443633E-1));
#3741=DIRECTION('',(5.734623443633E-1,0.E0,-8.192319205190E-1));
#3742=AXIS2_PLACEMENT_3D('',#3739,#3740,#3741);
#3743=PLANE('',#3742);
#3745=ORIENTED_EDGE('',*,*,#3744,.T.);
#3746=ORIENTED_EDGE('',*,*,#3688,.F.);
#3747=ORIENTED_EDGE('',*,*,#3731,.T.);
#3748=ORIENTED_EDGE('',*,*,#2869,.T.);
#3749=EDGE_LOOP('',(#3745,#3746,#3747,#3748));
#3750=FACE_OUTER_BOUND('',#3749,.F.);
#3752=CARTESIAN_POINT('',(-3.958688876853E0,-1.10806E1,-1.05E1));
#3753=DIRECTION('',(0.E0,1.E0,0.E0));
#3754=DIRECTION('',(0.E0,0.E0,-1.E0));
#3755=AXIS2_PLACEMENT_3D('',#3752,#3753,#3754);
#3756=CYLINDRICAL_SURFACE('',#3755,2.E0);
#3757=ORIENTED_EDGE('',*,*,#3690,.T.);
#3758=ORIENTED_EDGE('',*,*,#3744,.F.);
#3759=ORIENTED_EDGE('',*,*,#2867,.T.);
#3761=ORIENTED_EDGE('',*,*,#3760,.T.);
#3762=EDGE_LOOP('',(#3757,#3758,#3759,#3761));
#3763=FACE_OUTER_BOUND('',#3762,.F.);
#3765=CARTESIAN_POINT('',(1.3E1,0.E0,-1.25E1));
#3766=DIRECTION('',(0.E0,0.E0,-1.E0));
#3767=DIRECTION('',(-1.E0,0.E0,0.E0));
#3768=AXIS2_PLACEMENT_3D('',#3765,#3766,#3767);
#3769=PLANE('',#3768);
#3771=ORIENTED_EDGE('',*,*,#3770,.F.);
#3772=ORIENTED_EDGE('',*,*,#3708,.T.);
#3774=ORIENTED_EDGE('',*,*,#3773,.T.);
#3776=ORIENTED_EDGE('',*,*,#3775,.F.);
#3778=ORIENTED_EDGE('',*,*,#3777,.F.);
#3779=ORIENTED_EDGE('',*,*,#3692,.T.);
#3780=ORIENTED_EDGE('',*,*,#3760,.F.);
#3781=ORIENTED_EDGE('',*,*,#2865,.F.);
#3782=EDGE_LOOP('',(#3771,#3772,#3774,#3776,#3778,#3779,#3780,#3781));
#3783=FACE_OUTER_BOUND('',#3782,.F.);
#3785=CARTESIAN_POINT('',(3.958688876853E0,1.95806E1,-1.05E1));
#3786=DIRECTION('',(0.E0,-1.E0,0.E0));
#3787=DIRECTION('',(0.E0,0.E0,-1.E0));
#3788=AXIS2_PLACEMENT_3D('',#3785,#3786,#3787);
#3789=CYLINDRICAL_SURFACE('',#3788,2.E0);
#3790=ORIENTED_EDGE('',*,*,#2863,.T.);
#3792=ORIENTED_EDGE('',*,*,#3791,.F.);
#3793=ORIENTED_EDGE('',*,*,#3710,.T.);
#3794=ORIENTED_EDGE('',*,*,#3770,.T.);
#3795=EDGE_LOOP('',(#3790,#3792,#3793,#3794));
#3796=FACE_OUTER_BOUND('',#3795,.F.);
#3798=CARTESIAN_POINT('',(5.E0,8.5E0,-1.25E1));
#3799=DIRECTION('',(-8.192319205190E-1,0.E0,5.734623443633E-1));
#3800=DIRECTION('',(5.734623443633E-1,0.E0,8.192319205190E-1));
#3801=AXIS2_PLACEMENT_3D('',#3798,#3799,#3800);
#3802=PLANE('',#3801);
#3803=ORIENTED_EDGE('',*,*,#3791,.T.);
#3804=ORIENTED_EDGE('',*,*,#2861,.T.);
#3806=ORIENTED_EDGE('',*,*,#3805,.F.);
#3807=ORIENTED_EDGE('',*,*,#3712,.F.);
#3808=EDGE_LOOP('',(#3803,#3804,#3806,#3807));
#3809=FACE_OUTER_BOUND('',#3808,.F.);
#3811=CARTESIAN_POINT('',(9.541311123147E0,1.95806E1,-9.5E0));
#3812=DIRECTION('',(0.E0,-1.E0,0.E0));
#3813=DIRECTION('',(0.E0,0.E0,1.E0));
#3814=AXIS2_PLACEMENT_3D('',#3811,#3812,#3813);
#3815=CYLINDRICAL_SURFACE('',#3814,2.E0);
#3817=ORIENTED_EDGE('',*,*,#3816,.F.);
#3818=ORIENTED_EDGE('',*,*,#3714,.T.);
#3819=ORIENTED_EDGE('',*,*,#3805,.T.);
#3820=ORIENTED_EDGE('',*,*,#2859,.T.);
#3821=EDGE_LOOP('',(#3817,#3818,#3819,#3820));
#3822=FACE_OUTER_BOUND('',#3821,.F.);
#3824=CARTESIAN_POINT('',(1.3E1,0.E0,-7.5E0));
#3825=DIRECTION('',(0.E0,0.E0,1.E0));
#3826=DIRECTION('',(-1.E0,0.E0,0.E0));
#3827=AXIS2_PLACEMENT_3D('',#3824,#3825,#3826);
#3828=PLANE('',#3827);
#3830=ORIENTED_EDGE('',*,*,#3829,.F.);
#3831=ORIENTED_EDGE('',*,*,#3716,.T.);
#3832=ORIENTED_EDGE('',*,*,#3816,.T.);
#3833=ORIENTED_EDGE('',*,*,#2857,.T.);
#3835=ORIENTED_EDGE('',*,*,#3834,.F.);
#3836=ORIENTED_EDGE('',*,*,#2444,.F.);
#3837=EDGE_LOOP('',(#3830,#3831,#3832,#3833,#3835,#3836));
#3838=FACE_OUTER_BOUND('',#3837,.F.);
#3840=CARTESIAN_POINT('',(1.1E1,1.95806E1,-5.5E0));
#3841=DIRECTION('',(0.E0,-1.E0,0.E0));
#3842=DIRECTION('',(0.E0,0.E0,-1.E0));
#3843=AXIS2_PLACEMENT_3D('',#3840,#3841,#3842);
#3844=CYLINDRICAL_SURFACE('',#3843,2.E0);
#3845=ORIENTED_EDGE('',*,*,#2442,.T.);
#3846=ORIENTED_EDGE('',*,*,#3280,.F.);
#3847=ORIENTED_EDGE('',*,*,#3718,.T.);
#3848=ORIENTED_EDGE('',*,*,#3829,.T.);
#3849=EDGE_LOOP('',(#3845,#3846,#3847,#3848));
#3850=FACE_OUTER_BOUND('',#3849,.F.);
#3852=CARTESIAN_POINT('',(8.5E0,0.E0,-7.5E0));
#3853=DIRECTION('',(1.E0,0.E0,0.E0));
#3854=DIRECTION('',(0.E0,0.E0,1.E0));
#3855=AXIS2_PLACEMENT_3D('',#3852,#3853,#3854);
#3856=PLANE('',#3855);
#3857=ORIENTED_EDGE('',*,*,#2855,.T.);
#3859=ORIENTED_EDGE('',*,*,#3858,.F.);
#3860=ORIENTED_EDGE('',*,*,#2446,.F.);
#3861=ORIENTED_EDGE('',*,*,#3834,.T.);
#3862=EDGE_LOOP('',(#3857,#3859,#3860,#3861));
#3863=FACE_OUTER_BOUND('',#3862,.F.);
#3865=CARTESIAN_POINT('',(8.5E0,0.E0,-4.5E0));
#3866=DIRECTION('',(0.E0,0.E0,-1.E0));
#3867=DIRECTION('',(1.E0,0.E0,0.E0));
#3868=AXIS2_PLACEMENT_3D('',#3865,#3866,#3867);
#3869=PLANE('',#3868);
#3870=ORIENTED_EDGE('',*,*,#2448,.F.);
#3871=ORIENTED_EDGE('',*,*,#3858,.T.);
#3872=ORIENTED_EDGE('',*,*,#2853,.T.);
#3873=ORIENTED_EDGE('',*,*,#3283,.F.);
#3874=EDGE_LOOP('',(#3870,#3871,#3872,#3873));
#3875=FACE_OUTER_BOUND('',#3874,.F.);
#3877=CARTESIAN_POINT('',(3.15E0,8.5E0,-1.115E1));
#3878=DIRECTION('',(1.E0,0.E0,0.E0));
#3879=DIRECTION('',(0.E0,0.E0,-1.E0));
#3880=AXIS2_PLACEMENT_3D('',#3877,#3878,#3879);
#3881=PLANE('',#3880);
#3882=ORIENTED_EDGE('',*,*,#3706,.T.);
#3884=ORIENTED_EDGE('',*,*,#3883,.T.);
#3886=ORIENTED_EDGE('',*,*,#3885,.T.);
#3887=ORIENTED_EDGE('',*,*,#3773,.F.);
#3888=EDGE_LOOP('',(#3882,#3884,#3886,#3887));
#3889=FACE_OUTER_BOUND('',#3888,.F.);
#3891=CARTESIAN_POINT('',(4.15E0,8.5E0,-1.115E1));
#3892=DIRECTION('',(0.E0,0.E0,-1.E0));
#3893=DIRECTION('',(-1.E0,0.E0,0.E0));
#3894=AXIS2_PLACEMENT_3D('',#3891,#3892,#3893);
#3895=PLANE('',#3894);
#3896=ORIENTED_EDGE('',*,*,#3704,.F.);
#3898=ORIENTED_EDGE('',*,*,#3897,.T.);
#3900=ORIENTED_EDGE('',*,*,#3899,.T.);
#3901=ORIENTED_EDGE('',*,*,#3883,.F.);
#3902=EDGE_LOOP('',(#3896,#3898,#3900,#3901));
#3903=FACE_OUTER_BOUND('',#3902,.F.);
#3905=CARTESIAN_POINT('',(4.15E0,8.5E0,-2.85E0));
#3906=DIRECTION('',(1.E0,0.E0,0.E0));
#3907=DIRECTION('',(0.E0,0.E0,-1.E0));
#3908=AXIS2_PLACEMENT_3D('',#3905,#3906,#3907);
#3909=PLANE('',#3908);
#3910=ORIENTED_EDGE('',*,*,#3702,.F.);
#3912=ORIENTED_EDGE('',*,*,#3911,.T.);
#3914=ORIENTED_EDGE('',*,*,#3913,.T.);
#3915=ORIENTED_EDGE('',*,*,#3897,.F.);
#3916=EDGE_LOOP('',(#3910,#3912,#3914,#3915));
#3917=FACE_OUTER_BOUND('',#3916,.F.);
#3919=CARTESIAN_POINT('',(-4.15E0,8.5E0,-2.85E0));
#3920=DIRECTION('',(0.E0,0.E0,1.E0));
#3921=DIRECTION('',(1.E0,0.E0,0.E0));
#3922=AXIS2_PLACEMENT_3D('',#3919,#3920,#3921);
#3923=PLANE('',#3922);
#3924=ORIENTED_EDGE('',*,*,#3700,.F.);
#3926=ORIENTED_EDGE('',*,*,#3925,.T.);
#3928=ORIENTED_EDGE('',*,*,#3927,.T.);
#3929=ORIENTED_EDGE('',*,*,#3911,.F.);
#3930=EDGE_LOOP('',(#3924,#3926,#3928,#3929));
#3931=FACE_OUTER_BOUND('',#3930,.F.);
#3933=CARTESIAN_POINT('',(-4.15E0,8.5E0,-1.115E1));
#3934=DIRECTION('',(-1.E0,0.E0,0.E0));
#3935=DIRECTION('',(0.E0,0.E0,1.E0));
#3936=AXIS2_PLACEMENT_3D('',#3933,#3934,#3935);
#3937=PLANE('',#3936);
#3938=ORIENTED_EDGE('',*,*,#3698,.F.);
#3940=ORIENTED_EDGE('',*,*,#3939,.T.);
#3942=ORIENTED_EDGE('',*,*,#3941,.T.);
#3943=ORIENTED_EDGE('',*,*,#3925,.F.);
#3944=EDGE_LOOP('',(#3938,#3940,#3942,#3943));
#3945=FACE_OUTER_BOUND('',#3944,.F.);
#3947=CARTESIAN_POINT('',(-3.15E0,8.5E0,-1.115E1));
#3948=DIRECTION('',(0.E0,0.E0,-1.E0));
#3949=DIRECTION('',(-1.E0,0.E0,0.E0));
#3950=AXIS2_PLACEMENT_3D('',#3947,#3948,#3949);
#3951=PLANE('',#3950);
#3952=ORIENTED_EDGE('',*,*,#3696,.F.);
#3954=ORIENTED_EDGE('',*,*,#3953,.T.);
#3956=ORIENTED_EDGE('',*,*,#3955,.T.);
#3957=ORIENTED_EDGE('',*,*,#3939,.F.);
#3958=EDGE_LOOP('',(#3952,#3954,#3956,#3957));
#3959=FACE_OUTER_BOUND('',#3958,.F.);
#3961=CARTESIAN_POINT('',(-3.15E0,8.5E0,-2.365E1));
#3962=DIRECTION('',(-1.E0,0.E0,0.E0));
#3963=DIRECTION('',(0.E0,0.E0,1.E0));
#3964=AXIS2_PLACEMENT_3D('',#3961,#3962,#3963);
#3965=PLANE('',#3964);
#3966=ORIENTED_EDGE('',*,*,#3694,.F.);
#3967=ORIENTED_EDGE('',*,*,#3777,.T.);
#3969=ORIENTED_EDGE('',*,*,#3968,.T.);
#3970=ORIENTED_EDGE('',*,*,#3953,.F.);
#3971=EDGE_LOOP('',(#3966,#3967,#3969,#3970));
#3972=FACE_OUTER_BOUND('',#3971,.F.);
#3974=CARTESIAN_POINT('',(0.E0,6.5E0,0.E0));
#3975=DIRECTION('',(0.E0,1.E0,0.E0));
#3976=DIRECTION('',(-1.E0,0.E0,0.E0));
#3977=AXIS2_PLACEMENT_3D('',#3974,#3975,#3976);
#3978=PLANE('',#3977);
#3979=ORIENTED_EDGE('',*,*,#3775,.T.);
#3980=ORIENTED_EDGE('',*,*,#3885,.F.);
#3981=ORIENTED_EDGE('',*,*,#3899,.F.);
#3982=ORIENTED_EDGE('',*,*,#3913,.F.);
#3983=ORIENTED_EDGE('',*,*,#3927,.F.);
#3984=ORIENTED_EDGE('',*,*,#3941,.F.);
#3985=ORIENTED_EDGE('',*,*,#3955,.F.);
#3986=ORIENTED_EDGE('',*,*,#3968,.F.);
#3987=EDGE_LOOP('',(#3979,#3980,#3981,#3982,#3983,#3984,#3985,#3986));
#3988=FACE_OUTER_BOUND('',#3987,.F.);
#3990=CARTESIAN_POINT('',(1.899999926E1,0.E0,1.5998649E0));
#3991=DIRECTION('',(1.E0,0.E0,0.E0));
#3992=DIRECTION('',(0.E0,0.E0,1.E0));
#3993=AXIS2_PLACEMENT_3D('',#3990,#3991,#3992);
#3994=PLANE('',#3993);
#3995=ORIENTED_EDGE('',*,*,#2486,.F.);
#3996=ORIENTED_EDGE('',*,*,#3252,.T.);
#3997=ORIENTED_EDGE('',*,*,#2845,.T.);
#3998=ORIENTED_EDGE('',*,*,#3195,.F.);
#3999=EDGE_LOOP('',(#3995,#3996,#3997,#3998));
#4000=FACE_OUTER_BOUND('',#3999,.F.);
#4002=CARTESIAN_POINT('',(6.010240497034E0,0.E0,2.753624074792E1));
#4003=DIRECTION('',(0.E0,0.E0,-1.E0));
#4004=DIRECTION('',(1.E0,0.E0,0.E0));
#4005=AXIS2_PLACEMENT_3D('',#4002,#4003,#4004);
#4006=PLANE('',#4005);
#4007=ORIENTED_EDGE('',*,*,#2827,.F.);
#4008=ORIENTED_EDGE('',*,*,#3068,.F.);
#4009=ORIENTED_EDGE('',*,*,#3008,.T.);
#4010=ORIENTED_EDGE('',*,*,#3099,.T.);
#4011=EDGE_LOOP('',(#4007,#4008,#4009,#4010));
#4012=FACE_OUTER_BOUND('',#4011,.F.);
#4016=FILL_AREA_STYLE_COLOUR('',#35);
#4017=FILL_AREA_STYLE('',(#4016));
#4018=SURFACE_STYLE_FILL_AREA(#4017);
#4019=SURFACE_SIDE_STYLE('',(#4018));
#4020=SURFACE_STYLE_USAGE(.BOTH.,#4019);
#4021=PRESENTATION_STYLE_ASSIGNMENT((#4020));
#57=STYLED_ITEM('',(#4021),#4015);
#4024=PLANE_ANGLE_MEASURE_WITH_UNIT(PLANE_ANGLE_MEASURE(1.745329251994E-2),
#4023);
#4025=(CONVERSION_BASED_UNIT('DEGREE',#4024)NAMED_UNIT(*)PLANE_ANGLE_UNIT());
#4027=UNCERTAINTY_MEASURE_WITH_UNIT(LENGTH_MEASURE(1.E-2),#4022,
'distance_accuracy_value',
'Maximum model space distance between geometric entities at asserted connectivities');
#4030=MECHANICAL_DESIGN_GEOMETRIC_PRESENTATION_REPRESENTATION('',(#66,#74,#82,
#90,#97,#104,#111,#118,#126,#133,#140,#147,#154,#162,#169,#176,#183,#190,#198,
#205,#213,#220,#227,#234,#242,#249,#256,#263,#271,#278,#285,#292,#300,#308,#316,
#324,#331,#338,#345,#353,#360,#368,#375,#382,#389,#397,#404,#412,#419,#426,#434,
#441,#449,#456,#464,#471,#478,#485,#492,#499,#507,#514,#522,#529,#536,#543,#550,
#557,#564,#571,#578,#585,#592,#599,#606,#613,#620,#627,#634,#641,#648,#655,#662,
#669,#676,#683,#690,#697,#704,#711,#718,#725,#732,#740,#747,#754,#761,#768,#775,
#782,#790,#797,#804,#811,#818,#826,#834,#841,#848,#855,#862,#869,#876,#883,#890,
#898,#905,#913,#920,#927,#934,#941,#948,#956,#963,#970,#977,#984,#991,#999,
#1006,#1013,#1020,#1027,#1035,#1042,#1049,#1056,#1063,#1070,#1077,#1084,#1091,
#1098,#1105,#1112,#1119,#1126,#1133,#1140,#1147,#1154,#1161,#1169,#1177,#1184,
#1191,#1198,#1205,#1212,#1219,#1226,#1233,#1240,#1247,#1255,#1263,#1270,#1277,
#1284,#1291,#1298,#1306,#1313,#1320,#1328,#1335,#1342,#1349,#1356,#1363,#1371,
#1379,#1386,#1393,#1400,#1407,#1414,#1421,#1428,#1435,#1442,#1449,#1457,#1465,
#1472,#1479,#1486,#1493,#1500,#1507,#1514,#1521,#1528,#1535,#1542,#1549,#1556,
#1563,#1570,#1577,#1584,#1592,#1600,#1607,#1614,#1622,#1629,#1636,#1643,#1650,
#1657,#1665,#1672,#1680,#1687,#1694,#1702,#1709,#1716,#1723,#1730,#1737,#1744,
#1751,#1758,#1765,#1773,#1780,#1787,#1795,#1802,#1810,#1817,#1825,#1833,#1840,
#1847,#1854,#1861,#1868,#1875,#1882,#1889,#1896,#1903,#1911,#1919,#1926,#1933,
#1940,#1947,#1954,#1961,#1968,#1975,#1982,#1989,#1996,#2003,#2010,#2017,#2024,
#2031,#2038,#2045,#2052,#57),#4028);
#4031=APPLICATION_CONTEXT('automotive_design');
#4032=APPLICATION_PROTOCOL_DEFINITION('international standard',
'automotive_design',2001,#4031);
#4033=PRODUCT_DEFINITION_CONTEXT('part definition',#4031,'design');
#4034=PRODUCT_CONTEXT('',#4031,'mechanical');
#4035=PRODUCT('I-0526-04_REVX01','I-0526-04_REVX01','NOT SPECIFIED',(#4034));
#4036=PRODUCT_DEFINITION_FORMATION('14','LAST_VERSION',#4035);
#4044=DERIVED_UNIT_ELEMENT(#4043,2.E0);
#4045=DERIVED_UNIT((#4044));
#4046=MEASURE_REPRESENTATION_ITEM('surface area measure',AREA_MEASURE(
3.806194282925E3),#4045);
#4051=DERIVED_UNIT_ELEMENT(#4050,3.E0);
#4052=DERIVED_UNIT((#4051));
#4053=MEASURE_REPRESENTATION_ITEM('volume measure',VOLUME_MEASURE(
5.532989635433E3),#4052);
#4057=CARTESIAN_POINT('centre point',(5.718154032961E-1,4.757700408116E0,
7.248628509475E0));
#4062=DERIVED_UNIT_ELEMENT(#4061,2.E0);
#4063=DERIVED_UNIT((#4062));
#4064=MEASURE_REPRESENTATION_ITEM('surface area measure',AREA_MEASURE(
3.806194282925E3),#4063);
#4069=DERIVED_UNIT_ELEMENT(#4068,3.E0);
#4070=DERIVED_UNIT((#4069));
#4071=MEASURE_REPRESENTATION_ITEM('volume measure',VOLUME_MEASURE(
5.532989635433E3),#4070);
#4075=CARTESIAN_POINT('centre point',(5.718154032961E-1,4.757700408116E0,
7.248628509475E0));
#4080=PRODUCT_RELATED_PRODUCT_CATEGORY('part','',(#4035));
#1=DRAUGHTING_PRE_DEFINED_COLOUR('black');
#2=COLOUR_RGB('',0.E0,2.352941176471E-1,6.352941176471E-1);
#3=COLOUR_RGB('',0.E0,2.509803921569E-1,5.019607843137E-1);
#4=COLOUR_RGB('',0.E0,4.E-1,8.E-1);
#5=COLOUR_RGB('',0.E0,4.156862745098E-1,6.392156862745E-1);
#6=COLOUR_RGB('',0.E0,5.019607843137E-1,0.E0);
#7=COLOUR_RGB('',0.E0,5.019607843137E-1,5.019607843137E-1);
#8=COLOUR_RGB('',0.E0,8.E-1,8.E-1);
#9=DRAUGHTING_PRE_DEFINED_COLOUR('green');
#10=COLOUR_RGB('',1.1E-2,1.2E-2,1.E0);
#11=COLOUR_RGB('',9.803921568627E-2,9.803921568627E-2,9.803921568627E-2);
#12=COLOUR_RGB('',1.333333333333E-1,5.176470588235E-1,4.078431372549E-1);
#13=COLOUR_RGB('',1.411764705882E-1,4.705882352941E-1,1.960784313725E-1);
#14=COLOUR_RGB('',1.568627450980E-1,1.568627450980E-1,1.568627450980E-1);
#15=COLOUR_RGB('',2.E-1,8.E-1,6.E-1);
#16=COLOUR_RGB('',2.509803921569E-1,2.509803921569E-1,2.509803921569E-1);
#17=COLOUR_RGB('',2.509803921569E-1,5.019607843137E-1,0.E0);
#18=COLOUR_RGB('',3.333333333333E-1,3.333333333333E-1,1.E0);
#19=COLOUR_RGB('',4.E-1,8.E-1,2.E-1);
#20=COLOUR_RGB('',4.E-1,1.E0,6.E-1);
#21=COLOUR_RGB('',4.117647058824E-1,2.039215686275E-1,2.274509803922E-1);
#22=COLOUR_RGB('',4.1E-1,2.61589E-1,1.12848E-1);
#23=COLOUR_RGB('',4.235294117647E-1,4.352941176471E-1,4.352941176471E-1);
#24=COLOUR_RGB('',4.392156862745E-1,2.274509803922E-1,5.921568627451E-1);
#25=COLOUR_RGB('',4.666666666667E-1,4.156862745098E-1,0.E0);
#26=COLOUR_RGB('',5.019607843137E-1,0.E0,5.019607843137E-1);
#27=COLOUR_RGB('',5.019607843137E-1,5.019607843137E-1,5.019607843137E-1);
#28=COLOUR_RGB('',5.04854E-1,1.5455E-2,1.5455E-2);
#29=COLOUR_RGB('',5.88235E-1,5.68627E-1,5.4902E-1);
#30=COLOUR_RGB('',6.E-1,6.E-1,0.E0);
#31=COLOUR_RGB('',6.35294E-1,6.86275E-1,7.4902E-1);
#32=COLOUR_RGB('',6.40777E-1,6.40777E-1,6.40777E-1);
#33=COLOUR_RGB('',6.666666666667E-1,0.E0,1.E0);
#34=COLOUR_RGB('',6.69062E-1,6.69903E-1,6.55217E-1);
#35=COLOUR_RGB('',7.45098E-1,3.92157E-1,2.94118E-1);
#36=COLOUR_RGB('',7.686274509804E-1,7.686274509804E-1,7.686274509804E-1);
#37=COLOUR_RGB('',7.921568627451E-1,8.196078431373E-1,9.333333333333E-1);
#38=COLOUR_RGB('',8.E-1,1.764705882353E-1,2.313725490196E-1);
#39=COLOUR_RGB('',8.313725490196E-1,6.705882352941E-1,1.294117647059E-1);
#40=COLOUR_RGB('',8.549019607843E-1,8.549019607843E-1,8.549019607843E-1);
#41=COLOUR_RGB('',9.019607843137E-1,9.411764705882E-1,9.803921568627E-1);
#42=COLOUR_RGB('',9.098039215686E-1,4.431372549020E-1,3.137254901961E-2);
#43=COLOUR_RGB('',9.21569E-1,7.05882E-1,4.70588E-1);
#44=COLOUR_RGB('',9.372549019608E-1,9.372549019608E-1,6.509803921569E-1);
#45=COLOUR_RGB('',9.411764705882E-1,1.333333333333E-1,9.411764705882E-1);
#46=COLOUR_RGB('',9.490196078431E-1,7.882352941176E-1,3.529411764706E-1);
#47=COLOUR_RGB('',9.960784313725E-1,8.705882352941E-1,7.607843137255E-1);
#48=DRAUGHTING_PRE_DEFINED_COLOUR('red');
#49=DRAUGHTING_PRE_DEFINED_COLOUR('magenta');
#50=COLOUR_RGB('',1.E0,4.117647058824E-1,0.E0);
#51=COLOUR_RGB('',1.E0,8.E-1,0.E0);
#52=COLOUR_RGB('',1.E0,8.E-1,1.E0);
#53=DRAUGHTING_PRE_DEFINED_COLOUR('yellow');
#54=COLOUR_RGB('',1.E0,1.E0,5.3E-1);
#55=COLOUR_RGB('',1.E0,1.E0,9.49E-1);
#56=DRAUGHTING_PRE_DEFINED_COLOUR('white');
#62=CIRCLE('',#61,8.E-1);
#71=CIRCLE('',#70,8.E-1);
#79=CIRCLE('',#78,8.E-1);
#87=CIRCLE('',#86,8.E-1);
#123=CIRCLE('',#122,2.E0);
#159=CIRCLE('',#158,2.E0);
#195=CIRCLE('',#194,2.E0);
#210=CIRCLE('',#209,2.E0);
#239=CIRCLE('',#238,2.E0);
#268=CIRCLE('',#267,2.E0);
#297=CIRCLE('',#296,8.E-1);
#305=CIRCLE('',#304,8.E-1);
#313=CIRCLE('',#312,8.E-1);
#321=CIRCLE('',#320,8.E-1);
#350=CIRCLE('',#349,2.E0);
#365=CIRCLE('',#364,2.E0);
#394=CIRCLE('',#393,2.E0);
#409=CIRCLE('',#408,2.E0);
#431=CIRCLE('',#430,4.E0);
#446=CIRCLE('',#445,4.E0);
#461=CIRCLE('',#460,4.E0);
#504=CIRCLE('',#503,7.E0);
#519=CIRCLE('',#518,7.E0);
#737=CIRCLE('',#736,4.E0);
#787=CIRCLE('',#786,4.E0);
#823=CIRCLE('',#822,2.E0);
#831=CIRCLE('',#830,2.E0);
#895=CIRCLE('',#894,4.E0);
#910=CIRCLE('',#909,4.E0);
#953=CIRCLE('',#952,4.E0);
#996=CIRCLE('',#995,4.E0);
#1032=CIRCLE('',#1031,4.E0);
#1166=CIRCLE('',#1165,2.E0);
#1174=CIRCLE('',#1173,2.E0);
#1252=CIRCLE('',#1251,2.E0);
#1260=CIRCLE('',#1259,2.E0);
#1303=CIRCLE('',#1302,2.E0);
#1325=CIRCLE('',#1324,2.E0);
#1368=CIRCLE('',#1367,2.E0);
#1376=CIRCLE('',#1375,2.E0);
#1454=CIRCLE('',#1453,2.E0);
#1462=CIRCLE('',#1461,2.E0);
#1589=CIRCLE('',#1588,5.4E0);
#1597=CIRCLE('',#1596,5.4E0);
#1619=CIRCLE('',#1618,4.E0);
#1662=CIRCLE('',#1661,2.E0);
#1677=CIRCLE('',#1676,2.E0);
#1699=CIRCLE('',#1698,2.E0);
#1770=CIRCLE('',#1769,2.E0);
#1792=CIRCLE('',#1791,2.E0);
#1807=CIRCLE('',#1806,2.E0);
#1822=CIRCLE('',#1821,2.E0);
#1830=CIRCLE('',#1829,2.E0);
#1908=CIRCLE('',#1907,2.E0);
#1916=CIRCLE('',#1915,2.E0);
#2426=EDGE_CURVE('',#2171,#2172,#94,.T.);
#2428=EDGE_CURVE('',#2172,#2174,#101,.T.);
#2430=EDGE_CURVE('',#2174,#2176,#108,.T.);
#2432=EDGE_CURVE('',#2176,#2171,#115,.T.);
#2436=ADVANCED_FACE('',(#2435),#2425,.F.);
#2442=EDGE_CURVE('',#2265,#2266,#123,.T.);
#2444=EDGE_CURVE('',#2265,#2165,#130,.T.);
#2446=EDGE_CURVE('',#2165,#2166,#137,.T.);
#2448=EDGE_CURVE('',#2166,#2168,#144,.T.);
#2450=EDGE_CURVE('',#2168,#2266,#151,.T.);
#2454=ADVANCED_FACE('',(#2453),#2441,.F.);
#2460=EDGE_CURVE('',#2292,#2294,#159,.T.);
#2462=EDGE_CURVE('',#2292,#2159,#166,.T.);
#2464=EDGE_CURVE('',#2159,#2160,#173,.T.);
#2466=EDGE_CURVE('',#2160,#2162,#180,.T.);
#2468=EDGE_CURVE('',#2162,#2294,#187,.T.);
#2472=ADVANCED_FACE('',(#2471),#2459,.F.);
#2478=EDGE_CURVE('',#2297,#2298,#195,.T.);
#2480=EDGE_CURVE('',#2297,#2306,#202,.T.);
#2482=EDGE_CURVE('',#2305,#2306,#210,.T.);
#2484=EDGE_CURVE('',#2305,#2151,#217,.T.);
#2486=EDGE_CURVE('',#2151,#2152,#224,.T.);
#2488=EDGE_CURVE('',#2152,#2298,#231,.T.);
#2492=EDGE_CURVE('',#2055,#2056,#79,.T.);
#2494=EDGE_CURVE('',#2056,#2055,#87,.T.);
#2498=ADVANCED_FACE('',(#2491,#2497),#2477,.F.);
#2504=EDGE_CURVE('',#2313,#2314,#239,.T.);
#2506=EDGE_CURVE('',#2313,#2155,#246,.T.);
#2508=EDGE_CURVE('',#2155,#2156,#253,.T.);
#2510=EDGE_CURVE('',#2156,#2322,#260,.T.);
#2512=EDGE_CURVE('',#2321,#2322,#268,.T.);
#2514=EDGE_CURVE('',#2321,#2314,#275,.T.);
#2518=EDGE_CURVE('',#2059,#2060,#62,.T.);
#2520=EDGE_CURVE('',#2060,#2059,#71,.T.);
#2524=ADVANCED_FACE('',(#2517,#2523),#2503,.F.);
#2531=EDGE_CURVE('',#2059,#2067,#282,.T.);
#2533=EDGE_CURVE('',#2067,#2068,#313,.T.);
#2535=EDGE_CURVE('',#2060,#2068,#289,.T.);
#2539=ADVANCED_FACE('',(#2538),#2529,.F.);
#2547=EDGE_CURVE('',#2068,#2067,#321,.T.);
#2552=ADVANCED_FACE('',(#2551),#2544,.F.);
#2558=EDGE_CURVE('',#2132,#2128,#519,.T.);
#2560=EDGE_CURVE('',#2136,#2132,#1553,.T.);
#2562=EDGE_CURVE('',#2136,#2348,#328,.T.);
#2564=EDGE_CURVE('',#2340,#2348,#335,.T.);
#2566=EDGE_CURVE('',#2338,#2340,#1462,.T.);
#2568=EDGE_CURVE('',#2318,#2338,#342,.T.);
#2570=EDGE_CURVE('',#2316,#2318,#350,.T.);
#2572=EDGE_CURVE('',#2326,#2316,#357,.T.);
#2574=EDGE_CURVE('',#2324,#2326,#365,.T.);
#2576=EDGE_CURVE('',#2218,#2324,#372,.T.);
#2578=EDGE_CURVE('',#2250,#2218,#1368,.T.);
#2580=EDGE_CURVE('',#2254,#2250,#1325,.T.);
#2582=EDGE_CURVE('',#2254,#2258,#379,.T.);
#2584=EDGE_CURVE('',#2262,#2258,#1303,.T.);
#2586=EDGE_CURVE('',#2222,#2262,#1260,.T.);
#2588=EDGE_CURVE('',#2310,#2222,#386,.T.);
#2590=EDGE_CURVE('',#2308,#2310,#394,.T.);
#2592=EDGE_CURVE('',#2302,#2308,#401,.T.);
#2594=EDGE_CURVE('',#2300,#2302,#409,.T.);
#2596=EDGE_CURVE('',#2330,#2300,#416,.T.);
#2598=EDGE_CURVE('',#2334,#2330,#1174,.T.);
#2600=EDGE_CURVE('',#2208,#2334,#423,.T.);
#2602=EDGE_CURVE('',#2207,#2208,#431,.T.);
#2604=EDGE_CURVE('',#2207,#2202,#438,.T.);
#2606=EDGE_CURVE('',#2201,#2202,#446,.T.);
#2608=EDGE_CURVE('',#2198,#2201,#453,.T.);
#2610=EDGE_CURVE('',#2195,#2198,#461,.T.);
#2612=EDGE_CURVE('',#2195,#2346,#468,.T.);
#2614=EDGE_CURVE('',#2346,#2124,#475,.T.);
#2616=EDGE_CURVE('',#2128,#2124,#526,.T.);
#2624=EDGE_CURVE('',#2063,#2064,#297,.T.);
#2626=EDGE_CURVE('',#2064,#2063,#305,.T.);
#2630=ADVANCED_FACE('',(#2619,#2623,#2629),#2557,.T.);
#2637=EDGE_CURVE('',#2055,#2063,#482,.T.);
#2640=EDGE_CURVE('',#2056,#2064,#489,.T.);
#2644=ADVANCED_FACE('',(#2643),#2635,.F.);
#2656=ADVANCED_FACE('',(#2655),#2649,.F.);
#2662=EDGE_CURVE('',#2126,#2128,#496,.T.);
#2664=EDGE_CURVE('',#2126,#2131,#504,.T.);
#2666=EDGE_CURVE('',#2131,#2132,#511,.T.);
#2671=ADVANCED_FACE('',(#2670),#2661,.T.);
#2677=EDGE_CURVE('',#2123,#2124,#568,.T.);
#2679=EDGE_CURVE('',#2123,#2126,#1560,.T.);
#2685=ADVANCED_FACE('',(#2684),#2676,.T.);
#2691=EDGE_CURVE('',#2100,#2374,#533,.T.);
#2693=EDGE_CURVE('',#2372,#2374,#694,.T.);
#2695=EDGE_CURVE('',#2356,#2372,#540,.T.);
#2697=EDGE_CURVE('',#2356,#2358,#974,.T.);
#2699=EDGE_CURVE('',#2358,#2378,#1081,.T.);
#2701=EDGE_CURVE('',#2378,#2120,#722,.T.);
#2703=EDGE_CURVE('',#2120,#2113,#547,.T.);
#2705=EDGE_CURVE('',#2113,#2114,#554,.T.);
#2707=EDGE_CURVE('',#2116,#2114,#561,.T.);
#2709=EDGE_CURVE('',#2116,#2123,#1567,.T.);
#2713=EDGE_CURVE('',#2346,#2099,#610,.T.);
#2715=EDGE_CURVE('',#2099,#2100,#589,.T.);
#2719=ADVANCED_FACE('',(#2718),#2690,.F.);
#2726=EDGE_CURVE('',#2103,#2100,#575,.T.);
#2728=EDGE_CURVE('',#2103,#2350,#582,.T.);
#2730=EDGE_CURVE('',#2350,#2374,#701,.T.);
#2734=ADVANCED_FACE('',(#2733),#2724,.F.);
#2741=EDGE_CURVE('',#2344,#2099,#603,.T.);
#2743=EDGE_CURVE('',#2342,#2344,#1619,.T.);
#2745=EDGE_CURVE('',#2104,#2342,#1497,.T.);
#2747=EDGE_CURVE('',#2103,#2104,#596,.T.);
#2752=ADVANCED_FACE('',(#2751),#2739,.T.);
#2761=EDGE_CURVE('',#2195,#2196,#617,.T.);
#2763=EDGE_CURVE('',#2196,#2213,#902,.T.);
#2765=EDGE_CURVE('',#2213,#2344,#624,.T.);
#2769=ADVANCED_FACE('',(#2768),#2757,.F.);
#2775=EDGE_CURVE('',#2353,#2198,#645,.T.);
#2777=EDGE_CURVE('',#2353,#2354,#953,.T.);
#2779=EDGE_CURVE('',#2354,#2371,#945,.T.);
#2781=EDGE_CURVE('',#2371,#2196,#910,.T.);
#2787=ADVANCED_FACE('',(#2786),#2774,.T.);
#2793=EDGE_CURVE('',#2204,#2377,#631,.T.);
#2795=EDGE_CURVE('',#2360,#2377,#638,.T.);
#2797=EDGE_CURVE('',#2360,#2353,#960,.T.);
#2801=EDGE_CURVE('',#2204,#2201,#652,.T.);
#2805=ADVANCED_FACE('',(#2804),#2792,.T.);
#2811=EDGE_CURVE('',#2371,#2372,#687,.T.);
#2815=EDGE_CURVE('',#2118,#2350,#708,.T.);
#2817=EDGE_CURVE('',#2120,#2118,#715,.T.);
#2820=EDGE_CURVE('',#2377,#2378,#729,.T.);
#2823=EDGE_CURVE('',#2381,#2204,#737,.T.);
#2825=EDGE_CURVE('',#2381,#2382,#744,.T.);
#2827=EDGE_CURVE('',#2382,#2384,#751,.T.);
#2829=EDGE_CURVE('',#2386,#2384,#758,.T.);
#2831=EDGE_CURVE('',#2386,#2398,#765,.T.);
#2833=EDGE_CURVE('',#2398,#2400,#772,.T.);
#2835=EDGE_CURVE('',#2400,#2402,#779,.T.);
#2837=EDGE_CURVE('',#2210,#2402,#787,.T.);
#2839=EDGE_CURVE('',#2210,#2333,#1151,.T.);
#2841=EDGE_CURVE('',#2329,#2333,#1166,.T.);
#2843=EDGE_CURVE('',#2329,#2186,#1195,.T.);
#2845=EDGE_CURVE('',#2184,#2186,#794,.T.);
#2847=EDGE_CURVE('',#2184,#2221,#1237,.T.);
#2849=EDGE_CURVE('',#2240,#2221,#1252,.T.);
#2851=EDGE_CURVE('',#2240,#2182,#1288,.T.);
#2853=EDGE_CURVE('',#2192,#2182,#801,.T.);
#2855=EDGE_CURVE('',#2246,#2192,#808,.T.);
#2857=EDGE_CURVE('',#2226,#2246,#1937,.T.);
#2859=EDGE_CURVE('',#2230,#2226,#1916,.T.);
#2861=EDGE_CURVE('',#2274,#2230,#815,.T.);
#2863=EDGE_CURVE('',#2273,#2274,#823,.T.);
#2865=EDGE_CURVE('',#2273,#2286,#1886,.T.);
#2867=EDGE_CURVE('',#2284,#2286,#831,.T.);
#2869=EDGE_CURVE('',#2234,#2284,#838,.T.);
#2871=EDGE_CURVE('',#2238,#2234,#1830,.T.);
#2873=EDGE_CURVE('',#2238,#2244,#1647,.T.);
#2875=EDGE_CURVE('',#2190,#2244,#845,.T.);
#2877=EDGE_CURVE('',#2180,#2190,#852,.T.);
#2879=EDGE_CURVE('',#2180,#2242,#1346,.T.);
#2881=EDGE_CURVE('',#2217,#2242,#1376,.T.);
#2883=EDGE_CURVE('',#2178,#2217,#1397,.T.);
#2885=EDGE_CURVE('',#2188,#2178,#859,.T.);
#2887=EDGE_CURVE('',#2337,#2188,#1439,.T.);
#2889=EDGE_CURVE('',#2413,#2337,#1454,.T.);
#2891=EDGE_CURVE('',#2413,#2414,#866,.T.);
#2893=EDGE_CURVE('',#2414,#2416,#873,.T.);
#2895=EDGE_CURVE('',#2416,#2418,#880,.T.);
#2897=EDGE_CURVE('',#2418,#2420,#887,.T.);
#2899=EDGE_CURVE('',#2420,#2214,#1469,.T.);
#2901=EDGE_CURVE('',#2213,#2214,#895,.T.);
#2907=EDGE_CURVE('',#2143,#2144,#659,.T.);
#2909=EDGE_CURVE('',#2148,#2143,#666,.T.);
#2911=EDGE_CURVE('',#2146,#2148,#673,.T.);
#2913=EDGE_CURVE('',#2144,#2146,#680,.T.);
#2917=ADVANCED_FACE('',(#2906,#2916),#2810,.T.);
#2924=EDGE_CURVE('',#2171,#2143,#917,.T.);
#2927=EDGE_CURVE('',#2172,#2144,#938,.T.);
#2931=ADVANCED_FACE('',(#2930),#2922,.F.);
#2938=EDGE_CURVE('',#2176,#2148,#924,.T.);
#2944=ADVANCED_FACE('',(#2943),#2936,.F.);
#2951=EDGE_CURVE('',#2174,#2146,#931,.T.);
#2957=ADVANCED_FACE('',(#2956),#2949,.F.);
#2969=ADVANCED_FACE('',(#2968),#2962,.F.);
#2977=EDGE_CURVE('',#2354,#2356,#981,.T.);
#2982=ADVANCED_FACE('',(#2981),#2974,.T.);
#2990=EDGE_CURVE('',#2358,#2360,#967,.T.);
#2996=ADVANCED_FACE('',(#2995),#2987,.T.);
#3002=EDGE_CURVE('',#2363,#2364,#988,.T.);
#3004=EDGE_CURVE('',#2368,#2363,#996,.T.);
#3006=EDGE_CURVE('',#2366,#2368,#1003,.T.);
#3008=EDGE_CURVE('',#2364,#2366,#1010,.T.);
#3012=ADVANCED_FACE('',(#3011),#3001,.T.);
#3018=EDGE_CURVE('',#2389,#2390,#1017,.T.);
#3020=EDGE_CURVE('',#2396,#2389,#1024,.T.);
#3022=EDGE_CURVE('',#2394,#2396,#1032,.T.);
#3024=EDGE_CURVE('',#2392,#2394,#1039,.T.);
#3026=EDGE_CURVE('',#2390,#2392,#1046,.T.);
#3030=ADVANCED_FACE('',(#3029),#3017,.T.);
#3036=EDGE_CURVE('',#2405,#2406,#1053,.T.);
#3038=EDGE_CURVE('',#2410,#2405,#1060,.T.);
#3040=EDGE_CURVE('',#2408,#2410,#1067,.T.);
#3042=EDGE_CURVE('',#2406,#2408,#1074,.T.);
#3046=ADVANCED_FACE('',(#3045),#3035,.T.);
#3058=ADVANCED_FACE('',(#3057),#3051,.T.);
#3065=EDGE_CURVE('',#2363,#2381,#1088,.T.);
#3068=EDGE_CURVE('',#2364,#2382,#2049,.T.);
#3072=ADVANCED_FACE('',(#3071),#3063,.T.);
#3078=EDGE_CURVE('',#2202,#2368,#1095,.T.);
#3087=ADVANCED_FACE('',(#3086),#3077,.T.);
#3093=EDGE_CURVE('',#2396,#2207,#1116,.T.);
#3096=EDGE_CURVE('',#2389,#2386,#1137,.T.);
#3099=EDGE_CURVE('',#2366,#2384,#1102,.T.);
#3106=ADVANCED_FACE('',(#3105),#3092,.F.);
#3113=EDGE_CURVE('',#2394,#2402,#1109,.T.);
#3118=EDGE_CURVE('',#2208,#2210,#1158,.T.);
#3122=ADVANCED_FACE('',(#3121),#3111,.T.);
#3129=EDGE_CURVE('',#2392,#2400,#1123,.T.);
#3135=ADVANCED_FACE('',(#3134),#3127,.T.);
#3142=EDGE_CURVE('',#2390,#2398,#1130,.T.);
#3148=ADVANCED_FACE('',(#3147),#3140,.T.);
#3160=ADVANCED_FACE('',(#3159),#3153,.T.);
#3166=EDGE_CURVE('',#2333,#2334,#1144,.T.);
#3173=ADVANCED_FACE('',(#3172),#3165,.T.);
#3179=EDGE_CURVE('',#2329,#2330,#1202,.T.);
#3186=ADVANCED_FACE('',(#3185),#3178,.F.);
#3192=EDGE_CURVE('',#2300,#2298,#1181,.T.);
#3195=EDGE_CURVE('',#2152,#2186,#1188,.T.);
#3202=ADVANCED_FACE('',(#3201),#3191,.T.);
#3211=EDGE_CURVE('',#2302,#2297,#1209,.T.);
#3215=ADVANCED_FACE('',(#3214),#3207,.T.);
#3223=EDGE_CURVE('',#2308,#2306,#1216,.T.);
#3228=ADVANCED_FACE('',(#3227),#3220,.T.);
#3237=EDGE_CURVE('',#2310,#2305,#1223,.T.);
#3241=ADVANCED_FACE('',(#3240),#3233,.T.);
#3249=EDGE_CURVE('',#2221,#2222,#1230,.T.);
#3252=EDGE_CURVE('',#2151,#2184,#1244,.T.);
#3257=ADVANCED_FACE('',(#3256),#3246,.T.);
#3263=EDGE_CURVE('',#2240,#2262,#1295,.T.);
#3270=ADVANCED_FACE('',(#3269),#3262,.F.);
#3276=EDGE_CURVE('',#2260,#2262,#1267,.T.);
#3278=EDGE_CURVE('',#2260,#2268,#1799,.T.);
#3280=EDGE_CURVE('',#2268,#2266,#1274,.T.);
#3283=EDGE_CURVE('',#2168,#2182,#1281,.T.);
#3289=ADVANCED_FACE('',(#3288),#3275,.T.);
#3295=EDGE_CURVE('',#2257,#2258,#1317,.T.);
#3297=EDGE_CURVE('',#2257,#2260,#1807,.T.);
#3303=ADVANCED_FACE('',(#3302),#3294,.T.);
#3309=EDGE_CURVE('',#2252,#2254,#1310,.T.);
#3311=EDGE_CURVE('',#2252,#2257,#1814,.T.);
#3317=ADVANCED_FACE('',(#3316),#3308,.T.);
#3323=EDGE_CURVE('',#2249,#2250,#1332,.T.);
#3325=EDGE_CURVE('',#2249,#2252,#1662,.T.);
#3331=ADVANCED_FACE('',(#3330),#3322,.T.);
#3338=EDGE_CURVE('',#2242,#2250,#1339,.T.);
#3341=EDGE_CURVE('',#2159,#2180,#1353,.T.);
#3344=EDGE_CURVE('',#2292,#2290,#1360,.T.);
#3346=EDGE_CURVE('',#2290,#2249,#1669,.T.);
#3350=ADVANCED_FACE('',(#3349),#3336,.T.);
#3358=EDGE_CURVE('',#2217,#2218,#1404,.T.);
#3363=ADVANCED_FACE('',(#3362),#3355,.F.);
#3369=EDGE_CURVE('',#2324,#2322,#1383,.T.);
#3372=EDGE_CURVE('',#2156,#2178,#1390,.T.);
#3379=ADVANCED_FACE('',(#3378),#3368,.T.);
#3388=EDGE_CURVE('',#2326,#2321,#1418,.T.);
#3392=ADVANCED_FACE('',(#3391),#3384,.T.);
#3398=EDGE_CURVE('',#2316,#2314,#1411,.T.);
#3405=ADVANCED_FACE('',(#3404),#3397,.T.);
#3414=EDGE_CURVE('',#2318,#2313,#1425,.T.);
#3418=ADVANCED_FACE('',(#3417),#3410,.T.);
#3426=EDGE_CURVE('',#2337,#2338,#1432,.T.);
#3429=EDGE_CURVE('',#2155,#2188,#1446,.T.);
#3434=ADVANCED_FACE('',(#3433),#3423,.T.);
#3440=EDGE_CURVE('',#2413,#2340,#1483,.T.);
#3447=ADVANCED_FACE('',(#3446),#3439,.F.);
#3454=EDGE_CURVE('',#2405,#2420,#1476,.T.);
#3457=EDGE_CURVE('',#2406,#2414,#1525,.T.);
#3462=EDGE_CURVE('',#2348,#2104,#1490,.T.);
#3465=EDGE_CURVE('',#2214,#2342,#1504,.T.);
#3469=ADVANCED_FACE('',(#3468),#3452,.T.);
#3476=EDGE_CURVE('',#2410,#2418,#1511,.T.);
#3482=ADVANCED_FACE('',(#3481),#3474,.T.);
#3489=EDGE_CURVE('',#2408,#2416,#1518,.T.);
#3495=ADVANCED_FACE('',(#3494),#3487,.T.);
#3507=ADVANCED_FACE('',(#3506),#3500,.T.);
#3513=EDGE_CURVE('',#2134,#2136,#1532,.T.);
#3515=EDGE_CURVE('',#2134,#2110,#1574,.T.);
#3517=EDGE_CURVE('',#2110,#2108,#1539,.T.);
#3519=EDGE_CURVE('',#2107,#2108,#1546,.T.);
#3521=EDGE_CURVE('',#2118,#2107,#1611,.T.);
#3530=ADVANCED_FACE('',(#3529),#3512,.F.);
#3537=EDGE_CURVE('',#2131,#2134,#1581,.T.);
#3543=ADVANCED_FACE('',(#3542),#3535,.T.);
#3551=EDGE_CURVE('',#2110,#2116,#1589,.T.);
#3558=ADVANCED_FACE('',(#3557),#3548,.T.);
#3566=EDGE_CURVE('',#2114,#2108,#1597,.T.);
#3571=ADVANCED_FACE('',(#3570),#3563,.F.);
#3580=EDGE_CURVE('',#2113,#2107,#1604,.T.);
#3584=ADVANCED_FACE('',(#3583),#3576,.F.);
#3596=ADVANCED_FACE('',(#3595),#3589,.F.);
#3608=ADVANCED_FACE('',(#3607),#3601,.T.);
#3620=ADVANCED_FACE('',(#3619),#3613,.F.);
#3629=EDGE_CURVE('',#2160,#2190,#1626,.T.);
#3633=ADVANCED_FACE('',(#3632),#3625,.F.);
#3640=EDGE_CURVE('',#2162,#2244,#1640,.T.);
#3646=ADVANCED_FACE('',(#3645),#3638,.F.);
#3652=EDGE_CURVE('',#2294,#2289,#1633,.T.);
#3657=EDGE_CURVE('',#2237,#2238,#1654,.T.);
#3659=EDGE_CURVE('',#2289,#2237,#1684,.T.);
#3663=ADVANCED_FACE('',(#3662),#3651,.F.);
#3669=EDGE_CURVE('',#2289,#2290,#1677,.T.);
#3676=ADVANCED_FACE('',(#3675),#3668,.T.);
#3686=EDGE_CURVE('',#2233,#2237,#1822,.T.);
#3688=EDGE_CURVE('',#2233,#2282,#1691,.T.);
#3690=EDGE_CURVE('',#2281,#2282,#1699,.T.);
#3692=EDGE_CURVE('',#2140,#2281,#1706,.T.);
#3694=EDGE_CURVE('',#2140,#2087,#1713,.T.);
#3696=EDGE_CURVE('',#2087,#2088,#1720,.T.);
#3698=EDGE_CURVE('',#2088,#2090,#1727,.T.);
#3700=EDGE_CURVE('',#2090,#2092,#1734,.T.);
#3702=EDGE_CURVE('',#2092,#2094,#1741,.T.);
#3704=EDGE_CURVE('',#2094,#2096,#1748,.T.);
#3706=EDGE_CURVE('',#2138,#2096,#1755,.T.);
#3708=EDGE_CURVE('',#2278,#2138,#1762,.T.);
#3710=EDGE_CURVE('',#2276,#2278,#1770,.T.);
#3712=EDGE_CURVE('',#2276,#2229,#1777,.T.);
#3714=EDGE_CURVE('',#2225,#2229,#1908,.T.);
#3716=EDGE_CURVE('',#2270,#2225,#1784,.T.);
#3718=EDGE_CURVE('',#2268,#2270,#1792,.T.);
#3725=ADVANCED_FACE('',(#3724),#3681,.T.);
#3731=EDGE_CURVE('',#2233,#2234,#1844,.T.);
#3738=ADVANCED_FACE('',(#3737),#3730,.F.);
#3744=EDGE_CURVE('',#2284,#2282,#1837,.T.);
#3751=ADVANCED_FACE('',(#3750),#3743,.F.);
#3760=EDGE_CURVE('',#2286,#2281,#1879,.T.);
#3764=ADVANCED_FACE('',(#3763),#3756,.T.);
#3770=EDGE_CURVE('',#2278,#2273,#1851,.T.);
#3773=EDGE_CURVE('',#2138,#2072,#1858,.T.);
#3775=EDGE_CURVE('',#2071,#2072,#1865,.T.);
#3777=EDGE_CURVE('',#2140,#2071,#1872,.T.);
#3784=ADVANCED_FACE('',(#3783),#3769,.T.);
#3791=EDGE_CURVE('',#2276,#2274,#1893,.T.);
#3797=ADVANCED_FACE('',(#3796),#3789,.T.);
#3805=EDGE_CURVE('',#2229,#2230,#1900,.T.);
#3810=ADVANCED_FACE('',(#3809),#3802,.F.);
#3816=EDGE_CURVE('',#2225,#2226,#1930,.T.);
#3823=ADVANCED_FACE('',(#3822),#3815,.F.);
#3829=EDGE_CURVE('',#2270,#2265,#1923,.T.);
#3834=EDGE_CURVE('',#2165,#2246,#1944,.T.);
#3839=ADVANCED_FACE('',(#3838),#3828,.F.);
#3851=ADVANCED_FACE('',(#3850),#3844,.T.);
#3858=EDGE_CURVE('',#2166,#2192,#1951,.T.);
#3864=ADVANCED_FACE('',(#3863),#3856,.F.);
#3876=ADVANCED_FACE('',(#3875),#3869,.F.);
#3883=EDGE_CURVE('',#2096,#2084,#1958,.T.);
#3885=EDGE_CURVE('',#2084,#2072,#2000,.T.);
#3890=ADVANCED_FACE('',(#3889),#3881,.F.);
#3897=EDGE_CURVE('',#2094,#2082,#1965,.T.);
#3899=EDGE_CURVE('',#2082,#2084,#2007,.T.);
#3904=ADVANCED_FACE('',(#3903),#3895,.F.);
#3911=EDGE_CURVE('',#2092,#2080,#1972,.T.);
#3913=EDGE_CURVE('',#2080,#2082,#2014,.T.);
#3918=ADVANCED_FACE('',(#3917),#3909,.F.);
#3925=EDGE_CURVE('',#2090,#2078,#1979,.T.);
#3927=EDGE_CURVE('',#2078,#2080,#2021,.T.);
#3932=ADVANCED_FACE('',(#3931),#3923,.F.);
#3939=EDGE_CURVE('',#2088,#2076,#1986,.T.);
#3941=EDGE_CURVE('',#2076,#2078,#2028,.T.);
#3946=ADVANCED_FACE('',(#3945),#3937,.F.);
#3953=EDGE_CURVE('',#2087,#2075,#1993,.T.);
#3955=EDGE_CURVE('',#2075,#2076,#2035,.T.);
#3960=ADVANCED_FACE('',(#3959),#3951,.F.);
#3968=EDGE_CURVE('',#2071,#2075,#2042,.T.);
#3973=ADVANCED_FACE('',(#3972),#3965,.F.);
#3989=ADVANCED_FACE('',(#3988),#3978,.T.);
#4001=ADVANCED_FACE('',(#4000),#3994,.F.);
#4013=ADVANCED_FACE('',(#4012),#4006,.T.);
#4014=CLOSED_SHELL('',(#2436,#2454,#2472,#2498,#2524,#2539,#2552,#2630,#2644,
#2656,#2671,#2685,#2719,#2734,#2752,#2769,#2787,#2805,#2917,#2931,#2944,#2957,
#2969,#2982,#2996,#3012,#3030,#3046,#3058,#3072,#3087,#3106,#3122,#3135,#3148,
#3160,#3173,#3186,#3202,#3215,#3228,#3241,#3257,#3270,#3289,#3303,#3317,#3331,
#3350,#3363,#3379,#3392,#3405,#3418,#3434,#3447,#3469,#3482,#3495,#3507,#3530,
#3543,#3558,#3571,#3584,#3596,#3608,#3620,#3633,#3646,#3663,#3676,#3725,#3738,
#3751,#3764,#3784,#3797,#3810,#3823,#3839,#3851,#3864,#3876,#3890,#3904,#3918,
#3932,#3946,#3960,#3973,#3989,#4001,#4013));
#4015=MANIFOLD_SOLID_BREP('',#4014);
#4022=(LENGTH_UNIT()NAMED_UNIT(*)SI_UNIT(.MILLI.,.METRE.));
#4023=(NAMED_UNIT(*)PLANE_ANGLE_UNIT()SI_UNIT($,.RADIAN.));
#4026=(NAMED_UNIT(*)SI_UNIT($,.STERADIAN.)SOLID_ANGLE_UNIT());
#4028=(GEOMETRIC_REPRESENTATION_CONTEXT(3)GLOBAL_UNCERTAINTY_ASSIGNED_CONTEXT((
#4027))GLOBAL_UNIT_ASSIGNED_CONTEXT((#4022,#4025,#4026))REPRESENTATION_CONTEXT(
'ID1','3'));
#4029=ADVANCED_BREP_SHAPE_REPRESENTATION('',(#4015),#4028);
#4037=PRODUCT_DEFINITION('part definition','',#4036,#4033);
#4038=PRODUCT_DEFINITION_SHAPE('','SHAPE FOR I-0526-04_REVX01.',#4037);
#4039=SHAPE_ASPECT('','solid data associated with I-0526-04_REVX01',#4038,.F.);
#4040=PROPERTY_DEFINITION('',
'shape for solid data with which properties are associated',#4039);
#4041=SHAPE_REPRESENTATION('',(#4015),#4028);
#4042=SHAPE_DEFINITION_REPRESENTATION(#4040,#4041);
#4043=(LENGTH_UNIT()NAMED_UNIT(*)SI_UNIT(.MILLI.,.METRE.));
#4047=PROPERTY_DEFINITION('geometric validation property',
'area of I-0526-04_REVX01',#4039);
#4048=REPRESENTATION('surface area',(#4046),#4028);
#4049=PROPERTY_DEFINITION_REPRESENTATION(#4047,#4048);
#4050=(LENGTH_UNIT()NAMED_UNIT(*)SI_UNIT(.MILLI.,.METRE.));
#4054=PROPERTY_DEFINITION('geometric validation property',
'volume of I-0526-04_REVX01',#4039);
#4055=REPRESENTATION('volume',(#4053),#4028);
#4056=PROPERTY_DEFINITION_REPRESENTATION(#4054,#4055);
#4058=PROPERTY_DEFINITION('geometric validation property',
'centroid of I-0526-04_REVX01',#4039);
#4059=REPRESENTATION('centroid',(#4057),#4028);
#4060=PROPERTY_DEFINITION_REPRESENTATION(#4058,#4059);
#4061=(LENGTH_UNIT()NAMED_UNIT(*)SI_UNIT(.MILLI.,.METRE.));
#4065=PROPERTY_DEFINITION('geometric validation property',
'area of I-0526-04_REVX01',#4038);
#4066=REPRESENTATION('surface area',(#4064),#4028);
#4067=PROPERTY_DEFINITION_REPRESENTATION(#4065,#4066);
#4068=(LENGTH_UNIT()NAMED_UNIT(*)SI_UNIT(.MILLI.,.METRE.));
#4072=PROPERTY_DEFINITION('geometric validation property',
'volume of I-0526-04_REVX01',#4038);
#4073=REPRESENTATION('volume',(#4071),#4028);
#4074=PROPERTY_DEFINITION_REPRESENTATION(#4072,#4073);
#4076=PROPERTY_DEFINITION('geometric validation property',
'centroid of I-0526-04_REVX01',#4038);
#4077=REPRESENTATION('centroid',(#4075),#4028);
#4078=PROPERTY_DEFINITION_REPRESENTATION(#4076,#4077);
#4079=SHAPE_DEFINITION_REPRESENTATION(#4038,#4029);
ENDSEC;
END-ISO-10303-21;
