ISO-10303-21;
HEADER;
FILE_DESCRIPTION((''),'2;1');
FILE_NAME('I-0510-03_REVX01','2026-08-07T15:57:02',('LSD'),(''),
'CREO PARAMETRIC BY PTC INC, 2020053','CREO PARAMETRIC BY PTC INC, 2020053','');
FILE_SCHEMA(('AUTOMOTIVE_DESIGN { 1 0 10303 214 1 1 1 1 }'));
ENDSEC;
DATA;
#16=DIRECTION('',(0.E0,0.E0,1.E0));
#17=VECTOR('',#16,2.385340546554E0);
#18=CARTESIAN_POINT('',(2.85E1,2.15E0,-2.065662067866E1));
#19=LINE('',#18,#17);
#20=DRAUGHTING_PRE_DEFINED_CURVE_FONT('continuous');
#21=CURVE_STYLE('',#20,POSITIVE_LENGTH_MEASURE(2.E-2),#8);
#22=PRESENTATION_STYLE_ASSIGNMENT((#21));
#23=STYLED_ITEM('',(#22),#19);
#24=DIRECTION('',(0.E0,0.E0,-1.E0));
#25=VECTOR('',#24,2.385340546554E0);
#26=CARTESIAN_POINT('',(2.85E1,1.35E0,-1.827128013211E1));
#27=LINE('',#26,#25);
#28=CURVE_STYLE('',#20,POSITIVE_LENGTH_MEASURE(2.E-2),#8);
#29=PRESENTATION_STYLE_ASSIGNMENT((#28));
#30=STYLED_ITEM('',(#29),#27);
#31=DIRECTION('',(0.E0,0.E0,-1.E0));
#32=VECTOR('',#31,2.596568530660E0);
#33=CARTESIAN_POINT('',(2.85E1,1.35E0,-7.201715414670E0));
#34=LINE('',#33,#32);
#35=CURVE_STYLE('',#20,POSITIVE_LENGTH_MEASURE(2.E-2),#8);
#36=PRESENTATION_STYLE_ASSIGNMENT((#35));
#37=STYLED_ITEM('',(#36),#34);
#38=DIRECTION('',(0.E0,0.E0,-1.E0));
#39=VECTOR('',#38,7.313235357329E0);
#40=CARTESIAN_POINT('',(2.85E1,1.35E0,8.656616398665E0));
#41=LINE('',#40,#39);
#42=CURVE_STYLE('',#20,POSITIVE_LENGTH_MEASURE(2.E-2),#8);
#43=PRESENTATION_STYLE_ASSIGNMENT((#42));
#44=STYLED_ITEM('',(#43),#41);
#45=DIRECTION('',(0.E0,0.E0,-1.E0));
#46=VECTOR('',#45,5.313236817329E0);
#47=CARTESIAN_POINT('',(2.85E1,1.35E0,2.265661633866E1));
#48=LINE('',#47,#46);
#49=CURVE_STYLE('',#20,POSITIVE_LENGTH_MEASURE(2.E-2),#8);
#50=PRESENTATION_STYLE_ASSIGNMENT((#49));
#51=STYLED_ITEM('',(#50),#48);
#52=DIRECTION('',(0.E0,0.E0,1.E0));
#53=VECTOR('',#52,5.313236817329E0);
#54=CARTESIAN_POINT('',(2.85E1,2.15E0,1.734337952134E1));
#55=LINE('',#54,#53);
#56=CURVE_STYLE('',#20,POSITIVE_LENGTH_MEASURE(2.E-2),#8);
#57=PRESENTATION_STYLE_ASSIGNMENT((#56));
#58=STYLED_ITEM('',(#57),#55);
#59=DIRECTION('',(0.E0,0.E0,1.E0));
#60=VECTOR('',#59,7.313235357329E0);
#61=CARTESIAN_POINT('',(2.85E1,2.15E0,1.343381041336E0));
#62=LINE('',#61,#60);
#63=CURVE_STYLE('',#20,POSITIVE_LENGTH_MEASURE(2.E-2),#8);
#64=PRESENTATION_STYLE_ASSIGNMENT((#63));
#65=STYLED_ITEM('',(#64),#62);
#66=DIRECTION('',(0.E0,0.E0,1.E0));
#67=VECTOR('',#66,2.596568530660E0);
#68=CARTESIAN_POINT('',(2.85E1,2.15E0,-9.798283945329E0));
#69=LINE('',#68,#67);
#70=CURVE_STYLE('',#20,POSITIVE_LENGTH_MEASURE(2.E-2),#8);
#71=PRESENTATION_STYLE_ASSIGNMENT((#70));
#72=STYLED_ITEM('',(#71),#69);
#73=CARTESIAN_POINT('',(2.85E1,1.75E0,-2.342916890667E1));
#74=DIRECTION('',(1.E0,0.E0,0.E0));
#75=DIRECTION('',(0.E0,9.993734192586E-1,-3.539447526511E-2));
#76=AXIS2_PLACEMENT_3D('',#73,#74,#75);
#78=CURVE_STYLE('',#20,POSITIVE_LENGTH_MEASURE(2.E-2),#8);
#79=PRESENTATION_STYLE_ASSIGNMENT((#78));
#80=STYLED_ITEM('',(#79),#77);
#81=DIRECTION('',(1.E0,0.E0,0.E0));
#82=VECTOR('',#81,1.8E0);
#83=CARTESIAN_POINT('',(2.85E1,3.75E0,-2.350000224E1));
#84=LINE('',#83,#82);
#85=CURVE_STYLE('',#20,POSITIVE_LENGTH_MEASURE(2.E-2),#8);
#86=PRESENTATION_STYLE_ASSIGNMENT((#85));
#87=STYLED_ITEM('',(#86),#84);
#88=CARTESIAN_POINT('',(3.03E1,1.75E0,-2.342916890667E1));
#89=DIRECTION('',(1.E0,0.E0,0.E0));
#90=DIRECTION('',(0.E0,9.993734192586E-1,-3.539447526511E-2));
#91=AXIS2_PLACEMENT_3D('',#88,#89,#90);
#93=CURVE_STYLE('',#20,POSITIVE_LENGTH_MEASURE(2.E-2),#8);
#94=PRESENTATION_STYLE_ASSIGNMENT((#93));
#95=STYLED_ITEM('',(#94),#92);
#96=DIRECTION('',(0.E0,0.E0,1.E0));
#97=VECTOR('',#96,3.E0);
#98=CARTESIAN_POINT('',(2.85E1,3.75E0,-2.650000224E1));
#99=LINE('',#98,#97);
#100=CURVE_STYLE('',#20,POSITIVE_LENGTH_MEASURE(2.E-2),#8);
#101=PRESENTATION_STYLE_ASSIGNMENT((#100));
#102=STYLED_ITEM('',(#101),#99);
#103=DIRECTION('',(1.E0,0.E0,0.E0));
#104=VECTOR('',#103,1.8E0);
#105=CARTESIAN_POINT('',(2.85E1,3.75E0,-2.650000224E1));
#106=LINE('',#105,#104);
#107=CURVE_STYLE('',#20,POSITIVE_LENGTH_MEASURE(2.E-2),#8);
#108=PRESENTATION_STYLE_ASSIGNMENT((#107));
#109=STYLED_ITEM('',(#108),#106);
#110=DIRECTION('',(0.E0,0.E0,1.E0));
#111=VECTOR('',#110,3.E0);
#112=CARTESIAN_POINT('',(3.03E1,3.75E0,-2.650000224E1));
#113=LINE('',#112,#111);
#114=CURVE_STYLE('',#20,POSITIVE_LENGTH_MEASURE(2.E-2),#8);
#115=PRESENTATION_STYLE_ASSIGNMENT((#114));
#116=STYLED_ITEM('',(#115),#113);
#117=CARTESIAN_POINT('',(2.85E1,1.75E0,-2.642916890667E1));
#118=DIRECTION('',(1.E0,0.E0,0.E0));
#119=DIRECTION('',(0.E0,-9.993734192586E-1,-3.539447526511E-2));
#120=AXIS2_PLACEMENT_3D('',#117,#118,#119);
#122=CURVE_STYLE('',#20,POSITIVE_LENGTH_MEASURE(2.E-2),#8);
#123=PRESENTATION_STYLE_ASSIGNMENT((#122));
#124=STYLED_ITEM('',(#123),#121);
#125=DIRECTION('',(1.E0,0.E0,0.E0));
#126=VECTOR('',#125,1.8E0);
#127=CARTESIAN_POINT('',(2.85E1,-2.5E-1,-2.650000224E1));
#128=LINE('',#127,#126);
#129=CURVE_STYLE('',#20,POSITIVE_LENGTH_MEASURE(2.E-2),#8);
#130=PRESENTATION_STYLE_ASSIGNMENT((#129));
#131=STYLED_ITEM('',(#130),#128);
#132=CARTESIAN_POINT('',(3.03E1,1.75E0,-2.642916890667E1));
#133=DIRECTION('',(1.E0,0.E0,0.E0));
#134=DIRECTION('',(0.E0,-9.993734192586E-1,-3.539447526511E-2));
#135=AXIS2_PLACEMENT_3D('',#132,#133,#134);
#137=CURVE_STYLE('',#20,POSITIVE_LENGTH_MEASURE(2.E-2),#8);
#138=PRESENTATION_STYLE_ASSIGNMENT((#137));
#139=STYLED_ITEM('',(#138),#136);
#140=DIRECTION('',(0.E0,0.E0,-1.E0));
#141=VECTOR('',#140,3.E0);
#142=CARTESIAN_POINT('',(2.85E1,-2.5E-1,-2.350000224E1));
#143=LINE('',#142,#141);
#144=CURVE_STYLE('',#20,POSITIVE_LENGTH_MEASURE(2.E-2),#8);
#145=PRESENTATION_STYLE_ASSIGNMENT((#144));
#146=STYLED_ITEM('',(#145),#143);
#147=DIRECTION('',(1.E0,0.E0,0.E0));
#148=VECTOR('',#147,1.8E0);
#149=CARTESIAN_POINT('',(2.85E1,-2.5E-1,-2.350000224E1));
#150=LINE('',#149,#148);
#151=CURVE_STYLE('',#20,POSITIVE_LENGTH_MEASURE(2.E-2),#8);
#152=PRESENTATION_STYLE_ASSIGNMENT((#151));
#153=STYLED_ITEM('',(#152),#150);
#154=DIRECTION('',(0.E0,0.E0,-1.E0));
#155=VECTOR('',#154,3.E0);
#156=CARTESIAN_POINT('',(3.03E1,-2.5E-1,-2.350000224E1));
#157=LINE('',#156,#155);
#158=CURVE_STYLE('',#20,POSITIVE_LENGTH_MEASURE(2.E-2),#8);
#159=PRESENTATION_STYLE_ASSIGNMENT((#158));
#160=STYLED_ITEM('',(#159),#157);
#161=CARTESIAN_POINT('',(3.03E1,1.75E0,-1.399351181768E1));
#162=DIRECTION('',(1.E0,0.E0,0.E0));
#163=DIRECTION('',(0.E0,0.E0,1.E0));
#164=AXIS2_PLACEMENT_3D('',#161,#162,#163);
#166=CURVE_STYLE('',#20,POSITIVE_LENGTH_MEASURE(2.E-2),#8);
#167=PRESENTATION_STYLE_ASSIGNMENT((#166));
#168=STYLED_ITEM('',(#167),#165);
#169=CARTESIAN_POINT('',(3.03E1,1.75E0,-1.399351181768E1));
#170=DIRECTION('',(1.E0,0.E0,0.E0));
#171=DIRECTION('',(0.E0,0.E0,-1.E0));
#172=AXIS2_PLACEMENT_3D('',#169,#170,#171);
#174=CURVE_STYLE('',#20,POSITIVE_LENGTH_MEASURE(2.E-2),#8);
#175=PRESENTATION_STYLE_ASSIGNMENT((#174));
#176=STYLED_ITEM('',(#175),#173);
#177=CARTESIAN_POINT('',(3.03E1,1.75E0,-1.399351181768E1));
#178=DIRECTION('',(1.E0,0.E0,0.E0));
#179=DIRECTION('',(0.E0,0.E0,-1.E0));
#180=AXIS2_PLACEMENT_3D('',#177,#178,#179);
#182=CURVE_STYLE('',#20,POSITIVE_LENGTH_MEASURE(2.E-2),#8);
#183=PRESENTATION_STYLE_ASSIGNMENT((#182));
#184=STYLED_ITEM('',(#183),#181);
#185=CARTESIAN_POINT('',(3.03E1,1.75E0,-1.399351181768E1));
#186=DIRECTION('',(1.E0,0.E0,0.E0));
#187=DIRECTION('',(0.E0,0.E0,1.E0));
#188=AXIS2_PLACEMENT_3D('',#185,#186,#187);
#190=CURVE_STYLE('',#20,POSITIVE_LENGTH_MEASURE(2.E-2),#8);
#191=PRESENTATION_STYLE_ASSIGNMENT((#190));
#192=STYLED_ITEM('',(#191),#189);
#193=CARTESIAN_POINT('',(3.03E1,1.75E0,-2.501297628464E1));
#194=DIRECTION('',(1.E0,0.E0,0.E0));
#195=DIRECTION('',(0.E0,0.E0,-1.E0));
#196=AXIS2_PLACEMENT_3D('',#193,#194,#195);
#198=CURVE_STYLE('',#20,POSITIVE_LENGTH_MEASURE(2.E-2),#8);
#199=PRESENTATION_STYLE_ASSIGNMENT((#198));
#200=STYLED_ITEM('',(#199),#197);
#201=CARTESIAN_POINT('',(3.03E1,1.75E0,-2.501297628464E1));
#202=DIRECTION('',(1.E0,0.E0,0.E0));
#203=DIRECTION('',(0.E0,0.E0,1.E0));
#204=AXIS2_PLACEMENT_3D('',#201,#202,#203);
#206=CURVE_STYLE('',#20,POSITIVE_LENGTH_MEASURE(2.E-2),#8);
#207=PRESENTATION_STYLE_ASSIGNMENT((#206));
#208=STYLED_ITEM('',(#207),#205);
#209=CARTESIAN_POINT('',(3.03E1,1.75E0,-2.501297628464E1));
#210=DIRECTION('',(1.E0,0.E0,0.E0));
#211=DIRECTION('',(0.E0,0.E0,1.E0));
#212=AXIS2_PLACEMENT_3D('',#209,#210,#211);
#214=CURVE_STYLE('',#20,POSITIVE_LENGTH_MEASURE(2.E-2),#8);
#215=PRESENTATION_STYLE_ASSIGNMENT((#214));
#216=STYLED_ITEM('',(#215),#213);
#217=CARTESIAN_POINT('',(3.03E1,1.75E0,-2.501297628464E1));
#218=DIRECTION('',(1.E0,0.E0,0.E0));
#219=DIRECTION('',(0.E0,0.E0,-1.E0));
#220=AXIS2_PLACEMENT_3D('',#217,#218,#219);
#222=CURVE_STYLE('',#20,POSITIVE_LENGTH_MEASURE(2.E-2),#8);
#223=PRESENTATION_STYLE_ASSIGNMENT((#222));
#224=STYLED_ITEM('',(#223),#221);
#225=CARTESIAN_POINT('',(3.03E1,1.75E0,2.700648492232E1));
#226=DIRECTION('',(1.E0,0.E0,0.E0));
#227=DIRECTION('',(0.E0,0.E0,1.E0));
#228=AXIS2_PLACEMENT_3D('',#225,#226,#227);
#230=CURVE_STYLE('',#20,POSITIVE_LENGTH_MEASURE(2.E-2),#8);
#231=PRESENTATION_STYLE_ASSIGNMENT((#230));
#232=STYLED_ITEM('',(#231),#229);
#233=CARTESIAN_POINT('',(3.03E1,1.75E0,2.700648492232E1));
#234=DIRECTION('',(1.E0,0.E0,0.E0));
#235=DIRECTION('',(0.E0,0.E0,-1.E0));
#236=AXIS2_PLACEMENT_3D('',#233,#234,#235);
#238=CURVE_STYLE('',#20,POSITIVE_LENGTH_MEASURE(2.E-2),#8);
#239=PRESENTATION_STYLE_ASSIGNMENT((#238));
#240=STYLED_ITEM('',(#239),#237);
#241=CARTESIAN_POINT('',(3.03E1,1.75E0,2.700648492232E1));
#242=DIRECTION('',(1.E0,0.E0,0.E0));
#243=DIRECTION('',(0.E0,0.E0,-1.E0));
#244=AXIS2_PLACEMENT_3D('',#241,#242,#243);
#246=CURVE_STYLE('',#20,POSITIVE_LENGTH_MEASURE(2.E-2),#8);
#247=PRESENTATION_STYLE_ASSIGNMENT((#246));
#248=STYLED_ITEM('',(#247),#245);
#249=CARTESIAN_POINT('',(3.03E1,1.75E0,2.700648492232E1));
#250=DIRECTION('',(1.E0,0.E0,0.E0));
#251=DIRECTION('',(0.E0,0.E0,1.E0));
#252=AXIS2_PLACEMENT_3D('',#249,#250,#251);
#254=CURVE_STYLE('',#20,POSITIVE_LENGTH_MEASURE(2.E-2),#8);
#255=PRESENTATION_STYLE_ASSIGNMENT((#254));
#256=STYLED_ITEM('',(#255),#253);
#257=CARTESIAN_POINT('',(3.03E1,1.75E0,1.299999796E1));
#258=DIRECTION('',(1.E0,0.E0,0.E0));
#259=DIRECTION('',(0.E0,0.E0,-1.E0));
#260=AXIS2_PLACEMENT_3D('',#257,#258,#259);
#262=CURVE_STYLE('',#20,POSITIVE_LENGTH_MEASURE(2.E-2),#8);
#263=PRESENTATION_STYLE_ASSIGNMENT((#262));
#264=STYLED_ITEM('',(#263),#261);
#265=CARTESIAN_POINT('',(3.03E1,1.75E0,1.299999796E1));
#266=DIRECTION('',(1.E0,0.E0,0.E0));
#267=DIRECTION('',(0.E0,0.E0,1.E0));
#268=AXIS2_PLACEMENT_3D('',#265,#266,#267);
#270=CURVE_STYLE('',#20,POSITIVE_LENGTH_MEASURE(2.E-2),#8);
#271=PRESENTATION_STYLE_ASSIGNMENT((#270));
#272=STYLED_ITEM('',(#271),#269);
#273=CARTESIAN_POINT('',(3.03E1,1.75E0,1.299999796E1));
#274=DIRECTION('',(1.E0,0.E0,0.E0));
#275=DIRECTION('',(0.E0,0.E0,1.E0));
#276=AXIS2_PLACEMENT_3D('',#273,#274,#275);
#278=CURVE_STYLE('',#20,POSITIVE_LENGTH_MEASURE(2.E-2),#8);
#279=PRESENTATION_STYLE_ASSIGNMENT((#278));
#280=STYLED_ITEM('',(#279),#277);
#281=CARTESIAN_POINT('',(3.03E1,1.75E0,1.299999796E1));
#282=DIRECTION('',(1.E0,0.E0,0.E0));
#283=DIRECTION('',(0.E0,0.E0,-1.E0));
#284=AXIS2_PLACEMENT_3D('',#281,#282,#283);
#286=CURVE_STYLE('',#20,POSITIVE_LENGTH_MEASURE(2.E-2),#8);
#287=PRESENTATION_STYLE_ASSIGNMENT((#286));
#288=STYLED_ITEM('',(#287),#285);
#289=CARTESIAN_POINT('',(3.03E1,1.75E0,-3.012974564636E0));
#290=DIRECTION('',(1.E0,0.E0,0.E0));
#291=DIRECTION('',(0.E0,0.E0,1.E0));
#292=AXIS2_PLACEMENT_3D('',#289,#290,#291);
#294=CURVE_STYLE('',#20,POSITIVE_LENGTH_MEASURE(2.E-2),#8);
#295=PRESENTATION_STYLE_ASSIGNMENT((#294));
#296=STYLED_ITEM('',(#295),#293);
#297=CARTESIAN_POINT('',(3.03E1,1.75E0,-3.012974564636E0));
#298=DIRECTION('',(1.E0,0.E0,0.E0));
#299=DIRECTION('',(0.E0,0.E0,-1.E0));
#300=AXIS2_PLACEMENT_3D('',#297,#298,#299);
#302=CURVE_STYLE('',#20,POSITIVE_LENGTH_MEASURE(2.E-2),#8);
#303=PRESENTATION_STYLE_ASSIGNMENT((#302));
#304=STYLED_ITEM('',(#303),#301);
#305=CARTESIAN_POINT('',(3.03E1,1.75E0,-3.012974564636E0));
#306=DIRECTION('',(1.E0,0.E0,0.E0));
#307=DIRECTION('',(0.E0,0.E0,-1.E0));
#308=AXIS2_PLACEMENT_3D('',#305,#306,#307);
#310=CURVE_STYLE('',#20,POSITIVE_LENGTH_MEASURE(2.E-2),#8);
#311=PRESENTATION_STYLE_ASSIGNMENT((#310));
#312=STYLED_ITEM('',(#311),#309);
#313=CARTESIAN_POINT('',(3.03E1,1.75E0,-3.012974564636E0));
#314=DIRECTION('',(1.E0,0.E0,0.E0));
#315=DIRECTION('',(0.E0,0.E0,1.E0));
#316=AXIS2_PLACEMENT_3D('',#313,#314,#315);
#318=CURVE_STYLE('',#20,POSITIVE_LENGTH_MEASURE(2.E-2),#8);
#319=PRESENTATION_STYLE_ASSIGNMENT((#318));
#320=STYLED_ITEM('',(#319),#317);
#321=CARTESIAN_POINT('',(2.85E1,1.75E0,-1.257083217333E1));
#322=DIRECTION('',(1.E0,0.E0,0.E0));
#323=DIRECTION('',(0.E0,9.993734192586E-1,3.539447526510E-2));
#324=AXIS2_PLACEMENT_3D('',#321,#322,#323);
#326=CURVE_STYLE('',#20,POSITIVE_LENGTH_MEASURE(2.E-2),#8);
#327=PRESENTATION_STYLE_ASSIGNMENT((#326));
#328=STYLED_ITEM('',(#327),#325);
#329=DIRECTION('',(1.E0,0.E0,0.E0));
#330=VECTOR('',#329,1.8E0);
#331=CARTESIAN_POINT('',(2.85E1,3.75E0,-1.249999884E1));
#332=LINE('',#331,#330);
#333=CURVE_STYLE('',#20,POSITIVE_LENGTH_MEASURE(2.E-2),#8);
#334=PRESENTATION_STYLE_ASSIGNMENT((#333));
#335=STYLED_ITEM('',(#334),#332);
#336=CARTESIAN_POINT('',(3.03E1,1.75E0,-1.257083217333E1));
#337=DIRECTION('',(1.E0,0.E0,0.E0));
#338=DIRECTION('',(0.E0,9.993734192586E-1,3.539447526510E-2));
#339=AXIS2_PLACEMENT_3D('',#336,#337,#338);
#341=CURVE_STYLE('',#20,POSITIVE_LENGTH_MEASURE(2.E-2),#8);
#342=PRESENTATION_STYLE_ASSIGNMENT((#341));
#343=STYLED_ITEM('',(#342),#340);
#344=DIRECTION('',(0.E0,0.E0,1.E0));
#345=VECTOR('',#344,3.E0);
#346=CARTESIAN_POINT('',(2.85E1,3.75E0,-1.549999884E1));
#347=LINE('',#346,#345);
#348=CURVE_STYLE('',#20,POSITIVE_LENGTH_MEASURE(2.E-2),#8);
#349=PRESENTATION_STYLE_ASSIGNMENT((#348));
#350=STYLED_ITEM('',(#349),#347);
#351=DIRECTION('',(1.E0,0.E0,0.E0));
#352=VECTOR('',#351,1.8E0);
#353=CARTESIAN_POINT('',(2.85E1,3.75E0,-1.549999884E1));
#354=LINE('',#353,#352);
#355=CURVE_STYLE('',#20,POSITIVE_LENGTH_MEASURE(2.E-2),#8);
#356=PRESENTATION_STYLE_ASSIGNMENT((#355));
#357=STYLED_ITEM('',(#356),#354);
#358=DIRECTION('',(0.E0,0.E0,1.E0));
#359=VECTOR('',#358,3.E0);
#360=CARTESIAN_POINT('',(3.03E1,3.75E0,-1.549999884E1));
#361=LINE('',#360,#359);
#362=CURVE_STYLE('',#20,POSITIVE_LENGTH_MEASURE(2.E-2),#8);
#363=PRESENTATION_STYLE_ASSIGNMENT((#362));
#364=STYLED_ITEM('',(#363),#361);
#365=CARTESIAN_POINT('',(2.85E1,1.75E0,-1.549999884E1));
#366=DIRECTION('',(1.E0,0.E0,0.E0));
#367=DIRECTION('',(0.E0,-1.E0,0.E0));
#368=AXIS2_PLACEMENT_3D('',#365,#366,#367);
#370=CURVE_STYLE('',#20,POSITIVE_LENGTH_MEASURE(2.E-2),#8);
#371=PRESENTATION_STYLE_ASSIGNMENT((#370));
#372=STYLED_ITEM('',(#371),#369);
#373=DIRECTION('',(1.E0,0.E0,0.E0));
#374=VECTOR('',#373,1.8E0);
#375=CARTESIAN_POINT('',(2.85E1,-2.5E-1,-1.549999884E1));
#376=LINE('',#375,#374);
#377=CURVE_STYLE('',#20,POSITIVE_LENGTH_MEASURE(2.E-2),#8);
#378=PRESENTATION_STYLE_ASSIGNMENT((#377));
#379=STYLED_ITEM('',(#378),#376);
#380=CARTESIAN_POINT('',(3.03E1,1.75E0,-1.549999884E1));
#381=DIRECTION('',(1.E0,0.E0,0.E0));
#382=DIRECTION('',(0.E0,-1.E0,0.E0));
#383=AXIS2_PLACEMENT_3D('',#380,#381,#382);
#385=CURVE_STYLE('',#20,POSITIVE_LENGTH_MEASURE(2.E-2),#8);
#386=PRESENTATION_STYLE_ASSIGNMENT((#385));
#387=STYLED_ITEM('',(#386),#384);
#388=DIRECTION('',(0.E0,0.E0,-1.E0));
#389=VECTOR('',#388,3.E0);
#390=CARTESIAN_POINT('',(2.85E1,-2.5E-1,-1.249999884E1));
#391=LINE('',#390,#389);
#392=CURVE_STYLE('',#20,POSITIVE_LENGTH_MEASURE(2.E-2),#8);
#393=PRESENTATION_STYLE_ASSIGNMENT((#392));
#394=STYLED_ITEM('',(#393),#391);
#395=DIRECTION('',(1.E0,0.E0,0.E0));
#396=VECTOR('',#395,1.8E0);
#397=CARTESIAN_POINT('',(2.85E1,-2.5E-1,-1.249999884E1));
#398=LINE('',#397,#396);
#399=CURVE_STYLE('',#20,POSITIVE_LENGTH_MEASURE(2.E-2),#8);
#400=PRESENTATION_STYLE_ASSIGNMENT((#399));
#401=STYLED_ITEM('',(#400),#398);
#402=DIRECTION('',(0.E0,0.E0,-1.E0));
#403=VECTOR('',#402,3.E0);
#404=CARTESIAN_POINT('',(3.03E1,-2.5E-1,-1.249999884E1));
#405=LINE('',#404,#403);
#406=CURVE_STYLE('',#20,POSITIVE_LENGTH_MEASURE(2.E-2),#8);
#407=PRESENTATION_STYLE_ASSIGNMENT((#406));
#408=STYLED_ITEM('',(#407),#405);
#409=DIRECTION('',(0.E0,0.E0,1.E0));
#410=VECTOR('',#409,3.E0);
#411=CARTESIAN_POINT('',(2.85E1,3.75E0,-4.50000052E0));
#412=LINE('',#411,#410);
#413=CURVE_STYLE('',#20,POSITIVE_LENGTH_MEASURE(2.E-2),#8);
#414=PRESENTATION_STYLE_ASSIGNMENT((#413));
#415=STYLED_ITEM('',(#414),#412);
#416=DIRECTION('',(1.E0,0.E0,0.E0));
#417=VECTOR('',#416,1.8E0);
#418=CARTESIAN_POINT('',(2.85E1,3.75E0,-4.50000052E0));
#419=LINE('',#418,#417);
#420=CURVE_STYLE('',#20,POSITIVE_LENGTH_MEASURE(2.E-2),#8);
#421=PRESENTATION_STYLE_ASSIGNMENT((#420));
#422=STYLED_ITEM('',(#421),#419);
#423=DIRECTION('',(0.E0,0.E0,1.E0));
#424=VECTOR('',#423,3.E0);
#425=CARTESIAN_POINT('',(3.03E1,3.75E0,-4.50000052E0));
#426=LINE('',#425,#424);
#427=CURVE_STYLE('',#20,POSITIVE_LENGTH_MEASURE(2.E-2),#8);
#428=PRESENTATION_STYLE_ASSIGNMENT((#427));
#429=STYLED_ITEM('',(#428),#426);
#430=CARTESIAN_POINT('',(2.85E1,1.75E0,-4.429167186667E0));
#431=DIRECTION('',(1.E0,0.E0,0.E0));
#432=DIRECTION('',(0.E0,-9.993734192586E-1,-3.539447526511E-2));
#433=AXIS2_PLACEMENT_3D('',#430,#431,#432);
#435=CURVE_STYLE('',#20,POSITIVE_LENGTH_MEASURE(2.E-2),#8);
#436=PRESENTATION_STYLE_ASSIGNMENT((#435));
#437=STYLED_ITEM('',(#436),#434);
#438=DIRECTION('',(1.E0,0.E0,0.E0));
#439=VECTOR('',#438,1.8E0);
#440=CARTESIAN_POINT('',(2.85E1,-2.5E-1,-4.50000052E0));
#441=LINE('',#440,#439);
#442=CURVE_STYLE('',#20,POSITIVE_LENGTH_MEASURE(2.E-2),#8);
#443=PRESENTATION_STYLE_ASSIGNMENT((#442));
#444=STYLED_ITEM('',(#443),#441);
#445=CARTESIAN_POINT('',(3.03E1,1.75E0,-4.429167186667E0));
#446=DIRECTION('',(1.E0,0.E0,0.E0));
#447=DIRECTION('',(0.E0,-9.993734192586E-1,-3.539447526511E-2));
#448=AXIS2_PLACEMENT_3D('',#445,#446,#447);
#450=CURVE_STYLE('',#20,POSITIVE_LENGTH_MEASURE(2.E-2),#8);
#451=PRESENTATION_STYLE_ASSIGNMENT((#450));
#452=STYLED_ITEM('',(#451),#449);
#453=DIRECTION('',(0.E0,0.E0,-1.E0));
#454=VECTOR('',#453,3.E0);
#455=CARTESIAN_POINT('',(2.85E1,-2.5E-1,-1.50000052E0));
#456=LINE('',#455,#454);
#457=CURVE_STYLE('',#20,POSITIVE_LENGTH_MEASURE(2.E-2),#8);
#458=PRESENTATION_STYLE_ASSIGNMENT((#457));
#459=STYLED_ITEM('',(#458),#456);
#460=DIRECTION('',(1.E0,0.E0,0.E0));
#461=VECTOR('',#460,1.8E0);
#462=CARTESIAN_POINT('',(2.85E1,-2.5E-1,-1.50000052E0));
#463=LINE('',#462,#461);
#464=CURVE_STYLE('',#20,POSITIVE_LENGTH_MEASURE(2.E-2),#8);
#465=PRESENTATION_STYLE_ASSIGNMENT((#464));
#466=STYLED_ITEM('',(#465),#463);
#467=DIRECTION('',(0.E0,0.E0,-1.E0));
#468=VECTOR('',#467,3.E0);
#469=CARTESIAN_POINT('',(3.03E1,-2.5E-1,-1.50000052E0));
#470=LINE('',#469,#468);
#471=CURVE_STYLE('',#20,POSITIVE_LENGTH_MEASURE(2.E-2),#8);
#472=PRESENTATION_STYLE_ASSIGNMENT((#471));
#473=STYLED_ITEM('',(#472),#470);
#474=CARTESIAN_POINT('',(2.85E1,1.75E0,-1.429167186667E0));
#475=DIRECTION('',(1.E0,0.E0,0.E0));
#476=DIRECTION('',(0.E0,9.993734192586E-1,-3.539447526511E-2));
#477=AXIS2_PLACEMENT_3D('',#474,#475,#476);
#479=CURVE_STYLE('',#20,POSITIVE_LENGTH_MEASURE(2.E-2),#8);
#480=PRESENTATION_STYLE_ASSIGNMENT((#479));
#481=STYLED_ITEM('',(#480),#478);
#482=DIRECTION('',(1.E0,0.E0,0.E0));
#483=VECTOR('',#482,1.8E0);
#484=CARTESIAN_POINT('',(2.85E1,3.75E0,-1.50000052E0));
#485=LINE('',#484,#483);
#486=CURVE_STYLE('',#20,POSITIVE_LENGTH_MEASURE(2.E-2),#8);
#487=PRESENTATION_STYLE_ASSIGNMENT((#486));
#488=STYLED_ITEM('',(#487),#485);
#489=CARTESIAN_POINT('',(3.03E1,1.75E0,-1.429167186667E0));
#490=DIRECTION('',(1.E0,0.E0,0.E0));
#491=DIRECTION('',(0.E0,9.993734192586E-1,-3.539447526510E-2));
#492=AXIS2_PLACEMENT_3D('',#489,#490,#491);
#494=CURVE_STYLE('',#20,POSITIVE_LENGTH_MEASURE(2.E-2),#8);
#495=PRESENTATION_STYLE_ASSIGNMENT((#494));
#496=STYLED_ITEM('',(#495),#493);
#497=DIRECTION('',(0.E0,0.E0,1.E0));
#498=VECTOR('',#497,3.E0);
#499=CARTESIAN_POINT('',(2.85E1,3.75E0,1.149999796E1));
#500=LINE('',#499,#498);
#501=CURVE_STYLE('',#20,POSITIVE_LENGTH_MEASURE(2.E-2),#8);
#502=PRESENTATION_STYLE_ASSIGNMENT((#501));
#503=STYLED_ITEM('',(#502),#500);
#504=DIRECTION('',(1.E0,0.E0,0.E0));
#505=VECTOR('',#504,1.8E0);
#506=CARTESIAN_POINT('',(2.85E1,3.75E0,1.149999796E1));
#507=LINE('',#506,#505);
#508=CURVE_STYLE('',#20,POSITIVE_LENGTH_MEASURE(2.E-2),#8);
#509=PRESENTATION_STYLE_ASSIGNMENT((#508));
#510=STYLED_ITEM('',(#509),#507);
#511=DIRECTION('',(0.E0,0.E0,1.E0));
#512=VECTOR('',#511,3.E0);
#513=CARTESIAN_POINT('',(3.03E1,3.75E0,1.149999796E1));
#514=LINE('',#513,#512);
#515=CURVE_STYLE('',#20,POSITIVE_LENGTH_MEASURE(2.E-2),#8);
#516=PRESENTATION_STYLE_ASSIGNMENT((#515));
#517=STYLED_ITEM('',(#516),#514);
#518=CARTESIAN_POINT('',(2.85E1,1.75E0,1.142916462667E1));
#519=DIRECTION('',(1.E0,0.E0,0.E0));
#520=DIRECTION('',(0.E0,-9.993734192586E-1,3.539447526511E-2));
#521=AXIS2_PLACEMENT_3D('',#518,#519,#520);
#523=CURVE_STYLE('',#20,POSITIVE_LENGTH_MEASURE(2.E-2),#8);
#524=PRESENTATION_STYLE_ASSIGNMENT((#523));
#525=STYLED_ITEM('',(#524),#522);
#526=DIRECTION('',(1.E0,0.E0,0.E0));
#527=VECTOR('',#526,1.8E0);
#528=CARTESIAN_POINT('',(2.85E1,-2.5E-1,1.149999796E1));
#529=LINE('',#528,#527);
#530=CURVE_STYLE('',#20,POSITIVE_LENGTH_MEASURE(2.E-2),#8);
#531=PRESENTATION_STYLE_ASSIGNMENT((#530));
#532=STYLED_ITEM('',(#531),#529);
#533=CARTESIAN_POINT('',(3.03E1,1.75E0,1.142916462667E1));
#534=DIRECTION('',(1.E0,0.E0,0.E0));
#535=DIRECTION('',(0.E0,-9.993734192586E-1,3.539447526511E-2));
#536=AXIS2_PLACEMENT_3D('',#533,#534,#535);
#538=CURVE_STYLE('',#20,POSITIVE_LENGTH_MEASURE(2.E-2),#8);
#539=PRESENTATION_STYLE_ASSIGNMENT((#538));
#540=STYLED_ITEM('',(#539),#537);
#541=DIRECTION('',(0.E0,0.E0,-1.E0));
#542=VECTOR('',#541,3.E0);
#543=CARTESIAN_POINT('',(2.85E1,-2.5E-1,1.449999796E1));
#544=LINE('',#543,#542);
#545=CURVE_STYLE('',#20,POSITIVE_LENGTH_MEASURE(2.E-2),#8);
#546=PRESENTATION_STYLE_ASSIGNMENT((#545));
#547=STYLED_ITEM('',(#546),#544);
#548=DIRECTION('',(1.E0,0.E0,0.E0));
#549=VECTOR('',#548,1.8E0);
#550=CARTESIAN_POINT('',(2.85E1,-2.5E-1,1.449999796E1));
#551=LINE('',#550,#549);
#552=CURVE_STYLE('',#20,POSITIVE_LENGTH_MEASURE(2.E-2),#8);
#553=PRESENTATION_STYLE_ASSIGNMENT((#552));
#554=STYLED_ITEM('',(#553),#551);
#555=DIRECTION('',(0.E0,0.E0,-1.E0));
#556=VECTOR('',#555,3.E0);
#557=CARTESIAN_POINT('',(3.03E1,-2.5E-1,1.449999796E1));
#558=LINE('',#557,#556);
#559=CURVE_STYLE('',#20,POSITIVE_LENGTH_MEASURE(2.E-2),#8);
#560=PRESENTATION_STYLE_ASSIGNMENT((#559));
#561=STYLED_ITEM('',(#560),#558);
#562=CARTESIAN_POINT('',(2.85E1,1.75E0,1.457083129333E1));
#563=DIRECTION('',(1.E0,0.E0,0.E0));
#564=DIRECTION('',(0.E0,9.993734192586E-1,-3.539447526511E-2));
#565=AXIS2_PLACEMENT_3D('',#562,#563,#564);
#567=CURVE_STYLE('',#20,POSITIVE_LENGTH_MEASURE(2.E-2),#8);
#568=PRESENTATION_STYLE_ASSIGNMENT((#567));
#569=STYLED_ITEM('',(#568),#566);
#570=DIRECTION('',(1.E0,0.E0,0.E0));
#571=VECTOR('',#570,1.8E0);
#572=CARTESIAN_POINT('',(2.85E1,3.75E0,1.449999796E1));
#573=LINE('',#572,#571);
#574=CURVE_STYLE('',#20,POSITIVE_LENGTH_MEASURE(2.E-2),#8);
#575=PRESENTATION_STYLE_ASSIGNMENT((#574));
#576=STYLED_ITEM('',(#575),#573);
#577=CARTESIAN_POINT('',(3.03E1,1.75E0,1.457083129333E1));
#578=DIRECTION('',(1.E0,0.E0,0.E0));
#579=DIRECTION('',(0.E0,9.993734192586E-1,-3.539447526511E-2));
#580=AXIS2_PLACEMENT_3D('',#577,#578,#579);
#582=CURVE_STYLE('',#20,POSITIVE_LENGTH_MEASURE(2.E-2),#8);
#583=PRESENTATION_STYLE_ASSIGNMENT((#582));
#584=STYLED_ITEM('',(#583),#581);
#585=CARTESIAN_POINT('',(2.85E1,1.75E0,2.84999979E1));
#586=DIRECTION('',(1.E0,0.E0,0.E0));
#587=DIRECTION('',(0.E0,1.E0,0.E0));
#588=AXIS2_PLACEMENT_3D('',#585,#586,#587);
#590=CURVE_STYLE('',#20,POSITIVE_LENGTH_MEASURE(2.E-2),#8);
#591=PRESENTATION_STYLE_ASSIGNMENT((#590));
#592=STYLED_ITEM('',(#591),#589);
#593=DIRECTION('',(1.E0,0.E0,0.E0));
#594=VECTOR('',#593,1.8E0);
#595=CARTESIAN_POINT('',(2.85E1,3.75E0,2.84999979E1));
#596=LINE('',#595,#594);
#597=CURVE_STYLE('',#20,POSITIVE_LENGTH_MEASURE(2.E-2),#8);
#598=PRESENTATION_STYLE_ASSIGNMENT((#597));
#599=STYLED_ITEM('',(#598),#596);
#600=CARTESIAN_POINT('',(3.03E1,1.75E0,2.84999979E1));
#601=DIRECTION('',(1.E0,0.E0,0.E0));
#602=DIRECTION('',(0.E0,1.E0,0.E0));
#603=AXIS2_PLACEMENT_3D('',#600,#601,#602);
#605=CURVE_STYLE('',#20,POSITIVE_LENGTH_MEASURE(2.E-2),#8);
#606=PRESENTATION_STYLE_ASSIGNMENT((#605));
#607=STYLED_ITEM('',(#606),#604);
#608=DIRECTION('',(0.E0,0.E0,1.E0));
#609=VECTOR('',#608,3.E0);
#610=CARTESIAN_POINT('',(2.85E1,3.75E0,2.54999979E1));
#611=LINE('',#610,#609);
#612=CURVE_STYLE('',#20,POSITIVE_LENGTH_MEASURE(2.E-2),#8);
#613=PRESENTATION_STYLE_ASSIGNMENT((#612));
#614=STYLED_ITEM('',(#613),#611);
#615=DIRECTION('',(1.E0,0.E0,0.E0));
#616=VECTOR('',#615,1.8E0);
#617=CARTESIAN_POINT('',(2.85E1,3.75E0,2.54999979E1));
#618=LINE('',#617,#616);
#619=CURVE_STYLE('',#20,POSITIVE_LENGTH_MEASURE(2.E-2),#8);
#620=PRESENTATION_STYLE_ASSIGNMENT((#619));
#621=STYLED_ITEM('',(#620),#618);
#622=DIRECTION('',(0.E0,0.E0,1.E0));
#623=VECTOR('',#622,3.E0);
#624=CARTESIAN_POINT('',(3.03E1,3.75E0,2.54999979E1));
#625=LINE('',#624,#623);
#626=CURVE_STYLE('',#20,POSITIVE_LENGTH_MEASURE(2.E-2),#8);
#627=PRESENTATION_STYLE_ASSIGNMENT((#626));
#628=STYLED_ITEM('',(#627),#625);
#629=CARTESIAN_POINT('',(2.85E1,1.75E0,2.542916456667E1));
#630=DIRECTION('',(1.E0,0.E0,0.E0));
#631=DIRECTION('',(0.E0,-9.993734192586E-1,3.539447526511E-2));
#632=AXIS2_PLACEMENT_3D('',#629,#630,#631);
#634=CURVE_STYLE('',#20,POSITIVE_LENGTH_MEASURE(2.E-2),#8);
#635=PRESENTATION_STYLE_ASSIGNMENT((#634));
#636=STYLED_ITEM('',(#635),#633);
#637=DIRECTION('',(1.E0,0.E0,0.E0));
#638=VECTOR('',#637,1.8E0);
#639=CARTESIAN_POINT('',(2.85E1,-2.5E-1,2.54999979E1));
#640=LINE('',#639,#638);
#641=CURVE_STYLE('',#20,POSITIVE_LENGTH_MEASURE(2.E-2),#8);
#642=PRESENTATION_STYLE_ASSIGNMENT((#641));
#643=STYLED_ITEM('',(#642),#640);
#644=CARTESIAN_POINT('',(3.03E1,1.75E0,2.542916456667E1));
#645=DIRECTION('',(1.E0,0.E0,0.E0));
#646=DIRECTION('',(0.E0,-9.993734192586E-1,3.539447526511E-2));
#647=AXIS2_PLACEMENT_3D('',#644,#645,#646);
#649=CURVE_STYLE('',#20,POSITIVE_LENGTH_MEASURE(2.E-2),#8);
#650=PRESENTATION_STYLE_ASSIGNMENT((#649));
#651=STYLED_ITEM('',(#650),#648);
#652=DIRECTION('',(0.E0,0.E0,-1.E0));
#653=VECTOR('',#652,3.E0);
#654=CARTESIAN_POINT('',(2.85E1,-2.5E-1,2.84999979E1));
#655=LINE('',#654,#653);
#656=CURVE_STYLE('',#20,POSITIVE_LENGTH_MEASURE(2.E-2),#8);
#657=PRESENTATION_STYLE_ASSIGNMENT((#656));
#658=STYLED_ITEM('',(#657),#655);
#659=DIRECTION('',(1.E0,0.E0,0.E0));
#660=VECTOR('',#659,1.8E0);
#661=CARTESIAN_POINT('',(2.85E1,-2.5E-1,2.84999979E1));
#662=LINE('',#661,#660);
#663=CURVE_STYLE('',#20,POSITIVE_LENGTH_MEASURE(2.E-2),#8);
#664=PRESENTATION_STYLE_ASSIGNMENT((#663));
#665=STYLED_ITEM('',(#664),#662);
#666=DIRECTION('',(0.E0,0.E0,-1.E0));
#667=VECTOR('',#666,3.E0);
#668=CARTESIAN_POINT('',(3.03E1,-2.5E-1,2.84999979E1));
#669=LINE('',#668,#667);
#670=CURVE_STYLE('',#20,POSITIVE_LENGTH_MEASURE(2.E-2),#8);
#671=PRESENTATION_STYLE_ASSIGNMENT((#670));
#672=STYLED_ITEM('',(#671),#669);
#673=DIRECTION('',(9.999999999993E-1,1.160233941937E-6,-1.116567156194E-13));
#674=VECTOR('',#673,3.500000000002E-1);
#675=CARTESIAN_POINT('',(3.03E1,1.75E0,-1.259351181768E1));
#676=LINE('',#675,#674);
#677=CURVE_STYLE('',#20,POSITIVE_LENGTH_MEASURE(2.E-2),#8);
#678=PRESENTATION_STYLE_ASSIGNMENT((#677));
#679=STYLED_ITEM('',(#678),#676);
#680=DIRECTION('',(9.999999999993E-1,-1.156292438305E-6,1.167320208748E-13));
#681=VECTOR('',#680,3.500000000002E-1);
#682=CARTESIAN_POINT('',(3.03E1,1.75E0,-1.539351181768E1));
#683=LINE('',#682,#681);
#684=CURVE_STYLE('',#20,POSITIVE_LENGTH_MEASURE(2.E-2),#8);
#685=PRESENTATION_STYLE_ASSIGNMENT((#684));
#686=STYLED_ITEM('',(#685),#683);
#687=CARTESIAN_POINT('',(3.065E1,1.750000406082E0,-1.259351181768E1));
#688=CARTESIAN_POINT('',(3.065E1,1.383481126725E0,-1.259351170580E1));
#689=CARTESIAN_POINT('',(3.065E1,6.533606401547E-1,-1.289645540778E1));
#690=CARTESIAN_POINT('',(3.065E1,1.983197079315E-1,-1.399351181768E1));
#691=CARTESIAN_POINT('',(3.065E1,6.533605283097E-1,-1.509056795794E1));
#692=CARTESIAN_POINT('',(3.065E1,1.383480588354E0,-1.539351170618E1));
#693=CARTESIAN_POINT('',(3.065E1,1.749999595298E0,-1.539351181768E1));
#695=CURVE_STYLE('',#20,POSITIVE_LENGTH_MEASURE(2.E-2),#8);
#696=PRESENTATION_STYLE_ASSIGNMENT((#695));
#697=STYLED_ITEM('',(#696),#694);
#698=CARTESIAN_POINT('',(3.065E1,1.749999595298E0,-1.539351181768E1));
#699=CARTESIAN_POINT('',(3.065E1,2.116518874191E0,-1.539351192918E1));
#700=CARTESIAN_POINT('',(3.065E1,2.846639360036E0,-1.509056822712E1));
#701=CARTESIAN_POINT('',(3.065E1,3.301680292069E0,-1.399351181768E1));
#702=CARTESIAN_POINT('',(3.065E1,2.846639471881E0,-1.289645567789E1));
#703=CARTESIAN_POINT('',(3.065E1,2.116519412562E0,-1.259351192956E1));
#704=CARTESIAN_POINT('',(3.065E1,1.750000406082E0,-1.259351181768E1));
#706=CURVE_STYLE('',#20,POSITIVE_LENGTH_MEASURE(2.E-2),#8);
#707=PRESENTATION_STYLE_ASSIGNMENT((#706));
#708=STYLED_ITEM('',(#707),#705);
#709=CARTESIAN_POINT('',(3.065E1,1.750011747904E0,-1.499351181761E1));
#710=CARTESIAN_POINT('',(3.065E1,2.011807188542E0,-1.499350858095E1));
#711=CARTESIAN_POINT('',(3.065E1,2.533315489058E0,-1.477711953551E1));
#712=CARTESIAN_POINT('',(3.065E1,2.858343065763E0,-1.399351181768E1));
#713=CARTESIAN_POINT('',(3.065E1,2.533313660131E0,-1.320989969050E1));
#714=CARTESIAN_POINT('',(3.065E1,2.011798384930E0,-1.299351140157E1));
#715=CARTESIAN_POINT('',(3.065E1,1.749998489685E0,-1.299351181768E1));
#717=CURVE_STYLE('',#20,POSITIVE_LENGTH_MEASURE(2.E-2),#8);
#718=PRESENTATION_STYLE_ASSIGNMENT((#717));
#719=STYLED_ITEM('',(#718),#716);
#720=CARTESIAN_POINT('',(3.065E1,1.749998489685E0,-1.299351181768E1));
#721=CARTESIAN_POINT('',(3.065E1,1.488199609333E0,-1.299351223379E1));
#722=CARTESIAN_POINT('',(3.065E1,9.666859231836E-1,-1.320990069508E1));
#723=CARTESIAN_POINT('',(3.065E1,6.416569342368E-1,-1.399351181768E1));
#724=CARTESIAN_POINT('',(3.065E1,9.666877521107E-1,-1.477712734963E1));
#725=CARTESIAN_POINT('',(3.065E1,1.488208412977E0,-1.499351505438E1));
#726=CARTESIAN_POINT('',(3.065E1,1.750011747904E0,-1.499351181761E1));
#728=CURVE_STYLE('',#20,POSITIVE_LENGTH_MEASURE(2.E-2),#8);
#729=PRESENTATION_STYLE_ASSIGNMENT((#728));
#730=STYLED_ITEM('',(#729),#727);
#731=CARTESIAN_POINT('',(3.065E1,1.750001468879E0,-2.601297628463E1));
#732=CARTESIAN_POINT('',(3.065E1,2.011800363153E0,-2.601297587994E1));
#733=CARTESIAN_POINT('',(3.065E1,2.533314071100E0,-2.579658742101E1));
#734=CARTESIAN_POINT('',(3.065E1,2.858343065763E0,-2.501297628464E1));
#735=CARTESIAN_POINT('',(3.065E1,2.533313744002E0,-2.422936435966E1));
#736=CARTESIAN_POINT('',(3.065E1,2.011798788651E0,-2.401297603604E1));
#737=CARTESIAN_POINT('',(3.065E1,1.749999097686E0,-2.401297628464E1));
#739=CURVE_STYLE('',#20,POSITIVE_LENGTH_MEASURE(2.E-2),#8);
#740=PRESENTATION_STYLE_ASSIGNMENT((#739));
#741=STYLED_ITEM('',(#740),#738);
#742=CARTESIAN_POINT('',(3.065E1,1.749999097686E0,-2.401297628464E1));
#743=CARTESIAN_POINT('',(3.065E1,1.488200013053E0,-2.401297653324E1));
#744=CARTESIAN_POINT('',(3.065E1,9.666860070552E-1,-2.422936495983E1));
#745=CARTESIAN_POINT('',(3.065E1,6.416569342368E-1,-2.501297628464E1));
#746=CARTESIAN_POINT('',(3.065E1,9.666863341534E-1,-2.579658839804E1));
#747=CARTESIAN_POINT('',(3.065E1,1.488201587556E0,-2.601297668933E1));
#748=CARTESIAN_POINT('',(3.065E1,1.750001468879E0,-2.601297628463E1));
#750=CURVE_STYLE('',#20,POSITIVE_LENGTH_MEASURE(2.E-2),#8);
#751=PRESENTATION_STYLE_ASSIGNMENT((#750));
#752=STYLED_ITEM('',(#751),#749);
#753=CARTESIAN_POINT('',(3.065E1,1.750000405046E0,-2.361297628464E1));
#754=CARTESIAN_POINT('',(3.065E1,1.383481126037E0,-2.361297617304E1));
#755=CARTESIAN_POINT('',(3.065E1,6.533606400118E-1,-2.391591987508E1));
#756=CARTESIAN_POINT('',(3.065E1,1.983197079315E-1,-2.501297628464E1));
#757=CARTESIAN_POINT('',(3.065E1,6.533574151068E-1,-2.611002491928E1));
#758=CARTESIAN_POINT('',(3.065E1,1.383465602850E0,-2.641296995524E1));
#759=CARTESIAN_POINT('',(3.065E1,1.749977027137E0,-2.641297628444E1));
#761=CURVE_STYLE('',#20,POSITIVE_LENGTH_MEASURE(2.E-2),#8);
#762=PRESENTATION_STYLE_ASSIGNMENT((#761));
#763=STYLED_ITEM('',(#762),#760);
#764=CARTESIAN_POINT('',(3.065E1,1.749977027137E0,-2.641297628444E1));
#765=CARTESIAN_POINT('',(3.065E1,2.116503888597E0,-2.641298261394E1));
#766=CARTESIAN_POINT('',(3.065E1,2.846636246833E0,-2.611004019968E1));
#767=CARTESIAN_POINT('',(3.065E1,3.301680292069E0,-2.501297628464E1));
#768=CARTESIAN_POINT('',(3.065E1,2.846639471738E0,-2.391592014450E1));
#769=CARTESIAN_POINT('',(3.065E1,2.116519411874E0,-2.361297639623E1));
#770=CARTESIAN_POINT('',(3.065E1,1.750000405046E0,-2.361297628464E1));
#772=CURVE_STYLE('',#20,POSITIVE_LENGTH_MEASURE(2.E-2),#8);
#773=PRESENTATION_STYLE_ASSIGNMENT((#772));
#774=STYLED_ITEM('',(#773),#771);
#775=CARTESIAN_POINT('',(3.065E1,1.750000405478E0,2.840648492232E1));
#776=CARTESIAN_POINT('',(3.065E1,1.383481126324E0,2.840648503403E1));
#777=CARTESIAN_POINT('',(3.065E1,6.533606400715E-1,2.810354133202E1));
#778=CARTESIAN_POINT('',(3.065E1,1.983197079315E-1,2.700648492232E1));
#779=CARTESIAN_POINT('',(3.065E1,6.533605281687E-1,2.590942878240E1));
#780=CARTESIAN_POINT('',(3.065E1,1.383480587675E0,2.560648503410E1));
#781=CARTESIAN_POINT('',(3.065E1,1.749999594275E0,2.560648492232E1));
#783=CURVE_STYLE('',#20,POSITIVE_LENGTH_MEASURE(2.E-2),#8);
#784=PRESENTATION_STYLE_ASSIGNMENT((#783));
#785=STYLED_ITEM('',(#784),#782);
#786=CARTESIAN_POINT('',(3.065E1,1.749999594275E0,2.560648492232E1));
#787=CARTESIAN_POINT('',(3.065E1,2.116518873512E0,2.560648481054E1));
#788=CARTESIAN_POINT('',(3.065E1,2.846639359895E0,2.590942851254E1));
#789=CARTESIAN_POINT('',(3.065E1,3.301680292069E0,2.700648492232E1));
#790=CARTESIAN_POINT('',(3.065E1,2.846639471797E0,2.810354106231E1));
#791=CARTESIAN_POINT('',(3.065E1,2.116519412162E0,2.840648481060E1));
#792=CARTESIAN_POINT('',(3.065E1,1.750000405478E0,2.840648492232E1));
#794=CURVE_STYLE('',#20,POSITIVE_LENGTH_MEASURE(2.E-2),#8);
#795=PRESENTATION_STYLE_ASSIGNMENT((#794));
#796=STYLED_ITEM('',(#795),#793);
#797=CARTESIAN_POINT('',(3.065E1,1.750011747703E0,2.600648492239E1));
#798=CARTESIAN_POINT('',(3.065E1,2.011807188408E0,2.600648815900E1));
#799=CARTESIAN_POINT('',(3.065E1,2.533315489030E0,2.622287720442E1));
#800=CARTESIAN_POINT('',(3.065E1,2.858343065763E0,2.700648492232E1));
#801=CARTESIAN_POINT('',(3.065E1,2.533312247880E0,2.779010045429E1));
#802=CARTESIAN_POINT('',(3.065E1,2.011791586978E0,2.800648815903E1));
#803=CARTESIAN_POINT('',(3.065E1,1.749988252029E0,2.800648492225E1));
#805=CURVE_STYLE('',#20,POSITIVE_LENGTH_MEASURE(2.E-2),#8);
#806=PRESENTATION_STYLE_ASSIGNMENT((#805));
#807=STYLED_ITEM('',(#806),#804);
#808=CARTESIAN_POINT('',(3.065E1,1.749988252029E0,2.800648492225E1));
#809=CARTESIAN_POINT('',(3.065E1,1.488192811413E0,2.800648168557E1));
#810=CARTESIAN_POINT('',(3.065E1,9.666845109328E-1,2.779009264013E1));
#811=CARTESIAN_POINT('',(3.065E1,6.416569342368E-1,2.700648492232E1));
#812=CARTESIAN_POINT('',(3.065E1,9.666877520829E-1,2.622286939043E1));
#813=CARTESIAN_POINT('',(3.065E1,1.488208412843E0,2.600648168568E1));
#814=CARTESIAN_POINT('',(3.065E1,1.750011747703E0,2.600648492239E1));
#816=CURVE_STYLE('',#20,POSITIVE_LENGTH_MEASURE(2.E-2),#8);
#817=PRESENTATION_STYLE_ASSIGNMENT((#816));
#818=STYLED_ITEM('',(#817),#815);
#819=CARTESIAN_POINT('',(3.065E1,1.750011747841E0,1.199999796007E1));
#820=CARTESIAN_POINT('',(3.065E1,2.011807188500E0,1.200000119672E1));
#821=CARTESIAN_POINT('',(3.065E1,2.533315489049E0,1.221639024215E1));
#822=CARTESIAN_POINT('',(3.065E1,2.858343065763E0,1.299999796E1));
#823=CARTESIAN_POINT('',(3.065E1,2.533312247888E0,1.378361349195E1));
#824=CARTESIAN_POINT('',(3.065E1,2.011791587018E0,1.400000119670E1));
#825=CARTESIAN_POINT('',(3.065E1,1.749988252087E0,1.399999795993E1));
#827=CURVE_STYLE('',#20,POSITIVE_LENGTH_MEASURE(2.E-2),#8);
#828=PRESENTATION_STYLE_ASSIGNMENT((#827));
#829=STYLED_ITEM('',(#828),#826);
#830=CARTESIAN_POINT('',(3.065E1,1.749988252087E0,1.399999795993E1));
#831=CARTESIAN_POINT('',(3.065E1,1.488192811452E0,1.399999472327E1));
#832=CARTESIAN_POINT('',(3.065E1,9.666845109409E-1,1.378360567783E1));
#833=CARTESIAN_POINT('',(3.065E1,6.416569342368E-1,1.299999796E1));
#834=CARTESIAN_POINT('',(3.065E1,9.666877521020E-1,1.221638242807E1));
#835=CARTESIAN_POINT('',(3.065E1,1.488208412935E0,1.199999472332E1));
#836=CARTESIAN_POINT('',(3.065E1,1.750011747841E0,1.199999796007E1));
#838=CURVE_STYLE('',#20,POSITIVE_LENGTH_MEASURE(2.E-2),#8);
#839=PRESENTATION_STYLE_ASSIGNMENT((#838));
#840=STYLED_ITEM('',(#839),#837);
#841=CARTESIAN_POINT('',(3.065E1,1.750022972589E0,1.439999795980E1));
#842=CARTESIAN_POINT('',(3.065E1,1.383496111221E0,1.440000428923E1));
#843=CARTESIAN_POINT('',(3.065E1,6.533637531291E-1,1.409706187496E1));
#844=CARTESIAN_POINT('',(3.065E1,1.983197079315E-1,1.299999796E1));
#845=CARTESIAN_POINT('',(3.065E1,6.533605281524E-1,1.190294182013E1));
#846=CARTESIAN_POINT('',(3.065E1,1.383480587596E0,1.159999807182E1));
#847=CARTESIAN_POINT('',(3.065E1,1.749999594157E0,1.159999796E1));
#849=CURVE_STYLE('',#20,POSITIVE_LENGTH_MEASURE(2.E-2),#8);
#850=PRESENTATION_STYLE_ASSIGNMENT((#849));
#851=STYLED_ITEM('',(#850),#848);
#852=CARTESIAN_POINT('',(3.065E1,1.749999594157E0,1.159999796E1));
#853=CARTESIAN_POINT('',(3.065E1,2.116518873434E0,1.159999784819E1));
#854=CARTESIAN_POINT('',(3.065E1,2.846639359878E0,1.190294155018E1));
#855=CARTESIAN_POINT('',(3.065E1,3.301680292069E0,1.299999796E1));
#856=CARTESIAN_POINT('',(3.065E1,2.846642584856E0,1.409704659474E1));
#857=CARTESIAN_POINT('',(3.065E1,2.116534396968E0,1.439999163068E1));
#858=CARTESIAN_POINT('',(3.065E1,1.750022972589E0,1.439999795980E1));
#860=CURVE_STYLE('',#20,POSITIVE_LENGTH_MEASURE(2.E-2),#8);
#861=PRESENTATION_STYLE_ASSIGNMENT((#860));
#862=STYLED_ITEM('',(#861),#859);
#863=CARTESIAN_POINT('',(3.065E1,1.750000349477E0,-1.612974564636E0));
#864=CARTESIAN_POINT('',(3.065E1,1.383481089138E0,-1.612974468350E0));
#865=CARTESIAN_POINT('',(3.065E1,6.533606323462E-1,-1.915918173561E0));
#866=CARTESIAN_POINT('',(3.065E1,1.983197079315E-1,-3.012974564636E0));
#867=CARTESIAN_POINT('',(3.065E1,6.533589996003E-1,-4.110027019330E0));
#868=CARTESIAN_POINT('',(3.065E1,1.383473229850E0,-4.412971399905E0));
#869=CARTESIAN_POINT('',(3.065E1,1.749988513412E0,-4.412974564586E0));
#871=CURVE_STYLE('',#20,POSITIVE_LENGTH_MEASURE(2.E-2),#8);
#872=PRESENTATION_STYLE_ASSIGNMENT((#871));
#873=STYLED_ITEM('',(#872),#870);
#874=CARTESIAN_POINT('',(3.065E1,1.749988513412E0,-4.412974564586E0));
#875=CARTESIAN_POINT('',(3.065E1,2.116511515665E0,-4.412977729342E0));
#876=CARTESIAN_POINT('',(3.065E1,2.846637831326E0,-4.110034659637E0));
#877=CARTESIAN_POINT('',(3.065E1,3.301680292069E0,-3.012974564636E0));
#878=CARTESIAN_POINT('',(3.065E1,2.846639464072E0,-1.915918406015E0));
#879=CARTESIAN_POINT('',(3.065E1,2.116519374976E0,-1.612974660921E0));
#880=CARTESIAN_POINT('',(3.065E1,1.750000349477E0,-1.612974564636E0));
#882=CURVE_STYLE('',#20,POSITIVE_LENGTH_MEASURE(2.E-2),#8);
#883=PRESENTATION_STYLE_ASSIGNMENT((#882));
#884=STYLED_ITEM('',(#883),#881);
#885=CARTESIAN_POINT('',(3.065E1,1.750002936860E0,-4.012974564631E0));
#886=CARTESIAN_POINT('',(3.065E1,2.011801337911E0,-4.012973755488E0));
#887=CARTESIAN_POINT('',(3.065E1,2.533314273604E0,-3.796585212800E0));
#888=CARTESIAN_POINT('',(3.065E1,2.858343065763E0,-3.012974564636E0));
#889=CARTESIAN_POINT('',(3.065E1,2.533312621126E0,-2.229359932519E0));
#890=CARTESIAN_POINT('',(3.065E1,2.011793383623E0,-2.012972073379E0));
#891=CARTESIAN_POINT('',(3.065E1,1.749990957756E0,-2.012974564679E0));
#893=CURVE_STYLE('',#20,POSITIVE_LENGTH_MEASURE(2.E-2),#8);
#894=PRESENTATION_STYLE_ASSIGNMENT((#893));
#895=STYLED_ITEM('',(#894),#892);
#896=CARTESIAN_POINT('',(3.065E1,1.749990957756E0,-2.012974564679E0));
#897=CARTESIAN_POINT('',(3.065E1,1.488194608044E0,-2.012977055913E0));
#898=CARTESIAN_POINT('',(3.065E1,9.666848841789E-1,-2.229365946970E0));
#899=CARTESIAN_POINT('',(3.065E1,6.416569342368E-1,-3.012974564636E0));
#900=CARTESIAN_POINT('',(3.065E1,9.666865366566E-1,-3.796587166253E0));
#901=CARTESIAN_POINT('',(3.065E1,1.488202562315E0,-4.012975373781E0));
#902=CARTESIAN_POINT('',(3.065E1,1.750002936860E0,-4.012974564631E0));
#904=CURVE_STYLE('',#20,POSITIVE_LENGTH_MEASURE(2.E-2),#8);
#905=PRESENTATION_STYLE_ASSIGNMENT((#904));
#906=STYLED_ITEM('',(#905),#903);
#907=DIRECTION('',(9.999999999907E-1,-4.315184877320E-6,-3.441056963149E-12));
#908=VECTOR('',#907,3.500000000033E-1);
#909=CARTESIAN_POINT('',(3.03E1,1.75E0,-1.299351181768E1));
#910=LINE('',#909,#908);
#911=CURVE_STYLE('',#20,POSITIVE_LENGTH_MEASURE(2.E-2),#8);
#912=PRESENTATION_STYLE_ASSIGNMENT((#911));
#913=STYLED_ITEM('',(#912),#910);
#914=DIRECTION('',(9.999999994367E-1,3.356544085862E-5,2.074886293356E-10));
#915=VECTOR('',#914,3.500000001972E-1);
#916=CARTESIAN_POINT('',(3.03E1,1.75E0,-1.499351181768E1));
#917=LINE('',#916,#915);
#918=CURVE_STYLE('',#20,POSITIVE_LENGTH_MEASURE(2.E-2),#8);
#919=PRESENTATION_STYLE_ASSIGNMENT((#918));
#920=STYLED_ITEM('',(#919),#917);
#921=DIRECTION('',(9.999999999967E-1,-2.578040777039E-6,-8.120488408660E-13));
#922=VECTOR('',#921,3.500000000012E-1);
#923=CARTESIAN_POINT('',(3.03E1,1.75E0,-2.401297628464E1));
#924=LINE('',#923,#922);
#925=CURVE_STYLE('',#20,POSITIVE_LENGTH_MEASURE(2.E-2),#8);
#926=PRESENTATION_STYLE_ASSIGNMENT((#925));
#927=STYLED_ITEM('',(#926),#924);
#928=DIRECTION('',(9.999999999912E-1,4.196796753892E-6,3.248195363446E-12));
#929=VECTOR('',#928,3.500000000031E-1);
#930=CARTESIAN_POINT('',(3.03E1,1.75E0,-2.601297628464E1));
#931=LINE('',#930,#929);
#932=CURVE_STYLE('',#20,POSITIVE_LENGTH_MEASURE(2.E-2),#8);
#933=PRESENTATION_STYLE_ASSIGNMENT((#932));
#934=STYLED_ITEM('',(#933),#931);
#935=DIRECTION('',(9.999999999993E-1,1.157273987116E-6,-1.218073261302E-13));
#936=VECTOR('',#935,3.500000000002E-1);
#937=CARTESIAN_POINT('',(3.03E1,1.75E0,-2.361297628464E1));
#938=LINE('',#937,#936);
#939=CURVE_STYLE('',#20,POSITIVE_LENGTH_MEASURE(2.E-2),#8);
#940=PRESENTATION_STYLE_ASSIGNMENT((#939));
#941=STYLED_ITEM('',(#940),#938);
#942=DIRECTION('',(9.999999978459E-1,-6.563675051800E-5,5.667390354320E-10));
#943=VECTOR('',#942,3.500000007539E-1);
#944=CARTESIAN_POINT('',(3.03E1,1.75E0,-2.641297628464E1));
#945=LINE('',#944,#943);
#946=CURVE_STYLE('',#20,POSITIVE_LENGTH_MEASURE(2.E-2),#8);
#947=PRESENTATION_STYLE_ASSIGNMENT((#946));
#948=STYLED_ITEM('',(#947),#945);
#949=DIRECTION('',(9.999999999993E-1,1.158509439491E-6,-1.218073261302E-13));
#950=VECTOR('',#949,3.500000000002E-1);
#951=CARTESIAN_POINT('',(3.03E1,1.75E0,2.840648492232E1));
#952=LINE('',#951,#950);
#953=CURVE_STYLE('',#20,POSITIVE_LENGTH_MEASURE(2.E-2),#8);
#954=PRESENTATION_STYLE_ASSIGNMENT((#953));
#955=STYLED_ITEM('',(#954),#952);
#956=DIRECTION('',(9.999999999993E-1,-1.159213383695E-6,1.218073261302E-13));
#957=VECTOR('',#956,3.500000000002E-1);
#958=CARTESIAN_POINT('',(3.03E1,1.75E0,2.560648492232E1));
#959=LINE('',#958,#957);
#960=CURVE_STYLE('',#20,POSITIVE_LENGTH_MEASURE(2.E-2),#8);
#961=PRESENTATION_STYLE_ASSIGNMENT((#960));
#962=STYLED_ITEM('',(#961),#959);
#963=DIRECTION('',(9.999999994367E-1,-3.356563278256E-5,-2.074886293356E-10));
#964=VECTOR('',#963,3.500000001972E-1);
#965=CARTESIAN_POINT('',(3.03E1,1.75E0,2.800648492232E1));
#966=LINE('',#965,#964);
#967=CURVE_STYLE('',#20,POSITIVE_LENGTH_MEASURE(2.E-2),#8);
#968=PRESENTATION_STYLE_ASSIGNMENT((#967));
#969=STYLED_ITEM('',(#968),#966);
#970=DIRECTION('',(9.999999994367E-1,3.356486495612E-5,2.074784787251E-10));
#971=VECTOR('',#970,3.500000001972E-1);
#972=CARTESIAN_POINT('',(3.03E1,1.75E0,2.600648492232E1));
#973=LINE('',#972,#971);
#974=CURVE_STYLE('',#20,POSITIVE_LENGTH_MEASURE(2.E-2),#8);
#975=PRESENTATION_STYLE_ASSIGNMENT((#974));
#976=STYLED_ITEM('',(#975),#973);
#977=DIRECTION('',(9.999999994367E-1,-3.356546440931E-5,-2.074835540303E-10));
#978=VECTOR('',#977,3.500000001972E-1);
#979=CARTESIAN_POINT('',(3.03E1,1.75E0,1.399999796E1));
#980=LINE('',#979,#978);
#981=CURVE_STYLE('',#20,POSITIVE_LENGTH_MEASURE(2.E-2),#8);
#982=PRESENTATION_STYLE_ASSIGNMENT((#981));
#983=STYLED_ITEM('',(#982),#980);
#984=DIRECTION('',(9.999999994367E-1,3.356525943930E-5,2.074886293356E-10));
#985=VECTOR('',#984,3.500000001972E-1);
#986=CARTESIAN_POINT('',(3.03E1,1.75E0,1.199999796E1));
#987=LINE('',#986,#985);
#988=CURVE_STYLE('',#20,POSITIVE_LENGTH_MEASURE(2.E-2),#8);
#989=PRESENTATION_STYLE_ASSIGNMENT((#988));
#990=STYLED_ITEM('',(#989),#987);
#991=DIRECTION('',(9.999999978460E-1,6.563596948880E-5,-5.667187342110E-10));
#992=VECTOR('',#991,3.500000007539E-1);
#993=CARTESIAN_POINT('',(3.03E1,1.75E0,1.439999796E1));
#994=LINE('',#993,#992);
#995=CURVE_STYLE('',#20,POSITIVE_LENGTH_MEASURE(2.E-2),#8);
#996=PRESENTATION_STYLE_ASSIGNMENT((#995));
#997=STYLED_ITEM('',(#996),#994);
#998=DIRECTION('',(9.999999999993E-1,-1.159550897205E-6,1.116567156194E-13));
#999=VECTOR('',#998,3.500000000002E-1);
#1000=CARTESIAN_POINT('',(3.03E1,1.75E0,1.159999796E1));
#1001=LINE('',#1000,#999);
#1002=CURVE_STYLE('',#20,POSITIVE_LENGTH_MEASURE(2.E-2),#8);
#1003=PRESENTATION_STYLE_ASSIGNMENT((#1002));
#1004=STYLED_ITEM('',(#1003),#1001);
#1005=DIRECTION('',(9.999999999995E-1,9.985048673598E-7,-1.351300024257E-13));
#1006=VECTOR('',#1005,3.500000000002E-1);
#1007=CARTESIAN_POINT('',(3.03E1,1.75E0,-1.612974564636E0));
#1008=LINE('',#1007,#1006);
#1009=CURVE_STYLE('',#20,POSITIVE_LENGTH_MEASURE(2.E-2),#8);
#1010=PRESENTATION_STYLE_ASSIGNMENT((#1009));
#1011=STYLED_ITEM('',(#1010),#1008);
#1012=DIRECTION('',(9.999999994615E-1,-3.281882396647E-5,1.416847590869E-10));
#1013=VECTOR('',#1012,3.500000001885E-1);
#1014=CARTESIAN_POINT('',(3.03E1,1.75E0,-4.412974564636E0));
#1015=LINE('',#1014,#1013);
#1016=CURVE_STYLE('',#20,POSITIVE_LENGTH_MEASURE(2.E-2),#8);
#1017=PRESENTATION_STYLE_ASSIGNMENT((#1016));
#1018=STYLED_ITEM('',(#1017),#1015);
#1019=DIRECTION('',(9.999999996663E-1,-2.583498335162E-5,-1.229226244192E-10));
#1020=VECTOR('',#1019,3.500000001168E-1);
#1021=CARTESIAN_POINT('',(3.03E1,1.75E0,-2.012974564636E0));
#1022=LINE('',#1021,#1020);
#1023=CURVE_STYLE('',#20,POSITIVE_LENGTH_MEASURE(2.E-2),#8);
#1024=PRESENTATION_STYLE_ASSIGNMENT((#1023));
#1025=STYLED_ITEM('',(#1024),#1022);
#1026=DIRECTION('',(9.999999999648E-1,8.391028879687E-6,1.296232962191E-11));
#1027=VECTOR('',#1026,3.500000000123E-1);
#1028=CARTESIAN_POINT('',(3.03E1,1.75E0,-4.012974564636E0));
#1029=LINE('',#1028,#1027);
#1030=CURVE_STYLE('',#20,POSITIVE_LENGTH_MEASURE(2.E-2),#8);
#1031=PRESENTATION_STYLE_ASSIGNMENT((#1030));
#1032=STYLED_ITEM('',(#1031),#1029);
#1033=DIRECTION('',(1.E0,0.E0,0.E0));
#1034=VECTOR('',#1033,7.E-1);
#1035=CARTESIAN_POINT('',(2.78E1,1.35E0,-1.827128013211E1));
#1036=LINE('',#1035,#1034);
#1037=CURVE_STYLE('',#20,POSITIVE_LENGTH_MEASURE(2.E-2),#8);
#1038=PRESENTATION_STYLE_ASSIGNMENT((#1037));
#1039=STYLED_ITEM('',(#1038),#1036);
#1040=DIRECTION('',(1.E0,0.E0,0.E0));
#1041=VECTOR('',#1040,7.E-1);
#1042=CARTESIAN_POINT('',(2.78E1,-1.05E0,-1.549999884E1));
#1043=LINE('',#1042,#1041);
#1044=CURVE_STYLE('',#20,POSITIVE_LENGTH_MEASURE(2.E-2),#8);
#1045=PRESENTATION_STYLE_ASSIGNMENT((#1044));
#1046=STYLED_ITEM('',(#1045),#1043);
#1047=CARTESIAN_POINT('',(2.85E1,1.75E0,-1.549999884E1));
#1048=DIRECTION('',(1.E0,0.E0,0.E0));
#1049=DIRECTION('',(0.E0,-1.E0,0.E0));
#1050=AXIS2_PLACEMENT_3D('',#1047,#1048,#1049);
#1052=CURVE_STYLE('',#20,POSITIVE_LENGTH_MEASURE(2.E-2),#8);
#1053=PRESENTATION_STYLE_ASSIGNMENT((#1052));
#1054=STYLED_ITEM('',(#1053),#1051);
#1055=DIRECTION('',(1.E0,0.E0,0.E0));
#1056=VECTOR('',#1055,7.E-1);
#1057=CARTESIAN_POINT('',(2.78E1,2.15E0,-1.827128013211E1));
#1058=LINE('',#1057,#1056);
#1059=CURVE_STYLE('',#20,POSITIVE_LENGTH_MEASURE(2.E-2),#8);
#1060=PRESENTATION_STYLE_ASSIGNMENT((#1059));
#1061=STYLED_ITEM('',(#1060),#1058);
#1062=CARTESIAN_POINT('',(2.85E1,1.75E0,-1.549999884E1));
#1063=DIRECTION('',(1.E0,0.E0,0.E0));
#1064=DIRECTION('',(0.E0,1.428571428571E-1,-9.897433186108E-1));
#1065=AXIS2_PLACEMENT_3D('',#1062,#1063,#1064);
#1067=CURVE_STYLE('',#20,POSITIVE_LENGTH_MEASURE(2.E-2),#8);
#1068=PRESENTATION_STYLE_ASSIGNMENT((#1067));
#1069=STYLED_ITEM('',(#1068),#1066);
#1070=DIRECTION('',(1.E0,0.E0,0.E0));
#1071=VECTOR('',#1070,7.E-1);
#1072=CARTESIAN_POINT('',(2.78E1,1.35E0,2.265661633866E1));
#1073=LINE('',#1072,#1071);
#1074=CURVE_STYLE('',#20,POSITIVE_LENGTH_MEASURE(2.E-2),#8);
#1075=PRESENTATION_STYLE_ASSIGNMENT((#1074));
#1076=STYLED_ITEM('',(#1075),#1073);
#1077=DIRECTION('',(1.E0,0.E0,2.030122102172E-14));
#1078=VECTOR('',#1077,7.E-1);
#1079=CARTESIAN_POINT('',(2.78E1,-1.05E0,2.551297194464E1));
#1080=LINE('',#1079,#1078);
#1081=CURVE_STYLE('',#20,POSITIVE_LENGTH_MEASURE(2.E-2),#8);
#1082=PRESENTATION_STYLE_ASSIGNMENT((#1081));
#1083=STYLED_ITEM('',(#1082),#1080);
#1084=CARTESIAN_POINT('',(2.85E1,1.75E0,2.542916456667E1));
#1085=DIRECTION('',(1.E0,0.E0,0.E0));
#1086=DIRECTION('',(0.E0,-9.995523621901E-1,2.991780807778E-2));
#1087=AXIS2_PLACEMENT_3D('',#1084,#1085,#1086);
#1089=CURVE_STYLE('',#20,POSITIVE_LENGTH_MEASURE(2.E-2),#8);
#1090=PRESENTATION_STYLE_ASSIGNMENT((#1089));
#1091=STYLED_ITEM('',(#1090),#1088);
#1092=DIRECTION('',(1.E0,0.E0,0.E0));
#1093=VECTOR('',#1092,7.E-1);
#1094=CARTESIAN_POINT('',(2.78E1,2.15E0,2.265661633866E1));
#1095=LINE('',#1094,#1093);
#1096=CURVE_STYLE('',#20,POSITIVE_LENGTH_MEASURE(2.E-2),#8);
#1097=PRESENTATION_STYLE_ASSIGNMENT((#1096));
#1098=STYLED_ITEM('',(#1097),#1095);
#1099=CARTESIAN_POINT('',(2.85E1,1.75E0,2.542916456667E1));
#1100=DIRECTION('',(1.E0,0.E0,0.E0));
#1101=DIRECTION('',(0.E0,1.427931945986E-1,-9.897525466380E-1));
#1102=AXIS2_PLACEMENT_3D('',#1099,#1100,#1101);
#1104=CURVE_STYLE('',#20,POSITIVE_LENGTH_MEASURE(2.E-2),#8);
#1105=PRESENTATION_STYLE_ASSIGNMENT((#1104));
#1106=STYLED_ITEM('',(#1105),#1103);
#1107=CARTESIAN_POINT('',(2.78E1,1.75E0,-1.549999884E1));
#1108=DIRECTION('',(1.E0,0.E0,0.E0));
#1109=DIRECTION('',(0.E0,-1.E0,0.E0));
#1110=AXIS2_PLACEMENT_3D('',#1107,#1108,#1109);
#1112=CURVE_STYLE('',#20,POSITIVE_LENGTH_MEASURE(2.E-2),#8);
#1113=PRESENTATION_STYLE_ASSIGNMENT((#1112));
#1114=STYLED_ITEM('',(#1113),#1111);
#1115=DIRECTION('',(0.E0,0.E0,-1.E0));
#1116=VECTOR('',#1115,2.385340546554E0);
#1117=CARTESIAN_POINT('',(2.78E1,1.35E0,-1.827128013211E1));
#1118=LINE('',#1117,#1116);
#1119=CURVE_STYLE('',#20,POSITIVE_LENGTH_MEASURE(2.E-2),#8);
#1120=PRESENTATION_STYLE_ASSIGNMENT((#1119));
#1121=STYLED_ITEM('',(#1120),#1118);
#1122=CARTESIAN_POINT('',(2.78E1,1.75E0,-2.342916890667E1));
#1123=DIRECTION('',(1.E0,0.E0,0.E0));
#1124=DIRECTION('',(0.E0,-1.427931945986E-1,9.897525466380E-1));
#1125=AXIS2_PLACEMENT_3D('',#1122,#1123,#1124);
#1127=CURVE_STYLE('',#20,POSITIVE_LENGTH_MEASURE(2.E-2),#8);
#1128=PRESENTATION_STYLE_ASSIGNMENT((#1127));
#1129=STYLED_ITEM('',(#1128),#1126);
#1130=DIRECTION('',(0.E0,0.E0,-1.E0));
#1131=VECTOR('',#1130,3.E0);
#1132=CARTESIAN_POINT('',(2.78E1,-1.05E0,-2.351297628464E1));
#1133=LINE('',#1132,#1131);
#1134=CURVE_STYLE('',#20,POSITIVE_LENGTH_MEASURE(2.E-2),#8);
#1135=PRESENTATION_STYLE_ASSIGNMENT((#1134));
#1136=STYLED_ITEM('',(#1135),#1133);
#1137=CARTESIAN_POINT('',(2.78E1,1.75E0,-2.642916890667E1));
#1138=DIRECTION('',(1.E0,0.E0,0.E0));
#1139=DIRECTION('',(0.E0,-9.995523621901E-1,-2.991780807777E-2));
#1140=AXIS2_PLACEMENT_3D('',#1137,#1138,#1139);
#1142=CURVE_STYLE('',#20,POSITIVE_LENGTH_MEASURE(2.E-2),#8);
#1143=PRESENTATION_STYLE_ASSIGNMENT((#1142));
#1144=STYLED_ITEM('',(#1143),#1141);
#1145=DIRECTION('',(0.E0,0.E0,1.E0));
#1146=VECTOR('',#1145,3.E0);
#1147=CARTESIAN_POINT('',(2.78E1,4.55E0,-2.651297628464E1));
#1148=LINE('',#1147,#1146);
#1149=CURVE_STYLE('',#20,POSITIVE_LENGTH_MEASURE(2.E-2),#8);
#1150=PRESENTATION_STYLE_ASSIGNMENT((#1149));
#1151=STYLED_ITEM('',(#1150),#1148);
#1152=CARTESIAN_POINT('',(2.78E1,1.75E0,-2.342916890667E1));
#1153=DIRECTION('',(1.E0,0.E0,0.E0));
#1154=DIRECTION('',(0.E0,9.995523621901E-1,-2.991780807777E-2));
#1155=AXIS2_PLACEMENT_3D('',#1152,#1153,#1154);
#1157=CURVE_STYLE('',#20,POSITIVE_LENGTH_MEASURE(2.E-2),#8);
#1158=PRESENTATION_STYLE_ASSIGNMENT((#1157));
#1159=STYLED_ITEM('',(#1158),#1156);
#1160=DIRECTION('',(0.E0,0.E0,1.E0));
#1161=VECTOR('',#1160,2.385340546554E0);
#1162=CARTESIAN_POINT('',(2.78E1,2.15E0,-2.065662067866E1));
#1163=LINE('',#1162,#1161);
#1164=CURVE_STYLE('',#20,POSITIVE_LENGTH_MEASURE(2.E-2),#8);
#1165=PRESENTATION_STYLE_ASSIGNMENT((#1164));
#1166=STYLED_ITEM('',(#1165),#1163);
#1167=CARTESIAN_POINT('',(2.78E1,1.75E0,-1.549999884E1));
#1168=DIRECTION('',(1.E0,0.E0,0.E0));
#1169=DIRECTION('',(0.E0,1.428571428571E-1,-9.897433186108E-1));
#1170=AXIS2_PLACEMENT_3D('',#1167,#1168,#1169);
#1172=CURVE_STYLE('',#20,POSITIVE_LENGTH_MEASURE(2.E-2),#8);
#1173=PRESENTATION_STYLE_ASSIGNMENT((#1172));
#1174=STYLED_ITEM('',(#1173),#1171);
#1175=DIRECTION('',(0.E0,0.E0,1.E0));
#1176=VECTOR('',#1175,3.012974044636E0);
#1177=CARTESIAN_POINT('',(2.78E1,4.55E0,-1.549999884E1));
#1178=LINE('',#1177,#1176);
#1179=CURVE_STYLE('',#20,POSITIVE_LENGTH_MEASURE(2.E-2),#8);
#1180=PRESENTATION_STYLE_ASSIGNMENT((#1179));
#1181=STYLED_ITEM('',(#1180),#1178);
#1182=CARTESIAN_POINT('',(2.78E1,1.75E0,-1.257083217333E1));
#1183=DIRECTION('',(1.E0,0.E0,0.E0));
#1184=DIRECTION('',(0.E0,9.995523621901E-1,2.991780807778E-2));
#1185=AXIS2_PLACEMENT_3D('',#1182,#1183,#1184);
#1187=CURVE_STYLE('',#20,POSITIVE_LENGTH_MEASURE(2.E-2),#8);
#1188=PRESENTATION_STYLE_ASSIGNMENT((#1187));
#1189=STYLED_ITEM('',(#1188),#1186);
#1190=DIRECTION('',(0.E0,0.E0,1.E0));
#1191=VECTOR('',#1190,2.596568530660E0);
#1192=CARTESIAN_POINT('',(2.78E1,2.15E0,-9.798283945329E0));
#1193=LINE('',#1192,#1191);
#1194=CURVE_STYLE('',#20,POSITIVE_LENGTH_MEASURE(2.E-2),#8);
#1195=PRESENTATION_STYLE_ASSIGNMENT((#1194));
#1196=STYLED_ITEM('',(#1195),#1193);
#1197=CARTESIAN_POINT('',(2.78E1,1.75E0,-4.429167186667E0));
#1198=DIRECTION('',(1.E0,0.E0,0.E0));
#1199=DIRECTION('',(0.E0,1.427931945986E-1,-9.897525466380E-1));
#1200=AXIS2_PLACEMENT_3D('',#1197,#1198,#1199);
#1202=CURVE_STYLE('',#20,POSITIVE_LENGTH_MEASURE(2.E-2),#8);
#1203=PRESENTATION_STYLE_ASSIGNMENT((#1202));
#1204=STYLED_ITEM('',(#1203),#1201);
#1205=DIRECTION('',(0.E0,0.E0,1.E0));
#1206=VECTOR('',#1205,3.E0);
#1207=CARTESIAN_POINT('',(2.78E1,4.55E0,-4.512974564636E0));
#1208=LINE('',#1207,#1206);
#1209=CURVE_STYLE('',#20,POSITIVE_LENGTH_MEASURE(2.E-2),#8);
#1210=PRESENTATION_STYLE_ASSIGNMENT((#1209));
#1211=STYLED_ITEM('',(#1210),#1208);
#1212=CARTESIAN_POINT('',(2.78E1,1.75E0,-1.429167186667E0));
#1213=DIRECTION('',(1.E0,0.E0,0.E0));
#1214=DIRECTION('',(0.E0,9.995523621901E-1,-2.991780807778E-2));
#1215=AXIS2_PLACEMENT_3D('',#1212,#1213,#1214);
#1217=CURVE_STYLE('',#20,POSITIVE_LENGTH_MEASURE(2.E-2),#8);
#1218=PRESENTATION_STYLE_ASSIGNMENT((#1217));
#1219=STYLED_ITEM('',(#1218),#1216);
#1220=DIRECTION('',(0.E0,0.E0,1.E0));
#1221=VECTOR('',#1220,7.313235357329E0);
#1222=CARTESIAN_POINT('',(2.78E1,2.15E0,1.343381041336E0));
#1223=LINE('',#1222,#1221);
#1224=CURVE_STYLE('',#20,POSITIVE_LENGTH_MEASURE(2.E-2),#8);
#1225=PRESENTATION_STYLE_ASSIGNMENT((#1224));
#1226=STYLED_ITEM('',(#1225),#1223);
#1227=CARTESIAN_POINT('',(2.78E1,1.75E0,1.142916462667E1));
#1228=DIRECTION('',(1.E0,0.E0,0.E0));
#1229=DIRECTION('',(0.E0,1.427931945986E-1,-9.897525466380E-1));
#1230=AXIS2_PLACEMENT_3D('',#1227,#1228,#1229);
#1232=CURVE_STYLE('',#20,POSITIVE_LENGTH_MEASURE(2.E-2),#8);
#1233=PRESENTATION_STYLE_ASSIGNMENT((#1232));
#1234=STYLED_ITEM('',(#1233),#1231);
#1235=DIRECTION('',(0.E0,0.E0,1.E0));
#1236=VECTOR('',#1235,2.974051910728E0);
#1237=CARTESIAN_POINT('',(2.78E1,4.55E0,1.151297200464E1));
#1238=LINE('',#1237,#1236);
#1239=CURVE_STYLE('',#20,POSITIVE_LENGTH_MEASURE(2.E-2),#8);
#1240=PRESENTATION_STYLE_ASSIGNMENT((#1239));
#1241=STYLED_ITEM('',(#1240),#1238);
#1242=CARTESIAN_POINT('',(2.78E1,1.75E0,1.457083129333E1));
#1243=DIRECTION('',(1.E0,0.E0,0.E0));
#1244=DIRECTION('',(0.E0,9.995523621901E-1,-2.991780807778E-2));
#1245=AXIS2_PLACEMENT_3D('',#1242,#1243,#1244);
#1247=CURVE_STYLE('',#20,POSITIVE_LENGTH_MEASURE(2.E-2),#8);
#1248=PRESENTATION_STYLE_ASSIGNMENT((#1247));
#1249=STYLED_ITEM('',(#1248),#1246);
#1250=DIRECTION('',(0.E0,0.E0,1.E0));
#1251=VECTOR('',#1250,5.313236817329E0);
#1252=CARTESIAN_POINT('',(2.78E1,2.15E0,1.734337952134E1));
#1253=LINE('',#1252,#1251);
#1254=CURVE_STYLE('',#20,POSITIVE_LENGTH_MEASURE(2.E-2),#8);
#1255=PRESENTATION_STYLE_ASSIGNMENT((#1254));
#1256=STYLED_ITEM('',(#1255),#1253);
#1257=CARTESIAN_POINT('',(2.78E1,1.75E0,2.542916456667E1));
#1258=DIRECTION('',(1.E0,0.E0,0.E0));
#1259=DIRECTION('',(0.E0,1.427931945986E-1,-9.897525466380E-1));
#1260=AXIS2_PLACEMENT_3D('',#1257,#1258,#1259);
#1262=CURVE_STYLE('',#20,POSITIVE_LENGTH_MEASURE(2.E-2),#8);
#1263=PRESENTATION_STYLE_ASSIGNMENT((#1262));
#1264=STYLED_ITEM('',(#1263),#1261);
#1265=DIRECTION('',(0.E0,0.E0,1.E0));
#1266=VECTOR('',#1265,2.987025955364E0);
#1267=CARTESIAN_POINT('',(2.78E1,4.55E0,2.551297194464E1));
#1268=LINE('',#1267,#1266);
#1269=CURVE_STYLE('',#20,POSITIVE_LENGTH_MEASURE(2.E-2),#8);
#1270=PRESENTATION_STYLE_ASSIGNMENT((#1269));
#1271=STYLED_ITEM('',(#1270),#1268);
#1272=CARTESIAN_POINT('',(2.78E1,1.75E0,2.84999979E1));
#1273=DIRECTION('',(1.E0,0.E0,0.E0));
#1274=DIRECTION('',(0.E0,1.E0,0.E0));
#1275=AXIS2_PLACEMENT_3D('',#1272,#1273,#1274);
#1277=CURVE_STYLE('',#20,POSITIVE_LENGTH_MEASURE(2.E-2),#8);
#1278=PRESENTATION_STYLE_ASSIGNMENT((#1277));
#1279=STYLED_ITEM('',(#1278),#1276);
#1280=DIRECTION('',(0.E0,0.E0,-1.E0));
#1281=VECTOR('',#1280,2.987025955364E0);
#1282=CARTESIAN_POINT('',(2.78E1,-1.05E0,2.84999979E1));
#1283=LINE('',#1282,#1281);
#1284=CURVE_STYLE('',#20,POSITIVE_LENGTH_MEASURE(2.E-2),#8);
#1285=PRESENTATION_STYLE_ASSIGNMENT((#1284));
#1286=STYLED_ITEM('',(#1285),#1283);
#1287=CARTESIAN_POINT('',(2.78E1,1.75E0,2.542916456667E1));
#1288=DIRECTION('',(1.E0,0.E0,0.E0));
#1289=DIRECTION('',(0.E0,-9.995523621901E-1,2.991780807777E-2));
#1290=AXIS2_PLACEMENT_3D('',#1287,#1288,#1289);
#1292=CURVE_STYLE('',#20,POSITIVE_LENGTH_MEASURE(2.E-2),#8);
#1293=PRESENTATION_STYLE_ASSIGNMENT((#1292));
#1294=STYLED_ITEM('',(#1293),#1291);
#1295=DIRECTION('',(0.E0,0.E0,-1.E0));
#1296=VECTOR('',#1295,5.313236817329E0);
#1297=CARTESIAN_POINT('',(2.78E1,1.35E0,2.265661633866E1));
#1298=LINE('',#1297,#1296);
#1299=CURVE_STYLE('',#20,POSITIVE_LENGTH_MEASURE(2.E-2),#8);
#1300=PRESENTATION_STYLE_ASSIGNMENT((#1299));
#1301=STYLED_ITEM('',(#1300),#1298);
#1302=CARTESIAN_POINT('',(2.78E1,1.75E0,1.457083129333E1));
#1303=DIRECTION('',(1.E0,0.E0,0.E0));
#1304=DIRECTION('',(0.E0,-1.427931945986E-1,9.897525466380E-1));
#1305=AXIS2_PLACEMENT_3D('',#1302,#1303,#1304);
#1307=CURVE_STYLE('',#20,POSITIVE_LENGTH_MEASURE(2.E-2),#8);
#1308=PRESENTATION_STYLE_ASSIGNMENT((#1307));
#1309=STYLED_ITEM('',(#1308),#1306);
#1310=DIRECTION('',(0.E0,0.E0,-1.E0));
#1311=VECTOR('',#1310,2.974051910728E0);
#1312=CARTESIAN_POINT('',(2.78E1,-1.05E0,1.448702391536E1));
#1313=LINE('',#1312,#1311);
#1314=CURVE_STYLE('',#20,POSITIVE_LENGTH_MEASURE(2.E-2),#8);
#1315=PRESENTATION_STYLE_ASSIGNMENT((#1314));
#1316=STYLED_ITEM('',(#1315),#1313);
#1317=CARTESIAN_POINT('',(2.78E1,1.75E0,1.142916462667E1));
#1318=DIRECTION('',(1.E0,0.E0,0.E0));
#1319=DIRECTION('',(0.E0,-9.995523621901E-1,2.991780807778E-2));
#1320=AXIS2_PLACEMENT_3D('',#1317,#1318,#1319);
#1322=CURVE_STYLE('',#20,POSITIVE_LENGTH_MEASURE(2.E-2),#8);
#1323=PRESENTATION_STYLE_ASSIGNMENT((#1322));
#1324=STYLED_ITEM('',(#1323),#1321);
#1325=DIRECTION('',(0.E0,0.E0,-1.E0));
#1326=VECTOR('',#1325,7.313235357329E0);
#1327=CARTESIAN_POINT('',(2.78E1,1.35E0,8.656616398665E0));
#1328=LINE('',#1327,#1326);
#1329=CURVE_STYLE('',#20,POSITIVE_LENGTH_MEASURE(2.E-2),#8);
#1330=PRESENTATION_STYLE_ASSIGNMENT((#1329));
#1331=STYLED_ITEM('',(#1330),#1328);
#1332=CARTESIAN_POINT('',(2.78E1,1.75E0,-1.429167186667E0));
#1333=DIRECTION('',(1.E0,0.E0,0.E0));
#1334=DIRECTION('',(0.E0,-1.427931945986E-1,9.897525466380E-1));
#1335=AXIS2_PLACEMENT_3D('',#1332,#1333,#1334);
#1337=CURVE_STYLE('',#20,POSITIVE_LENGTH_MEASURE(2.E-2),#8);
#1338=PRESENTATION_STYLE_ASSIGNMENT((#1337));
#1339=STYLED_ITEM('',(#1338),#1336);
#1340=DIRECTION('',(0.E0,0.E0,-1.E0));
#1341=VECTOR('',#1340,3.E0);
#1342=CARTESIAN_POINT('',(2.78E1,-1.05E0,-1.512974564636E0));
#1343=LINE('',#1342,#1341);
#1344=CURVE_STYLE('',#20,POSITIVE_LENGTH_MEASURE(2.E-2),#8);
#1345=PRESENTATION_STYLE_ASSIGNMENT((#1344));
#1346=STYLED_ITEM('',(#1345),#1343);
#1347=CARTESIAN_POINT('',(2.78E1,1.75E0,-4.429167186667E0));
#1348=DIRECTION('',(1.E0,0.E0,0.E0));
#1349=DIRECTION('',(0.E0,-9.995523621901E-1,-2.991780807778E-2));
#1350=AXIS2_PLACEMENT_3D('',#1347,#1348,#1349);
#1352=CURVE_STYLE('',#20,POSITIVE_LENGTH_MEASURE(2.E-2),#8);
#1353=PRESENTATION_STYLE_ASSIGNMENT((#1352));
#1354=STYLED_ITEM('',(#1353),#1351);
#1355=DIRECTION('',(0.E0,0.E0,-1.E0));
#1356=VECTOR('',#1355,2.596568530660E0);
#1357=CARTESIAN_POINT('',(2.78E1,1.35E0,-7.201715414670E0));
#1358=LINE('',#1357,#1356);
#1359=CURVE_STYLE('',#20,POSITIVE_LENGTH_MEASURE(2.E-2),#8);
#1360=PRESENTATION_STYLE_ASSIGNMENT((#1359));
#1361=STYLED_ITEM('',(#1360),#1358);
#1362=CARTESIAN_POINT('',(2.78E1,1.75E0,-1.257083217333E1));
#1363=DIRECTION('',(1.E0,0.E0,0.E0));
#1364=DIRECTION('',(0.E0,-1.427931945986E-1,9.897525466380E-1));
#1365=AXIS2_PLACEMENT_3D('',#1362,#1363,#1364);
#1367=CURVE_STYLE('',#20,POSITIVE_LENGTH_MEASURE(2.E-2),#8);
#1368=PRESENTATION_STYLE_ASSIGNMENT((#1367));
#1369=STYLED_ITEM('',(#1368),#1366);
#1370=DIRECTION('',(0.E0,0.E0,-1.E0));
#1371=VECTOR('',#1370,3.012974044636E0);
#1372=CARTESIAN_POINT('',(2.78E1,-1.05E0,-1.248702479536E1));
#1373=LINE('',#1372,#1371);
#1374=CURVE_STYLE('',#20,POSITIVE_LENGTH_MEASURE(2.E-2),#8);
#1375=PRESENTATION_STYLE_ASSIGNMENT((#1374));
#1376=STYLED_ITEM('',(#1375),#1373);
#1377=DIRECTION('',(1.E0,0.E0,0.E0));
#1378=VECTOR('',#1377,7.E-1);
#1379=CARTESIAN_POINT('',(2.78E1,1.35E0,-2.065662067866E1));
#1380=LINE('',#1379,#1378);
#1381=CURVE_STYLE('',#20,POSITIVE_LENGTH_MEASURE(2.E-2),#8);
#1382=PRESENTATION_STYLE_ASSIGNMENT((#1381));
#1383=STYLED_ITEM('',(#1382),#1380);
#1384=CARTESIAN_POINT('',(2.85E1,1.75E0,-2.342916890667E1));
#1385=DIRECTION('',(1.E0,0.E0,0.E0));
#1386=DIRECTION('',(0.E0,-1.427931945986E-1,9.897525466380E-1));
#1387=AXIS2_PLACEMENT_3D('',#1384,#1385,#1386);
#1389=CURVE_STYLE('',#20,POSITIVE_LENGTH_MEASURE(2.E-2),#8);
#1390=PRESENTATION_STYLE_ASSIGNMENT((#1389));
#1391=STYLED_ITEM('',(#1390),#1388);
#1392=DIRECTION('',(1.E0,0.E0,0.E0));
#1393=VECTOR('',#1392,7.E-1);
#1394=CARTESIAN_POINT('',(2.78E1,2.15E0,-2.065662067866E1));
#1395=LINE('',#1394,#1393);
#1396=CURVE_STYLE('',#20,POSITIVE_LENGTH_MEASURE(2.E-2),#8);
#1397=PRESENTATION_STYLE_ASSIGNMENT((#1396));
#1398=STYLED_ITEM('',(#1397),#1395);
#1399=DIRECTION('',(1.E0,0.E0,0.E0));
#1400=VECTOR('',#1399,7.E-1);
#1401=CARTESIAN_POINT('',(2.78E1,4.55E0,-2.351297628464E1));
#1402=LINE('',#1401,#1400);
#1403=CURVE_STYLE('',#20,POSITIVE_LENGTH_MEASURE(2.E-2),#8);
#1404=PRESENTATION_STYLE_ASSIGNMENT((#1403));
#1405=STYLED_ITEM('',(#1404),#1402);
#1406=CARTESIAN_POINT('',(2.85E1,1.75E0,-2.342916890667E1));
#1407=DIRECTION('',(1.E0,0.E0,0.E0));
#1408=DIRECTION('',(0.E0,9.995523621901E-1,-2.991780807777E-2));
#1409=AXIS2_PLACEMENT_3D('',#1406,#1407,#1408);
#1411=CURVE_STYLE('',#20,POSITIVE_LENGTH_MEASURE(2.E-2),#8);
#1412=PRESENTATION_STYLE_ASSIGNMENT((#1411));
#1413=STYLED_ITEM('',(#1412),#1410);
#1414=DIRECTION('',(1.E0,0.E0,-2.537652627715E-14));
#1415=VECTOR('',#1414,7.E-1);
#1416=CARTESIAN_POINT('',(2.78E1,-1.05E0,-2.351297628464E1));
#1417=LINE('',#1416,#1415);
#1418=CURVE_STYLE('',#20,POSITIVE_LENGTH_MEASURE(2.E-2),#8);
#1419=PRESENTATION_STYLE_ASSIGNMENT((#1418));
#1420=STYLED_ITEM('',(#1419),#1417);
#1421=DIRECTION('',(0.E0,0.E0,-1.E0));
#1422=VECTOR('',#1421,3.E0);
#1423=CARTESIAN_POINT('',(2.85E1,-1.05E0,-2.351297628464E1));
#1424=LINE('',#1423,#1422);
#1425=CURVE_STYLE('',#20,POSITIVE_LENGTH_MEASURE(2.E-2),#8);
#1426=PRESENTATION_STYLE_ASSIGNMENT((#1425));
#1427=STYLED_ITEM('',(#1426),#1424);
#1428=DIRECTION('',(1.E0,0.E0,0.E0));
#1429=VECTOR('',#1428,7.E-1);
#1430=CARTESIAN_POINT('',(2.78E1,-1.05E0,-2.651297628464E1));
#1431=LINE('',#1430,#1429);
#1432=CURVE_STYLE('',#20,POSITIVE_LENGTH_MEASURE(2.E-2),#8);
#1433=PRESENTATION_STYLE_ASSIGNMENT((#1432));
#1434=STYLED_ITEM('',(#1433),#1431);
#1435=CARTESIAN_POINT('',(2.85E1,1.75E0,-2.642916890667E1));
#1436=DIRECTION('',(1.E0,0.E0,0.E0));
#1437=DIRECTION('',(0.E0,-9.995523621901E-1,-2.991780807777E-2));
#1438=AXIS2_PLACEMENT_3D('',#1435,#1436,#1437);
#1440=CURVE_STYLE('',#20,POSITIVE_LENGTH_MEASURE(2.E-2),#8);
#1441=PRESENTATION_STYLE_ASSIGNMENT((#1440));
#1442=STYLED_ITEM('',(#1441),#1439);
#1443=DIRECTION('',(1.E0,0.E0,0.E0));
#1444=VECTOR('',#1443,7.E-1);
#1445=CARTESIAN_POINT('',(2.78E1,4.55E0,-2.651297628464E1));
#1446=LINE('',#1445,#1444);
#1447=CURVE_STYLE('',#20,POSITIVE_LENGTH_MEASURE(2.E-2),#8);
#1448=PRESENTATION_STYLE_ASSIGNMENT((#1447));
#1449=STYLED_ITEM('',(#1448),#1446);
#1450=DIRECTION('',(0.E0,0.E0,1.E0));
#1451=VECTOR('',#1450,3.E0);
#1452=CARTESIAN_POINT('',(2.85E1,4.55E0,-2.651297628464E1));
#1453=LINE('',#1452,#1451);
#1454=CURVE_STYLE('',#20,POSITIVE_LENGTH_MEASURE(2.E-2),#8);
#1455=PRESENTATION_STYLE_ASSIGNMENT((#1454));
#1456=STYLED_ITEM('',(#1455),#1453);
#1457=DIRECTION('',(1.E0,0.E0,0.E0));
#1458=VECTOR('',#1457,7.E-1);
#1459=CARTESIAN_POINT('',(2.78E1,1.35E0,1.734337952134E1));
#1460=LINE('',#1459,#1458);
#1461=CURVE_STYLE('',#20,POSITIVE_LENGTH_MEASURE(2.E-2),#8);
#1462=PRESENTATION_STYLE_ASSIGNMENT((#1461));
#1463=STYLED_ITEM('',(#1462),#1460);
#1464=CARTESIAN_POINT('',(2.85E1,1.75E0,1.457083129333E1));
#1465=DIRECTION('',(1.E0,0.E0,0.E0));
#1466=DIRECTION('',(0.E0,-1.427931945986E-1,9.897525466380E-1));
#1467=AXIS2_PLACEMENT_3D('',#1464,#1465,#1466);
#1469=CURVE_STYLE('',#20,POSITIVE_LENGTH_MEASURE(2.E-2),#8);
#1470=PRESENTATION_STYLE_ASSIGNMENT((#1469));
#1471=STYLED_ITEM('',(#1470),#1468);
#1472=DIRECTION('',(1.E0,0.E0,0.E0));
#1473=VECTOR('',#1472,7.E-1);
#1474=CARTESIAN_POINT('',(2.78E1,2.15E0,1.734337952134E1));
#1475=LINE('',#1474,#1473);
#1476=CURVE_STYLE('',#20,POSITIVE_LENGTH_MEASURE(2.E-2),#8);
#1477=PRESENTATION_STYLE_ASSIGNMENT((#1476));
#1478=STYLED_ITEM('',(#1477),#1475);
#1479=DIRECTION('',(1.E0,0.E0,0.E0));
#1480=VECTOR('',#1479,7.E-1);
#1481=CARTESIAN_POINT('',(2.78E1,4.55E0,1.448702391536E1));
#1482=LINE('',#1481,#1480);
#1483=CURVE_STYLE('',#20,POSITIVE_LENGTH_MEASURE(2.E-2),#8);
#1484=PRESENTATION_STYLE_ASSIGNMENT((#1483));
#1485=STYLED_ITEM('',(#1484),#1482);
#1486=CARTESIAN_POINT('',(2.85E1,1.75E0,1.457083129333E1));
#1487=DIRECTION('',(1.E0,0.E0,0.E0));
#1488=DIRECTION('',(0.E0,9.995523621901E-1,-2.991780807778E-2));
#1489=AXIS2_PLACEMENT_3D('',#1486,#1487,#1488);
#1491=CURVE_STYLE('',#20,POSITIVE_LENGTH_MEASURE(2.E-2),#8);
#1492=PRESENTATION_STYLE_ASSIGNMENT((#1491));
#1493=STYLED_ITEM('',(#1492),#1490);
#1494=DIRECTION('',(1.E0,0.E0,-1.776356839400E-14));
#1495=VECTOR('',#1494,7.E-1);
#1496=CARTESIAN_POINT('',(2.78E1,-1.05E0,1.448702391536E1));
#1497=LINE('',#1496,#1495);
#1498=CURVE_STYLE('',#20,POSITIVE_LENGTH_MEASURE(2.E-2),#8);
#1499=PRESENTATION_STYLE_ASSIGNMENT((#1498));
#1500=STYLED_ITEM('',(#1499),#1497);
#1501=DIRECTION('',(0.E0,0.E0,-1.E0));
#1502=VECTOR('',#1501,2.974051910728E0);
#1503=CARTESIAN_POINT('',(2.85E1,-1.05E0,1.448702391536E1));
#1504=LINE('',#1503,#1502);
#1505=CURVE_STYLE('',#20,POSITIVE_LENGTH_MEASURE(2.E-2),#8);
#1506=PRESENTATION_STYLE_ASSIGNMENT((#1505));
#1507=STYLED_ITEM('',(#1506),#1504);
#1508=DIRECTION('',(1.E0,0.E0,0.E0));
#1509=VECTOR('',#1508,7.E-1);
#1510=CARTESIAN_POINT('',(2.78E1,1.35E0,8.656616398665E0));
#1511=LINE('',#1510,#1509);
#1512=CURVE_STYLE('',#20,POSITIVE_LENGTH_MEASURE(2.E-2),#8);
#1513=PRESENTATION_STYLE_ASSIGNMENT((#1512));
#1514=STYLED_ITEM('',(#1513),#1511);
#1515=DIRECTION('',(1.E0,0.E0,0.E0));
#1516=VECTOR('',#1515,7.E-1);
#1517=CARTESIAN_POINT('',(2.78E1,-1.05E0,1.151297200464E1));
#1518=LINE('',#1517,#1516);
#1519=CURVE_STYLE('',#20,POSITIVE_LENGTH_MEASURE(2.E-2),#8);
#1520=PRESENTATION_STYLE_ASSIGNMENT((#1519));
#1521=STYLED_ITEM('',(#1520),#1518);
#1522=CARTESIAN_POINT('',(2.85E1,1.75E0,1.142916462667E1));
#1523=DIRECTION('',(1.E0,0.E0,0.E0));
#1524=DIRECTION('',(0.E0,-9.995523621901E-1,2.991780807778E-2));
#1525=AXIS2_PLACEMENT_3D('',#1522,#1523,#1524);
#1527=CURVE_STYLE('',#20,POSITIVE_LENGTH_MEASURE(2.E-2),#8);
#1528=PRESENTATION_STYLE_ASSIGNMENT((#1527));
#1529=STYLED_ITEM('',(#1528),#1526);
#1530=DIRECTION('',(1.E0,0.E0,0.E0));
#1531=VECTOR('',#1530,7.E-1);
#1532=CARTESIAN_POINT('',(2.78E1,2.15E0,8.656616398665E0));
#1533=LINE('',#1532,#1531);
#1534=CURVE_STYLE('',#20,POSITIVE_LENGTH_MEASURE(2.E-2),#8);
#1535=PRESENTATION_STYLE_ASSIGNMENT((#1534));
#1536=STYLED_ITEM('',(#1535),#1533);
#1537=CARTESIAN_POINT('',(2.85E1,1.75E0,1.142916462667E1));
#1538=DIRECTION('',(1.E0,0.E0,0.E0));
#1539=DIRECTION('',(0.E0,1.427931945986E-1,-9.897525466380E-1));
#1540=AXIS2_PLACEMENT_3D('',#1537,#1538,#1539);
#1542=CURVE_STYLE('',#20,POSITIVE_LENGTH_MEASURE(2.E-2),#8);
#1543=PRESENTATION_STYLE_ASSIGNMENT((#1542));
#1544=STYLED_ITEM('',(#1543),#1541);
#1545=DIRECTION('',(1.E0,0.E0,0.E0));
#1546=VECTOR('',#1545,7.E-1);
#1547=CARTESIAN_POINT('',(2.78E1,4.55E0,1.151297200464E1));
#1548=LINE('',#1547,#1546);
#1549=CURVE_STYLE('',#20,POSITIVE_LENGTH_MEASURE(2.E-2),#8);
#1550=PRESENTATION_STYLE_ASSIGNMENT((#1549));
#1551=STYLED_ITEM('',(#1550),#1548);
#1552=DIRECTION('',(0.E0,0.E0,1.E0));
#1553=VECTOR('',#1552,2.974051910728E0);
#1554=CARTESIAN_POINT('',(2.85E1,4.55E0,1.151297200464E1));
#1555=LINE('',#1554,#1553);
#1556=CURVE_STYLE('',#20,POSITIVE_LENGTH_MEASURE(2.E-2),#8);
#1557=PRESENTATION_STYLE_ASSIGNMENT((#1556));
#1558=STYLED_ITEM('',(#1557),#1555);
#1559=DIRECTION('',(1.E0,0.E0,0.E0));
#1560=VECTOR('',#1559,7.E-1);
#1561=CARTESIAN_POINT('',(2.78E1,1.35E0,1.343381041336E0));
#1562=LINE('',#1561,#1560);
#1563=CURVE_STYLE('',#20,POSITIVE_LENGTH_MEASURE(2.E-2),#8);
#1564=PRESENTATION_STYLE_ASSIGNMENT((#1563));
#1565=STYLED_ITEM('',(#1564),#1562);
#1566=CARTESIAN_POINT('',(2.85E1,1.75E0,-1.429167186667E0));
#1567=DIRECTION('',(1.E0,0.E0,0.E0));
#1568=DIRECTION('',(0.E0,-1.427931945986E-1,9.897525466380E-1));
#1569=AXIS2_PLACEMENT_3D('',#1566,#1567,#1568);
#1571=CURVE_STYLE('',#20,POSITIVE_LENGTH_MEASURE(2.E-2),#8);
#1572=PRESENTATION_STYLE_ASSIGNMENT((#1571));
#1573=STYLED_ITEM('',(#1572),#1570);
#1574=DIRECTION('',(1.E0,0.E0,0.E0));
#1575=VECTOR('',#1574,7.E-1);
#1576=CARTESIAN_POINT('',(2.78E1,2.15E0,1.343381041336E0));
#1577=LINE('',#1576,#1575);
#1578=CURVE_STYLE('',#20,POSITIVE_LENGTH_MEASURE(2.E-2),#8);
#1579=PRESENTATION_STYLE_ASSIGNMENT((#1578));
#1580=STYLED_ITEM('',(#1579),#1577);
#1581=DIRECTION('',(1.E0,0.E0,0.E0));
#1582=VECTOR('',#1581,7.E-1);
#1583=CARTESIAN_POINT('',(2.78E1,4.55E0,-1.512974564636E0));
#1584=LINE('',#1583,#1582);
#1585=CURVE_STYLE('',#20,POSITIVE_LENGTH_MEASURE(2.E-2),#8);
#1586=PRESENTATION_STYLE_ASSIGNMENT((#1585));
#1587=STYLED_ITEM('',(#1586),#1584);
#1588=CARTESIAN_POINT('',(2.85E1,1.75E0,-1.429167186667E0));
#1589=DIRECTION('',(1.E0,0.E0,0.E0));
#1590=DIRECTION('',(0.E0,9.995523621901E-1,-2.991780807778E-2));
#1591=AXIS2_PLACEMENT_3D('',#1588,#1589,#1590);
#1593=CURVE_STYLE('',#20,POSITIVE_LENGTH_MEASURE(2.E-2),#8);
#1594=PRESENTATION_STYLE_ASSIGNMENT((#1593));
#1595=STYLED_ITEM('',(#1594),#1592);
#1596=DIRECTION('',(1.E0,0.E0,0.E0));
#1597=VECTOR('',#1596,7.E-1);
#1598=CARTESIAN_POINT('',(2.78E1,-1.05E0,-1.512974564636E0));
#1599=LINE('',#1598,#1597);
#1600=CURVE_STYLE('',#20,POSITIVE_LENGTH_MEASURE(2.E-2),#8);
#1601=PRESENTATION_STYLE_ASSIGNMENT((#1600));
#1602=STYLED_ITEM('',(#1601),#1599);
#1603=DIRECTION('',(0.E0,0.E0,-1.E0));
#1604=VECTOR('',#1603,3.E0);
#1605=CARTESIAN_POINT('',(2.85E1,-1.05E0,-1.512974564636E0));
#1606=LINE('',#1605,#1604);
#1607=CURVE_STYLE('',#20,POSITIVE_LENGTH_MEASURE(2.E-2),#8);
#1608=PRESENTATION_STYLE_ASSIGNMENT((#1607));
#1609=STYLED_ITEM('',(#1608),#1606);
#1610=DIRECTION('',(1.E0,0.E0,0.E0));
#1611=VECTOR('',#1610,7.E-1);
#1612=CARTESIAN_POINT('',(2.78E1,1.35E0,-7.201715414670E0));
#1613=LINE('',#1612,#1611);
#1614=CURVE_STYLE('',#20,POSITIVE_LENGTH_MEASURE(2.E-2),#8);
#1615=PRESENTATION_STYLE_ASSIGNMENT((#1614));
#1616=STYLED_ITEM('',(#1615),#1613);
#1617=DIRECTION('',(1.E0,0.E0,-1.141943682472E-14));
#1618=VECTOR('',#1617,7.E-1);
#1619=CARTESIAN_POINT('',(2.78E1,-1.05E0,-4.512974564636E0));
#1620=LINE('',#1619,#1618);
#1621=CURVE_STYLE('',#20,POSITIVE_LENGTH_MEASURE(2.E-2),#8);
#1622=PRESENTATION_STYLE_ASSIGNMENT((#1621));
#1623=STYLED_ITEM('',(#1622),#1620);
#1624=CARTESIAN_POINT('',(2.85E1,1.75E0,-4.429167186667E0));
#1625=DIRECTION('',(1.E0,0.E0,0.E0));
#1626=DIRECTION('',(0.E0,-9.995523621901E-1,-2.991780807778E-2));
#1627=AXIS2_PLACEMENT_3D('',#1624,#1625,#1626);
#1629=CURVE_STYLE('',#20,POSITIVE_LENGTH_MEASURE(2.E-2),#8);
#1630=PRESENTATION_STYLE_ASSIGNMENT((#1629));
#1631=STYLED_ITEM('',(#1630),#1628);
#1632=DIRECTION('',(1.E0,0.E0,0.E0));
#1633=VECTOR('',#1632,7.E-1);
#1634=CARTESIAN_POINT('',(2.78E1,2.15E0,-7.201715414670E0));
#1635=LINE('',#1634,#1633);
#1636=CURVE_STYLE('',#20,POSITIVE_LENGTH_MEASURE(2.E-2),#8);
#1637=PRESENTATION_STYLE_ASSIGNMENT((#1636));
#1638=STYLED_ITEM('',(#1637),#1635);
#1639=CARTESIAN_POINT('',(2.85E1,1.75E0,-4.429167186667E0));
#1640=DIRECTION('',(1.E0,0.E0,0.E0));
#1641=DIRECTION('',(0.E0,1.427931945986E-1,-9.897525466380E-1));
#1642=AXIS2_PLACEMENT_3D('',#1639,#1640,#1641);
#1644=CURVE_STYLE('',#20,POSITIVE_LENGTH_MEASURE(2.E-2),#8);
#1645=PRESENTATION_STYLE_ASSIGNMENT((#1644));
#1646=STYLED_ITEM('',(#1645),#1643);
#1647=DIRECTION('',(1.E0,0.E0,0.E0));
#1648=VECTOR('',#1647,7.E-1);
#1649=CARTESIAN_POINT('',(2.78E1,4.55E0,-4.512974564636E0));
#1650=LINE('',#1649,#1648);
#1651=CURVE_STYLE('',#20,POSITIVE_LENGTH_MEASURE(2.E-2),#8);
#1652=PRESENTATION_STYLE_ASSIGNMENT((#1651));
#1653=STYLED_ITEM('',(#1652),#1650);
#1654=DIRECTION('',(0.E0,0.E0,1.E0));
#1655=VECTOR('',#1654,3.E0);
#1656=CARTESIAN_POINT('',(2.85E1,4.55E0,-4.512974564636E0));
#1657=LINE('',#1656,#1655);
#1658=CURVE_STYLE('',#20,POSITIVE_LENGTH_MEASURE(2.E-2),#8);
#1659=PRESENTATION_STYLE_ASSIGNMENT((#1658));
#1660=STYLED_ITEM('',(#1659),#1657);
#1661=DIRECTION('',(1.E0,0.E0,0.E0));
#1662=VECTOR('',#1661,7.E-1);
#1663=CARTESIAN_POINT('',(2.78E1,1.35E0,-9.798283945329E0));
#1664=LINE('',#1663,#1662);
#1665=CURVE_STYLE('',#20,POSITIVE_LENGTH_MEASURE(2.E-2),#8);
#1666=PRESENTATION_STYLE_ASSIGNMENT((#1665));
#1667=STYLED_ITEM('',(#1666),#1664);
#1668=CARTESIAN_POINT('',(2.85E1,1.75E0,-1.257083217333E1));
#1669=DIRECTION('',(1.E0,0.E0,0.E0));
#1670=DIRECTION('',(0.E0,-1.427931945986E-1,9.897525466380E-1));
#1671=AXIS2_PLACEMENT_3D('',#1668,#1669,#1670);
#1673=CURVE_STYLE('',#20,POSITIVE_LENGTH_MEASURE(2.E-2),#8);
#1674=PRESENTATION_STYLE_ASSIGNMENT((#1673));
#1675=STYLED_ITEM('',(#1674),#1672);
#1676=DIRECTION('',(1.E0,0.E0,0.E0));
#1677=VECTOR('',#1676,7.E-1);
#1678=CARTESIAN_POINT('',(2.78E1,2.15E0,-9.798283945329E0));
#1679=LINE('',#1678,#1677);
#1680=CURVE_STYLE('',#20,POSITIVE_LENGTH_MEASURE(2.E-2),#8);
#1681=PRESENTATION_STYLE_ASSIGNMENT((#1680));
#1682=STYLED_ITEM('',(#1681),#1679);
#1683=DIRECTION('',(1.E0,0.E0,1.522591576629E-14));
#1684=VECTOR('',#1683,7.E-1);
#1685=CARTESIAN_POINT('',(2.78E1,4.55E0,-1.248702479536E1));
#1686=LINE('',#1685,#1684);
#1687=CURVE_STYLE('',#20,POSITIVE_LENGTH_MEASURE(2.E-2),#8);
#1688=PRESENTATION_STYLE_ASSIGNMENT((#1687));
#1689=STYLED_ITEM('',(#1688),#1686);
#1690=CARTESIAN_POINT('',(2.85E1,1.75E0,-1.257083217333E1));
#1691=DIRECTION('',(1.E0,0.E0,0.E0));
#1692=DIRECTION('',(0.E0,9.995523621901E-1,2.991780807778E-2));
#1693=AXIS2_PLACEMENT_3D('',#1690,#1691,#1692);
#1695=CURVE_STYLE('',#20,POSITIVE_LENGTH_MEASURE(2.E-2),#8);
#1696=PRESENTATION_STYLE_ASSIGNMENT((#1695));
#1697=STYLED_ITEM('',(#1696),#1694);
#1698=DIRECTION('',(1.E0,0.E0,0.E0));
#1699=VECTOR('',#1698,7.E-1);
#1700=CARTESIAN_POINT('',(2.78E1,-1.05E0,-1.248702479536E1));
#1701=LINE('',#1700,#1699);
#1702=CURVE_STYLE('',#20,POSITIVE_LENGTH_MEASURE(2.E-2),#8);
#1703=PRESENTATION_STYLE_ASSIGNMENT((#1702));
#1704=STYLED_ITEM('',(#1703),#1701);
#1705=DIRECTION('',(0.E0,0.E0,-1.E0));
#1706=VECTOR('',#1705,3.012974044636E0);
#1707=CARTESIAN_POINT('',(2.85E1,-1.05E0,-1.248702479536E1));
#1708=LINE('',#1707,#1706);
#1709=CURVE_STYLE('',#20,POSITIVE_LENGTH_MEASURE(2.E-2),#8);
#1710=PRESENTATION_STYLE_ASSIGNMENT((#1709));
#1711=STYLED_ITEM('',(#1710),#1708);
#1712=DIRECTION('',(1.E0,0.E0,0.E0));
#1713=VECTOR('',#1712,7.E-1);
#1714=CARTESIAN_POINT('',(2.78E1,4.55E0,-1.549999884E1));
#1715=LINE('',#1714,#1713);
#1716=CURVE_STYLE('',#20,POSITIVE_LENGTH_MEASURE(2.E-2),#8);
#1717=PRESENTATION_STYLE_ASSIGNMENT((#1716));
#1718=STYLED_ITEM('',(#1717),#1715);
#1719=DIRECTION('',(0.E0,0.E0,1.E0));
#1720=VECTOR('',#1719,3.012974044636E0);
#1721=CARTESIAN_POINT('',(2.85E1,4.55E0,-1.549999884E1));
#1722=LINE('',#1721,#1720);
#1723=CURVE_STYLE('',#20,POSITIVE_LENGTH_MEASURE(2.E-2),#8);
#1724=PRESENTATION_STYLE_ASSIGNMENT((#1723));
#1725=STYLED_ITEM('',(#1724),#1722);
#1726=DIRECTION('',(1.E0,0.E0,1.015061051086E-14));
#1727=VECTOR('',#1726,7.E-1);
#1728=CARTESIAN_POINT('',(2.78E1,4.55E0,2.551297194464E1));
#1729=LINE('',#1728,#1727);
#1730=CURVE_STYLE('',#20,POSITIVE_LENGTH_MEASURE(2.E-2),#8);
#1731=PRESENTATION_STYLE_ASSIGNMENT((#1730));
#1732=STYLED_ITEM('',(#1731),#1729);
#1733=DIRECTION('',(0.E0,0.E0,1.E0));
#1734=VECTOR('',#1733,2.987025955364E0);
#1735=CARTESIAN_POINT('',(2.85E1,4.55E0,2.551297194464E1));
#1736=LINE('',#1735,#1734);
#1737=CURVE_STYLE('',#20,POSITIVE_LENGTH_MEASURE(2.E-2),#8);
#1738=PRESENTATION_STYLE_ASSIGNMENT((#1737));
#1739=STYLED_ITEM('',(#1738),#1736);
#1740=DIRECTION('',(1.E0,0.E0,0.E0));
#1741=VECTOR('',#1740,7.E-1);
#1742=CARTESIAN_POINT('',(2.78E1,4.55E0,2.84999979E1));
#1743=LINE('',#1742,#1741);
#1744=CURVE_STYLE('',#20,POSITIVE_LENGTH_MEASURE(2.E-2),#8);
#1745=PRESENTATION_STYLE_ASSIGNMENT((#1744));
#1746=STYLED_ITEM('',(#1745),#1743);
#1747=CARTESIAN_POINT('',(2.85E1,1.75E0,2.84999979E1));
#1748=DIRECTION('',(1.E0,0.E0,0.E0));
#1749=DIRECTION('',(0.E0,1.E0,0.E0));
#1750=AXIS2_PLACEMENT_3D('',#1747,#1748,#1749);
#1752=CURVE_STYLE('',#20,POSITIVE_LENGTH_MEASURE(2.E-2),#8);
#1753=PRESENTATION_STYLE_ASSIGNMENT((#1752));
#1754=STYLED_ITEM('',(#1753),#1751);
#1755=DIRECTION('',(1.E0,0.E0,0.E0));
#1756=VECTOR('',#1755,7.E-1);
#1757=CARTESIAN_POINT('',(2.78E1,-1.05E0,2.84999979E1));
#1758=LINE('',#1757,#1756);
#1759=CURVE_STYLE('',#20,POSITIVE_LENGTH_MEASURE(2.E-2),#8);
#1760=PRESENTATION_STYLE_ASSIGNMENT((#1759));
#1761=STYLED_ITEM('',(#1760),#1758);
#1762=DIRECTION('',(0.E0,0.E0,-1.E0));
#1763=VECTOR('',#1762,2.987025955364E0);
#1764=CARTESIAN_POINT('',(2.85E1,-1.05E0,2.84999979E1));
#1765=LINE('',#1764,#1763);
#1766=CURVE_STYLE('',#20,POSITIVE_LENGTH_MEASURE(2.E-2),#8);
#1767=PRESENTATION_STYLE_ASSIGNMENT((#1766));
#1768=STYLED_ITEM('',(#1767),#1765);
#1769=CARTESIAN_POINT('',(3.03E1,1.75E0,-1.259351181768E1));
#1770=CARTESIAN_POINT('',(3.03E1,1.75E0,-1.539351181768E1));
#1771=VERTEX_POINT('',#1769);
#1772=VERTEX_POINT('',#1770);
#1773=VERTEX_POINT('',#687);
#1774=VERTEX_POINT('',#693);
#1775=CARTESIAN_POINT('',(3.03E1,1.75E0,-1.499351181768E1));
#1776=CARTESIAN_POINT('',(3.03E1,1.75E0,-1.299351181768E1));
#1777=VERTEX_POINT('',#1775);
#1778=VERTEX_POINT('',#1776);
#1779=VERTEX_POINT('',#709);
#1780=VERTEX_POINT('',#715);
#1781=CARTESIAN_POINT('',(3.03E1,1.75E0,-2.601297628464E1));
#1782=CARTESIAN_POINT('',(3.03E1,1.75E0,-2.401297628464E1));
#1783=VERTEX_POINT('',#1781);
#1784=VERTEX_POINT('',#1782);
#1785=VERTEX_POINT('',#731);
#1786=VERTEX_POINT('',#737);
#1787=CARTESIAN_POINT('',(3.03E1,1.75E0,-2.361297628464E1));
#1788=CARTESIAN_POINT('',(3.03E1,1.75E0,-2.641297628464E1));
#1789=VERTEX_POINT('',#1787);
#1790=VERTEX_POINT('',#1788);
#1791=VERTEX_POINT('',#753);
#1792=VERTEX_POINT('',#759);
#1793=CARTESIAN_POINT('',(3.03E1,3.75E0,-2.350000224E1));
#1794=CARTESIAN_POINT('',(3.03E1,-2.5E-1,-2.350000224E1));
#1795=VERTEX_POINT('',#1793);
#1796=VERTEX_POINT('',#1794);
#1797=CARTESIAN_POINT('',(3.03E1,-2.5E-1,-2.650000224E1));
#1798=VERTEX_POINT('',#1797);
#1799=CARTESIAN_POINT('',(3.03E1,3.75E0,-2.650000224E1));
#1800=VERTEX_POINT('',#1799);
#1801=CARTESIAN_POINT('',(3.03E1,3.75E0,-1.249999884E1));
#1802=CARTESIAN_POINT('',(3.03E1,-2.5E-1,-1.249999884E1));
#1803=VERTEX_POINT('',#1801);
#1804=VERTEX_POINT('',#1802);
#1805=CARTESIAN_POINT('',(3.03E1,-2.5E-1,-1.549999884E1));
#1806=VERTEX_POINT('',#1805);
#1807=CARTESIAN_POINT('',(3.03E1,3.75E0,-1.549999884E1));
#1808=VERTEX_POINT('',#1807);
#1809=CARTESIAN_POINT('',(3.03E1,3.75E0,-4.50000052E0));
#1810=CARTESIAN_POINT('',(3.03E1,3.75E0,-1.500000519999E0));
#1811=VERTEX_POINT('',#1809);
#1812=VERTEX_POINT('',#1810);
#1813=CARTESIAN_POINT('',(3.03E1,-2.5E-1,-1.50000052E0));
#1814=VERTEX_POINT('',#1813);
#1815=CARTESIAN_POINT('',(3.03E1,-2.5E-1,-4.50000052E0));
#1816=VERTEX_POINT('',#1815);
#1817=CARTESIAN_POINT('',(3.03E1,3.75E0,1.149999796E1));
#1818=CARTESIAN_POINT('',(3.03E1,3.75E0,1.449999796E1));
#1819=VERTEX_POINT('',#1817);
#1820=VERTEX_POINT('',#1818);
#1821=CARTESIAN_POINT('',(3.03E1,-2.5E-1,1.449999796E1));
#1822=VERTEX_POINT('',#1821);
#1823=CARTESIAN_POINT('',(3.03E1,-2.5E-1,1.149999796E1));
#1824=VERTEX_POINT('',#1823);
#1825=CARTESIAN_POINT('',(3.03E1,3.75E0,2.84999979E1));
#1826=CARTESIAN_POINT('',(3.03E1,-2.5E-1,2.84999979E1));
#1827=VERTEX_POINT('',#1825);
#1828=VERTEX_POINT('',#1826);
#1829=CARTESIAN_POINT('',(3.03E1,-2.5E-1,2.54999979E1));
#1830=VERTEX_POINT('',#1829);
#1831=CARTESIAN_POINT('',(3.03E1,3.75E0,2.54999979E1));
#1832=VERTEX_POINT('',#1831);
#1833=CARTESIAN_POINT('',(2.85E1,3.75E0,-2.350000224E1));
#1834=CARTESIAN_POINT('',(2.85E1,-2.5E-1,-2.350000224E1));
#1835=VERTEX_POINT('',#1833);
#1836=VERTEX_POINT('',#1834);
#1837=CARTESIAN_POINT('',(2.85E1,-2.5E-1,-2.650000224E1));
#1838=VERTEX_POINT('',#1837);
#1839=CARTESIAN_POINT('',(2.85E1,3.75E0,-2.650000224E1));
#1840=VERTEX_POINT('',#1839);
#1841=CARTESIAN_POINT('',(2.85E1,3.75E0,-1.249999884E1));
#1842=CARTESIAN_POINT('',(2.85E1,-2.5E-1,-1.249999884E1));
#1843=VERTEX_POINT('',#1841);
#1844=VERTEX_POINT('',#1842);
#1845=CARTESIAN_POINT('',(2.85E1,-2.5E-1,-1.549999884E1));
#1846=VERTEX_POINT('',#1845);
#1847=CARTESIAN_POINT('',(2.85E1,3.75E0,-1.549999884E1));
#1848=VERTEX_POINT('',#1847);
#1849=CARTESIAN_POINT('',(2.85E1,3.75E0,-4.50000052E0));
#1850=CARTESIAN_POINT('',(2.85E1,3.75E0,-1.50000052E0));
#1851=VERTEX_POINT('',#1849);
#1852=VERTEX_POINT('',#1850);
#1853=CARTESIAN_POINT('',(2.85E1,-2.5E-1,-1.50000052E0));
#1854=VERTEX_POINT('',#1853);
#1855=CARTESIAN_POINT('',(2.85E1,-2.5E-1,-4.50000052E0));
#1856=VERTEX_POINT('',#1855);
#1857=CARTESIAN_POINT('',(2.85E1,3.75E0,1.149999796E1));
#1858=CARTESIAN_POINT('',(2.85E1,3.75E0,1.449999796E1));
#1859=VERTEX_POINT('',#1857);
#1860=VERTEX_POINT('',#1858);
#1861=CARTESIAN_POINT('',(2.85E1,-2.5E-1,1.449999796E1));
#1862=VERTEX_POINT('',#1861);
#1863=CARTESIAN_POINT('',(2.85E1,-2.5E-1,1.149999796E1));
#1864=VERTEX_POINT('',#1863);
#1865=CARTESIAN_POINT('',(2.85E1,3.75E0,2.84999979E1));
#1866=CARTESIAN_POINT('',(2.85E1,-2.5E-1,2.84999979E1));
#1867=VERTEX_POINT('',#1865);
#1868=VERTEX_POINT('',#1866);
#1869=CARTESIAN_POINT('',(2.85E1,-2.5E-1,2.54999979E1));
#1870=VERTEX_POINT('',#1869);
#1871=CARTESIAN_POINT('',(2.85E1,3.75E0,2.54999979E1));
#1872=VERTEX_POINT('',#1871);
#1873=CARTESIAN_POINT('',(2.85E1,4.55E0,2.551297194464E1));
#1874=CARTESIAN_POINT('',(2.85E1,4.55E0,2.84999979E1));
#1875=VERTEX_POINT('',#1873);
#1876=VERTEX_POINT('',#1874);
#1877=CARTESIAN_POINT('',(2.85E1,-1.05E0,2.84999979E1));
#1878=CARTESIAN_POINT('',(2.85E1,-1.05E0,2.551297194464E1));
#1879=VERTEX_POINT('',#1877);
#1880=VERTEX_POINT('',#1878);
#1881=CARTESIAN_POINT('',(2.85E1,-1.05E0,1.448702391536E1));
#1882=CARTESIAN_POINT('',(2.85E1,-1.05E0,1.151297200464E1));
#1883=VERTEX_POINT('',#1881);
#1884=VERTEX_POINT('',#1882);
#1885=CARTESIAN_POINT('',(2.85E1,4.55E0,1.151297200464E1));
#1886=CARTESIAN_POINT('',(2.85E1,4.55E0,1.448702391536E1));
#1887=VERTEX_POINT('',#1885);
#1888=VERTEX_POINT('',#1886);
#1889=CARTESIAN_POINT('',(2.85E1,-1.05E0,-1.512974564636E0));
#1890=CARTESIAN_POINT('',(2.85E1,-1.05E0,-4.512974564636E0));
#1891=VERTEX_POINT('',#1889);
#1892=VERTEX_POINT('',#1890);
#1893=CARTESIAN_POINT('',(2.85E1,4.55E0,-4.512974564636E0));
#1894=CARTESIAN_POINT('',(2.85E1,4.55E0,-1.512974564636E0));
#1895=VERTEX_POINT('',#1893);
#1896=VERTEX_POINT('',#1894);
#1897=CARTESIAN_POINT('',(2.85E1,4.55E0,-1.549999884E1));
#1898=CARTESIAN_POINT('',(2.85E1,4.55E0,-1.248702479536E1));
#1899=VERTEX_POINT('',#1897);
#1900=VERTEX_POINT('',#1898);
#1901=CARTESIAN_POINT('',(2.85E1,-1.05E0,-1.248702479536E1));
#1902=CARTESIAN_POINT('',(2.85E1,-1.05E0,-1.549999884E1));
#1903=VERTEX_POINT('',#1901);
#1904=VERTEX_POINT('',#1902);
#1905=CARTESIAN_POINT('',(2.85E1,4.55E0,-2.651297628464E1));
#1906=CARTESIAN_POINT('',(2.85E1,4.55E0,-2.351297628464E1));
#1907=VERTEX_POINT('',#1905);
#1908=VERTEX_POINT('',#1906);
#1909=CARTESIAN_POINT('',(2.85E1,-1.05E0,-2.651297628464E1));
#1910=VERTEX_POINT('',#1909);
#1911=CARTESIAN_POINT('',(2.85E1,-1.05E0,-2.351297628464E1));
#1912=VERTEX_POINT('',#1911);
#1913=CARTESIAN_POINT('',(3.03E1,1.75E0,2.840648492232E1));
#1914=CARTESIAN_POINT('',(3.03E1,1.75E0,2.560648492232E1));
#1915=VERTEX_POINT('',#1913);
#1916=VERTEX_POINT('',#1914);
#1917=VERTEX_POINT('',#775);
#1918=VERTEX_POINT('',#781);
#1919=CARTESIAN_POINT('',(3.03E1,1.75E0,2.600648492232E1));
#1920=CARTESIAN_POINT('',(3.03E1,1.75E0,2.800648492232E1));
#1921=VERTEX_POINT('',#1919);
#1922=VERTEX_POINT('',#1920);
#1923=VERTEX_POINT('',#797);
#1924=VERTEX_POINT('',#803);
#1925=CARTESIAN_POINT('',(3.03E1,1.75E0,1.199999796E1));
#1926=CARTESIAN_POINT('',(3.03E1,1.75E0,1.399999796E1));
#1927=VERTEX_POINT('',#1925);
#1928=VERTEX_POINT('',#1926);
#1929=VERTEX_POINT('',#819);
#1930=VERTEX_POINT('',#825);
#1931=CARTESIAN_POINT('',(3.03E1,1.75E0,1.439999796E1));
#1932=CARTESIAN_POINT('',(3.03E1,1.75E0,1.159999796E1));
#1933=VERTEX_POINT('',#1931);
#1934=VERTEX_POINT('',#1932);
#1935=VERTEX_POINT('',#841);
#1936=VERTEX_POINT('',#847);
#1937=CARTESIAN_POINT('',(3.03E1,1.75E0,-1.612974564636E0));
#1938=CARTESIAN_POINT('',(3.03E1,1.75E0,-4.412974564636E0));
#1939=VERTEX_POINT('',#1937);
#1940=VERTEX_POINT('',#1938);
#1941=VERTEX_POINT('',#863);
#1942=VERTEX_POINT('',#869);
#1943=CARTESIAN_POINT('',(3.03E1,1.75E0,-4.012974564636E0));
#1944=CARTESIAN_POINT('',(3.03E1,1.75E0,-2.012974564636E0));
#1945=VERTEX_POINT('',#1943);
#1946=VERTEX_POINT('',#1944);
#1947=VERTEX_POINT('',#885);
#1948=VERTEX_POINT('',#891);
#1949=CARTESIAN_POINT('',(2.78E1,4.55E0,2.551297194464E1));
#1950=CARTESIAN_POINT('',(2.78E1,4.55E0,2.84999979E1));
#1951=VERTEX_POINT('',#1949);
#1952=VERTEX_POINT('',#1950);
#1953=CARTESIAN_POINT('',(2.78E1,-1.05E0,2.84999979E1));
#1954=CARTESIAN_POINT('',(2.78E1,-1.05E0,2.551297194464E1));
#1955=VERTEX_POINT('',#1953);
#1956=VERTEX_POINT('',#1954);
#1957=CARTESIAN_POINT('',(2.78E1,-1.05E0,1.448702391536E1));
#1958=CARTESIAN_POINT('',(2.78E1,-1.05E0,1.151297200464E1));
#1959=VERTEX_POINT('',#1957);
#1960=VERTEX_POINT('',#1958);
#1961=CARTESIAN_POINT('',(2.78E1,4.55E0,1.151297200464E1));
#1962=CARTESIAN_POINT('',(2.78E1,4.55E0,1.448702391536E1));
#1963=VERTEX_POINT('',#1961);
#1964=VERTEX_POINT('',#1962);
#1965=CARTESIAN_POINT('',(2.78E1,-1.05E0,-1.512974564636E0));
#1966=CARTESIAN_POINT('',(2.78E1,-1.05E0,-4.512974564636E0));
#1967=VERTEX_POINT('',#1965);
#1968=VERTEX_POINT('',#1966);
#1969=CARTESIAN_POINT('',(2.78E1,4.55E0,-4.512974564636E0));
#1970=CARTESIAN_POINT('',(2.78E1,4.55E0,-1.512974564636E0));
#1971=VERTEX_POINT('',#1969);
#1972=VERTEX_POINT('',#1970);
#1973=CARTESIAN_POINT('',(2.78E1,4.55E0,-1.549999884E1));
#1974=CARTESIAN_POINT('',(2.78E1,4.55E0,-1.248702479536E1));
#1975=VERTEX_POINT('',#1973);
#1976=VERTEX_POINT('',#1974);
#1977=CARTESIAN_POINT('',(2.78E1,-1.05E0,-1.248702479536E1));
#1978=CARTESIAN_POINT('',(2.78E1,-1.05E0,-1.549999884E1));
#1979=VERTEX_POINT('',#1977);
#1980=VERTEX_POINT('',#1978);
#1981=CARTESIAN_POINT('',(2.78E1,4.55E0,-2.651297628464E1));
#1982=CARTESIAN_POINT('',(2.78E1,4.55E0,-2.351297628464E1));
#1983=VERTEX_POINT('',#1981);
#1984=VERTEX_POINT('',#1982);
#1985=CARTESIAN_POINT('',(2.78E1,-1.05E0,-2.651297628464E1));
#1986=VERTEX_POINT('',#1985);
#1987=CARTESIAN_POINT('',(2.78E1,-1.05E0,-2.351297628464E1));
#1988=VERTEX_POINT('',#1987);
#1989=CARTESIAN_POINT('',(2.78E1,1.35E0,2.265661633866E1));
#1990=CARTESIAN_POINT('',(2.85E1,1.35E0,2.265661633866E1));
#1991=VERTEX_POINT('',#1989);
#1992=VERTEX_POINT('',#1990);
#1993=CARTESIAN_POINT('',(2.78E1,2.15E0,2.265661633866E1));
#1994=CARTESIAN_POINT('',(2.85E1,2.15E0,2.265661633866E1));
#1995=VERTEX_POINT('',#1993);
#1996=VERTEX_POINT('',#1994);
#1997=CARTESIAN_POINT('',(2.78E1,1.35E0,8.656616398665E0));
#1998=CARTESIAN_POINT('',(2.85E1,1.35E0,8.656616398665E0));
#1999=VERTEX_POINT('',#1997);
#2000=VERTEX_POINT('',#1998);
#2001=CARTESIAN_POINT('',(2.78E1,2.15E0,8.656616398665E0));
#2002=CARTESIAN_POINT('',(2.85E1,2.15E0,8.656616398665E0));
#2003=VERTEX_POINT('',#2001);
#2004=VERTEX_POINT('',#2002);
#2005=CARTESIAN_POINT('',(2.78E1,1.35E0,1.734337952134E1));
#2006=CARTESIAN_POINT('',(2.85E1,1.35E0,1.734337952134E1));
#2007=VERTEX_POINT('',#2005);
#2008=VERTEX_POINT('',#2006);
#2009=CARTESIAN_POINT('',(2.78E1,2.15E0,1.734337952134E1));
#2010=CARTESIAN_POINT('',(2.85E1,2.15E0,1.734337952134E1));
#2011=VERTEX_POINT('',#2009);
#2012=VERTEX_POINT('',#2010);
#2013=CARTESIAN_POINT('',(2.78E1,1.35E0,-7.201715414670E0));
#2014=CARTESIAN_POINT('',(2.85E1,1.35E0,-7.201715414670E0));
#2015=VERTEX_POINT('',#2013);
#2016=VERTEX_POINT('',#2014);
#2017=CARTESIAN_POINT('',(2.78E1,2.15E0,-7.201715414670E0));
#2018=CARTESIAN_POINT('',(2.85E1,2.15E0,-7.201715414670E0));
#2019=VERTEX_POINT('',#2017);
#2020=VERTEX_POINT('',#2018);
#2021=CARTESIAN_POINT('',(2.78E1,1.35E0,1.343381041336E0));
#2022=CARTESIAN_POINT('',(2.85E1,1.35E0,1.343381041336E0));
#2023=VERTEX_POINT('',#2021);
#2024=VERTEX_POINT('',#2022);
#2025=CARTESIAN_POINT('',(2.78E1,2.15E0,1.343381041336E0));
#2026=CARTESIAN_POINT('',(2.85E1,2.15E0,1.343381041336E0));
#2027=VERTEX_POINT('',#2025);
#2028=VERTEX_POINT('',#2026);
#2029=CARTESIAN_POINT('',(2.78E1,1.35E0,-1.827128013211E1));
#2030=CARTESIAN_POINT('',(2.85E1,1.35E0,-1.827128013211E1));
#2031=VERTEX_POINT('',#2029);
#2032=VERTEX_POINT('',#2030);
#2033=CARTESIAN_POINT('',(2.78E1,2.15E0,-1.827128013211E1));
#2034=CARTESIAN_POINT('',(2.85E1,2.15E0,-1.827128013211E1));
#2035=VERTEX_POINT('',#2033);
#2036=VERTEX_POINT('',#2034);
#2037=CARTESIAN_POINT('',(2.78E1,1.35E0,-9.798283945329E0));
#2038=CARTESIAN_POINT('',(2.85E1,1.35E0,-9.798283945329E0));
#2039=VERTEX_POINT('',#2037);
#2040=VERTEX_POINT('',#2038);
#2041=CARTESIAN_POINT('',(2.78E1,2.15E0,-9.798283945329E0));
#2042=CARTESIAN_POINT('',(2.85E1,2.15E0,-9.798283945329E0));
#2043=VERTEX_POINT('',#2041);
#2044=VERTEX_POINT('',#2042);
#2045=CARTESIAN_POINT('',(2.78E1,1.35E0,-2.065662067866E1));
#2046=CARTESIAN_POINT('',(2.85E1,1.35E0,-2.065662067866E1));
#2047=VERTEX_POINT('',#2045);
#2048=VERTEX_POINT('',#2046);
#2049=CARTESIAN_POINT('',(2.78E1,2.15E0,-2.065662067866E1));
#2050=CARTESIAN_POINT('',(2.85E1,2.15E0,-2.065662067866E1));
#2051=VERTEX_POINT('',#2049);
#2052=VERTEX_POINT('',#2050);
#2053=CARTESIAN_POINT('',(2.85E1,0.E0,4.5E1));
#2054=DIRECTION('',(1.E0,0.E0,0.E0));
#2055=DIRECTION('',(0.E0,0.E0,-1.E0));
#2056=AXIS2_PLACEMENT_3D('',#2053,#2054,#2055);
#2057=PLANE('',#2056);
#2059=ORIENTED_EDGE('',*,*,#2058,.F.);
#2061=ORIENTED_EDGE('',*,*,#2060,.F.);
#2063=ORIENTED_EDGE('',*,*,#2062,.F.);
#2065=ORIENTED_EDGE('',*,*,#2064,.F.);
#2067=ORIENTED_EDGE('',*,*,#2066,.F.);
#2069=ORIENTED_EDGE('',*,*,#2068,.F.);
#2071=ORIENTED_EDGE('',*,*,#2070,.F.);
#2073=ORIENTED_EDGE('',*,*,#2072,.F.);
#2075=ORIENTED_EDGE('',*,*,#2074,.F.);
#2077=ORIENTED_EDGE('',*,*,#2076,.F.);
#2079=ORIENTED_EDGE('',*,*,#2078,.F.);
#2081=ORIENTED_EDGE('',*,*,#2080,.F.);
#2083=ORIENTED_EDGE('',*,*,#2082,.F.);
#2085=ORIENTED_EDGE('',*,*,#2084,.F.);
#2087=ORIENTED_EDGE('',*,*,#2086,.F.);
#2089=ORIENTED_EDGE('',*,*,#2088,.F.);
#2091=ORIENTED_EDGE('',*,*,#2090,.F.);
#2093=ORIENTED_EDGE('',*,*,#2092,.F.);
#2095=ORIENTED_EDGE('',*,*,#2094,.F.);
#2097=ORIENTED_EDGE('',*,*,#2096,.F.);
#2099=ORIENTED_EDGE('',*,*,#2098,.F.);
#2101=ORIENTED_EDGE('',*,*,#2100,.F.);
#2103=ORIENTED_EDGE('',*,*,#2102,.F.);
#2105=ORIENTED_EDGE('',*,*,#2104,.F.);
#2107=ORIENTED_EDGE('',*,*,#2106,.F.);
#2109=ORIENTED_EDGE('',*,*,#2108,.F.);
#2111=ORIENTED_EDGE('',*,*,#2110,.F.);
#2113=ORIENTED_EDGE('',*,*,#2112,.F.);
#2115=ORIENTED_EDGE('',*,*,#2114,.F.);
#2117=ORIENTED_EDGE('',*,*,#2116,.F.);
#2119=ORIENTED_EDGE('',*,*,#2118,.F.);
#2121=ORIENTED_EDGE('',*,*,#2120,.F.);
#2123=ORIENTED_EDGE('',*,*,#2122,.F.);
#2125=ORIENTED_EDGE('',*,*,#2124,.F.);
#2127=ORIENTED_EDGE('',*,*,#2126,.F.);
#2129=ORIENTED_EDGE('',*,*,#2128,.F.);
#2130=EDGE_LOOP('',(#2059,#2061,#2063,#2065,#2067,#2069,#2071,#2073,#2075,#2077,
#2079,#2081,#2083,#2085,#2087,#2089,#2091,#2093,#2095,#2097,#2099,#2101,#2103,
#2105,#2107,#2109,#2111,#2113,#2115,#2117,#2119,#2121,#2123,#2125,#2127,#2129));
#2131=FACE_OUTER_BOUND('',#2130,.F.);
#2133=ORIENTED_EDGE('',*,*,#2132,.T.);
#2135=ORIENTED_EDGE('',*,*,#2134,.T.);
#2137=ORIENTED_EDGE('',*,*,#2136,.T.);
#2139=ORIENTED_EDGE('',*,*,#2138,.T.);
#2140=EDGE_LOOP('',(#2133,#2135,#2137,#2139));
#2141=FACE_BOUND('',#2140,.F.);
#2143=ORIENTED_EDGE('',*,*,#2142,.T.);
#2145=ORIENTED_EDGE('',*,*,#2144,.T.);
#2147=ORIENTED_EDGE('',*,*,#2146,.T.);
#2149=ORIENTED_EDGE('',*,*,#2148,.T.);
#2150=EDGE_LOOP('',(#2143,#2145,#2147,#2149));
#2151=FACE_BOUND('',#2150,.F.);
#2153=ORIENTED_EDGE('',*,*,#2152,.T.);
#2155=ORIENTED_EDGE('',*,*,#2154,.T.);
#2157=ORIENTED_EDGE('',*,*,#2156,.T.);
#2159=ORIENTED_EDGE('',*,*,#2158,.T.);
#2160=EDGE_LOOP('',(#2153,#2155,#2157,#2159));
#2161=FACE_BOUND('',#2160,.F.);
#2163=ORIENTED_EDGE('',*,*,#2162,.T.);
#2165=ORIENTED_EDGE('',*,*,#2164,.T.);
#2167=ORIENTED_EDGE('',*,*,#2166,.T.);
#2169=ORIENTED_EDGE('',*,*,#2168,.T.);
#2170=EDGE_LOOP('',(#2163,#2165,#2167,#2169));
#2171=FACE_BOUND('',#2170,.F.);
#2173=ORIENTED_EDGE('',*,*,#2172,.T.);
#2175=ORIENTED_EDGE('',*,*,#2174,.T.);
#2177=ORIENTED_EDGE('',*,*,#2176,.T.);
#2179=ORIENTED_EDGE('',*,*,#2178,.T.);
#2180=EDGE_LOOP('',(#2173,#2175,#2177,#2179));
#2181=FACE_BOUND('',#2180,.F.);
#2183=CARTESIAN_POINT('',(0.E0,1.75E0,-2.342916890667E1));
#2184=DIRECTION('',(1.E0,0.E0,0.E0));
#2185=DIRECTION('',(0.E0,0.E0,-1.E0));
#2186=AXIS2_PLACEMENT_3D('',#2183,#2184,#2185);
#2187=CYLINDRICAL_SURFACE('',#2186,2.001253947182E0);
#2188=ORIENTED_EDGE('',*,*,#2172,.F.);
#2190=ORIENTED_EDGE('',*,*,#2189,.T.);
#2192=ORIENTED_EDGE('',*,*,#2191,.T.);
#2194=ORIENTED_EDGE('',*,*,#2193,.F.);
#2195=EDGE_LOOP('',(#2188,#2190,#2192,#2194));
#2196=FACE_OUTER_BOUND('',#2195,.F.);
#2198=CARTESIAN_POINT('',(0.E0,3.75E0,-2.650000224E1));
#2199=DIRECTION('',(0.E0,1.E0,0.E0));
#2200=DIRECTION('',(0.E0,0.E0,1.E0));
#2201=AXIS2_PLACEMENT_3D('',#2198,#2199,#2200);
#2202=PLANE('',#2201);
#2203=ORIENTED_EDGE('',*,*,#2178,.F.);
#2205=ORIENTED_EDGE('',*,*,#2204,.T.);
#2207=ORIENTED_EDGE('',*,*,#2206,.T.);
#2208=ORIENTED_EDGE('',*,*,#2189,.F.);
#2209=EDGE_LOOP('',(#2203,#2205,#2207,#2208));
#2210=FACE_OUTER_BOUND('',#2209,.F.);
#2212=CARTESIAN_POINT('',(0.E0,1.75E0,-2.642916890667E1));
#2213=DIRECTION('',(1.E0,0.E0,0.E0));
#2214=DIRECTION('',(0.E0,0.E0,-1.E0));
#2215=AXIS2_PLACEMENT_3D('',#2212,#2213,#2214);
#2216=CYLINDRICAL_SURFACE('',#2215,2.001253947182E0);
#2217=ORIENTED_EDGE('',*,*,#2176,.F.);
#2219=ORIENTED_EDGE('',*,*,#2218,.T.);
#2221=ORIENTED_EDGE('',*,*,#2220,.T.);
#2222=ORIENTED_EDGE('',*,*,#2204,.F.);
#2223=EDGE_LOOP('',(#2217,#2219,#2221,#2222));
#2224=FACE_OUTER_BOUND('',#2223,.F.);
#2226=CARTESIAN_POINT('',(0.E0,-2.5E-1,-2.350000224E1));
#2227=DIRECTION('',(0.E0,-1.E0,0.E0));
#2228=DIRECTION('',(0.E0,0.E0,-1.E0));
#2229=AXIS2_PLACEMENT_3D('',#2226,#2227,#2228);
#2230=PLANE('',#2229);
#2231=ORIENTED_EDGE('',*,*,#2174,.F.);
#2232=ORIENTED_EDGE('',*,*,#2193,.T.);
#2234=ORIENTED_EDGE('',*,*,#2233,.T.);
#2235=ORIENTED_EDGE('',*,*,#2218,.F.);
#2236=EDGE_LOOP('',(#2231,#2232,#2234,#2235));
#2237=FACE_OUTER_BOUND('',#2236,.F.);
#2239=CARTESIAN_POINT('',(3.03E1,0.E0,4.5E1));
#2240=DIRECTION('',(1.E0,0.E0,0.E0));
#2241=DIRECTION('',(0.E0,0.E0,-1.E0));
#2242=AXIS2_PLACEMENT_3D('',#2239,#2240,#2241);
#2243=PLANE('',#2242);
#2244=ORIENTED_EDGE('',*,*,#2191,.F.);
#2245=ORIENTED_EDGE('',*,*,#2206,.F.);
#2246=ORIENTED_EDGE('',*,*,#2220,.F.);
#2247=ORIENTED_EDGE('',*,*,#2233,.F.);
#2248=EDGE_LOOP('',(#2244,#2245,#2246,#2247));
#2249=FACE_OUTER_BOUND('',#2248,.F.);
#2251=ORIENTED_EDGE('',*,*,#2250,.T.);
#2253=ORIENTED_EDGE('',*,*,#2252,.T.);
#2254=EDGE_LOOP('',(#2251,#2253));
#2255=FACE_BOUND('',#2254,.F.);
#2257=CARTESIAN_POINT('',(3.03E1,0.E0,4.5E1));
#2258=DIRECTION('',(1.E0,0.E0,0.E0));
#2259=DIRECTION('',(0.E0,0.E0,-1.E0));
#2260=AXIS2_PLACEMENT_3D('',#2257,#2258,#2259);
#2261=PLANE('',#2260);
#2263=ORIENTED_EDGE('',*,*,#2262,.F.);
#2265=ORIENTED_EDGE('',*,*,#2264,.F.);
#2267=ORIENTED_EDGE('',*,*,#2266,.F.);
#2269=ORIENTED_EDGE('',*,*,#2268,.F.);
#2270=EDGE_LOOP('',(#2263,#2265,#2267,#2269));
#2271=FACE_OUTER_BOUND('',#2270,.F.);
#2273=ORIENTED_EDGE('',*,*,#2272,.T.);
#2275=ORIENTED_EDGE('',*,*,#2274,.T.);
#2276=EDGE_LOOP('',(#2273,#2275));
#2277=FACE_BOUND('',#2276,.F.);
#2279=CARTESIAN_POINT('',(3.03E1,0.E0,4.5E1));
#2280=DIRECTION('',(1.E0,0.E0,0.E0));
#2281=DIRECTION('',(0.E0,0.E0,-1.E0));
#2282=AXIS2_PLACEMENT_3D('',#2279,#2280,#2281);
#2283=PLANE('',#2282);
#2285=ORIENTED_EDGE('',*,*,#2284,.F.);
#2287=ORIENTED_EDGE('',*,*,#2286,.F.);
#2289=ORIENTED_EDGE('',*,*,#2288,.F.);
#2291=ORIENTED_EDGE('',*,*,#2290,.F.);
#2292=EDGE_LOOP('',(#2285,#2287,#2289,#2291));
#2293=FACE_OUTER_BOUND('',#2292,.F.);
#2295=ORIENTED_EDGE('',*,*,#2294,.T.);
#2297=ORIENTED_EDGE('',*,*,#2296,.T.);
#2298=EDGE_LOOP('',(#2295,#2297));
#2299=FACE_BOUND('',#2298,.F.);
#2301=CARTESIAN_POINT('',(3.03E1,0.E0,4.5E1));
#2302=DIRECTION('',(1.E0,0.E0,0.E0));
#2303=DIRECTION('',(0.E0,0.E0,-1.E0));
#2304=AXIS2_PLACEMENT_3D('',#2301,#2302,#2303);
#2305=PLANE('',#2304);
#2307=ORIENTED_EDGE('',*,*,#2306,.F.);
#2309=ORIENTED_EDGE('',*,*,#2308,.F.);
#2311=ORIENTED_EDGE('',*,*,#2310,.F.);
#2313=ORIENTED_EDGE('',*,*,#2312,.F.);
#2314=EDGE_LOOP('',(#2307,#2309,#2311,#2313));
#2315=FACE_OUTER_BOUND('',#2314,.F.);
#2317=ORIENTED_EDGE('',*,*,#2316,.T.);
#2319=ORIENTED_EDGE('',*,*,#2318,.T.);
#2320=EDGE_LOOP('',(#2317,#2319));
#2321=FACE_BOUND('',#2320,.F.);
#2323=CARTESIAN_POINT('',(3.03E1,0.E0,4.5E1));
#2324=DIRECTION('',(1.E0,0.E0,0.E0));
#2325=DIRECTION('',(0.E0,0.E0,-1.E0));
#2326=AXIS2_PLACEMENT_3D('',#2323,#2324,#2325);
#2327=PLANE('',#2326);
#2329=ORIENTED_EDGE('',*,*,#2328,.F.);
#2331=ORIENTED_EDGE('',*,*,#2330,.F.);
#2333=ORIENTED_EDGE('',*,*,#2332,.F.);
#2335=ORIENTED_EDGE('',*,*,#2334,.F.);
#2336=EDGE_LOOP('',(#2329,#2331,#2333,#2335));
#2337=FACE_OUTER_BOUND('',#2336,.F.);
#2339=ORIENTED_EDGE('',*,*,#2338,.T.);
#2341=ORIENTED_EDGE('',*,*,#2340,.T.);
#2342=EDGE_LOOP('',(#2339,#2341));
#2343=FACE_BOUND('',#2342,.F.);
#2345=CARTESIAN_POINT('',(3.03E1,0.E0,4.5E1));
#2346=DIRECTION('',(1.E0,0.E0,0.E0));
#2347=DIRECTION('',(0.E0,0.E0,-1.E0));
#2348=AXIS2_PLACEMENT_3D('',#2345,#2346,#2347);
#2349=PLANE('',#2348);
#2351=ORIENTED_EDGE('',*,*,#2350,.F.);
#2353=ORIENTED_EDGE('',*,*,#2352,.F.);
#2354=EDGE_LOOP('',(#2351,#2353));
#2355=FACE_OUTER_BOUND('',#2354,.F.);
#2357=CARTESIAN_POINT('',(3.03E1,0.E0,4.5E1));
#2358=DIRECTION('',(1.E0,0.E0,0.E0));
#2359=DIRECTION('',(0.E0,0.E0,-1.E0));
#2360=AXIS2_PLACEMENT_3D('',#2357,#2358,#2359);
#2361=PLANE('',#2360);
#2363=ORIENTED_EDGE('',*,*,#2362,.F.);
#2365=ORIENTED_EDGE('',*,*,#2364,.F.);
#2366=EDGE_LOOP('',(#2363,#2365));
#2367=FACE_OUTER_BOUND('',#2366,.F.);
#2369=CARTESIAN_POINT('',(3.03E1,0.E0,4.5E1));
#2370=DIRECTION('',(1.E0,0.E0,0.E0));
#2371=DIRECTION('',(0.E0,0.E0,-1.E0));
#2372=AXIS2_PLACEMENT_3D('',#2369,#2370,#2371);
#2373=PLANE('',#2372);
#2375=ORIENTED_EDGE('',*,*,#2374,.F.);
#2377=ORIENTED_EDGE('',*,*,#2376,.F.);
#2378=EDGE_LOOP('',(#2375,#2377));
#2379=FACE_OUTER_BOUND('',#2378,.F.);
#2381=CARTESIAN_POINT('',(3.03E1,0.E0,4.5E1));
#2382=DIRECTION('',(1.E0,0.E0,0.E0));
#2383=DIRECTION('',(0.E0,0.E0,-1.E0));
#2384=AXIS2_PLACEMENT_3D('',#2381,#2382,#2383);
#2385=PLANE('',#2384);
#2387=ORIENTED_EDGE('',*,*,#2386,.F.);
#2389=ORIENTED_EDGE('',*,*,#2388,.F.);
#2390=EDGE_LOOP('',(#2387,#2389));
#2391=FACE_OUTER_BOUND('',#2390,.F.);
#2393=CARTESIAN_POINT('',(3.03E1,0.E0,4.5E1));
#2394=DIRECTION('',(1.E0,0.E0,0.E0));
#2395=DIRECTION('',(0.E0,0.E0,-1.E0));
#2396=AXIS2_PLACEMENT_3D('',#2393,#2394,#2395);
#2397=PLANE('',#2396);
#2399=ORIENTED_EDGE('',*,*,#2398,.F.);
#2401=ORIENTED_EDGE('',*,*,#2400,.F.);
#2402=EDGE_LOOP('',(#2399,#2401));
#2403=FACE_OUTER_BOUND('',#2402,.F.);
#2405=CARTESIAN_POINT('',(0.E0,1.75E0,-1.257083217333E1));
#2406=DIRECTION('',(1.E0,0.E0,0.E0));
#2407=DIRECTION('',(0.E0,0.E0,-1.E0));
#2408=AXIS2_PLACEMENT_3D('',#2405,#2406,#2407);
#2409=CYLINDRICAL_SURFACE('',#2408,2.001253947182E0);
#2410=ORIENTED_EDGE('',*,*,#2132,.F.);
#2412=ORIENTED_EDGE('',*,*,#2411,.T.);
#2413=ORIENTED_EDGE('',*,*,#2262,.T.);
#2415=ORIENTED_EDGE('',*,*,#2414,.F.);
#2416=EDGE_LOOP('',(#2410,#2412,#2413,#2415));
#2417=FACE_OUTER_BOUND('',#2416,.F.);
#2419=CARTESIAN_POINT('',(0.E0,3.75E0,-1.549999884E1));
#2420=DIRECTION('',(0.E0,1.E0,0.E0));
#2421=DIRECTION('',(0.E0,0.E0,1.E0));
#2422=AXIS2_PLACEMENT_3D('',#2419,#2420,#2421);
#2423=PLANE('',#2422);
#2424=ORIENTED_EDGE('',*,*,#2138,.F.);
#2426=ORIENTED_EDGE('',*,*,#2425,.T.);
#2427=ORIENTED_EDGE('',*,*,#2264,.T.);
#2428=ORIENTED_EDGE('',*,*,#2411,.F.);
#2429=EDGE_LOOP('',(#2424,#2426,#2427,#2428));
#2430=FACE_OUTER_BOUND('',#2429,.F.);
#2432=CARTESIAN_POINT('',(0.E0,1.75E0,-1.549999884E1));
#2433=DIRECTION('',(1.E0,0.E0,0.E0));
#2434=DIRECTION('',(0.E0,0.E0,-1.E0));
#2435=AXIS2_PLACEMENT_3D('',#2432,#2433,#2434);
#2436=CYLINDRICAL_SURFACE('',#2435,2.E0);
#2437=ORIENTED_EDGE('',*,*,#2136,.F.);
#2439=ORIENTED_EDGE('',*,*,#2438,.T.);
#2440=ORIENTED_EDGE('',*,*,#2266,.T.);
#2441=ORIENTED_EDGE('',*,*,#2425,.F.);
#2442=EDGE_LOOP('',(#2437,#2439,#2440,#2441));
#2443=FACE_OUTER_BOUND('',#2442,.F.);
#2445=CARTESIAN_POINT('',(0.E0,-2.5E-1,-1.249999884E1));
#2446=DIRECTION('',(0.E0,-1.E0,0.E0));
#2447=DIRECTION('',(0.E0,0.E0,-1.E0));
#2448=AXIS2_PLACEMENT_3D('',#2445,#2446,#2447);
#2449=PLANE('',#2448);
#2450=ORIENTED_EDGE('',*,*,#2134,.F.);
#2451=ORIENTED_EDGE('',*,*,#2414,.T.);
#2452=ORIENTED_EDGE('',*,*,#2268,.T.);
#2453=ORIENTED_EDGE('',*,*,#2438,.F.);
#2454=EDGE_LOOP('',(#2450,#2451,#2452,#2453));
#2455=FACE_OUTER_BOUND('',#2454,.F.);
#2457=CARTESIAN_POINT('',(0.E0,3.75E0,-4.50000052E0));
#2458=DIRECTION('',(0.E0,1.E0,0.E0));
#2459=DIRECTION('',(0.E0,0.E0,1.E0));
#2460=AXIS2_PLACEMENT_3D('',#2457,#2458,#2459);
#2461=PLANE('',#2460);
#2462=ORIENTED_EDGE('',*,*,#2142,.F.);
#2464=ORIENTED_EDGE('',*,*,#2463,.T.);
#2465=ORIENTED_EDGE('',*,*,#2284,.T.);
#2467=ORIENTED_EDGE('',*,*,#2466,.F.);
#2468=EDGE_LOOP('',(#2462,#2464,#2465,#2467));
#2469=FACE_OUTER_BOUND('',#2468,.F.);
#2471=CARTESIAN_POINT('',(0.E0,1.75E0,-4.429167186667E0));
#2472=DIRECTION('',(1.E0,0.E0,0.E0));
#2473=DIRECTION('',(0.E0,0.E0,-1.E0));
#2474=AXIS2_PLACEMENT_3D('',#2471,#2472,#2473);
#2475=CYLINDRICAL_SURFACE('',#2474,2.001253947182E0);
#2476=ORIENTED_EDGE('',*,*,#2148,.F.);
#2478=ORIENTED_EDGE('',*,*,#2477,.T.);
#2479=ORIENTED_EDGE('',*,*,#2286,.T.);
#2480=ORIENTED_EDGE('',*,*,#2463,.F.);
#2481=EDGE_LOOP('',(#2476,#2478,#2479,#2480));
#2482=FACE_OUTER_BOUND('',#2481,.F.);
#2484=CARTESIAN_POINT('',(0.E0,-2.5E-1,-1.500000519999E0));
#2485=DIRECTION('',(0.E0,-1.E0,0.E0));
#2486=DIRECTION('',(0.E0,0.E0,-1.E0));
#2487=AXIS2_PLACEMENT_3D('',#2484,#2485,#2486);
#2488=PLANE('',#2487);
#2489=ORIENTED_EDGE('',*,*,#2146,.F.);
#2491=ORIENTED_EDGE('',*,*,#2490,.T.);
#2492=ORIENTED_EDGE('',*,*,#2288,.T.);
#2493=ORIENTED_EDGE('',*,*,#2477,.F.);
#2494=EDGE_LOOP('',(#2489,#2491,#2492,#2493));
#2495=FACE_OUTER_BOUND('',#2494,.F.);
#2497=CARTESIAN_POINT('',(0.E0,1.75E0,-1.429167186667E0));
#2498=DIRECTION('',(1.E0,0.E0,0.E0));
#2499=DIRECTION('',(0.E0,0.E0,-1.E0));
#2500=AXIS2_PLACEMENT_3D('',#2497,#2498,#2499);
#2501=CYLINDRICAL_SURFACE('',#2500,2.001253947182E0);
#2502=ORIENTED_EDGE('',*,*,#2144,.F.);
#2503=ORIENTED_EDGE('',*,*,#2466,.T.);
#2504=ORIENTED_EDGE('',*,*,#2290,.T.);
#2505=ORIENTED_EDGE('',*,*,#2490,.F.);
#2506=EDGE_LOOP('',(#2502,#2503,#2504,#2505));
#2507=FACE_OUTER_BOUND('',#2506,.F.);
#2509=CARTESIAN_POINT('',(0.E0,3.75E0,1.149999796E1));
#2510=DIRECTION('',(0.E0,1.E0,0.E0));
#2511=DIRECTION('',(0.E0,0.E0,1.E0));
#2512=AXIS2_PLACEMENT_3D('',#2509,#2510,#2511);
#2513=PLANE('',#2512);
#2514=ORIENTED_EDGE('',*,*,#2152,.F.);
#2516=ORIENTED_EDGE('',*,*,#2515,.T.);
#2517=ORIENTED_EDGE('',*,*,#2306,.T.);
#2519=ORIENTED_EDGE('',*,*,#2518,.F.);
#2520=EDGE_LOOP('',(#2514,#2516,#2517,#2519));
#2521=FACE_OUTER_BOUND('',#2520,.F.);
#2523=CARTESIAN_POINT('',(0.E0,1.75E0,1.142916462667E1));
#2524=DIRECTION('',(1.E0,0.E0,0.E0));
#2525=DIRECTION('',(0.E0,0.E0,-1.E0));
#2526=AXIS2_PLACEMENT_3D('',#2523,#2524,#2525);
#2527=CYLINDRICAL_SURFACE('',#2526,2.001253947182E0);
#2528=ORIENTED_EDGE('',*,*,#2158,.F.);
#2530=ORIENTED_EDGE('',*,*,#2529,.T.);
#2531=ORIENTED_EDGE('',*,*,#2308,.T.);
#2532=ORIENTED_EDGE('',*,*,#2515,.F.);
#2533=EDGE_LOOP('',(#2528,#2530,#2531,#2532));
#2534=FACE_OUTER_BOUND('',#2533,.F.);
#2536=CARTESIAN_POINT('',(0.E0,-2.5E-1,1.449999796E1));
#2537=DIRECTION('',(0.E0,-1.E0,0.E0));
#2538=DIRECTION('',(0.E0,0.E0,-1.E0));
#2539=AXIS2_PLACEMENT_3D('',#2536,#2537,#2538);
#2540=PLANE('',#2539);
#2541=ORIENTED_EDGE('',*,*,#2156,.F.);
#2543=ORIENTED_EDGE('',*,*,#2542,.T.);
#2544=ORIENTED_EDGE('',*,*,#2310,.T.);
#2545=ORIENTED_EDGE('',*,*,#2529,.F.);
#2546=EDGE_LOOP('',(#2541,#2543,#2544,#2545));
#2547=FACE_OUTER_BOUND('',#2546,.F.);
#2549=CARTESIAN_POINT('',(0.E0,1.75E0,1.457083129333E1));
#2550=DIRECTION('',(1.E0,0.E0,0.E0));
#2551=DIRECTION('',(0.E0,0.E0,-1.E0));
#2552=AXIS2_PLACEMENT_3D('',#2549,#2550,#2551);
#2553=CYLINDRICAL_SURFACE('',#2552,2.001253947182E0);
#2554=ORIENTED_EDGE('',*,*,#2154,.F.);
#2555=ORIENTED_EDGE('',*,*,#2518,.T.);
#2556=ORIENTED_EDGE('',*,*,#2312,.T.);
#2557=ORIENTED_EDGE('',*,*,#2542,.F.);
#2558=EDGE_LOOP('',(#2554,#2555,#2556,#2557));
#2559=FACE_OUTER_BOUND('',#2558,.F.);
#2561=CARTESIAN_POINT('',(0.E0,1.75E0,2.84999979E1));
#2562=DIRECTION('',(1.E0,0.E0,0.E0));
#2563=DIRECTION('',(0.E0,0.E0,-1.E0));
#2564=AXIS2_PLACEMENT_3D('',#2561,#2562,#2563);
#2565=CYLINDRICAL_SURFACE('',#2564,2.E0);
#2566=ORIENTED_EDGE('',*,*,#2162,.F.);
#2568=ORIENTED_EDGE('',*,*,#2567,.T.);
#2569=ORIENTED_EDGE('',*,*,#2328,.T.);
#2571=ORIENTED_EDGE('',*,*,#2570,.F.);
#2572=EDGE_LOOP('',(#2566,#2568,#2569,#2571));
#2573=FACE_OUTER_BOUND('',#2572,.F.);
#2575=CARTESIAN_POINT('',(0.E0,3.75E0,2.54999979E1));
#2576=DIRECTION('',(0.E0,1.E0,0.E0));
#2577=DIRECTION('',(0.E0,0.E0,1.E0));
#2578=AXIS2_PLACEMENT_3D('',#2575,#2576,#2577);
#2579=PLANE('',#2578);
#2580=ORIENTED_EDGE('',*,*,#2168,.F.);
#2582=ORIENTED_EDGE('',*,*,#2581,.T.);
#2583=ORIENTED_EDGE('',*,*,#2330,.T.);
#2584=ORIENTED_EDGE('',*,*,#2567,.F.);
#2585=EDGE_LOOP('',(#2580,#2582,#2583,#2584));
#2586=FACE_OUTER_BOUND('',#2585,.F.);
#2588=CARTESIAN_POINT('',(0.E0,1.75E0,2.542916456667E1));
#2589=DIRECTION('',(1.E0,0.E0,0.E0));
#2590=DIRECTION('',(0.E0,0.E0,-1.E0));
#2591=AXIS2_PLACEMENT_3D('',#2588,#2589,#2590);
#2592=CYLINDRICAL_SURFACE('',#2591,2.001253947182E0);
#2593=ORIENTED_EDGE('',*,*,#2166,.F.);
#2595=ORIENTED_EDGE('',*,*,#2594,.T.);
#2596=ORIENTED_EDGE('',*,*,#2332,.T.);
#2597=ORIENTED_EDGE('',*,*,#2581,.F.);
#2598=EDGE_LOOP('',(#2593,#2595,#2596,#2597));
#2599=FACE_OUTER_BOUND('',#2598,.F.);
#2601=CARTESIAN_POINT('',(0.E0,-2.5E-1,2.84999979E1));
#2602=DIRECTION('',(0.E0,-1.E0,0.E0));
#2603=DIRECTION('',(0.E0,0.E0,-1.E0));
#2604=AXIS2_PLACEMENT_3D('',#2601,#2602,#2603);
#2605=PLANE('',#2604);
#2606=ORIENTED_EDGE('',*,*,#2164,.F.);
#2607=ORIENTED_EDGE('',*,*,#2570,.T.);
#2608=ORIENTED_EDGE('',*,*,#2334,.T.);
#2609=ORIENTED_EDGE('',*,*,#2594,.F.);
#2610=EDGE_LOOP('',(#2606,#2607,#2608,#2609));
#2611=FACE_OUTER_BOUND('',#2610,.F.);
#2613=CARTESIAN_POINT('',(3.017999519981E1,1.809966525461E0,-1.259477127373E1));
#2614=CARTESIAN_POINT('',(3.037666506660E1,1.809974558399E0,-1.259481326724E1));
#2615=CARTESIAN_POINT('',(3.057333493340E1,1.809982591337E0,-1.259485526076E1));
#2616=CARTESIAN_POINT('',(3.077000480019E1,1.809990624276E0,-1.259489725428E1));
#2617=CARTESIAN_POINT('',(3.017999519981E1,1.789991698325E0,-1.259393263583E1));
#2618=CARTESIAN_POINT('',(3.037666506660E1,1.789994139270E0,-1.259394521053E1));
#2619=CARTESIAN_POINT('',(3.057333493340E1,1.789996580216E0,-1.259395778522E1));
#2620=CARTESIAN_POINT('',(3.077000480019E1,1.789999021161E0,-1.259397035991E1));
#2621=CARTESIAN_POINT('',(3.017999519981E1,1.586747504832E0,-1.258962111679E1));
#2622=CARTESIAN_POINT('',(3.037666506660E1,1.586726464645E0,-1.258952014293E1));
#2623=CARTESIAN_POINT('',(3.057333493340E1,1.586705424457E0,-1.258941916908E1));
#2624=CARTESIAN_POINT('',(3.077000480019E1,1.586684384270E0,-1.258931819522E1));
#2625=CARTESIAN_POINT('',(3.017999519981E1,1.200084553339E0,-1.266541899338E1));
#2626=CARTESIAN_POINT('',(3.037666506660E1,1.200447022874E0,-1.266702110649E1));
#2627=CARTESIAN_POINT('',(3.057333493340E1,1.200809492410E0,-1.266862321960E1));
#2628=CARTESIAN_POINT('',(3.077000480019E1,1.201171961946E0,-1.267022533271E1));
#2629=CARTESIAN_POINT('',(3.017999519981E1,7.345829247671E-1,
-1.297813805908E1));
#2630=CARTESIAN_POINT('',(3.037666506660E1,7.340787441257E-1,
-1.297757214508E1));
#2631=CARTESIAN_POINT('',(3.057333493340E1,7.335745634842E-1,
-1.297700623107E1));
#2632=CARTESIAN_POINT('',(3.077000480019E1,7.330703828428E-1,
-1.297644031707E1));
#2633=CARTESIAN_POINT('',(3.017999519981E1,4.218867856256E-1,
-1.344340271442E1));
#2634=CARTESIAN_POINT('',(3.037666506660E1,4.235410386559E-1,
-1.344406425733E1));
#2635=CARTESIAN_POINT('',(3.057333493340E1,4.251952916862E-1,
-1.344472580023E1));
#2636=CARTESIAN_POINT('',(3.077000480019E1,4.268495447164E-1,
-1.344538734313E1));
#2637=CARTESIAN_POINT('',(3.017999519981E1,3.140566071959E-1,
-1.399351181758E1));
#2638=CARTESIAN_POINT('',(3.037666506660E1,3.132294806771E-1,
-1.399351181762E1));
#2639=CARTESIAN_POINT('',(3.057333493340E1,3.124023541583E-1,
-1.399351181766E1));
#2640=CARTESIAN_POINT('',(3.077000480019E1,3.115752276396E-1,
-1.399351181771E1));
#2641=CARTESIAN_POINT('',(3.017999519981E1,4.218867855907E-1,
-1.454362092136E1));
#2642=CARTESIAN_POINT('',(3.037666506660E1,4.235410386356E-1,
-1.454295937828E1));
#2643=CARTESIAN_POINT('',(3.057333493340E1,4.251952916805E-1,
-1.454229783520E1));
#2644=CARTESIAN_POINT('',(3.077000480019E1,4.268495447253E-1,
-1.454163629212E1));
#2645=CARTESIAN_POINT('',(3.017999519981E1,7.345829249067E-1,
-1.500888557482E1));
#2646=CARTESIAN_POINT('',(3.037666506660E1,7.340787442068E-1,
-1.500945148944E1));
#2647=CARTESIAN_POINT('',(3.057333493340E1,7.335745635070E-1,
-1.501001740405E1));
#2648=CARTESIAN_POINT('',(3.077000480019E1,7.330703828071E-1,
-1.501058331867E1));
#2649=CARTESIAN_POINT('',(3.017999519981E1,1.200084552816E0,-1.532160464742E1));
#2650=CARTESIAN_POINT('',(3.037666506660E1,1.200447022570E0,-1.532000253203E1));
#2651=CARTESIAN_POINT('',(3.057333493340E1,1.200809492325E0,-1.531840041665E1));
#2652=CARTESIAN_POINT('',(3.077000480019E1,1.201171962079E0,-1.531679830127E1));
#2653=CARTESIAN_POINT('',(3.017999519981E1,1.586756063327E0,-1.539740418343E1));
#2654=CARTESIAN_POINT('',(3.037666506660E1,1.586735014142E0,-1.539750520026E1));
#2655=CARTESIAN_POINT('',(3.057333493340E1,1.586713964958E0,-1.539760621710E1));
#2656=CARTESIAN_POINT('',(3.077000480019E1,1.586692915773E0,-1.539770723393E1));
#2657=CARTESIAN_POINT('',(3.017999519981E1,1.790008805085E0,-1.539309063935E1));
#2658=CARTESIAN_POINT('',(3.037666506660E1,1.790011248120E0,-1.539307805392E1));
#2659=CARTESIAN_POINT('',(3.057333493340E1,1.790013691155E0,-1.539306546850E1));
#2660=CARTESIAN_POINT('',(3.077000480019E1,1.790016134190E0,-1.539305288308E1));
#2661=CARTESIAN_POINT('',(3.017999519981E1,1.809992159571E0,-1.539225128516E1));
#2662=CARTESIAN_POINT('',(3.037666506660E1,1.810000199688E0,-1.539220925388E1));
#2663=CARTESIAN_POINT('',(3.057333493340E1,1.810008239804E0,-1.539216722261E1));
#2664=CARTESIAN_POINT('',(3.077000480019E1,1.810016279921E0,-1.539212519133E1));
#2665=B_SPLINE_SURFACE_WITH_KNOTS('',3,3,((#2613,#2614,#2615,#2616),(#2617,
#2618,#2619,#2620),(#2621,#2622,#2623,#2624),(#2625,#2626,#2627,#2628),(#2629,
#2630,#2631,#2632),(#2633,#2634,#2635,#2636),(#2637,#2638,#2639,#2640),(#2641,
#2642,#2643,#2644),(#2645,#2646,#2647,#2648),(#2649,#2650,#2651,#2652),(#2653,
#2654,#2655,#2656),(#2657,#2658,#2659,#2660),(#2661,#2662,#2663,#2664)),
.UNSPECIFIED.,.F.,.F.,.F.,(4,1,1,1,1,1,1,1,1,1,4),(4,4),(-1.363952935574E-2,
0.E0,1.25E-1,2.5E-1,3.75E-1,5.E-1,6.25E-1,7.5E-1,8.75E-1,1.E0,1.013645363989E0),
(-3.428708576915E-1,1.342870857691E0),.UNSPECIFIED.);
#2666=ORIENTED_EDGE('',*,*,#2272,.F.);
#2668=ORIENTED_EDGE('',*,*,#2667,.T.);
#2670=ORIENTED_EDGE('',*,*,#2669,.T.);
#2672=ORIENTED_EDGE('',*,*,#2671,.F.);
#2673=EDGE_LOOP('',(#2666,#2668,#2670,#2672));
#2674=FACE_OUTER_BOUND('',#2673,.F.);
#2676=CARTESIAN_POINT('',(3.017999519981E1,1.690033475936E0,-1.539225236169E1));
#2677=CARTESIAN_POINT('',(3.037666506660E1,1.690025442998E0,-1.539221036818E1));
#2678=CARTESIAN_POINT('',(3.057333493340E1,1.690017410060E0,-1.539216837467E1));
#2679=CARTESIAN_POINT('',(3.077000480019E1,1.690009377122E0,-1.539212638115E1));
#2680=CARTESIAN_POINT('',(3.017999519981E1,1.710008302607E0,-1.539309099955E1));
#2681=CARTESIAN_POINT('',(3.037666506660E1,1.710005861662E0,-1.539307842486E1));
#2682=CARTESIAN_POINT('',(3.057333493340E1,1.710003420716E0,-1.539306585016E1));
#2683=CARTESIAN_POINT('',(3.077000480019E1,1.710000979771E0,-1.539305327547E1));
#2684=CARTESIAN_POINT('',(3.017999519981E1,1.913252495634E0,-1.539740251848E1));
#2685=CARTESIAN_POINT('',(3.037666506660E1,1.913273535821E0,-1.539750349234E1));
#2686=CARTESIAN_POINT('',(3.057333493340E1,1.913294576008E0,-1.539760446619E1));
#2687=CARTESIAN_POINT('',(3.077000480019E1,1.913315616195E0,-1.539770544005E1));
#2688=CARTESIAN_POINT('',(3.017999519981E1,2.299915446661E0,-1.532160464199E1));
#2689=CARTESIAN_POINT('',(3.037666506660E1,2.299552977126E0,-1.532000252887E1));
#2690=CARTESIAN_POINT('',(3.057333493340E1,2.299190507590E0,-1.531840041576E1));
#2691=CARTESIAN_POINT('',(3.077000480019E1,2.298828038054E0,-1.531679830265E1));
#2692=CARTESIAN_POINT('',(3.017999519981E1,2.765417075233E0,-1.500888557628E1));
#2693=CARTESIAN_POINT('',(3.037666506660E1,2.765921255874E0,-1.500945149029E1));
#2694=CARTESIAN_POINT('',(3.057333493340E1,2.766425436516E0,-1.501001740429E1));
#2695=CARTESIAN_POINT('',(3.077000480019E1,2.766929617157E0,-1.501058331829E1));
#2696=CARTESIAN_POINT('',(3.017999519981E1,3.078113214374E0,-1.454362092094E1));
#2697=CARTESIAN_POINT('',(3.037666506660E1,3.076458961344E0,-1.454295937804E1));
#2698=CARTESIAN_POINT('',(3.057333493340E1,3.074804708314E0,-1.454229783513E1));
#2699=CARTESIAN_POINT('',(3.077000480019E1,3.073150455284E0,-1.454163629223E1));
#2700=CARTESIAN_POINT('',(3.017999519981E1,3.185943392804E0,-1.399351181779E1));
#2701=CARTESIAN_POINT('',(3.037666506660E1,3.186770519323E0,-1.399351181774E1));
#2702=CARTESIAN_POINT('',(3.057333493340E1,3.187597645842E0,-1.399351181770E1));
#2703=CARTESIAN_POINT('',(3.077000480019E1,3.188424772360E0,-1.399351181765E1));
#2704=CARTESIAN_POINT('',(3.017999519981E1,3.078113214409E0,-1.344340271400E1));
#2705=CARTESIAN_POINT('',(3.037666506660E1,3.076458961364E0,-1.344406425708E1));
#2706=CARTESIAN_POINT('',(3.057333493340E1,3.074804708320E0,-1.344472580016E1));
#2707=CARTESIAN_POINT('',(3.077000480019E1,3.073150455275E0,-1.344538734324E1));
#2708=CARTESIAN_POINT('',(3.017999519981E1,2.765417075093E0,-1.297813806054E1));
#2709=CARTESIAN_POINT('',(3.037666506660E1,2.765921255793E0,-1.297757214593E1));
#2710=CARTESIAN_POINT('',(3.057333493340E1,2.766425436493E0,-1.297700623131E1));
#2711=CARTESIAN_POINT('',(3.077000480019E1,2.766929617193E0,-1.297644031670E1));
#2712=CARTESIAN_POINT('',(3.017999519981E1,2.299915447184E0,-1.266541898795E1));
#2713=CARTESIAN_POINT('',(3.037666506660E1,2.299552977430E0,-1.266702110333E1));
#2714=CARTESIAN_POINT('',(3.057333493340E1,2.299190507675E0,-1.266862321871E1));
#2715=CARTESIAN_POINT('',(3.077000480019E1,2.298828037921E0,-1.267022533410E1));
#2716=CARTESIAN_POINT('',(3.017999519981E1,1.913243936679E0,-1.258961945194E1));
#2717=CARTESIAN_POINT('',(3.037666506660E1,1.913264985864E0,-1.258951843510E1));
#2718=CARTESIAN_POINT('',(3.057333493340E1,1.913286035048E0,-1.258941741827E1));
#2719=CARTESIAN_POINT('',(3.077000480019E1,1.913307084233E0,-1.258931640143E1));
#2720=CARTESIAN_POINT('',(3.017999519981E1,1.709991194927E0,-1.259393299602E1));
#2721=CARTESIAN_POINT('',(3.037666506660E1,1.709988751892E0,-1.259394558144E1));
#2722=CARTESIAN_POINT('',(3.057333493340E1,1.709986308857E0,-1.259395816686E1));
#2723=CARTESIAN_POINT('',(3.077000480019E1,1.709983865822E0,-1.259397075228E1));
#2724=CARTESIAN_POINT('',(3.017999519981E1,1.690007840447E0,-1.259477235020E1));
#2725=CARTESIAN_POINT('',(3.037666506660E1,1.689999800331E0,-1.259481438148E1));
#2726=CARTESIAN_POINT('',(3.057333493340E1,1.689991760215E0,-1.259485641276E1));
#2727=CARTESIAN_POINT('',(3.077000480019E1,1.689983720098E0,-1.259489844403E1));
#2728=B_SPLINE_SURFACE_WITH_KNOTS('',3,3,((#2676,#2677,#2678,#2679),(#2680,
#2681,#2682,#2683),(#2684,#2685,#2686,#2687),(#2688,#2689,#2690,#2691),(#2692,
#2693,#2694,#2695),(#2696,#2697,#2698,#2699),(#2700,#2701,#2702,#2703),(#2704,
#2705,#2706,#2707),(#2708,#2709,#2710,#2711),(#2712,#2713,#2714,#2715),(#2716,
#2717,#2718,#2719),(#2720,#2721,#2722,#2723),(#2724,#2725,#2726,#2727)),
.UNSPECIFIED.,.F.,.F.,.F.,(4,1,1,1,1,1,1,1,1,1,4),(4,4),(-1.363952903781E-2,
0.E0,1.25E-1,2.5E-1,3.75E-1,5.E-1,6.25E-1,7.5E-1,8.75E-1,1.E0,1.013645363984E0),
(-3.428708576915E-1,1.342870857691E0),.UNSPECIFIED.);
#2729=ORIENTED_EDGE('',*,*,#2274,.F.);
#2730=ORIENTED_EDGE('',*,*,#2671,.T.);
#2732=ORIENTED_EDGE('',*,*,#2731,.T.);
#2733=ORIENTED_EDGE('',*,*,#2667,.F.);
#2734=EDGE_LOOP('',(#2729,#2730,#2732,#2733));
#2735=FACE_OUTER_BOUND('',#2734,.F.);
#2737=CARTESIAN_POINT('',(3.065E1,0.E0,4.5E1));
#2738=DIRECTION('',(1.E0,0.E0,0.E0));
#2739=DIRECTION('',(0.E0,0.E0,-1.E0));
#2740=AXIS2_PLACEMENT_3D('',#2737,#2738,#2739);
#2741=PLANE('',#2740);
#2742=ORIENTED_EDGE('',*,*,#2669,.F.);
#2743=ORIENTED_EDGE('',*,*,#2731,.F.);
#2744=EDGE_LOOP('',(#2742,#2743));
#2745=FACE_OUTER_BOUND('',#2744,.F.);
#2747=ORIENTED_EDGE('',*,*,#2746,.T.);
#2749=ORIENTED_EDGE('',*,*,#2748,.T.);
#2750=EDGE_LOOP('',(#2747,#2749));
#2751=FACE_BOUND('',#2750,.F.);
#2753=FILL_AREA_STYLE_COLOUR('',#5);
#2754=FILL_AREA_STYLE('',(#2753));
#2755=SURFACE_STYLE_FILL_AREA(#2754);
#2756=SURFACE_SIDE_STYLE('',(#2755));
#2757=SURFACE_STYLE_USAGE(.POSITIVE.,#2756);
#2758=FILL_AREA_STYLE_COLOUR('',#8);
#2759=FILL_AREA_STYLE('',(#2758));
#2760=SURFACE_STYLE_FILL_AREA(#2759);
#2761=SURFACE_SIDE_STYLE('',(#2760));
#2762=SURFACE_STYLE_USAGE(.NEGATIVE.,#2761);
#2763=PRESENTATION_STYLE_ASSIGNMENT((#2757,#2762));
#2764=OVER_RIDING_STYLED_ITEM('',(#2763),#2752,#15);
#2765=CARTESIAN_POINT('',(3.065E1,0.E0,4.5E1));
#2766=DIRECTION('',(1.E0,0.E0,0.E0));
#2767=DIRECTION('',(0.E0,0.E0,-1.E0));
#2768=AXIS2_PLACEMENT_3D('',#2765,#2766,#2767);
#2769=PLANE('',#2768);
#2771=ORIENTED_EDGE('',*,*,#2770,.F.);
#2773=ORIENTED_EDGE('',*,*,#2772,.F.);
#2774=EDGE_LOOP('',(#2771,#2773));
#2775=FACE_OUTER_BOUND('',#2774,.F.);
#2777=ORIENTED_EDGE('',*,*,#2776,.T.);
#2779=ORIENTED_EDGE('',*,*,#2778,.T.);
#2780=EDGE_LOOP('',(#2777,#2779));
#2781=FACE_BOUND('',#2780,.F.);
#2783=FILL_AREA_STYLE_COLOUR('',#5);
#2784=FILL_AREA_STYLE('',(#2783));
#2785=SURFACE_STYLE_FILL_AREA(#2784);
#2786=SURFACE_SIDE_STYLE('',(#2785));
#2787=SURFACE_STYLE_USAGE(.POSITIVE.,#2786);
#2788=FILL_AREA_STYLE_COLOUR('',#8);
#2789=FILL_AREA_STYLE('',(#2788));
#2790=SURFACE_STYLE_FILL_AREA(#2789);
#2791=SURFACE_SIDE_STYLE('',(#2790));
#2792=SURFACE_STYLE_USAGE(.NEGATIVE.,#2791);
#2793=PRESENTATION_STYLE_ASSIGNMENT((#2787,#2792));
#2794=OVER_RIDING_STYLED_ITEM('',(#2793),#2782,#15);
#2795=CARTESIAN_POINT('',(3.065E1,0.E0,4.5E1));
#2796=DIRECTION('',(1.E0,0.E0,0.E0));
#2797=DIRECTION('',(0.E0,0.E0,-1.E0));
#2798=AXIS2_PLACEMENT_3D('',#2795,#2796,#2797);
#2799=PLANE('',#2798);
#2801=ORIENTED_EDGE('',*,*,#2800,.F.);
#2803=ORIENTED_EDGE('',*,*,#2802,.F.);
#2804=EDGE_LOOP('',(#2801,#2803));
#2805=FACE_OUTER_BOUND('',#2804,.F.);
#2807=ORIENTED_EDGE('',*,*,#2806,.T.);
#2809=ORIENTED_EDGE('',*,*,#2808,.T.);
#2810=EDGE_LOOP('',(#2807,#2809));
#2811=FACE_BOUND('',#2810,.F.);
#2813=FILL_AREA_STYLE_COLOUR('',#5);
#2814=FILL_AREA_STYLE('',(#2813));
#2815=SURFACE_STYLE_FILL_AREA(#2814);
#2816=SURFACE_SIDE_STYLE('',(#2815));
#2817=SURFACE_STYLE_USAGE(.POSITIVE.,#2816);
#2818=FILL_AREA_STYLE_COLOUR('',#8);
#2819=FILL_AREA_STYLE('',(#2818));
#2820=SURFACE_STYLE_FILL_AREA(#2819);
#2821=SURFACE_SIDE_STYLE('',(#2820));
#2822=SURFACE_STYLE_USAGE(.NEGATIVE.,#2821);
#2823=PRESENTATION_STYLE_ASSIGNMENT((#2817,#2822));
#2824=OVER_RIDING_STYLED_ITEM('',(#2823),#2812,#15);
#2825=CARTESIAN_POINT('',(3.065E1,0.E0,4.5E1));
#2826=DIRECTION('',(1.E0,0.E0,0.E0));
#2827=DIRECTION('',(0.E0,0.E0,-1.E0));
#2828=AXIS2_PLACEMENT_3D('',#2825,#2826,#2827);
#2829=PLANE('',#2828);
#2831=ORIENTED_EDGE('',*,*,#2830,.F.);
#2833=ORIENTED_EDGE('',*,*,#2832,.F.);
#2834=EDGE_LOOP('',(#2831,#2833));
#2835=FACE_OUTER_BOUND('',#2834,.F.);
#2837=ORIENTED_EDGE('',*,*,#2836,.T.);
#2839=ORIENTED_EDGE('',*,*,#2838,.T.);
#2840=EDGE_LOOP('',(#2837,#2839));
#2841=FACE_BOUND('',#2840,.F.);
#2843=FILL_AREA_STYLE_COLOUR('',#5);
#2844=FILL_AREA_STYLE('',(#2843));
#2845=SURFACE_STYLE_FILL_AREA(#2844);
#2846=SURFACE_SIDE_STYLE('',(#2845));
#2847=SURFACE_STYLE_USAGE(.POSITIVE.,#2846);
#2848=FILL_AREA_STYLE_COLOUR('',#8);
#2849=FILL_AREA_STYLE('',(#2848));
#2850=SURFACE_STYLE_FILL_AREA(#2849);
#2851=SURFACE_SIDE_STYLE('',(#2850));
#2852=SURFACE_STYLE_USAGE(.NEGATIVE.,#2851);
#2853=PRESENTATION_STYLE_ASSIGNMENT((#2847,#2852));
#2854=OVER_RIDING_STYLED_ITEM('',(#2853),#2842,#15);
#2855=CARTESIAN_POINT('',(3.065E1,0.E0,4.5E1));
#2856=DIRECTION('',(1.E0,0.E0,0.E0));
#2857=DIRECTION('',(0.E0,0.E0,-1.E0));
#2858=AXIS2_PLACEMENT_3D('',#2855,#2856,#2857);
#2859=PLANE('',#2858);
#2861=ORIENTED_EDGE('',*,*,#2860,.F.);
#2863=ORIENTED_EDGE('',*,*,#2862,.F.);
#2864=EDGE_LOOP('',(#2861,#2863));
#2865=FACE_OUTER_BOUND('',#2864,.F.);
#2867=ORIENTED_EDGE('',*,*,#2866,.T.);
#2869=ORIENTED_EDGE('',*,*,#2868,.T.);
#2870=EDGE_LOOP('',(#2867,#2869));
#2871=FACE_BOUND('',#2870,.F.);
#2873=FILL_AREA_STYLE_COLOUR('',#5);
#2874=FILL_AREA_STYLE('',(#2873));
#2875=SURFACE_STYLE_FILL_AREA(#2874);
#2876=SURFACE_SIDE_STYLE('',(#2875));
#2877=SURFACE_STYLE_USAGE(.POSITIVE.,#2876);
#2878=FILL_AREA_STYLE_COLOUR('',#8);
#2879=FILL_AREA_STYLE('',(#2878));
#2880=SURFACE_STYLE_FILL_AREA(#2879);
#2881=SURFACE_SIDE_STYLE('',(#2880));
#2882=SURFACE_STYLE_USAGE(.NEGATIVE.,#2881);
#2883=PRESENTATION_STYLE_ASSIGNMENT((#2877,#2882));
#2884=OVER_RIDING_STYLED_ITEM('',(#2883),#2872,#15);
#2885=CARTESIAN_POINT('',(3.017999519981E1,1.690058875749E0,-1.499175064519E1));
#2886=CARTESIAN_POINT('',(3.037666506660E1,1.690047234999E0,-1.499168945085E1));
#2887=CARTESIAN_POINT('',(3.057333493340E1,1.690035594249E0,-1.499162825650E1));
#2888=CARTESIAN_POINT('',(3.077000480019E1,1.690023953498E0,-1.499156706216E1));
#2889=CARTESIAN_POINT('',(3.017999519981E1,1.710012628506E0,-1.499292266390E1));
#2890=CARTESIAN_POINT('',(3.037666506660E1,1.710009210279E0,-1.499290511206E1));
#2891=CARTESIAN_POINT('',(3.057333493340E1,1.710005792052E0,-1.499288756022E1));
#2892=CARTESIAN_POINT('',(3.077000480019E1,1.710002373825E0,-1.499287000839E1));
#2893=CARTESIAN_POINT('',(3.017999519981E1,1.860894485202E0,-1.499740269457E1));
#2894=CARTESIAN_POINT('',(3.037666506660E1,1.860915522191E0,-1.499750343364E1));
#2895=CARTESIAN_POINT('',(3.057333493340E1,1.860936559180E0,-1.499760417271E1));
#2896=CARTESIAN_POINT('',(3.077000480019E1,1.860957596169E0,-1.499770491178E1));
#2897=CARTESIAN_POINT('',(3.017999519981E1,2.142797088170E0,-1.494215298841E1));
#2898=CARTESIAN_POINT('',(3.037666506660E1,2.142538038857E0,-1.494100718284E1));
#2899=CARTESIAN_POINT('',(3.057333493340E1,2.142278989543E0,-1.493986137728E1));
#2900=CARTESIAN_POINT('',(3.077000480019E1,2.142019940229E0,-1.493871557172E1));
#2901=CARTESIAN_POINT('',(3.017999519981E1,2.475297819192E0,-1.471877787103E1));
#2902=CARTESIAN_POINT('',(3.037666506660E1,2.475657986588E0,-1.471918247906E1));
#2903=CARTESIAN_POINT('',(3.057333493340E1,2.476018153984E0,-1.471958708710E1));
#2904=CARTESIAN_POINT('',(3.077000480019E1,2.476378321380E0,-1.471999169513E1));
#2905=CARTESIAN_POINT('',(3.017999519981E1,2.698652322180E0,-1.438644712069E1));
#2906=CARTESIAN_POINT('',(3.037666506660E1,2.697470701910E0,-1.438597449412E1));
#2907=CARTESIAN_POINT('',(3.057333493340E1,2.696289081640E0,-1.438550186754E1));
#2908=CARTESIAN_POINT('',(3.077000480019E1,2.695107461371E0,-1.438502924097E1));
#2909=CARTESIAN_POINT('',(3.017999519981E1,2.775673838898E0,-1.399351181782E1));
#2910=CARTESIAN_POINT('',(3.037666506660E1,2.776264649038E0,-1.399351181776E1));
#2911=CARTESIAN_POINT('',(3.057333493340E1,2.776855459178E0,-1.399351181770E1));
#2912=CARTESIAN_POINT('',(3.077000480019E1,2.777446269318E0,-1.399351181765E1));
#2913=CARTESIAN_POINT('',(3.017999519981E1,2.698652322229E0,-1.360057651411E1));
#2914=CARTESIAN_POINT('',(3.037666506660E1,2.697470701939E0,-1.360104914092E1));
#2915=CARTESIAN_POINT('',(3.057333493340E1,2.696289081648E0,-1.360152176773E1));
#2916=CARTESIAN_POINT('',(3.077000480019E1,2.695107461358E0,-1.360199439454E1));
#2917=CARTESIAN_POINT('',(3.017999519981E1,2.475297818996E0,-1.326824576628E1));
#2918=CARTESIAN_POINT('',(3.037666506660E1,2.475657986474E0,-1.326784115743E1));
#2919=CARTESIAN_POINT('',(3.057333493340E1,2.476018153952E0,-1.326743654858E1));
#2920=CARTESIAN_POINT('',(3.077000480019E1,2.476378321430E0,-1.326703193974E1));
#2921=CARTESIAN_POINT('',(3.017999519981E1,2.142797088907E0,-1.304487063973E1));
#2922=CARTESIAN_POINT('',(3.037666506660E1,2.142538039285E0,-1.304601644832E1));
#2923=CARTESIAN_POINT('',(3.057333493340E1,2.142278989663E0,-1.304716225691E1));
#2924=CARTESIAN_POINT('',(3.077000480019E1,2.142019940041E0,-1.304830806549E1));
#2925=CARTESIAN_POINT('',(3.017999519981E1,1.860881809982E0,-1.298961847423E1));
#2926=CARTESIAN_POINT('',(3.037666506660E1,1.860902860302E0,-1.298951767189E1));
#2927=CARTESIAN_POINT('',(3.057333493340E1,1.860923910621E0,-1.298941686954E1));
#2928=CARTESIAN_POINT('',(3.077000480019E1,1.860944960941E0,-1.298931606719E1));
#2929=CARTESIAN_POINT('',(3.017999519981E1,1.709987294012E0,-1.299410171858E1));
#2930=CARTESIAN_POINT('',(3.037666506660E1,1.709983871448E0,-1.299411929254E1));
#2931=CARTESIAN_POINT('',(3.057333493340E1,1.709980448883E0,-1.299413686649E1));
#2932=CARTESIAN_POINT('',(3.077000480019E1,1.709977026319E0,-1.299415444045E1));
#2933=CARTESIAN_POINT('',(3.017999519981E1,1.690020947956E0,-1.299527521863E1));
#2934=CARTESIAN_POINT('',(3.037666506660E1,1.690009291570E0,-1.299533649596E1));
#2935=CARTESIAN_POINT('',(3.057333493340E1,1.689997635185E0,-1.299539777329E1));
#2936=CARTESIAN_POINT('',(3.077000480019E1,1.689985978800E0,-1.299545905062E1));
#2937=B_SPLINE_SURFACE_WITH_KNOTS('',3,3,((#2885,#2886,#2887,#2888),(#2889,
#2890,#2891,#2892),(#2893,#2894,#2895,#2896),(#2897,#2898,#2899,#2900),(#2901,
#2902,#2903,#2904),(#2905,#2906,#2907,#2908),(#2909,#2910,#2911,#2912),(#2913,
#2914,#2915,#2916),(#2917,#2918,#2919,#2920),(#2921,#2922,#2923,#2924),(#2925,
#2926,#2927,#2928),(#2929,#2930,#2931,#2932),(#2933,#2934,#2935,#2936)),
.UNSPECIFIED.,.F.,.F.,.F.,(4,1,1,1,1,1,1,1,1,1,4),(4,4),(-1.909356143432E-2,
0.E0,1.25E-1,2.5E-1,3.75E-1,5.E-1,6.25E-1,7.5E-1,8.75E-1,1.E0,1.019105659034E0),
(-3.428708576915E-1,1.342870857691E0),.UNSPECIFIED.);
#2938=ORIENTED_EDGE('',*,*,#2350,.T.);
#2940=ORIENTED_EDGE('',*,*,#2939,.T.);
#2941=ORIENTED_EDGE('',*,*,#2746,.F.);
#2943=ORIENTED_EDGE('',*,*,#2942,.F.);
#2944=EDGE_LOOP('',(#2938,#2940,#2941,#2943));
#2945=FACE_OUTER_BOUND('',#2944,.F.);
#2947=CARTESIAN_POINT('',(3.017999519981E1,1.809941319322E0,-1.299527300163E1));
#2948=CARTESIAN_POINT('',(3.037666506660E1,1.809952960153E0,-1.299533419640E1));
#2949=CARTESIAN_POINT('',(3.057333493340E1,1.809964600984E0,-1.299539539117E1));
#2950=CARTESIAN_POINT('',(3.077000480019E1,1.809976241814E0,-1.299545658594E1));
#2951=CARTESIAN_POINT('',(3.017999519981E1,1.789987501795E0,-1.299410097531E1));
#2952=CARTESIAN_POINT('',(3.037666506660E1,1.789990920045E0,-1.299411852726E1));
#2953=CARTESIAN_POINT('',(3.057333493340E1,1.789994338294E0,-1.299413607921E1));
#2954=CARTESIAN_POINT('',(3.077000480019E1,1.789997756543E0,-1.299415363116E1));
#2955=CARTESIAN_POINT('',(3.017999519981E1,1.639105579990E0,-1.298962092811E1));
#2956=CARTESIAN_POINT('',(3.037666506660E1,1.639084542932E0,-1.298952018871E1));
#2957=CARTESIAN_POINT('',(3.057333493340E1,1.639063505875E0,-1.298941944932E1));
#2958=CARTESIAN_POINT('',(3.077000480019E1,1.639042468817E0,-1.298931870992E1));
#2959=CARTESIAN_POINT('',(3.017999519981E1,1.357202911826E0,-1.304487064692E1));
#2960=CARTESIAN_POINT('',(3.037666506660E1,1.357461961141E0,-1.304601645250E1));
#2961=CARTESIAN_POINT('',(3.057333493340E1,1.357721010457E0,-1.304716225808E1));
#2962=CARTESIAN_POINT('',(3.077000480019E1,1.357980059772E0,-1.304830806366E1));
#2963=CARTESIAN_POINT('',(3.017999519981E1,1.024702180809E0,-1.326824576434E1));
#2964=CARTESIAN_POINT('',(3.037666506660E1,1.024342013413E0,-1.326784115631E1));
#2965=CARTESIAN_POINT('',(3.057333493340E1,1.023981846016E0,-1.326743654827E1));
#2966=CARTESIAN_POINT('',(3.077000480019E1,1.023621678620E0,-1.326703194023E1));
#2967=CARTESIAN_POINT('',(3.017999519981E1,8.013476778185E-1,
-1.360057651468E1));
#2968=CARTESIAN_POINT('',(3.037666506660E1,8.025292980890E-1,
-1.360104914125E1));
#2969=CARTESIAN_POINT('',(3.057333493340E1,8.037109183594E-1,
-1.360152176782E1));
#2970=CARTESIAN_POINT('',(3.077000480019E1,8.048925386298E-1,
-1.360199439439E1));
#2971=CARTESIAN_POINT('',(3.017999519981E1,7.243261611063E-1,
-1.399351181751E1));
#2972=CARTESIAN_POINT('',(3.037666506660E1,7.237353509646E-1,
-1.399351181758E1));
#2973=CARTESIAN_POINT('',(3.057333493340E1,7.231445408228E-1,
-1.399351181765E1));
#2974=CARTESIAN_POINT('',(3.077000480019E1,7.225537306811E-1,
-1.399351181773E1));
#2975=CARTESIAN_POINT('',(3.017999519981E1,8.013476777562E-1,
-1.438644712139E1));
#2976=CARTESIAN_POINT('',(3.037666506660E1,8.025292980527E-1,
-1.438597449452E1));
#2977=CARTESIAN_POINT('',(3.057333493340E1,8.037109183492E-1,
-1.438550186766E1));
#2978=CARTESIAN_POINT('',(3.077000480019E1,8.048925386457E-1,
-1.438502924079E1));
#2979=CARTESIAN_POINT('',(3.017999519981E1,1.024702181058E0,-1.471877786855E1));
#2980=CARTESIAN_POINT('',(3.037666506660E1,1.024342013558E0,-1.471918247762E1));
#2981=CARTESIAN_POINT('',(3.057333493340E1,1.023981846057E0,-1.471958708669E1));
#2982=CARTESIAN_POINT('',(3.077000480019E1,1.023621678556E0,-1.471999169576E1));
#2983=CARTESIAN_POINT('',(3.017999519981E1,1.357202910891E0,-1.494215299761E1));
#2984=CARTESIAN_POINT('',(3.037666506660E1,1.357461960597E0,-1.494100718820E1));
#2985=CARTESIAN_POINT('',(3.057333493340E1,1.357721010304E0,-1.493986137878E1));
#2986=CARTESIAN_POINT('',(3.077000480019E1,1.357980060011E0,-1.493871556937E1));
#2987=CARTESIAN_POINT('',(3.017999519981E1,1.639121669568E0,-1.499740583824E1));
#2988=CARTESIAN_POINT('',(3.037666506660E1,1.639100615589E0,-1.499750665796E1));
#2989=CARTESIAN_POINT('',(3.057333493340E1,1.639079561610E0,-1.499760747768E1));
#2990=CARTESIAN_POINT('',(3.077000480019E1,1.639058507631E0,-1.499770829739E1));
#2991=CARTESIAN_POINT('',(3.017999519981E1,1.790019660710E0,-1.499292171161E1));
#2992=CARTESIAN_POINT('',(3.037666506660E1,1.790023084466E0,-1.499290413157E1));
#2993=CARTESIAN_POINT('',(3.057333493340E1,1.790026508222E0,-1.499288655154E1));
#2994=CARTESIAN_POINT('',(3.077000480019E1,1.790029931977E0,-1.499286897151E1));
#2995=CARTESIAN_POINT('',(3.017999519981E1,1.809989463813E0,-1.499174780474E1));
#2996=CARTESIAN_POINT('',(3.037666506660E1,1.810001124492E0,-1.499168650461E1));
#2997=CARTESIAN_POINT('',(3.057333493340E1,1.810012785171E0,-1.499162520449E1));
#2998=CARTESIAN_POINT('',(3.077000480019E1,1.810024445851E0,-1.499156390437E1));
#2999=B_SPLINE_SURFACE_WITH_KNOTS('',3,3,((#2947,#2948,#2949,#2950),(#2951,
#2952,#2953,#2954),(#2955,#2956,#2957,#2958),(#2959,#2960,#2961,#2962),(#2963,
#2964,#2965,#2966),(#2967,#2968,#2969,#2970),(#2971,#2972,#2973,#2974),(#2975,
#2976,#2977,#2978),(#2979,#2980,#2981,#2982),(#2983,#2984,#2985,#2986),(#2987,
#2988,#2989,#2990),(#2991,#2992,#2993,#2994),(#2995,#2996,#2997,#2998)),
.UNSPECIFIED.,.F.,.F.,.F.,(4,1,1,1,1,1,1,1,1,1,4),(4,4),(-1.909362365497E-2,
0.E0,1.25E-1,2.5E-1,3.75E-1,5.E-1,6.25E-1,7.5E-1,8.75E-1,1.E0,1.019108980018E0),
(-3.428708576915E-1,1.342870857691E0),.UNSPECIFIED.);
#3000=ORIENTED_EDGE('',*,*,#2352,.T.);
#3001=ORIENTED_EDGE('',*,*,#2942,.T.);
#3002=ORIENTED_EDGE('',*,*,#2748,.F.);
#3003=ORIENTED_EDGE('',*,*,#2939,.F.);
#3004=EDGE_LOOP('',(#3000,#3001,#3002,#3003));
#3005=FACE_OUTER_BOUND('',#3004,.F.);
#3007=CARTESIAN_POINT('',(3.017999519981E1,1.690058887334E0,-2.601121511283E1));
#3008=CARTESIAN_POINT('',(3.037666506660E1,1.690047246589E0,-2.601115391851E1));
#3009=CARTESIAN_POINT('',(3.057333493340E1,1.690035605843E0,-2.601109272419E1));
#3010=CARTESIAN_POINT('',(3.077000480019E1,1.690023965098E0,-2.601103152987E1));
#3011=CARTESIAN_POINT('',(3.017999519981E1,1.710012636244E0,-2.601238713108E1));
#3012=CARTESIAN_POINT('',(3.037666506660E1,1.710009218018E0,-2.601236957925E1));
#3013=CARTESIAN_POINT('',(3.057333493340E1,1.710005799793E0,-2.601235202742E1));
#3014=CARTESIAN_POINT('',(3.077000480019E1,1.710002381567E0,-2.601233447559E1));
#3015=CARTESIAN_POINT('',(3.017999519981E1,1.860894489073E0,-2.601686716077E1));
#3016=CARTESIAN_POINT('',(3.037666506660E1,1.860915526058E0,-2.601696789982E1));
#3017=CARTESIAN_POINT('',(3.057333493340E1,1.860936563043E0,-2.601706863887E1));
#3018=CARTESIAN_POINT('',(3.077000480019E1,1.860957600028E0,-2.601716937793E1));
#3019=CARTESIAN_POINT('',(3.017999519981E1,2.142797088170E0,-2.596161745536E1));
#3020=CARTESIAN_POINT('',(3.037666506660E1,2.142538038856E0,-2.596047164980E1));
#3021=CARTESIAN_POINT('',(3.057333493340E1,2.142278989543E0,-2.595932584423E1));
#3022=CARTESIAN_POINT('',(3.077000480019E1,2.142019940229E0,-2.595818003867E1));
#3023=CARTESIAN_POINT('',(3.017999519981E1,2.475297819192E0,-2.573824233798E1));
#3024=CARTESIAN_POINT('',(3.037666506660E1,2.475657986588E0,-2.573864694602E1));
#3025=CARTESIAN_POINT('',(3.057333493340E1,2.476018153984E0,-2.573905155405E1));
#3026=CARTESIAN_POINT('',(3.077000480019E1,2.476378321380E0,-2.573945616209E1));
#3027=CARTESIAN_POINT('',(3.017999519981E1,2.698652322180E0,-2.540591158765E1));
#3028=CARTESIAN_POINT('',(3.037666506660E1,2.697470701910E0,-2.540543896107E1));
#3029=CARTESIAN_POINT('',(3.057333493340E1,2.696289081640E0,-2.540496633450E1));
#3030=CARTESIAN_POINT('',(3.077000480019E1,2.695107461371E0,-2.540449370792E1));
#3031=CARTESIAN_POINT('',(3.017999519981E1,2.775673838898E0,-2.501297628477E1));
#3032=CARTESIAN_POINT('',(3.037666506660E1,2.776264649038E0,-2.501297628472E1));
#3033=CARTESIAN_POINT('',(3.057333493340E1,2.776855459178E0,-2.501297628466E1));
#3034=CARTESIAN_POINT('',(3.077000480019E1,2.777446269318E0,-2.501297628460E1));
#3035=CARTESIAN_POINT('',(3.017999519981E1,2.698652322228E0,-2.462004098108E1));
#3036=CARTESIAN_POINT('',(3.037666506660E1,2.697470701938E0,-2.462051360788E1));
#3037=CARTESIAN_POINT('',(3.057333493340E1,2.696289081648E0,-2.462098623469E1));
#3038=CARTESIAN_POINT('',(3.077000480019E1,2.695107461358E0,-2.462145886149E1));
#3039=CARTESIAN_POINT('',(3.017999519981E1,2.475297818999E0,-2.428771023320E1));
#3040=CARTESIAN_POINT('',(3.037666506660E1,2.475657986476E0,-2.428730562437E1));
#3041=CARTESIAN_POINT('',(3.057333493340E1,2.476018153953E0,-2.428690101553E1));
#3042=CARTESIAN_POINT('',(3.077000480019E1,2.476378321429E0,-2.428649640670E1));
#3043=CARTESIAN_POINT('',(3.017999519981E1,2.142797088895E0,-2.406433510681E1));
#3044=CARTESIAN_POINT('',(3.037666506660E1,2.142538039278E0,-2.406548091534E1));
#3045=CARTESIAN_POINT('',(3.057333493340E1,2.142278989661E0,-2.406662672388E1));
#3046=CARTESIAN_POINT('',(3.077000480019E1,2.142019940044E0,-2.406777253242E1));
#3047=CARTESIAN_POINT('',(3.017999519981E1,1.860882016629E0,-2.400908298140E1));
#3048=CARTESIAN_POINT('',(3.037666506660E1,1.860903066732E0,-2.400898218009E1));
#3049=CARTESIAN_POINT('',(3.057333493340E1,1.860924116834E0,-2.400888137877E1));
#3050=CARTESIAN_POINT('',(3.077000480019E1,1.860945166936E0,-2.400878057745E1));
#3051=CARTESIAN_POINT('',(3.017999519981E1,1.709987707046E0,-2.401356617335E1));
#3052=CARTESIAN_POINT('',(3.037666506660E1,1.709984284553E0,-2.401358374695E1));
#3053=CARTESIAN_POINT('',(3.057333493340E1,1.709980862059E0,-2.401360132054E1));
#3054=CARTESIAN_POINT('',(3.077000480019E1,1.709977439565E0,-2.401361889414E1));
#3055=CARTESIAN_POINT('',(3.017999519981E1,1.690021566301E0,-2.401473964924E1));
#3056=CARTESIAN_POINT('',(3.037666506660E1,1.690009910170E0,-2.401480092522E1));
#3057=CARTESIAN_POINT('',(3.057333493340E1,1.689998254040E0,-2.401486220120E1));
#3058=CARTESIAN_POINT('',(3.077000480019E1,1.689986597910E0,-2.401492347718E1));
#3059=B_SPLINE_SURFACE_WITH_KNOTS('',3,3,((#3007,#3008,#3009,#3010),(#3011,
#3012,#3013,#3014),(#3015,#3016,#3017,#3018),(#3019,#3020,#3021,#3022),(#3023,
#3024,#3025,#3026),(#3027,#3028,#3029,#3030),(#3031,#3032,#3033,#3034),(#3035,
#3036,#3037,#3038),(#3039,#3040,#3041,#3042),(#3043,#3044,#3045,#3046),(#3047,
#3048,#3049,#3050),(#3051,#3052,#3053,#3054),(#3055,#3056,#3057,#3058)),
.UNSPECIFIED.,.F.,.F.,.F.,(4,1,1,1,1,1,1,1,1,1,4),(4,4),(-1.909355773909E-2,
0.E0,1.25E-1,2.5E-1,3.75E-1,5.E-1,6.25E-1,7.5E-1,8.75E-1,1.E0,1.019105461804E0),
(-3.428708576915E-1,1.342870857691E0),.UNSPECIFIED.);
#3060=ORIENTED_EDGE('',*,*,#2362,.T.);
#3062=ORIENTED_EDGE('',*,*,#3061,.T.);
#3063=ORIENTED_EDGE('',*,*,#2776,.F.);
#3065=ORIENTED_EDGE('',*,*,#3064,.F.);
#3066=EDGE_LOOP('',(#3060,#3062,#3063,#3065));
#3067=FACE_OUTER_BOUND('',#3066,.F.);
#3069=CARTESIAN_POINT('',(3.017999519981E1,1.809941123461E0,-2.401473745708E1));
#3070=CARTESIAN_POINT('',(3.037666506660E1,1.809952764211E0,-2.401479865142E1));
#3071=CARTESIAN_POINT('',(3.057333493340E1,1.809964404961E0,-2.401485984576E1));
#3072=CARTESIAN_POINT('',(3.077000480019E1,1.809976045711E0,-2.401492104011E1));
#3073=CARTESIAN_POINT('',(3.017999519981E1,1.789987370967E0,-2.401356543840E1));
#3074=CARTESIAN_POINT('',(3.037666506660E1,1.789990789194E0,-2.401358299024E1));
#3075=CARTESIAN_POINT('',(3.057333493340E1,1.789994207421E0,-2.401360054208E1));
#3076=CARTESIAN_POINT('',(3.077000480019E1,1.789997625648E0,-2.401361809391E1));
#3077=CARTESIAN_POINT('',(3.017999519981E1,1.639105514535E0,-2.400908540780E1));
#3078=CARTESIAN_POINT('',(3.037666506660E1,1.639084477546E0,-2.400898466873E1));
#3079=CARTESIAN_POINT('',(3.057333493340E1,1.639063440557E0,-2.400888392966E1));
#3080=CARTESIAN_POINT('',(3.077000480019E1,1.639042403568E0,-2.400878319059E1));
#3081=CARTESIAN_POINT('',(3.017999519981E1,1.357202911830E0,-2.406433511391E1));
#3082=CARTESIAN_POINT('',(3.037666506660E1,1.357461961143E0,-2.406548091947E1));
#3083=CARTESIAN_POINT('',(3.057333493340E1,1.357721010457E0,-2.406662672504E1));
#3084=CARTESIAN_POINT('',(3.077000480019E1,1.357980059771E0,-2.406777253060E1));
#3085=CARTESIAN_POINT('',(3.017999519981E1,1.024702180808E0,-2.428771023129E1));
#3086=CARTESIAN_POINT('',(3.037666506660E1,1.024342013412E0,-2.428730562326E1));
#3087=CARTESIAN_POINT('',(3.057333493340E1,1.023981846016E0,-2.428690101522E1));
#3088=CARTESIAN_POINT('',(3.077000480019E1,1.023621678620E0,-2.428649640719E1));
#3089=CARTESIAN_POINT('',(3.017999519981E1,8.013476778199E-1,
-2.462004098162E1));
#3090=CARTESIAN_POINT('',(3.037666506660E1,8.025292980897E-1,
-2.462051360820E1));
#3091=CARTESIAN_POINT('',(3.057333493340E1,8.037109183596E-1,
-2.462098623477E1));
#3092=CARTESIAN_POINT('',(3.077000480019E1,8.048925386295E-1,
-2.462145886135E1));
#3093=CARTESIAN_POINT('',(3.017999519981E1,7.243261611023E-1,
-2.501297628450E1));
#3094=CARTESIAN_POINT('',(3.037666506660E1,7.237353509623E-1,
-2.501297628456E1));
#3095=CARTESIAN_POINT('',(3.057333493340E1,7.231445408222E-1,
-2.501297628461E1));
#3096=CARTESIAN_POINT('',(3.077000480019E1,7.225537306821E-1,
-2.501297628467E1));
#3097=CARTESIAN_POINT('',(3.017999519981E1,8.013476777708E-1,
-2.540591158820E1));
#3098=CARTESIAN_POINT('',(3.037666506660E1,8.025292980612E-1,
-2.540543896139E1));
#3099=CARTESIAN_POINT('',(3.057333493340E1,8.037109183516E-1,
-2.540496633459E1));
#3100=CARTESIAN_POINT('',(3.077000480019E1,8.048925386420E-1,
-2.540449370778E1));
#3101=CARTESIAN_POINT('',(3.017999519981E1,1.024702181004E0,-2.573824233604E1));
#3102=CARTESIAN_POINT('',(3.037666506660E1,1.024342013526E0,-2.573864694489E1));
#3103=CARTESIAN_POINT('',(3.057333493340E1,1.023981846048E0,-2.573905155373E1));
#3104=CARTESIAN_POINT('',(3.077000480019E1,1.023621678570E0,-2.573945616258E1));
#3105=CARTESIAN_POINT('',(3.017999519981E1,1.357202911094E0,-2.596161746258E1));
#3106=CARTESIAN_POINT('',(3.037666506660E1,1.357461960716E0,-2.596047165399E1));
#3107=CARTESIAN_POINT('',(3.057333493340E1,1.357721010337E0,-2.595932584541E1));
#3108=CARTESIAN_POINT('',(3.077000480019E1,1.357980059959E0,-2.595818003683E1));
#3109=CARTESIAN_POINT('',(3.017999519981E1,1.639118175934E0,-2.601686962534E1));
#3110=CARTESIAN_POINT('',(3.037666506660E1,1.639097125630E0,-2.601697042762E1));
#3111=CARTESIAN_POINT('',(3.057333493340E1,1.639076075325E0,-2.601707122990E1));
#3112=CARTESIAN_POINT('',(3.077000480019E1,1.639055025021E0,-2.601717203217E1));
#3113=CARTESIAN_POINT('',(3.017999519981E1,1.790012677839E0,-2.601238638457E1));
#3114=CARTESIAN_POINT('',(3.037666506660E1,1.790016100399E0,-2.601236881064E1));
#3115=CARTESIAN_POINT('',(3.057333493340E1,1.790019522958E0,-2.601235123670E1));
#3116=CARTESIAN_POINT('',(3.077000480019E1,1.790022945518E0,-2.601233366277E1));
#3117=CARTESIAN_POINT('',(3.017999519981E1,1.809979009903E0,-2.601121288616E1));
#3118=CARTESIAN_POINT('',(3.037666506660E1,1.809990666271E0,-2.601115160892E1));
#3119=CARTESIAN_POINT('',(3.057333493340E1,1.810002322639E0,-2.601109033169E1));
#3120=CARTESIAN_POINT('',(3.077000480019E1,1.810013979007E0,-2.601102905445E1));
#3121=B_SPLINE_SURFACE_WITH_KNOTS('',3,3,((#3069,#3070,#3071,#3072),(#3073,
#3074,#3075,#3076),(#3077,#3078,#3079,#3080),(#3081,#3082,#3083,#3084),(#3085,
#3086,#3087,#3088),(#3089,#3090,#3091,#3092),(#3093,#3094,#3095,#3096),(#3097,
#3098,#3099,#3100),(#3101,#3102,#3103,#3104),(#3105,#3106,#3107,#3108),(#3109,
#3110,#3111,#3112),(#3113,#3114,#3115,#3116),(#3117,#3118,#3119,#3120)),
.UNSPECIFIED.,.F.,.F.,.F.,(4,1,1,1,1,1,1,1,1,1,4),(4,4),(-1.909356118248E-2,
0.E0,1.25E-1,2.5E-1,3.75E-1,5.E-1,6.25E-1,7.5E-1,8.75E-1,1.E0,1.019105645593E0),
(-3.428708576915E-1,1.342870857691E0),.UNSPECIFIED.);
#3122=ORIENTED_EDGE('',*,*,#2364,.T.);
#3123=ORIENTED_EDGE('',*,*,#3064,.T.);
#3124=ORIENTED_EDGE('',*,*,#2778,.F.);
#3125=ORIENTED_EDGE('',*,*,#3061,.F.);
#3126=EDGE_LOOP('',(#3122,#3123,#3124,#3125));
#3127=FACE_OUTER_BOUND('',#3126,.F.);
#3129=CARTESIAN_POINT('',(3.017999519981E1,1.809966544292E0,-2.361423574147E1));
#3130=CARTESIAN_POINT('',(3.037666506660E1,1.809974577236E0,-2.361427773502E1));
#3131=CARTESIAN_POINT('',(3.057333493340E1,1.809982610180E0,-2.361431972856E1));
#3132=CARTESIAN_POINT('',(3.077000480019E1,1.809990643123E0,-2.361436172210E1));
#3133=CARTESIAN_POINT('',(3.017999519981E1,1.789991710892E0,-2.361339710305E1));
#3134=CARTESIAN_POINT('',(3.037666506660E1,1.789994151839E0,-2.361340967775E1));
#3135=CARTESIAN_POINT('',(3.057333493340E1,1.789996592786E0,-2.361342225245E1));
#3136=CARTESIAN_POINT('',(3.077000480019E1,1.789999033733E0,-2.361343482715E1));
#3137=CARTESIAN_POINT('',(3.017999519981E1,1.586747511119E0,-2.360908558252E1));
#3138=CARTESIAN_POINT('',(3.037666506660E1,1.586726470925E0,-2.360898460863E1));
#3139=CARTESIAN_POINT('',(3.057333493340E1,1.586705430732E0,-2.360888363475E1));
#3140=CARTESIAN_POINT('',(3.077000480019E1,1.586684390538E0,-2.360878266086E1));
#3141=CARTESIAN_POINT('',(3.017999519981E1,1.200084553339E0,-2.368488346033E1));
#3142=CARTESIAN_POINT('',(3.037666506660E1,1.200447022874E0,-2.368648557344E1));
#3143=CARTESIAN_POINT('',(3.057333493340E1,1.200809492410E0,-2.368808768655E1));
#3144=CARTESIAN_POINT('',(3.077000480019E1,1.201171961946E0,-2.368968979966E1));
#3145=CARTESIAN_POINT('',(3.017999519981E1,7.345829247673E-1,
-2.399760252604E1));
#3146=CARTESIAN_POINT('',(3.037666506660E1,7.340787441257E-1,
-2.399703661203E1));
#3147=CARTESIAN_POINT('',(3.057333493340E1,7.335745634842E-1,
-2.399647069803E1));
#3148=CARTESIAN_POINT('',(3.077000480019E1,7.330703828427E-1,
-2.399590478402E1));
#3149=CARTESIAN_POINT('',(3.017999519981E1,4.218867856254E-1,
-2.446286718138E1));
#3150=CARTESIAN_POINT('',(3.037666506660E1,4.235410386558E-1,
-2.446352872428E1));
#3151=CARTESIAN_POINT('',(3.057333493340E1,4.251952916861E-1,
-2.446419026718E1));
#3152=CARTESIAN_POINT('',(3.077000480019E1,4.268495447165E-1,
-2.446485181009E1));
#3153=CARTESIAN_POINT('',(3.017999519981E1,3.140566071965E-1,
-2.501297628453E1));
#3154=CARTESIAN_POINT('',(3.037666506660E1,3.132294806775E-1,
-2.501297628457E1));
#3155=CARTESIAN_POINT('',(3.057333493340E1,3.124023541584E-1,
-2.501297628462E1));
#3156=CARTESIAN_POINT('',(3.077000480019E1,3.115752276394E-1,
-2.501297628466E1));
#3157=CARTESIAN_POINT('',(3.017999519981E1,4.218867855885E-1,
-2.556308538834E1));
#3158=CARTESIAN_POINT('',(3.037666506660E1,4.235410386343E-1,
-2.556242384525E1));
#3159=CARTESIAN_POINT('',(3.057333493340E1,4.251952916801E-1,
-2.556176230216E1));
#3160=CARTESIAN_POINT('',(3.077000480019E1,4.268495447259E-1,
-2.556110075907E1));
#3161=CARTESIAN_POINT('',(3.017999519981E1,7.345829249148E-1,
-2.602835004169E1));
#3162=CARTESIAN_POINT('',(3.037666506660E1,7.340787442115E-1,
-2.602891595634E1));
#3163=CARTESIAN_POINT('',(3.057333493340E1,7.335745635083E-1,
-2.602948187099E1));
#3164=CARTESIAN_POINT('',(3.077000480019E1,7.330703828051E-1,
-2.603004778564E1));
#3165=CARTESIAN_POINT('',(3.017999519981E1,1.200084552785E0,-2.634106911468E1));
#3166=CARTESIAN_POINT('',(3.037666506660E1,1.200447022553E0,-2.633946699917E1));
#3167=CARTESIAN_POINT('',(3.057333493340E1,1.200809492320E0,-2.633786488366E1));
#3168=CARTESIAN_POINT('',(3.077000480019E1,1.201171962087E0,-2.633626276814E1));
#3169=CARTESIAN_POINT('',(3.017999519981E1,1.586756556610E0,-2.641686874634E1));
#3170=CARTESIAN_POINT('',(3.037666506660E1,1.586735506907E0,-2.641696976565E1));
#3171=CARTESIAN_POINT('',(3.057333493340E1,1.586714457204E0,-2.641707078496E1));
#3172=CARTESIAN_POINT('',(3.077000480019E1,1.586693407501E0,-2.641717180428E1));
#3173=CARTESIAN_POINT('',(3.017999519981E1,1.790009791063E0,-2.641255508554E1));
#3174=CARTESIAN_POINT('',(3.037666506660E1,1.790012234218E0,-2.641254249950E1));
#3175=CARTESIAN_POINT('',(3.057333493340E1,1.790014677374E0,-2.641252991346E1));
#3176=CARTESIAN_POINT('',(3.077000480019E1,1.790017120529E0,-2.641251732742E1));
#3177=CARTESIAN_POINT('',(3.017999519981E1,1.809993637037E0,-2.641171569006E1));
#3178=CARTESIAN_POINT('',(3.037666506660E1,1.810001677567E0,-2.641167365660E1));
#3179=CARTESIAN_POINT('',(3.057333493340E1,1.810009718097E0,-2.641163162315E1));
#3180=CARTESIAN_POINT('',(3.077000480019E1,1.810017758627E0,-2.641158958969E1));
#3181=B_SPLINE_SURFACE_WITH_KNOTS('',3,3,((#3129,#3130,#3131,#3132),(#3133,
#3134,#3135,#3136),(#3137,#3138,#3139,#3140),(#3141,#3142,#3143,#3144),(#3145,
#3146,#3147,#3148),(#3149,#3150,#3151,#3152),(#3153,#3154,#3155,#3156),(#3157,
#3158,#3159,#3160),(#3161,#3162,#3163,#3164),(#3165,#3166,#3167,#3168),(#3169,
#3170,#3171,#3172),(#3173,#3174,#3175,#3176),(#3177,#3178,#3179,#3180)),
.UNSPECIFIED.,.F.,.F.,.F.,(4,1,1,1,1,1,1,1,1,1,4),(4,4),(-1.363953364207E-2,
0.E0,1.25E-1,2.5E-1,3.75E-1,5.E-1,6.25E-1,7.5E-1,8.75E-1,1.E0,1.013645700278E0),
(-3.428708576915E-1,1.342870857691E0),.UNSPECIFIED.);
#3182=ORIENTED_EDGE('',*,*,#2250,.F.);
#3184=ORIENTED_EDGE('',*,*,#3183,.T.);
#3185=ORIENTED_EDGE('',*,*,#2770,.T.);
#3187=ORIENTED_EDGE('',*,*,#3186,.F.);
#3188=EDGE_LOOP('',(#3182,#3184,#3185,#3187));
#3189=FACE_OUTER_BOUND('',#3188,.F.);
#3191=CARTESIAN_POINT('',(3.017999519981E1,1.690010624871E0,-2.641171586907E1));
#3192=CARTESIAN_POINT('',(3.037666506660E1,1.690002585535E0,-2.641167384189E1));
#3193=CARTESIAN_POINT('',(3.057333493340E1,1.689994546198E0,-2.641163181472E1));
#3194=CARTESIAN_POINT('',(3.077000480019E1,1.689986506862E0,-2.641158978754E1));
#3195=CARTESIAN_POINT('',(3.017999519981E1,1.709993053096E0,-2.641255514543E1));
#3196=CARTESIAN_POINT('',(3.037666506660E1,1.709990610288E0,-2.641254256118E1));
#3197=CARTESIAN_POINT('',(3.057333493340E1,1.709988167480E0,-2.641252997692E1));
#3198=CARTESIAN_POINT('',(3.077000480019E1,1.709985724671E0,-2.641251739266E1));
#3199=CARTESIAN_POINT('',(3.017999519981E1,1.913244866319E0,-2.641686846954E1));
#3200=CARTESIAN_POINT('',(3.037666506660E1,1.913265914526E0,-2.641696948171E1));
#3201=CARTESIAN_POINT('',(3.057333493340E1,1.913286962733E0,-2.641707049387E1));
#3202=CARTESIAN_POINT('',(3.077000480019E1,1.913308010941E0,-2.641717150604E1));
#3203=CARTESIAN_POINT('',(3.017999519981E1,2.299915447128E0,-2.634106911378E1));
#3204=CARTESIAN_POINT('',(3.037666506660E1,2.299552977397E0,-2.633946699864E1));
#3205=CARTESIAN_POINT('',(3.057333493340E1,2.299190507666E0,-2.633786488351E1));
#3206=CARTESIAN_POINT('',(3.077000480019E1,2.298828037935E0,-2.633626276837E1));
#3207=CARTESIAN_POINT('',(3.017999519981E1,2.765417075108E0,-2.602835004194E1));
#3208=CARTESIAN_POINT('',(3.037666506660E1,2.765921255802E0,-2.602891595649E1));
#3209=CARTESIAN_POINT('',(3.057333493340E1,2.766425436495E0,-2.602948187103E1));
#3210=CARTESIAN_POINT('',(3.077000480019E1,2.766929617189E0,-2.603004778558E1));
#3211=CARTESIAN_POINT('',(3.017999519981E1,3.078113214408E0,-2.556308538824E1));
#3212=CARTESIAN_POINT('',(3.037666506660E1,3.076458961364E0,-2.556242384519E1));
#3213=CARTESIAN_POINT('',(3.057333493340E1,3.074804708319E0,-2.556176230214E1));
#3214=CARTESIAN_POINT('',(3.077000480019E1,3.073150455275E0,-2.556110075910E1));
#3215=CARTESIAN_POINT('',(3.017999519981E1,3.185943392795E0,-2.501297628465E1));
#3216=CARTESIAN_POINT('',(3.037666506660E1,3.186770519318E0,-2.501297628464E1));
#3217=CARTESIAN_POINT('',(3.057333493340E1,3.187597645840E0,-2.501297628464E1));
#3218=CARTESIAN_POINT('',(3.077000480019E1,3.188424772363E0,-2.501297628463E1));
#3219=CARTESIAN_POINT('',(3.017999519981E1,3.078113214412E0,-2.446286718098E1));
#3220=CARTESIAN_POINT('',(3.037666506660E1,3.076458961366E0,-2.446352872405E1));
#3221=CARTESIAN_POINT('',(3.057333493340E1,3.074804708320E0,-2.446419026712E1));
#3222=CARTESIAN_POINT('',(3.077000480019E1,3.073150455274E0,-2.446485181019E1));
#3223=CARTESIAN_POINT('',(3.017999519981E1,2.765417075091E0,-2.399760252751E1));
#3224=CARTESIAN_POINT('',(3.037666506660E1,2.765921255792E0,-2.399703661289E1));
#3225=CARTESIAN_POINT('',(3.057333493340E1,2.766425436493E0,-2.399647069827E1));
#3226=CARTESIAN_POINT('',(3.077000480019E1,2.766929617193E0,-2.399590478365E1));
#3227=CARTESIAN_POINT('',(3.017999519981E1,2.299915447191E0,-2.368488345484E1));
#3228=CARTESIAN_POINT('',(3.037666506660E1,2.299552977434E0,-2.368648557025E1));
#3229=CARTESIAN_POINT('',(3.057333493340E1,2.299190507676E0,-2.368808768566E1));
#3230=CARTESIAN_POINT('',(3.077000480019E1,2.298828037919E0,-2.368968980107E1));
#3231=CARTESIAN_POINT('',(3.017999519981E1,1.913243833975E0,-2.360908389891E1));
#3232=CARTESIAN_POINT('',(3.037666506660E1,1.913264883268E0,-2.360898288156E1));
#3233=CARTESIAN_POINT('',(3.057333493340E1,1.913285932560E0,-2.360888186421E1));
#3234=CARTESIAN_POINT('',(3.077000480019E1,1.913306981853E0,-2.360878084686E1));
#3235=CARTESIAN_POINT('',(3.017999519981E1,1.709990989642E0,-2.361339746729E1));
#3236=CARTESIAN_POINT('',(3.037666506660E1,1.709988546582E0,-2.361341005284E1));
#3237=CARTESIAN_POINT('',(3.057333493340E1,1.709986103522E0,-2.361342263840E1));
#3238=CARTESIAN_POINT('',(3.077000480019E1,1.709983660462E0,-2.361343522395E1));
#3239=CARTESIAN_POINT('',(3.017999519981E1,1.690007532832E0,-2.361423683007E1));
#3240=CARTESIAN_POINT('',(3.037666506660E1,1.689999492630E0,-2.361427886181E1));
#3241=CARTESIAN_POINT('',(3.057333493340E1,1.689991452427E0,-2.361432089354E1));
#3242=CARTESIAN_POINT('',(3.077000480019E1,1.689983412225E0,-2.361436292527E1));
#3243=B_SPLINE_SURFACE_WITH_KNOTS('',3,3,((#3191,#3192,#3193,#3194),(#3195,
#3196,#3197,#3198),(#3199,#3200,#3201,#3202),(#3203,#3204,#3205,#3206),(#3207,
#3208,#3209,#3210),(#3211,#3212,#3213,#3214),(#3215,#3216,#3217,#3218),(#3219,
#3220,#3221,#3222),(#3223,#3224,#3225,#3226),(#3227,#3228,#3229,#3230),(#3231,
#3232,#3233,#3234),(#3235,#3236,#3237,#3238),(#3239,#3240,#3241,#3242)),
.UNSPECIFIED.,.F.,.F.,.F.,(4,1,1,1,1,1,1,1,1,1,4),(4,4),(-1.364473021576E-2,
0.E0,1.25E-1,2.5E-1,3.75E-1,5.E-1,6.25E-1,7.5E-1,8.75E-1,1.E0,1.013645434001E0),
(-3.428708576915E-1,1.342870857691E0),.UNSPECIFIED.);
#3244=ORIENTED_EDGE('',*,*,#2252,.F.);
#3245=ORIENTED_EDGE('',*,*,#3186,.T.);
#3246=ORIENTED_EDGE('',*,*,#2772,.T.);
#3247=ORIENTED_EDGE('',*,*,#3183,.F.);
#3248=EDGE_LOOP('',(#3244,#3245,#3246,#3247));
#3249=FACE_OUTER_BOUND('',#3248,.F.);
#3251=CARTESIAN_POINT('',(3.017999519981E1,1.809966524849E0,2.840522546630E1));
#3252=CARTESIAN_POINT('',(3.037666506660E1,1.809974557788E0,2.840518347278E1));
#3253=CARTESIAN_POINT('',(3.057333493340E1,1.809982590726E0,2.840514147927E1));
#3254=CARTESIAN_POINT('',(3.077000480019E1,1.809990623664E0,2.840509948575E1));
#3255=CARTESIAN_POINT('',(3.017999519981E1,1.789991697917E0,2.840606410417E1));
#3256=CARTESIAN_POINT('',(3.037666506660E1,1.789994138863E0,2.840605152948E1));
#3257=CARTESIAN_POINT('',(3.057333493340E1,1.789996579808E0,2.840603895479E1));
#3258=CARTESIAN_POINT('',(3.077000480019E1,1.789999020753E0,2.840602638010E1));
#3259=CARTESIAN_POINT('',(3.017999519981E1,1.586747504628E0,2.841037562317E1));
#3260=CARTESIAN_POINT('',(3.037666506660E1,1.586726464441E0,2.841047659703E1));
#3261=CARTESIAN_POINT('',(3.057333493340E1,1.586705424254E0,2.841057757088E1));
#3262=CARTESIAN_POINT('',(3.077000480019E1,1.586684384067E0,2.841067854474E1));
#3263=CARTESIAN_POINT('',(3.017999519981E1,1.200084553339E0,2.833457774662E1));
#3264=CARTESIAN_POINT('',(3.037666506660E1,1.200447022874E0,2.833297563351E1));
#3265=CARTESIAN_POINT('',(3.057333493340E1,1.200809492410E0,2.833137352040E1));
#3266=CARTESIAN_POINT('',(3.077000480019E1,1.201171961946E0,2.832977140729E1));
#3267=CARTESIAN_POINT('',(3.017999519981E1,7.345829247671E-1,2.802185868092E1));
#3268=CARTESIAN_POINT('',(3.037666506660E1,7.340787441257E-1,2.802242459492E1));
#3269=CARTESIAN_POINT('',(3.057333493340E1,7.335745634842E-1,2.802299050893E1));
#3270=CARTESIAN_POINT('',(3.077000480019E1,7.330703828428E-1,2.802355642293E1));
#3271=CARTESIAN_POINT('',(3.017999519981E1,4.218867856256E-1,2.755659402558E1));
#3272=CARTESIAN_POINT('',(3.037666506660E1,4.235410386559E-1,2.755593248267E1));
#3273=CARTESIAN_POINT('',(3.057333493340E1,4.251952916862E-1,2.755527093977E1));
#3274=CARTESIAN_POINT('',(3.077000480019E1,4.268495447164E-1,2.755460939687E1));
#3275=CARTESIAN_POINT('',(3.017999519981E1,3.140566071959E-1,2.700648492242E1));
#3276=CARTESIAN_POINT('',(3.037666506660E1,3.132294806771E-1,2.700648492238E1));
#3277=CARTESIAN_POINT('',(3.057333493340E1,3.124023541583E-1,2.700648492234E1));
#3278=CARTESIAN_POINT('',(3.077000480019E1,3.115752276396E-1,2.700648492229E1));
#3279=CARTESIAN_POINT('',(3.017999519981E1,4.218867855907E-1,2.645637581864E1));
#3280=CARTESIAN_POINT('',(3.037666506660E1,4.235410386356E-1,2.645703736172E1));
#3281=CARTESIAN_POINT('',(3.057333493340E1,4.251952916805E-1,2.645769890480E1));
#3282=CARTESIAN_POINT('',(3.077000480019E1,4.268495447254E-1,2.645836044788E1));
#3283=CARTESIAN_POINT('',(3.017999519981E1,7.345829249067E-1,2.599111116518E1));
#3284=CARTESIAN_POINT('',(3.037666506660E1,7.340787442068E-1,2.599054525056E1));
#3285=CARTESIAN_POINT('',(3.057333493340E1,7.335745635070E-1,2.598997933595E1));
#3286=CARTESIAN_POINT('',(3.077000480019E1,7.330703828071E-1,2.598941342133E1));
#3287=CARTESIAN_POINT('',(3.017999519981E1,1.200084552816E0,2.567839209258E1));
#3288=CARTESIAN_POINT('',(3.037666506660E1,1.200447022570E0,2.567999420797E1));
#3289=CARTESIAN_POINT('',(3.057333493340E1,1.200809492325E0,2.568159632335E1));
#3290=CARTESIAN_POINT('',(3.077000480019E1,1.201171962079E0,2.568319843873E1));
#3291=CARTESIAN_POINT('',(3.017999519981E1,1.586756063324E0,2.560259255657E1));
#3292=CARTESIAN_POINT('',(3.037666506660E1,1.586735014140E0,2.560249153974E1));
#3293=CARTESIAN_POINT('',(3.057333493340E1,1.586713964955E0,2.560239052290E1));
#3294=CARTESIAN_POINT('',(3.077000480019E1,1.586692915771E0,2.560228950607E1));
#3295=CARTESIAN_POINT('',(3.017999519981E1,1.790008805080E0,2.560690610065E1));
#3296=CARTESIAN_POINT('',(3.037666506660E1,1.790011248115E0,2.560691868608E1));
#3297=CARTESIAN_POINT('',(3.057333493340E1,1.790013691150E0,2.560693127150E1));
#3298=CARTESIAN_POINT('',(3.077000480019E1,1.790016134185E0,2.560694385692E1));
#3299=CARTESIAN_POINT('',(3.017999519981E1,1.809992159563E0,2.560774545484E1));
#3300=CARTESIAN_POINT('',(3.037666506660E1,1.810000199679E0,2.560778748612E1));
#3301=CARTESIAN_POINT('',(3.057333493340E1,1.810008239796E0,2.560782951739E1));
#3302=CARTESIAN_POINT('',(3.077000480019E1,1.810016279912E0,2.560787154867E1));
#3303=B_SPLINE_SURFACE_WITH_KNOTS('',3,3,((#3251,#3252,#3253,#3254),(#3255,
#3256,#3257,#3258),(#3259,#3260,#3261,#3262),(#3263,#3264,#3265,#3266),(#3267,
#3268,#3269,#3270),(#3271,#3272,#3273,#3274),(#3275,#3276,#3277,#3278),(#3279,
#3280,#3281,#3282),(#3283,#3284,#3285,#3286),(#3287,#3288,#3289,#3290),(#3291,
#3292,#3293,#3294),(#3295,#3296,#3297,#3298),(#3299,#3300,#3301,#3302)),
.UNSPECIFIED.,.F.,.F.,.F.,(4,1,1,1,1,1,1,1,1,1,4),(4,4),(-1.363952921663E-2,
0.E0,1.25E-1,2.5E-1,3.75E-1,5.E-1,6.25E-1,7.5E-1,8.75E-1,1.E0,1.013645363987E0),
(-3.428708576915E-1,1.342870857691E0),.UNSPECIFIED.);
#3304=ORIENTED_EDGE('',*,*,#2338,.F.);
#3306=ORIENTED_EDGE('',*,*,#3305,.T.);
#3307=ORIENTED_EDGE('',*,*,#2800,.T.);
#3309=ORIENTED_EDGE('',*,*,#3308,.F.);
#3310=EDGE_LOOP('',(#3304,#3306,#3307,#3309));
#3311=FACE_OUTER_BOUND('',#3310,.F.);
#3313=CARTESIAN_POINT('',(3.017999519981E1,1.690033474901E0,2.560774437835E1));
#3314=CARTESIAN_POINT('',(3.037666506660E1,1.690025441963E0,2.560778637187E1));
#3315=CARTESIAN_POINT('',(3.057333493340E1,1.690017409025E0,2.560782836538E1));
#3316=CARTESIAN_POINT('',(3.077000480019E1,1.690009376086E0,2.560787035890E1));
#3317=CARTESIAN_POINT('',(3.017999519981E1,1.710008301916E0,2.560690574047E1));
#3318=CARTESIAN_POINT('',(3.037666506660E1,1.710005860971E0,2.560691831516E1));
#3319=CARTESIAN_POINT('',(3.057333493340E1,1.710003420026E0,2.560693088985E1));
#3320=CARTESIAN_POINT('',(3.077000480019E1,1.710000979080E0,2.560694346454E1));
#3321=CARTESIAN_POINT('',(3.017999519981E1,1.913252495289E0,2.560259422145E1));
#3322=CARTESIAN_POINT('',(3.037666506660E1,1.913273535476E0,2.560249324760E1));
#3323=CARTESIAN_POINT('',(3.057333493340E1,1.913294575663E0,2.560239227374E1));
#3324=CARTESIAN_POINT('',(3.077000480019E1,1.913315615850E0,2.560229129988E1));
#3325=CARTESIAN_POINT('',(3.017999519981E1,2.299915446661E0,2.567839209801E1));
#3326=CARTESIAN_POINT('',(3.037666506660E1,2.299552977126E0,2.567999421112E1));
#3327=CARTESIAN_POINT('',(3.057333493340E1,2.299190507590E0,2.568159632424E1));
#3328=CARTESIAN_POINT('',(3.077000480019E1,2.298828038054E0,2.568319843735E1));
#3329=CARTESIAN_POINT('',(3.017999519981E1,2.765417075233E0,2.599111116372E1));
#3330=CARTESIAN_POINT('',(3.037666506660E1,2.765921255874E0,2.599054524971E1));
#3331=CARTESIAN_POINT('',(3.057333493340E1,2.766425436516E0,2.598997933571E1));
#3332=CARTESIAN_POINT('',(3.077000480019E1,2.766929617157E0,2.598941342171E1));
#3333=CARTESIAN_POINT('',(3.017999519981E1,3.078113214374E0,2.645637581906E1));
#3334=CARTESIAN_POINT('',(3.037666506660E1,3.076458961344E0,2.645703736196E1));
#3335=CARTESIAN_POINT('',(3.057333493340E1,3.074804708314E0,2.645769890487E1));
#3336=CARTESIAN_POINT('',(3.077000480019E1,3.073150455284E0,2.645836044777E1));
#3337=CARTESIAN_POINT('',(3.017999519981E1,3.185943392804E0,2.700648492221E1));
#3338=CARTESIAN_POINT('',(3.037666506660E1,3.186770519323E0,2.700648492226E1));
#3339=CARTESIAN_POINT('',(3.057333493340E1,3.187597645842E0,2.700648492230E1));
#3340=CARTESIAN_POINT('',(3.077000480019E1,3.188424772360E0,2.700648492235E1));
#3341=CARTESIAN_POINT('',(3.017999519981E1,3.078113214409E0,2.755659402600E1));
#3342=CARTESIAN_POINT('',(3.037666506660E1,3.076458961364E0,2.755593248292E1));
#3343=CARTESIAN_POINT('',(3.057333493340E1,3.074804708320E0,2.755527093984E1));
#3344=CARTESIAN_POINT('',(3.077000480019E1,3.073150455275E0,2.755460939676E1));
#3345=CARTESIAN_POINT('',(3.017999519981E1,2.765417075093E0,2.802185867946E1));
#3346=CARTESIAN_POINT('',(3.037666506660E1,2.765921255793E0,2.802242459407E1));
#3347=CARTESIAN_POINT('',(3.057333493340E1,2.766425436493E0,2.802299050869E1));
#3348=CARTESIAN_POINT('',(3.077000480019E1,2.766929617193E0,2.802355642330E1));
#3349=CARTESIAN_POINT('',(3.017999519981E1,2.299915447184E0,2.833457775205E1));
#3350=CARTESIAN_POINT('',(3.037666506660E1,2.299552977430E0,2.833297563667E1));
#3351=CARTESIAN_POINT('',(3.057333493340E1,2.299190507675E0,2.833137352129E1));
#3352=CARTESIAN_POINT('',(3.077000480019E1,2.298828037921E0,2.832977140590E1));
#3353=CARTESIAN_POINT('',(3.017999519981E1,1.913243936675E0,2.841037728806E1));
#3354=CARTESIAN_POINT('',(3.037666506660E1,1.913264985859E0,2.841047830490E1));
#3355=CARTESIAN_POINT('',(3.057333493340E1,1.913286035044E0,2.841057932173E1));
#3356=CARTESIAN_POINT('',(3.077000480019E1,1.913307084228E0,2.841068033857E1));
#3357=CARTESIAN_POINT('',(3.017999519981E1,1.709991194918E0,2.840606374398E1));
#3358=CARTESIAN_POINT('',(3.037666506660E1,1.709988751883E0,2.840605115856E1));
#3359=CARTESIAN_POINT('',(3.057333493340E1,1.709986308848E0,2.840603857314E1));
#3360=CARTESIAN_POINT('',(3.077000480019E1,1.709983865813E0,2.840602598772E1));
#3361=CARTESIAN_POINT('',(3.017999519981E1,1.690007840434E0,2.840522438980E1));
#3362=CARTESIAN_POINT('',(3.037666506660E1,1.689999800317E0,2.840518235852E1));
#3363=CARTESIAN_POINT('',(3.057333493340E1,1.689991760201E0,2.840514032724E1));
#3364=CARTESIAN_POINT('',(3.077000480019E1,1.689983720084E0,2.840509829596E1));
#3365=B_SPLINE_SURFACE_WITH_KNOTS('',3,3,((#3313,#3314,#3315,#3316),(#3317,
#3318,#3319,#3320),(#3321,#3322,#3323,#3324),(#3325,#3326,#3327,#3328),(#3329,
#3330,#3331,#3332),(#3333,#3334,#3335,#3336),(#3337,#3338,#3339,#3340),(#3341,
#3342,#3343,#3344),(#3345,#3346,#3347,#3348),(#3349,#3350,#3351,#3352),(#3353,
#3354,#3355,#3356),(#3357,#3358,#3359,#3360),(#3361,#3362,#3363,#3364)),
.UNSPECIFIED.,.F.,.F.,.F.,(4,1,1,1,1,1,1,1,1,1,4),(4,4),(-1.363952927342E-2,
0.E0,1.25E-1,2.5E-1,3.75E-1,5.E-1,6.25E-1,7.5E-1,8.75E-1,1.E0,1.013645363988E0),
(-3.428708576914E-1,1.342870857691E0),.UNSPECIFIED.);
#3366=ORIENTED_EDGE('',*,*,#2340,.F.);
#3367=ORIENTED_EDGE('',*,*,#3308,.T.);
#3368=ORIENTED_EDGE('',*,*,#2802,.T.);
#3369=ORIENTED_EDGE('',*,*,#3305,.F.);
#3370=EDGE_LOOP('',(#3366,#3367,#3368,#3369));
#3371=FACE_OUTER_BOUND('',#3370,.F.);
#3373=CARTESIAN_POINT('',(3.017999519981E1,1.690058680676E0,2.600824610627E1));
#3374=CARTESIAN_POINT('',(3.037666506660E1,1.690047039846E0,2.600830730104E1));
#3375=CARTESIAN_POINT('',(3.057333493340E1,1.690035399015E0,2.600836849581E1));
#3376=CARTESIAN_POINT('',(3.077000480019E1,1.690023758184E0,2.600842969058E1));
#3377=CARTESIAN_POINT('',(3.017999519981E1,1.710012498204E0,2.600707407994E1));
#3378=CARTESIAN_POINT('',(3.037666506660E1,1.710009079955E0,2.600709163190E1));
#3379=CARTESIAN_POINT('',(3.057333493340E1,1.710005661705E0,2.600710918385E1));
#3380=CARTESIAN_POINT('',(3.077000480019E1,1.710002243456E0,2.600712673580E1));
#3381=CARTESIAN_POINT('',(3.017999519981E1,1.860894420010E0,2.600259403275E1));
#3382=CARTESIAN_POINT('',(3.037666506660E1,1.860915457067E0,2.600249329335E1));
#3383=CARTESIAN_POINT('',(3.057333493340E1,1.860936494125E0,2.600239255395E1));
#3384=CARTESIAN_POINT('',(3.077000480019E1,1.860957531182E0,2.600229181456E1));
#3385=CARTESIAN_POINT('',(3.017999519981E1,2.142797088174E0,2.605784375155E1));
#3386=CARTESIAN_POINT('',(3.037666506660E1,2.142538038859E0,2.605898955713E1));
#3387=CARTESIAN_POINT('',(3.057333493340E1,2.142278989543E0,2.606013536271E1));
#3388=CARTESIAN_POINT('',(3.077000480019E1,2.142019940228E0,2.606128116829E1));
#3389=CARTESIAN_POINT('',(3.017999519981E1,2.475297819191E0,2.628121886898E1));
#3390=CARTESIAN_POINT('',(3.037666506660E1,2.475657986587E0,2.628081426094E1));
#3391=CARTESIAN_POINT('',(3.057333493340E1,2.476018153984E0,2.628040965290E1));
#3392=CARTESIAN_POINT('',(3.077000480019E1,2.476378321380E0,2.628000504487E1));
#3393=CARTESIAN_POINT('',(3.017999519981E1,2.698652322181E0,2.661354961931E1));
#3394=CARTESIAN_POINT('',(3.037666506660E1,2.697470701911E0,2.661402224589E1));
#3395=CARTESIAN_POINT('',(3.057333493340E1,2.696289081641E0,2.661449487246E1));
#3396=CARTESIAN_POINT('',(3.077000480019E1,2.695107461370E0,2.661496749903E1));
#3397=CARTESIAN_POINT('',(3.017999519981E1,2.775673838894E0,2.700648492214E1));
#3398=CARTESIAN_POINT('',(3.037666506660E1,2.776264649035E0,2.700648492222E1));
#3399=CARTESIAN_POINT('',(3.057333493340E1,2.776855459177E0,2.700648492229E1));
#3400=CARTESIAN_POINT('',(3.077000480019E1,2.777446269319E0,2.700648492236E1));
#3401=CARTESIAN_POINT('',(3.017999519981E1,2.698652322244E0,2.739942022603E1));
#3402=CARTESIAN_POINT('',(3.037666506660E1,2.697470701947E0,2.739894759916E1));
#3403=CARTESIAN_POINT('',(3.057333493340E1,2.696289081651E0,2.739847497229E1));
#3404=CARTESIAN_POINT('',(3.077000480019E1,2.695107461354E0,2.739800234543E1));
#3405=CARTESIAN_POINT('',(3.017999519981E1,2.475297818942E0,2.773175097319E1));
#3406=CARTESIAN_POINT('',(3.037666506660E1,2.475657986442E0,2.773215558226E1));
#3407=CARTESIAN_POINT('',(3.057333493340E1,2.476018153943E0,2.773256019133E1));
#3408=CARTESIAN_POINT('',(3.077000480019E1,2.476378321444E0,2.773296480040E1));
#3409=CARTESIAN_POINT('',(3.017999519981E1,2.142797089109E0,2.795512610225E1));
#3410=CARTESIAN_POINT('',(3.037666506660E1,2.142538039403E0,2.795398029283E1));
#3411=CARTESIAN_POINT('',(3.057333493340E1,2.142278989696E0,2.795283448342E1));
#3412=CARTESIAN_POINT('',(3.077000480019E1,2.142019939989E0,2.795168867400E1));
#3413=CARTESIAN_POINT('',(3.017999519981E1,1.860878330410E0,2.801037894288E1));
#3414=CARTESIAN_POINT('',(3.037666506660E1,1.860899384388E0,2.801047976260E1));
#3415=CARTESIAN_POINT('',(3.057333493340E1,1.860920438367E0,2.801058058232E1));
#3416=CARTESIAN_POINT('',(3.077000480019E1,1.860941492346E0,2.801068140204E1));
#3417=CARTESIAN_POINT('',(3.017999519981E1,1.709980339244E0,2.800589481624E1));
#3418=CARTESIAN_POINT('',(3.037666506660E1,1.709976915488E0,2.800587723621E1));
#3419=CARTESIAN_POINT('',(3.057333493340E1,1.709973491733E0,2.800585965618E1));
#3420=CARTESIAN_POINT('',(3.077000480019E1,1.709970067977E0,2.800584207615E1));
#3421=CARTESIAN_POINT('',(3.017999519981E1,1.690010536119E0,2.800472090937E1));
#3422=CARTESIAN_POINT('',(3.037666506660E1,1.689998875440E0,2.800465960925E1));
#3423=CARTESIAN_POINT('',(3.057333493340E1,1.689987214760E0,2.800459830912E1));
#3424=CARTESIAN_POINT('',(3.077000480019E1,1.689975554081E0,2.800453700900E1));
#3425=B_SPLINE_SURFACE_WITH_KNOTS('',3,3,((#3373,#3374,#3375,#3376),(#3377,
#3378,#3379,#3380),(#3381,#3382,#3383,#3384),(#3385,#3386,#3387,#3388),(#3389,
#3390,#3391,#3392),(#3393,#3394,#3395,#3396),(#3397,#3398,#3399,#3400),(#3401,
#3402,#3403,#3404),(#3405,#3406,#3407,#3408),(#3409,#3410,#3411,#3412),(#3413,
#3414,#3415,#3416),(#3417,#3418,#3419,#3420),(#3421,#3422,#3423,#3424)),
.UNSPECIFIED.,.F.,.F.,.F.,(4,1,1,1,1,1,1,1,1,1,4),(4,4),(-1.909362365538E-2,
0.E0,1.25E-1,2.5E-1,3.75E-1,5.E-1,6.25E-1,7.5E-1,8.75E-1,1.E0,1.019108980040E0),
(-3.428708576915E-1,1.342870857691E0),.UNSPECIFIED.);
#3426=ORIENTED_EDGE('',*,*,#2374,.T.);
#3428=ORIENTED_EDGE('',*,*,#3427,.T.);
#3429=ORIENTED_EDGE('',*,*,#2806,.F.);
#3431=ORIENTED_EDGE('',*,*,#3430,.F.);
#3432=EDGE_LOOP('',(#3426,#3428,#3429,#3431));
#3433=FACE_OUTER_BOUND('',#3432,.F.);
#3435=CARTESIAN_POINT('',(3.017999519981E1,1.809941319318E0,2.800472373837E1));
#3436=CARTESIAN_POINT('',(3.037666506660E1,1.809952960149E0,2.800466254360E1));
#3437=CARTESIAN_POINT('',(3.057333493340E1,1.809964600980E0,2.800460134883E1));
#3438=CARTESIAN_POINT('',(3.077000480019E1,1.809976241810E0,2.800454015406E1));
#3439=CARTESIAN_POINT('',(3.017999519981E1,1.789987501793E0,2.800589576469E1));
#3440=CARTESIAN_POINT('',(3.037666506660E1,1.789990920042E0,2.800587821274E1));
#3441=CARTESIAN_POINT('',(3.057333493340E1,1.789994338291E0,2.800586066079E1));
#3442=CARTESIAN_POINT('',(3.077000480019E1,1.789997756540E0,2.800584310884E1));
#3443=CARTESIAN_POINT('',(3.017999519981E1,1.639105579989E0,2.801037581189E1));
#3444=CARTESIAN_POINT('',(3.037666506660E1,1.639084542931E0,2.801047655129E1));
#3445=CARTESIAN_POINT('',(3.057333493340E1,1.639063505873E0,2.801057729068E1));
#3446=CARTESIAN_POINT('',(3.077000480019E1,1.639042468816E0,2.801067803008E1));
#3447=CARTESIAN_POINT('',(3.017999519981E1,1.357202911826E0,2.795512609308E1));
#3448=CARTESIAN_POINT('',(3.037666506660E1,1.357461961141E0,2.795398028750E1));
#3449=CARTESIAN_POINT('',(3.057333493340E1,1.357721010457E0,2.795283448192E1));
#3450=CARTESIAN_POINT('',(3.077000480019E1,1.357980059772E0,2.795168867634E1));
#3451=CARTESIAN_POINT('',(3.017999519981E1,1.024702180809E0,2.773175097566E1));
#3452=CARTESIAN_POINT('',(3.037666506660E1,1.024342013413E0,2.773215558369E1));
#3453=CARTESIAN_POINT('',(3.057333493340E1,1.023981846016E0,2.773256019173E1));
#3454=CARTESIAN_POINT('',(3.077000480019E1,1.023621678620E0,2.773296479977E1));
#3455=CARTESIAN_POINT('',(3.017999519981E1,8.013476778185E-1,2.739942022532E1));
#3456=CARTESIAN_POINT('',(3.037666506660E1,8.025292980890E-1,2.739894759875E1));
#3457=CARTESIAN_POINT('',(3.057333493340E1,8.037109183594E-1,2.739847497218E1));
#3458=CARTESIAN_POINT('',(3.077000480019E1,8.048925386298E-1,2.739800234561E1));
#3459=CARTESIAN_POINT('',(3.017999519981E1,7.243261611063E-1,2.700648492249E1));
#3460=CARTESIAN_POINT('',(3.037666506660E1,7.237353509646E-1,2.700648492242E1));
#3461=CARTESIAN_POINT('',(3.057333493340E1,7.231445408228E-1,2.700648492235E1));
#3462=CARTESIAN_POINT('',(3.077000480019E1,7.225537306811E-1,2.700648492227E1));
#3463=CARTESIAN_POINT('',(3.017999519981E1,8.013476777562E-1,2.661354961861E1));
#3464=CARTESIAN_POINT('',(3.037666506660E1,8.025292980527E-1,2.661402224548E1));
#3465=CARTESIAN_POINT('',(3.057333493340E1,8.037109183492E-1,2.661449487234E1));
#3466=CARTESIAN_POINT('',(3.077000480019E1,8.048925386457E-1,2.661496749921E1));
#3467=CARTESIAN_POINT('',(3.017999519981E1,1.024702181058E0,2.628121887145E1));
#3468=CARTESIAN_POINT('',(3.037666506660E1,1.024342013558E0,2.628081426238E1));
#3469=CARTESIAN_POINT('',(3.057333493340E1,1.023981846057E0,2.628040965331E1));
#3470=CARTESIAN_POINT('',(3.077000480019E1,1.023621678556E0,2.628000504424E1));
#3471=CARTESIAN_POINT('',(3.017999519981E1,1.357202910891E0,2.605784374239E1));
#3472=CARTESIAN_POINT('',(3.037666506660E1,1.357461960597E0,2.605898955180E1));
#3473=CARTESIAN_POINT('',(3.057333493340E1,1.357721010304E0,2.606013536122E1));
#3474=CARTESIAN_POINT('',(3.077000480019E1,1.357980060011E0,2.606128117063E1));
#3475=CARTESIAN_POINT('',(3.017999519981E1,1.639121669499E0,2.600259090177E1));
#3476=CARTESIAN_POINT('',(3.037666506660E1,1.639100615520E0,2.600249008206E1));
#3477=CARTESIAN_POINT('',(3.057333493340E1,1.639079561542E0,2.600238926234E1));
#3478=CARTESIAN_POINT('',(3.077000480019E1,1.639058507563E0,2.600228844262E1));
#3479=CARTESIAN_POINT('',(3.017999519981E1,1.790019660573E0,2.600707502839E1));
#3480=CARTESIAN_POINT('',(3.037666506660E1,1.790023084329E0,2.600709260842E1));
#3481=CARTESIAN_POINT('',(3.057333493340E1,1.790026508085E0,2.600711018845E1));
#3482=CARTESIAN_POINT('',(3.077000480019E1,1.790029931840E0,2.600712776849E1));
#3483=CARTESIAN_POINT('',(3.017999519981E1,1.809989463608E0,2.600824893525E1));
#3484=CARTESIAN_POINT('',(3.037666506660E1,1.810001124287E0,2.600831023537E1));
#3485=CARTESIAN_POINT('',(3.057333493340E1,1.810012784966E0,2.600837153550E1));
#3486=CARTESIAN_POINT('',(3.077000480019E1,1.810024445646E0,2.600843283562E1));
#3487=B_SPLINE_SURFACE_WITH_KNOTS('',3,3,((#3435,#3436,#3437,#3438),(#3439,
#3440,#3441,#3442),(#3443,#3444,#3445,#3446),(#3447,#3448,#3449,#3450),(#3451,
#3452,#3453,#3454),(#3455,#3456,#3457,#3458),(#3459,#3460,#3461,#3462),(#3463,
#3464,#3465,#3466),(#3467,#3468,#3469,#3470),(#3471,#3472,#3473,#3474),(#3475,
#3476,#3477,#3478),(#3479,#3480,#3481,#3482),(#3483,#3484,#3485,#3486)),
.UNSPECIFIED.,.F.,.F.,.F.,(4,1,1,1,1,1,1,1,1,1,4),(4,4),(-1.909362365374E-2,
0.E0,1.25E-1,2.5E-1,3.75E-1,5.E-1,6.25E-1,7.5E-1,8.75E-1,1.E0,1.019108979953E0),
(-3.428708576915E-1,1.342870857691E0),.UNSPECIFIED.);
#3488=ORIENTED_EDGE('',*,*,#2376,.T.);
#3489=ORIENTED_EDGE('',*,*,#3430,.T.);
#3490=ORIENTED_EDGE('',*,*,#2808,.F.);
#3491=ORIENTED_EDGE('',*,*,#3427,.F.);
#3492=EDGE_LOOP('',(#3488,#3489,#3490,#3491));
#3493=FACE_OUTER_BOUND('',#3492,.F.);
#3495=CARTESIAN_POINT('',(3.017999519981E1,1.690058680678E0,1.200175914395E1));
#3496=CARTESIAN_POINT('',(3.037666506660E1,1.690047039847E0,1.200182033872E1));
#3497=CARTESIAN_POINT('',(3.057333493340E1,1.690035399016E0,1.200188153349E1));
#3498=CARTESIAN_POINT('',(3.077000480019E1,1.690023758186E0,1.200194272826E1));
#3499=CARTESIAN_POINT('',(3.017999519981E1,1.710012498205E0,1.200058711763E1));
#3500=CARTESIAN_POINT('',(3.037666506660E1,1.710009079955E0,1.200060466958E1));
#3501=CARTESIAN_POINT('',(3.057333493340E1,1.710005661706E0,1.200062222153E1));
#3502=CARTESIAN_POINT('',(3.077000480019E1,1.710002243457E0,1.200063977348E1));
#3503=CARTESIAN_POINT('',(3.017999519981E1,1.860894420010E0,1.199610707043E1));
#3504=CARTESIAN_POINT('',(3.037666506660E1,1.860915457068E0,1.199600633103E1));
#3505=CARTESIAN_POINT('',(3.057333493340E1,1.860936494125E0,1.199590559163E1));
#3506=CARTESIAN_POINT('',(3.077000480019E1,1.860957531183E0,1.199580485224E1));
#3507=CARTESIAN_POINT('',(3.017999519981E1,2.142797088174E0,1.205135678924E1));
#3508=CARTESIAN_POINT('',(3.037666506660E1,2.142538038859E0,1.205250259482E1));
#3509=CARTESIAN_POINT('',(3.057333493340E1,2.142278989543E0,1.205364840040E1));
#3510=CARTESIAN_POINT('',(3.077000480019E1,2.142019940228E0,1.205479420598E1));
#3511=CARTESIAN_POINT('',(3.017999519981E1,2.475297819191E0,1.227473190666E1));
#3512=CARTESIAN_POINT('',(3.037666506660E1,2.475657986587E0,1.227432729862E1));
#3513=CARTESIAN_POINT('',(3.057333493340E1,2.476018153984E0,1.227392269059E1));
#3514=CARTESIAN_POINT('',(3.077000480019E1,2.476378321380E0,1.227351808255E1));
#3515=CARTESIAN_POINT('',(3.017999519981E1,2.698652322181E0,1.260706265700E1));
#3516=CARTESIAN_POINT('',(3.037666506660E1,2.697470701911E0,1.260753528357E1));
#3517=CARTESIAN_POINT('',(3.057333493340E1,2.696289081641E0,1.260800791014E1));
#3518=CARTESIAN_POINT('',(3.077000480019E1,2.695107461370E0,1.260848053671E1));
#3519=CARTESIAN_POINT('',(3.017999519981E1,2.775673838894E0,1.299999795982E1));
#3520=CARTESIAN_POINT('',(3.037666506660E1,2.776264649035E0,1.299999795990E1));
#3521=CARTESIAN_POINT('',(3.057333493340E1,2.776855459177E0,1.299999795997E1));
#3522=CARTESIAN_POINT('',(3.077000480019E1,2.777446269319E0,1.299999796005E1));
#3523=CARTESIAN_POINT('',(3.017999519981E1,2.698652322244E0,1.339293326371E1));
#3524=CARTESIAN_POINT('',(3.037666506660E1,2.697470701947E0,1.339246063684E1));
#3525=CARTESIAN_POINT('',(3.057333493340E1,2.696289081651E0,1.339198800997E1));
#3526=CARTESIAN_POINT('',(3.077000480019E1,2.695107461354E0,1.339151538311E1));
#3527=CARTESIAN_POINT('',(3.017999519981E1,2.475297818942E0,1.372526401087E1));
#3528=CARTESIAN_POINT('',(3.037666506660E1,2.475657986442E0,1.372566861994E1));
#3529=CARTESIAN_POINT('',(3.057333493340E1,2.476018153943E0,1.372607322901E1));
#3530=CARTESIAN_POINT('',(3.077000480019E1,2.476378321444E0,1.372647783808E1));
#3531=CARTESIAN_POINT('',(3.017999519981E1,2.142797089109E0,1.394863913993E1));
#3532=CARTESIAN_POINT('',(3.037666506660E1,2.142538039403E0,1.394749333051E1));
#3533=CARTESIAN_POINT('',(3.057333493340E1,2.142278989696E0,1.394634752110E1));
#3534=CARTESIAN_POINT('',(3.077000480019E1,2.142019939989E0,1.394520171169E1));
#3535=CARTESIAN_POINT('',(3.017999519981E1,1.860878330430E0,1.400389198056E1));
#3536=CARTESIAN_POINT('',(3.037666506660E1,1.860899384408E0,1.400399280028E1));
#3537=CARTESIAN_POINT('',(3.057333493340E1,1.860920438387E0,1.400409362E1));
#3538=CARTESIAN_POINT('',(3.077000480019E1,1.860941492366E0,1.400419443971E1));
#3539=CARTESIAN_POINT('',(3.017999519981E1,1.709980339284E0,1.399940785392E1));
#3540=CARTESIAN_POINT('',(3.037666506660E1,1.709976915528E0,1.399939027389E1));
#3541=CARTESIAN_POINT('',(3.057333493340E1,1.709973491773E0,1.399937269386E1));
#3542=CARTESIAN_POINT('',(3.077000480019E1,1.709970068017E0,1.399935511383E1));
#3543=CARTESIAN_POINT('',(3.017999519981E1,1.690010536179E0,1.399823394706E1));
#3544=CARTESIAN_POINT('',(3.037666506660E1,1.689998875500E0,1.399817264693E1));
#3545=CARTESIAN_POINT('',(3.057333493340E1,1.689987214820E0,1.399811134681E1));
#3546=CARTESIAN_POINT('',(3.077000480019E1,1.689975554141E0,1.399805004669E1));
#3547=B_SPLINE_SURFACE_WITH_KNOTS('',3,3,((#3495,#3496,#3497,#3498),(#3499,
#3500,#3501,#3502),(#3503,#3504,#3505,#3506),(#3507,#3508,#3509,#3510),(#3511,
#3512,#3513,#3514),(#3515,#3516,#3517,#3518),(#3519,#3520,#3521,#3522),(#3523,
#3524,#3525,#3526),(#3527,#3528,#3529,#3530),(#3531,#3532,#3533,#3534),(#3535,
#3536,#3537,#3538),(#3539,#3540,#3541,#3542),(#3543,#3544,#3545,#3546)),
.UNSPECIFIED.,.F.,.F.,.F.,(4,1,1,1,1,1,1,1,1,1,4),(4,4),(-1.909362365502E-2,
0.E0,1.25E-1,2.5E-1,3.75E-1,5.E-1,6.25E-1,7.5E-1,8.75E-1,1.E0,1.019108980021E0),
(-3.428708576915E-1,1.342870857691E0),.UNSPECIFIED.);
#3548=ORIENTED_EDGE('',*,*,#2386,.T.);
#3550=ORIENTED_EDGE('',*,*,#3549,.T.);
#3551=ORIENTED_EDGE('',*,*,#2836,.F.);
#3553=ORIENTED_EDGE('',*,*,#3552,.F.);
#3554=EDGE_LOOP('',(#3548,#3550,#3551,#3553));
#3555=FACE_OUTER_BOUND('',#3554,.F.);
#3557=CARTESIAN_POINT('',(3.017999519981E1,1.809941319321E0,1.399823677605E1));
#3558=CARTESIAN_POINT('',(3.037666506660E1,1.809952960152E0,1.399817558128E1));
#3559=CARTESIAN_POINT('',(3.057333493340E1,1.809964600982E0,1.399811438651E1));
#3560=CARTESIAN_POINT('',(3.077000480019E1,1.809976241813E0,1.399805319174E1));
#3561=CARTESIAN_POINT('',(3.017999519981E1,1.789987501795E0,1.399940880237E1));
#3562=CARTESIAN_POINT('',(3.037666506660E1,1.789990920044E0,1.399939125042E1));
#3563=CARTESIAN_POINT('',(3.057333493340E1,1.789994338293E0,1.399937369847E1));
#3564=CARTESIAN_POINT('',(3.077000480019E1,1.789997756542E0,1.399935614652E1));
#3565=CARTESIAN_POINT('',(3.017999519981E1,1.639105579989E0,1.400388884957E1));
#3566=CARTESIAN_POINT('',(3.037666506660E1,1.639084542932E0,1.400398958897E1));
#3567=CARTESIAN_POINT('',(3.057333493340E1,1.639063505874E0,1.400409032837E1));
#3568=CARTESIAN_POINT('',(3.077000480019E1,1.639042468817E0,1.400419106776E1));
#3569=CARTESIAN_POINT('',(3.017999519981E1,1.357202911826E0,1.394863913076E1));
#3570=CARTESIAN_POINT('',(3.037666506660E1,1.357461961141E0,1.394749332519E1));
#3571=CARTESIAN_POINT('',(3.057333493340E1,1.357721010457E0,1.394634751961E1));
#3572=CARTESIAN_POINT('',(3.077000480019E1,1.357980059772E0,1.394520171403E1));
#3573=CARTESIAN_POINT('',(3.017999519981E1,1.024702180809E0,1.372526401334E1));
#3574=CARTESIAN_POINT('',(3.037666506660E1,1.024342013413E0,1.372566862138E1));
#3575=CARTESIAN_POINT('',(3.057333493340E1,1.023981846016E0,1.372607322941E1));
#3576=CARTESIAN_POINT('',(3.077000480019E1,1.023621678620E0,1.372647783745E1));
#3577=CARTESIAN_POINT('',(3.017999519981E1,8.013476778185E-1,1.339293326300E1));
#3578=CARTESIAN_POINT('',(3.037666506660E1,8.025292980890E-1,1.339246063643E1));
#3579=CARTESIAN_POINT('',(3.057333493340E1,8.037109183594E-1,1.339198800986E1));
#3580=CARTESIAN_POINT('',(3.077000480019E1,8.048925386298E-1,1.339151538329E1));
#3581=CARTESIAN_POINT('',(3.017999519981E1,7.243261611063E-1,1.299999796018E1));
#3582=CARTESIAN_POINT('',(3.037666506660E1,7.237353509646E-1,1.299999796010E1));
#3583=CARTESIAN_POINT('',(3.057333493340E1,7.231445408228E-1,1.299999796003E1));
#3584=CARTESIAN_POINT('',(3.077000480019E1,7.225537306811E-1,1.299999795996E1));
#3585=CARTESIAN_POINT('',(3.017999519981E1,8.013476777562E-1,1.260706265629E1));
#3586=CARTESIAN_POINT('',(3.037666506660E1,8.025292980527E-1,1.260753528316E1));
#3587=CARTESIAN_POINT('',(3.057333493340E1,8.037109183492E-1,1.260800791003E1));
#3588=CARTESIAN_POINT('',(3.077000480019E1,8.048925386457E-1,1.260848053689E1));
#3589=CARTESIAN_POINT('',(3.017999519981E1,1.024702181058E0,1.227473190913E1));
#3590=CARTESIAN_POINT('',(3.037666506660E1,1.024342013558E0,1.227432730006E1));
#3591=CARTESIAN_POINT('',(3.057333493340E1,1.023981846057E0,1.227392269099E1));
#3592=CARTESIAN_POINT('',(3.077000480019E1,1.023621678556E0,1.227351808192E1));
#3593=CARTESIAN_POINT('',(3.017999519981E1,1.357202910891E0,1.205135678007E1));
#3594=CARTESIAN_POINT('',(3.037666506660E1,1.357461960597E0,1.205250258949E1));
#3595=CARTESIAN_POINT('',(3.057333493340E1,1.357721010304E0,1.205364839890E1));
#3596=CARTESIAN_POINT('',(3.077000480019E1,1.357980060011E0,1.205479420832E1));
#3597=CARTESIAN_POINT('',(3.017999519981E1,1.639121669546E0,1.199610393945E1));
#3598=CARTESIAN_POINT('',(3.037666506660E1,1.639100615567E0,1.199600311973E1));
#3599=CARTESIAN_POINT('',(3.057333493340E1,1.639079561588E0,1.199590230001E1));
#3600=CARTESIAN_POINT('',(3.077000480019E1,1.639058507610E0,1.199580148029E1));
#3601=CARTESIAN_POINT('',(3.017999519981E1,1.790019660667E0,1.200058806607E1));
#3602=CARTESIAN_POINT('',(3.037666506660E1,1.790023084423E0,1.200060564611E1));
#3603=CARTESIAN_POINT('',(3.057333493340E1,1.790026508179E0,1.200062322614E1));
#3604=CARTESIAN_POINT('',(3.077000480019E1,1.790029931934E0,1.200064080617E1));
#3605=CARTESIAN_POINT('',(3.017999519981E1,1.809989463748E0,1.200176197294E1));
#3606=CARTESIAN_POINT('',(3.037666506660E1,1.810001124427E0,1.200182327306E1));
#3607=CARTESIAN_POINT('',(3.057333493340E1,1.810012785107E0,1.200188457319E1));
#3608=CARTESIAN_POINT('',(3.077000480019E1,1.810024445786E0,1.200194587331E1));
#3609=B_SPLINE_SURFACE_WITH_KNOTS('',3,3,((#3557,#3558,#3559,#3560),(#3561,
#3562,#3563,#3564),(#3565,#3566,#3567,#3568),(#3569,#3570,#3571,#3572),(#3573,
#3574,#3575,#3576),(#3577,#3578,#3579,#3580),(#3581,#3582,#3583,#3584),(#3585,
#3586,#3587,#3588),(#3589,#3590,#3591,#3592),(#3593,#3594,#3595,#3596),(#3597,
#3598,#3599,#3600),(#3601,#3602,#3603,#3604),(#3605,#3606,#3607,#3608)),
.UNSPECIFIED.,.F.,.F.,.F.,(4,1,1,1,1,1,1,1,1,1,4),(4,4),(-1.909362365458E-2,
0.E0,1.25E-1,2.5E-1,3.75E-1,5.E-1,6.25E-1,7.5E-1,8.75E-1,1.E0,1.019108979998E0),
(-3.428708576915E-1,1.342870857691E0),.UNSPECIFIED.);
#3610=ORIENTED_EDGE('',*,*,#2388,.T.);
#3611=ORIENTED_EDGE('',*,*,#3552,.T.);
#3612=ORIENTED_EDGE('',*,*,#2838,.F.);
#3613=ORIENTED_EDGE('',*,*,#3549,.F.);
#3614=EDGE_LOOP('',(#3610,#3611,#3612,#3613));
#3615=FACE_OUTER_BOUND('',#3614,.F.);
#3617=CARTESIAN_POINT('',(3.017999519981E1,1.809989374852E0,1.439873754444E1));
#3618=CARTESIAN_POINT('',(3.037666506660E1,1.809997414188E0,1.439869551727E1));
#3619=CARTESIAN_POINT('',(3.057333493340E1,1.810005453525E0,1.439865349009E1));
#3620=CARTESIAN_POINT('',(3.077000480019E1,1.810013492861E0,1.439861146292E1));
#3621=CARTESIAN_POINT('',(3.017999519981E1,1.790006946720E0,1.439957682080E1));
#3622=CARTESIAN_POINT('',(3.037666506660E1,1.790009389528E0,1.439956423654E1));
#3623=CARTESIAN_POINT('',(3.057333493340E1,1.790011832336E0,1.439955165229E1));
#3624=CARTESIAN_POINT('',(3.077000480019E1,1.790014275144E0,1.439953906803E1));
#3625=CARTESIAN_POINT('',(3.017999519981E1,1.586755133589E0,1.440389014489E1));
#3626=CARTESIAN_POINT('',(3.037666506660E1,1.586734085381E0,1.440399115705E1));
#3627=CARTESIAN_POINT('',(3.057333493340E1,1.586713037174E0,1.440409216922E1));
#3628=CARTESIAN_POINT('',(3.077000480019E1,1.586691988967E0,1.440419318139E1));
#3629=CARTESIAN_POINT('',(3.017999519981E1,1.200084552872E0,1.432809078914E1));
#3630=CARTESIAN_POINT('',(3.037666506660E1,1.200447022603E0,1.432648867401E1));
#3631=CARTESIAN_POINT('',(3.057333493340E1,1.200809492334E0,1.432488655887E1));
#3632=CARTESIAN_POINT('',(3.077000480019E1,1.201171962065E0,1.432328444374E1));
#3633=CARTESIAN_POINT('',(3.017999519981E1,7.345829248922E-1,1.401537171730E1));
#3634=CARTESIAN_POINT('',(3.037666506660E1,7.340787441984E-1,1.401593763185E1));
#3635=CARTESIAN_POINT('',(3.057333493340E1,7.335745635046E-1,1.401650354640E1));
#3636=CARTESIAN_POINT('',(3.077000480019E1,7.330703828108E-1,1.401706946094E1));
#3637=CARTESIAN_POINT('',(3.017999519981E1,4.218867855921E-1,1.355010706361E1));
#3638=CARTESIAN_POINT('',(3.037666506660E1,4.235410386364E-1,1.354944552056E1));
#3639=CARTESIAN_POINT('',(3.057333493340E1,4.251952916807E-1,1.354878397751E1));
#3640=CARTESIAN_POINT('',(3.077000480019E1,4.268495447250E-1,1.354812243446E1));
#3641=CARTESIAN_POINT('',(3.017999519981E1,3.140566072050E-1,1.299999796001E1));
#3642=CARTESIAN_POINT('',(3.037666506660E1,3.132294806824E-1,1.299999796001E1));
#3643=CARTESIAN_POINT('',(3.057333493340E1,3.124023541598E-1,1.299999796E1));
#3644=CARTESIAN_POINT('',(3.077000480019E1,3.115752276372E-1,1.299999796E1));
#3645=CARTESIAN_POINT('',(3.017999519981E1,4.218867855879E-1,1.244988885634E1));
#3646=CARTESIAN_POINT('',(3.037666506660E1,4.235410386339E-1,1.245055039941E1));
#3647=CARTESIAN_POINT('',(3.057333493340E1,4.251952916800E-1,1.245121194248E1));
#3648=CARTESIAN_POINT('',(3.077000480019E1,4.268495447261E-1,1.245187348555E1));
#3649=CARTESIAN_POINT('',(3.017999519981E1,7.345829249090E-1,1.198462420287E1));
#3650=CARTESIAN_POINT('',(3.037666506660E1,7.340787442082E-1,1.198405828825E1));
#3651=CARTESIAN_POINT('',(3.057333493340E1,7.335745635074E-1,1.198349237363E1));
#3652=CARTESIAN_POINT('',(3.077000480019E1,7.330703828065E-1,1.198292645901E1));
#3653=CARTESIAN_POINT('',(3.017999519981E1,1.200084552809E0,1.167190513020E1));
#3654=CARTESIAN_POINT('',(3.037666506660E1,1.200447022566E0,1.167350724561E1));
#3655=CARTESIAN_POINT('',(3.057333493340E1,1.200809492324E0,1.167510936102E1));
#3656=CARTESIAN_POINT('',(3.077000480019E1,1.201171962081E0,1.167671147643E1));
#3657=CARTESIAN_POINT('',(3.017999519981E1,1.586756166023E0,1.159610557428E1));
#3658=CARTESIAN_POINT('',(3.037666506660E1,1.586735116731E0,1.159600455693E1));
#3659=CARTESIAN_POINT('',(3.057333493340E1,1.586714067438E0,1.159590353958E1));
#3660=CARTESIAN_POINT('',(3.077000480019E1,1.586693018146E0,1.159580252222E1));
#3661=CARTESIAN_POINT('',(3.017999519981E1,1.790009010355E0,1.160041914266E1));
#3662=CARTESIAN_POINT('',(3.037666506660E1,1.790011453415E0,1.160043172821E1));
#3663=CARTESIAN_POINT('',(3.057333493340E1,1.790013896475E0,1.160044431376E1));
#3664=CARTESIAN_POINT('',(3.077000480019E1,1.790016339536E0,1.160045689931E1));
#3665=CARTESIAN_POINT('',(3.017999519981E1,1.809992467164E0,1.160125850544E1));
#3666=CARTESIAN_POINT('',(3.037666506660E1,1.810000507367E0,1.160130053717E1));
#3667=CARTESIAN_POINT('',(3.057333493340E1,1.810008547569E0,1.160134256890E1));
#3668=CARTESIAN_POINT('',(3.077000480019E1,1.810016587772E0,1.160138460063E1));
#3669=B_SPLINE_SURFACE_WITH_KNOTS('',3,3,((#3617,#3618,#3619,#3620),(#3621,
#3622,#3623,#3624),(#3625,#3626,#3627,#3628),(#3629,#3630,#3631,#3632),(#3633,
#3634,#3635,#3636),(#3637,#3638,#3639,#3640),(#3641,#3642,#3643,#3644),(#3645,
#3646,#3647,#3648),(#3649,#3650,#3651,#3652),(#3653,#3654,#3655,#3656),(#3657,
#3658,#3659,#3660),(#3661,#3662,#3663,#3664),(#3665,#3666,#3667,#3668)),
.UNSPECIFIED.,.F.,.F.,.F.,(4,1,1,1,1,1,1,1,1,1,4),(4,4),(-1.364473015275E-2,
0.E0,1.25E-1,2.5E-1,3.75E-1,5.E-1,6.25E-1,7.5E-1,8.75E-1,1.E0,1.013645434001E0),
(-3.428708576915E-1,1.342870857691E0),.UNSPECIFIED.);
#3670=ORIENTED_EDGE('',*,*,#2316,.F.);
#3672=ORIENTED_EDGE('',*,*,#3671,.T.);
#3673=ORIENTED_EDGE('',*,*,#2830,.T.);
#3675=ORIENTED_EDGE('',*,*,#3674,.F.);
#3676=EDGE_LOOP('',(#3670,#3672,#3673,#3675));
#3677=FACE_OUTER_BOUND('',#3676,.F.);
#3679=CARTESIAN_POINT('',(3.017999519981E1,1.690033455281E0,1.160125741686E1));
#3680=CARTESIAN_POINT('',(3.037666506660E1,1.690025422337E0,1.160129941040E1));
#3681=CARTESIAN_POINT('',(3.057333493340E1,1.690017389393E0,1.160134140394E1));
#3682=CARTESIAN_POINT('',(3.077000480019E1,1.690009356449E0,1.160138339749E1));
#3683=CARTESIAN_POINT('',(3.017999519981E1,1.710008288823E0,1.160041877842E1));
#3684=CARTESIAN_POINT('',(3.037666506660E1,1.710005847876E0,1.160043135313E1));
#3685=CARTESIAN_POINT('',(3.057333493340E1,1.710003406929E0,1.160044392783E1));
#3686=CARTESIAN_POINT('',(3.077000480019E1,1.710000965982E0,1.160045650253E1));
#3687=CARTESIAN_POINT('',(3.017999519981E1,1.913252488738E0,1.159610725786E1));
#3688=CARTESIAN_POINT('',(3.037666506660E1,1.913273528932E0,1.159600628397E1));
#3689=CARTESIAN_POINT('',(3.057333493340E1,1.913294569126E0,1.159590531008E1));
#3690=CARTESIAN_POINT('',(3.077000480019E1,1.913315609320E0,1.159580433619E1));
#3691=CARTESIAN_POINT('',(3.017999519981E1,2.299915446661E0,1.167190513569E1));
#3692=CARTESIAN_POINT('',(3.037666506660E1,2.299552977126E0,1.167350724880E1));
#3693=CARTESIAN_POINT('',(3.057333493340E1,2.299190507590E0,1.167510936192E1));
#3694=CARTESIAN_POINT('',(3.077000480019E1,2.298828038054E0,1.167671147503E1));
#3695=CARTESIAN_POINT('',(3.017999519981E1,2.765417075233E0,1.198462420140E1));
#3696=CARTESIAN_POINT('',(3.037666506660E1,2.765921255874E0,1.198405828740E1));
#3697=CARTESIAN_POINT('',(3.057333493340E1,2.766425436516E0,1.198349237339E1));
#3698=CARTESIAN_POINT('',(3.077000480019E1,2.766929617157E0,1.198292645939E1));
#3699=CARTESIAN_POINT('',(3.017999519981E1,3.078113214375E0,1.244988885674E1));
#3700=CARTESIAN_POINT('',(3.037666506660E1,3.076458961344E0,1.245055039965E1));
#3701=CARTESIAN_POINT('',(3.057333493340E1,3.074804708314E0,1.245121194255E1));
#3702=CARTESIAN_POINT('',(3.077000480019E1,3.073150455284E0,1.245187348545E1));
#3703=CARTESIAN_POINT('',(3.017999519981E1,3.185943392804E0,1.299999795989E1));
#3704=CARTESIAN_POINT('',(3.037666506660E1,3.186770519323E0,1.299999795994E1));
#3705=CARTESIAN_POINT('',(3.057333493340E1,3.187597645842E0,1.299999795998E1));
#3706=CARTESIAN_POINT('',(3.077000480019E1,3.188424772361E0,1.299999796003E1));
#3707=CARTESIAN_POINT('',(3.017999519981E1,3.078113214411E0,1.355010706370E1));
#3708=CARTESIAN_POINT('',(3.037666506660E1,3.076458961366E0,1.354944552061E1));
#3709=CARTESIAN_POINT('',(3.057333493340E1,3.074804708320E0,1.354878397752E1));
#3710=CARTESIAN_POINT('',(3.077000480019E1,3.073150455274E0,1.354812243444E1));
#3711=CARTESIAN_POINT('',(3.017999519981E1,2.765417075085E0,1.401537171706E1));
#3712=CARTESIAN_POINT('',(3.037666506660E1,2.765921255789E0,1.401593763171E1));
#3713=CARTESIAN_POINT('',(3.057333493340E1,2.766425436492E0,1.401650354636E1));
#3714=CARTESIAN_POINT('',(3.077000480019E1,2.766929617195E0,1.401706946101E1));
#3715=CARTESIAN_POINT('',(3.017999519981E1,2.299915447214E0,1.432809079004E1));
#3716=CARTESIAN_POINT('',(3.037666506660E1,2.299552977447E0,1.432648867453E1));
#3717=CARTESIAN_POINT('',(3.057333493340E1,2.299190507680E0,1.432488655902E1));
#3718=CARTESIAN_POINT('',(3.077000480019E1,2.298828037913E0,1.432328444351E1));
#3719=CARTESIAN_POINT('',(3.017999519981E1,1.913243452813E0,1.440389041987E1));
#3720=CARTESIAN_POINT('',(3.037666506660E1,1.913264502506E0,1.440399143914E1));
#3721=CARTESIAN_POINT('',(3.057333493340E1,1.913285552199E0,1.440409245840E1));
#3722=CARTESIAN_POINT('',(3.077000480019E1,1.913306601892E0,1.440419347766E1));
#3723=CARTESIAN_POINT('',(3.017999519981E1,1.709990227772E0,1.439957676130E1));
#3724=CARTESIAN_POINT('',(3.037666506660E1,1.709987784619E0,1.439956417527E1));
#3725=CARTESIAN_POINT('',(3.057333493340E1,1.709985341466E0,1.439955158924E1));
#3726=CARTESIAN_POINT('',(3.077000480019E1,1.709982898313E0,1.439953900321E1));
#3727=CARTESIAN_POINT('',(3.017999519981E1,1.690006391187E0,1.439873736661E1));
#3728=CARTESIAN_POINT('',(3.037666506660E1,1.689998350665E0,1.439869533319E1));
#3729=CARTESIAN_POINT('',(3.057333493340E1,1.689990310142E0,1.439865329978E1));
#3730=CARTESIAN_POINT('',(3.077000480019E1,1.689982269620E0,1.439861126637E1));
#3731=B_SPLINE_SURFACE_WITH_KNOTS('',3,3,((#3679,#3680,#3681,#3682),(#3683,
#3684,#3685,#3686),(#3687,#3688,#3689,#3690),(#3691,#3692,#3693,#3694),(#3695,
#3696,#3697,#3698),(#3699,#3700,#3701,#3702),(#3703,#3704,#3705,#3706),(#3707,
#3708,#3709,#3710),(#3711,#3712,#3713,#3714),(#3715,#3716,#3717,#3718),(#3719,
#3720,#3721,#3722),(#3723,#3724,#3725,#3726),(#3727,#3728,#3729,#3730)),
.UNSPECIFIED.,.F.,.F.,.F.,(4,1,1,1,1,1,1,1,1,1,4),(4,4),(-1.363953373926E-2,
0.E0,1.25E-1,2.5E-1,3.75E-1,5.E-1,6.25E-1,7.5E-1,8.75E-1,1.E0,1.013645693854E0),
(-3.428708576915E-1,1.342870857691E0),.UNSPECIFIED.);
#3732=ORIENTED_EDGE('',*,*,#2318,.F.);
#3733=ORIENTED_EDGE('',*,*,#3674,.T.);
#3734=ORIENTED_EDGE('',*,*,#2832,.T.);
#3735=ORIENTED_EDGE('',*,*,#3671,.F.);
#3736=EDGE_LOOP('',(#3732,#3733,#3734,#3735));
#3737=FACE_OUTER_BOUND('',#3736,.F.);
#3739=CARTESIAN_POINT('',(3.017999519981E1,1.809966472957E0,-1.614234018479E0));
#3740=CARTESIAN_POINT('',(3.037666506660E1,1.809974505880E0,-1.614276011917E0));
#3741=CARTESIAN_POINT('',(3.057333493340E1,1.809982538804E0,-1.614318005355E0));
#3742=CARTESIAN_POINT('',(3.077000480019E1,1.809990571728E0,-1.614359998793E0));
#3743=CARTESIAN_POINT('',(3.017999519981E1,1.789991663287E0,-1.613395382052E0));
#3744=CARTESIAN_POINT('',(3.037666506660E1,1.789994104228E0,-1.613407956722E0));
#3745=CARTESIAN_POINT('',(3.057333493340E1,1.789996545169E0,-1.613420531393E0));
#3746=CARTESIAN_POINT('',(3.077000480019E1,1.789998986110E0,-1.613433106063E0));
#3747=CARTESIAN_POINT('',(3.017999519981E1,1.586747487302E0,-1.609083867155E0));
#3748=CARTESIAN_POINT('',(3.037666506660E1,1.586726447134E0,-1.608982893386E0));
#3749=CARTESIAN_POINT('',(3.057333493340E1,1.586705406965E0,-1.608881919617E0));
#3750=CARTESIAN_POINT('',(3.077000480019E1,1.586684366796E0,-1.608780945848E0));
#3751=CARTESIAN_POINT('',(3.017999519981E1,1.200084553340E0,-1.684881740343E0));
#3752=CARTESIAN_POINT('',(3.037666506660E1,1.200447022875E0,-1.686483853448E0));
#3753=CARTESIAN_POINT('',(3.057333493340E1,1.200809492410E0,-1.688085966554E0));
#3754=CARTESIAN_POINT('',(3.077000480019E1,1.201171961945E0,-1.689688079660E0));
#3755=CARTESIAN_POINT('',(3.017999519981E1,7.345829247668E-1,
-1.997600806032E0));
#3756=CARTESIAN_POINT('',(3.037666506660E1,7.340787441255E-1,
-1.997034892029E0));
#3757=CARTESIAN_POINT('',(3.057333493340E1,7.335745634842E-1,
-1.996468978027E0));
#3758=CARTESIAN_POINT('',(3.077000480019E1,7.330703828428E-1,
-1.995903064025E0));
#3759=CARTESIAN_POINT('',(3.017999519981E1,4.218867856256E-1,
-2.462865461378E0));
#3760=CARTESIAN_POINT('',(3.037666506660E1,4.235410386559E-1,
-2.463527004281E0));
#3761=CARTESIAN_POINT('',(3.057333493340E1,4.251952916862E-1,
-2.464188547184E0));
#3762=CARTESIAN_POINT('',(3.077000480019E1,4.268495447164E-1,
-2.464850090087E0));
#3763=CARTESIAN_POINT('',(3.017999519981E1,3.140566071960E-1,
-3.012974564530E0));
#3764=CARTESIAN_POINT('',(3.037666506660E1,3.132294806772E-1,
-3.012974564574E0));
#3765=CARTESIAN_POINT('',(3.057333493340E1,3.124023541584E-1,
-3.012974564618E0));
#3766=CARTESIAN_POINT('',(3.077000480019E1,3.115752276395E-1,
-3.012974564663E0));
#3767=CARTESIAN_POINT('',(3.017999519981E1,4.218867855902E-1,
-3.563083668318E0));
#3768=CARTESIAN_POINT('',(3.037666506660E1,4.235410386353E-1,
-3.562422125237E0));
#3769=CARTESIAN_POINT('',(3.057333493340E1,4.251952916804E-1,
-3.561760582157E0));
#3770=CARTESIAN_POINT('',(3.077000480019E1,4.268495447255E-1,
-3.561099039076E0));
#3771=CARTESIAN_POINT('',(3.017999519981E1,7.345829249086E-1,
-4.028348321754E0));
#3772=CARTESIAN_POINT('',(3.037666506660E1,7.340787442080E-1,
-4.028914236378E0));
#3773=CARTESIAN_POINT('',(3.057333493340E1,7.335745635073E-1,
-4.029480151002E0));
#3774=CARTESIAN_POINT('',(3.077000480019E1,7.330703828066E-1,
-4.030046065626E0));
#3775=CARTESIAN_POINT('',(3.017999519981E1,1.200084552808E0,-4.341067394447E0));
#3776=CARTESIAN_POINT('',(3.037666506660E1,1.200447022566E0,-4.339465279032E0));
#3777=CARTESIAN_POINT('',(3.057333493340E1,1.200809492323E0,-4.337863163617E0));
#3778=CARTESIAN_POINT('',(3.077000480019E1,1.201171962081E0,-4.336261048203E0));
#3779=CARTESIAN_POINT('',(3.017999519981E1,1.586756182441E0,-4.416866953553E0));
#3780=CARTESIAN_POINT('',(3.037666506660E1,1.586735133131E0,-4.416967970986E0));
#3781=CARTESIAN_POINT('',(3.057333493340E1,1.586714083822E0,-4.417068988419E0));
#3782=CARTESIAN_POINT('',(3.077000480019E1,1.586693034512E0,-4.417170005852E0));
#3783=CARTESIAN_POINT('',(3.017999519981E1,1.790009043171E0,-4.412553381286E0));
#3784=CARTESIAN_POINT('',(3.037666506660E1,1.790011486235E0,-4.412540795715E0));
#3785=CARTESIAN_POINT('',(3.057333493340E1,1.790013929299E0,-4.412528210144E0));
#3786=CARTESIAN_POINT('',(3.077000480019E1,1.790016372363E0,-4.412515624573E0));
#3787=CARTESIAN_POINT('',(3.017999519981E1,1.809992516338E0,-4.411714017131E0));
#3788=CARTESIAN_POINT('',(3.037666506660E1,1.810000556554E0,-4.411671985327E0));
#3789=CARTESIAN_POINT('',(3.057333493340E1,1.810008596770E0,-4.411629953523E0));
#3790=CARTESIAN_POINT('',(3.077000480019E1,1.810016636987E0,-4.411587921719E0));
#3791=B_SPLINE_SURFACE_WITH_KNOTS('',3,3,((#3739,#3740,#3741,#3742),(#3743,
#3744,#3745,#3746),(#3747,#3748,#3749,#3750),(#3751,#3752,#3753,#3754),(#3755,
#3756,#3757,#3758),(#3759,#3760,#3761,#3762),(#3763,#3764,#3765,#3766),(#3767,
#3768,#3769,#3770),(#3771,#3772,#3773,#3774),(#3775,#3776,#3777,#3778),(#3779,
#3780,#3781,#3782),(#3783,#3784,#3785,#3786),(#3787,#3788,#3789,#3790)),
.UNSPECIFIED.,.F.,.F.,.F.,(4,1,1,1,1,1,1,1,1,1,4),(4,4),(-1.363951740524E-2,
0.E0,1.25E-1,2.5E-1,3.75E-1,5.E-1,6.25E-1,7.5E-1,8.75E-1,1.E0,1.013645445193E0),
(-3.428708576915E-1,1.342870857691E0),.UNSPECIFIED.);
#3792=ORIENTED_EDGE('',*,*,#2294,.F.);
#3794=ORIENTED_EDGE('',*,*,#3793,.T.);
#3795=ORIENTED_EDGE('',*,*,#2860,.T.);
#3797=ORIENTED_EDGE('',*,*,#3796,.F.);
#3798=EDGE_LOOP('',(#3792,#3794,#3795,#3797));
#3799=FACE_OUTER_BOUND('',#3798,.F.);
#3801=CARTESIAN_POINT('',(3.017999519981E1,1.690022255130E0,-4.411714637500E0));
#3802=CARTESIAN_POINT('',(3.037666506660E1,1.690014219050E0,-4.411672627459E0));
#3803=CARTESIAN_POINT('',(3.057333493340E1,1.690006182971E0,-4.411630617418E0));
#3804=CARTESIAN_POINT('',(3.077000480019E1,1.689998146891E0,-4.411588607377E0));
#3805=CARTESIAN_POINT('',(3.017999519981E1,1.710000814475E0,-4.412553588858E0));
#3806=CARTESIAN_POINT('',(3.037666506660E1,1.709998372616E0,-4.412541009471E0));
#3807=CARTESIAN_POINT('',(3.057333493340E1,1.709995930756E0,-4.412528430083E0));
#3808=CARTESIAN_POINT('',(3.077000480019E1,1.709993488896E0,-4.412515850695E0));
#3809=CARTESIAN_POINT('',(3.017999519981E1,1.913248749330E0,-4.416865994192E0));
#3810=CARTESIAN_POINT('',(3.037666506660E1,1.913269793455E0,-4.416966986859E0));
#3811=CARTESIAN_POINT('',(3.057333493340E1,1.913290837580E0,-4.417067979526E0));
#3812=CARTESIAN_POINT('',(3.077000480019E1,1.913311881705E0,-4.417168972194E0));
#3813=CARTESIAN_POINT('',(3.017999519981E1,2.299915446890E0,-4.341067391316E0));
#3814=CARTESIAN_POINT('',(3.037666506660E1,2.299552977259E0,-4.339465277211E0));
#3815=CARTESIAN_POINT('',(3.057333493340E1,2.299190507627E0,-4.337863163107E0));
#3816=CARTESIAN_POINT('',(3.077000480019E1,2.298828037996E0,-4.336261049002E0));
#3817=CARTESIAN_POINT('',(3.017999519981E1,2.765417075171E0,-4.028348322600E0));
#3818=CARTESIAN_POINT('',(3.037666506660E1,2.765921255839E0,-4.028914236870E0));
#3819=CARTESIAN_POINT('',(3.057333493340E1,2.766425436506E0,-4.029480151140E0));
#3820=CARTESIAN_POINT('',(3.077000480019E1,2.766929617173E0,-4.030046065410E0));
#3821=CARTESIAN_POINT('',(3.017999519981E1,3.078113214391E0,-3.563083668065E0));
#3822=CARTESIAN_POINT('',(3.037666506660E1,3.076458961354E0,-3.562422125090E0));
#3823=CARTESIAN_POINT('',(3.057333493340E1,3.074804708317E0,-3.561760582115E0));
#3824=CARTESIAN_POINT('',(3.077000480019E1,3.073150455279E0,-3.561099039140E0));
#3825=CARTESIAN_POINT('',(3.017999519981E1,3.185943392800E0,-3.012974564695E0));
#3826=CARTESIAN_POINT('',(3.037666506660E1,3.186770519320E0,-3.012974564670E0));
#3827=CARTESIAN_POINT('',(3.057333493340E1,3.187597645841E0,-3.012974564645E0));
#3828=CARTESIAN_POINT('',(3.077000480019E1,3.188424772362E0,-3.012974564621E0));
#3829=CARTESIAN_POINT('',(3.017999519981E1,3.078113214411E0,-2.462865460969E0));
#3830=CARTESIAN_POINT('',(3.037666506660E1,3.076458961365E0,-2.463527004043E0));
#3831=CARTESIAN_POINT('',(3.057333493340E1,3.074804708320E0,-2.464188547117E0));
#3832=CARTESIAN_POINT('',(3.077000480019E1,3.073150455274E0,-2.464850090192E0));
#3833=CARTESIAN_POINT('',(3.017999519981E1,2.765417075092E0,-1.997600807502E0));
#3834=CARTESIAN_POINT('',(3.037666506660E1,2.765921255793E0,-1.997034892885E0));
#3835=CARTESIAN_POINT('',(3.057333493340E1,2.766425436493E0,-1.996468978267E0));
#3836=CARTESIAN_POINT('',(3.077000480019E1,2.766929617193E0,-1.995903063650E0));
#3837=CARTESIAN_POINT('',(3.017999519981E1,2.299915447188E0,-1.684881734869E0));
#3838=CARTESIAN_POINT('',(3.037666506660E1,2.299552977432E0,-1.686483850265E0));
#3839=CARTESIAN_POINT('',(3.057333493340E1,2.299190507676E0,-1.688085965661E0));
#3840=CARTESIAN_POINT('',(3.077000480019E1,2.298828037920E0,-1.689688081057E0));
#3841=CARTESIAN_POINT('',(3.017999519981E1,1.913243886248E0,-1.609082189080E0));
#3842=CARTESIAN_POINT('',(3.037666506660E1,1.913264935485E0,-1.608981171992E0));
#3843=CARTESIAN_POINT('',(3.057333493340E1,1.913285984723E0,-1.608880154904E0));
#3844=CARTESIAN_POINT('',(3.077000480019E1,1.913307033960E0,-1.608779137816E0));
#3845=CARTESIAN_POINT('',(3.017999519981E1,1.709991094124E0,-1.613395745094E0));
#3846=CARTESIAN_POINT('',(3.037666506660E1,1.709988651077E0,-1.613408330579E0));
#3847=CARTESIAN_POINT('',(3.057333493340E1,1.709986208029E0,-1.613420916064E0));
#3848=CARTESIAN_POINT('',(3.077000480019E1,1.709983764982E0,-1.613433501548E0));
#3849=CARTESIAN_POINT('',(3.017999519981E1,1.690007689396E0,-1.614235103499E0));
#3850=CARTESIAN_POINT('',(3.037666506660E1,1.689999649237E0,-1.614277135E0));
#3851=CARTESIAN_POINT('',(3.057333493340E1,1.689991609078E0,-1.614319166501E0));
#3852=CARTESIAN_POINT('',(3.077000480019E1,1.689983568920E0,-1.614361198001E0));
#3853=B_SPLINE_SURFACE_WITH_KNOTS('',3,3,((#3801,#3802,#3803,#3804),(#3805,
#3806,#3807,#3808),(#3809,#3810,#3811,#3812),(#3813,#3814,#3815,#3816),(#3817,
#3818,#3819,#3820),(#3821,#3822,#3823,#3824),(#3825,#3826,#3827,#3828),(#3829,
#3830,#3831,#3832),(#3833,#3834,#3835,#3836),(#3837,#3838,#3839,#3840),(#3841,
#3842,#3843,#3844),(#3845,#3846,#3847,#3848),(#3849,#3850,#3851,#3852)),
.UNSPECIFIED.,.F.,.F.,.F.,(4,1,1,1,1,1,1,1,1,1,4),(4,4),(-1.364208302815E-2,
0.E0,1.25E-1,2.5E-1,3.75E-1,5.E-1,6.25E-1,7.5E-1,8.75E-1,1.E0,1.013645398366E0),
(-3.428708576915E-1,1.342870857691E0),.UNSPECIFIED.);
#3854=ORIENTED_EDGE('',*,*,#2296,.F.);
#3855=ORIENTED_EDGE('',*,*,#3796,.T.);
#3856=ORIENTED_EDGE('',*,*,#2862,.T.);
#3857=ORIENTED_EDGE('',*,*,#3793,.F.);
#3858=EDGE_LOOP('',(#3854,#3855,#3856,#3857));
#3859=FACE_OUTER_BOUND('',#3858,.F.);
#3861=CARTESIAN_POINT('',(3.017999519981E1,1.690058732233E0,-4.011213383715E0));
#3862=CARTESIAN_POINT('',(3.037666506660E1,1.690047091423E0,-4.011152189057E0));
#3863=CARTESIAN_POINT('',(3.057333493340E1,1.690035450614E0,-4.011090994400E0));
#3864=CARTESIAN_POINT('',(3.077000480019E1,1.690023809804E0,-4.011029799742E0));
#3865=CARTESIAN_POINT('',(3.017999519981E1,1.710012532641E0,-4.012385408025E0));
#3866=CARTESIAN_POINT('',(3.037666506660E1,1.710009114398E0,-4.012367856105E0));
#3867=CARTESIAN_POINT('',(3.057333493340E1,1.710005696155E0,-4.012350304184E0));
#3868=CARTESIAN_POINT('',(3.077000480019E1,1.710002277911E0,-4.012332752264E0));
#3869=CARTESIAN_POINT('',(3.017999519981E1,1.860894437239E0,-4.016865450853E0));
#3870=CARTESIAN_POINT('',(3.037666506660E1,1.860915474279E0,-4.016966190165E0));
#3871=CARTESIAN_POINT('',(3.057333493340E1,1.860936511318E0,-4.017066929476E0));
#3872=CARTESIAN_POINT('',(3.077000480019E1,1.860957548358E0,-4.017167668788E0));
#3873=CARTESIAN_POINT('',(3.017999519981E1,2.142797088173E0,-3.961615735391E0));
#3874=CARTESIAN_POINT('',(3.037666506660E1,2.142538038858E0,-3.960469929815E0));
#3875=CARTESIAN_POINT('',(3.057333493340E1,2.142278989543E0,-3.959324124239E0));
#3876=CARTESIAN_POINT('',(3.077000480019E1,2.142019940228E0,-3.958178318663E0));
#3877=CARTESIAN_POINT('',(3.017999519981E1,2.475297819191E0,-3.738240617975E0));
#3878=CARTESIAN_POINT('',(3.037666506660E1,2.475657986588E0,-3.738645226013E0));
#3879=CARTESIAN_POINT('',(3.057333493340E1,2.476018153984E0,-3.739049834050E0));
#3880=CARTESIAN_POINT('',(3.077000480019E1,2.476378321380E0,-3.739454442087E0));
#3881=CARTESIAN_POINT('',(3.017999519981E1,2.698652322181E0,-3.405909867642E0));
#3882=CARTESIAN_POINT('',(3.037666506660E1,2.697470701911E0,-3.405437241069E0));
#3883=CARTESIAN_POINT('',(3.057333493340E1,2.696289081641E0,-3.404964614495E0));
#3884=CARTESIAN_POINT('',(3.077000480019E1,2.695107461370E0,-3.404491987922E0));
#3885=CARTESIAN_POINT('',(3.017999519981E1,2.775673838895E0,-3.012974564802E0));
#3886=CARTESIAN_POINT('',(3.037666506660E1,2.776264649036E0,-3.012974564732E0));
#3887=CARTESIAN_POINT('',(3.057333493340E1,2.776855459177E0,-3.012974564663E0));
#3888=CARTESIAN_POINT('',(3.077000480019E1,2.777446269319E0,-3.012974564593E0));
#3889=CARTESIAN_POINT('',(3.017999519981E1,2.698652322240E0,-2.620039260964E0));
#3890=CARTESIAN_POINT('',(3.037666506660E1,2.697470701945E0,-2.620511887816E0));
#3891=CARTESIAN_POINT('',(3.057333493340E1,2.696289081650E0,-2.620984514667E0));
#3892=CARTESIAN_POINT('',(3.077000480019E1,2.695107461355E0,-2.621457141519E0));
#3893=CARTESIAN_POINT('',(3.017999519981E1,2.475297818956E0,-2.287708513625E0));
#3894=CARTESIAN_POINT('',(3.037666506660E1,2.475657986451E0,-2.287303904613E0));
#3895=CARTESIAN_POINT('',(3.057333493340E1,2.476018153945E0,-2.286899295601E0));
#3896=CARTESIAN_POINT('',(3.077000480019E1,2.476378321440E0,-2.286494686590E0));
#3897=CARTESIAN_POINT('',(3.017999519981E1,2.142797089056E0,-2.064333385231E0));
#3898=CARTESIAN_POINT('',(3.037666506660E1,2.142538039371E0,-2.065479194426E0));
#3899=CARTESIAN_POINT('',(3.057333493340E1,2.142278989687E0,-2.066625003622E0));
#3900=CARTESIAN_POINT('',(3.077000480019E1,2.142019940003E0,-2.067770812817E0));
#3901=CARTESIAN_POINT('',(3.017999519981E1,1.860879250032E0,-2.009080723029E0));
#3902=CARTESIAN_POINT('',(3.037666506660E1,1.860900303043E0,-2.008979907902E0));
#3903=CARTESIAN_POINT('',(3.057333493340E1,1.860921356055E0,-2.008879092775E0));
#3904=CARTESIAN_POINT('',(3.077000480019E1,1.860942409067E0,-2.008778277647E0));
#3905=CARTESIAN_POINT('',(3.017999519981E1,1.709982177331E0,-2.013564616482E0));
#3906=CARTESIAN_POINT('',(3.037666506660E1,1.709978753890E0,-2.013582194908E0));
#3907=CARTESIAN_POINT('',(3.057333493340E1,1.709975330450E0,-2.013599773335E0));
#3908=CARTESIAN_POINT('',(3.077000480019E1,1.709971907009E0,-2.013617351761E0));
#3909=CARTESIAN_POINT('',(3.017999519981E1,1.690013287880E0,-2.014738415828E0));
#3910=CARTESIAN_POINT('',(3.037666506660E1,1.690001628335E0,-2.014799709926E0));
#3911=CARTESIAN_POINT('',(3.057333493340E1,1.689989968791E0,-2.014861004025E0));
#3912=CARTESIAN_POINT('',(3.077000480019E1,1.689978309246E0,-2.014922298123E0));
#3913=B_SPLINE_SURFACE_WITH_KNOTS('',3,3,((#3861,#3862,#3863,#3864),(#3865,
#3866,#3867,#3868),(#3869,#3870,#3871,#3872),(#3873,#3874,#3875,#3876),(#3877,
#3878,#3879,#3880),(#3881,#3882,#3883,#3884),(#3885,#3886,#3887,#3888),(#3889,
#3890,#3891,#3892),(#3893,#3894,#3895,#3896),(#3897,#3898,#3899,#3900),(#3901,
#3902,#3903,#3904),(#3905,#3906,#3907,#3908),(#3909,#3910,#3911,#3912)),
.UNSPECIFIED.,.F.,.F.,.F.,(4,1,1,1,1,1,1,1,1,1,4),(4,4),(-1.909360721087E-2,
0.E0,1.25E-1,2.5E-1,3.75E-1,5.E-1,6.25E-1,7.5E-1,8.75E-1,1.E0,1.019108102326E0),
(-3.428708576915E-1,1.342870857691E0),.UNSPECIFIED.);
#3914=ORIENTED_EDGE('',*,*,#2398,.T.);
#3916=ORIENTED_EDGE('',*,*,#3915,.T.);
#3917=ORIENTED_EDGE('',*,*,#2866,.F.);
#3919=ORIENTED_EDGE('',*,*,#3918,.F.);
#3920=EDGE_LOOP('',(#3914,#3916,#3917,#3919));
#3921=FACE_OUTER_BOUND('',#3920,.F.);
#3923=CARTESIAN_POINT('',(3.017999519981E1,1.809941151433E0,-2.014735738723E0));
#3924=CARTESIAN_POINT('',(3.037666506660E1,1.809952792194E0,-2.014796933126E0));
#3925=CARTESIAN_POINT('',(3.057333493340E1,1.809964432956E0,-2.014858127530E0));
#3926=CARTESIAN_POINT('',(3.077000480019E1,1.809976073717E0,-2.014919321933E0));
#3927=CARTESIAN_POINT('',(3.017999519981E1,1.789987389651E0,-2.013563718955E0));
#3928=CARTESIAN_POINT('',(3.037666506660E1,1.789990807881E0,-2.013581270808E0));
#3929=CARTESIAN_POINT('',(3.057333493340E1,1.789994226111E0,-2.013598822661E0));
#3930=CARTESIAN_POINT('',(3.077000480019E1,1.789997644341E0,-2.013616374513E0));
#3931=CARTESIAN_POINT('',(3.017999519981E1,1.639105523882E0,-2.009083685984E0));
#3932=CARTESIAN_POINT('',(3.037666506660E1,1.639084486884E0,-2.008982946866E0));
#3933=CARTESIAN_POINT('',(3.057333493340E1,1.639063449885E0,-2.008882207749E0));
#3934=CARTESIAN_POINT('',(3.077000480019E1,1.639042412887E0,-2.008781468631E0));
#3935=CARTESIAN_POINT('',(3.017999519981E1,1.357202911829E0,-2.064333393903E0));
#3936=CARTESIAN_POINT('',(3.037666506660E1,1.357461961143E0,-2.065479199469E0));
#3937=CARTESIAN_POINT('',(3.057333493340E1,1.357721010457E0,-2.066625005036E0));
#3938=CARTESIAN_POINT('',(3.077000480019E1,1.357980059771E0,-2.067770810603E0));
#3939=CARTESIAN_POINT('',(3.017999519981E1,1.024702180808E0,-2.287708511292E0));
#3940=CARTESIAN_POINT('',(3.037666506660E1,1.024342013412E0,-2.287303903256E0));
#3941=CARTESIAN_POINT('',(3.057333493340E1,1.023981846016E0,-2.286899295221E0));
#3942=CARTESIAN_POINT('',(3.077000480019E1,1.023621678620E0,-2.286494687185E0));
#3943=CARTESIAN_POINT('',(3.017999519981E1,8.013476778197E-1,
-2.620039261625E0));
#3944=CARTESIAN_POINT('',(3.037666506660E1,8.025292980896E-1,
-2.620511888200E0));
#3945=CARTESIAN_POINT('',(3.057333493340E1,8.037109183596E-1,
-2.620984514775E0));
#3946=CARTESIAN_POINT('',(3.077000480019E1,8.048925386295E-1,
-2.621457141350E0));
#3947=CARTESIAN_POINT('',(3.017999519981E1,7.243261611029E-1,
-3.012974564492E0));
#3948=CARTESIAN_POINT('',(3.037666506660E1,7.237353509626E-1,
-3.012974564552E0));
#3949=CARTESIAN_POINT('',(3.057333493340E1,7.231445408223E-1,
-3.012974564612E0));
#3950=CARTESIAN_POINT('',(3.077000480019E1,7.225537306820E-1,
-3.012974564672E0));
#3951=CARTESIAN_POINT('',(3.017999519981E1,8.013476777687E-1,
-3.405909868222E0));
#3952=CARTESIAN_POINT('',(3.037666506660E1,8.025292980600E-1,
-3.405437241406E0));
#3953=CARTESIAN_POINT('',(3.057333493340E1,8.037109183513E-1,
-3.404964614590E0));
#3954=CARTESIAN_POINT('',(3.077000480019E1,8.048925386425E-1,
-3.404491987774E0));
#3955=CARTESIAN_POINT('',(3.017999519981E1,1.024702181012E0,-3.738240615963E0));
#3956=CARTESIAN_POINT('',(3.037666506660E1,1.024342013531E0,-3.738645224842E0));
#3957=CARTESIAN_POINT('',(3.057333493340E1,1.023981846049E0,-3.739049833722E0));
#3958=CARTESIAN_POINT('',(3.077000480019E1,1.023621678568E0,-3.739454442601E0));
#3959=CARTESIAN_POINT('',(3.017999519981E1,1.357202911065E0,-3.961615742859E0));
#3960=CARTESIAN_POINT('',(3.037666506660E1,1.357461960699E0,-3.960469934158E0));
#3961=CARTESIAN_POINT('',(3.057333493340E1,1.357721010333E0,-3.959324125457E0));
#3962=CARTESIAN_POINT('',(3.077000480019E1,1.357980059966E0,-3.958178316756E0));
#3963=CARTESIAN_POINT('',(3.017999519981E1,1.639118674872E0,-4.016868002434E0));
#3964=CARTESIAN_POINT('',(3.037666506660E1,1.639097624042E0,-4.016968807202E0));
#3965=CARTESIAN_POINT('',(3.057333493340E1,1.639076573213E0,-4.017069611971E0));
#3966=CARTESIAN_POINT('',(3.077000480019E1,1.639055522384E0,-4.017170416739E0));
#3967=CARTESIAN_POINT('',(3.017999519981E1,1.790013675086E0,-4.012384635150E0));
#3968=CARTESIAN_POINT('',(3.037666506660E1,1.790017097816E0,-4.012367060346E0));
#3969=CARTESIAN_POINT('',(3.057333493340E1,1.790020520547E0,-4.012349485542E0));
#3970=CARTESIAN_POINT('',(3.077000480019E1,1.790023943277E0,-4.012331910739E0));
#3971=CARTESIAN_POINT('',(3.017999519981E1,1.809980502861E0,-4.011211078414E0));
#3972=CARTESIAN_POINT('',(3.037666506660E1,1.809992159844E0,-4.011149797908E0));
#3973=CARTESIAN_POINT('',(3.057333493340E1,1.810003816828E0,-4.011088517401E0));
#3974=CARTESIAN_POINT('',(3.077000480019E1,1.810015473812E0,-4.011027236895E0));
#3975=B_SPLINE_SURFACE_WITH_KNOTS('',3,3,((#3923,#3924,#3925,#3926),(#3927,
#3928,#3929,#3930),(#3931,#3932,#3933,#3934),(#3935,#3936,#3937,#3938),(#3939,
#3940,#3941,#3942),(#3943,#3944,#3945,#3946),(#3947,#3948,#3949,#3950),(#3951,
#3952,#3953,#3954),(#3955,#3956,#3957,#3958),(#3959,#3960,#3961,#3962),(#3963,
#3964,#3965,#3966),(#3967,#3968,#3969,#3970),(#3971,#3972,#3973,#3974)),
.UNSPECIFIED.,.F.,.F.,.F.,(4,1,1,1,1,1,1,1,1,1,4),(4,4),(-1.909357010438E-2,
0.E0,1.25E-1,2.5E-1,3.75E-1,5.E-1,6.25E-1,7.5E-1,8.75E-1,1.E0,1.019106121793E0),
(-3.428708576915E-1,1.342870857691E0),.UNSPECIFIED.);
#3976=ORIENTED_EDGE('',*,*,#2400,.T.);
#3977=ORIENTED_EDGE('',*,*,#3918,.T.);
#3978=ORIENTED_EDGE('',*,*,#2868,.F.);
#3979=ORIENTED_EDGE('',*,*,#3915,.F.);
#3980=EDGE_LOOP('',(#3976,#3977,#3978,#3979));
#3981=FACE_OUTER_BOUND('',#3980,.F.);
#3983=CARTESIAN_POINT('',(0.E0,1.75E0,-1.549999884E1));
#3984=DIRECTION('',(1.E0,0.E0,0.E0));
#3985=DIRECTION('',(0.E0,0.E0,-1.E0));
#3986=AXIS2_PLACEMENT_3D('',#3983,#3984,#3985);
#3987=CYLINDRICAL_SURFACE('',#3986,2.8E0);
#3989=ORIENTED_EDGE('',*,*,#3988,.F.);
#3991=ORIENTED_EDGE('',*,*,#3990,.F.);
#3993=ORIENTED_EDGE('',*,*,#3992,.T.);
#3994=ORIENTED_EDGE('',*,*,#2074,.T.);
#3995=EDGE_LOOP('',(#3989,#3991,#3993,#3994));
#3996=FACE_OUTER_BOUND('',#3995,.F.);
#3998=CARTESIAN_POINT('',(0.E0,1.75E0,-1.549999884E1));
#3999=DIRECTION('',(1.E0,0.E0,0.E0));
#4000=DIRECTION('',(0.E0,0.E0,-1.E0));
#4001=AXIS2_PLACEMENT_3D('',#3998,#3999,#4000);
#4002=CYLINDRICAL_SURFACE('',#4001,2.8E0);
#4004=ORIENTED_EDGE('',*,*,#4003,.T.);
#4005=ORIENTED_EDGE('',*,*,#2058,.T.);
#4007=ORIENTED_EDGE('',*,*,#4006,.F.);
#4009=ORIENTED_EDGE('',*,*,#4008,.F.);
#4010=EDGE_LOOP('',(#4004,#4005,#4007,#4009));
#4011=FACE_OUTER_BOUND('',#4010,.F.);
#4013=CARTESIAN_POINT('',(2.85E1,1.35E0,2.265661633866E1));
#4014=DIRECTION('',(0.E0,-1.E0,0.E0));
#4015=DIRECTION('',(0.E0,0.E0,-1.E0));
#4016=AXIS2_PLACEMENT_3D('',#4013,#4014,#4015);
#4017=PLANE('',#4016);
#4019=ORIENTED_EDGE('',*,*,#4018,.T.);
#4020=ORIENTED_EDGE('',*,*,#2096,.T.);
#4022=ORIENTED_EDGE('',*,*,#4021,.F.);
#4024=ORIENTED_EDGE('',*,*,#4023,.F.);
#4025=EDGE_LOOP('',(#4019,#4020,#4022,#4024));
#4026=FACE_OUTER_BOUND('',#4025,.F.);
#4028=CARTESIAN_POINT('',(2.85E1,1.35E0,2.265661633866E1));
#4029=DIRECTION('',(0.E0,-1.E0,0.E0));
#4030=DIRECTION('',(0.E0,0.E0,-1.E0));
#4031=AXIS2_PLACEMENT_3D('',#4028,#4029,#4030);
#4032=PLANE('',#4031);
#4034=ORIENTED_EDGE('',*,*,#4033,.T.);
#4035=ORIENTED_EDGE('',*,*,#2088,.T.);
#4037=ORIENTED_EDGE('',*,*,#4036,.F.);
#4039=ORIENTED_EDGE('',*,*,#4038,.F.);
#4040=EDGE_LOOP('',(#4034,#4035,#4037,#4039));
#4041=FACE_OUTER_BOUND('',#4040,.F.);
#4043=CARTESIAN_POINT('',(2.85E1,1.35E0,2.265661633866E1));
#4044=DIRECTION('',(0.E0,-1.E0,0.E0));
#4045=DIRECTION('',(0.E0,0.E0,-1.E0));
#4046=AXIS2_PLACEMENT_3D('',#4043,#4044,#4045);
#4047=PLANE('',#4046);
#4049=ORIENTED_EDGE('',*,*,#4048,.T.);
#4050=ORIENTED_EDGE('',*,*,#2080,.T.);
#4052=ORIENTED_EDGE('',*,*,#4051,.F.);
#4054=ORIENTED_EDGE('',*,*,#4053,.F.);
#4055=EDGE_LOOP('',(#4049,#4050,#4052,#4054));
#4056=FACE_OUTER_BOUND('',#4055,.F.);
#4058=CARTESIAN_POINT('',(2.85E1,1.35E0,2.265661633866E1));
#4059=DIRECTION('',(0.E0,-1.E0,0.E0));
#4060=DIRECTION('',(0.E0,0.E0,-1.E0));
#4061=AXIS2_PLACEMENT_3D('',#4058,#4059,#4060);
#4062=PLANE('',#4061);
#4063=ORIENTED_EDGE('',*,*,#3988,.T.);
#4064=ORIENTED_EDGE('',*,*,#2072,.T.);
#4066=ORIENTED_EDGE('',*,*,#4065,.F.);
#4068=ORIENTED_EDGE('',*,*,#4067,.F.);
#4069=EDGE_LOOP('',(#4063,#4064,#4066,#4068));
#4070=FACE_OUTER_BOUND('',#4069,.F.);
#4072=CARTESIAN_POINT('',(0.E0,1.75E0,2.542916456667E1));
#4073=DIRECTION('',(1.E0,0.E0,0.E0));
#4074=DIRECTION('',(0.E0,0.E0,-1.E0));
#4075=AXIS2_PLACEMENT_3D('',#4072,#4073,#4074);
#4076=CYLINDRICAL_SURFACE('',#4075,2.801253947182E0);
#4077=ORIENTED_EDGE('',*,*,#4018,.F.);
#4079=ORIENTED_EDGE('',*,*,#4078,.F.);
#4081=ORIENTED_EDGE('',*,*,#4080,.T.);
#4082=ORIENTED_EDGE('',*,*,#2098,.T.);
#4083=EDGE_LOOP('',(#4077,#4079,#4081,#4082));
#4084=FACE_OUTER_BOUND('',#4083,.F.);
#4086=CARTESIAN_POINT('',(0.E0,1.75E0,2.542916456667E1));
#4087=DIRECTION('',(1.E0,0.E0,0.E0));
#4088=DIRECTION('',(0.E0,0.E0,-1.E0));
#4089=AXIS2_PLACEMENT_3D('',#4086,#4087,#4088);
#4090=CYLINDRICAL_SURFACE('',#4089,2.801253947182E0);
#4092=ORIENTED_EDGE('',*,*,#4091,.T.);
#4093=ORIENTED_EDGE('',*,*,#2106,.T.);
#4095=ORIENTED_EDGE('',*,*,#4094,.F.);
#4097=ORIENTED_EDGE('',*,*,#4096,.F.);
#4098=EDGE_LOOP('',(#4092,#4093,#4095,#4097));
#4099=FACE_OUTER_BOUND('',#4098,.F.);
#4101=CARTESIAN_POINT('',(2.78E1,0.E0,4.5E1));
#4102=DIRECTION('',(1.E0,0.E0,0.E0));
#4103=DIRECTION('',(0.E0,0.E0,-1.E0));
#4104=AXIS2_PLACEMENT_3D('',#4101,#4102,#4103);
#4105=PLANE('',#4104);
#4106=ORIENTED_EDGE('',*,*,#3990,.T.);
#4107=ORIENTED_EDGE('',*,*,#4067,.T.);
#4109=ORIENTED_EDGE('',*,*,#4108,.T.);
#4111=ORIENTED_EDGE('',*,*,#4110,.T.);
#4113=ORIENTED_EDGE('',*,*,#4112,.T.);
#4115=ORIENTED_EDGE('',*,*,#4114,.T.);
#4117=ORIENTED_EDGE('',*,*,#4116,.T.);
#4119=ORIENTED_EDGE('',*,*,#4118,.T.);
#4120=ORIENTED_EDGE('',*,*,#4008,.T.);
#4122=ORIENTED_EDGE('',*,*,#4121,.T.);
#4124=ORIENTED_EDGE('',*,*,#4123,.T.);
#4126=ORIENTED_EDGE('',*,*,#4125,.T.);
#4128=ORIENTED_EDGE('',*,*,#4127,.T.);
#4130=ORIENTED_EDGE('',*,*,#4129,.T.);
#4132=ORIENTED_EDGE('',*,*,#4131,.T.);
#4134=ORIENTED_EDGE('',*,*,#4133,.T.);
#4136=ORIENTED_EDGE('',*,*,#4135,.T.);
#4138=ORIENTED_EDGE('',*,*,#4137,.T.);
#4140=ORIENTED_EDGE('',*,*,#4139,.T.);
#4142=ORIENTED_EDGE('',*,*,#4141,.T.);
#4143=ORIENTED_EDGE('',*,*,#4096,.T.);
#4145=ORIENTED_EDGE('',*,*,#4144,.T.);
#4147=ORIENTED_EDGE('',*,*,#4146,.T.);
#4149=ORIENTED_EDGE('',*,*,#4148,.T.);
#4150=ORIENTED_EDGE('',*,*,#4078,.T.);
#4151=ORIENTED_EDGE('',*,*,#4023,.T.);
#4153=ORIENTED_EDGE('',*,*,#4152,.T.);
#4155=ORIENTED_EDGE('',*,*,#4154,.T.);
#4157=ORIENTED_EDGE('',*,*,#4156,.T.);
#4158=ORIENTED_EDGE('',*,*,#4038,.T.);
#4160=ORIENTED_EDGE('',*,*,#4159,.T.);
#4162=ORIENTED_EDGE('',*,*,#4161,.T.);
#4164=ORIENTED_EDGE('',*,*,#4163,.T.);
#4165=ORIENTED_EDGE('',*,*,#4053,.T.);
#4167=ORIENTED_EDGE('',*,*,#4166,.T.);
#4169=ORIENTED_EDGE('',*,*,#4168,.T.);
#4170=EDGE_LOOP('',(#4106,#4107,#4109,#4111,#4113,#4115,#4117,#4119,#4120,#4122,
#4124,#4126,#4128,#4130,#4132,#4134,#4136,#4138,#4140,#4142,#4143,#4145,#4147,
#4149,#4150,#4151,#4153,#4155,#4157,#4158,#4160,#4162,#4164,#4165,#4167,#4169));
#4171=FACE_OUTER_BOUND('',#4170,.F.);
#4173=CARTESIAN_POINT('',(0.E0,1.75E0,-2.342916890667E1));
#4174=DIRECTION('',(1.E0,0.E0,0.E0));
#4175=DIRECTION('',(0.E0,0.E0,-1.E0));
#4176=AXIS2_PLACEMENT_3D('',#4173,#4174,#4175);
#4177=CYLINDRICAL_SURFACE('',#4176,2.801253947182E0);
#4178=ORIENTED_EDGE('',*,*,#4065,.T.);
#4179=ORIENTED_EDGE('',*,*,#2070,.T.);
#4181=ORIENTED_EDGE('',*,*,#4180,.F.);
#4182=ORIENTED_EDGE('',*,*,#4108,.F.);
#4183=EDGE_LOOP('',(#4178,#4179,#4181,#4182));
#4184=FACE_OUTER_BOUND('',#4183,.F.);
#4186=CARTESIAN_POINT('',(0.E0,1.75E0,-2.342916890667E1));
#4187=DIRECTION('',(1.E0,0.E0,0.E0));
#4188=DIRECTION('',(0.E0,0.E0,-1.E0));
#4189=AXIS2_PLACEMENT_3D('',#4186,#4187,#4188);
#4190=CYLINDRICAL_SURFACE('',#4189,2.801253947182E0);
#4192=ORIENTED_EDGE('',*,*,#4191,.F.);
#4193=ORIENTED_EDGE('',*,*,#4116,.F.);
#4195=ORIENTED_EDGE('',*,*,#4194,.T.);
#4196=ORIENTED_EDGE('',*,*,#2062,.T.);
#4197=EDGE_LOOP('',(#4192,#4193,#4195,#4196));
#4198=FACE_OUTER_BOUND('',#4197,.F.);
#4200=CARTESIAN_POINT('',(0.E0,-1.05E0,-2.350000224E1));
#4201=DIRECTION('',(0.E0,-1.E0,0.E0));
#4202=DIRECTION('',(0.E0,0.E0,-1.E0));
#4203=AXIS2_PLACEMENT_3D('',#4200,#4201,#4202);
#4204=PLANE('',#4203);
#4205=ORIENTED_EDGE('',*,*,#4110,.F.);
#4206=ORIENTED_EDGE('',*,*,#4180,.T.);
#4207=ORIENTED_EDGE('',*,*,#2068,.T.);
#4209=ORIENTED_EDGE('',*,*,#4208,.F.);
#4210=EDGE_LOOP('',(#4205,#4206,#4207,#4209));
#4211=FACE_OUTER_BOUND('',#4210,.F.);
#4213=CARTESIAN_POINT('',(0.E0,1.75E0,-2.642916890667E1));
#4214=DIRECTION('',(1.E0,0.E0,0.E0));
#4215=DIRECTION('',(0.E0,0.E0,-1.E0));
#4216=AXIS2_PLACEMENT_3D('',#4213,#4214,#4215);
#4217=CYLINDRICAL_SURFACE('',#4216,2.801253947182E0);
#4218=ORIENTED_EDGE('',*,*,#4112,.F.);
#4219=ORIENTED_EDGE('',*,*,#4208,.T.);
#4220=ORIENTED_EDGE('',*,*,#2066,.T.);
#4222=ORIENTED_EDGE('',*,*,#4221,.F.);
#4223=EDGE_LOOP('',(#4218,#4219,#4220,#4222));
#4224=FACE_OUTER_BOUND('',#4223,.F.);
#4226=CARTESIAN_POINT('',(0.E0,4.55E0,-2.650000224E1));
#4227=DIRECTION('',(0.E0,1.E0,0.E0));
#4228=DIRECTION('',(0.E0,0.E0,1.E0));
#4229=AXIS2_PLACEMENT_3D('',#4226,#4227,#4228);
#4230=PLANE('',#4229);
#4231=ORIENTED_EDGE('',*,*,#4114,.F.);
#4232=ORIENTED_EDGE('',*,*,#4221,.T.);
#4233=ORIENTED_EDGE('',*,*,#2064,.T.);
#4234=ORIENTED_EDGE('',*,*,#4194,.F.);
#4235=EDGE_LOOP('',(#4231,#4232,#4233,#4234));
#4236=FACE_OUTER_BOUND('',#4235,.F.);
#4238=CARTESIAN_POINT('',(2.85E1,2.15E0,-2.065662067866E1));
#4239=DIRECTION('',(0.E0,1.E0,0.E0));
#4240=DIRECTION('',(0.E0,0.E0,1.E0));
#4241=AXIS2_PLACEMENT_3D('',#4238,#4239,#4240);
#4242=PLANE('',#4241);
#4243=ORIENTED_EDGE('',*,*,#4091,.F.);
#4244=ORIENTED_EDGE('',*,*,#4141,.F.);
#4246=ORIENTED_EDGE('',*,*,#4245,.T.);
#4247=ORIENTED_EDGE('',*,*,#2108,.T.);
#4248=EDGE_LOOP('',(#4243,#4244,#4246,#4247));
#4249=FACE_OUTER_BOUND('',#4248,.F.);
#4251=CARTESIAN_POINT('',(2.85E1,2.15E0,-2.065662067866E1));
#4252=DIRECTION('',(0.E0,1.E0,0.E0));
#4253=DIRECTION('',(0.E0,0.E0,1.E0));
#4254=AXIS2_PLACEMENT_3D('',#4251,#4252,#4253);
#4255=PLANE('',#4254);
#4257=ORIENTED_EDGE('',*,*,#4256,.F.);
#4258=ORIENTED_EDGE('',*,*,#4133,.F.);
#4260=ORIENTED_EDGE('',*,*,#4259,.T.);
#4261=ORIENTED_EDGE('',*,*,#2116,.T.);
#4262=EDGE_LOOP('',(#4257,#4258,#4260,#4261));
#4263=FACE_OUTER_BOUND('',#4262,.F.);
#4265=CARTESIAN_POINT('',(2.85E1,2.15E0,-2.065662067866E1));
#4266=DIRECTION('',(0.E0,1.E0,0.E0));
#4267=DIRECTION('',(0.E0,0.E0,1.E0));
#4268=AXIS2_PLACEMENT_3D('',#4265,#4266,#4267);
#4269=PLANE('',#4268);
#4271=ORIENTED_EDGE('',*,*,#4270,.F.);
#4272=ORIENTED_EDGE('',*,*,#4125,.F.);
#4274=ORIENTED_EDGE('',*,*,#4273,.T.);
#4275=ORIENTED_EDGE('',*,*,#2124,.T.);
#4276=EDGE_LOOP('',(#4271,#4272,#4274,#4275));
#4277=FACE_OUTER_BOUND('',#4276,.F.);
#4279=CARTESIAN_POINT('',(2.85E1,2.15E0,-2.065662067866E1));
#4280=DIRECTION('',(0.E0,1.E0,0.E0));
#4281=DIRECTION('',(0.E0,0.E0,1.E0));
#4282=AXIS2_PLACEMENT_3D('',#4279,#4280,#4281);
#4283=PLANE('',#4282);
#4284=ORIENTED_EDGE('',*,*,#4003,.F.);
#4285=ORIENTED_EDGE('',*,*,#4118,.F.);
#4286=ORIENTED_EDGE('',*,*,#4191,.T.);
#4287=ORIENTED_EDGE('',*,*,#2060,.T.);
#4288=EDGE_LOOP('',(#4284,#4285,#4286,#4287));
#4289=FACE_OUTER_BOUND('',#4288,.F.);
#4291=CARTESIAN_POINT('',(0.E0,1.75E0,1.457083129333E1));
#4292=DIRECTION('',(1.E0,0.E0,0.E0));
#4293=DIRECTION('',(0.E0,0.E0,-1.E0));
#4294=AXIS2_PLACEMENT_3D('',#4291,#4292,#4293);
#4295=CYLINDRICAL_SURFACE('',#4294,2.801253947182E0);
#4296=ORIENTED_EDGE('',*,*,#4021,.T.);
#4297=ORIENTED_EDGE('',*,*,#2094,.T.);
#4299=ORIENTED_EDGE('',*,*,#4298,.F.);
#4300=ORIENTED_EDGE('',*,*,#4152,.F.);
#4301=EDGE_LOOP('',(#4296,#4297,#4299,#4300));
#4302=FACE_OUTER_BOUND('',#4301,.F.);
#4304=CARTESIAN_POINT('',(0.E0,1.75E0,1.457083129333E1));
#4305=DIRECTION('',(1.E0,0.E0,0.E0));
#4306=DIRECTION('',(0.E0,0.E0,-1.E0));
#4307=AXIS2_PLACEMENT_3D('',#4304,#4305,#4306);
#4308=CYLINDRICAL_SURFACE('',#4307,2.801253947182E0);
#4309=ORIENTED_EDGE('',*,*,#4245,.F.);
#4310=ORIENTED_EDGE('',*,*,#4139,.F.);
#4312=ORIENTED_EDGE('',*,*,#4311,.T.);
#4313=ORIENTED_EDGE('',*,*,#2110,.T.);
#4314=EDGE_LOOP('',(#4309,#4310,#4312,#4313));
#4315=FACE_OUTER_BOUND('',#4314,.F.);
#4317=CARTESIAN_POINT('',(0.E0,-1.05E0,1.449999796E1));
#4318=DIRECTION('',(0.E0,-1.E0,0.E0));
#4319=DIRECTION('',(0.E0,0.E0,-1.E0));
#4320=AXIS2_PLACEMENT_3D('',#4317,#4318,#4319);
#4321=PLANE('',#4320);
#4322=ORIENTED_EDGE('',*,*,#4154,.F.);
#4323=ORIENTED_EDGE('',*,*,#4298,.T.);
#4324=ORIENTED_EDGE('',*,*,#2092,.T.);
#4326=ORIENTED_EDGE('',*,*,#4325,.F.);
#4327=EDGE_LOOP('',(#4322,#4323,#4324,#4326));
#4328=FACE_OUTER_BOUND('',#4327,.F.);
#4330=CARTESIAN_POINT('',(0.E0,1.75E0,1.142916462667E1));
#4331=DIRECTION('',(1.E0,0.E0,0.E0));
#4332=DIRECTION('',(0.E0,0.E0,-1.E0));
#4333=AXIS2_PLACEMENT_3D('',#4330,#4331,#4332);
#4334=CYLINDRICAL_SURFACE('',#4333,2.801253947182E0);
#4335=ORIENTED_EDGE('',*,*,#4033,.F.);
#4336=ORIENTED_EDGE('',*,*,#4156,.F.);
#4337=ORIENTED_EDGE('',*,*,#4325,.T.);
#4338=ORIENTED_EDGE('',*,*,#2090,.T.);
#4339=EDGE_LOOP('',(#4335,#4336,#4337,#4338));
#4340=FACE_OUTER_BOUND('',#4339,.F.);
#4342=CARTESIAN_POINT('',(0.E0,1.75E0,1.142916462667E1));
#4343=DIRECTION('',(1.E0,0.E0,0.E0));
#4344=DIRECTION('',(0.E0,0.E0,-1.E0));
#4345=AXIS2_PLACEMENT_3D('',#4342,#4343,#4344);
#4346=CYLINDRICAL_SURFACE('',#4345,2.801253947182E0);
#4347=ORIENTED_EDGE('',*,*,#4256,.T.);
#4348=ORIENTED_EDGE('',*,*,#2114,.T.);
#4350=ORIENTED_EDGE('',*,*,#4349,.F.);
#4351=ORIENTED_EDGE('',*,*,#4135,.F.);
#4352=EDGE_LOOP('',(#4347,#4348,#4350,#4351));
#4353=FACE_OUTER_BOUND('',#4352,.F.);
#4355=CARTESIAN_POINT('',(0.E0,4.55E0,1.149999796E1));
#4356=DIRECTION('',(0.E0,1.E0,0.E0));
#4357=DIRECTION('',(0.E0,0.E0,1.E0));
#4358=AXIS2_PLACEMENT_3D('',#4355,#4356,#4357);
#4359=PLANE('',#4358);
#4360=ORIENTED_EDGE('',*,*,#4137,.F.);
#4361=ORIENTED_EDGE('',*,*,#4349,.T.);
#4362=ORIENTED_EDGE('',*,*,#2112,.T.);
#4363=ORIENTED_EDGE('',*,*,#4311,.F.);
#4364=EDGE_LOOP('',(#4360,#4361,#4362,#4363));
#4365=FACE_OUTER_BOUND('',#4364,.F.);
#4367=CARTESIAN_POINT('',(0.E0,1.75E0,-1.429167186667E0));
#4368=DIRECTION('',(1.E0,0.E0,0.E0));
#4369=DIRECTION('',(0.E0,0.E0,-1.E0));
#4370=AXIS2_PLACEMENT_3D('',#4367,#4368,#4369);
#4371=CYLINDRICAL_SURFACE('',#4370,2.801253947182E0);
#4372=ORIENTED_EDGE('',*,*,#4036,.T.);
#4373=ORIENTED_EDGE('',*,*,#2086,.T.);
#4375=ORIENTED_EDGE('',*,*,#4374,.F.);
#4376=ORIENTED_EDGE('',*,*,#4159,.F.);
#4377=EDGE_LOOP('',(#4372,#4373,#4375,#4376));
#4378=FACE_OUTER_BOUND('',#4377,.F.);
#4380=CARTESIAN_POINT('',(0.E0,1.75E0,-1.429167186667E0));
#4381=DIRECTION('',(1.E0,0.E0,0.E0));
#4382=DIRECTION('',(0.E0,0.E0,-1.E0));
#4383=AXIS2_PLACEMENT_3D('',#4380,#4381,#4382);
#4384=CYLINDRICAL_SURFACE('',#4383,2.801253947182E0);
#4385=ORIENTED_EDGE('',*,*,#4259,.F.);
#4386=ORIENTED_EDGE('',*,*,#4131,.F.);
#4388=ORIENTED_EDGE('',*,*,#4387,.T.);
#4389=ORIENTED_EDGE('',*,*,#2118,.T.);
#4390=EDGE_LOOP('',(#4385,#4386,#4388,#4389));
#4391=FACE_OUTER_BOUND('',#4390,.F.);
#4393=CARTESIAN_POINT('',(0.E0,-1.05E0,-1.500000519999E0));
#4394=DIRECTION('',(0.E0,-1.E0,0.E0));
#4395=DIRECTION('',(0.E0,0.E0,-1.E0));
#4396=AXIS2_PLACEMENT_3D('',#4393,#4394,#4395);
#4397=PLANE('',#4396);
#4398=ORIENTED_EDGE('',*,*,#4161,.F.);
#4399=ORIENTED_EDGE('',*,*,#4374,.T.);
#4400=ORIENTED_EDGE('',*,*,#2084,.T.);
#4402=ORIENTED_EDGE('',*,*,#4401,.F.);
#4403=EDGE_LOOP('',(#4398,#4399,#4400,#4402));
#4404=FACE_OUTER_BOUND('',#4403,.F.);
#4406=CARTESIAN_POINT('',(0.E0,1.75E0,-4.429167186667E0));
#4407=DIRECTION('',(1.E0,0.E0,0.E0));
#4408=DIRECTION('',(0.E0,0.E0,-1.E0));
#4409=AXIS2_PLACEMENT_3D('',#4406,#4407,#4408);
#4410=CYLINDRICAL_SURFACE('',#4409,2.801253947182E0);
#4411=ORIENTED_EDGE('',*,*,#4048,.F.);
#4412=ORIENTED_EDGE('',*,*,#4163,.F.);
#4413=ORIENTED_EDGE('',*,*,#4401,.T.);
#4414=ORIENTED_EDGE('',*,*,#2082,.T.);
#4415=EDGE_LOOP('',(#4411,#4412,#4413,#4414));
#4416=FACE_OUTER_BOUND('',#4415,.F.);
#4418=CARTESIAN_POINT('',(0.E0,1.75E0,-4.429167186667E0));
#4419=DIRECTION('',(1.E0,0.E0,0.E0));
#4420=DIRECTION('',(0.E0,0.E0,-1.E0));
#4421=AXIS2_PLACEMENT_3D('',#4418,#4419,#4420);
#4422=CYLINDRICAL_SURFACE('',#4421,2.801253947182E0);
#4423=ORIENTED_EDGE('',*,*,#4270,.T.);
#4424=ORIENTED_EDGE('',*,*,#2122,.T.);
#4426=ORIENTED_EDGE('',*,*,#4425,.F.);
#4427=ORIENTED_EDGE('',*,*,#4127,.F.);
#4428=EDGE_LOOP('',(#4423,#4424,#4426,#4427));
#4429=FACE_OUTER_BOUND('',#4428,.F.);
#4431=CARTESIAN_POINT('',(0.E0,4.55E0,-4.50000052E0));
#4432=DIRECTION('',(0.E0,1.E0,0.E0));
#4433=DIRECTION('',(0.E0,0.E0,1.E0));
#4434=AXIS2_PLACEMENT_3D('',#4431,#4432,#4433);
#4435=PLANE('',#4434);
#4436=ORIENTED_EDGE('',*,*,#4129,.F.);
#4437=ORIENTED_EDGE('',*,*,#4425,.T.);
#4438=ORIENTED_EDGE('',*,*,#2120,.T.);
#4439=ORIENTED_EDGE('',*,*,#4387,.F.);
#4440=EDGE_LOOP('',(#4436,#4437,#4438,#4439));
#4441=FACE_OUTER_BOUND('',#4440,.F.);
#4443=CARTESIAN_POINT('',(0.E0,1.75E0,-1.257083217333E1));
#4444=DIRECTION('',(1.E0,0.E0,0.E0));
#4445=DIRECTION('',(0.E0,0.E0,-1.E0));
#4446=AXIS2_PLACEMENT_3D('',#4443,#4444,#4445);
#4447=CYLINDRICAL_SURFACE('',#4446,2.801253947182E0);
#4448=ORIENTED_EDGE('',*,*,#4051,.T.);
#4449=ORIENTED_EDGE('',*,*,#2078,.T.);
#4451=ORIENTED_EDGE('',*,*,#4450,.F.);
#4452=ORIENTED_EDGE('',*,*,#4166,.F.);
#4453=EDGE_LOOP('',(#4448,#4449,#4451,#4452));
#4454=FACE_OUTER_BOUND('',#4453,.F.);
#4456=CARTESIAN_POINT('',(0.E0,1.75E0,-1.257083217333E1));
#4457=DIRECTION('',(1.E0,0.E0,0.E0));
#4458=DIRECTION('',(0.E0,0.E0,-1.E0));
#4459=AXIS2_PLACEMENT_3D('',#4456,#4457,#4458);
#4460=CYLINDRICAL_SURFACE('',#4459,2.801253947182E0);
#4461=ORIENTED_EDGE('',*,*,#4273,.F.);
#4462=ORIENTED_EDGE('',*,*,#4123,.F.);
#4464=ORIENTED_EDGE('',*,*,#4463,.T.);
#4465=ORIENTED_EDGE('',*,*,#2126,.T.);
#4466=EDGE_LOOP('',(#4461,#4462,#4464,#4465));
#4467=FACE_OUTER_BOUND('',#4466,.F.);
#4469=CARTESIAN_POINT('',(0.E0,-1.05E0,-1.249999884E1));
#4470=DIRECTION('',(0.E0,-1.E0,0.E0));
#4471=DIRECTION('',(0.E0,0.E0,-1.E0));
#4472=AXIS2_PLACEMENT_3D('',#4469,#4470,#4471);
#4473=PLANE('',#4472);
#4474=ORIENTED_EDGE('',*,*,#4168,.F.);
#4475=ORIENTED_EDGE('',*,*,#4450,.T.);
#4476=ORIENTED_EDGE('',*,*,#2076,.T.);
#4477=ORIENTED_EDGE('',*,*,#3992,.F.);
#4478=EDGE_LOOP('',(#4474,#4475,#4476,#4477));
#4479=FACE_OUTER_BOUND('',#4478,.F.);
#4481=CARTESIAN_POINT('',(0.E0,4.55E0,-1.549999884E1));
#4482=DIRECTION('',(0.E0,1.E0,0.E0));
#4483=DIRECTION('',(0.E0,0.E0,1.E0));
#4484=AXIS2_PLACEMENT_3D('',#4481,#4482,#4483);
#4485=PLANE('',#4484);
#4486=ORIENTED_EDGE('',*,*,#4121,.F.);
#4487=ORIENTED_EDGE('',*,*,#4006,.T.);
#4488=ORIENTED_EDGE('',*,*,#2128,.T.);
#4489=ORIENTED_EDGE('',*,*,#4463,.F.);
#4490=EDGE_LOOP('',(#4486,#4487,#4488,#4489));
#4491=FACE_OUTER_BOUND('',#4490,.F.);
#4493=CARTESIAN_POINT('',(0.E0,4.55E0,2.54999979E1));
#4494=DIRECTION('',(0.E0,1.E0,0.E0));
#4495=DIRECTION('',(0.E0,0.E0,1.E0));
#4496=AXIS2_PLACEMENT_3D('',#4493,#4494,#4495);
#4497=PLANE('',#4496);
#4498=ORIENTED_EDGE('',*,*,#4144,.F.);
#4499=ORIENTED_EDGE('',*,*,#4094,.T.);
#4500=ORIENTED_EDGE('',*,*,#2104,.T.);
#4502=ORIENTED_EDGE('',*,*,#4501,.F.);
#4503=EDGE_LOOP('',(#4498,#4499,#4500,#4502));
#4504=FACE_OUTER_BOUND('',#4503,.F.);
#4506=CARTESIAN_POINT('',(0.E0,1.75E0,2.84999979E1));
#4507=DIRECTION('',(1.E0,0.E0,0.E0));
#4508=DIRECTION('',(0.E0,0.E0,-1.E0));
#4509=AXIS2_PLACEMENT_3D('',#4506,#4507,#4508);
#4510=CYLINDRICAL_SURFACE('',#4509,2.8E0);
#4511=ORIENTED_EDGE('',*,*,#4146,.F.);
#4512=ORIENTED_EDGE('',*,*,#4501,.T.);
#4513=ORIENTED_EDGE('',*,*,#2102,.T.);
#4515=ORIENTED_EDGE('',*,*,#4514,.F.);
#4516=EDGE_LOOP('',(#4511,#4512,#4513,#4515));
#4517=FACE_OUTER_BOUND('',#4516,.F.);
#4519=CARTESIAN_POINT('',(0.E0,-1.05E0,2.84999979E1));
#4520=DIRECTION('',(0.E0,-1.E0,0.E0));
#4521=DIRECTION('',(0.E0,0.E0,-1.E0));
#4522=AXIS2_PLACEMENT_3D('',#4519,#4520,#4521);
#4523=PLANE('',#4522);
#4524=ORIENTED_EDGE('',*,*,#4148,.F.);
#4525=ORIENTED_EDGE('',*,*,#4514,.T.);
#4526=ORIENTED_EDGE('',*,*,#2100,.T.);
#4527=ORIENTED_EDGE('',*,*,#4080,.F.);
#4528=EDGE_LOOP('',(#4524,#4525,#4526,#4527));
#4529=FACE_OUTER_BOUND('',#4528,.F.);
#4533=FILL_AREA_STYLE_COLOUR('',#8);
#4534=FILL_AREA_STYLE('',(#4533));
#4535=SURFACE_STYLE_FILL_AREA(#4534);
#4536=SURFACE_SIDE_STYLE('',(#4535));
#4537=SURFACE_STYLE_USAGE(.BOTH.,#4536);
#4538=PRESENTATION_STYLE_ASSIGNMENT((#4537));
#15=STYLED_ITEM('',(#4538),#4532);
#4541=PLANE_ANGLE_MEASURE_WITH_UNIT(PLANE_ANGLE_MEASURE(1.745329251994E-2),
#4540);
#4542=(CONVERSION_BASED_UNIT('DEGREE',#4541)NAMED_UNIT(*)PLANE_ANGLE_UNIT());
#4544=UNCERTAINTY_MEASURE_WITH_UNIT(LENGTH_MEASURE(1.E-2),#4539,
'distance_accuracy_value',
'Maximum model space distance between geometric entities at asserted connectivities');
#4547=MECHANICAL_DESIGN_GEOMETRIC_PRESENTATION_REPRESENTATION('',(#23,#30,#37,
#44,#51,#58,#65,#72,#80,#87,#95,#102,#109,#116,#124,#131,#139,#146,#153,#160,
#168,#176,#184,#192,#200,#208,#216,#224,#232,#240,#248,#256,#264,#272,#280,#288,
#296,#304,#312,#320,#328,#335,#343,#350,#357,#364,#372,#379,#387,#394,#401,#408,
#415,#422,#429,#437,#444,#452,#459,#466,#473,#481,#488,#496,#503,#510,#517,#525,
#532,#540,#547,#554,#561,#569,#576,#584,#592,#599,#607,#614,#621,#628,#636,#643,
#651,#658,#665,#672,#679,#686,#697,#708,#719,#730,#741,#752,#763,#774,#785,#796,
#807,#818,#829,#840,#851,#862,#873,#884,#895,#906,#913,#920,#927,#934,#941,#948,
#955,#962,#969,#976,#983,#990,#997,#1004,#1011,#1018,#1025,#1032,#1039,#1046,
#1054,#1061,#1069,#1076,#1083,#1091,#1098,#1106,#1114,#1121,#1129,#1136,#1144,
#1151,#1159,#1166,#1174,#1181,#1189,#1196,#1204,#1211,#1219,#1226,#1234,#1241,
#1249,#1256,#1264,#1271,#1279,#1286,#1294,#1301,#1309,#1316,#1324,#1331,#1339,
#1346,#1354,#1361,#1369,#1376,#1383,#1391,#1398,#1405,#1413,#1420,#1427,#1434,
#1442,#1449,#1456,#1463,#1471,#1478,#1485,#1493,#1500,#1507,#1514,#1521,#1529,
#1536,#1544,#1551,#1558,#1565,#1573,#1580,#1587,#1595,#1602,#1609,#1616,#1623,
#1631,#1638,#1646,#1653,#1660,#1667,#1675,#1682,#1689,#1697,#1704,#1711,#1718,
#1725,#1732,#1739,#1746,#1754,#1761,#1768,#2764,#2794,#2824,#2854,#2884,#15),
#4545);
#4548=APPLICATION_CONTEXT('automotive_design');
#4549=APPLICATION_PROTOCOL_DEFINITION('international standard',
'automotive_design',2001,#4548);
#4550=PRODUCT_DEFINITION_CONTEXT('part definition',#4548,'design');
#4551=PRODUCT_CONTEXT('',#4548,'mechanical');
#4552=PRODUCT('I-0510-03_REVX01','I-0510-03_REVX01','NOT SPECIFIED',(#4551));
#4553=PRODUCT_DEFINITION_FORMATION('24','LAST_VERSION',#4552);
#4561=DERIVED_UNIT_ELEMENT(#4560,2.E0);
#4562=DERIVED_UNIT((#4561));
#4563=MEASURE_REPRESENTATION_ITEM('surface area measure',AREA_MEASURE(
7.409714382727E2),#4562);
#4568=DERIVED_UNIT_ELEMENT(#4567,3.E0);
#4569=DERIVED_UNIT((#4568));
#4570=MEASURE_REPRESENTATION_ITEM('volume measure',VOLUME_MEASURE(
3.829029080497E2),#4569);
#4574=CARTESIAN_POINT('centre point',(2.890750645240E1,1.749999902219E0,
-1.286563300147E-1));
#4579=DERIVED_UNIT_ELEMENT(#4578,2.E0);
#4580=DERIVED_UNIT((#4579));
#4581=MEASURE_REPRESENTATION_ITEM('surface area measure',AREA_MEASURE(
7.409714382727E2),#4580);
#4586=DERIVED_UNIT_ELEMENT(#4585,3.E0);
#4587=DERIVED_UNIT((#4586));
#4588=MEASURE_REPRESENTATION_ITEM('volume measure',VOLUME_MEASURE(
3.829029080497E2),#4587);
#4592=CARTESIAN_POINT('centre point',(2.890750645240E1,1.749999902219E0,
-1.286563300147E-1));
#4597=PRODUCT_RELATED_PRODUCT_CATEGORY('part','',(#4552));
#1=DRAUGHTING_PRE_DEFINED_COLOUR('green');
#2=COLOUR_RGB('',1.1E-2,1.2E-2,1.E0);
#3=COLOUR_RGB('',4.1E-1,2.61589E-1,1.12848E-1);
#4=COLOUR_RGB('',5.04854E-1,1.5455E-2,1.5455E-2);
#5=COLOUR_RGB('',6.35294E-1,6.86275E-1,7.4902E-1);
#6=COLOUR_RGB('',6.40777E-1,6.40777E-1,6.40777E-1);
#7=COLOUR_RGB('',6.69062E-1,6.69903E-1,6.55217E-1);
#8=COLOUR_RGB('',7.45098E-1,3.92157E-1,2.94118E-1);
#9=COLOUR_RGB('',9.21569E-1,7.05882E-1,4.70588E-1);
#10=DRAUGHTING_PRE_DEFINED_COLOUR('red');
#11=DRAUGHTING_PRE_DEFINED_COLOUR('yellow');
#12=COLOUR_RGB('',1.E0,1.E0,5.3E-1);
#13=COLOUR_RGB('',1.E0,1.E0,9.49E-1);
#14=DRAUGHTING_PRE_DEFINED_COLOUR('white');
#77=CIRCLE('',#76,2.001253947182E0);
#92=CIRCLE('',#91,2.001253947182E0);
#121=CIRCLE('',#120,2.001253947182E0);
#136=CIRCLE('',#135,2.001253947182E0);
#165=CIRCLE('',#164,1.4E0);
#173=CIRCLE('',#172,1.4E0);
#181=CIRCLE('',#180,1.E0);
#189=CIRCLE('',#188,1.E0);
#197=CIRCLE('',#196,1.E0);
#205=CIRCLE('',#204,1.E0);
#213=CIRCLE('',#212,1.4E0);
#221=CIRCLE('',#220,1.4E0);
#229=CIRCLE('',#228,1.4E0);
#237=CIRCLE('',#236,1.4E0);
#245=CIRCLE('',#244,1.E0);
#253=CIRCLE('',#252,1.E0);
#261=CIRCLE('',#260,1.E0);
#269=CIRCLE('',#268,1.E0);
#277=CIRCLE('',#276,1.4E0);
#285=CIRCLE('',#284,1.4E0);
#293=CIRCLE('',#292,1.4E0);
#301=CIRCLE('',#300,1.4E0);
#309=CIRCLE('',#308,1.E0);
#317=CIRCLE('',#316,1.E0);
#325=CIRCLE('',#324,2.001253947182E0);
#340=CIRCLE('',#339,2.001253947182E0);
#369=CIRCLE('',#368,2.E0);
#384=CIRCLE('',#383,2.E0);
#434=CIRCLE('',#433,2.001253947182E0);
#449=CIRCLE('',#448,2.001253947182E0);
#478=CIRCLE('',#477,2.001253947182E0);
#493=CIRCLE('',#492,2.001253947182E0);
#522=CIRCLE('',#521,2.001253947182E0);
#537=CIRCLE('',#536,2.001253947182E0);
#566=CIRCLE('',#565,2.001253947182E0);
#581=CIRCLE('',#580,2.001253947182E0);
#589=CIRCLE('',#588,2.E0);
#604=CIRCLE('',#603,2.E0);
#633=CIRCLE('',#632,2.001253947182E0);
#648=CIRCLE('',#647,2.001253947182E0);
#694=B_SPLINE_CURVE_WITH_KNOTS('',3,(#687,#688,#689,#690,#691,#692,#693),
.UNSPECIFIED.,.F.,.F.,(4,1,1,1,4),(0.E0,2.500000922501E-1,5.000000921717E-1,
7.500000920932E-1,1.E0),.UNSPECIFIED.);
#705=B_SPLINE_CURVE_WITH_KNOTS('',3,(#698,#699,#700,#701,#702,#703,#704),
.UNSPECIFIED.,.F.,.F.,(4,1,1,1,4),(0.E0,2.500000920932E-1,5.000000921717E-1,
7.500000922501E-1,1.E0),.UNSPECIFIED.);
#716=B_SPLINE_CURVE_WITH_KNOTS('',3,(#709,#710,#711,#712,#713,#714,#715),
.UNSPECIFIED.,.F.,.F.,(4,1,1,1,4),(0.E0,2.499970751977E-1,4.999978898819E-1,
7.499987045661E-1,1.E0),.UNSPECIFIED.);
#727=B_SPLINE_CURVE_WITH_KNOTS('',3,(#720,#721,#722,#723,#724,#725,#726),
.UNSPECIFIED.,.F.,.F.,(4,1,1,1,4),(0.E0,2.499987045747E-1,4.999978898959E-1,
7.499970752171E-1,1.E0),.UNSPECIFIED.);
#738=B_SPLINE_CURVE_WITH_KNOTS('',3,(#731,#732,#733,#734,#735,#736,#737),
.UNSPECIFIED.,.F.,.F.,(4,1,1,1,4),(0.E0,2.499995775270E-1,4.999996226128E-1,
7.499996676986E-1,1.E0),.UNSPECIFIED.);
#749=B_SPLINE_CURVE_WITH_KNOTS('',3,(#742,#743,#744,#745,#746,#747,#748),
.UNSPECIFIED.,.F.,.F.,(4,1,1,1,4),(0.E0,2.499996676987E-1,4.999996226130E-1,
7.499995775272E-1,1.E0),.UNSPECIFIED.);
#760=B_SPLINE_CURVE_WITH_KNOTS('',3,(#753,#754,#755,#756,#757,#758,#759),
.UNSPECIFIED.,.F.,.F.,(4,1,1,1,4),(0.E0,2.500013748785E-1,5.000026576637E-1,
7.500039404488E-1,1.E0),.UNSPECIFIED.);
#771=B_SPLINE_CURVE_WITH_KNOTS('',3,(#764,#765,#766,#767,#768,#769,#770),
.UNSPECIFIED.,.F.,.F.,(4,1,1,1,4),(0.E0,2.500039404077E-1,5.000026576359E-1,
7.500013748642E-1,1.E0),.UNSPECIFIED.);
#782=B_SPLINE_CURVE_WITH_KNOTS('',3,(#775,#776,#777,#778,#779,#780,#781),
.UNSPECIFIED.,.F.,.F.,(4,1,1,1,4),(0.E0,2.500000922053E-1,5.000000922193E-1,
7.500000922333E-1,1.E0),.UNSPECIFIED.);
#793=B_SPLINE_CURVE_WITH_KNOTS('',3,(#786,#787,#788,#789,#790,#791,#792),
.UNSPECIFIED.,.F.,.F.,(4,1,1,1,4),(0.E0,2.500000922333E-1,5.000000922193E-1,
7.500000922053E-1,1.E0),.UNSPECIFIED.);
#804=B_SPLINE_CURVE_WITH_KNOTS('',3,(#797,#798,#799,#800,#801,#802,#803),
.UNSPECIFIED.,.F.,.F.,(4,1,1,1,4),(0.E0,2.499962605686E-1,4.999962605473E-1,
7.499962605260E-1,1.E0),.UNSPECIFIED.);
#815=B_SPLINE_CURVE_WITH_KNOTS('',3,(#808,#809,#810,#811,#812,#813,#814),
.UNSPECIFIED.,.F.,.F.,(4,1,1,1,4),(0.E0,2.499962605258E-1,4.999962605473E-1,
7.499962605688E-1,1.E0),.UNSPECIFIED.);
#826=B_SPLINE_CURVE_WITH_KNOTS('',3,(#819,#820,#821,#822,#823,#824,#825),
.UNSPECIFIED.,.F.,.F.,(4,1,1,1,4),(0.E0,2.499962605403E-1,4.999962605347E-1,
7.499962605291E-1,1.E0),.UNSPECIFIED.);
#837=B_SPLINE_CURVE_WITH_KNOTS('',3,(#830,#831,#832,#833,#834,#835,#836),
.UNSPECIFIED.,.F.,.F.,(4,1,1,1,4),(0.E0,2.499962605289E-1,4.999962605347E-1,
7.499962605405E-1,1.E0),.UNSPECIFIED.);
#848=B_SPLINE_CURVE_WITH_KNOTS('',3,(#841,#842,#843,#844,#845,#846,#847),
.UNSPECIFIED.,.F.,.F.,(4,1,1,1,4),(0.E0,2.500039404064E-1,5.000026576955E-1,
7.500013749846E-1,1.E0),.UNSPECIFIED.);
#859=B_SPLINE_CURVE_WITH_KNOTS('',3,(#852,#853,#854,#855,#856,#857,#858),
.UNSPECIFIED.,.F.,.F.,(4,1,1,1,4),(0.E0,2.500013749989E-1,5.000026577232E-1,
7.500039404475E-1,1.E0),.UNSPECIFIED.);
#870=B_SPLINE_CURVE_WITH_KNOTS('',3,(#863,#864,#865,#866,#867,#868,#869),
.UNSPECIFIED.,.F.,.F.,(4,1,1,1,4),(0.E0,2.500007125055E-1,5.000013455522E-1,
7.500019785990E-1,1.E0),.UNSPECIFIED.);
#881=B_SPLINE_CURVE_WITH_KNOTS('',3,(#874,#875,#876,#877,#878,#879,#880),
.UNSPECIFIED.,.F.,.F.,(4,1,1,1,4),(0.E0,2.500019785888E-1,5.000013455453E-1,
7.500007125018E-1,1.E0),.UNSPECIFIED.);
#892=B_SPLINE_CURVE_WITH_KNOTS('',3,(#885,#886,#887,#888,#889,#890,#891),
.UNSPECIFIED.,.F.,.F.,(4,1,1,1,4),(0.E0,2.499985793201E-1,4.999980934701E-1,
7.499976076201E-1,1.E0),.UNSPECIFIED.);
#903=B_SPLINE_CURVE_WITH_KNOTS('',3,(#896,#897,#898,#899,#900,#901,#902),
.UNSPECIFIED.,.F.,.F.,(4,1,1,1,4),(0.E0,2.499976076106E-1,4.999980934626E-1,
7.499985793146E-1,1.E0),.UNSPECIFIED.);
#1051=CIRCLE('',#1050,2.8E0);
#1066=CIRCLE('',#1065,2.8E0);
#1088=CIRCLE('',#1087,2.801253947182E0);
#1103=CIRCLE('',#1102,2.801253947182E0);
#1111=CIRCLE('',#1110,2.8E0);
#1126=CIRCLE('',#1125,2.801253947182E0);
#1141=CIRCLE('',#1140,2.801253947182E0);
#1156=CIRCLE('',#1155,2.801253947182E0);
#1171=CIRCLE('',#1170,2.8E0);
#1186=CIRCLE('',#1185,2.801253947182E0);
#1201=CIRCLE('',#1200,2.801253947182E0);
#1216=CIRCLE('',#1215,2.801253947182E0);
#1231=CIRCLE('',#1230,2.801253947182E0);
#1246=CIRCLE('',#1245,2.801253947182E0);
#1261=CIRCLE('',#1260,2.801253947182E0);
#1276=CIRCLE('',#1275,2.8E0);
#1291=CIRCLE('',#1290,2.801253947182E0);
#1306=CIRCLE('',#1305,2.801253947182E0);
#1321=CIRCLE('',#1320,2.801253947182E0);
#1336=CIRCLE('',#1335,2.801253947182E0);
#1351=CIRCLE('',#1350,2.801253947182E0);
#1366=CIRCLE('',#1365,2.801253947182E0);
#1388=CIRCLE('',#1387,2.801253947182E0);
#1410=CIRCLE('',#1409,2.801253947182E0);
#1439=CIRCLE('',#1438,2.801253947182E0);
#1468=CIRCLE('',#1467,2.801253947182E0);
#1490=CIRCLE('',#1489,2.801253947182E0);
#1526=CIRCLE('',#1525,2.801253947182E0);
#1541=CIRCLE('',#1540,2.801253947182E0);
#1570=CIRCLE('',#1569,2.801253947182E0);
#1592=CIRCLE('',#1591,2.801253947182E0);
#1628=CIRCLE('',#1627,2.801253947182E0);
#1643=CIRCLE('',#1642,2.801253947182E0);
#1672=CIRCLE('',#1671,2.801253947182E0);
#1694=CIRCLE('',#1693,2.801253947182E0);
#1751=CIRCLE('',#1750,2.8E0);
#2058=EDGE_CURVE('',#2036,#1899,#1066,.T.);
#2060=EDGE_CURVE('',#2052,#2036,#19,.T.);
#2062=EDGE_CURVE('',#1908,#2052,#1410,.T.);
#2064=EDGE_CURVE('',#1907,#1908,#1453,.T.);
#2066=EDGE_CURVE('',#1910,#1907,#1439,.T.);
#2068=EDGE_CURVE('',#1912,#1910,#1424,.T.);
#2070=EDGE_CURVE('',#2048,#1912,#1388,.T.);
#2072=EDGE_CURVE('',#2032,#2048,#27,.T.);
#2074=EDGE_CURVE('',#1904,#2032,#1051,.T.);
#2076=EDGE_CURVE('',#1903,#1904,#1708,.T.);
#2078=EDGE_CURVE('',#2040,#1903,#1672,.T.);
#2080=EDGE_CURVE('',#2016,#2040,#34,.T.);
#2082=EDGE_CURVE('',#1892,#2016,#1628,.T.);
#2084=EDGE_CURVE('',#1891,#1892,#1606,.T.);
#2086=EDGE_CURVE('',#2024,#1891,#1570,.T.);
#2088=EDGE_CURVE('',#2000,#2024,#41,.T.);
#2090=EDGE_CURVE('',#1884,#2000,#1526,.T.);
#2092=EDGE_CURVE('',#1883,#1884,#1504,.T.);
#2094=EDGE_CURVE('',#2008,#1883,#1468,.T.);
#2096=EDGE_CURVE('',#1992,#2008,#48,.T.);
#2098=EDGE_CURVE('',#1880,#1992,#1088,.T.);
#2100=EDGE_CURVE('',#1879,#1880,#1765,.T.);
#2102=EDGE_CURVE('',#1876,#1879,#1751,.T.);
#2104=EDGE_CURVE('',#1875,#1876,#1736,.T.);
#2106=EDGE_CURVE('',#1996,#1875,#1103,.T.);
#2108=EDGE_CURVE('',#2012,#1996,#55,.T.);
#2110=EDGE_CURVE('',#1888,#2012,#1490,.T.);
#2112=EDGE_CURVE('',#1887,#1888,#1555,.T.);
#2114=EDGE_CURVE('',#2004,#1887,#1541,.T.);
#2116=EDGE_CURVE('',#2028,#2004,#62,.T.);
#2118=EDGE_CURVE('',#1896,#2028,#1592,.T.);
#2120=EDGE_CURVE('',#1895,#1896,#1657,.T.);
#2122=EDGE_CURVE('',#2020,#1895,#1643,.T.);
#2124=EDGE_CURVE('',#2044,#2020,#69,.T.);
#2126=EDGE_CURVE('',#1900,#2044,#1694,.T.);
#2128=EDGE_CURVE('',#1899,#1900,#1722,.T.);
#2132=EDGE_CURVE('',#1843,#1844,#325,.T.);
#2134=EDGE_CURVE('',#1844,#1846,#391,.T.);
#2136=EDGE_CURVE('',#1846,#1848,#369,.T.);
#2138=EDGE_CURVE('',#1848,#1843,#347,.T.);
#2142=EDGE_CURVE('',#1851,#1852,#412,.T.);
#2144=EDGE_CURVE('',#1852,#1854,#478,.T.);
#2146=EDGE_CURVE('',#1854,#1856,#456,.T.);
#2148=EDGE_CURVE('',#1856,#1851,#434,.T.);
#2152=EDGE_CURVE('',#1859,#1860,#500,.T.);
#2154=EDGE_CURVE('',#1860,#1862,#566,.T.);
#2156=EDGE_CURVE('',#1862,#1864,#544,.T.);
#2158=EDGE_CURVE('',#1864,#1859,#522,.T.);
#2162=EDGE_CURVE('',#1867,#1868,#589,.T.);
#2164=EDGE_CURVE('',#1868,#1870,#655,.T.);
#2166=EDGE_CURVE('',#1870,#1872,#633,.T.);
#2168=EDGE_CURVE('',#1872,#1867,#611,.T.);
#2172=EDGE_CURVE('',#1835,#1836,#77,.T.);
#2174=EDGE_CURVE('',#1836,#1838,#143,.T.);
#2176=EDGE_CURVE('',#1838,#1840,#121,.T.);
#2178=EDGE_CURVE('',#1840,#1835,#99,.T.);
#2182=ADVANCED_FACE('',(#2131,#2141,#2151,#2161,#2171,#2181),#2057,.T.);
#2189=EDGE_CURVE('',#1835,#1795,#84,.T.);
#2191=EDGE_CURVE('',#1795,#1796,#92,.T.);
#2193=EDGE_CURVE('',#1836,#1796,#150,.T.);
#2197=ADVANCED_FACE('',(#2196),#2187,.T.);
#2204=EDGE_CURVE('',#1840,#1800,#106,.T.);
#2206=EDGE_CURVE('',#1800,#1795,#113,.T.);
#2211=ADVANCED_FACE('',(#2210),#2202,.T.);
#2218=EDGE_CURVE('',#1838,#1798,#128,.T.);
#2220=EDGE_CURVE('',#1798,#1800,#136,.T.);
#2225=ADVANCED_FACE('',(#2224),#2216,.T.);
#2233=EDGE_CURVE('',#1796,#1798,#157,.T.);
#2238=ADVANCED_FACE('',(#2237),#2230,.T.);
#2250=EDGE_CURVE('',#1789,#1790,#213,.T.);
#2252=EDGE_CURVE('',#1790,#1789,#221,.T.);
#2256=ADVANCED_FACE('',(#2249,#2255),#2243,.T.);
#2262=EDGE_CURVE('',#1803,#1804,#340,.T.);
#2264=EDGE_CURVE('',#1808,#1803,#361,.T.);
#2266=EDGE_CURVE('',#1806,#1808,#384,.T.);
#2268=EDGE_CURVE('',#1804,#1806,#405,.T.);
#2272=EDGE_CURVE('',#1771,#1772,#165,.T.);
#2274=EDGE_CURVE('',#1772,#1771,#173,.T.);
#2278=ADVANCED_FACE('',(#2271,#2277),#2261,.T.);
#2284=EDGE_CURVE('',#1811,#1812,#426,.T.);
#2286=EDGE_CURVE('',#1816,#1811,#449,.T.);
#2288=EDGE_CURVE('',#1814,#1816,#470,.T.);
#2290=EDGE_CURVE('',#1812,#1814,#493,.T.);
#2294=EDGE_CURVE('',#1939,#1940,#293,.T.);
#2296=EDGE_CURVE('',#1940,#1939,#301,.T.);
#2300=ADVANCED_FACE('',(#2293,#2299),#2283,.T.);
#2306=EDGE_CURVE('',#1819,#1820,#514,.T.);
#2308=EDGE_CURVE('',#1824,#1819,#537,.T.);
#2310=EDGE_CURVE('',#1822,#1824,#558,.T.);
#2312=EDGE_CURVE('',#1820,#1822,#581,.T.);
#2316=EDGE_CURVE('',#1933,#1934,#277,.T.);
#2318=EDGE_CURVE('',#1934,#1933,#285,.T.);
#2322=ADVANCED_FACE('',(#2315,#2321),#2305,.T.);
#2328=EDGE_CURVE('',#1827,#1828,#604,.T.);
#2330=EDGE_CURVE('',#1832,#1827,#625,.T.);
#2332=EDGE_CURVE('',#1830,#1832,#648,.T.);
#2334=EDGE_CURVE('',#1828,#1830,#669,.T.);
#2338=EDGE_CURVE('',#1915,#1916,#229,.T.);
#2340=EDGE_CURVE('',#1916,#1915,#237,.T.);
#2344=ADVANCED_FACE('',(#2337,#2343),#2327,.T.);
#2350=EDGE_CURVE('',#1777,#1778,#181,.T.);
#2352=EDGE_CURVE('',#1778,#1777,#189,.T.);
#2356=ADVANCED_FACE('',(#2355),#2349,.T.);
#2362=EDGE_CURVE('',#1783,#1784,#197,.T.);
#2364=EDGE_CURVE('',#1784,#1783,#205,.T.);
#2368=ADVANCED_FACE('',(#2367),#2361,.T.);
#2374=EDGE_CURVE('',#1921,#1922,#245,.T.);
#2376=EDGE_CURVE('',#1922,#1921,#253,.T.);
#2380=ADVANCED_FACE('',(#2379),#2373,.T.);
#2386=EDGE_CURVE('',#1927,#1928,#261,.T.);
#2388=EDGE_CURVE('',#1928,#1927,#269,.T.);
#2392=ADVANCED_FACE('',(#2391),#2385,.T.);
#2398=EDGE_CURVE('',#1945,#1946,#309,.T.);
#2400=EDGE_CURVE('',#1946,#1945,#317,.T.);
#2404=ADVANCED_FACE('',(#2403),#2397,.T.);
#2411=EDGE_CURVE('',#1843,#1803,#332,.T.);
#2414=EDGE_CURVE('',#1844,#1804,#398,.T.);
#2418=ADVANCED_FACE('',(#2417),#2409,.T.);
#2425=EDGE_CURVE('',#1848,#1808,#354,.T.);
#2431=ADVANCED_FACE('',(#2430),#2423,.T.);
#2438=EDGE_CURVE('',#1846,#1806,#376,.T.);
#2444=ADVANCED_FACE('',(#2443),#2436,.T.);
#2456=ADVANCED_FACE('',(#2455),#2449,.T.);
#2463=EDGE_CURVE('',#1851,#1811,#419,.T.);
#2466=EDGE_CURVE('',#1852,#1812,#485,.T.);
#2470=ADVANCED_FACE('',(#2469),#2461,.T.);
#2477=EDGE_CURVE('',#1856,#1816,#441,.T.);
#2483=ADVANCED_FACE('',(#2482),#2475,.T.);
#2490=EDGE_CURVE('',#1854,#1814,#463,.T.);
#2496=ADVANCED_FACE('',(#2495),#2488,.T.);
#2508=ADVANCED_FACE('',(#2507),#2501,.T.);
#2515=EDGE_CURVE('',#1859,#1819,#507,.T.);
#2518=EDGE_CURVE('',#1860,#1820,#573,.T.);
#2522=ADVANCED_FACE('',(#2521),#2513,.T.);
#2529=EDGE_CURVE('',#1864,#1824,#529,.T.);
#2535=ADVANCED_FACE('',(#2534),#2527,.T.);
#2542=EDGE_CURVE('',#1862,#1822,#551,.T.);
#2548=ADVANCED_FACE('',(#2547),#2540,.T.);
#2560=ADVANCED_FACE('',(#2559),#2553,.T.);
#2567=EDGE_CURVE('',#1867,#1827,#596,.T.);
#2570=EDGE_CURVE('',#1868,#1828,#662,.T.);
#2574=ADVANCED_FACE('',(#2573),#2565,.T.);
#2581=EDGE_CURVE('',#1872,#1832,#618,.T.);
#2587=ADVANCED_FACE('',(#2586),#2579,.T.);
#2594=EDGE_CURVE('',#1870,#1830,#640,.T.);
#2600=ADVANCED_FACE('',(#2599),#2592,.T.);
#2612=ADVANCED_FACE('',(#2611),#2605,.T.);
#2667=EDGE_CURVE('',#1771,#1773,#676,.T.);
#2669=EDGE_CURVE('',#1773,#1774,#694,.T.);
#2671=EDGE_CURVE('',#1772,#1774,#683,.T.);
#2675=ADVANCED_FACE('',(#2674),#2665,.T.);
#2731=EDGE_CURVE('',#1774,#1773,#705,.T.);
#2736=ADVANCED_FACE('',(#2735),#2728,.T.);
#2746=EDGE_CURVE('',#1779,#1780,#716,.T.);
#2748=EDGE_CURVE('',#1780,#1779,#727,.T.);
#2752=ADVANCED_FACE('',(#2745,#2751),#2741,.T.);
#2770=EDGE_CURVE('',#1791,#1792,#760,.T.);
#2772=EDGE_CURVE('',#1792,#1791,#771,.T.);
#2776=EDGE_CURVE('',#1785,#1786,#738,.T.);
#2778=EDGE_CURVE('',#1786,#1785,#749,.T.);
#2782=ADVANCED_FACE('',(#2775,#2781),#2769,.T.);
#2800=EDGE_CURVE('',#1917,#1918,#782,.T.);
#2802=EDGE_CURVE('',#1918,#1917,#793,.T.);
#2806=EDGE_CURVE('',#1923,#1924,#804,.T.);
#2808=EDGE_CURVE('',#1924,#1923,#815,.T.);
#2812=ADVANCED_FACE('',(#2805,#2811),#2799,.T.);
#2830=EDGE_CURVE('',#1935,#1936,#848,.T.);
#2832=EDGE_CURVE('',#1936,#1935,#859,.T.);
#2836=EDGE_CURVE('',#1929,#1930,#826,.T.);
#2838=EDGE_CURVE('',#1930,#1929,#837,.T.);
#2842=ADVANCED_FACE('',(#2835,#2841),#2829,.T.);
#2860=EDGE_CURVE('',#1941,#1942,#870,.T.);
#2862=EDGE_CURVE('',#1942,#1941,#881,.T.);
#2866=EDGE_CURVE('',#1947,#1948,#892,.T.);
#2868=EDGE_CURVE('',#1948,#1947,#903,.T.);
#2872=ADVANCED_FACE('',(#2865,#2871),#2859,.T.);
#2939=EDGE_CURVE('',#1778,#1780,#910,.T.);
#2942=EDGE_CURVE('',#1777,#1779,#917,.T.);
#2946=ADVANCED_FACE('',(#2945),#2937,.F.);
#3006=ADVANCED_FACE('',(#3005),#2999,.F.);
#3061=EDGE_CURVE('',#1784,#1786,#924,.T.);
#3064=EDGE_CURVE('',#1783,#1785,#931,.T.);
#3068=ADVANCED_FACE('',(#3067),#3059,.F.);
#3128=ADVANCED_FACE('',(#3127),#3121,.F.);
#3183=EDGE_CURVE('',#1789,#1791,#938,.T.);
#3186=EDGE_CURVE('',#1790,#1792,#945,.T.);
#3190=ADVANCED_FACE('',(#3189),#3181,.T.);
#3250=ADVANCED_FACE('',(#3249),#3243,.T.);
#3305=EDGE_CURVE('',#1915,#1917,#952,.T.);
#3308=EDGE_CURVE('',#1916,#1918,#959,.T.);
#3312=ADVANCED_FACE('',(#3311),#3303,.T.);
#3372=ADVANCED_FACE('',(#3371),#3365,.T.);
#3427=EDGE_CURVE('',#1922,#1924,#966,.T.);
#3430=EDGE_CURVE('',#1921,#1923,#973,.T.);
#3434=ADVANCED_FACE('',(#3433),#3425,.F.);
#3494=ADVANCED_FACE('',(#3493),#3487,.F.);
#3549=EDGE_CURVE('',#1928,#1930,#980,.T.);
#3552=EDGE_CURVE('',#1927,#1929,#987,.T.);
#3556=ADVANCED_FACE('',(#3555),#3547,.F.);
#3616=ADVANCED_FACE('',(#3615),#3609,.F.);
#3671=EDGE_CURVE('',#1933,#1935,#994,.T.);
#3674=EDGE_CURVE('',#1934,#1936,#1001,.T.);
#3678=ADVANCED_FACE('',(#3677),#3669,.T.);
#3738=ADVANCED_FACE('',(#3737),#3731,.T.);
#3793=EDGE_CURVE('',#1939,#1941,#1008,.T.);
#3796=EDGE_CURVE('',#1940,#1942,#1015,.T.);
#3800=ADVANCED_FACE('',(#3799),#3791,.T.);
#3860=ADVANCED_FACE('',(#3859),#3853,.T.);
#3915=EDGE_CURVE('',#1946,#1948,#1022,.T.);
#3918=EDGE_CURVE('',#1945,#1947,#1029,.T.);
#3922=ADVANCED_FACE('',(#3921),#3913,.F.);
#3982=ADVANCED_FACE('',(#3981),#3975,.F.);
#3988=EDGE_CURVE('',#2031,#2032,#1036,.T.);
#3990=EDGE_CURVE('',#1980,#2031,#1111,.T.);
#3992=EDGE_CURVE('',#1980,#1904,#1043,.T.);
#3997=ADVANCED_FACE('',(#3996),#3987,.T.);
#4003=EDGE_CURVE('',#2035,#2036,#1058,.T.);
#4006=EDGE_CURVE('',#1975,#1899,#1715,.T.);
#4008=EDGE_CURVE('',#2035,#1975,#1171,.T.);
#4012=ADVANCED_FACE('',(#4011),#4002,.T.);
#4018=EDGE_CURVE('',#1991,#1992,#1073,.T.);
#4021=EDGE_CURVE('',#2007,#2008,#1460,.T.);
#4023=EDGE_CURVE('',#1991,#2007,#1298,.T.);
#4027=ADVANCED_FACE('',(#4026),#4017,.T.);
#4033=EDGE_CURVE('',#1999,#2000,#1511,.T.);
#4036=EDGE_CURVE('',#2023,#2024,#1562,.T.);
#4038=EDGE_CURVE('',#1999,#2023,#1328,.T.);
#4042=ADVANCED_FACE('',(#4041),#4032,.T.);
#4048=EDGE_CURVE('',#2015,#2016,#1613,.T.);
#4051=EDGE_CURVE('',#2039,#2040,#1664,.T.);
#4053=EDGE_CURVE('',#2015,#2039,#1358,.T.);
#4057=ADVANCED_FACE('',(#4056),#4047,.T.);
#4065=EDGE_CURVE('',#2047,#2048,#1380,.T.);
#4067=EDGE_CURVE('',#2031,#2047,#1118,.T.);
#4071=ADVANCED_FACE('',(#4070),#4062,.T.);
#4078=EDGE_CURVE('',#1956,#1991,#1291,.T.);
#4080=EDGE_CURVE('',#1956,#1880,#1080,.T.);
#4085=ADVANCED_FACE('',(#4084),#4076,.T.);
#4091=EDGE_CURVE('',#1995,#1996,#1095,.T.);
#4094=EDGE_CURVE('',#1951,#1875,#1729,.T.);
#4096=EDGE_CURVE('',#1995,#1951,#1261,.T.);
#4100=ADVANCED_FACE('',(#4099),#4090,.T.);
#4108=EDGE_CURVE('',#2047,#1988,#1126,.T.);
#4110=EDGE_CURVE('',#1988,#1986,#1133,.T.);
#4112=EDGE_CURVE('',#1986,#1983,#1141,.T.);
#4114=EDGE_CURVE('',#1983,#1984,#1148,.T.);
#4116=EDGE_CURVE('',#1984,#2051,#1156,.T.);
#4118=EDGE_CURVE('',#2051,#2035,#1163,.T.);
#4121=EDGE_CURVE('',#1975,#1976,#1178,.T.);
#4123=EDGE_CURVE('',#1976,#2043,#1186,.T.);
#4125=EDGE_CURVE('',#2043,#2019,#1193,.T.);
#4127=EDGE_CURVE('',#2019,#1971,#1201,.T.);
#4129=EDGE_CURVE('',#1971,#1972,#1208,.T.);
#4131=EDGE_CURVE('',#1972,#2027,#1216,.T.);
#4133=EDGE_CURVE('',#2027,#2003,#1223,.T.);
#4135=EDGE_CURVE('',#2003,#1963,#1231,.T.);
#4137=EDGE_CURVE('',#1963,#1964,#1238,.T.);
#4139=EDGE_CURVE('',#1964,#2011,#1246,.T.);
#4141=EDGE_CURVE('',#2011,#1995,#1253,.T.);
#4144=EDGE_CURVE('',#1951,#1952,#1268,.T.);
#4146=EDGE_CURVE('',#1952,#1955,#1276,.T.);
#4148=EDGE_CURVE('',#1955,#1956,#1283,.T.);
#4152=EDGE_CURVE('',#2007,#1959,#1306,.T.);
#4154=EDGE_CURVE('',#1959,#1960,#1313,.T.);
#4156=EDGE_CURVE('',#1960,#1999,#1321,.T.);
#4159=EDGE_CURVE('',#2023,#1967,#1336,.T.);
#4161=EDGE_CURVE('',#1967,#1968,#1343,.T.);
#4163=EDGE_CURVE('',#1968,#2015,#1351,.T.);
#4166=EDGE_CURVE('',#2039,#1979,#1366,.T.);
#4168=EDGE_CURVE('',#1979,#1980,#1373,.T.);
#4172=ADVANCED_FACE('',(#4171),#4105,.F.);
#4180=EDGE_CURVE('',#1988,#1912,#1417,.T.);
#4185=ADVANCED_FACE('',(#4184),#4177,.T.);
#4191=EDGE_CURVE('',#2051,#2052,#1395,.T.);
#4194=EDGE_CURVE('',#1984,#1908,#1402,.T.);
#4199=ADVANCED_FACE('',(#4198),#4190,.T.);
#4208=EDGE_CURVE('',#1986,#1910,#1431,.T.);
#4212=ADVANCED_FACE('',(#4211),#4204,.T.);
#4221=EDGE_CURVE('',#1983,#1907,#1446,.T.);
#4225=ADVANCED_FACE('',(#4224),#4217,.T.);
#4237=ADVANCED_FACE('',(#4236),#4230,.T.);
#4245=EDGE_CURVE('',#2011,#2012,#1475,.T.);
#4250=ADVANCED_FACE('',(#4249),#4242,.T.);
#4256=EDGE_CURVE('',#2003,#2004,#1533,.T.);
#4259=EDGE_CURVE('',#2027,#2028,#1577,.T.);
#4264=ADVANCED_FACE('',(#4263),#4255,.T.);
#4270=EDGE_CURVE('',#2019,#2020,#1635,.T.);
#4273=EDGE_CURVE('',#2043,#2044,#1679,.T.);
#4278=ADVANCED_FACE('',(#4277),#4269,.T.);
#4290=ADVANCED_FACE('',(#4289),#4283,.T.);
#4298=EDGE_CURVE('',#1959,#1883,#1497,.T.);
#4303=ADVANCED_FACE('',(#4302),#4295,.T.);
#4311=EDGE_CURVE('',#1964,#1888,#1482,.T.);
#4316=ADVANCED_FACE('',(#4315),#4308,.T.);
#4325=EDGE_CURVE('',#1960,#1884,#1518,.T.);
#4329=ADVANCED_FACE('',(#4328),#4321,.T.);
#4341=ADVANCED_FACE('',(#4340),#4334,.T.);
#4349=EDGE_CURVE('',#1963,#1887,#1548,.T.);
#4354=ADVANCED_FACE('',(#4353),#4346,.T.);
#4366=ADVANCED_FACE('',(#4365),#4359,.T.);
#4374=EDGE_CURVE('',#1967,#1891,#1599,.T.);
#4379=ADVANCED_FACE('',(#4378),#4371,.T.);
#4387=EDGE_CURVE('',#1972,#1896,#1584,.T.);
#4392=ADVANCED_FACE('',(#4391),#4384,.T.);
#4401=EDGE_CURVE('',#1968,#1892,#1620,.T.);
#4405=ADVANCED_FACE('',(#4404),#4397,.T.);
#4417=ADVANCED_FACE('',(#4416),#4410,.T.);
#4425=EDGE_CURVE('',#1971,#1895,#1650,.T.);
#4430=ADVANCED_FACE('',(#4429),#4422,.T.);
#4442=ADVANCED_FACE('',(#4441),#4435,.T.);
#4450=EDGE_CURVE('',#1979,#1903,#1701,.T.);
#4455=ADVANCED_FACE('',(#4454),#4447,.T.);
#4463=EDGE_CURVE('',#1976,#1900,#1686,.T.);
#4468=ADVANCED_FACE('',(#4467),#4460,.T.);
#4480=ADVANCED_FACE('',(#4479),#4473,.T.);
#4492=ADVANCED_FACE('',(#4491),#4485,.T.);
#4501=EDGE_CURVE('',#1952,#1876,#1743,.T.);
#4505=ADVANCED_FACE('',(#4504),#4497,.T.);
#4514=EDGE_CURVE('',#1955,#1879,#1758,.T.);
#4518=ADVANCED_FACE('',(#4517),#4510,.T.);
#4530=ADVANCED_FACE('',(#4529),#4523,.T.);
#4531=CLOSED_SHELL('',(#2182,#2197,#2211,#2225,#2238,#2256,#2278,#2300,#2322,
#2344,#2356,#2368,#2380,#2392,#2404,#2418,#2431,#2444,#2456,#2470,#2483,#2496,
#2508,#2522,#2535,#2548,#2560,#2574,#2587,#2600,#2612,#2675,#2736,#2752,#2782,
#2812,#2842,#2872,#2946,#3006,#3068,#3128,#3190,#3250,#3312,#3372,#3434,#3494,
#3556,#3616,#3678,#3738,#3800,#3860,#3922,#3982,#3997,#4012,#4027,#4042,#4057,
#4071,#4085,#4100,#4172,#4185,#4199,#4212,#4225,#4237,#4250,#4264,#4278,#4290,
#4303,#4316,#4329,#4341,#4354,#4366,#4379,#4392,#4405,#4417,#4430,#4442,#4455,
#4468,#4480,#4492,#4505,#4518,#4530));
#4532=MANIFOLD_SOLID_BREP('',#4531);
#4539=(LENGTH_UNIT()NAMED_UNIT(*)SI_UNIT(.MILLI.,.METRE.));
#4540=(NAMED_UNIT(*)PLANE_ANGLE_UNIT()SI_UNIT($,.RADIAN.));
#4543=(NAMED_UNIT(*)SI_UNIT($,.STERADIAN.)SOLID_ANGLE_UNIT());
#4545=(GEOMETRIC_REPRESENTATION_CONTEXT(3)GLOBAL_UNCERTAINTY_ASSIGNED_CONTEXT((
#4544))GLOBAL_UNIT_ASSIGNED_CONTEXT((#4539,#4542,#4543))REPRESENTATION_CONTEXT(
'ID1','3'));
#4546=ADVANCED_BREP_SHAPE_REPRESENTATION('',(#4532),#4545);
#4554=PRODUCT_DEFINITION('part definition','',#4553,#4550);
#4555=PRODUCT_DEFINITION_SHAPE('','SHAPE FOR I-0510-03_REVX01.',#4554);
#4556=SHAPE_ASPECT('','solid data associated with I-0510-03_REVX01',#4555,.F.);
#4557=PROPERTY_DEFINITION('',
'shape for solid data with which properties are associated',#4556);
#4558=SHAPE_REPRESENTATION('',(#4532),#4545);
#4559=SHAPE_DEFINITION_REPRESENTATION(#4557,#4558);
#4560=(LENGTH_UNIT()NAMED_UNIT(*)SI_UNIT(.MILLI.,.METRE.));
#4564=PROPERTY_DEFINITION('geometric validation property',
'area of I-0510-03_REVX01',#4556);
#4565=REPRESENTATION('surface area',(#4563),#4545);
#4566=PROPERTY_DEFINITION_REPRESENTATION(#4564,#4565);
#4567=(LENGTH_UNIT()NAMED_UNIT(*)SI_UNIT(.MILLI.,.METRE.));
#4571=PROPERTY_DEFINITION('geometric validation property',
'volume of I-0510-03_REVX01',#4556);
#4572=REPRESENTATION('volume',(#4570),#4545);
#4573=PROPERTY_DEFINITION_REPRESENTATION(#4571,#4572);
#4575=PROPERTY_DEFINITION('geometric validation property',
'centroid of I-0510-03_REVX01',#4556);
#4576=REPRESENTATION('centroid',(#4574),#4545);
#4577=PROPERTY_DEFINITION_REPRESENTATION(#4575,#4576);
#4578=(LENGTH_UNIT()NAMED_UNIT(*)SI_UNIT(.MILLI.,.METRE.));
#4582=PROPERTY_DEFINITION('geometric validation property',
'area of I-0510-03_REVX01',#4555);
#4583=REPRESENTATION('surface area',(#4581),#4545);
#4584=PROPERTY_DEFINITION_REPRESENTATION(#4582,#4583);
#4585=(LENGTH_UNIT()NAMED_UNIT(*)SI_UNIT(.MILLI.,.METRE.));
#4589=PROPERTY_DEFINITION('geometric validation property',
'volume of I-0510-03_REVX01',#4555);
#4590=REPRESENTATION('volume',(#4588),#4545);
#4591=PROPERTY_DEFINITION_REPRESENTATION(#4589,#4590);
#4593=PROPERTY_DEFINITION('geometric validation property',
'centroid of I-0510-03_REVX01',#4555);
#4594=REPRESENTATION('centroid',(#4592),#4545);
#4595=PROPERTY_DEFINITION_REPRESENTATION(#4593,#4594);
#4596=SHAPE_DEFINITION_REPRESENTATION(#4555,#4546);
ENDSEC;
END-ISO-10303-21;
