ISO-10303-21;
HEADER;
FILE_DESCRIPTION((''),'2;1');
FILE_NAME('I-0526-01_REVX01','2026-07-14T14:11:21',('LSD'),(''),
'CREO PARAMETRIC BY PTC INC, 2020053','CREO PARAMETRIC BY PTC INC, 2020053','');
FILE_SCHEMA(('AUTOMOTIVE_DESIGN { 1 0 10303 214 1 1 1 1 }'));
ENDSEC;
DATA;
#58=DIRECTION('',(1.E0,0.E0,0.E0));
#59=VECTOR('',#58,7.249883395357E0);
#60=CARTESIAN_POINT('',(-1.024988339536E1,0.E0,-4.63E1));
#61=LINE('',#60,#59);
#62=DRAUGHTING_PRE_DEFINED_CURVE_FONT('continuous');
#63=CURVE_STYLE('',#62,POSITIVE_LENGTH_MEASURE(2.E-2),#34);
#64=PRESENTATION_STYLE_ASSIGNMENT((#63));
#65=STYLED_ITEM('',(#64),#61);
#66=DIRECTION('',(0.E0,0.E0,-1.E0));
#67=VECTOR('',#66,8.E-1);
#68=CARTESIAN_POINT('',(-3.E0,0.E0,-4.55E1));
#69=LINE('',#68,#67);
#70=CURVE_STYLE('',#62,POSITIVE_LENGTH_MEASURE(2.E-2),#34);
#71=PRESENTATION_STYLE_ASSIGNMENT((#70));
#72=STYLED_ITEM('',(#71),#69);
#73=DIRECTION('',(0.E0,0.E0,1.E0));
#74=VECTOR('',#73,8.E-1);
#75=CARTESIAN_POINT('',(3.E0,0.E0,-4.63E1));
#76=LINE('',#75,#74);
#77=CURVE_STYLE('',#62,POSITIVE_LENGTH_MEASURE(2.E-2),#34);
#78=PRESENTATION_STYLE_ASSIGNMENT((#77));
#79=STYLED_ITEM('',(#78),#76);
#80=DIRECTION('',(1.E0,0.E0,0.E0));
#81=VECTOR('',#80,2.4E1);
#82=CARTESIAN_POINT('',(3.E0,0.E0,-4.63E1));
#83=LINE('',#82,#81);
#84=CURVE_STYLE('',#62,POSITIVE_LENGTH_MEASURE(2.E-2),#34);
#85=PRESENTATION_STYLE_ASSIGNMENT((#84));
#86=STYLED_ITEM('',(#85),#83);
#87=CARTESIAN_POINT('',(2.7E1,0.E0,-4.5E1));
#88=DIRECTION('',(0.E0,-1.E0,0.E0));
#89=DIRECTION('',(0.E0,0.E0,-1.E0));
#90=AXIS2_PLACEMENT_3D('',#87,#88,#89);
#92=CURVE_STYLE('',#62,POSITIVE_LENGTH_MEASURE(2.E-2),#34);
#93=PRESENTATION_STYLE_ASSIGNMENT((#92));
#94=STYLED_ITEM('',(#93),#91);
#95=DIRECTION('',(0.E0,0.E0,1.E0));
#96=VECTOR('',#95,7.E0);
#97=CARTESIAN_POINT('',(2.83E1,0.E0,-4.5E1));
#98=LINE('',#97,#96);
#99=CURVE_STYLE('',#62,POSITIVE_LENGTH_MEASURE(2.E-2),#34);
#100=PRESENTATION_STYLE_ASSIGNMENT((#99));
#101=STYLED_ITEM('',(#100),#98);
#102=DIRECTION('',(1.E0,0.E0,0.E0));
#103=VECTOR('',#102,8.E-1);
#104=CARTESIAN_POINT('',(2.75E1,0.E0,-3.8E1));
#105=LINE('',#104,#103);
#106=CURVE_STYLE('',#62,POSITIVE_LENGTH_MEASURE(2.E-2),#34);
#107=PRESENTATION_STYLE_ASSIGNMENT((#106));
#108=STYLED_ITEM('',(#107),#105);
#109=DIRECTION('',(-1.E0,0.E0,0.E0));
#110=VECTOR('',#109,8.E-1);
#111=CARTESIAN_POINT('',(2.83E1,0.E0,-3.2E1));
#112=LINE('',#111,#110);
#113=CURVE_STYLE('',#62,POSITIVE_LENGTH_MEASURE(2.E-2),#34);
#114=PRESENTATION_STYLE_ASSIGNMENT((#113));
#115=STYLED_ITEM('',(#114),#112);
#116=DIRECTION('',(0.E0,0.E0,1.E0));
#117=VECTOR('',#116,6.4E1);
#118=CARTESIAN_POINT('',(2.83E1,0.E0,-3.2E1));
#119=LINE('',#118,#117);
#120=CURVE_STYLE('',#62,POSITIVE_LENGTH_MEASURE(2.E-2),#34);
#121=PRESENTATION_STYLE_ASSIGNMENT((#120));
#122=STYLED_ITEM('',(#121),#119);
#123=DIRECTION('',(1.E0,0.E0,0.E0));
#124=VECTOR('',#123,8.E-1);
#125=CARTESIAN_POINT('',(2.75E1,0.E0,3.2E1));
#126=LINE('',#125,#124);
#127=CURVE_STYLE('',#62,POSITIVE_LENGTH_MEASURE(2.E-2),#34);
#128=PRESENTATION_STYLE_ASSIGNMENT((#127));
#129=STYLED_ITEM('',(#128),#126);
#130=DIRECTION('',(-1.E0,0.E0,0.E0));
#131=VECTOR('',#130,8.E-1);
#132=CARTESIAN_POINT('',(2.83E1,0.E0,3.8E1));
#133=LINE('',#132,#131);
#134=CURVE_STYLE('',#62,POSITIVE_LENGTH_MEASURE(2.E-2),#34);
#135=PRESENTATION_STYLE_ASSIGNMENT((#134));
#136=STYLED_ITEM('',(#135),#133);
#137=DIRECTION('',(0.E0,0.E0,1.E0));
#138=VECTOR('',#137,7.E0);
#139=CARTESIAN_POINT('',(2.83E1,0.E0,3.8E1));
#140=LINE('',#139,#138);
#141=CURVE_STYLE('',#62,POSITIVE_LENGTH_MEASURE(2.E-2),#34);
#142=PRESENTATION_STYLE_ASSIGNMENT((#141));
#143=STYLED_ITEM('',(#142),#140);
#144=CARTESIAN_POINT('',(2.7E1,0.E0,4.5E1));
#145=DIRECTION('',(0.E0,-1.E0,0.E0));
#146=DIRECTION('',(1.E0,0.E0,-2.186285340800E-14));
#147=AXIS2_PLACEMENT_3D('',#144,#145,#146);
#149=CURVE_STYLE('',#62,POSITIVE_LENGTH_MEASURE(2.E-2),#34);
#150=PRESENTATION_STYLE_ASSIGNMENT((#149));
#151=STYLED_ITEM('',(#150),#148);
#152=DIRECTION('',(-1.E0,0.E0,0.E0));
#153=VECTOR('',#152,2.222999722443E1);
#154=CARTESIAN_POINT('',(2.7E1,0.E0,4.63E1));
#155=LINE('',#154,#153);
#156=CURVE_STYLE('',#62,POSITIVE_LENGTH_MEASURE(2.E-2),#34);
#157=PRESENTATION_STYLE_ASSIGNMENT((#156));
#158=STYLED_ITEM('',(#157),#155);
#159=DIRECTION('',(0.E0,0.E0,-1.E0));
#160=VECTOR('',#159,7.E-1);
#161=CARTESIAN_POINT('',(4.770002775566E0,0.E0,4.7E1));
#162=LINE('',#161,#160);
#163=CURVE_STYLE('',#62,POSITIVE_LENGTH_MEASURE(2.E-2),#34);
#164=PRESENTATION_STYLE_ASSIGNMENT((#163));
#165=STYLED_ITEM('',(#164),#162);
#166=DIRECTION('',(-7.071067811865E-1,0.E0,-7.071067811865E-1));
#167=VECTOR('',#166,7.071067811865E-1);
#168=CARTESIAN_POINT('',(5.270002775566E0,0.E0,4.75E1));
#169=LINE('',#168,#167);
#170=CURVE_STYLE('',#62,POSITIVE_LENGTH_MEASURE(2.E-2),#34);
#171=PRESENTATION_STYLE_ASSIGNMENT((#170));
#172=STYLED_ITEM('',(#171),#169);
#173=DIRECTION('',(1.E0,0.E0,0.E0));
#174=VECTOR('',#173,2.172999722443E1);
#175=CARTESIAN_POINT('',(5.270002775566E0,0.E0,4.75E1));
#176=LINE('',#175,#174);
#177=CURVE_STYLE('',#62,POSITIVE_LENGTH_MEASURE(2.E-2),#34);
#178=PRESENTATION_STYLE_ASSIGNMENT((#177));
#179=STYLED_ITEM('',(#178),#176);
#180=CARTESIAN_POINT('',(2.7E1,0.E0,4.5E1));
#181=DIRECTION('',(0.E0,1.E0,0.E0));
#182=DIRECTION('',(0.E0,0.E0,1.E0));
#183=AXIS2_PLACEMENT_3D('',#180,#181,#182);
#185=CURVE_STYLE('',#62,POSITIVE_LENGTH_MEASURE(2.E-2),#34);
#186=PRESENTATION_STYLE_ASSIGNMENT((#185));
#187=STYLED_ITEM('',(#186),#184);
#188=DIRECTION('',(0.E0,0.E0,-1.E0));
#189=VECTOR('',#188,9.E1);
#190=CARTESIAN_POINT('',(2.95E1,0.E0,4.5E1));
#191=LINE('',#190,#189);
#192=CURVE_STYLE('',#62,POSITIVE_LENGTH_MEASURE(2.E-2),#34);
#193=PRESENTATION_STYLE_ASSIGNMENT((#192));
#194=STYLED_ITEM('',(#193),#191);
#195=CARTESIAN_POINT('',(2.7E1,0.E0,-4.5E1));
#196=DIRECTION('',(0.E0,1.E0,0.E0));
#197=DIRECTION('',(1.E0,0.E0,1.136868377216E-14));
#198=AXIS2_PLACEMENT_3D('',#195,#196,#197);
#200=CURVE_STYLE('',#62,POSITIVE_LENGTH_MEASURE(2.E-2),#34);
#201=PRESENTATION_STYLE_ASSIGNMENT((#200));
#202=STYLED_ITEM('',(#201),#199);
#203=DIRECTION('',(-1.E0,0.E0,0.E0));
#204=VECTOR('',#203,3.777488339536E1);
#205=CARTESIAN_POINT('',(2.7E1,0.E0,-4.75E1));
#206=LINE('',#205,#204);
#207=CURVE_STYLE('',#62,POSITIVE_LENGTH_MEASURE(2.E-2),#34);
#208=PRESENTATION_STYLE_ASSIGNMENT((#207));
#209=STYLED_ITEM('',(#208),#206);
#210=DIRECTION('',(0.E0,0.E0,1.E0));
#211=VECTOR('',#210,1.4E0);
#212=CARTESIAN_POINT('',(-1.077488339536E1,0.E0,-4.75E1));
#213=LINE('',#212,#211);
#214=CURVE_STYLE('',#62,POSITIVE_LENGTH_MEASURE(2.E-2),#34);
#215=PRESENTATION_STYLE_ASSIGNMENT((#214));
#216=STYLED_ITEM('',(#215),#213);
#217=DIRECTION('',(0.E0,0.E0,1.E0));
#218=VECTOR('',#217,2.E-1);
#219=CARTESIAN_POINT('',(-1.024988339536E1,0.E0,-4.63E1));
#220=LINE('',#219,#218);
#221=CURVE_STYLE('',#62,POSITIVE_LENGTH_MEASURE(2.E-2),#34);
#222=PRESENTATION_STYLE_ASSIGNMENT((#221));
#223=STYLED_ITEM('',(#222),#220);
#224=DIRECTION('',(0.E0,0.E0,-1.E0));
#225=VECTOR('',#224,6.4E1);
#226=CARTESIAN_POINT('',(-2.83E1,0.E0,3.2E1));
#227=LINE('',#226,#225);
#228=CURVE_STYLE('',#62,POSITIVE_LENGTH_MEASURE(2.E-2),#34);
#229=PRESENTATION_STYLE_ASSIGNMENT((#228));
#230=STYLED_ITEM('',(#229),#227);
#231=DIRECTION('',(-1.E0,0.E0,0.E0));
#232=VECTOR('',#231,8.E-1);
#233=CARTESIAN_POINT('',(-2.75E1,0.E0,-3.2E1));
#234=LINE('',#233,#232);
#235=CURVE_STYLE('',#62,POSITIVE_LENGTH_MEASURE(2.E-2),#34);
#236=PRESENTATION_STYLE_ASSIGNMENT((#235));
#237=STYLED_ITEM('',(#236),#234);
#238=DIRECTION('',(1.E0,0.E0,0.E0));
#239=VECTOR('',#238,8.E-1);
#240=CARTESIAN_POINT('',(-2.83E1,0.E0,-3.8E1));
#241=LINE('',#240,#239);
#242=CURVE_STYLE('',#62,POSITIVE_LENGTH_MEASURE(2.E-2),#34);
#243=PRESENTATION_STYLE_ASSIGNMENT((#242));
#244=STYLED_ITEM('',(#243),#241);
#245=DIRECTION('',(0.E0,0.E0,-1.E0));
#246=VECTOR('',#245,7.E0);
#247=CARTESIAN_POINT('',(-2.83E1,0.E0,-3.8E1));
#248=LINE('',#247,#246);
#249=CURVE_STYLE('',#62,POSITIVE_LENGTH_MEASURE(2.E-2),#34);
#250=PRESENTATION_STYLE_ASSIGNMENT((#249));
#251=STYLED_ITEM('',(#250),#248);
#252=CARTESIAN_POINT('',(-2.7E1,0.E0,-4.5E1));
#253=DIRECTION('',(0.E0,-1.E0,0.E0));
#254=DIRECTION('',(-1.E0,0.E0,2.186285340800E-14));
#255=AXIS2_PLACEMENT_3D('',#252,#253,#254);
#257=CURVE_STYLE('',#62,POSITIVE_LENGTH_MEASURE(2.E-2),#34);
#258=PRESENTATION_STYLE_ASSIGNMENT((#257));
#259=STYLED_ITEM('',(#258),#256);
#260=DIRECTION('',(1.E0,0.E0,0.E0));
#261=VECTOR('',#260,9.750116604643E0);
#262=CARTESIAN_POINT('',(-2.7E1,0.E0,-4.63E1));
#263=LINE('',#262,#261);
#264=CURVE_STYLE('',#62,POSITIVE_LENGTH_MEASURE(2.E-2),#34);
#265=PRESENTATION_STYLE_ASSIGNMENT((#264));
#266=STYLED_ITEM('',(#265),#263);
#267=DIRECTION('',(0.E0,0.E0,-1.E0));
#268=VECTOR('',#267,2.E-1);
#269=CARTESIAN_POINT('',(-1.724988339536E1,0.E0,-4.61E1));
#270=LINE('',#269,#268);
#271=CURVE_STYLE('',#62,POSITIVE_LENGTH_MEASURE(2.E-2),#34);
#272=PRESENTATION_STYLE_ASSIGNMENT((#271));
#273=STYLED_ITEM('',(#272),#270);
#274=DIRECTION('',(0.E0,0.E0,-1.E0));
#275=VECTOR('',#274,1.4E0);
#276=CARTESIAN_POINT('',(-1.672488339536E1,0.E0,-4.61E1));
#277=LINE('',#276,#275);
#278=CURVE_STYLE('',#62,POSITIVE_LENGTH_MEASURE(2.E-2),#34);
#279=PRESENTATION_STYLE_ASSIGNMENT((#278));
#280=STYLED_ITEM('',(#279),#277);
#281=DIRECTION('',(-1.E0,0.E0,0.E0));
#282=VECTOR('',#281,1.027511660464E1);
#283=CARTESIAN_POINT('',(-1.672488339536E1,0.E0,-4.75E1));
#284=LINE('',#283,#282);
#285=CURVE_STYLE('',#62,POSITIVE_LENGTH_MEASURE(2.E-2),#34);
#286=PRESENTATION_STYLE_ASSIGNMENT((#285));
#287=STYLED_ITEM('',(#286),#284);
#288=CARTESIAN_POINT('',(-2.7E1,0.E0,-4.5E1));
#289=DIRECTION('',(0.E0,1.E0,0.E0));
#290=DIRECTION('',(0.E0,0.E0,-1.E0));
#291=AXIS2_PLACEMENT_3D('',#288,#289,#290);
#293=CURVE_STYLE('',#62,POSITIVE_LENGTH_MEASURE(2.E-2),#34);
#294=PRESENTATION_STYLE_ASSIGNMENT((#293));
#295=STYLED_ITEM('',(#294),#292);
#296=DIRECTION('',(0.E0,0.E0,1.E0));
#297=VECTOR('',#296,9.E1);
#298=CARTESIAN_POINT('',(-2.95E1,0.E0,-4.5E1));
#299=LINE('',#298,#297);
#300=CURVE_STYLE('',#62,POSITIVE_LENGTH_MEASURE(2.E-2),#34);
#301=PRESENTATION_STYLE_ASSIGNMENT((#300));
#302=STYLED_ITEM('',(#301),#299);
#303=CARTESIAN_POINT('',(-2.7E1,0.E0,4.5E1));
#304=DIRECTION('',(0.E0,1.E0,0.E0));
#305=DIRECTION('',(-1.E0,0.E0,-1.136868377216E-14));
#306=AXIS2_PLACEMENT_3D('',#303,#304,#305);
#308=CURVE_STYLE('',#62,POSITIVE_LENGTH_MEASURE(2.E-2),#34);
#309=PRESENTATION_STYLE_ASSIGNMENT((#308));
#310=STYLED_ITEM('',(#309),#307);
#311=DIRECTION('',(1.E0,0.E0,0.E0));
#312=VECTOR('',#311,2.173000277557E1);
#313=CARTESIAN_POINT('',(-2.7E1,0.E0,4.75E1));
#314=LINE('',#313,#312);
#315=CURVE_STYLE('',#62,POSITIVE_LENGTH_MEASURE(2.E-2),#34);
#316=PRESENTATION_STYLE_ASSIGNMENT((#315));
#317=STYLED_ITEM('',(#316),#314);
#318=DIRECTION('',(-7.071067811865E-1,0.E0,7.071067811865E-1));
#319=VECTOR('',#318,7.071067811865E-1);
#320=CARTESIAN_POINT('',(-4.769997224434E0,0.E0,4.7E1));
#321=LINE('',#320,#319);
#322=CURVE_STYLE('',#62,POSITIVE_LENGTH_MEASURE(2.E-2),#34);
#323=PRESENTATION_STYLE_ASSIGNMENT((#322));
#324=STYLED_ITEM('',(#323),#321);
#325=DIRECTION('',(0.E0,0.E0,-1.E0));
#326=VECTOR('',#325,7.E-1);
#327=CARTESIAN_POINT('',(-4.769997224434E0,0.E0,4.7E1));
#328=LINE('',#327,#326);
#329=CURVE_STYLE('',#62,POSITIVE_LENGTH_MEASURE(2.E-2),#34);
#330=PRESENTATION_STYLE_ASSIGNMENT((#329));
#331=STYLED_ITEM('',(#330),#328);
#332=DIRECTION('',(-1.E0,0.E0,0.E0));
#333=VECTOR('',#332,2.223000277557E1);
#334=CARTESIAN_POINT('',(-4.769997224434E0,0.E0,4.63E1));
#335=LINE('',#334,#333);
#336=CURVE_STYLE('',#62,POSITIVE_LENGTH_MEASURE(2.E-2),#34);
#337=PRESENTATION_STYLE_ASSIGNMENT((#336));
#338=STYLED_ITEM('',(#337),#335);
#339=CARTESIAN_POINT('',(-2.7E1,0.E0,4.5E1));
#340=DIRECTION('',(0.E0,-1.E0,0.E0));
#341=DIRECTION('',(0.E0,0.E0,1.E0));
#342=AXIS2_PLACEMENT_3D('',#339,#340,#341);
#344=CURVE_STYLE('',#62,POSITIVE_LENGTH_MEASURE(2.E-2),#34);
#345=PRESENTATION_STYLE_ASSIGNMENT((#344));
#346=STYLED_ITEM('',(#345),#343);
#347=DIRECTION('',(0.E0,0.E0,-1.E0));
#348=VECTOR('',#347,7.E0);
#349=CARTESIAN_POINT('',(-2.83E1,0.E0,4.5E1));
#350=LINE('',#349,#348);
#351=CURVE_STYLE('',#62,POSITIVE_LENGTH_MEASURE(2.E-2),#34);
#352=PRESENTATION_STYLE_ASSIGNMENT((#351));
#353=STYLED_ITEM('',(#352),#350);
#354=DIRECTION('',(-1.E0,0.E0,0.E0));
#355=VECTOR('',#354,8.E-1);
#356=CARTESIAN_POINT('',(-2.75E1,0.E0,3.8E1));
#357=LINE('',#356,#355);
#358=CURVE_STYLE('',#62,POSITIVE_LENGTH_MEASURE(2.E-2),#34);
#359=PRESENTATION_STYLE_ASSIGNMENT((#358));
#360=STYLED_ITEM('',(#359),#357);
#361=DIRECTION('',(1.E0,0.E0,0.E0));
#362=VECTOR('',#361,8.E-1);
#363=CARTESIAN_POINT('',(-2.83E1,0.E0,3.2E1));
#364=LINE('',#363,#362);
#365=CURVE_STYLE('',#62,POSITIVE_LENGTH_MEASURE(2.E-2),#34);
#366=PRESENTATION_STYLE_ASSIGNMENT((#365));
#367=STYLED_ITEM('',(#366),#364);
#368=DIRECTION('',(0.E0,-9.998476951564E-1,1.745240643729E-2));
#369=VECTOR('',#368,2.500380820110E0);
#370=CARTESIAN_POINT('',(-1.724988339536E1,0.E0,-4.63E1));
#371=LINE('',#370,#369);
#372=CURVE_STYLE('',#62,POSITIVE_LENGTH_MEASURE(2.E-2),#34);
#373=PRESENTATION_STYLE_ASSIGNMENT((#372));
#374=STYLED_ITEM('',(#373),#371);
#375=DIRECTION('',(0.E0,-9.998476951564E-1,1.745240643729E-2));
#376=VECTOR('',#375,2.500380820110E0);
#377=CARTESIAN_POINT('',(-2.7E1,0.E0,-4.63E1));
#378=LINE('',#377,#376);
#379=CURVE_STYLE('',#62,POSITIVE_LENGTH_MEASURE(2.E-2),#34);
#380=PRESENTATION_STYLE_ASSIGNMENT((#379));
#381=STYLED_ITEM('',(#380),#378);
#382=DIRECTION('',(1.E0,0.E0,0.E0));
#383=VECTOR('',#382,6.E0);
#384=CARTESIAN_POINT('',(-3.E0,-1.E0,-4.628254493507E1));
#385=LINE('',#384,#383);
#386=CURVE_STYLE('',#62,POSITIVE_LENGTH_MEASURE(2.E-2),#34);
#387=PRESENTATION_STYLE_ASSIGNMENT((#386));
#388=STYLED_ITEM('',(#387),#385);
#389=DIRECTION('',(0.E0,-9.998476951564E-1,1.745240643729E-2));
#390=VECTOR('',#389,1.000152328044E0);
#391=CARTESIAN_POINT('',(-3.E0,0.E0,-4.63E1));
#392=LINE('',#391,#390);
#393=CURVE_STYLE('',#62,POSITIVE_LENGTH_MEASURE(2.E-2),#34);
#394=PRESENTATION_STYLE_ASSIGNMENT((#393));
#395=STYLED_ITEM('',(#394),#392);
#396=DIRECTION('',(0.E0,-9.998476951564E-1,1.745240643729E-2));
#397=VECTOR('',#396,2.500380820110E0);
#398=CARTESIAN_POINT('',(-1.024988339536E1,0.E0,-4.63E1));
#399=LINE('',#398,#397);
#400=CURVE_STYLE('',#62,POSITIVE_LENGTH_MEASURE(2.E-2),#34);
#401=PRESENTATION_STYLE_ASSIGNMENT((#400));
#402=STYLED_ITEM('',(#401),#399);
#403=DIRECTION('',(0.E0,-9.998476951564E-1,1.745240643729E-2));
#404=VECTOR('',#403,1.000152328044E0);
#405=CARTESIAN_POINT('',(3.E0,0.E0,-4.63E1));
#406=LINE('',#405,#404);
#407=CURVE_STYLE('',#62,POSITIVE_LENGTH_MEASURE(2.E-2),#34);
#408=PRESENTATION_STYLE_ASSIGNMENT((#407));
#409=STYLED_ITEM('',(#408),#406);
#410=DIRECTION('',(0.E0,0.E0,1.E0));
#411=VECTOR('',#410,7.563623376794E-1);
#412=CARTESIAN_POINT('',(-1.724988339536E1,-2.5E0,-4.625636233768E1));
#413=LINE('',#412,#411);
#414=CURVE_STYLE('',#62,POSITIVE_LENGTH_MEASURE(2.E-2),#34);
#415=PRESENTATION_STYLE_ASSIGNMENT((#414));
#416=STYLED_ITEM('',(#415),#413);
#417=DIRECTION('',(1.E0,0.E0,0.E0));
#418=VECTOR('',#417,5.25E-1);
#419=CARTESIAN_POINT('',(-1.724988339536E1,0.E0,-4.61E1));
#420=LINE('',#419,#418);
#421=CURVE_STYLE('',#62,POSITIVE_LENGTH_MEASURE(2.E-2),#34);
#422=PRESENTATION_STYLE_ASSIGNMENT((#421));
#423=STYLED_ITEM('',(#422),#420);
#424=DIRECTION('',(0.E0,1.E0,0.E0));
#425=VECTOR('',#424,4.E0);
#426=CARTESIAN_POINT('',(-1.724988339536E1,0.E0,-4.61E1));
#427=LINE('',#426,#425);
#428=CURVE_STYLE('',#62,POSITIVE_LENGTH_MEASURE(2.E-2),#34);
#429=PRESENTATION_STYLE_ASSIGNMENT((#428));
#430=STYLED_ITEM('',(#429),#427);
#431=DIRECTION('',(1.E0,0.E0,0.E0));
#432=VECTOR('',#431,5.25E-1);
#433=CARTESIAN_POINT('',(-1.077488339536E1,0.E0,-4.61E1));
#434=LINE('',#433,#432);
#435=CURVE_STYLE('',#62,POSITIVE_LENGTH_MEASURE(2.E-2),#34);
#436=PRESENTATION_STYLE_ASSIGNMENT((#435));
#437=STYLED_ITEM('',(#436),#434);
#438=DIRECTION('',(0.E0,0.E0,1.E0));
#439=VECTOR('',#438,6.E-1);
#440=CARTESIAN_POINT('',(-1.024988339536E1,4.E0,-4.61E1));
#441=LINE('',#440,#439);
#442=CURVE_STYLE('',#62,POSITIVE_LENGTH_MEASURE(2.E-2),#34);
#443=PRESENTATION_STYLE_ASSIGNMENT((#442));
#444=STYLED_ITEM('',(#443),#441);
#445=DIRECTION('',(1.E0,0.E0,0.E0));
#446=VECTOR('',#445,7.E0);
#447=CARTESIAN_POINT('',(-1.724988339536E1,4.E0,-4.61E1));
#448=LINE('',#447,#446);
#449=CURVE_STYLE('',#62,POSITIVE_LENGTH_MEASURE(2.E-2),#34);
#450=PRESENTATION_STYLE_ASSIGNMENT((#449));
#451=STYLED_ITEM('',(#450),#448);
#452=DIRECTION('',(0.E0,0.E0,-1.E0));
#453=VECTOR('',#452,6.E-1);
#454=CARTESIAN_POINT('',(-1.724988339536E1,4.E0,-4.55E1));
#455=LINE('',#454,#453);
#456=CURVE_STYLE('',#62,POSITIVE_LENGTH_MEASURE(2.E-2),#34);
#457=PRESENTATION_STYLE_ASSIGNMENT((#456));
#458=STYLED_ITEM('',(#457),#455);
#459=DIRECTION('',(-1.E0,0.E0,0.E0));
#460=VECTOR('',#459,6.E0);
#461=CARTESIAN_POINT('',(3.E0,0.E0,-4.55E1));
#462=LINE('',#461,#460);
#463=CURVE_STYLE('',#62,POSITIVE_LENGTH_MEASURE(2.E-2),#34);
#464=PRESENTATION_STYLE_ASSIGNMENT((#463));
#465=STYLED_ITEM('',(#464),#462);
#466=DIRECTION('',(0.E0,-1.E0,0.E0));
#467=VECTOR('',#466,1.E0);
#468=CARTESIAN_POINT('',(-3.E0,0.E0,-4.55E1));
#469=LINE('',#468,#467);
#470=CURVE_STYLE('',#62,POSITIVE_LENGTH_MEASURE(2.E-2),#34);
#471=PRESENTATION_STYLE_ASSIGNMENT((#470));
#472=STYLED_ITEM('',(#471),#469);
#473=DIRECTION('',(-1.E0,0.E0,0.E0));
#474=VECTOR('',#473,6.E0);
#475=CARTESIAN_POINT('',(3.E0,-1.E0,-4.55E1));
#476=LINE('',#475,#474);
#477=CURVE_STYLE('',#62,POSITIVE_LENGTH_MEASURE(2.E-2),#34);
#478=PRESENTATION_STYLE_ASSIGNMENT((#477));
#479=STYLED_ITEM('',(#478),#476);
#480=DIRECTION('',(0.E0,-1.E0,0.E0));
#481=VECTOR('',#480,1.E0);
#482=CARTESIAN_POINT('',(3.E0,0.E0,-4.55E1));
#483=LINE('',#482,#481);
#484=CURVE_STYLE('',#62,POSITIVE_LENGTH_MEASURE(2.E-2),#34);
#485=PRESENTATION_STYLE_ASSIGNMENT((#484));
#486=STYLED_ITEM('',(#485),#483);
#487=DIRECTION('',(-1.E0,0.E0,0.E0));
#488=VECTOR('',#487,1.2E0);
#489=CARTESIAN_POINT('',(2.46E1,0.E0,-4.55E1));
#490=LINE('',#489,#488);
#491=CURVE_STYLE('',#62,POSITIVE_LENGTH_MEASURE(2.E-2),#34);
#492=PRESENTATION_STYLE_ASSIGNMENT((#491));
#493=STYLED_ITEM('',(#492),#490);
#494=DIRECTION('',(0.E0,-1.E0,0.E0));
#495=VECTOR('',#494,1.1E1);
#496=CARTESIAN_POINT('',(2.46E1,1.1E1,-4.55E1));
#497=LINE('',#496,#495);
#498=CURVE_STYLE('',#62,POSITIVE_LENGTH_MEASURE(2.E-2),#34);
#499=PRESENTATION_STYLE_ASSIGNMENT((#498));
#500=STYLED_ITEM('',(#499),#497);
#501=DIRECTION('',(0.E0,-1.E0,0.E0));
#502=VECTOR('',#501,1.35E1);
#503=CARTESIAN_POINT('',(2.7E1,1.1E1,-4.55E1));
#504=LINE('',#503,#502);
#505=CURVE_STYLE('',#62,POSITIVE_LENGTH_MEASURE(2.E-2),#34);
#506=PRESENTATION_STYLE_ASSIGNMENT((#505));
#507=STYLED_ITEM('',(#506),#504);
#508=DIRECTION('',(0.E0,1.E0,0.E0));
#509=VECTOR('',#508,6.5E0);
#510=CARTESIAN_POINT('',(-1.024988339536E1,-2.5E0,-4.55E1));
#511=LINE('',#510,#509);
#512=CURVE_STYLE('',#62,POSITIVE_LENGTH_MEASURE(2.E-2),#34);
#513=PRESENTATION_STYLE_ASSIGNMENT((#512));
#514=STYLED_ITEM('',(#513),#511);
#515=DIRECTION('',(1.E0,0.E0,0.E0));
#516=VECTOR('',#515,7.E0);
#517=CARTESIAN_POINT('',(-1.724988339536E1,4.E0,-4.55E1));
#518=LINE('',#517,#516);
#519=CURVE_STYLE('',#62,POSITIVE_LENGTH_MEASURE(2.E-2),#34);
#520=PRESENTATION_STYLE_ASSIGNMENT((#519));
#521=STYLED_ITEM('',(#520),#518);
#522=DIRECTION('',(0.E0,1.E0,0.E0));
#523=VECTOR('',#522,6.5E0);
#524=CARTESIAN_POINT('',(-1.724988339536E1,-2.5E0,-4.55E1));
#525=LINE('',#524,#523);
#526=CURVE_STYLE('',#62,POSITIVE_LENGTH_MEASURE(2.E-2),#34);
#527=PRESENTATION_STYLE_ASSIGNMENT((#526));
#528=STYLED_ITEM('',(#527),#525);
#529=DIRECTION('',(0.E0,-1.E0,0.E0));
#530=VECTOR('',#529,1.1E1);
#531=CARTESIAN_POINT('',(-2.46E1,1.1E1,-4.55E1));
#532=LINE('',#531,#530);
#533=CURVE_STYLE('',#62,POSITIVE_LENGTH_MEASURE(2.E-2),#34);
#534=PRESENTATION_STYLE_ASSIGNMENT((#533));
#535=STYLED_ITEM('',(#534),#532);
#536=DIRECTION('',(-1.E0,0.E0,0.E0));
#537=VECTOR('',#536,1.2E0);
#538=CARTESIAN_POINT('',(-2.34E1,0.E0,-4.55E1));
#539=LINE('',#538,#537);
#540=CURVE_STYLE('',#62,POSITIVE_LENGTH_MEASURE(2.E-2),#34);
#541=PRESENTATION_STYLE_ASSIGNMENT((#540));
#542=STYLED_ITEM('',(#541),#539);
#543=DIRECTION('',(0.E0,-1.E0,0.E0));
#544=VECTOR('',#543,1.1E1);
#545=CARTESIAN_POINT('',(-2.34E1,1.1E1,-4.55E1));
#546=LINE('',#545,#544);
#547=CURVE_STYLE('',#62,POSITIVE_LENGTH_MEASURE(2.E-2),#34);
#548=PRESENTATION_STYLE_ASSIGNMENT((#547));
#549=STYLED_ITEM('',(#548),#546);
#550=DIRECTION('',(0.E0,-1.E0,0.E0));
#551=VECTOR('',#550,1.1E1);
#552=CARTESIAN_POINT('',(2.34E1,1.1E1,-4.55E1));
#553=LINE('',#552,#551);
#554=CURVE_STYLE('',#62,POSITIVE_LENGTH_MEASURE(2.E-2),#34);
#555=PRESENTATION_STYLE_ASSIGNMENT((#554));
#556=STYLED_ITEM('',(#555),#553);
#557=DIRECTION('',(-1.E0,0.E0,0.E0));
#558=VECTOR('',#557,7.825449350718E-1);
#559=CARTESIAN_POINT('',(-2.75E1,-1.E0,-3.2E1));
#560=LINE('',#559,#558);
#561=CURVE_STYLE('',#62,POSITIVE_LENGTH_MEASURE(2.E-2),#34);
#562=PRESENTATION_STYLE_ASSIGNMENT((#561));
#563=STYLED_ITEM('',(#562),#560);
#564=DIRECTION('',(1.E0,0.E0,0.E0));
#565=VECTOR('',#564,7.825449350718E-1);
#566=CARTESIAN_POINT('',(-2.828254493507E1,-1.E0,-3.8E1));
#567=LINE('',#566,#565);
#568=CURVE_STYLE('',#62,POSITIVE_LENGTH_MEASURE(2.E-2),#34);
#569=PRESENTATION_STYLE_ASSIGNMENT((#568));
#570=STYLED_ITEM('',(#569),#567);
#571=DIRECTION('',(-1.E0,0.E0,0.E0));
#572=VECTOR('',#571,7.825449350718E-1);
#573=CARTESIAN_POINT('',(-2.75E1,-1.E0,3.8E1));
#574=LINE('',#573,#572);
#575=CURVE_STYLE('',#62,POSITIVE_LENGTH_MEASURE(2.E-2),#34);
#576=PRESENTATION_STYLE_ASSIGNMENT((#575));
#577=STYLED_ITEM('',(#576),#574);
#578=DIRECTION('',(1.E0,0.E0,0.E0));
#579=VECTOR('',#578,7.825449350718E-1);
#580=CARTESIAN_POINT('',(-2.828254493507E1,-1.E0,3.2E1));
#581=LINE('',#580,#579);
#582=CURVE_STYLE('',#62,POSITIVE_LENGTH_MEASURE(2.E-2),#34);
#583=PRESENTATION_STYLE_ASSIGNMENT((#582));
#584=STYLED_ITEM('',(#583),#581);
#585=DIRECTION('',(1.E0,0.E0,0.E0));
#586=VECTOR('',#585,7.825449350718E-1);
#587=CARTESIAN_POINT('',(2.75E1,-1.E0,-3.8E1));
#588=LINE('',#587,#586);
#589=CURVE_STYLE('',#62,POSITIVE_LENGTH_MEASURE(2.E-2),#34);
#590=PRESENTATION_STYLE_ASSIGNMENT((#589));
#591=STYLED_ITEM('',(#590),#588);
#592=DIRECTION('',(-1.E0,0.E0,0.E0));
#593=VECTOR('',#592,7.825449350718E-1);
#594=CARTESIAN_POINT('',(2.828254493507E1,-1.E0,-3.2E1));
#595=LINE('',#594,#593);
#596=CURVE_STYLE('',#62,POSITIVE_LENGTH_MEASURE(2.E-2),#34);
#597=PRESENTATION_STYLE_ASSIGNMENT((#596));
#598=STYLED_ITEM('',(#597),#595);
#599=DIRECTION('',(1.E0,0.E0,0.E0));
#600=VECTOR('',#599,7.825449350718E-1);
#601=CARTESIAN_POINT('',(2.75E1,-1.E0,3.2E1));
#602=LINE('',#601,#600);
#603=CURVE_STYLE('',#62,POSITIVE_LENGTH_MEASURE(2.E-2),#34);
#604=PRESENTATION_STYLE_ASSIGNMENT((#603));
#605=STYLED_ITEM('',(#604),#602);
#606=DIRECTION('',(-1.E0,0.E0,0.E0));
#607=VECTOR('',#606,7.825449350718E-1);
#608=CARTESIAN_POINT('',(2.828254493507E1,-1.E0,3.8E1));
#609=LINE('',#608,#607);
#610=CURVE_STYLE('',#62,POSITIVE_LENGTH_MEASURE(2.E-2),#34);
#611=PRESENTATION_STYLE_ASSIGNMENT((#610));
#612=STYLED_ITEM('',(#611),#609);
#613=DIRECTION('',(0.E0,0.E0,-1.E0));
#614=VECTOR('',#613,7.825449350718E-1);
#615=CARTESIAN_POINT('',(-3.E0,-1.E0,-4.55E1));
#616=LINE('',#615,#614);
#617=CURVE_STYLE('',#62,POSITIVE_LENGTH_MEASURE(2.E-2),#34);
#618=PRESENTATION_STYLE_ASSIGNMENT((#617));
#619=STYLED_ITEM('',(#618),#616);
#620=DIRECTION('',(0.E0,0.E0,1.E0));
#621=VECTOR('',#620,7.825449350718E-1);
#622=CARTESIAN_POINT('',(3.E0,-1.E0,-4.628254493507E1));
#623=LINE('',#622,#621);
#624=CURVE_STYLE('',#62,POSITIVE_LENGTH_MEASURE(2.E-2),#34);
#625=PRESENTATION_STYLE_ASSIGNMENT((#624));
#626=STYLED_ITEM('',(#625),#623);
#627=DIRECTION('',(0.E0,0.E0,-1.E0));
#628=VECTOR('',#627,6.E0);
#629=CARTESIAN_POINT('',(-2.75E1,0.E0,-3.2E1));
#630=LINE('',#629,#628);
#631=CURVE_STYLE('',#62,POSITIVE_LENGTH_MEASURE(2.E-2),#34);
#632=PRESENTATION_STYLE_ASSIGNMENT((#631));
#633=STYLED_ITEM('',(#632),#630);
#634=DIRECTION('',(0.E0,-1.E0,0.E0));
#635=VECTOR('',#634,1.E0);
#636=CARTESIAN_POINT('',(-2.75E1,0.E0,-3.2E1));
#637=LINE('',#636,#635);
#638=CURVE_STYLE('',#62,POSITIVE_LENGTH_MEASURE(2.E-2),#34);
#639=PRESENTATION_STYLE_ASSIGNMENT((#638));
#640=STYLED_ITEM('',(#639),#637);
#641=DIRECTION('',(0.E0,0.E0,-1.E0));
#642=VECTOR('',#641,6.E0);
#643=CARTESIAN_POINT('',(-2.75E1,-1.E0,-3.2E1));
#644=LINE('',#643,#642);
#645=CURVE_STYLE('',#62,POSITIVE_LENGTH_MEASURE(2.E-2),#34);
#646=PRESENTATION_STYLE_ASSIGNMENT((#645));
#647=STYLED_ITEM('',(#646),#644);
#648=DIRECTION('',(0.E0,-1.E0,0.E0));
#649=VECTOR('',#648,1.E0);
#650=CARTESIAN_POINT('',(-2.75E1,0.E0,-3.8E1));
#651=LINE('',#650,#649);
#652=CURVE_STYLE('',#62,POSITIVE_LENGTH_MEASURE(2.E-2),#34);
#653=PRESENTATION_STYLE_ASSIGNMENT((#652));
#654=STYLED_ITEM('',(#653),#651);
#655=DIRECTION('',(0.E0,0.E0,-1.E0));
#656=VECTOR('',#655,6.E0);
#657=CARTESIAN_POINT('',(-2.75E1,0.E0,3.8E1));
#658=LINE('',#657,#656);
#659=CURVE_STYLE('',#62,POSITIVE_LENGTH_MEASURE(2.E-2),#34);
#660=PRESENTATION_STYLE_ASSIGNMENT((#659));
#661=STYLED_ITEM('',(#660),#658);
#662=DIRECTION('',(0.E0,-1.E0,0.E0));
#663=VECTOR('',#662,1.E0);
#664=CARTESIAN_POINT('',(-2.75E1,0.E0,3.8E1));
#665=LINE('',#664,#663);
#666=CURVE_STYLE('',#62,POSITIVE_LENGTH_MEASURE(2.E-2),#34);
#667=PRESENTATION_STYLE_ASSIGNMENT((#666));
#668=STYLED_ITEM('',(#667),#665);
#669=DIRECTION('',(0.E0,0.E0,-1.E0));
#670=VECTOR('',#669,6.E0);
#671=CARTESIAN_POINT('',(-2.75E1,-1.E0,3.8E1));
#672=LINE('',#671,#670);
#673=CURVE_STYLE('',#62,POSITIVE_LENGTH_MEASURE(2.E-2),#34);
#674=PRESENTATION_STYLE_ASSIGNMENT((#673));
#675=STYLED_ITEM('',(#674),#672);
#676=DIRECTION('',(0.E0,-1.E0,0.E0));
#677=VECTOR('',#676,1.E0);
#678=CARTESIAN_POINT('',(-2.75E1,0.E0,3.2E1));
#679=LINE('',#678,#677);
#680=CURVE_STYLE('',#62,POSITIVE_LENGTH_MEASURE(2.E-2),#34);
#681=PRESENTATION_STYLE_ASSIGNMENT((#680));
#682=STYLED_ITEM('',(#681),#679);
#683=DIRECTION('',(0.E0,0.E0,1.E0));
#684=VECTOR('',#683,1.2E0);
#685=CARTESIAN_POINT('',(-2.75E1,0.E0,-4.26E1));
#686=LINE('',#685,#684);
#687=CURVE_STYLE('',#62,POSITIVE_LENGTH_MEASURE(2.E-2),#34);
#688=PRESENTATION_STYLE_ASSIGNMENT((#687));
#689=STYLED_ITEM('',(#688),#686);
#690=DIRECTION('',(0.E0,-1.E0,0.E0));
#691=VECTOR('',#690,1.1E1);
#692=CARTESIAN_POINT('',(-2.75E1,1.1E1,-4.26E1));
#693=LINE('',#692,#691);
#694=CURVE_STYLE('',#62,POSITIVE_LENGTH_MEASURE(2.E-2),#34);
#695=PRESENTATION_STYLE_ASSIGNMENT((#694));
#696=STYLED_ITEM('',(#695),#693);
#697=DIRECTION('',(0.E0,-1.E0,0.E0));
#698=VECTOR('',#697,1.35E1);
#699=CARTESIAN_POINT('',(-2.75E1,1.1E1,-4.5E1));
#700=LINE('',#699,#698);
#701=CURVE_STYLE('',#62,POSITIVE_LENGTH_MEASURE(2.E-2),#34);
#702=PRESENTATION_STYLE_ASSIGNMENT((#701));
#703=STYLED_ITEM('',(#702),#700);
#704=DIRECTION('',(0.E0,-1.E0,0.E0));
#705=VECTOR('',#704,1.1E1);
#706=CARTESIAN_POINT('',(-2.75E1,1.1E1,4.26E1));
#707=LINE('',#706,#705);
#708=CURVE_STYLE('',#62,POSITIVE_LENGTH_MEASURE(2.E-2),#34);
#709=PRESENTATION_STYLE_ASSIGNMENT((#708));
#710=STYLED_ITEM('',(#709),#707);
#711=DIRECTION('',(0.E0,0.E0,1.E0));
#712=VECTOR('',#711,1.2E0);
#713=CARTESIAN_POINT('',(-2.75E1,0.E0,4.14E1));
#714=LINE('',#713,#712);
#715=CURVE_STYLE('',#62,POSITIVE_LENGTH_MEASURE(2.E-2),#34);
#716=PRESENTATION_STYLE_ASSIGNMENT((#715));
#717=STYLED_ITEM('',(#716),#714);
#718=DIRECTION('',(0.E0,-1.E0,0.E0));
#719=VECTOR('',#718,1.1E1);
#720=CARTESIAN_POINT('',(-2.75E1,1.1E1,4.14E1));
#721=LINE('',#720,#719);
#722=CURVE_STYLE('',#62,POSITIVE_LENGTH_MEASURE(2.E-2),#34);
#723=PRESENTATION_STYLE_ASSIGNMENT((#722));
#724=STYLED_ITEM('',(#723),#721);
#725=DIRECTION('',(0.E0,-1.E0,0.E0));
#726=VECTOR('',#725,1.1E1);
#727=CARTESIAN_POINT('',(-2.75E1,1.1E1,-4.14E1));
#728=LINE('',#727,#726);
#729=CURVE_STYLE('',#62,POSITIVE_LENGTH_MEASURE(2.E-2),#34);
#730=PRESENTATION_STYLE_ASSIGNMENT((#729));
#731=STYLED_ITEM('',(#730),#728);
#732=DIRECTION('',(0.E0,0.E0,-1.E0));
#733=VECTOR('',#732,6.E0);
#734=CARTESIAN_POINT('',(-2.828254493507E1,-1.E0,-3.2E1));
#735=LINE('',#734,#733);
#736=CURVE_STYLE('',#62,POSITIVE_LENGTH_MEASURE(2.E-2),#34);
#737=PRESENTATION_STYLE_ASSIGNMENT((#736));
#738=STYLED_ITEM('',(#737),#735);
#739=DIRECTION('',(1.745240643729E-2,-9.998476951564E-1,0.E0));
#740=VECTOR('',#739,1.000152328044E0);
#741=CARTESIAN_POINT('',(-2.83E1,0.E0,-3.2E1));
#742=LINE('',#741,#740);
#743=CURVE_STYLE('',#62,POSITIVE_LENGTH_MEASURE(2.E-2),#34);
#744=PRESENTATION_STYLE_ASSIGNMENT((#743));
#745=STYLED_ITEM('',(#744),#742);
#746=DIRECTION('',(1.745240643729E-2,-9.998476951564E-1,0.E0));
#747=VECTOR('',#746,1.000152328044E0);
#748=CARTESIAN_POINT('',(-2.83E1,0.E0,3.2E1));
#749=LINE('',#748,#747);
#750=CURVE_STYLE('',#62,POSITIVE_LENGTH_MEASURE(2.E-2),#34);
#751=PRESENTATION_STYLE_ASSIGNMENT((#750));
#752=STYLED_ITEM('',(#751),#749);
#753=DIRECTION('',(0.E0,0.E0,-1.E0));
#754=VECTOR('',#753,6.E0);
#755=CARTESIAN_POINT('',(-2.828254493507E1,-1.E0,3.8E1));
#756=LINE('',#755,#754);
#757=CURVE_STYLE('',#62,POSITIVE_LENGTH_MEASURE(2.E-2),#34);
#758=PRESENTATION_STYLE_ASSIGNMENT((#757));
#759=STYLED_ITEM('',(#758),#756);
#760=DIRECTION('',(1.745240643729E-2,-9.998476951564E-1,0.E0));
#761=VECTOR('',#760,1.000152328044E0);
#762=CARTESIAN_POINT('',(-2.83E1,0.E0,3.8E1));
#763=LINE('',#762,#761);
#764=CURVE_STYLE('',#62,POSITIVE_LENGTH_MEASURE(2.E-2),#34);
#765=PRESENTATION_STYLE_ASSIGNMENT((#764));
#766=STYLED_ITEM('',(#765),#763);
#767=DIRECTION('',(1.745240643728E-2,-9.998476951564E-1,0.E0));
#768=VECTOR('',#767,2.500380820110E0);
#769=CARTESIAN_POINT('',(-2.83E1,0.E0,4.5E1));
#770=LINE('',#769,#768);
#771=CURVE_STYLE('',#62,POSITIVE_LENGTH_MEASURE(2.E-2),#34);
#772=PRESENTATION_STYLE_ASSIGNMENT((#771));
#773=STYLED_ITEM('',(#772),#770);
#774=DIRECTION('',(1.745240643729E-2,-9.998476951564E-1,0.E0));
#775=VECTOR('',#774,1.000152328044E0);
#776=CARTESIAN_POINT('',(-2.83E1,0.E0,-3.8E1));
#777=LINE('',#776,#775);
#778=CURVE_STYLE('',#62,POSITIVE_LENGTH_MEASURE(2.E-2),#34);
#779=PRESENTATION_STYLE_ASSIGNMENT((#778));
#780=STYLED_ITEM('',(#779),#777);
#781=DIRECTION('',(0.E0,-9.998476951564E-1,-1.745240643729E-2));
#782=VECTOR('',#781,2.500380820110E0);
#783=CARTESIAN_POINT('',(-2.7E1,0.E0,4.63E1));
#784=LINE('',#783,#782);
#785=CURVE_STYLE('',#62,POSITIVE_LENGTH_MEASURE(2.E-2),#34);
#786=PRESENTATION_STYLE_ASSIGNMENT((#785));
#787=STYLED_ITEM('',(#786),#784);
#788=DIRECTION('',(0.E0,9.998476951564E-1,1.745240643729E-2));
#789=VECTOR('',#788,2.500380820110E0);
#790=CARTESIAN_POINT('',(-4.769997224434E0,-2.5E0,4.625636233768E1));
#791=LINE('',#790,#789);
#792=CURVE_STYLE('',#62,POSITIVE_LENGTH_MEASURE(2.E-2),#34);
#793=PRESENTATION_STYLE_ASSIGNMENT((#792));
#794=STYLED_ITEM('',(#793),#791);
#795=DIRECTION('',(0.E0,9.998476951564E-1,1.745240643729E-2));
#796=VECTOR('',#795,2.500380820110E0);
#797=CARTESIAN_POINT('',(4.770002775566E0,-2.5E0,4.625636233768E1));
#798=LINE('',#797,#796);
#799=CURVE_STYLE('',#62,POSITIVE_LENGTH_MEASURE(2.E-2),#34);
#800=PRESENTATION_STYLE_ASSIGNMENT((#799));
#801=STYLED_ITEM('',(#800),#798);
#802=DIRECTION('',(0.E0,-9.998476951564E-1,-1.745240643729E-2));
#803=VECTOR('',#802,2.500380820110E0);
#804=CARTESIAN_POINT('',(2.7E1,0.E0,4.63E1));
#805=LINE('',#804,#803);
#806=CURVE_STYLE('',#62,POSITIVE_LENGTH_MEASURE(2.E-2),#34);
#807=PRESENTATION_STYLE_ASSIGNMENT((#806));
#808=STYLED_ITEM('',(#807),#805);
#809=DIRECTION('',(1.561240994258E-9,1.E0,-1.561227820229E-9));
#810=VECTOR('',#809,2.696755638043E-1);
#811=CARTESIAN_POINT('',(-4.769997224434E0,0.E0,4.7E1));
#812=LINE('',#811,#810);
#813=CURVE_STYLE('',#62,POSITIVE_LENGTH_MEASURE(2.E-2),#34);
#814=PRESENTATION_STYLE_ASSIGNMENT((#813));
#815=STYLED_ITEM('',(#814),#812);
#816=DIRECTION('',(2.806856969861E-10,2.536222788053E-9,1.E0));
#817=VECTOR('',#816,1.499999999579E0);
#818=CARTESIAN_POINT('',(-4.769997224434E0,2.6967556E-1,4.55E1));
#819=LINE('',#818,#817);
#820=CURVE_STYLE('',#62,POSITIVE_LENGTH_MEASURE(2.E-2),#34);
#821=PRESENTATION_STYLE_ASSIGNMENT((#820));
#822=STYLED_ITEM('',(#821),#819);
#823=CARTESIAN_POINT('',(3.190002775566E0,2.6967556E-1,4.75E1));
#824=DIRECTION('',(0.E0,0.E0,-1.E0));
#825=DIRECTION('',(0.E0,1.E0,0.E0));
#826=AXIS2_PLACEMENT_3D('',#823,#824,#825);
#828=CURVE_STYLE('',#62,POSITIVE_LENGTH_MEASURE(2.E-2),#34);
#829=PRESENTATION_STYLE_ASSIGNMENT((#828));
#830=STYLED_ITEM('',(#829),#827);
#831=DIRECTION('',(1.E0,7.620382181104E-10,7.620381485039E-10));
#832=VECTOR('',#831,6.380000022119E0);
#833=CARTESIAN_POINT('',(-3.189997239875E0,2.349675554399E0,4.749999999440E1));
#834=LINE('',#833,#832);
#835=CURVE_STYLE('',#62,POSITIVE_LENGTH_MEASURE(2.E-2),#34);
#836=PRESENTATION_STYLE_ASSIGNMENT((#835));
#837=STYLED_ITEM('',(#836),#834);
#838=CARTESIAN_POINT('',(-3.189997224434E0,2.6967556E-1,4.75E1));
#839=DIRECTION('',(0.E0,0.E0,-1.E0));
#840=DIRECTION('',(-1.E0,0.E0,0.E0));
#841=AXIS2_PLACEMENT_3D('',#838,#839,#840);
#843=CURVE_STYLE('',#62,POSITIVE_LENGTH_MEASURE(2.E-2),#34);
#844=PRESENTATION_STYLE_ASSIGNMENT((#843));
#845=STYLED_ITEM('',(#844),#842);
#846=DIRECTION('',(2.740418652862E-9,1.E0,-2.740408772341E-9));
#847=VECTOR('',#846,2.696755666776E-1);
#848=CARTESIAN_POINT('',(-5.269997224434E0,0.E0,4.75E1));
#849=LINE('',#848,#847);
#850=CURVE_STYLE('',#62,POSITIVE_LENGTH_MEASURE(2.E-2),#34);
#851=PRESENTATION_STYLE_ASSIGNMENT((#850));
#852=STYLED_ITEM('',(#851),#849);
#853=DIRECTION('',(1.479415872961E-10,1.E0,0.E0));
#854=VECTOR('',#853,1.24E1);
#855=CARTESIAN_POINT('',(-2.7E1,0.E0,4.75E1));
#856=LINE('',#855,#854);
#857=CURVE_STYLE('',#62,POSITIVE_LENGTH_MEASURE(2.E-2),#34);
#858=PRESENTATION_STYLE_ASSIGNMENT((#857));
#859=STYLED_ITEM('',(#858),#856);
#860=DIRECTION('',(1.E0,0.E0,0.E0));
#861=VECTOR('',#860,5.399999999640E1);
#862=CARTESIAN_POINT('',(-2.699999999817E1,1.24E1,4.75E1));
#863=LINE('',#862,#861);
#864=CURVE_STYLE('',#62,POSITIVE_LENGTH_MEASURE(2.E-2),#34);
#865=PRESENTATION_STYLE_ASSIGNMENT((#864));
#866=STYLED_ITEM('',(#865),#863);
#867=DIRECTION('',(2.076876019749E-8,-1.E0,2.076877666503E-8));
#868=VECTOR('',#867,2.696755754410E-1);
#869=CARTESIAN_POINT('',(5.270002769966E0,2.696755754410E-1,4.749999999440E1));
#870=LINE('',#869,#868);
#871=CURVE_STYLE('',#62,POSITIVE_LENGTH_MEASURE(2.E-2),#34);
#872=PRESENTATION_STYLE_ASSIGNMENT((#871));
#873=STYLED_ITEM('',(#872),#870);
#874=DIRECTION('',(-4.063483442614E-9,-7.071067811865E-1,-7.071067811865E-1));
#875=VECTOR('',#874,7.071067807368E-1);
#876=CARTESIAN_POINT('',(3.190002782244E0,2.349675559261E0,4.749999999926E1));
#877=LINE('',#876,#875);
#878=CURVE_STYLE('',#62,POSITIVE_LENGTH_MEASURE(2.E-2),#34);
#879=PRESENTATION_STYLE_ASSIGNMENT((#878));
#880=STYLED_ITEM('',(#879),#877);
#881=CARTESIAN_POINT('',(3.190002775566E0,2.6967556E-1,4.7E1));
#882=DIRECTION('',(0.E0,0.E0,-1.E0));
#883=DIRECTION('',(0.E0,1.E0,0.E0));
#884=AXIS2_PLACEMENT_3D('',#881,#882,#883);
#886=CURVE_STYLE('',#62,POSITIVE_LENGTH_MEASURE(2.E-2),#34);
#887=PRESENTATION_STYLE_ASSIGNMENT((#886));
#888=STYLED_ITEM('',(#887),#885);
#889=DIRECTION('',(-2.127235873461E-9,5.864620727458E-9,1.E0));
#890=VECTOR('',#889,1.499999996809E0);
#891=CARTESIAN_POINT('',(4.770002775566E0,2.6967556E-1,4.55E1));
#892=LINE('',#891,#890);
#893=CURVE_STYLE('',#62,POSITIVE_LENGTH_MEASURE(2.E-2),#34);
#894=PRESENTATION_STYLE_ASSIGNMENT((#893));
#895=STYLED_ITEM('',(#894),#892);
#896=DIRECTION('',(1.183219128622E-8,-1.E0,1.183220116674E-8));
#897=VECTOR('',#896,2.696755687969E-1);
#898=CARTESIAN_POINT('',(4.770002772376E0,2.696755687969E-1,4.699999999681E1));
#899=LINE('',#898,#897);
#900=CURVE_STYLE('',#62,POSITIVE_LENGTH_MEASURE(2.E-2),#34);
#901=PRESENTATION_STYLE_ASSIGNMENT((#900));
#902=STYLED_ITEM('',(#901),#899);
#903=DIRECTION('',(-7.071067811866E-1,-9.396172360573E-9,-7.071067811865E-1));
#904=VECTOR('',#903,7.071067777783E-1);
#905=CARTESIAN_POINT('',(5.270002769966E0,2.696755754410E-1,4.749999999440E1));
#906=LINE('',#905,#904);
#907=CURVE_STYLE('',#62,POSITIVE_LENGTH_MEASURE(2.E-2),#34);
#908=PRESENTATION_STYLE_ASSIGNMENT((#907));
#909=STYLED_ITEM('',(#908),#906);
#910=DIRECTION('',(1.E0,0.E0,0.E0));
#911=VECTOR('',#910,9.750116604643E0);
#912=CARTESIAN_POINT('',(-2.7E1,-2.5E0,-4.625636233768E1));
#913=LINE('',#912,#911);
#914=CURVE_STYLE('',#62,POSITIVE_LENGTH_MEASURE(2.E-2),#34);
#915=PRESENTATION_STYLE_ASSIGNMENT((#914));
#916=STYLED_ITEM('',(#915),#913);
#917=CARTESIAN_POINT('',(-2.7E1,-2.5E0,-4.5E1));
#918=DIRECTION('',(0.E0,-1.E0,0.E0));
#919=DIRECTION('',(-1.E0,0.E0,0.E0));
#920=AXIS2_PLACEMENT_3D('',#917,#918,#919);
#922=CURVE_STYLE('',#62,POSITIVE_LENGTH_MEASURE(2.E-2),#34);
#923=PRESENTATION_STYLE_ASSIGNMENT((#922));
#924=STYLED_ITEM('',(#923),#921);
#925=DIRECTION('',(0.E0,0.E0,-1.E0));
#926=VECTOR('',#925,9.E1);
#927=CARTESIAN_POINT('',(-2.825636233768E1,-2.5E0,4.5E1));
#928=LINE('',#927,#926);
#929=CURVE_STYLE('',#62,POSITIVE_LENGTH_MEASURE(2.E-2),#34);
#930=PRESENTATION_STYLE_ASSIGNMENT((#929));
#931=STYLED_ITEM('',(#930),#928);
#932=CARTESIAN_POINT('',(-2.7E1,-2.5E0,4.5E1));
#933=DIRECTION('',(0.E0,-1.E0,0.E0));
#934=DIRECTION('',(0.E0,0.E0,1.E0));
#935=AXIS2_PLACEMENT_3D('',#932,#933,#934);
#937=CURVE_STYLE('',#62,POSITIVE_LENGTH_MEASURE(2.E-2),#34);
#938=PRESENTATION_STYLE_ASSIGNMENT((#937));
#939=STYLED_ITEM('',(#938),#936);
#940=DIRECTION('',(-1.E0,0.E0,0.E0));
#941=VECTOR('',#940,2.223000277557E1);
#942=CARTESIAN_POINT('',(-4.769997224434E0,-2.5E0,4.625636233768E1));
#943=LINE('',#942,#941);
#944=CURVE_STYLE('',#62,POSITIVE_LENGTH_MEASURE(2.E-2),#34);
#945=PRESENTATION_STYLE_ASSIGNMENT((#944));
#946=STYLED_ITEM('',(#945),#943);
#947=DIRECTION('',(0.E0,0.E0,-1.E0));
#948=VECTOR('',#947,7.563623376794E-1);
#949=CARTESIAN_POINT('',(-4.769997224434E0,-2.5E0,4.625636233768E1));
#950=LINE('',#949,#948);
#951=CURVE_STYLE('',#62,POSITIVE_LENGTH_MEASURE(2.E-2),#34);
#952=PRESENTATION_STYLE_ASSIGNMENT((#951));
#953=STYLED_ITEM('',(#952),#950);
#954=DIRECTION('',(1.E0,0.E0,0.E0));
#955=VECTOR('',#954,2.223000277557E1);
#956=CARTESIAN_POINT('',(-2.7E1,-2.5E0,4.55E1));
#957=LINE('',#956,#955);
#958=CURVE_STYLE('',#62,POSITIVE_LENGTH_MEASURE(2.E-2),#34);
#959=PRESENTATION_STYLE_ASSIGNMENT((#958));
#960=STYLED_ITEM('',(#959),#957);
#961=CARTESIAN_POINT('',(-2.7E1,-2.5E0,4.5E1));
#962=DIRECTION('',(0.E0,1.E0,0.E0));
#963=DIRECTION('',(-1.E0,0.E0,-4.263256414561E-14));
#964=AXIS2_PLACEMENT_3D('',#961,#962,#963);
#966=CURVE_STYLE('',#62,POSITIVE_LENGTH_MEASURE(2.E-2),#34);
#967=PRESENTATION_STYLE_ASSIGNMENT((#966));
#968=STYLED_ITEM('',(#967),#965);
#969=DIRECTION('',(0.E0,0.E0,1.E0));
#970=VECTOR('',#969,9.E1);
#971=CARTESIAN_POINT('',(-2.75E1,-2.5E0,-4.5E1));
#972=LINE('',#971,#970);
#973=CURVE_STYLE('',#62,POSITIVE_LENGTH_MEASURE(2.E-2),#34);
#974=PRESENTATION_STYLE_ASSIGNMENT((#973));
#975=STYLED_ITEM('',(#974),#972);
#976=CARTESIAN_POINT('',(-2.7E1,-2.5E0,-4.5E1));
#977=DIRECTION('',(0.E0,1.E0,0.E0));
#978=DIRECTION('',(0.E0,0.E0,-1.E0));
#979=AXIS2_PLACEMENT_3D('',#976,#977,#978);
#981=CURVE_STYLE('',#62,POSITIVE_LENGTH_MEASURE(2.E-2),#34);
#982=PRESENTATION_STYLE_ASSIGNMENT((#981));
#983=STYLED_ITEM('',(#982),#980);
#984=DIRECTION('',(-1.E0,0.E0,0.E0));
#985=VECTOR('',#984,9.750116604643E0);
#986=CARTESIAN_POINT('',(-1.724988339536E1,-2.5E0,-4.55E1));
#987=LINE('',#986,#985);
#988=CURVE_STYLE('',#62,POSITIVE_LENGTH_MEASURE(2.E-2),#34);
#989=PRESENTATION_STYLE_ASSIGNMENT((#988));
#990=STYLED_ITEM('',(#989),#987);
#991=DIRECTION('',(-1.E0,0.E0,0.E0));
#992=VECTOR('',#991,3.724988339536E1);
#993=CARTESIAN_POINT('',(2.7E1,-2.5E0,-4.55E1));
#994=LINE('',#993,#992);
#995=CURVE_STYLE('',#62,POSITIVE_LENGTH_MEASURE(2.E-2),#34);
#996=PRESENTATION_STYLE_ASSIGNMENT((#995));
#997=STYLED_ITEM('',(#996),#994);
#998=CARTESIAN_POINT('',(2.7E1,-2.5E0,-4.5E1));
#999=DIRECTION('',(0.E0,1.E0,0.E0));
#1000=DIRECTION('',(1.E0,0.E0,4.263256414561E-14));
#1001=AXIS2_PLACEMENT_3D('',#998,#999,#1000);
#1003=CURVE_STYLE('',#62,POSITIVE_LENGTH_MEASURE(2.E-2),#34);
#1004=PRESENTATION_STYLE_ASSIGNMENT((#1003));
#1005=STYLED_ITEM('',(#1004),#1002);
#1006=DIRECTION('',(0.E0,0.E0,-1.E0));
#1007=VECTOR('',#1006,9.E1);
#1008=CARTESIAN_POINT('',(2.75E1,-2.5E0,4.5E1));
#1009=LINE('',#1008,#1007);
#1010=CURVE_STYLE('',#62,POSITIVE_LENGTH_MEASURE(2.E-2),#34);
#1011=PRESENTATION_STYLE_ASSIGNMENT((#1010));
#1012=STYLED_ITEM('',(#1011),#1009);
#1013=CARTESIAN_POINT('',(2.7E1,-2.5E0,4.5E1));
#1014=DIRECTION('',(0.E0,1.E0,0.E0));
#1015=DIRECTION('',(0.E0,0.E0,1.E0));
#1016=AXIS2_PLACEMENT_3D('',#1013,#1014,#1015);
#1018=CURVE_STYLE('',#62,POSITIVE_LENGTH_MEASURE(2.E-2),#34);
#1019=PRESENTATION_STYLE_ASSIGNMENT((#1018));
#1020=STYLED_ITEM('',(#1019),#1017);
#1021=DIRECTION('',(1.E0,0.E0,0.E0));
#1022=VECTOR('',#1021,2.222999722443E1);
#1023=CARTESIAN_POINT('',(4.770002775566E0,-2.5E0,4.55E1));
#1024=LINE('',#1023,#1022);
#1025=CURVE_STYLE('',#62,POSITIVE_LENGTH_MEASURE(2.E-2),#34);
#1026=PRESENTATION_STYLE_ASSIGNMENT((#1025));
#1027=STYLED_ITEM('',(#1026),#1024);
#1028=DIRECTION('',(0.E0,0.E0,-1.E0));
#1029=VECTOR('',#1028,7.563623376794E-1);
#1030=CARTESIAN_POINT('',(4.770002775566E0,-2.5E0,4.625636233768E1));
#1031=LINE('',#1030,#1029);
#1032=CURVE_STYLE('',#62,POSITIVE_LENGTH_MEASURE(2.E-2),#34);
#1033=PRESENTATION_STYLE_ASSIGNMENT((#1032));
#1034=STYLED_ITEM('',(#1033),#1031);
#1035=DIRECTION('',(-1.E0,0.E0,0.E0));
#1036=VECTOR('',#1035,2.222999722443E1);
#1037=CARTESIAN_POINT('',(2.7E1,-2.5E0,4.625636233768E1));
#1038=LINE('',#1037,#1036);
#1039=CURVE_STYLE('',#62,POSITIVE_LENGTH_MEASURE(2.E-2),#34);
#1040=PRESENTATION_STYLE_ASSIGNMENT((#1039));
#1041=STYLED_ITEM('',(#1040),#1038);
#1042=CARTESIAN_POINT('',(2.7E1,-2.5E0,4.5E1));
#1043=DIRECTION('',(0.E0,-1.E0,0.E0));
#1044=DIRECTION('',(1.E0,0.E0,0.E0));
#1045=AXIS2_PLACEMENT_3D('',#1042,#1043,#1044);
#1047=CURVE_STYLE('',#62,POSITIVE_LENGTH_MEASURE(2.E-2),#34);
#1048=PRESENTATION_STYLE_ASSIGNMENT((#1047));
#1049=STYLED_ITEM('',(#1048),#1046);
#1050=DIRECTION('',(0.E0,0.E0,1.E0));
#1051=VECTOR('',#1050,9.E1);
#1052=CARTESIAN_POINT('',(2.825636233768E1,-2.5E0,-4.5E1));
#1053=LINE('',#1052,#1051);
#1054=CURVE_STYLE('',#62,POSITIVE_LENGTH_MEASURE(2.E-2),#34);
#1055=PRESENTATION_STYLE_ASSIGNMENT((#1054));
#1056=STYLED_ITEM('',(#1055),#1053);
#1057=CARTESIAN_POINT('',(2.7E1,-2.5E0,-4.5E1));
#1058=DIRECTION('',(0.E0,-1.E0,0.E0));
#1059=DIRECTION('',(0.E0,0.E0,-1.E0));
#1060=AXIS2_PLACEMENT_3D('',#1057,#1058,#1059);
#1062=CURVE_STYLE('',#62,POSITIVE_LENGTH_MEASURE(2.E-2),#34);
#1063=PRESENTATION_STYLE_ASSIGNMENT((#1062));
#1064=STYLED_ITEM('',(#1063),#1061);
#1065=DIRECTION('',(1.E0,0.E0,0.E0));
#1066=VECTOR('',#1065,3.724988339536E1);
#1067=CARTESIAN_POINT('',(-1.024988339536E1,-2.5E0,-4.625636233768E1));
#1068=LINE('',#1067,#1066);
#1069=CURVE_STYLE('',#62,POSITIVE_LENGTH_MEASURE(2.E-2),#34);
#1070=PRESENTATION_STYLE_ASSIGNMENT((#1069));
#1071=STYLED_ITEM('',(#1070),#1068);
#1072=DIRECTION('',(1.745240643729E-2,-9.998476951564E-1,0.E0));
#1073=VECTOR('',#1072,2.500380820110E0);
#1074=CARTESIAN_POINT('',(-2.83E1,0.E0,-4.5E1));
#1075=LINE('',#1074,#1073);
#1076=CURVE_STYLE('',#62,POSITIVE_LENGTH_MEASURE(2.E-2),#34);
#1077=PRESENTATION_STYLE_ASSIGNMENT((#1076));
#1078=STYLED_ITEM('',(#1077),#1075);
#1079=DIRECTION('',(1.E0,0.E0,0.E0));
#1080=VECTOR('',#1079,1.2E0);
#1081=CARTESIAN_POINT('',(-2.46E1,0.E0,4.55E1));
#1082=LINE('',#1081,#1080);
#1083=CURVE_STYLE('',#62,POSITIVE_LENGTH_MEASURE(2.E-2),#34);
#1084=PRESENTATION_STYLE_ASSIGNMENT((#1083));
#1085=STYLED_ITEM('',(#1084),#1082);
#1086=DIRECTION('',(0.E0,-1.E0,0.E0));
#1087=VECTOR('',#1086,1.1E1);
#1088=CARTESIAN_POINT('',(-2.46E1,1.1E1,4.55E1));
#1089=LINE('',#1088,#1087);
#1090=CURVE_STYLE('',#62,POSITIVE_LENGTH_MEASURE(2.E-2),#34);
#1091=PRESENTATION_STYLE_ASSIGNMENT((#1090));
#1092=STYLED_ITEM('',(#1091),#1089);
#1093=DIRECTION('',(0.E0,-1.E0,0.E0));
#1094=VECTOR('',#1093,1.35E1);
#1095=CARTESIAN_POINT('',(-2.7E1,1.1E1,4.55E1));
#1096=LINE('',#1095,#1094);
#1097=CURVE_STYLE('',#62,POSITIVE_LENGTH_MEASURE(2.E-2),#34);
#1098=PRESENTATION_STYLE_ASSIGNMENT((#1097));
#1099=STYLED_ITEM('',(#1098),#1096);
#1100=DIRECTION('',(0.E0,1.E0,0.E0));
#1101=VECTOR('',#1100,2.76967556E0);
#1102=CARTESIAN_POINT('',(-4.769997224434E0,-2.5E0,4.55E1));
#1103=LINE('',#1102,#1101);
#1104=CURVE_STYLE('',#62,POSITIVE_LENGTH_MEASURE(2.E-2),#34);
#1105=PRESENTATION_STYLE_ASSIGNMENT((#1104));
#1106=STYLED_ITEM('',(#1105),#1103);
#1107=CARTESIAN_POINT('',(-3.189997224434E0,2.6967556E-1,4.55E1));
#1108=DIRECTION('',(0.E0,0.E0,1.E0));
#1109=DIRECTION('',(0.E0,1.E0,0.E0));
#1110=AXIS2_PLACEMENT_3D('',#1107,#1108,#1109);
#1112=CURVE_STYLE('',#62,POSITIVE_LENGTH_MEASURE(2.E-2),#34);
#1113=PRESENTATION_STYLE_ASSIGNMENT((#1112));
#1114=STYLED_ITEM('',(#1113),#1111);
#1115=DIRECTION('',(-1.E0,0.E0,0.E0));
#1116=VECTOR('',#1115,6.38E0);
#1117=CARTESIAN_POINT('',(3.190002775566E0,1.84967556E0,4.55E1));
#1118=LINE('',#1117,#1116);
#1119=CURVE_STYLE('',#62,POSITIVE_LENGTH_MEASURE(2.E-2),#34);
#1120=PRESENTATION_STYLE_ASSIGNMENT((#1119));
#1121=STYLED_ITEM('',(#1120),#1118);
#1122=CARTESIAN_POINT('',(3.190002775566E0,2.6967556E-1,4.55E1));
#1123=DIRECTION('',(0.E0,0.E0,1.E0));
#1124=DIRECTION('',(1.E0,0.E0,0.E0));
#1125=AXIS2_PLACEMENT_3D('',#1122,#1123,#1124);
#1127=CURVE_STYLE('',#62,POSITIVE_LENGTH_MEASURE(2.E-2),#34);
#1128=PRESENTATION_STYLE_ASSIGNMENT((#1127));
#1129=STYLED_ITEM('',(#1128),#1126);
#1130=DIRECTION('',(0.E0,1.E0,0.E0));
#1131=VECTOR('',#1130,2.76967556E0);
#1132=CARTESIAN_POINT('',(4.770002775566E0,-2.5E0,4.55E1));
#1133=LINE('',#1132,#1131);
#1134=CURVE_STYLE('',#62,POSITIVE_LENGTH_MEASURE(2.E-2),#34);
#1135=PRESENTATION_STYLE_ASSIGNMENT((#1134));
#1136=STYLED_ITEM('',(#1135),#1133);
#1137=DIRECTION('',(0.E0,-1.E0,0.E0));
#1138=VECTOR('',#1137,1.1E1);
#1139=CARTESIAN_POINT('',(2.46E1,1.1E1,4.55E1));
#1140=LINE('',#1139,#1138);
#1141=CURVE_STYLE('',#62,POSITIVE_LENGTH_MEASURE(2.E-2),#34);
#1142=PRESENTATION_STYLE_ASSIGNMENT((#1141));
#1143=STYLED_ITEM('',(#1142),#1140);
#1144=DIRECTION('',(1.E0,0.E0,0.E0));
#1145=VECTOR('',#1144,1.2E0);
#1146=CARTESIAN_POINT('',(2.34E1,0.E0,4.55E1));
#1147=LINE('',#1146,#1145);
#1148=CURVE_STYLE('',#62,POSITIVE_LENGTH_MEASURE(2.E-2),#34);
#1149=PRESENTATION_STYLE_ASSIGNMENT((#1148));
#1150=STYLED_ITEM('',(#1149),#1147);
#1151=DIRECTION('',(0.E0,-1.E0,0.E0));
#1152=VECTOR('',#1151,1.1E1);
#1153=CARTESIAN_POINT('',(2.34E1,1.1E1,4.55E1));
#1154=LINE('',#1153,#1152);
#1155=CURVE_STYLE('',#62,POSITIVE_LENGTH_MEASURE(2.E-2),#34);
#1156=PRESENTATION_STYLE_ASSIGNMENT((#1155));
#1157=STYLED_ITEM('',(#1156),#1154);
#1158=DIRECTION('',(0.E0,-1.E0,0.E0));
#1159=VECTOR('',#1158,3.5E0);
#1160=CARTESIAN_POINT('',(-1.574527630090E1,1.1E1,4.55E1));
#1161=LINE('',#1160,#1159);
#1162=CURVE_STYLE('',#62,POSITIVE_LENGTH_MEASURE(2.E-2),#34);
#1163=PRESENTATION_STYLE_ASSIGNMENT((#1162));
#1164=STYLED_ITEM('',(#1163),#1161);
#1165=DIRECTION('',(1.E0,0.E0,0.E0));
#1166=VECTOR('',#1165,3.709447398198E0);
#1167=CARTESIAN_POINT('',(-1.945472369910E1,7.5E0,4.55E1));
#1168=LINE('',#1167,#1166);
#1169=CURVE_STYLE('',#62,POSITIVE_LENGTH_MEASURE(2.E-2),#34);
#1170=PRESENTATION_STYLE_ASSIGNMENT((#1169));
#1171=STYLED_ITEM('',(#1170),#1168);
#1172=DIRECTION('',(-1.015061051086E-14,-1.E0,0.E0));
#1173=VECTOR('',#1172,3.5E0);
#1174=CARTESIAN_POINT('',(-1.945472369910E1,1.1E1,4.55E1));
#1175=LINE('',#1174,#1173);
#1176=CURVE_STYLE('',#62,POSITIVE_LENGTH_MEASURE(2.E-2),#34);
#1177=PRESENTATION_STYLE_ASSIGNMENT((#1176));
#1178=STYLED_ITEM('',(#1177),#1175);
#1179=DIRECTION('',(0.E0,-1.E0,0.E0));
#1180=VECTOR('',#1179,1.1E1);
#1181=CARTESIAN_POINT('',(-2.34E1,1.1E1,4.55E1));
#1182=LINE('',#1181,#1180);
#1183=CURVE_STYLE('',#62,POSITIVE_LENGTH_MEASURE(2.E-2),#34);
#1184=PRESENTATION_STYLE_ASSIGNMENT((#1183));
#1185=STYLED_ITEM('',(#1184),#1182);
#1186=CARTESIAN_POINT('',(2.4E1,0.E0,-4.2E1));
#1187=DIRECTION('',(0.E0,-1.E0,0.E0));
#1188=DIRECTION('',(-1.E0,0.E0,0.E0));
#1189=AXIS2_PLACEMENT_3D('',#1186,#1187,#1188);
#1191=CURVE_STYLE('',#62,POSITIVE_LENGTH_MEASURE(2.E-2),#34);
#1192=PRESENTATION_STYLE_ASSIGNMENT((#1191));
#1193=STYLED_ITEM('',(#1192),#1190);
#1194=CARTESIAN_POINT('',(2.4E1,0.E0,-4.2E1));
#1195=DIRECTION('',(0.E0,-1.E0,0.E0));
#1196=DIRECTION('',(1.E0,0.E0,0.E0));
#1197=AXIS2_PLACEMENT_3D('',#1194,#1195,#1196);
#1199=CURVE_STYLE('',#62,POSITIVE_LENGTH_MEASURE(2.E-2),#34);
#1200=PRESENTATION_STYLE_ASSIGNMENT((#1199));
#1201=STYLED_ITEM('',(#1200),#1198);
#1202=CARTESIAN_POINT('',(-2.4E1,0.E0,-4.2E1));
#1203=DIRECTION('',(0.E0,-1.E0,0.E0));
#1204=DIRECTION('',(1.E0,0.E0,0.E0));
#1205=AXIS2_PLACEMENT_3D('',#1202,#1203,#1204);
#1207=CURVE_STYLE('',#62,POSITIVE_LENGTH_MEASURE(2.E-2),#34);
#1208=PRESENTATION_STYLE_ASSIGNMENT((#1207));
#1209=STYLED_ITEM('',(#1208),#1206);
#1210=CARTESIAN_POINT('',(-2.4E1,0.E0,-4.2E1));
#1211=DIRECTION('',(0.E0,-1.E0,0.E0));
#1212=DIRECTION('',(-1.E0,0.E0,0.E0));
#1213=AXIS2_PLACEMENT_3D('',#1210,#1211,#1212);
#1215=CURVE_STYLE('',#62,POSITIVE_LENGTH_MEASURE(2.E-2),#34);
#1216=PRESENTATION_STYLE_ASSIGNMENT((#1215));
#1217=STYLED_ITEM('',(#1216),#1214);
#1218=CARTESIAN_POINT('',(2.4E1,0.E0,4.2E1));
#1219=DIRECTION('',(0.E0,-1.E0,0.E0));
#1220=DIRECTION('',(1.E0,0.E0,0.E0));
#1221=AXIS2_PLACEMENT_3D('',#1218,#1219,#1220);
#1223=CURVE_STYLE('',#62,POSITIVE_LENGTH_MEASURE(2.E-2),#34);
#1224=PRESENTATION_STYLE_ASSIGNMENT((#1223));
#1225=STYLED_ITEM('',(#1224),#1222);
#1226=CARTESIAN_POINT('',(2.4E1,0.E0,4.2E1));
#1227=DIRECTION('',(0.E0,-1.E0,0.E0));
#1228=DIRECTION('',(-1.E0,0.E0,0.E0));
#1229=AXIS2_PLACEMENT_3D('',#1226,#1227,#1228);
#1231=CURVE_STYLE('',#62,POSITIVE_LENGTH_MEASURE(2.E-2),#34);
#1232=PRESENTATION_STYLE_ASSIGNMENT((#1231));
#1233=STYLED_ITEM('',(#1232),#1230);
#1234=CARTESIAN_POINT('',(-2.4E1,0.E0,4.2E1));
#1235=DIRECTION('',(0.E0,-1.E0,0.E0));
#1236=DIRECTION('',(1.E0,0.E0,0.E0));
#1237=AXIS2_PLACEMENT_3D('',#1234,#1235,#1236);
#1239=CURVE_STYLE('',#62,POSITIVE_LENGTH_MEASURE(2.E-2),#34);
#1240=PRESENTATION_STYLE_ASSIGNMENT((#1239));
#1241=STYLED_ITEM('',(#1240),#1238);
#1242=CARTESIAN_POINT('',(-2.4E1,0.E0,4.2E1));
#1243=DIRECTION('',(0.E0,-1.E0,0.E0));
#1244=DIRECTION('',(-1.E0,0.E0,0.E0));
#1245=AXIS2_PLACEMENT_3D('',#1242,#1243,#1244);
#1247=CURVE_STYLE('',#62,POSITIVE_LENGTH_MEASURE(2.E-2),#34);
#1248=PRESENTATION_STYLE_ASSIGNMENT((#1247));
#1249=STYLED_ITEM('',(#1248),#1246);
#1250=CARTESIAN_POINT('',(2.4E1,0.E0,4.2E1));
#1251=DIRECTION('',(0.E0,1.E0,0.E0));
#1252=DIRECTION('',(2.4E-1,0.E0,9.707728879609E-1));
#1253=AXIS2_PLACEMENT_3D('',#1250,#1251,#1252);
#1255=CURVE_STYLE('',#62,POSITIVE_LENGTH_MEASURE(2.E-2),#34);
#1256=PRESENTATION_STYLE_ASSIGNMENT((#1255));
#1257=STYLED_ITEM('',(#1256),#1254);
#1258=DIRECTION('',(-1.E0,0.E0,0.E0));
#1259=VECTOR('',#1258,1.073067780098E0);
#1260=CARTESIAN_POINT('',(2.75E1,0.E0,4.26E1));
#1261=LINE('',#1260,#1259);
#1262=CURVE_STYLE('',#62,POSITIVE_LENGTH_MEASURE(2.E-2),#34);
#1263=PRESENTATION_STYLE_ASSIGNMENT((#1262));
#1264=STYLED_ITEM('',(#1263),#1261);
#1265=DIRECTION('',(1.E0,0.E0,0.E0));
#1266=VECTOR('',#1265,1.073067780098E0);
#1267=CARTESIAN_POINT('',(2.642693221990E1,0.E0,4.14E1));
#1268=LINE('',#1267,#1266);
#1269=CURVE_STYLE('',#62,POSITIVE_LENGTH_MEASURE(2.E-2),#34);
#1270=PRESENTATION_STYLE_ASSIGNMENT((#1269));
#1271=STYLED_ITEM('',(#1270),#1268);
#1272=DIRECTION('',(0.E0,0.E0,-1.E0));
#1273=VECTOR('',#1272,1.073067780098E0);
#1274=CARTESIAN_POINT('',(2.34E1,0.E0,4.55E1));
#1275=LINE('',#1274,#1273);
#1276=CURVE_STYLE('',#62,POSITIVE_LENGTH_MEASURE(2.E-2),#34);
#1277=PRESENTATION_STYLE_ASSIGNMENT((#1276));
#1278=STYLED_ITEM('',(#1277),#1275);
#1279=DIRECTION('',(0.E0,0.E0,1.E0));
#1280=VECTOR('',#1279,1.073067780098E0);
#1281=CARTESIAN_POINT('',(2.46E1,0.E0,4.442693221990E1));
#1282=LINE('',#1281,#1280);
#1283=CURVE_STYLE('',#62,POSITIVE_LENGTH_MEASURE(2.E-2),#34);
#1284=PRESENTATION_STYLE_ASSIGNMENT((#1283));
#1285=STYLED_ITEM('',(#1284),#1282);
#1286=CARTESIAN_POINT('',(-2.4E1,0.E0,4.2E1));
#1287=DIRECTION('',(0.E0,1.E0,0.E0));
#1288=DIRECTION('',(-9.707728879609E-1,0.E0,2.4E-1));
#1289=AXIS2_PLACEMENT_3D('',#1286,#1287,#1288);
#1291=CURVE_STYLE('',#62,POSITIVE_LENGTH_MEASURE(2.E-2),#34);
#1292=PRESENTATION_STYLE_ASSIGNMENT((#1291));
#1293=STYLED_ITEM('',(#1292),#1290);
#1294=DIRECTION('',(0.E0,0.E0,-1.E0));
#1295=VECTOR('',#1294,1.073067780098E0);
#1296=CARTESIAN_POINT('',(-2.46E1,0.E0,4.55E1));
#1297=LINE('',#1296,#1295);
#1298=CURVE_STYLE('',#62,POSITIVE_LENGTH_MEASURE(2.E-2),#34);
#1299=PRESENTATION_STYLE_ASSIGNMENT((#1298));
#1300=STYLED_ITEM('',(#1299),#1297);
#1301=DIRECTION('',(0.E0,0.E0,1.E0));
#1302=VECTOR('',#1301,1.073067780098E0);
#1303=CARTESIAN_POINT('',(-2.34E1,0.E0,4.442693221990E1));
#1304=LINE('',#1303,#1302);
#1305=CURVE_STYLE('',#62,POSITIVE_LENGTH_MEASURE(2.E-2),#34);
#1306=PRESENTATION_STYLE_ASSIGNMENT((#1305));
#1307=STYLED_ITEM('',(#1306),#1304);
#1308=DIRECTION('',(1.E0,0.E0,0.E0));
#1309=VECTOR('',#1308,1.073067780098E0);
#1310=CARTESIAN_POINT('',(-2.75E1,0.E0,4.14E1));
#1311=LINE('',#1310,#1309);
#1312=CURVE_STYLE('',#62,POSITIVE_LENGTH_MEASURE(2.E-2),#34);
#1313=PRESENTATION_STYLE_ASSIGNMENT((#1312));
#1314=STYLED_ITEM('',(#1313),#1311);
#1315=DIRECTION('',(-1.E0,0.E0,0.E0));
#1316=VECTOR('',#1315,1.073067780098E0);
#1317=CARTESIAN_POINT('',(-2.642693221990E1,0.E0,4.26E1));
#1318=LINE('',#1317,#1316);
#1319=CURVE_STYLE('',#62,POSITIVE_LENGTH_MEASURE(2.E-2),#34);
#1320=PRESENTATION_STYLE_ASSIGNMENT((#1319));
#1321=STYLED_ITEM('',(#1320),#1318);
#1322=DIRECTION('',(-1.E0,0.E0,0.E0));
#1323=VECTOR('',#1322,1.073067780098E0);
#1324=CARTESIAN_POINT('',(2.75E1,0.E0,-4.14E1));
#1325=LINE('',#1324,#1323);
#1326=CURVE_STYLE('',#62,POSITIVE_LENGTH_MEASURE(2.E-2),#34);
#1327=PRESENTATION_STYLE_ASSIGNMENT((#1326));
#1328=STYLED_ITEM('',(#1327),#1325);
#1329=DIRECTION('',(1.E0,0.E0,0.E0));
#1330=VECTOR('',#1329,1.073067780098E0);
#1331=CARTESIAN_POINT('',(2.642693221990E1,0.E0,-4.26E1));
#1332=LINE('',#1331,#1330);
#1333=CURVE_STYLE('',#62,POSITIVE_LENGTH_MEASURE(2.E-2),#34);
#1334=PRESENTATION_STYLE_ASSIGNMENT((#1333));
#1335=STYLED_ITEM('',(#1334),#1332);
#1336=CARTESIAN_POINT('',(2.4E1,0.E0,-4.2E1));
#1337=DIRECTION('',(0.E0,1.E0,0.E0));
#1338=DIRECTION('',(9.707728879609E-1,0.E0,-2.4E-1));
#1339=AXIS2_PLACEMENT_3D('',#1336,#1337,#1338);
#1341=CURVE_STYLE('',#62,POSITIVE_LENGTH_MEASURE(2.E-2),#34);
#1342=PRESENTATION_STYLE_ASSIGNMENT((#1341));
#1343=STYLED_ITEM('',(#1342),#1340);
#1344=DIRECTION('',(0.E0,0.E0,1.E0));
#1345=VECTOR('',#1344,1.073067780098E0);
#1346=CARTESIAN_POINT('',(2.46E1,0.E0,-4.55E1));
#1347=LINE('',#1346,#1345);
#1348=CURVE_STYLE('',#62,POSITIVE_LENGTH_MEASURE(2.E-2),#34);
#1349=PRESENTATION_STYLE_ASSIGNMENT((#1348));
#1350=STYLED_ITEM('',(#1349),#1347);
#1351=DIRECTION('',(0.E0,0.E0,-1.E0));
#1352=VECTOR('',#1351,1.073067780098E0);
#1353=CARTESIAN_POINT('',(2.34E1,0.E0,-4.442693221990E1));
#1354=LINE('',#1353,#1352);
#1355=CURVE_STYLE('',#62,POSITIVE_LENGTH_MEASURE(2.E-2),#34);
#1356=PRESENTATION_STYLE_ASSIGNMENT((#1355));
#1357=STYLED_ITEM('',(#1356),#1354);
#1358=CARTESIAN_POINT('',(-2.4E1,0.E0,-4.2E1));
#1359=DIRECTION('',(0.E0,1.E0,0.E0));
#1360=DIRECTION('',(-2.4E-1,0.E0,-9.707728879609E-1));
#1361=AXIS2_PLACEMENT_3D('',#1358,#1359,#1360);
#1363=CURVE_STYLE('',#62,POSITIVE_LENGTH_MEASURE(2.E-2),#34);
#1364=PRESENTATION_STYLE_ASSIGNMENT((#1363));
#1365=STYLED_ITEM('',(#1364),#1362);
#1366=DIRECTION('',(1.E0,0.E0,0.E0));
#1367=VECTOR('',#1366,1.073067780098E0);
#1368=CARTESIAN_POINT('',(-2.75E1,0.E0,-4.26E1));
#1369=LINE('',#1368,#1367);
#1370=CURVE_STYLE('',#62,POSITIVE_LENGTH_MEASURE(2.E-2),#34);
#1371=PRESENTATION_STYLE_ASSIGNMENT((#1370));
#1372=STYLED_ITEM('',(#1371),#1369);
#1373=DIRECTION('',(-1.E0,0.E0,0.E0));
#1374=VECTOR('',#1373,1.073067780098E0);
#1375=CARTESIAN_POINT('',(-2.642693221990E1,0.E0,-4.14E1));
#1376=LINE('',#1375,#1374);
#1377=CURVE_STYLE('',#62,POSITIVE_LENGTH_MEASURE(2.E-2),#34);
#1378=PRESENTATION_STYLE_ASSIGNMENT((#1377));
#1379=STYLED_ITEM('',(#1378),#1376);
#1380=DIRECTION('',(0.E0,0.E0,1.E0));
#1381=VECTOR('',#1380,1.073067780098E0);
#1382=CARTESIAN_POINT('',(-2.34E1,0.E0,-4.55E1));
#1383=LINE('',#1382,#1381);
#1384=CURVE_STYLE('',#62,POSITIVE_LENGTH_MEASURE(2.E-2),#34);
#1385=PRESENTATION_STYLE_ASSIGNMENT((#1384));
#1386=STYLED_ITEM('',(#1385),#1383);
#1387=DIRECTION('',(0.E0,0.E0,-1.E0));
#1388=VECTOR('',#1387,1.073067780098E0);
#1389=CARTESIAN_POINT('',(-2.46E1,0.E0,-4.442693221990E1));
#1390=LINE('',#1389,#1388);
#1391=CURVE_STYLE('',#62,POSITIVE_LENGTH_MEASURE(2.E-2),#34);
#1392=PRESENTATION_STYLE_ASSIGNMENT((#1391));
#1393=STYLED_ITEM('',(#1392),#1390);
#1394=DIRECTION('',(0.E0,1.E0,0.E0));
#1395=VECTOR('',#1394,1.1E1);
#1396=CARTESIAN_POINT('',(2.27E1,0.E0,-4.2E1));
#1397=LINE('',#1396,#1395);
#1398=CURVE_STYLE('',#62,POSITIVE_LENGTH_MEASURE(2.E-2),#34);
#1399=PRESENTATION_STYLE_ASSIGNMENT((#1398));
#1400=STYLED_ITEM('',(#1399),#1397);
#1401=CARTESIAN_POINT('',(2.4E1,1.1E1,4.2E1));
#1402=DIRECTION('',(0.E0,1.E0,0.E0));
#1403=DIRECTION('',(1.E0,0.E0,0.E0));
#1404=AXIS2_PLACEMENT_3D('',#1401,#1402,#1403);
#1406=CURVE_STYLE('',#62,POSITIVE_LENGTH_MEASURE(2.E-2),#34);
#1407=PRESENTATION_STYLE_ASSIGNMENT((#1406));
#1408=STYLED_ITEM('',(#1407),#1405);
#1409=CARTESIAN_POINT('',(2.4E1,1.1E1,4.2E1));
#1410=DIRECTION('',(0.E0,1.E0,0.E0));
#1411=DIRECTION('',(-1.E0,0.E0,0.E0));
#1412=AXIS2_PLACEMENT_3D('',#1409,#1410,#1411);
#1414=CURVE_STYLE('',#62,POSITIVE_LENGTH_MEASURE(2.E-2),#34);
#1415=PRESENTATION_STYLE_ASSIGNMENT((#1414));
#1416=STYLED_ITEM('',(#1415),#1413);
#1417=CARTESIAN_POINT('',(-2.4E1,1.1E1,4.2E1));
#1418=DIRECTION('',(0.E0,1.E0,0.E0));
#1419=DIRECTION('',(1.E0,0.E0,0.E0));
#1420=AXIS2_PLACEMENT_3D('',#1417,#1418,#1419);
#1422=CURVE_STYLE('',#62,POSITIVE_LENGTH_MEASURE(2.E-2),#34);
#1423=PRESENTATION_STYLE_ASSIGNMENT((#1422));
#1424=STYLED_ITEM('',(#1423),#1421);
#1425=CARTESIAN_POINT('',(-2.4E1,1.1E1,4.2E1));
#1426=DIRECTION('',(0.E0,1.E0,0.E0));
#1427=DIRECTION('',(-1.E0,0.E0,0.E0));
#1428=AXIS2_PLACEMENT_3D('',#1425,#1426,#1427);
#1430=CURVE_STYLE('',#62,POSITIVE_LENGTH_MEASURE(2.E-2),#34);
#1431=PRESENTATION_STYLE_ASSIGNMENT((#1430));
#1432=STYLED_ITEM('',(#1431),#1429);
#1433=CARTESIAN_POINT('',(2.4E1,1.1E1,-4.2E1));
#1434=DIRECTION('',(0.E0,1.E0,0.E0));
#1435=DIRECTION('',(1.E0,0.E0,0.E0));
#1436=AXIS2_PLACEMENT_3D('',#1433,#1434,#1435);
#1438=CURVE_STYLE('',#62,POSITIVE_LENGTH_MEASURE(2.E-2),#34);
#1439=PRESENTATION_STYLE_ASSIGNMENT((#1438));
#1440=STYLED_ITEM('',(#1439),#1437);
#1441=CARTESIAN_POINT('',(2.4E1,1.1E1,-4.2E1));
#1442=DIRECTION('',(0.E0,1.E0,0.E0));
#1443=DIRECTION('',(-1.E0,0.E0,0.E0));
#1444=AXIS2_PLACEMENT_3D('',#1441,#1442,#1443);
#1446=CURVE_STYLE('',#62,POSITIVE_LENGTH_MEASURE(2.E-2),#34);
#1447=PRESENTATION_STYLE_ASSIGNMENT((#1446));
#1448=STYLED_ITEM('',(#1447),#1445);
#1449=CARTESIAN_POINT('',(-2.4E1,1.1E1,-4.2E1));
#1450=DIRECTION('',(0.E0,1.E0,0.E0));
#1451=DIRECTION('',(1.E0,0.E0,0.E0));
#1452=AXIS2_PLACEMENT_3D('',#1449,#1450,#1451);
#1454=CURVE_STYLE('',#62,POSITIVE_LENGTH_MEASURE(2.E-2),#34);
#1455=PRESENTATION_STYLE_ASSIGNMENT((#1454));
#1456=STYLED_ITEM('',(#1455),#1453);
#1457=CARTESIAN_POINT('',(-2.4E1,1.1E1,-4.2E1));
#1458=DIRECTION('',(0.E0,1.E0,0.E0));
#1459=DIRECTION('',(-1.E0,0.E0,0.E0));
#1460=AXIS2_PLACEMENT_3D('',#1457,#1458,#1459);
#1462=CURVE_STYLE('',#62,POSITIVE_LENGTH_MEASURE(2.E-2),#34);
#1463=PRESENTATION_STYLE_ASSIGNMENT((#1462));
#1464=STYLED_ITEM('',(#1463),#1461);
#1465=CARTESIAN_POINT('',(-9.881765520913E0,1.1E1,3.459999815518E1));
#1466=DIRECTION('',(0.E0,-1.E0,0.E0));
#1467=DIRECTION('',(0.E0,0.E0,-1.E0));
#1468=AXIS2_PLACEMENT_3D('',#1465,#1466,#1467);
#1470=CURVE_STYLE('',#62,POSITIVE_LENGTH_MEASURE(2.E-2),#34);
#1471=PRESENTATION_STYLE_ASSIGNMENT((#1470));
#1472=STYLED_ITEM('',(#1471),#1469);
#1473=CARTESIAN_POINT('',(-9.881765520913E0,1.1E1,3.459999815518E1));
#1474=DIRECTION('',(0.E0,-1.E0,0.E0));
#1475=DIRECTION('',(0.E0,0.E0,1.E0));
#1476=AXIS2_PLACEMENT_3D('',#1473,#1474,#1475);
#1478=CURVE_STYLE('',#62,POSITIVE_LENGTH_MEASURE(2.E-2),#34);
#1479=PRESENTATION_STYLE_ASSIGNMENT((#1478));
#1480=STYLED_ITEM('',(#1479),#1477);
#1481=CARTESIAN_POINT('',(8.118234479087E0,1.1E1,3.459999815518E1));
#1482=DIRECTION('',(0.E0,-1.E0,0.E0));
#1483=DIRECTION('',(0.E0,0.E0,-1.E0));
#1484=AXIS2_PLACEMENT_3D('',#1481,#1482,#1483);
#1486=CURVE_STYLE('',#62,POSITIVE_LENGTH_MEASURE(2.E-2),#34);
#1487=PRESENTATION_STYLE_ASSIGNMENT((#1486));
#1488=STYLED_ITEM('',(#1487),#1485);
#1489=CARTESIAN_POINT('',(8.118234479087E0,1.1E1,3.459999815518E1));
#1490=DIRECTION('',(0.E0,-1.E0,0.E0));
#1491=DIRECTION('',(0.E0,0.E0,1.E0));
#1492=AXIS2_PLACEMENT_3D('',#1489,#1490,#1491);
#1494=CURVE_STYLE('',#62,POSITIVE_LENGTH_MEASURE(2.E-2),#34);
#1495=PRESENTATION_STYLE_ASSIGNMENT((#1494));
#1496=STYLED_ITEM('',(#1495),#1493);
#1497=CARTESIAN_POINT('',(2.196823447909E1,1.1E1,3.459999815518E1));
#1498=DIRECTION('',(0.E0,-1.E0,0.E0));
#1499=DIRECTION('',(0.E0,0.E0,-1.E0));
#1500=AXIS2_PLACEMENT_3D('',#1497,#1498,#1499);
#1502=CURVE_STYLE('',#62,POSITIVE_LENGTH_MEASURE(2.E-2),#34);
#1503=PRESENTATION_STYLE_ASSIGNMENT((#1502));
#1504=STYLED_ITEM('',(#1503),#1501);
#1505=CARTESIAN_POINT('',(2.196823447909E1,1.1E1,3.459999815518E1));
#1506=DIRECTION('',(0.E0,-1.E0,0.E0));
#1507=DIRECTION('',(0.E0,0.E0,1.E0));
#1508=AXIS2_PLACEMENT_3D('',#1505,#1506,#1507);
#1510=CURVE_STYLE('',#62,POSITIVE_LENGTH_MEASURE(2.E-2),#34);
#1511=PRESENTATION_STYLE_ASSIGNMENT((#1510));
#1512=STYLED_ITEM('',(#1511),#1509);
#1513=CARTESIAN_POINT('',(-1.76E1,1.1E1,4.14E1));
#1514=DIRECTION('',(0.E0,-1.E0,0.E0));
#1515=DIRECTION('',(-1.E0,0.E0,0.E0));
#1516=AXIS2_PLACEMENT_3D('',#1513,#1514,#1515);
#1518=CURVE_STYLE('',#62,POSITIVE_LENGTH_MEASURE(2.E-2),#34);
#1519=PRESENTATION_STYLE_ASSIGNMENT((#1518));
#1520=STYLED_ITEM('',(#1519),#1517);
#1521=CARTESIAN_POINT('',(-1.76E1,1.1E1,4.14E1));
#1522=DIRECTION('',(0.E0,-1.E0,0.E0));
#1523=DIRECTION('',(1.E0,0.E0,0.E0));
#1524=AXIS2_PLACEMENT_3D('',#1521,#1522,#1523);
#1526=CURVE_STYLE('',#62,POSITIVE_LENGTH_MEASURE(2.E-2),#34);
#1527=PRESENTATION_STYLE_ASSIGNMENT((#1526));
#1528=STYLED_ITEM('',(#1527),#1525);
#1529=CARTESIAN_POINT('',(-1.76E1,1.1E1,4.14E1));
#1530=DIRECTION('',(0.E0,1.E0,0.E0));
#1531=DIRECTION('',(0.E0,0.E0,1.E0));
#1532=AXIS2_PLACEMENT_3D('',#1529,#1530,#1531);
#1534=CURVE_STYLE('',#62,POSITIVE_LENGTH_MEASURE(2.E-2),#34);
#1535=PRESENTATION_STYLE_ASSIGNMENT((#1534));
#1536=STYLED_ITEM('',(#1535),#1533);
#1537=CARTESIAN_POINT('',(-1.76E1,1.1E1,4.14E1));
#1538=DIRECTION('',(0.E0,1.E0,0.E0));
#1539=DIRECTION('',(0.E0,0.E0,-1.E0));
#1540=AXIS2_PLACEMENT_3D('',#1537,#1538,#1539);
#1542=CURVE_STYLE('',#62,POSITIVE_LENGTH_MEASURE(2.E-2),#34);
#1543=PRESENTATION_STYLE_ASSIGNMENT((#1542));
#1544=STYLED_ITEM('',(#1543),#1541);
#1545=CARTESIAN_POINT('',(0.E0,1.1E1,-7.E0));
#1546=DIRECTION('',(0.E0,-1.E0,0.E0));
#1547=DIRECTION('',(0.E0,0.E0,1.E0));
#1548=AXIS2_PLACEMENT_3D('',#1545,#1546,#1547);
#1550=CURVE_STYLE('',#62,POSITIVE_LENGTH_MEASURE(2.E-2),#34);
#1551=PRESENTATION_STYLE_ASSIGNMENT((#1550));
#1552=STYLED_ITEM('',(#1551),#1549);
#1553=CARTESIAN_POINT('',(0.E0,1.1E1,-7.E0));
#1554=DIRECTION('',(0.E0,-1.E0,0.E0));
#1555=DIRECTION('',(0.E0,0.E0,-1.E0));
#1556=AXIS2_PLACEMENT_3D('',#1553,#1554,#1555);
#1558=CURVE_STYLE('',#62,POSITIVE_LENGTH_MEASURE(2.E-2),#34);
#1559=PRESENTATION_STYLE_ASSIGNMENT((#1558));
#1560=STYLED_ITEM('',(#1559),#1557);
#1561=CARTESIAN_POINT('',(0.E0,1.1E1,2.2E1));
#1562=DIRECTION('',(0.E0,1.E0,0.E0));
#1563=DIRECTION('',(0.E0,0.E0,1.E0));
#1564=AXIS2_PLACEMENT_3D('',#1561,#1562,#1563);
#1566=CURVE_STYLE('',#62,POSITIVE_LENGTH_MEASURE(2.E-2),#34);
#1567=PRESENTATION_STYLE_ASSIGNMENT((#1566));
#1568=STYLED_ITEM('',(#1567),#1565);
#1569=CARTESIAN_POINT('',(0.E0,1.1E1,2.2E1));
#1570=DIRECTION('',(0.E0,1.E0,0.E0));
#1571=DIRECTION('',(0.E0,0.E0,-1.E0));
#1572=AXIS2_PLACEMENT_3D('',#1569,#1570,#1571);
#1574=CURVE_STYLE('',#62,POSITIVE_LENGTH_MEASURE(2.E-2),#34);
#1575=PRESENTATION_STYLE_ASSIGNMENT((#1574));
#1576=STYLED_ITEM('',(#1575),#1573);
#1577=DIRECTION('',(0.E0,0.E0,-1.E0));
#1578=VECTOR('',#1577,1.073067780098E0);
#1579=CARTESIAN_POINT('',(-2.34E1,1.1E1,4.55E1));
#1580=LINE('',#1579,#1578);
#1581=CURVE_STYLE('',#62,POSITIVE_LENGTH_MEASURE(2.E-2),#34);
#1582=PRESENTATION_STYLE_ASSIGNMENT((#1581));
#1583=STYLED_ITEM('',(#1582),#1580);
#1584=DIRECTION('',(1.E0,0.E0,0.E0));
#1585=VECTOR('',#1584,3.945276300901E0);
#1586=CARTESIAN_POINT('',(-2.34E1,1.1E1,4.55E1));
#1587=LINE('',#1586,#1585);
#1588=CURVE_STYLE('',#62,POSITIVE_LENGTH_MEASURE(2.E-2),#34);
#1589=PRESENTATION_STYLE_ASSIGNMENT((#1588));
#1590=STYLED_ITEM('',(#1589),#1587);
#1591=CARTESIAN_POINT('',(-1.76E1,1.1E1,4.14E1));
#1592=DIRECTION('',(0.E0,-1.E0,0.E0));
#1593=DIRECTION('',(-4.121608220220E-1,0.E0,9.111111111111E-1));
#1594=AXIS2_PLACEMENT_3D('',#1591,#1592,#1593);
#1596=CURVE_STYLE('',#62,POSITIVE_LENGTH_MEASURE(2.E-2),#34);
#1597=PRESENTATION_STYLE_ASSIGNMENT((#1596));
#1598=STYLED_ITEM('',(#1597),#1595);
#1599=CARTESIAN_POINT('',(-2.4E1,1.1E1,4.2E1));
#1600=DIRECTION('',(0.E0,1.E0,0.E0));
#1601=DIRECTION('',(2.4E-1,0.E0,9.707728879609E-1));
#1602=AXIS2_PLACEMENT_3D('',#1599,#1600,#1601);
#1604=CURVE_STYLE('',#62,POSITIVE_LENGTH_MEASURE(2.E-2),#34);
#1605=PRESENTATION_STYLE_ASSIGNMENT((#1604));
#1606=STYLED_ITEM('',(#1605),#1603);
#1607=DIRECTION('',(0.E0,0.E0,-1.E0));
#1608=VECTOR('',#1607,1.073067780098E0);
#1609=CARTESIAN_POINT('',(-2.46E1,1.1E1,4.55E1));
#1610=LINE('',#1609,#1608);
#1611=CURVE_STYLE('',#62,POSITIVE_LENGTH_MEASURE(2.E-2),#34);
#1612=PRESENTATION_STYLE_ASSIGNMENT((#1611));
#1613=STYLED_ITEM('',(#1612),#1610);
#1614=CARTESIAN_POINT('',(-2.4E1,1.1E1,4.2E1));
#1615=DIRECTION('',(0.E0,1.E0,0.E0));
#1616=DIRECTION('',(-9.707728879609E-1,0.E0,2.4E-1));
#1617=AXIS2_PLACEMENT_3D('',#1614,#1615,#1616);
#1619=CURVE_STYLE('',#62,POSITIVE_LENGTH_MEASURE(2.E-2),#34);
#1620=PRESENTATION_STYLE_ASSIGNMENT((#1619));
#1621=STYLED_ITEM('',(#1620),#1618);
#1622=DIRECTION('',(1.E0,0.E0,0.E0));
#1623=VECTOR('',#1622,1.073067780098E0);
#1624=CARTESIAN_POINT('',(-2.75E1,1.1E1,4.26E1));
#1625=LINE('',#1624,#1623);
#1626=CURVE_STYLE('',#62,POSITIVE_LENGTH_MEASURE(2.E-2),#34);
#1627=PRESENTATION_STYLE_ASSIGNMENT((#1626));
#1628=STYLED_ITEM('',(#1627),#1625);
#1629=DIRECTION('',(0.E0,0.E0,1.E0));
#1630=VECTOR('',#1629,2.4E0);
#1631=CARTESIAN_POINT('',(-2.75E1,1.1E1,4.26E1));
#1632=LINE('',#1631,#1630);
#1633=CURVE_STYLE('',#62,POSITIVE_LENGTH_MEASURE(2.E-2),#34);
#1634=PRESENTATION_STYLE_ASSIGNMENT((#1633));
#1635=STYLED_ITEM('',(#1634),#1632);
#1636=CARTESIAN_POINT('',(-2.7E1,1.1E1,4.5E1));
#1637=DIRECTION('',(0.E0,1.E0,0.E0));
#1638=DIRECTION('',(-1.E0,0.E0,0.E0));
#1639=AXIS2_PLACEMENT_3D('',#1636,#1637,#1638);
#1641=CURVE_STYLE('',#62,POSITIVE_LENGTH_MEASURE(2.E-2),#34);
#1642=PRESENTATION_STYLE_ASSIGNMENT((#1641));
#1643=STYLED_ITEM('',(#1642),#1640);
#1644=DIRECTION('',(1.E0,0.E0,0.E0));
#1645=VECTOR('',#1644,2.4E0);
#1646=CARTESIAN_POINT('',(-2.7E1,1.1E1,4.55E1));
#1647=LINE('',#1646,#1645);
#1648=CURVE_STYLE('',#62,POSITIVE_LENGTH_MEASURE(2.E-2),#34);
#1649=PRESENTATION_STYLE_ASSIGNMENT((#1648));
#1650=STYLED_ITEM('',(#1649),#1647);
#1651=DIRECTION('',(1.E0,0.E0,0.E0));
#1652=VECTOR('',#1651,1.073067780098E0);
#1653=CARTESIAN_POINT('',(-2.75E1,1.1E1,4.14E1));
#1654=LINE('',#1653,#1652);
#1655=CURVE_STYLE('',#62,POSITIVE_LENGTH_MEASURE(2.E-2),#34);
#1656=PRESENTATION_STYLE_ASSIGNMENT((#1655));
#1657=STYLED_ITEM('',(#1656),#1654);
#1658=CARTESIAN_POINT('',(-2.4E1,1.1E1,4.2E1));
#1659=DIRECTION('',(0.E0,1.E0,0.E0));
#1660=DIRECTION('',(7.971448662004E-1,0.E0,-6.037880938627E-1));
#1661=AXIS2_PLACEMENT_3D('',#1658,#1659,#1660);
#1663=CURVE_STYLE('',#62,POSITIVE_LENGTH_MEASURE(2.E-2),#34);
#1664=PRESENTATION_STYLE_ASSIGNMENT((#1663));
#1665=STYLED_ITEM('',(#1664),#1662);
#1666=DIRECTION('',(1.E0,0.E0,0.E0));
#1667=VECTOR('',#1666,3.914527630090E1);
#1668=CARTESIAN_POINT('',(-1.574527630090E1,1.1E1,4.55E1));
#1669=LINE('',#1668,#1667);
#1670=CURVE_STYLE('',#62,POSITIVE_LENGTH_MEASURE(2.E-2),#34);
#1671=PRESENTATION_STYLE_ASSIGNMENT((#1670));
#1672=STYLED_ITEM('',(#1671),#1669);
#1673=DIRECTION('',(0.E0,0.E0,-1.E0));
#1674=VECTOR('',#1673,1.073067780098E0);
#1675=CARTESIAN_POINT('',(2.34E1,1.1E1,4.55E1));
#1676=LINE('',#1675,#1674);
#1677=CURVE_STYLE('',#62,POSITIVE_LENGTH_MEASURE(2.E-2),#34);
#1678=PRESENTATION_STYLE_ASSIGNMENT((#1677));
#1679=STYLED_ITEM('',(#1678),#1676);
#1680=DIRECTION('',(-1.E0,0.E0,0.E0));
#1681=VECTOR('',#1680,1.073067780098E0);
#1682=CARTESIAN_POINT('',(2.75E1,1.1E1,4.14E1));
#1683=LINE('',#1682,#1681);
#1684=CURVE_STYLE('',#62,POSITIVE_LENGTH_MEASURE(2.E-2),#34);
#1685=PRESENTATION_STYLE_ASSIGNMENT((#1684));
#1686=STYLED_ITEM('',(#1685),#1683);
#1687=DIRECTION('',(0.E0,0.E0,-1.E0));
#1688=VECTOR('',#1687,8.28E1);
#1689=CARTESIAN_POINT('',(2.75E1,1.1E1,4.14E1));
#1690=LINE('',#1689,#1688);
#1691=CURVE_STYLE('',#62,POSITIVE_LENGTH_MEASURE(2.E-2),#34);
#1692=PRESENTATION_STYLE_ASSIGNMENT((#1691));
#1693=STYLED_ITEM('',(#1692),#1690);
#1694=DIRECTION('',(-1.E0,0.E0,0.E0));
#1695=VECTOR('',#1694,1.073067780098E0);
#1696=CARTESIAN_POINT('',(2.75E1,1.1E1,-4.14E1));
#1697=LINE('',#1696,#1695);
#1698=CURVE_STYLE('',#62,POSITIVE_LENGTH_MEASURE(2.E-2),#34);
#1699=PRESENTATION_STYLE_ASSIGNMENT((#1698));
#1700=STYLED_ITEM('',(#1699),#1697);
#1701=DIRECTION('',(0.E0,0.E0,1.E0));
#1702=VECTOR('',#1701,1.073067780098E0);
#1703=CARTESIAN_POINT('',(2.34E1,1.1E1,-4.55E1));
#1704=LINE('',#1703,#1702);
#1705=CURVE_STYLE('',#62,POSITIVE_LENGTH_MEASURE(2.E-2),#34);
#1706=PRESENTATION_STYLE_ASSIGNMENT((#1705));
#1707=STYLED_ITEM('',(#1706),#1704);
#1708=DIRECTION('',(-1.E0,0.E0,0.E0));
#1709=VECTOR('',#1708,4.68E1);
#1710=CARTESIAN_POINT('',(2.34E1,1.1E1,-4.55E1));
#1711=LINE('',#1710,#1709);
#1712=CURVE_STYLE('',#62,POSITIVE_LENGTH_MEASURE(2.E-2),#34);
#1713=PRESENTATION_STYLE_ASSIGNMENT((#1712));
#1714=STYLED_ITEM('',(#1713),#1711);
#1715=DIRECTION('',(0.E0,0.E0,1.E0));
#1716=VECTOR('',#1715,1.073067780098E0);
#1717=CARTESIAN_POINT('',(-2.34E1,1.1E1,-4.55E1));
#1718=LINE('',#1717,#1716);
#1719=CURVE_STYLE('',#62,POSITIVE_LENGTH_MEASURE(2.E-2),#34);
#1720=PRESENTATION_STYLE_ASSIGNMENT((#1719));
#1721=STYLED_ITEM('',(#1720),#1718);
#1722=DIRECTION('',(1.E0,0.E0,0.E0));
#1723=VECTOR('',#1722,1.073067780098E0);
#1724=CARTESIAN_POINT('',(-2.75E1,1.1E1,-4.14E1));
#1725=LINE('',#1724,#1723);
#1726=CURVE_STYLE('',#62,POSITIVE_LENGTH_MEASURE(2.E-2),#34);
#1727=PRESENTATION_STYLE_ASSIGNMENT((#1726));
#1728=STYLED_ITEM('',(#1727),#1725);
#1729=DIRECTION('',(0.E0,0.E0,1.E0));
#1730=VECTOR('',#1729,8.28E1);
#1731=CARTESIAN_POINT('',(-2.75E1,1.1E1,-4.14E1));
#1732=LINE('',#1731,#1730);
#1733=CURVE_STYLE('',#62,POSITIVE_LENGTH_MEASURE(2.E-2),#34);
#1734=PRESENTATION_STYLE_ASSIGNMENT((#1733));
#1735=STYLED_ITEM('',(#1734),#1732);
#1736=DIRECTION('',(0.E0,0.E0,-1.E0));
#1737=VECTOR('',#1736,1.073067780098E0);
#1738=CARTESIAN_POINT('',(2.46E1,1.1E1,4.55E1));
#1739=LINE('',#1738,#1737);
#1740=CURVE_STYLE('',#62,POSITIVE_LENGTH_MEASURE(2.E-2),#34);
#1741=PRESENTATION_STYLE_ASSIGNMENT((#1740));
#1742=STYLED_ITEM('',(#1741),#1739);
#1743=DIRECTION('',(1.E0,0.E0,0.E0));
#1744=VECTOR('',#1743,2.4E0);
#1745=CARTESIAN_POINT('',(2.46E1,1.1E1,4.55E1));
#1746=LINE('',#1745,#1744);
#1747=CURVE_STYLE('',#62,POSITIVE_LENGTH_MEASURE(2.E-2),#34);
#1748=PRESENTATION_STYLE_ASSIGNMENT((#1747));
#1749=STYLED_ITEM('',(#1748),#1746);
#1750=CARTESIAN_POINT('',(2.7E1,1.1E1,4.5E1));
#1751=DIRECTION('',(0.E0,1.E0,0.E0));
#1752=DIRECTION('',(0.E0,0.E0,1.E0));
#1753=AXIS2_PLACEMENT_3D('',#1750,#1751,#1752);
#1755=CURVE_STYLE('',#62,POSITIVE_LENGTH_MEASURE(2.E-2),#34);
#1756=PRESENTATION_STYLE_ASSIGNMENT((#1755));
#1757=STYLED_ITEM('',(#1756),#1754);
#1758=DIRECTION('',(0.E0,0.E0,-1.E0));
#1759=VECTOR('',#1758,2.4E0);
#1760=CARTESIAN_POINT('',(2.75E1,1.1E1,4.5E1));
#1761=LINE('',#1760,#1759);
#1762=CURVE_STYLE('',#62,POSITIVE_LENGTH_MEASURE(2.E-2),#34);
#1763=PRESENTATION_STYLE_ASSIGNMENT((#1762));
#1764=STYLED_ITEM('',(#1763),#1761);
#1765=DIRECTION('',(-1.E0,0.E0,0.E0));
#1766=VECTOR('',#1765,1.073067780098E0);
#1767=CARTESIAN_POINT('',(2.75E1,1.1E1,4.26E1));
#1768=LINE('',#1767,#1766);
#1769=CURVE_STYLE('',#62,POSITIVE_LENGTH_MEASURE(2.E-2),#34);
#1770=PRESENTATION_STYLE_ASSIGNMENT((#1769));
#1771=STYLED_ITEM('',(#1770),#1768);
#1772=CARTESIAN_POINT('',(2.4E1,1.1E1,4.2E1));
#1773=DIRECTION('',(0.E0,1.E0,0.E0));
#1774=DIRECTION('',(2.4E-1,0.E0,9.707728879609E-1));
#1775=AXIS2_PLACEMENT_3D('',#1772,#1773,#1774);
#1777=CURVE_STYLE('',#62,POSITIVE_LENGTH_MEASURE(2.E-2),#34);
#1778=PRESENTATION_STYLE_ASSIGNMENT((#1777));
#1779=STYLED_ITEM('',(#1778),#1776);
#1780=DIRECTION('',(0.E0,0.E0,1.E0));
#1781=VECTOR('',#1780,1.073067780098E0);
#1782=CARTESIAN_POINT('',(-2.46E1,1.1E1,-4.55E1));
#1783=LINE('',#1782,#1781);
#1784=CURVE_STYLE('',#62,POSITIVE_LENGTH_MEASURE(2.E-2),#34);
#1785=PRESENTATION_STYLE_ASSIGNMENT((#1784));
#1786=STYLED_ITEM('',(#1785),#1783);
#1787=DIRECTION('',(-1.E0,0.E0,0.E0));
#1788=VECTOR('',#1787,2.4E0);
#1789=CARTESIAN_POINT('',(-2.46E1,1.1E1,-4.55E1));
#1790=LINE('',#1789,#1788);
#1791=CURVE_STYLE('',#62,POSITIVE_LENGTH_MEASURE(2.E-2),#34);
#1792=PRESENTATION_STYLE_ASSIGNMENT((#1791));
#1793=STYLED_ITEM('',(#1792),#1790);
#1794=CARTESIAN_POINT('',(-2.7E1,1.1E1,-4.5E1));
#1795=DIRECTION('',(0.E0,1.E0,0.E0));
#1796=DIRECTION('',(0.E0,0.E0,-1.E0));
#1797=AXIS2_PLACEMENT_3D('',#1794,#1795,#1796);
#1799=CURVE_STYLE('',#62,POSITIVE_LENGTH_MEASURE(2.E-2),#34);
#1800=PRESENTATION_STYLE_ASSIGNMENT((#1799));
#1801=STYLED_ITEM('',(#1800),#1798);
#1802=DIRECTION('',(0.E0,0.E0,1.E0));
#1803=VECTOR('',#1802,2.4E0);
#1804=CARTESIAN_POINT('',(-2.75E1,1.1E1,-4.5E1));
#1805=LINE('',#1804,#1803);
#1806=CURVE_STYLE('',#62,POSITIVE_LENGTH_MEASURE(2.E-2),#34);
#1807=PRESENTATION_STYLE_ASSIGNMENT((#1806));
#1808=STYLED_ITEM('',(#1807),#1805);
#1809=DIRECTION('',(1.E0,0.E0,0.E0));
#1810=VECTOR('',#1809,1.073067780098E0);
#1811=CARTESIAN_POINT('',(-2.75E1,1.1E1,-4.26E1));
#1812=LINE('',#1811,#1810);
#1813=CURVE_STYLE('',#62,POSITIVE_LENGTH_MEASURE(2.E-2),#34);
#1814=PRESENTATION_STYLE_ASSIGNMENT((#1813));
#1815=STYLED_ITEM('',(#1814),#1812);
#1816=CARTESIAN_POINT('',(-2.4E1,1.1E1,-4.2E1));
#1817=DIRECTION('',(0.E0,1.E0,0.E0));
#1818=DIRECTION('',(-2.4E-1,0.E0,-9.707728879609E-1));
#1819=AXIS2_PLACEMENT_3D('',#1816,#1817,#1818);
#1821=CURVE_STYLE('',#62,POSITIVE_LENGTH_MEASURE(2.E-2),#34);
#1822=PRESENTATION_STYLE_ASSIGNMENT((#1821));
#1823=STYLED_ITEM('',(#1822),#1820);
#1824=DIRECTION('',(0.E0,0.E0,1.E0));
#1825=VECTOR('',#1824,1.073067780098E0);
#1826=CARTESIAN_POINT('',(2.46E1,1.1E1,-4.55E1));
#1827=LINE('',#1826,#1825);
#1828=CURVE_STYLE('',#62,POSITIVE_LENGTH_MEASURE(2.E-2),#34);
#1829=PRESENTATION_STYLE_ASSIGNMENT((#1828));
#1830=STYLED_ITEM('',(#1829),#1827);
#1831=CARTESIAN_POINT('',(2.4E1,1.1E1,-4.2E1));
#1832=DIRECTION('',(0.E0,1.E0,0.E0));
#1833=DIRECTION('',(9.707728879609E-1,0.E0,-2.4E-1));
#1834=AXIS2_PLACEMENT_3D('',#1831,#1832,#1833);
#1836=CURVE_STYLE('',#62,POSITIVE_LENGTH_MEASURE(2.E-2),#34);
#1837=PRESENTATION_STYLE_ASSIGNMENT((#1836));
#1838=STYLED_ITEM('',(#1837),#1835);
#1839=DIRECTION('',(-1.E0,0.E0,0.E0));
#1840=VECTOR('',#1839,1.073067780098E0);
#1841=CARTESIAN_POINT('',(2.75E1,1.1E1,-4.26E1));
#1842=LINE('',#1841,#1840);
#1843=CURVE_STYLE('',#62,POSITIVE_LENGTH_MEASURE(2.E-2),#34);
#1844=PRESENTATION_STYLE_ASSIGNMENT((#1843));
#1845=STYLED_ITEM('',(#1844),#1842);
#1846=DIRECTION('',(0.E0,0.E0,-1.E0));
#1847=VECTOR('',#1846,2.4E0);
#1848=CARTESIAN_POINT('',(2.75E1,1.1E1,-4.26E1));
#1849=LINE('',#1848,#1847);
#1850=CURVE_STYLE('',#62,POSITIVE_LENGTH_MEASURE(2.E-2),#34);
#1851=PRESENTATION_STYLE_ASSIGNMENT((#1850));
#1852=STYLED_ITEM('',(#1851),#1849);
#1853=CARTESIAN_POINT('',(2.7E1,1.1E1,-4.5E1));
#1854=DIRECTION('',(0.E0,1.E0,0.E0));
#1855=DIRECTION('',(1.E0,0.E0,0.E0));
#1856=AXIS2_PLACEMENT_3D('',#1853,#1854,#1855);
#1858=CURVE_STYLE('',#62,POSITIVE_LENGTH_MEASURE(2.E-2),#34);
#1859=PRESENTATION_STYLE_ASSIGNMENT((#1858));
#1860=STYLED_ITEM('',(#1859),#1857);
#1861=DIRECTION('',(-1.E0,0.E0,0.E0));
#1862=VECTOR('',#1861,2.4E0);
#1863=CARTESIAN_POINT('',(2.7E1,1.1E1,-4.55E1));
#1864=LINE('',#1863,#1862);
#1865=CURVE_STYLE('',#62,POSITIVE_LENGTH_MEASURE(2.E-2),#34);
#1866=PRESENTATION_STYLE_ASSIGNMENT((#1865));
#1867=STYLED_ITEM('',(#1866),#1864);
#1868=DIRECTION('',(0.E0,-1.E0,0.E0));
#1869=VECTOR('',#1868,1.15E1);
#1870=CARTESIAN_POINT('',(2.27E1,1.1E1,4.2E1));
#1871=LINE('',#1870,#1869);
#1872=CURVE_STYLE('',#62,POSITIVE_LENGTH_MEASURE(2.E-2),#34);
#1873=PRESENTATION_STYLE_ASSIGNMENT((#1872));
#1874=STYLED_ITEM('',(#1873),#1871);
#1875=DIRECTION('',(0.E0,1.E0,0.E0));
#1876=VECTOR('',#1875,1.15E1);
#1877=CARTESIAN_POINT('',(2.53E1,-5.E-1,4.2E1));
#1878=LINE('',#1877,#1876);
#1879=CURVE_STYLE('',#62,POSITIVE_LENGTH_MEASURE(2.E-2),#34);
#1880=PRESENTATION_STYLE_ASSIGNMENT((#1879));
#1881=STYLED_ITEM('',(#1880),#1878);
#1882=CARTESIAN_POINT('',(-2.4E1,-5.E-1,-4.2E1));
#1883=DIRECTION('',(0.E0,-1.E0,0.E0));
#1884=DIRECTION('',(1.E0,0.E0,0.E0));
#1885=AXIS2_PLACEMENT_3D('',#1882,#1883,#1884);
#1887=CURVE_STYLE('',#62,POSITIVE_LENGTH_MEASURE(2.E-2),#34);
#1888=PRESENTATION_STYLE_ASSIGNMENT((#1887));
#1889=STYLED_ITEM('',(#1888),#1886);
#1890=CARTESIAN_POINT('',(-2.4E1,-5.E-1,-4.2E1));
#1891=DIRECTION('',(0.E0,-1.E0,0.E0));
#1892=DIRECTION('',(-1.E0,0.E0,0.E0));
#1893=AXIS2_PLACEMENT_3D('',#1890,#1891,#1892);
#1895=CURVE_STYLE('',#62,POSITIVE_LENGTH_MEASURE(2.E-2),#34);
#1896=PRESENTATION_STYLE_ASSIGNMENT((#1895));
#1897=STYLED_ITEM('',(#1896),#1894);
#1898=CARTESIAN_POINT('',(2.4E1,-5.E-1,4.2E1));
#1899=DIRECTION('',(0.E0,-1.E0,0.E0));
#1900=DIRECTION('',(1.E0,0.E0,0.E0));
#1901=AXIS2_PLACEMENT_3D('',#1898,#1899,#1900);
#1903=CURVE_STYLE('',#62,POSITIVE_LENGTH_MEASURE(2.E-2),#34);
#1904=PRESENTATION_STYLE_ASSIGNMENT((#1903));
#1905=STYLED_ITEM('',(#1904),#1902);
#1906=CARTESIAN_POINT('',(2.4E1,-5.E-1,4.2E1));
#1907=DIRECTION('',(0.E0,-1.E0,0.E0));
#1908=DIRECTION('',(-1.E0,0.E0,0.E0));
#1909=AXIS2_PLACEMENT_3D('',#1906,#1907,#1908);
#1911=CURVE_STYLE('',#62,POSITIVE_LENGTH_MEASURE(2.E-2),#34);
#1912=PRESENTATION_STYLE_ASSIGNMENT((#1911));
#1913=STYLED_ITEM('',(#1912),#1910);
#1914=CARTESIAN_POINT('',(-2.4E1,-5.E-1,4.2E1));
#1915=DIRECTION('',(0.E0,-1.E0,0.E0));
#1916=DIRECTION('',(1.E0,0.E0,0.E0));
#1917=AXIS2_PLACEMENT_3D('',#1914,#1915,#1916);
#1919=CURVE_STYLE('',#62,POSITIVE_LENGTH_MEASURE(2.E-2),#34);
#1920=PRESENTATION_STYLE_ASSIGNMENT((#1919));
#1921=STYLED_ITEM('',(#1920),#1918);
#1922=CARTESIAN_POINT('',(-2.4E1,-5.E-1,4.2E1));
#1923=DIRECTION('',(0.E0,-1.E0,0.E0));
#1924=DIRECTION('',(-1.E0,0.E0,0.E0));
#1925=AXIS2_PLACEMENT_3D('',#1922,#1923,#1924);
#1927=CURVE_STYLE('',#62,POSITIVE_LENGTH_MEASURE(2.E-2),#34);
#1928=PRESENTATION_STYLE_ASSIGNMENT((#1927));
#1929=STYLED_ITEM('',(#1928),#1926);
#1930=CARTESIAN_POINT('',(-2.4E1,-5.E-1,4.2E1));
#1931=DIRECTION('',(0.E0,1.E0,0.E0));
#1932=DIRECTION('',(1.E0,0.E0,0.E0));
#1933=AXIS2_PLACEMENT_3D('',#1930,#1931,#1932);
#1935=CURVE_STYLE('',#62,POSITIVE_LENGTH_MEASURE(2.E-2),#34);
#1936=PRESENTATION_STYLE_ASSIGNMENT((#1935));
#1937=STYLED_ITEM('',(#1936),#1934);
#1938=CARTESIAN_POINT('',(-2.4E1,-5.E-1,4.2E1));
#1939=DIRECTION('',(0.E0,1.E0,0.E0));
#1940=DIRECTION('',(-1.E0,0.E0,0.E0));
#1941=AXIS2_PLACEMENT_3D('',#1938,#1939,#1940);
#1943=CURVE_STYLE('',#62,POSITIVE_LENGTH_MEASURE(2.E-2),#34);
#1944=PRESENTATION_STYLE_ASSIGNMENT((#1943));
#1945=STYLED_ITEM('',(#1944),#1942);
#1946=CARTESIAN_POINT('',(2.4E1,-5.E-1,4.2E1));
#1947=DIRECTION('',(0.E0,1.E0,0.E0));
#1948=DIRECTION('',(1.E0,0.E0,0.E0));
#1949=AXIS2_PLACEMENT_3D('',#1946,#1947,#1948);
#1951=CURVE_STYLE('',#62,POSITIVE_LENGTH_MEASURE(2.E-2),#34);
#1952=PRESENTATION_STYLE_ASSIGNMENT((#1951));
#1953=STYLED_ITEM('',(#1952),#1950);
#1954=CARTESIAN_POINT('',(2.4E1,-5.E-1,4.2E1));
#1955=DIRECTION('',(0.E0,1.E0,0.E0));
#1956=DIRECTION('',(-1.E0,0.E0,0.E0));
#1957=AXIS2_PLACEMENT_3D('',#1954,#1955,#1956);
#1959=CURVE_STYLE('',#62,POSITIVE_LENGTH_MEASURE(2.E-2),#34);
#1960=PRESENTATION_STYLE_ASSIGNMENT((#1959));
#1961=STYLED_ITEM('',(#1960),#1958);
#1962=CARTESIAN_POINT('',(-2.4E1,-5.E-1,-4.2E1));
#1963=DIRECTION('',(0.E0,1.E0,0.E0));
#1964=DIRECTION('',(1.E0,0.E0,0.E0));
#1965=AXIS2_PLACEMENT_3D('',#1962,#1963,#1964);
#1967=CURVE_STYLE('',#62,POSITIVE_LENGTH_MEASURE(2.E-2),#34);
#1968=PRESENTATION_STYLE_ASSIGNMENT((#1967));
#1969=STYLED_ITEM('',(#1968),#1966);
#1970=CARTESIAN_POINT('',(-2.4E1,-5.E-1,-4.2E1));
#1971=DIRECTION('',(0.E0,1.E0,0.E0));
#1972=DIRECTION('',(-1.E0,0.E0,0.E0));
#1973=AXIS2_PLACEMENT_3D('',#1970,#1971,#1972);
#1975=CURVE_STYLE('',#62,POSITIVE_LENGTH_MEASURE(2.E-2),#34);
#1976=PRESENTATION_STYLE_ASSIGNMENT((#1975));
#1977=STYLED_ITEM('',(#1976),#1974);
#1978=DIRECTION('',(0.E0,-1.E0,0.E0));
#1979=VECTOR('',#1978,5.E-1);
#1980=CARTESIAN_POINT('',(-2.24E1,0.E0,-4.2E1));
#1981=LINE('',#1980,#1979);
#1982=CURVE_STYLE('',#62,POSITIVE_LENGTH_MEASURE(2.E-2),#34);
#1983=PRESENTATION_STYLE_ASSIGNMENT((#1982));
#1984=STYLED_ITEM('',(#1983),#1981);
#1985=DIRECTION('',(0.E0,-1.E0,0.E0));
#1986=VECTOR('',#1985,5.E-1);
#1987=CARTESIAN_POINT('',(-2.56E1,0.E0,-4.2E1));
#1988=LINE('',#1987,#1986);
#1989=CURVE_STYLE('',#62,POSITIVE_LENGTH_MEASURE(2.E-2),#34);
#1990=PRESENTATION_STYLE_ASSIGNMENT((#1989));
#1991=STYLED_ITEM('',(#1990),#1988);
#1992=DIRECTION('',(0.E0,-1.E0,0.E0));
#1993=VECTOR('',#1992,5.E-1);
#1994=CARTESIAN_POINT('',(2.56E1,0.E0,4.2E1));
#1995=LINE('',#1994,#1993);
#1996=CURVE_STYLE('',#62,POSITIVE_LENGTH_MEASURE(2.E-2),#34);
#1997=PRESENTATION_STYLE_ASSIGNMENT((#1996));
#1998=STYLED_ITEM('',(#1997),#1995);
#1999=DIRECTION('',(0.E0,-1.E0,0.E0));
#2000=VECTOR('',#1999,5.E-1);
#2001=CARTESIAN_POINT('',(2.24E1,0.E0,4.2E1));
#2002=LINE('',#2001,#2000);
#2003=CURVE_STYLE('',#62,POSITIVE_LENGTH_MEASURE(2.E-2),#34);
#2004=PRESENTATION_STYLE_ASSIGNMENT((#2003));
#2005=STYLED_ITEM('',(#2004),#2002);
#2006=DIRECTION('',(0.E0,-1.E0,0.E0));
#2007=VECTOR('',#2006,5.E-1);
#2008=CARTESIAN_POINT('',(-2.24E1,0.E0,4.2E1));
#2009=LINE('',#2008,#2007);
#2010=CURVE_STYLE('',#62,POSITIVE_LENGTH_MEASURE(2.E-2),#34);
#2011=PRESENTATION_STYLE_ASSIGNMENT((#2010));
#2012=STYLED_ITEM('',(#2011),#2009);
#2013=DIRECTION('',(0.E0,-1.E0,0.E0));
#2014=VECTOR('',#2013,5.E-1);
#2015=CARTESIAN_POINT('',(-2.56E1,0.E0,4.2E1));
#2016=LINE('',#2015,#2014);
#2017=CURVE_STYLE('',#62,POSITIVE_LENGTH_MEASURE(2.E-2),#34);
#2018=PRESENTATION_STYLE_ASSIGNMENT((#2017));
#2019=STYLED_ITEM('',(#2018),#2016);
#2020=DIRECTION('',(0.E0,-1.E0,0.E0));
#2021=VECTOR('',#2020,1.15E1);
#2022=CARTESIAN_POINT('',(-2.53E1,1.1E1,4.2E1));
#2023=LINE('',#2022,#2021);
#2024=CURVE_STYLE('',#62,POSITIVE_LENGTH_MEASURE(2.E-2),#34);
#2025=PRESENTATION_STYLE_ASSIGNMENT((#2024));
#2026=STYLED_ITEM('',(#2025),#2023);
#2027=DIRECTION('',(0.E0,1.E0,0.E0));
#2028=VECTOR('',#2027,1.15E1);
#2029=CARTESIAN_POINT('',(-2.27E1,-5.E-1,4.2E1));
#2030=LINE('',#2029,#2028);
#2031=CURVE_STYLE('',#62,POSITIVE_LENGTH_MEASURE(2.E-2),#34);
#2032=PRESENTATION_STYLE_ASSIGNMENT((#2031));
#2033=STYLED_ITEM('',(#2032),#2030);
#2034=DIRECTION('',(0.E0,-1.E0,0.E0));
#2035=VECTOR('',#2034,1.15E1);
#2036=CARTESIAN_POINT('',(-2.53E1,1.1E1,-4.2E1));
#2037=LINE('',#2036,#2035);
#2038=CURVE_STYLE('',#62,POSITIVE_LENGTH_MEASURE(2.E-2),#34);
#2039=PRESENTATION_STYLE_ASSIGNMENT((#2038));
#2040=STYLED_ITEM('',(#2039),#2037);
#2041=DIRECTION('',(0.E0,1.E0,0.E0));
#2042=VECTOR('',#2041,1.15E1);
#2043=CARTESIAN_POINT('',(-2.27E1,-5.E-1,-4.2E1));
#2044=LINE('',#2043,#2042);
#2045=CURVE_STYLE('',#62,POSITIVE_LENGTH_MEASURE(2.E-2),#34);
#2046=PRESENTATION_STYLE_ASSIGNMENT((#2045));
#2047=STYLED_ITEM('',(#2046),#2044);
#2048=DIRECTION('',(0.E0,1.E0,0.E0));
#2049=VECTOR('',#2048,1.1E1);
#2050=CARTESIAN_POINT('',(2.53E1,0.E0,-4.2E1));
#2051=LINE('',#2050,#2049);
#2052=CURVE_STYLE('',#62,POSITIVE_LENGTH_MEASURE(2.E-2),#34);
#2053=PRESENTATION_STYLE_ASSIGNMENT((#2052));
#2054=STYLED_ITEM('',(#2053),#2051);
#2055=DIRECTION('',(0.E0,-1.E0,0.E0));
#2056=VECTOR('',#2055,6.E0);
#2057=CARTESIAN_POINT('',(-9.881765520913E0,1.1E1,3.109999815518E1));
#2058=LINE('',#2057,#2056);
#2059=CURVE_STYLE('',#62,POSITIVE_LENGTH_MEASURE(2.E-2),#34);
#2060=PRESENTATION_STYLE_ASSIGNMENT((#2059));
#2061=STYLED_ITEM('',(#2060),#2058);
#2062=DIRECTION('',(0.E0,-1.E0,0.E0));
#2063=VECTOR('',#2062,6.E0);
#2064=CARTESIAN_POINT('',(-9.881765520913E0,1.1E1,3.809999815518E1));
#2065=LINE('',#2064,#2063);
#2066=CURVE_STYLE('',#62,POSITIVE_LENGTH_MEASURE(2.E-2),#34);
#2067=PRESENTATION_STYLE_ASSIGNMENT((#2066));
#2068=STYLED_ITEM('',(#2067),#2065);
#2069=CARTESIAN_POINT('',(-9.881765520913E0,5.E0,3.459999815518E1));
#2070=DIRECTION('',(0.E0,1.E0,0.E0));
#2071=DIRECTION('',(0.E0,0.E0,-1.E0));
#2072=AXIS2_PLACEMENT_3D('',#2069,#2070,#2071);
#2074=CURVE_STYLE('',#62,POSITIVE_LENGTH_MEASURE(2.E-2),#34);
#2075=PRESENTATION_STYLE_ASSIGNMENT((#2074));
#2076=STYLED_ITEM('',(#2075),#2073);
#2077=CARTESIAN_POINT('',(-9.881765520913E0,5.E0,3.459999815518E1));
#2078=DIRECTION('',(0.E0,1.E0,0.E0));
#2079=DIRECTION('',(0.E0,0.E0,1.E0));
#2080=AXIS2_PLACEMENT_3D('',#2077,#2078,#2079);
#2082=CURVE_STYLE('',#62,POSITIVE_LENGTH_MEASURE(2.E-2),#34);
#2083=PRESENTATION_STYLE_ASSIGNMENT((#2082));
#2084=STYLED_ITEM('',(#2083),#2081);
#2085=CARTESIAN_POINT('',(-9.881765520913E0,5.E0,3.459999815518E1));
#2086=DIRECTION('',(0.E0,-1.E0,0.E0));
#2087=DIRECTION('',(0.E0,0.E0,-1.E0));
#2088=AXIS2_PLACEMENT_3D('',#2085,#2086,#2087);
#2090=CURVE_STYLE('',#62,POSITIVE_LENGTH_MEASURE(2.E-2),#34);
#2091=PRESENTATION_STYLE_ASSIGNMENT((#2090));
#2092=STYLED_ITEM('',(#2091),#2089);
#2093=CARTESIAN_POINT('',(-9.881765520913E0,5.E0,3.459999815518E1));
#2094=DIRECTION('',(0.E0,-1.E0,0.E0));
#2095=DIRECTION('',(0.E0,0.E0,1.E0));
#2096=AXIS2_PLACEMENT_3D('',#2093,#2094,#2095);
#2098=CURVE_STYLE('',#62,POSITIVE_LENGTH_MEASURE(2.E-2),#34);
#2099=PRESENTATION_STYLE_ASSIGNMENT((#2098));
#2100=STYLED_ITEM('',(#2099),#2097);
#2101=CARTESIAN_POINT('',(8.118234479087E0,5.E0,3.459999815518E1));
#2102=DIRECTION('',(0.E0,-1.E0,0.E0));
#2103=DIRECTION('',(0.E0,0.E0,-1.E0));
#2104=AXIS2_PLACEMENT_3D('',#2101,#2102,#2103);
#2106=CURVE_STYLE('',#62,POSITIVE_LENGTH_MEASURE(2.E-2),#34);
#2107=PRESENTATION_STYLE_ASSIGNMENT((#2106));
#2108=STYLED_ITEM('',(#2107),#2105);
#2109=CARTESIAN_POINT('',(8.118234479087E0,5.E0,3.459999815518E1));
#2110=DIRECTION('',(0.E0,-1.E0,0.E0));
#2111=DIRECTION('',(0.E0,0.E0,1.E0));
#2112=AXIS2_PLACEMENT_3D('',#2109,#2110,#2111);
#2114=CURVE_STYLE('',#62,POSITIVE_LENGTH_MEASURE(2.E-2),#34);
#2115=PRESENTATION_STYLE_ASSIGNMENT((#2114));
#2116=STYLED_ITEM('',(#2115),#2113);
#2117=CARTESIAN_POINT('',(8.118234479087E0,5.E0,3.459999815518E1));
#2118=DIRECTION('',(0.E0,1.E0,0.E0));
#2119=DIRECTION('',(0.E0,0.E0,-1.E0));
#2120=AXIS2_PLACEMENT_3D('',#2117,#2118,#2119);
#2122=CURVE_STYLE('',#62,POSITIVE_LENGTH_MEASURE(2.E-2),#34);
#2123=PRESENTATION_STYLE_ASSIGNMENT((#2122));
#2124=STYLED_ITEM('',(#2123),#2121);
#2125=CARTESIAN_POINT('',(8.118234479087E0,5.E0,3.459999815518E1));
#2126=DIRECTION('',(0.E0,1.E0,0.E0));
#2127=DIRECTION('',(0.E0,0.E0,1.E0));
#2128=AXIS2_PLACEMENT_3D('',#2125,#2126,#2127);
#2130=CURVE_STYLE('',#62,POSITIVE_LENGTH_MEASURE(2.E-2),#34);
#2131=PRESENTATION_STYLE_ASSIGNMENT((#2130));
#2132=STYLED_ITEM('',(#2131),#2129);
#2133=CARTESIAN_POINT('',(2.196823447909E1,5.E0,3.459999815518E1));
#2134=DIRECTION('',(0.E0,1.E0,0.E0));
#2135=DIRECTION('',(0.E0,0.E0,-1.E0));
#2136=AXIS2_PLACEMENT_3D('',#2133,#2134,#2135);
#2138=CURVE_STYLE('',#62,POSITIVE_LENGTH_MEASURE(2.E-2),#34);
#2139=PRESENTATION_STYLE_ASSIGNMENT((#2138));
#2140=STYLED_ITEM('',(#2139),#2137);
#2141=CARTESIAN_POINT('',(2.196823447909E1,5.E0,3.459999815518E1));
#2142=DIRECTION('',(0.E0,1.E0,0.E0));
#2143=DIRECTION('',(0.E0,0.E0,1.E0));
#2144=AXIS2_PLACEMENT_3D('',#2141,#2142,#2143);
#2146=CURVE_STYLE('',#62,POSITIVE_LENGTH_MEASURE(2.E-2),#34);
#2147=PRESENTATION_STYLE_ASSIGNMENT((#2146));
#2148=STYLED_ITEM('',(#2147),#2145);
#2149=CARTESIAN_POINT('',(2.196823447909E1,5.E0,3.459999815518E1));
#2150=DIRECTION('',(0.E0,-1.E0,0.E0));
#2151=DIRECTION('',(0.E0,0.E0,-1.E0));
#2152=AXIS2_PLACEMENT_3D('',#2149,#2150,#2151);
#2154=CURVE_STYLE('',#62,POSITIVE_LENGTH_MEASURE(2.E-2),#34);
#2155=PRESENTATION_STYLE_ASSIGNMENT((#2154));
#2156=STYLED_ITEM('',(#2155),#2153);
#2157=CARTESIAN_POINT('',(2.196823447909E1,5.E0,3.459999815518E1));
#2158=DIRECTION('',(0.E0,-1.E0,0.E0));
#2159=DIRECTION('',(0.E0,0.E0,1.E0));
#2160=AXIS2_PLACEMENT_3D('',#2157,#2158,#2159);
#2162=CURVE_STYLE('',#62,POSITIVE_LENGTH_MEASURE(2.E-2),#34);
#2163=PRESENTATION_STYLE_ASSIGNMENT((#2162));
#2164=STYLED_ITEM('',(#2163),#2161);
#2165=CARTESIAN_POINT('',(-9.881765520913E0,1.1E1,3.459999815518E1));
#2166=DIRECTION('',(0.E0,1.E0,0.E0));
#2167=DIRECTION('',(0.E0,0.E0,-1.E0));
#2168=AXIS2_PLACEMENT_3D('',#2165,#2166,#2167);
#2170=CURVE_STYLE('',#62,POSITIVE_LENGTH_MEASURE(2.E-2),#34);
#2171=PRESENTATION_STYLE_ASSIGNMENT((#2170));
#2172=STYLED_ITEM('',(#2171),#2169);
#2173=DIRECTION('',(-2.461284003129E-8,-1.E0,-1.261844553179E-9));
#2174=VECTOR('',#2173,6.000000007571E0);
#2175=CARTESIAN_POINT('',(-9.881765373236E0,1.100000000757E1,3.209999816275E1));
#2176=LINE('',#2175,#2174);
#2177=CURVE_STYLE('',#62,POSITIVE_LENGTH_MEASURE(2.E-2),#34);
#2178=PRESENTATION_STYLE_ASSIGNMENT((#2177));
#2179=STYLED_ITEM('',(#2178),#2176);
#2180=CARTESIAN_POINT('',(-9.881765520913E0,1.220710678119E1,3.459999815518E1));
#2181=DIRECTION('',(0.E0,1.E0,0.E0));
#2182=DIRECTION('',(1.181416353898E-7,0.E0,-1.E0));
#2183=AXIS2_PLACEMENT_3D('',#2180,#2181,#2182);
#2185=CURVE_STYLE('',#62,POSITIVE_LENGTH_MEASURE(2.E-2),#34);
#2186=PRESENTATION_STYLE_ASSIGNMENT((#2185));
#2187=STYLED_ITEM('',(#2186),#2184);
#2188=DIRECTION('',(-1.952253570856E-8,7.071067811866E-1,7.071067811865E-1));
#2189=VECTOR('',#2188,1.707106782373E0);
#2190=CARTESIAN_POINT('',(-9.881765373236E0,1.100000000757E1,3.209999816275E1));
#2191=LINE('',#2190,#2189);
#2192=CURVE_STYLE('',#62,POSITIVE_LENGTH_MEASURE(2.E-2),#34);
#2193=PRESENTATION_STYLE_ASSIGNMENT((#2192));
#2194=STYLED_ITEM('',(#2193),#2191);
#2195=CARTESIAN_POINT('',(-9.881765519519E0,1.15E1,3.401421171755E1));
#2196=DIRECTION('',(-1.E0,0.E0,-2.379032817967E-9));
#2197=DIRECTION('',(0.E0,1.E0,0.E0));
#2198=AXIS2_PLACEMENT_3D('',#2195,#2196,#2197);
#2200=CURVE_STYLE('',#62,POSITIVE_LENGTH_MEASURE(2.E-2),#34);
#2201=PRESENTATION_STYLE_ASSIGNMENT((#2200));
#2202=STYLED_ITEM('',(#2201),#2199);
#2203=CARTESIAN_POINT('',(2.196823447909E1,1.25E1,3.459999815518E1));
#2204=DIRECTION('',(0.E0,1.E0,0.E0));
#2205=DIRECTION('',(-2.801966065065E-11,0.E0,-1.E0));
#2206=AXIS2_PLACEMENT_3D('',#2203,#2204,#2205);
#2208=CURVE_STYLE('',#62,POSITIVE_LENGTH_MEASURE(2.E-2),#34);
#2209=PRESENTATION_STYLE_ASSIGNMENT((#2208));
#2210=STYLED_ITEM('',(#2209),#2207);
#2211=CARTESIAN_POINT('',(2.196823447909E1,1.25E1,3.459999815518E1));
#2212=DIRECTION('',(0.E0,1.E0,0.E0));
#2213=DIRECTION('',(2.802572551226E-11,0.E0,1.E0));
#2214=AXIS2_PLACEMENT_3D('',#2211,#2212,#2213);
#2216=CURVE_STYLE('',#62,POSITIVE_LENGTH_MEASURE(2.E-2),#34);
#2217=PRESENTATION_STYLE_ASSIGNMENT((#2216));
#2218=STYLED_ITEM('',(#2217),#2215);
#2219=CARTESIAN_POINT('',(8.118234479087E0,1.25E1,3.459999815518E1));
#2220=DIRECTION('',(0.E0,1.E0,0.E0));
#2221=DIRECTION('',(-2.801662821984E-11,0.E0,-1.E0));
#2222=AXIS2_PLACEMENT_3D('',#2219,#2220,#2221);
#2224=CURVE_STYLE('',#62,POSITIVE_LENGTH_MEASURE(2.E-2),#34);
#2225=PRESENTATION_STYLE_ASSIGNMENT((#2224));
#2226=STYLED_ITEM('',(#2225),#2223);
#2227=CARTESIAN_POINT('',(8.118234479087E0,1.25E1,3.459999815518E1));
#2228=DIRECTION('',(0.E0,1.E0,0.E0));
#2229=DIRECTION('',(2.798327148097E-11,0.E0,1.E0));
#2230=AXIS2_PLACEMENT_3D('',#2227,#2228,#2229);
#2232=CURVE_STYLE('',#62,POSITIVE_LENGTH_MEASURE(2.E-2),#34);
#2233=PRESENTATION_STYLE_ASSIGNMENT((#2232));
#2234=STYLED_ITEM('',(#2233),#2231);
#2235=CARTESIAN_POINT('',(-9.881765520913E0,1.25E1,3.459999815518E1));
#2236=DIRECTION('',(0.E0,1.E0,0.E0));
#2237=DIRECTION('',(-2.798023905017E-11,0.E0,-1.E0));
#2238=AXIS2_PLACEMENT_3D('',#2235,#2236,#2237);
#2240=CURVE_STYLE('',#62,POSITIVE_LENGTH_MEASURE(2.E-2),#34);
#2241=PRESENTATION_STYLE_ASSIGNMENT((#2240));
#2242=STYLED_ITEM('',(#2241),#2239);
#2243=CARTESIAN_POINT('',(-9.881765520913E0,1.25E1,3.459999815518E1));
#2244=DIRECTION('',(0.E0,1.E0,0.E0));
#2245=DIRECTION('',(2.801662821984E-11,0.E0,1.E0));
#2246=AXIS2_PLACEMENT_3D('',#2243,#2244,#2245);
#2248=CURVE_STYLE('',#62,POSITIVE_LENGTH_MEASURE(2.E-2),#34);
#2249=PRESENTATION_STYLE_ASSIGNMENT((#2248));
#2250=STYLED_ITEM('',(#2249),#2247);
#2251=CARTESIAN_POINT('',(2.196823448048E1,1.15E1,3.401421171755E1));
#2252=DIRECTION('',(-1.E0,0.E0,-2.379034663713E-9));
#2253=DIRECTION('',(0.E0,1.E0,0.E0));
#2254=AXIS2_PLACEMENT_3D('',#2251,#2252,#2253);
#2256=CURVE_STYLE('',#62,POSITIVE_LENGTH_MEASURE(2.E-2),#34);
#2257=PRESENTATION_STYLE_ASSIGNMENT((#2256));
#2258=STYLED_ITEM('',(#2257),#2255);
#2259=CARTESIAN_POINT('',(2.196823447769E1,1.15E1,3.518578459280E1));
#2260=DIRECTION('',(1.E0,0.E0,2.379026184385E-9));
#2261=DIRECTION('',(0.E0,1.E0,-1.421085471520E-14));
#2262=AXIS2_PLACEMENT_3D('',#2259,#2260,#2261);
#2264=CURVE_STYLE('',#62,POSITIVE_LENGTH_MEASURE(2.E-2),#34);
#2265=PRESENTATION_STYLE_ASSIGNMENT((#2264));
#2266=STYLED_ITEM('',(#2265),#2263);
#2267=CARTESIAN_POINT('',(2.196823447909E1,1.220710678119E1,3.459999815518E1));
#2268=DIRECTION('',(0.E0,1.E0,0.E0));
#2269=DIRECTION('',(-1.181416326420E-7,0.E0,1.E0));
#2270=AXIS2_PLACEMENT_3D('',#2267,#2268,#2269);
#2272=CURVE_STYLE('',#62,POSITIVE_LENGTH_MEASURE(2.E-2),#34);
#2273=PRESENTATION_STYLE_ASSIGNMENT((#2272));
#2274=STYLED_ITEM('',(#2273),#2271);
#2275=DIRECTION('',(1.952254091139E-8,7.071067811866E-1,-7.071067811865E-1));
#2276=VECTOR('',#2275,1.707106782373E0);
#2277=CARTESIAN_POINT('',(2.196823433141E1,1.100000000757E1,3.709999814760E1));
#2278=LINE('',#2277,#2276);
#2279=CURVE_STYLE('',#62,POSITIVE_LENGTH_MEASURE(2.E-2),#34);
#2280=PRESENTATION_STYLE_ASSIGNMENT((#2279));
#2281=STYLED_ITEM('',(#2280),#2278);
#2282=CARTESIAN_POINT('',(2.196823447909E1,1.220710678119E1,3.459999815518E1));
#2283=DIRECTION('',(0.E0,1.E0,0.E0));
#2284=DIRECTION('',(1.181416326420E-7,0.E0,-1.E0));
#2285=AXIS2_PLACEMENT_3D('',#2282,#2283,#2284);
#2287=CURVE_STYLE('',#62,POSITIVE_LENGTH_MEASURE(2.E-2),#34);
#2288=PRESENTATION_STYLE_ASSIGNMENT((#2287));
#2289=STYLED_ITEM('',(#2288),#2286);
#2290=DIRECTION('',(-1.952253674912E-8,7.071067811866E-1,7.071067811865E-1));
#2291=VECTOR('',#2290,1.707106782373E0);
#2292=CARTESIAN_POINT('',(2.196823462676E1,1.100000000757E1,3.209999816275E1));
#2293=LINE('',#2292,#2291);
#2294=CURVE_STYLE('',#62,POSITIVE_LENGTH_MEASURE(2.E-2),#34);
#2295=PRESENTATION_STYLE_ASSIGNMENT((#2294));
#2296=STYLED_ITEM('',(#2295),#2293);
#2297=CARTESIAN_POINT('',(2.196823447909E1,1.1E1,3.459999815518E1));
#2298=DIRECTION('',(0.E0,1.E0,0.E0));
#2299=DIRECTION('',(0.E0,0.E0,-1.E0));
#2300=AXIS2_PLACEMENT_3D('',#2297,#2298,#2299);
#2302=CURVE_STYLE('',#62,POSITIVE_LENGTH_MEASURE(2.E-2),#34);
#2303=PRESENTATION_STYLE_ASSIGNMENT((#2302));
#2304=STYLED_ITEM('',(#2303),#2301);
#2305=DIRECTION('',(-2.461284032735E-8,-1.E0,-1.261845737417E-9));
#2306=VECTOR('',#2305,6.000000007571E0);
#2307=CARTESIAN_POINT('',(2.196823462676E1,1.100000000757E1,3.209999816275E1));
#2308=LINE('',#2307,#2306);
#2309=CURVE_STYLE('',#62,POSITIVE_LENGTH_MEASURE(2.E-2),#34);
#2310=PRESENTATION_STYLE_ASSIGNMENT((#2309));
#2311=STYLED_ITEM('',(#2310),#2308);
#2312=CARTESIAN_POINT('',(2.196823447909E1,1.1E1,3.459999815518E1));
#2313=DIRECTION('',(0.E0,1.E0,0.E0));
#2314=DIRECTION('',(0.E0,0.E0,1.E0));
#2315=AXIS2_PLACEMENT_3D('',#2312,#2313,#2314);
#2317=CURVE_STYLE('',#62,POSITIVE_LENGTH_MEASURE(2.E-2),#34);
#2318=PRESENTATION_STYLE_ASSIGNMENT((#2317));
#2319=STYLED_ITEM('',(#2318),#2316);
#2320=DIRECTION('',(2.461284032735E-8,-1.E0,1.261845737417E-9));
#2321=VECTOR('',#2320,6.000000007571E0);
#2322=CARTESIAN_POINT('',(2.196823433141E1,1.100000000757E1,3.709999814760E1));
#2323=LINE('',#2322,#2321);
#2324=CURVE_STYLE('',#62,POSITIVE_LENGTH_MEASURE(2.E-2),#34);
#2325=PRESENTATION_STYLE_ASSIGNMENT((#2324));
#2326=STYLED_ITEM('',(#2325),#2323);
#2327=CARTESIAN_POINT('',(8.118234480481E0,1.15E1,3.401421171755E1));
#2328=DIRECTION('',(-1.E0,0.E0,-2.379030916710E-9));
#2329=DIRECTION('',(0.E0,1.E0,0.E0));
#2330=AXIS2_PLACEMENT_3D('',#2327,#2328,#2329);
#2332=CURVE_STYLE('',#62,POSITIVE_LENGTH_MEASURE(2.E-2),#34);
#2333=PRESENTATION_STYLE_ASSIGNMENT((#2332));
#2334=STYLED_ITEM('',(#2333),#2331);
#2335=CARTESIAN_POINT('',(8.118234477694E0,1.15E1,3.518578459280E1));
#2336=DIRECTION('',(1.E0,0.E0,2.379031249777E-9));
#2337=DIRECTION('',(0.E0,1.E0,-1.421085471520E-14));
#2338=AXIS2_PLACEMENT_3D('',#2335,#2336,#2337);
#2340=CURVE_STYLE('',#62,POSITIVE_LENGTH_MEASURE(2.E-2),#34);
#2341=PRESENTATION_STYLE_ASSIGNMENT((#2340));
#2342=STYLED_ITEM('',(#2341),#2339);
#2343=CARTESIAN_POINT('',(8.118234479087E0,1.220710678119E1,3.459999815518E1));
#2344=DIRECTION('',(0.E0,1.E0,0.E0));
#2345=DIRECTION('',(-1.181416326420E-7,0.E0,1.E0));
#2346=AXIS2_PLACEMENT_3D('',#2343,#2344,#2345);
#2348=CURVE_STYLE('',#62,POSITIVE_LENGTH_MEASURE(2.E-2),#34);
#2349=PRESENTATION_STYLE_ASSIGNMENT((#2348));
#2350=STYLED_ITEM('',(#2349),#2347);
#2351=DIRECTION('',(1.952253570856E-8,7.071067811866E-1,-7.071067811865E-1));
#2352=VECTOR('',#2351,1.707106782373E0);
#2353=CARTESIAN_POINT('',(8.118234331410E0,1.100000000757E1,3.709999814760E1));
#2354=LINE('',#2353,#2352);
#2355=CURVE_STYLE('',#62,POSITIVE_LENGTH_MEASURE(2.E-2),#34);
#2356=PRESENTATION_STYLE_ASSIGNMENT((#2355));
#2357=STYLED_ITEM('',(#2356),#2354);
#2358=CARTESIAN_POINT('',(8.118234479087E0,1.220710678119E1,3.459999815518E1));
#2359=DIRECTION('',(0.E0,1.E0,0.E0));
#2360=DIRECTION('',(1.181416353898E-7,0.E0,-1.E0));
#2361=AXIS2_PLACEMENT_3D('',#2358,#2359,#2360);
#2363=CURVE_STYLE('',#62,POSITIVE_LENGTH_MEASURE(2.E-2),#34);
#2364=PRESENTATION_STYLE_ASSIGNMENT((#2363));
#2365=STYLED_ITEM('',(#2364),#2362);
#2366=DIRECTION('',(-1.952253466799E-8,7.071067811866E-1,7.071067811865E-1));
#2367=VECTOR('',#2366,1.707106782373E0);
#2368=CARTESIAN_POINT('',(8.118234626764E0,1.100000000757E1,3.209999816275E1));
#2369=LINE('',#2368,#2367);
#2370=CURVE_STYLE('',#62,POSITIVE_LENGTH_MEASURE(2.E-2),#34);
#2371=PRESENTATION_STYLE_ASSIGNMENT((#2370));
#2372=STYLED_ITEM('',(#2371),#2369);
#2373=CARTESIAN_POINT('',(8.118234479087E0,1.1E1,3.459999815518E1));
#2374=DIRECTION('',(0.E0,1.E0,0.E0));
#2375=DIRECTION('',(0.E0,0.E0,-1.E0));
#2376=AXIS2_PLACEMENT_3D('',#2373,#2374,#2375);
#2378=CURVE_STYLE('',#62,POSITIVE_LENGTH_MEASURE(2.E-2),#34);
#2379=PRESENTATION_STYLE_ASSIGNMENT((#2378));
#2380=STYLED_ITEM('',(#2379),#2377);
#2381=DIRECTION('',(-2.461284032735E-8,-1.E0,-1.261844553179E-9));
#2382=VECTOR('',#2381,6.000000007571E0);
#2383=CARTESIAN_POINT('',(8.118234626764E0,1.100000000757E1,3.209999816275E1));
#2384=LINE('',#2383,#2382);
#2385=CURVE_STYLE('',#62,POSITIVE_LENGTH_MEASURE(2.E-2),#34);
#2386=PRESENTATION_STYLE_ASSIGNMENT((#2385));
#2387=STYLED_ITEM('',(#2386),#2384);
#2388=CARTESIAN_POINT('',(8.118234479087E0,1.1E1,3.459999815518E1));
#2389=DIRECTION('',(0.E0,1.E0,0.E0));
#2390=DIRECTION('',(0.E0,0.E0,1.E0));
#2391=AXIS2_PLACEMENT_3D('',#2388,#2389,#2390);
#2393=CURVE_STYLE('',#62,POSITIVE_LENGTH_MEASURE(2.E-2),#34);
#2394=PRESENTATION_STYLE_ASSIGNMENT((#2393));
#2395=STYLED_ITEM('',(#2394),#2392);
#2396=DIRECTION('',(2.461283973523E-8,-1.E0,1.261844553179E-9));
#2397=VECTOR('',#2396,6.000000007571E0);
#2398=CARTESIAN_POINT('',(8.118234331410E0,1.100000000757E1,3.709999814760E1));
#2399=LINE('',#2398,#2397);
#2400=CURVE_STYLE('',#62,POSITIVE_LENGTH_MEASURE(2.E-2),#34);
#2401=PRESENTATION_STYLE_ASSIGNMENT((#2400));
#2402=STYLED_ITEM('',(#2401),#2399);
#2403=CARTESIAN_POINT('',(-9.881765522306E0,1.15E1,3.518578459280E1));
#2404=DIRECTION('',(1.E0,0.E0,2.379030791810E-9));
#2405=DIRECTION('',(0.E0,1.E0,0.E0));
#2406=AXIS2_PLACEMENT_3D('',#2403,#2404,#2405);
#2408=CURVE_STYLE('',#62,POSITIVE_LENGTH_MEASURE(2.E-2),#34);
#2409=PRESENTATION_STYLE_ASSIGNMENT((#2408));
#2410=STYLED_ITEM('',(#2409),#2407);
#2411=CARTESIAN_POINT('',(-9.881765520913E0,1.220710678119E1,3.459999815518E1));
#2412=DIRECTION('',(0.E0,1.E0,0.E0));
#2413=DIRECTION('',(-1.181416340159E-7,0.E0,1.E0));
#2414=AXIS2_PLACEMENT_3D('',#2411,#2412,#2413);
#2416=CURVE_STYLE('',#62,POSITIVE_LENGTH_MEASURE(2.E-2),#34);
#2417=PRESENTATION_STYLE_ASSIGNMENT((#2416));
#2418=STYLED_ITEM('',(#2417),#2415);
#2419=DIRECTION('',(1.952253570856E-8,7.071067811866E-1,-7.071067811865E-1));
#2420=VECTOR('',#2419,1.707106782373E0);
#2421=CARTESIAN_POINT('',(-9.881765668590E0,1.100000000757E1,3.709999814760E1));
#2422=LINE('',#2421,#2420);
#2423=CURVE_STYLE('',#62,POSITIVE_LENGTH_MEASURE(2.E-2),#34);
#2424=PRESENTATION_STYLE_ASSIGNMENT((#2423));
#2425=STYLED_ITEM('',(#2424),#2422);
#2426=CARTESIAN_POINT('',(-9.881765520913E0,1.1E1,3.459999815518E1));
#2427=DIRECTION('',(0.E0,1.E0,0.E0));
#2428=DIRECTION('',(0.E0,0.E0,1.E0));
#2429=AXIS2_PLACEMENT_3D('',#2426,#2427,#2428);
#2431=CURVE_STYLE('',#62,POSITIVE_LENGTH_MEASURE(2.E-2),#34);
#2432=PRESENTATION_STYLE_ASSIGNMENT((#2431));
#2433=STYLED_ITEM('',(#2432),#2430);
#2434=DIRECTION('',(2.461284003129E-8,-1.E0,1.261845737417E-9));
#2435=VECTOR('',#2434,6.000000007571E0);
#2436=CARTESIAN_POINT('',(-9.881765668590E0,1.100000000757E1,3.709999814760E1));
#2437=LINE('',#2436,#2435);
#2438=CURVE_STYLE('',#62,POSITIVE_LENGTH_MEASURE(2.E-2),#34);
#2439=PRESENTATION_STYLE_ASSIGNMENT((#2438));
#2440=STYLED_ITEM('',(#2439),#2437);
#2441=DIRECTION('',(0.E0,-1.E0,0.E0));
#2442=VECTOR('',#2441,6.E0);
#2443=CARTESIAN_POINT('',(8.118234479087E0,1.1E1,3.109999815518E1));
#2444=LINE('',#2443,#2442);
#2445=CURVE_STYLE('',#62,POSITIVE_LENGTH_MEASURE(2.E-2),#34);
#2446=PRESENTATION_STYLE_ASSIGNMENT((#2445));
#2447=STYLED_ITEM('',(#2446),#2444);
#2448=DIRECTION('',(0.E0,-1.E0,0.E0));
#2449=VECTOR('',#2448,6.E0);
#2450=CARTESIAN_POINT('',(8.118234479087E0,1.1E1,3.809999815518E1));
#2451=LINE('',#2450,#2449);
#2452=CURVE_STYLE('',#62,POSITIVE_LENGTH_MEASURE(2.E-2),#34);
#2453=PRESENTATION_STYLE_ASSIGNMENT((#2452));
#2454=STYLED_ITEM('',(#2453),#2451);
#2455=DIRECTION('',(0.E0,-1.E0,0.E0));
#2456=VECTOR('',#2455,6.E0);
#2457=CARTESIAN_POINT('',(2.196823447909E1,1.1E1,3.109999815518E1));
#2458=LINE('',#2457,#2456);
#2459=CURVE_STYLE('',#62,POSITIVE_LENGTH_MEASURE(2.E-2),#34);
#2460=PRESENTATION_STYLE_ASSIGNMENT((#2459));
#2461=STYLED_ITEM('',(#2460),#2458);
#2462=DIRECTION('',(0.E0,-1.E0,0.E0));
#2463=VECTOR('',#2462,6.E0);
#2464=CARTESIAN_POINT('',(2.196823447909E1,1.1E1,3.809999815518E1));
#2465=LINE('',#2464,#2463);
#2466=CURVE_STYLE('',#62,POSITIVE_LENGTH_MEASURE(2.E-2),#34);
#2467=PRESENTATION_STYLE_ASSIGNMENT((#2466));
#2468=STYLED_ITEM('',(#2467),#2465);
#2469=CARTESIAN_POINT('',(-1.76E1,8.E0,4.14E1));
#2470=DIRECTION('',(0.E0,1.E0,0.E0));
#2471=DIRECTION('',(1.E0,0.E0,0.E0));
#2472=AXIS2_PLACEMENT_3D('',#2469,#2470,#2471);
#2474=CURVE_STYLE('',#62,POSITIVE_LENGTH_MEASURE(2.E-2),#34);
#2475=PRESENTATION_STYLE_ASSIGNMENT((#2474));
#2476=STYLED_ITEM('',(#2475),#2473);
#2477=DIRECTION('',(2.440378479653E-5,-9.999999982020E-1,5.477668764196E-5));
#2478=VECTOR('',#2477,3.000073233982E0);
#2479=CARTESIAN_POINT('',(-1.41E1,1.1E1,4.14E1));
#2480=LINE('',#2479,#2478);
#2481=CURVE_STYLE('',#62,POSITIVE_LENGTH_MEASURE(2.E-2),#34);
#2482=PRESENTATION_STYLE_ASSIGNMENT((#2481));
#2483=STYLED_ITEM('',(#2482),#2480);
#2484=DIRECTION('',(-7.071067729785E-1,7.071067511403E-1,2.325934412777E-4));
#2485=VECTOR('',#2484,7.072964508368E-1);
#2486=CARTESIAN_POINT('',(-1.359979267597E1,7.499792675968E0,4.139999982156E1));
#2487=LINE('',#2486,#2485);
#2488=CURVE_STYLE('',#62,POSITIVE_LENGTH_MEASURE(2.E-2),#34);
#2489=PRESENTATION_STYLE_ASSIGNMENT((#2488));
#2490=STYLED_ITEM('',(#2489),#2487);
#2491=CARTESIAN_POINT('',(-2.157314177553E1,7.526858213204E0,4.139970077602E1));
#2492=CARTESIAN_POINT('',(-2.157573299443E1,7.524266205372E0,4.138922513212E1));
#2493=CARTESIAN_POINT('',(-2.158108824426E1,7.518825922801E0,4.136821265841E1));
#2494=CARTESIAN_POINT('',(-2.158946714313E1,7.510073460918E0,4.133674299841E1));
#2495=CARTESIAN_POINT('',(-2.159564543359E1,7.503471427824E0,4.131535489919E1));
#2496=CARTESIAN_POINT('',(-2.159885461623E1,7.5E0,4.130428398746E1));
#2498=CURVE_STYLE('',#62,POSITIVE_LENGTH_MEASURE(2.E-2),#34);
#2499=PRESENTATION_STYLE_ASSIGNMENT((#2498));
#2500=STYLED_ITEM('',(#2499),#2497);
#2501=DIRECTION('',(7.071066199625E-1,7.071066275389E-1,6.673048755240E-4));
#2502=VECTOR('',#2501,6.691236772068E-1);
#2503=CARTESIAN_POINT('',(-2.157314177553E1,7.526858213204E0,4.139970077602E1));
#2504=LINE('',#2503,#2502);
#2505=CURVE_STYLE('',#62,POSITIVE_LENGTH_MEASURE(2.E-2),#34);
#2506=PRESENTATION_STYLE_ASSIGNMENT((#2505));
#2507=STYLED_ITEM('',(#2506),#2504);
#2508=CARTESIAN_POINT('',(-1.76E1,7.5E0,4.14E1));
#2509=DIRECTION('',(0.E0,1.E0,0.E0));
#2510=DIRECTION('',(1.E0,0.E0,0.E0));
#2511=AXIS2_PLACEMENT_3D('',#2508,#2509,#2510);
#2513=CURVE_STYLE('',#62,POSITIVE_LENGTH_MEASURE(2.E-2),#34);
#2514=PRESENTATION_STYLE_ASSIGNMENT((#2513));
#2515=STYLED_ITEM('',(#2514),#2512);
#2516=CARTESIAN_POINT('',(-1.76E1,7.5E0,4.14E1));
#2517=DIRECTION('',(0.E0,1.E0,0.E0));
#2518=DIRECTION('',(-9.778293919708E-1,0.E0,2.094031523116E-1));
#2519=AXIS2_PLACEMENT_3D('',#2516,#2517,#2518);
#2521=CURVE_STYLE('',#62,POSITIVE_LENGTH_MEASURE(2.E-2),#34);
#2522=PRESENTATION_STYLE_ASSIGNMENT((#2521));
#2523=STYLED_ITEM('',(#2522),#2520);
#2524=CARTESIAN_POINT('',(-1.76E1,7.5E0,4.14E1));
#2525=DIRECTION('',(0.E0,-1.E0,0.E0));
#2526=DIRECTION('',(-4.121608220221E-1,0.E0,9.111111111111E-1));
#2527=AXIS2_PLACEMENT_3D('',#2524,#2525,#2526);
#2529=CURVE_STYLE('',#62,POSITIVE_LENGTH_MEASURE(2.E-2),#34);
#2530=PRESENTATION_STYLE_ASSIGNMENT((#2529));
#2531=STYLED_ITEM('',(#2530),#2528);
#2532=CARTESIAN_POINT('',(-2.151131989118E1,7.5E0,4.223760176016E1));
#2533=CARTESIAN_POINT('',(-2.150224838720E1,7.528765476456E0,4.214258957766E1));
#2534=CARTESIAN_POINT('',(-2.149523713232E1,7.569032222203E0,4.195268167397E1));
#2535=CARTESIAN_POINT('',(-2.151582442818E1,7.577731830235E0,4.167640673349E1));
#2536=CARTESIAN_POINT('',(-2.155050949469E1,7.549497384741E0,4.149119737421E1));
#2537=CARTESIAN_POINT('',(-2.157314177553E1,7.526858213204E0,4.139970077602E1));
#2539=CURVE_STYLE('',#62,POSITIVE_LENGTH_MEASURE(2.E-2),#34);
#2540=PRESENTATION_STYLE_ASSIGNMENT((#2539));
#2541=STYLED_ITEM('',(#2540),#2538);
#2542=CARTESIAN_POINT('',(-2.4E1,7.5E0,4.2E1));
#2543=DIRECTION('',(0.E0,1.E0,0.E0));
#2544=DIRECTION('',(9.604611994669E-1,0.E0,-2.784138723530E-1));
#2545=AXIS2_PLACEMENT_3D('',#2542,#2543,#2544);
#2547=CURVE_STYLE('',#62,POSITIVE_LENGTH_MEASURE(2.E-2),#34);
#2548=PRESENTATION_STYLE_ASSIGNMENT((#2547));
#2549=STYLED_ITEM('',(#2548),#2546);
#2550=DIRECTION('',(0.E0,1.E0,0.E0));
#2551=VECTOR('',#2550,3.5E0);
#2552=CARTESIAN_POINT('',(-2.200713783450E1,7.5E0,4.049052976534E1));
#2553=LINE('',#2552,#2551);
#2554=CURVE_STYLE('',#62,POSITIVE_LENGTH_MEASURE(2.E-2),#34);
#2555=PRESENTATION_STYLE_ASSIGNMENT((#2554));
#2556=STYLED_ITEM('',(#2555),#2553);
#2557=DIRECTION('',(0.E0,1.E0,0.E0));
#2558=VECTOR('',#2557,1.1E1);
#2559=CARTESIAN_POINT('',(-2.642693221990E1,0.E0,4.14E1));
#2560=LINE('',#2559,#2558);
#2561=CURVE_STYLE('',#62,POSITIVE_LENGTH_MEASURE(2.E-2),#34);
#2562=PRESENTATION_STYLE_ASSIGNMENT((#2561));
#2563=STYLED_ITEM('',(#2562),#2560);
#2564=CARTESIAN_POINT('',(-2.4E1,0.E0,4.2E1));
#2565=DIRECTION('',(0.E0,-1.E0,0.E0));
#2566=DIRECTION('',(-9.707728879609E-1,0.E0,-2.4E-1));
#2567=AXIS2_PLACEMENT_3D('',#2564,#2565,#2566);
#2569=CURVE_STYLE('',#62,POSITIVE_LENGTH_MEASURE(2.E-2),#34);
#2570=PRESENTATION_STYLE_ASSIGNMENT((#2569));
#2571=STYLED_ITEM('',(#2570),#2568);
#2572=DIRECTION('',(0.E0,1.E0,0.E0));
#2573=VECTOR('',#2572,1.1E1);
#2574=CARTESIAN_POINT('',(-2.34E1,0.E0,4.442693221990E1));
#2575=LINE('',#2574,#2573);
#2576=CURVE_STYLE('',#62,POSITIVE_LENGTH_MEASURE(2.E-2),#34);
#2577=PRESENTATION_STYLE_ASSIGNMENT((#2576));
#2578=STYLED_ITEM('',(#2577),#2575);
#2579=DIRECTION('',(0.E0,1.E0,0.E0));
#2580=VECTOR('',#2579,3.5E0);
#2581=CARTESIAN_POINT('',(-2.176130359822E1,7.5E0,4.311276161897E1));
#2582=LINE('',#2581,#2580);
#2583=CURVE_STYLE('',#62,POSITIVE_LENGTH_MEASURE(2.E-2),#34);
#2584=PRESENTATION_STYLE_ASSIGNMENT((#2583));
#2585=STYLED_ITEM('',(#2584),#2582);
#2586=CARTESIAN_POINT('',(-2.4E1,7.5E0,4.2E1));
#2587=DIRECTION('',(0.E0,1.E0,0.E0));
#2588=DIRECTION('',(8.954785607115E-1,0.E0,4.451046475897E-1));
#2589=AXIS2_PLACEMENT_3D('',#2586,#2587,#2588);
#2591=CURVE_STYLE('',#62,POSITIVE_LENGTH_MEASURE(2.E-2),#34);
#2592=PRESENTATION_STYLE_ASSIGNMENT((#2591));
#2593=STYLED_ITEM('',(#2592),#2590);
#2594=DIRECTION('',(0.E0,1.E0,0.E0));
#2595=VECTOR('',#2594,1.1E1);
#2596=CARTESIAN_POINT('',(-2.46E1,0.E0,4.442693221990E1));
#2597=LINE('',#2596,#2595);
#2598=CURVE_STYLE('',#62,POSITIVE_LENGTH_MEASURE(2.E-2),#34);
#2599=PRESENTATION_STYLE_ASSIGNMENT((#2598));
#2600=STYLED_ITEM('',(#2599),#2597);
#2601=DIRECTION('',(0.E0,1.E0,0.E0));
#2602=VECTOR('',#2601,1.1E1);
#2603=CARTESIAN_POINT('',(-2.642693221990E1,0.E0,4.26E1));
#2604=LINE('',#2603,#2602);
#2605=CURVE_STYLE('',#62,POSITIVE_LENGTH_MEASURE(2.E-2),#34);
#2606=PRESENTATION_STYLE_ASSIGNMENT((#2605));
#2607=STYLED_ITEM('',(#2606),#2604);
#2608=CARTESIAN_POINT('',(-1.76E1,1.1E1,4.14E1));
#2609=DIRECTION('',(0.E0,1.E0,0.E0));
#2610=DIRECTION('',(4.121608220220E-1,0.E0,9.111111111111E-1));
#2611=AXIS2_PLACEMENT_3D('',#2608,#2609,#2610);
#2613=CURVE_STYLE('',#62,POSITIVE_LENGTH_MEASURE(2.E-2),#34);
#2614=PRESENTATION_STYLE_ASSIGNMENT((#2613));
#2615=STYLED_ITEM('',(#2614),#2612);
#2616=CARTESIAN_POINT('',(-1.76E1,7.5E0,4.14E1));
#2617=DIRECTION('',(0.E0,-1.E0,0.E0));
#2618=DIRECTION('',(-9.793639632220E-1,0.E0,-2.021044965904E-1));
#2619=AXIS2_PLACEMENT_3D('',#2616,#2617,#2618);
#2621=CURVE_STYLE('',#62,POSITIVE_LENGTH_MEASURE(2.E-2),#34);
#2622=PRESENTATION_STYLE_ASSIGNMENT((#2621));
#2623=STYLED_ITEM('',(#2622),#2620);
#2624=CARTESIAN_POINT('',(-1.76E1,8.E0,4.14E1));
#2625=DIRECTION('',(0.E0,1.E0,0.E0));
#2626=DIRECTION('',(-1.E0,0.E0,0.E0));
#2627=AXIS2_PLACEMENT_3D('',#2624,#2625,#2626);
#2629=CURVE_STYLE('',#62,POSITIVE_LENGTH_MEASURE(2.E-2),#34);
#2630=PRESENTATION_STYLE_ASSIGNMENT((#2629));
#2631=STYLED_ITEM('',(#2630),#2628);
#2632=DIRECTION('',(2.066000109240E-9,-9.999999987948E-1,4.909516940192E-5));
#2633=VECTOR('',#2632,3.000000003616E0);
#2634=CARTESIAN_POINT('',(-2.11E1,1.1E1,4.14E1));
#2635=LINE('',#2634,#2633);
#2636=CURVE_STYLE('',#62,POSITIVE_LENGTH_MEASURE(2.E-2),#34);
#2637=PRESENTATION_STYLE_ASSIGNMENT((#2636));
#2638=STYLED_ITEM('',(#2637),#2635);
#2639=DIRECTION('',(0.E0,-1.E0,0.E0));
#2640=VECTOR('',#2639,2.E0);
#2641=CARTESIAN_POINT('',(-1.76E1,1.3E1,4.23E1));
#2642=LINE('',#2641,#2640);
#2643=CURVE_STYLE('',#62,POSITIVE_LENGTH_MEASURE(2.E-2),#34);
#2644=PRESENTATION_STYLE_ASSIGNMENT((#2643));
#2645=STYLED_ITEM('',(#2644),#2642);
#2646=CARTESIAN_POINT('',(2.7E1,1.3E1,-4.5E1));
#2647=DIRECTION('',(0.E0,1.E0,0.E0));
#2648=DIRECTION('',(1.E0,0.E0,0.E0));
#2649=AXIS2_PLACEMENT_3D('',#2646,#2647,#2648);
#2651=CURVE_STYLE('',#62,POSITIVE_LENGTH_MEASURE(2.E-2),#34);
#2652=PRESENTATION_STYLE_ASSIGNMENT((#2651));
#2653=STYLED_ITEM('',(#2652),#2650);
#2654=DIRECTION('',(0.E0,0.E0,-1.E0));
#2655=VECTOR('',#2654,9.E1);
#2656=CARTESIAN_POINT('',(2.89E1,1.3E1,4.5E1));
#2657=LINE('',#2656,#2655);
#2658=CURVE_STYLE('',#62,POSITIVE_LENGTH_MEASURE(2.E-2),#34);
#2659=PRESENTATION_STYLE_ASSIGNMENT((#2658));
#2660=STYLED_ITEM('',(#2659),#2657);
#2661=CARTESIAN_POINT('',(2.7E1,1.3E1,4.5E1));
#2662=DIRECTION('',(0.E0,1.E0,0.E0));
#2663=DIRECTION('',(0.E0,0.E0,1.E0));
#2664=AXIS2_PLACEMENT_3D('',#2661,#2662,#2663);
#2666=CURVE_STYLE('',#62,POSITIVE_LENGTH_MEASURE(2.E-2),#34);
#2667=PRESENTATION_STYLE_ASSIGNMENT((#2666));
#2668=STYLED_ITEM('',(#2667),#2665);
#2669=DIRECTION('',(1.E0,0.E0,0.E0));
#2670=VECTOR('',#2669,5.4E1);
#2671=CARTESIAN_POINT('',(-2.7E1,1.3E1,4.69E1));
#2672=LINE('',#2671,#2670);
#2673=CURVE_STYLE('',#62,POSITIVE_LENGTH_MEASURE(2.E-2),#34);
#2674=PRESENTATION_STYLE_ASSIGNMENT((#2673));
#2675=STYLED_ITEM('',(#2674),#2672);
#2676=CARTESIAN_POINT('',(-2.7E1,1.3E1,4.5E1));
#2677=DIRECTION('',(0.E0,1.E0,0.E0));
#2678=DIRECTION('',(-1.E0,0.E0,0.E0));
#2679=AXIS2_PLACEMENT_3D('',#2676,#2677,#2678);
#2681=CURVE_STYLE('',#62,POSITIVE_LENGTH_MEASURE(2.E-2),#34);
#2682=PRESENTATION_STYLE_ASSIGNMENT((#2681));
#2683=STYLED_ITEM('',(#2682),#2680);
#2684=DIRECTION('',(0.E0,0.E0,1.E0));
#2685=VECTOR('',#2684,9.E1);
#2686=CARTESIAN_POINT('',(-2.89E1,1.3E1,-4.5E1));
#2687=LINE('',#2686,#2685);
#2688=CURVE_STYLE('',#62,POSITIVE_LENGTH_MEASURE(2.E-2),#34);
#2689=PRESENTATION_STYLE_ASSIGNMENT((#2688));
#2690=STYLED_ITEM('',(#2689),#2687);
#2691=CARTESIAN_POINT('',(-2.7E1,1.3E1,-4.5E1));
#2692=DIRECTION('',(0.E0,1.E0,0.E0));
#2693=DIRECTION('',(0.E0,0.E0,-1.E0));
#2694=AXIS2_PLACEMENT_3D('',#2691,#2692,#2693);
#2696=CURVE_STYLE('',#62,POSITIVE_LENGTH_MEASURE(2.E-2),#34);
#2697=PRESENTATION_STYLE_ASSIGNMENT((#2696));
#2698=STYLED_ITEM('',(#2697),#2695);
#2699=DIRECTION('',(-1.E0,0.E0,0.E0));
#2700=VECTOR('',#2699,5.4E1);
#2701=CARTESIAN_POINT('',(2.7E1,1.3E1,-4.69E1));
#2702=LINE('',#2701,#2700);
#2703=CURVE_STYLE('',#62,POSITIVE_LENGTH_MEASURE(2.E-2),#34);
#2704=PRESENTATION_STYLE_ASSIGNMENT((#2703));
#2705=STYLED_ITEM('',(#2704),#2702);
#2706=CARTESIAN_POINT('',(-1.76E1,1.3E1,4.14E1));
#2707=DIRECTION('',(0.E0,1.E0,0.E0));
#2708=DIRECTION('',(0.E0,0.E0,1.E0));
#2709=AXIS2_PLACEMENT_3D('',#2706,#2707,#2708);
#2711=CURVE_STYLE('',#62,POSITIVE_LENGTH_MEASURE(2.E-2),#34);
#2712=PRESENTATION_STYLE_ASSIGNMENT((#2711));
#2713=STYLED_ITEM('',(#2712),#2710);
#2714=CARTESIAN_POINT('',(-1.76E1,1.3E1,4.14E1));
#2715=DIRECTION('',(0.E0,1.E0,0.E0));
#2716=DIRECTION('',(0.E0,0.E0,-1.E0));
#2717=AXIS2_PLACEMENT_3D('',#2714,#2715,#2716);
#2719=CURVE_STYLE('',#62,POSITIVE_LENGTH_MEASURE(2.E-2),#34);
#2720=PRESENTATION_STYLE_ASSIGNMENT((#2719));
#2721=STYLED_ITEM('',(#2720),#2718);
#2722=CARTESIAN_POINT('',(0.E0,1.3E1,-7.E0));
#2723=DIRECTION('',(0.E0,1.E0,0.E0));
#2724=DIRECTION('',(0.E0,0.E0,1.E0));
#2725=AXIS2_PLACEMENT_3D('',#2722,#2723,#2724);
#2727=CURVE_STYLE('',#62,POSITIVE_LENGTH_MEASURE(2.E-2),#34);
#2728=PRESENTATION_STYLE_ASSIGNMENT((#2727));
#2729=STYLED_ITEM('',(#2728),#2726);
#2730=CARTESIAN_POINT('',(0.E0,1.3E1,-7.E0));
#2731=DIRECTION('',(0.E0,1.E0,0.E0));
#2732=DIRECTION('',(0.E0,0.E0,-1.E0));
#2733=AXIS2_PLACEMENT_3D('',#2730,#2731,#2732);
#2735=CURVE_STYLE('',#62,POSITIVE_LENGTH_MEASURE(2.E-2),#34);
#2736=PRESENTATION_STYLE_ASSIGNMENT((#2735));
#2737=STYLED_ITEM('',(#2736),#2734);
#2738=CARTESIAN_POINT('',(0.E0,1.3E1,2.2E1));
#2739=DIRECTION('',(0.E0,1.E0,0.E0));
#2740=DIRECTION('',(0.E0,0.E0,-1.E0));
#2741=AXIS2_PLACEMENT_3D('',#2738,#2739,#2740);
#2743=CURVE_STYLE('',#62,POSITIVE_LENGTH_MEASURE(2.E-2),#34);
#2744=PRESENTATION_STYLE_ASSIGNMENT((#2743));
#2745=STYLED_ITEM('',(#2744),#2742);
#2746=CARTESIAN_POINT('',(0.E0,1.3E1,2.2E1));
#2747=DIRECTION('',(0.E0,1.E0,0.E0));
#2748=DIRECTION('',(0.E0,0.E0,1.E0));
#2749=AXIS2_PLACEMENT_3D('',#2746,#2747,#2748);
#2751=CURVE_STYLE('',#62,POSITIVE_LENGTH_MEASURE(2.E-2),#34);
#2752=PRESENTATION_STYLE_ASSIGNMENT((#2751));
#2753=STYLED_ITEM('',(#2752),#2750);
#2754=CARTESIAN_POINT('',(2.89E1,1.24E1,-4.5E1));
#2755=DIRECTION('',(0.E0,0.E0,-1.E0));
#2756=DIRECTION('',(0.E0,1.E0,0.E0));
#2757=AXIS2_PLACEMENT_3D('',#2754,#2755,#2756);
#2759=CURVE_STYLE('',#62,POSITIVE_LENGTH_MEASURE(2.E-2),#34);
#2760=PRESENTATION_STYLE_ASSIGNMENT((#2759));
#2761=STYLED_ITEM('',(#2760),#2758);
#2762=CARTESIAN_POINT('',(2.7E1,1.24E1,-4.69E1));
#2763=DIRECTION('',(-1.E0,0.E0,0.E0));
#2764=DIRECTION('',(0.E0,1.E0,0.E0));
#2765=AXIS2_PLACEMENT_3D('',#2762,#2763,#2764);
#2767=CURVE_STYLE('',#62,POSITIVE_LENGTH_MEASURE(2.E-2),#34);
#2768=PRESENTATION_STYLE_ASSIGNMENT((#2767));
#2769=STYLED_ITEM('',(#2768),#2766);
#2770=CARTESIAN_POINT('',(-2.7E1,1.24E1,-4.69E1));
#2771=DIRECTION('',(-1.E0,0.E0,0.E0));
#2772=DIRECTION('',(0.E0,1.E0,1.184237892934E-14));
#2773=AXIS2_PLACEMENT_3D('',#2770,#2771,#2772);
#2775=CURVE_STYLE('',#62,POSITIVE_LENGTH_MEASURE(2.E-2),#34);
#2776=PRESENTATION_STYLE_ASSIGNMENT((#2775));
#2777=STYLED_ITEM('',(#2776),#2774);
#2778=CARTESIAN_POINT('',(-2.89E1,1.24E1,-4.5E1));
#2779=DIRECTION('',(0.E0,0.E0,1.E0));
#2780=DIRECTION('',(0.E0,1.E0,0.E0));
#2781=AXIS2_PLACEMENT_3D('',#2778,#2779,#2780);
#2783=CURVE_STYLE('',#62,POSITIVE_LENGTH_MEASURE(2.E-2),#34);
#2784=PRESENTATION_STYLE_ASSIGNMENT((#2783));
#2785=STYLED_ITEM('',(#2784),#2782);
#2786=CARTESIAN_POINT('',(-2.89E1,1.24E1,4.5E1));
#2787=DIRECTION('',(0.E0,0.E0,1.E0));
#2788=DIRECTION('',(0.E0,1.E0,0.E0));
#2789=AXIS2_PLACEMENT_3D('',#2786,#2787,#2788);
#2791=CURVE_STYLE('',#62,POSITIVE_LENGTH_MEASURE(2.E-2),#34);
#2792=PRESENTATION_STYLE_ASSIGNMENT((#2791));
#2793=STYLED_ITEM('',(#2792),#2790);
#2794=CARTESIAN_POINT('',(-2.7E1,1.24E1,4.69E1));
#2795=DIRECTION('',(1.E0,0.E0,0.E0));
#2796=DIRECTION('',(0.E0,1.E0,0.E0));
#2797=AXIS2_PLACEMENT_3D('',#2794,#2795,#2796);
#2799=CURVE_STYLE('',#62,POSITIVE_LENGTH_MEASURE(2.E-2),#34);
#2800=PRESENTATION_STYLE_ASSIGNMENT((#2799));
#2801=STYLED_ITEM('',(#2800),#2798);
#2802=CARTESIAN_POINT('',(2.7E1,1.24E1,4.69E1));
#2803=DIRECTION('',(1.E0,0.E0,0.E0));
#2804=DIRECTION('',(0.E0,1.E0,-1.184237892934E-14));
#2805=AXIS2_PLACEMENT_3D('',#2802,#2803,#2804);
#2807=CURVE_STYLE('',#62,POSITIVE_LENGTH_MEASURE(2.E-2),#34);
#2808=PRESENTATION_STYLE_ASSIGNMENT((#2807));
#2809=STYLED_ITEM('',(#2808),#2806);
#2810=CARTESIAN_POINT('',(2.89E1,1.24E1,4.5E1));
#2811=DIRECTION('',(0.E0,0.E0,-1.E0));
#2812=DIRECTION('',(0.E0,1.E0,0.E0));
#2813=AXIS2_PLACEMENT_3D('',#2810,#2811,#2812);
#2815=CURVE_STYLE('',#62,POSITIVE_LENGTH_MEASURE(2.E-2),#34);
#2816=PRESENTATION_STYLE_ASSIGNMENT((#2815));
#2817=STYLED_ITEM('',(#2816),#2814);
#2818=DIRECTION('',(0.E0,0.E0,-1.E0));
#2819=VECTOR('',#2818,8.999999999640E1);
#2820=CARTESIAN_POINT('',(2.95E1,1.24E1,4.499999999817E1));
#2821=LINE('',#2820,#2819);
#2822=CURVE_STYLE('',#62,POSITIVE_LENGTH_MEASURE(2.E-2),#34);
#2823=PRESENTATION_STYLE_ASSIGNMENT((#2822));
#2824=STYLED_ITEM('',(#2823),#2821);
#2825=DIRECTION('',(0.E0,1.E0,-1.479407277686E-10));
#2826=VECTOR('',#2825,1.24E1);
#2827=CARTESIAN_POINT('',(2.95E1,0.E0,4.5E1));
#2828=LINE('',#2827,#2826);
#2829=CURVE_STYLE('',#62,POSITIVE_LENGTH_MEASURE(2.E-2),#34);
#2830=PRESENTATION_STYLE_ASSIGNMENT((#2829));
#2831=STYLED_ITEM('',(#2830),#2828);
#2832=CARTESIAN_POINT('',(2.7E1,1.24E1,-4.5E1));
#2833=DIRECTION('',(0.E0,1.E0,0.E0));
#2834=DIRECTION('',(1.E0,0.E0,0.E0));
#2835=AXIS2_PLACEMENT_3D('',#2832,#2833,#2834);
#2837=CURVE_STYLE('',#62,POSITIVE_LENGTH_MEASURE(2.E-2),#34);
#2838=PRESENTATION_STYLE_ASSIGNMENT((#2837));
#2839=STYLED_ITEM('',(#2838),#2836);
#2840=DIRECTION('',(0.E0,1.E0,1.420432230618E-10));
#2841=VECTOR('',#2840,1.24E1);
#2842=CARTESIAN_POINT('',(2.95E1,0.E0,-4.5E1));
#2843=LINE('',#2842,#2841);
#2844=CURVE_STYLE('',#62,POSITIVE_LENGTH_MEASURE(2.E-2),#34);
#2845=PRESENTATION_STYLE_ASSIGNMENT((#2844));
#2846=STYLED_ITEM('',(#2845),#2843);
#2847=DIRECTION('',(-1.479413007869E-10,1.E0,0.E0));
#2848=VECTOR('',#2847,1.24E1);
#2849=CARTESIAN_POINT('',(2.7E1,0.E0,-4.75E1));
#2850=LINE('',#2849,#2848);
#2851=CURVE_STYLE('',#62,POSITIVE_LENGTH_MEASURE(2.E-2),#34);
#2852=PRESENTATION_STYLE_ASSIGNMENT((#2851));
#2853=STYLED_ITEM('',(#2852),#2850);
#2854=DIRECTION('',(-1.E0,0.E0,0.E0));
#2855=VECTOR('',#2854,5.399999999640E1);
#2856=CARTESIAN_POINT('',(2.699999999817E1,1.24E1,-4.75E1));
#2857=LINE('',#2856,#2855);
#2858=CURVE_STYLE('',#62,POSITIVE_LENGTH_MEASURE(2.E-2),#34);
#2859=PRESENTATION_STYLE_ASSIGNMENT((#2858));
#2860=STYLED_ITEM('',(#2859),#2857);
#2861=DIRECTION('',(0.E0,1.E0,0.E0));
#2862=VECTOR('',#2861,4.499992668630E-1);
#2863=CARTESIAN_POINT('',(-1.672488339536E1,0.E0,-4.75E1));
#2864=LINE('',#2863,#2862);
#2865=CURVE_STYLE('',#62,POSITIVE_LENGTH_MEASURE(2.E-2),#34);
#2866=PRESENTATION_STYLE_ASSIGNMENT((#2865));
#2867=STYLED_ITEM('',(#2866),#2864);
#2868=CARTESIAN_POINT('',(-1.374988339536E1,4.499992668630E-1,-4.75E1));
#2869=DIRECTION('',(0.E0,0.E0,1.E0));
#2870=DIRECTION('',(1.E0,0.E0,0.E0));
#2871=AXIS2_PLACEMENT_3D('',#2868,#2869,#2870);
#2873=CURVE_STYLE('',#62,POSITIVE_LENGTH_MEASURE(2.E-2),#34);
#2874=PRESENTATION_STYLE_ASSIGNMENT((#2873));
#2875=STYLED_ITEM('',(#2874),#2872);
#2876=DIRECTION('',(0.E0,1.E0,0.E0));
#2877=VECTOR('',#2876,4.499992668630E-1);
#2878=CARTESIAN_POINT('',(-1.077488339536E1,0.E0,-4.75E1));
#2879=LINE('',#2878,#2877);
#2880=CURVE_STYLE('',#62,POSITIVE_LENGTH_MEASURE(2.E-2),#34);
#2881=PRESENTATION_STYLE_ASSIGNMENT((#2880));
#2882=STYLED_ITEM('',(#2881),#2879);
#2883=CARTESIAN_POINT('',(-2.7E1,1.24E1,-4.5E1));
#2884=DIRECTION('',(0.E0,1.E0,0.E0));
#2885=DIRECTION('',(0.E0,0.E0,-1.E0));
#2886=AXIS2_PLACEMENT_3D('',#2883,#2884,#2885);
#2888=CURVE_STYLE('',#62,POSITIVE_LENGTH_MEASURE(2.E-2),#34);
#2889=PRESENTATION_STYLE_ASSIGNMENT((#2888));
#2890=STYLED_ITEM('',(#2889),#2887);
#2891=DIRECTION('',(1.420440825893E-10,1.E0,0.E0));
#2892=VECTOR('',#2891,1.24E1);
#2893=CARTESIAN_POINT('',(-2.7E1,0.E0,-4.75E1));
#2894=LINE('',#2893,#2892);
#2895=CURVE_STYLE('',#62,POSITIVE_LENGTH_MEASURE(2.E-2),#34);
#2896=PRESENTATION_STYLE_ASSIGNMENT((#2895));
#2897=STYLED_ITEM('',(#2896),#2894);
#2898=DIRECTION('',(0.E0,0.E0,1.E0));
#2899=VECTOR('',#2898,8.999999999640E1);
#2900=CARTESIAN_POINT('',(-2.95E1,1.24E1,-4.499999999817E1));
#2901=LINE('',#2900,#2899);
#2902=CURVE_STYLE('',#62,POSITIVE_LENGTH_MEASURE(2.E-2),#34);
#2903=PRESENTATION_STYLE_ASSIGNMENT((#2902));
#2904=STYLED_ITEM('',(#2903),#2901);
#2905=DIRECTION('',(0.E0,1.E0,1.479407277686E-10));
#2906=VECTOR('',#2905,1.24E1);
#2907=CARTESIAN_POINT('',(-2.95E1,0.E0,-4.5E1));
#2908=LINE('',#2907,#2906);
#2909=CURVE_STYLE('',#62,POSITIVE_LENGTH_MEASURE(2.E-2),#34);
#2910=PRESENTATION_STYLE_ASSIGNMENT((#2909));
#2911=STYLED_ITEM('',(#2910),#2908);
#2912=CARTESIAN_POINT('',(-2.7E1,1.24E1,4.5E1));
#2913=DIRECTION('',(0.E0,1.E0,0.E0));
#2914=DIRECTION('',(-1.E0,0.E0,0.E0));
#2915=AXIS2_PLACEMENT_3D('',#2912,#2913,#2914);
#2917=CURVE_STYLE('',#62,POSITIVE_LENGTH_MEASURE(2.E-2),#34);
#2918=PRESENTATION_STYLE_ASSIGNMENT((#2917));
#2919=STYLED_ITEM('',(#2918),#2916);
#2920=DIRECTION('',(0.E0,1.E0,-1.420432230618E-10));
#2921=VECTOR('',#2920,1.24E1);
#2922=CARTESIAN_POINT('',(-2.95E1,0.E0,4.5E1));
#2923=LINE('',#2922,#2921);
#2924=CURVE_STYLE('',#62,POSITIVE_LENGTH_MEASURE(2.E-2),#34);
#2925=PRESENTATION_STYLE_ASSIGNMENT((#2924));
#2926=STYLED_ITEM('',(#2925),#2923);
#2927=DIRECTION('',(0.E0,-1.E0,0.E0));
#2928=VECTOR('',#2927,4.499992668630E-1);
#2929=CARTESIAN_POINT('',(-1.672488339536E1,4.499992668630E-1,-4.61E1));
#2930=LINE('',#2929,#2928);
#2931=CURVE_STYLE('',#62,POSITIVE_LENGTH_MEASURE(2.E-2),#34);
#2932=PRESENTATION_STYLE_ASSIGNMENT((#2931));
#2933=STYLED_ITEM('',(#2932),#2930);
#2934=DIRECTION('',(0.E0,0.E0,-1.E0));
#2935=VECTOR('',#2934,1.4E0);
#2936=CARTESIAN_POINT('',(-1.672488339536E1,4.499992668630E-1,-4.61E1));
#2937=LINE('',#2936,#2935);
#2938=CURVE_STYLE('',#62,POSITIVE_LENGTH_MEASURE(2.E-2),#34);
#2939=PRESENTATION_STYLE_ASSIGNMENT((#2938));
#2940=STYLED_ITEM('',(#2939),#2937);
#2941=CARTESIAN_POINT('',(-1.374988339536E1,4.499992668630E-1,-4.61E1));
#2942=DIRECTION('',(0.E0,0.E0,1.E0));
#2943=DIRECTION('',(1.E0,0.E0,0.E0));
#2944=AXIS2_PLACEMENT_3D('',#2941,#2942,#2943);
#2946=CURVE_STYLE('',#62,POSITIVE_LENGTH_MEASURE(2.E-2),#34);
#2947=PRESENTATION_STYLE_ASSIGNMENT((#2946));
#2948=STYLED_ITEM('',(#2947),#2945);
#2949=DIRECTION('',(0.E0,0.E0,-1.E0));
#2950=VECTOR('',#2949,1.4E0);
#2951=CARTESIAN_POINT('',(-1.077488339536E1,4.499992668630E-1,-4.61E1));
#2952=LINE('',#2951,#2950);
#2953=CURVE_STYLE('',#62,POSITIVE_LENGTH_MEASURE(2.E-2),#34);
#2954=PRESENTATION_STYLE_ASSIGNMENT((#2953));
#2955=STYLED_ITEM('',(#2954),#2952);
#2956=DIRECTION('',(0.E0,1.E0,1.578986429719E-14));
#2957=VECTOR('',#2956,4.499992668630E-1);
#2958=CARTESIAN_POINT('',(-1.077488339536E1,0.E0,-4.61E1));
#2959=LINE('',#2958,#2957);
#2960=CURVE_STYLE('',#62,POSITIVE_LENGTH_MEASURE(2.E-2),#34);
#2961=PRESENTATION_STYLE_ASSIGNMENT((#2960));
#2962=STYLED_ITEM('',(#2961),#2959);
#2963=CARTESIAN_POINT('',(2.7E1,1.24E1,4.5E1));
#2964=DIRECTION('',(0.E0,1.E0,0.E0));
#2965=DIRECTION('',(0.E0,0.E0,1.E0));
#2966=AXIS2_PLACEMENT_3D('',#2963,#2964,#2965);
#2968=CURVE_STYLE('',#62,POSITIVE_LENGTH_MEASURE(2.E-2),#34);
#2969=PRESENTATION_STYLE_ASSIGNMENT((#2968));
#2970=STYLED_ITEM('',(#2969),#2967);
#2971=DIRECTION('',(-1.420440825893E-10,1.E0,0.E0));
#2972=VECTOR('',#2971,1.24E1);
#2973=CARTESIAN_POINT('',(2.7E1,0.E0,4.75E1));
#2974=LINE('',#2973,#2972);
#2975=CURVE_STYLE('',#62,POSITIVE_LENGTH_MEASURE(2.E-2),#34);
#2976=PRESENTATION_STYLE_ASSIGNMENT((#2975));
#2977=STYLED_ITEM('',(#2976),#2974);
#2978=DIRECTION('',(0.E0,-1.E0,0.E0));
#2979=VECTOR('',#2978,2.E0);
#2980=CARTESIAN_POINT('',(-1.76E1,1.3E1,4.05E1));
#2981=LINE('',#2980,#2979);
#2982=CURVE_STYLE('',#62,POSITIVE_LENGTH_MEASURE(2.E-2),#34);
#2983=PRESENTATION_STYLE_ASSIGNMENT((#2982));
#2984=STYLED_ITEM('',(#2983),#2981);
#2985=DIRECTION('',(0.E0,-1.E0,0.E0));
#2986=VECTOR('',#2985,3.E-1);
#2987=CARTESIAN_POINT('',(0.E0,1.3E1,-2.75E0));
#2988=LINE('',#2987,#2986);
#2989=CURVE_STYLE('',#62,POSITIVE_LENGTH_MEASURE(2.E-2),#34);
#2990=PRESENTATION_STYLE_ASSIGNMENT((#2989));
#2991=STYLED_ITEM('',(#2990),#2988);
#2992=DIRECTION('',(0.E0,-1.E0,0.E0));
#2993=VECTOR('',#2992,3.E-1);
#2994=CARTESIAN_POINT('',(0.E0,1.3E1,-1.125E1));
#2995=LINE('',#2994,#2993);
#2996=CURVE_STYLE('',#62,POSITIVE_LENGTH_MEASURE(2.E-2),#34);
#2997=PRESENTATION_STYLE_ASSIGNMENT((#2996));
#2998=STYLED_ITEM('',(#2997),#2995);
#2999=CARTESIAN_POINT('',(0.E0,1.27E1,-7.E0));
#3000=DIRECTION('',(0.E0,1.E0,0.E0));
#3001=DIRECTION('',(0.E0,0.E0,1.E0));
#3002=AXIS2_PLACEMENT_3D('',#2999,#3000,#3001);
#3004=CURVE_STYLE('',#62,POSITIVE_LENGTH_MEASURE(2.E-2),#34);
#3005=PRESENTATION_STYLE_ASSIGNMENT((#3004));
#3006=STYLED_ITEM('',(#3005),#3003);
#3007=CARTESIAN_POINT('',(0.E0,1.27E1,-7.E0));
#3008=DIRECTION('',(0.E0,1.E0,0.E0));
#3009=DIRECTION('',(0.E0,0.E0,-1.E0));
#3010=AXIS2_PLACEMENT_3D('',#3007,#3008,#3009);
#3012=CURVE_STYLE('',#62,POSITIVE_LENGTH_MEASURE(2.E-2),#34);
#3013=PRESENTATION_STYLE_ASSIGNMENT((#3012));
#3014=STYLED_ITEM('',(#3013),#3011);
#3015=CARTESIAN_POINT('',(0.E0,1.27E1,-7.E0));
#3016=DIRECTION('',(0.E0,1.E0,0.E0));
#3017=DIRECTION('',(0.E0,0.E0,1.E0));
#3018=AXIS2_PLACEMENT_3D('',#3015,#3016,#3017);
#3020=CURVE_STYLE('',#62,POSITIVE_LENGTH_MEASURE(2.E-2),#34);
#3021=PRESENTATION_STYLE_ASSIGNMENT((#3020));
#3022=STYLED_ITEM('',(#3021),#3019);
#3023=CARTESIAN_POINT('',(0.E0,1.27E1,-7.E0));
#3024=DIRECTION('',(0.E0,1.E0,0.E0));
#3025=DIRECTION('',(0.E0,0.E0,-1.E0));
#3026=AXIS2_PLACEMENT_3D('',#3023,#3024,#3025);
#3028=CURVE_STYLE('',#62,POSITIVE_LENGTH_MEASURE(2.E-2),#34);
#3029=PRESENTATION_STYLE_ASSIGNMENT((#3028));
#3030=STYLED_ITEM('',(#3029),#3027);
#3031=DIRECTION('',(0.E0,-1.E0,0.E0));
#3032=VECTOR('',#3031,5.E-1);
#3033=CARTESIAN_POINT('',(0.E0,1.27E1,-3.5E0));
#3034=LINE('',#3033,#3032);
#3035=CURVE_STYLE('',#62,POSITIVE_LENGTH_MEASURE(2.E-2),#34);
#3036=PRESENTATION_STYLE_ASSIGNMENT((#3035));
#3037=STYLED_ITEM('',(#3036),#3034);
#3038=DIRECTION('',(0.E0,-1.E0,0.E0));
#3039=VECTOR('',#3038,5.E-1);
#3040=CARTESIAN_POINT('',(0.E0,1.27E1,-1.05E1));
#3041=LINE('',#3040,#3039);
#3042=CURVE_STYLE('',#62,POSITIVE_LENGTH_MEASURE(2.E-2),#34);
#3043=PRESENTATION_STYLE_ASSIGNMENT((#3042));
#3044=STYLED_ITEM('',(#3043),#3041);
#3045=CARTESIAN_POINT('',(0.E0,1.22E1,-7.E0));
#3046=DIRECTION('',(0.E0,1.E0,0.E0));
#3047=DIRECTION('',(0.E0,0.E0,1.E0));
#3048=AXIS2_PLACEMENT_3D('',#3045,#3046,#3047);
#3050=CURVE_STYLE('',#62,POSITIVE_LENGTH_MEASURE(2.E-2),#34);
#3051=PRESENTATION_STYLE_ASSIGNMENT((#3050));
#3052=STYLED_ITEM('',(#3051),#3049);
#3053=CARTESIAN_POINT('',(0.E0,1.22E1,-7.E0));
#3054=DIRECTION('',(0.E0,1.E0,0.E0));
#3055=DIRECTION('',(0.E0,0.E0,-1.E0));
#3056=AXIS2_PLACEMENT_3D('',#3053,#3054,#3055);
#3058=CURVE_STYLE('',#62,POSITIVE_LENGTH_MEASURE(2.E-2),#34);
#3059=PRESENTATION_STYLE_ASSIGNMENT((#3058));
#3060=STYLED_ITEM('',(#3059),#3057);
#3061=CARTESIAN_POINT('',(0.E0,1.15E1,-7.E0));
#3062=DIRECTION('',(0.E0,1.E0,0.E0));
#3063=DIRECTION('',(0.E0,0.E0,1.E0));
#3064=AXIS2_PLACEMENT_3D('',#3061,#3062,#3063);
#3066=CURVE_STYLE('',#62,POSITIVE_LENGTH_MEASURE(2.E-2),#34);
#3067=PRESENTATION_STYLE_ASSIGNMENT((#3066));
#3068=STYLED_ITEM('',(#3067),#3065);
#3069=CARTESIAN_POINT('',(0.E0,1.22E1,-7.E0));
#3070=DIRECTION('',(0.E0,1.E0,0.E0));
#3071=DIRECTION('',(0.E0,0.E0,1.E0));
#3072=AXIS2_PLACEMENT_3D('',#3069,#3070,#3071);
#3074=CURVE_STYLE('',#62,POSITIVE_LENGTH_MEASURE(2.E-2),#34);
#3075=PRESENTATION_STYLE_ASSIGNMENT((#3074));
#3076=STYLED_ITEM('',(#3075),#3073);
#3077=DIRECTION('',(0.E0,-1.E0,0.E0));
#3078=VECTOR('',#3077,7.E-1);
#3079=CARTESIAN_POINT('',(0.E0,1.22E1,-4.25E0));
#3080=LINE('',#3079,#3078);
#3081=CURVE_STYLE('',#62,POSITIVE_LENGTH_MEASURE(2.E-2),#34);
#3082=PRESENTATION_STYLE_ASSIGNMENT((#3081));
#3083=STYLED_ITEM('',(#3082),#3080);
#3084=CARTESIAN_POINT('',(0.E0,1.15E1,-7.E0));
#3085=DIRECTION('',(0.E0,-1.E0,0.E0));
#3086=DIRECTION('',(0.E0,0.E0,1.E0));
#3087=AXIS2_PLACEMENT_3D('',#3084,#3085,#3086);
#3089=CURVE_STYLE('',#62,POSITIVE_LENGTH_MEASURE(2.E-2),#34);
#3090=PRESENTATION_STYLE_ASSIGNMENT((#3089));
#3091=STYLED_ITEM('',(#3090),#3088);
#3092=CARTESIAN_POINT('',(0.E0,1.15E1,-7.E0));
#3093=DIRECTION('',(0.E0,-1.E0,0.E0));
#3094=DIRECTION('',(0.E0,0.E0,-1.E0));
#3095=AXIS2_PLACEMENT_3D('',#3092,#3093,#3094);
#3097=CURVE_STYLE('',#62,POSITIVE_LENGTH_MEASURE(2.E-2),#34);
#3098=PRESENTATION_STYLE_ASSIGNMENT((#3097));
#3099=STYLED_ITEM('',(#3098),#3096);
#3100=DIRECTION('',(0.E0,1.E0,0.E0));
#3101=VECTOR('',#3100,5.E-1);
#3102=CARTESIAN_POINT('',(0.E0,1.1E1,-3.5E0));
#3103=LINE('',#3102,#3101);
#3104=CURVE_STYLE('',#62,POSITIVE_LENGTH_MEASURE(2.E-2),#34);
#3105=PRESENTATION_STYLE_ASSIGNMENT((#3104));
#3106=STYLED_ITEM('',(#3105),#3103);
#3107=DIRECTION('',(0.E0,1.E0,0.E0));
#3108=VECTOR('',#3107,5.E-1);
#3109=CARTESIAN_POINT('',(0.E0,1.1E1,-1.05E1));
#3110=LINE('',#3109,#3108);
#3111=CURVE_STYLE('',#62,POSITIVE_LENGTH_MEASURE(2.E-2),#34);
#3112=PRESENTATION_STYLE_ASSIGNMENT((#3111));
#3113=STYLED_ITEM('',(#3112),#3110);
#3114=CARTESIAN_POINT('',(0.E0,1.15E1,-7.E0));
#3115=DIRECTION('',(0.E0,1.E0,0.E0));
#3116=DIRECTION('',(0.E0,0.E0,-1.E0));
#3117=AXIS2_PLACEMENT_3D('',#3114,#3115,#3116);
#3119=CURVE_STYLE('',#62,POSITIVE_LENGTH_MEASURE(2.E-2),#34);
#3120=PRESENTATION_STYLE_ASSIGNMENT((#3119));
#3121=STYLED_ITEM('',(#3120),#3118);
#3122=CARTESIAN_POINT('',(0.E0,1.22E1,-7.E0));
#3123=DIRECTION('',(0.E0,1.E0,0.E0));
#3124=DIRECTION('',(0.E0,0.E0,-1.E0));
#3125=AXIS2_PLACEMENT_3D('',#3122,#3123,#3124);
#3127=CURVE_STYLE('',#62,POSITIVE_LENGTH_MEASURE(2.E-2),#34);
#3128=PRESENTATION_STYLE_ASSIGNMENT((#3127));
#3129=STYLED_ITEM('',(#3128),#3126);
#3130=DIRECTION('',(0.E0,-1.E0,0.E0));
#3131=VECTOR('',#3130,7.E-1);
#3132=CARTESIAN_POINT('',(0.E0,1.22E1,-9.75E0));
#3133=LINE('',#3132,#3131);
#3134=CURVE_STYLE('',#62,POSITIVE_LENGTH_MEASURE(2.E-2),#34);
#3135=PRESENTATION_STYLE_ASSIGNMENT((#3134));
#3136=STYLED_ITEM('',(#3135),#3133);
#3137=DIRECTION('',(0.E0,-1.E0,0.E0));
#3138=VECTOR('',#3137,8.5E-1);
#3139=CARTESIAN_POINT('',(0.E0,1.3E1,1.575E1));
#3140=LINE('',#3139,#3138);
#3141=CURVE_STYLE('',#62,POSITIVE_LENGTH_MEASURE(2.E-2),#34);
#3142=PRESENTATION_STYLE_ASSIGNMENT((#3141));
#3143=STYLED_ITEM('',(#3142),#3140);
#3144=DIRECTION('',(0.E0,-1.E0,0.E0));
#3145=VECTOR('',#3144,8.5E-1);
#3146=CARTESIAN_POINT('',(0.E0,1.3E1,2.825E1));
#3147=LINE('',#3146,#3145);
#3148=CURVE_STYLE('',#62,POSITIVE_LENGTH_MEASURE(2.E-2),#34);
#3149=PRESENTATION_STYLE_ASSIGNMENT((#3148));
#3150=STYLED_ITEM('',(#3149),#3147);
#3151=CARTESIAN_POINT('',(0.E0,1.215E1,2.2E1));
#3152=DIRECTION('',(0.E0,1.E0,0.E0));
#3153=DIRECTION('',(0.E0,0.E0,1.E0));
#3154=AXIS2_PLACEMENT_3D('',#3151,#3152,#3153);
#3156=CURVE_STYLE('',#62,POSITIVE_LENGTH_MEASURE(2.E-2),#34);
#3157=PRESENTATION_STYLE_ASSIGNMENT((#3156));
#3158=STYLED_ITEM('',(#3157),#3155);
#3159=CARTESIAN_POINT('',(0.E0,1.215E1,2.2E1));
#3160=DIRECTION('',(0.E0,1.E0,0.E0));
#3161=DIRECTION('',(0.E0,0.E0,-1.E0));
#3162=AXIS2_PLACEMENT_3D('',#3159,#3160,#3161);
#3164=CURVE_STYLE('',#62,POSITIVE_LENGTH_MEASURE(2.E-2),#34);
#3165=PRESENTATION_STYLE_ASSIGNMENT((#3164));
#3166=STYLED_ITEM('',(#3165),#3163);
#3167=CARTESIAN_POINT('',(0.E0,1.215E1,2.2E1));
#3168=DIRECTION('',(0.E0,1.E0,0.E0));
#3169=DIRECTION('',(0.E0,0.E0,-1.E0));
#3170=AXIS2_PLACEMENT_3D('',#3167,#3168,#3169);
#3172=CURVE_STYLE('',#62,POSITIVE_LENGTH_MEASURE(2.E-2),#34);
#3173=PRESENTATION_STYLE_ASSIGNMENT((#3172));
#3174=STYLED_ITEM('',(#3173),#3171);
#3175=CARTESIAN_POINT('',(0.E0,1.215E1,2.2E1));
#3176=DIRECTION('',(0.E0,1.E0,0.E0));
#3177=DIRECTION('',(0.E0,0.E0,1.E0));
#3178=AXIS2_PLACEMENT_3D('',#3175,#3176,#3177);
#3180=CURVE_STYLE('',#62,POSITIVE_LENGTH_MEASURE(2.E-2),#34);
#3181=PRESENTATION_STYLE_ASSIGNMENT((#3180));
#3182=STYLED_ITEM('',(#3181),#3179);
#3183=DIRECTION('',(0.E0,-1.E0,0.E0));
#3184=VECTOR('',#3183,1.15E0);
#3185=CARTESIAN_POINT('',(0.E0,1.215E1,2.95E1));
#3186=LINE('',#3185,#3184);
#3187=CURVE_STYLE('',#62,POSITIVE_LENGTH_MEASURE(2.E-2),#34);
#3188=PRESENTATION_STYLE_ASSIGNMENT((#3187));
#3189=STYLED_ITEM('',(#3188),#3186);
#3190=DIRECTION('',(0.E0,-1.E0,0.E0));
#3191=VECTOR('',#3190,1.15E0);
#3192=CARTESIAN_POINT('',(0.E0,1.215E1,1.45E1));
#3193=LINE('',#3192,#3191);
#3194=CURVE_STYLE('',#62,POSITIVE_LENGTH_MEASURE(2.E-2),#34);
#3195=PRESENTATION_STYLE_ASSIGNMENT((#3194));
#3196=STYLED_ITEM('',(#3195),#3193);
#3197=DIRECTION('',(0.E0,-1.E0,0.E0));
#3198=VECTOR('',#3197,1.35E1);
#3199=CARTESIAN_POINT('',(-2.75E1,1.1E1,4.5E1));
#3200=LINE('',#3199,#3198);
#3201=CURVE_STYLE('',#62,POSITIVE_LENGTH_MEASURE(2.E-2),#34);
#3202=PRESENTATION_STYLE_ASSIGNMENT((#3201));
#3203=STYLED_ITEM('',(#3202),#3200);
#3204=CARTESIAN_POINT('',(2.4E1,0.E0,4.2E1));
#3205=DIRECTION('',(0.E0,-1.E0,0.E0));
#3206=DIRECTION('',(-2.4E-1,0.E0,9.707728879609E-1));
#3207=AXIS2_PLACEMENT_3D('',#3204,#3205,#3206);
#3209=CURVE_STYLE('',#62,POSITIVE_LENGTH_MEASURE(2.E-2),#34);
#3210=PRESENTATION_STYLE_ASSIGNMENT((#3209));
#3211=STYLED_ITEM('',(#3210),#3208);
#3212=DIRECTION('',(0.E0,1.E0,0.E0));
#3213=VECTOR('',#3212,1.1E1);
#3214=CARTESIAN_POINT('',(2.642693221990E1,0.E0,4.14E1));
#3215=LINE('',#3214,#3213);
#3216=CURVE_STYLE('',#62,POSITIVE_LENGTH_MEASURE(2.E-2),#34);
#3217=PRESENTATION_STYLE_ASSIGNMENT((#3216));
#3218=STYLED_ITEM('',(#3217),#3215);
#3219=CARTESIAN_POINT('',(2.4E1,1.1E1,4.2E1));
#3220=DIRECTION('',(0.E0,1.E0,0.E0));
#3221=DIRECTION('',(9.707728879609E-1,0.E0,-2.4E-1));
#3222=AXIS2_PLACEMENT_3D('',#3219,#3220,#3221);
#3224=CURVE_STYLE('',#62,POSITIVE_LENGTH_MEASURE(2.E-2),#34);
#3225=PRESENTATION_STYLE_ASSIGNMENT((#3224));
#3226=STYLED_ITEM('',(#3225),#3223);
#3227=DIRECTION('',(0.E0,1.E0,0.E0));
#3228=VECTOR('',#3227,1.1E1);
#3229=CARTESIAN_POINT('',(2.34E1,0.E0,4.442693221990E1));
#3230=LINE('',#3229,#3228);
#3231=CURVE_STYLE('',#62,POSITIVE_LENGTH_MEASURE(2.E-2),#34);
#3232=PRESENTATION_STYLE_ASSIGNMENT((#3231));
#3233=STYLED_ITEM('',(#3232),#3230);
#3234=DIRECTION('',(0.E0,1.E0,0.E0));
#3235=VECTOR('',#3234,1.1E1);
#3236=CARTESIAN_POINT('',(2.46E1,0.E0,4.442693221990E1));
#3237=LINE('',#3236,#3235);
#3238=CURVE_STYLE('',#62,POSITIVE_LENGTH_MEASURE(2.E-2),#34);
#3239=PRESENTATION_STYLE_ASSIGNMENT((#3238));
#3240=STYLED_ITEM('',(#3239),#3237);
#3241=DIRECTION('',(0.E0,1.E0,0.E0));
#3242=VECTOR('',#3241,1.1E1);
#3243=CARTESIAN_POINT('',(2.642693221990E1,0.E0,4.26E1));
#3244=LINE('',#3243,#3242);
#3245=CURVE_STYLE('',#62,POSITIVE_LENGTH_MEASURE(2.E-2),#34);
#3246=PRESENTATION_STYLE_ASSIGNMENT((#3245));
#3247=STYLED_ITEM('',(#3246),#3244);
#3248=DIRECTION('',(0.E0,0.E0,-1.E0));
#3249=VECTOR('',#3248,6.E0);
#3250=CARTESIAN_POINT('',(2.75E1,0.E0,-3.2E1));
#3251=LINE('',#3250,#3249);
#3252=CURVE_STYLE('',#62,POSITIVE_LENGTH_MEASURE(2.E-2),#34);
#3253=PRESENTATION_STYLE_ASSIGNMENT((#3252));
#3254=STYLED_ITEM('',(#3253),#3251);
#3255=DIRECTION('',(0.E0,-1.E0,0.E0));
#3256=VECTOR('',#3255,1.E0);
#3257=CARTESIAN_POINT('',(2.75E1,0.E0,-3.8E1));
#3258=LINE('',#3257,#3256);
#3259=CURVE_STYLE('',#62,POSITIVE_LENGTH_MEASURE(2.E-2),#34);
#3260=PRESENTATION_STYLE_ASSIGNMENT((#3259));
#3261=STYLED_ITEM('',(#3260),#3258);
#3262=DIRECTION('',(0.E0,0.E0,-1.E0));
#3263=VECTOR('',#3262,6.E0);
#3264=CARTESIAN_POINT('',(2.75E1,-1.E0,-3.2E1));
#3265=LINE('',#3264,#3263);
#3266=CURVE_STYLE('',#62,POSITIVE_LENGTH_MEASURE(2.E-2),#34);
#3267=PRESENTATION_STYLE_ASSIGNMENT((#3266));
#3268=STYLED_ITEM('',(#3267),#3265);
#3269=DIRECTION('',(0.E0,-1.E0,0.E0));
#3270=VECTOR('',#3269,1.E0);
#3271=CARTESIAN_POINT('',(2.75E1,0.E0,-3.2E1));
#3272=LINE('',#3271,#3270);
#3273=CURVE_STYLE('',#62,POSITIVE_LENGTH_MEASURE(2.E-2),#34);
#3274=PRESENTATION_STYLE_ASSIGNMENT((#3273));
#3275=STYLED_ITEM('',(#3274),#3272);
#3276=DIRECTION('',(0.E0,0.E0,-1.E0));
#3277=VECTOR('',#3276,6.E0);
#3278=CARTESIAN_POINT('',(2.75E1,0.E0,3.8E1));
#3279=LINE('',#3278,#3277);
#3280=CURVE_STYLE('',#62,POSITIVE_LENGTH_MEASURE(2.E-2),#34);
#3281=PRESENTATION_STYLE_ASSIGNMENT((#3280));
#3282=STYLED_ITEM('',(#3281),#3279);
#3283=DIRECTION('',(0.E0,-1.E0,0.E0));
#3284=VECTOR('',#3283,1.E0);
#3285=CARTESIAN_POINT('',(2.75E1,0.E0,3.2E1));
#3286=LINE('',#3285,#3284);
#3287=CURVE_STYLE('',#62,POSITIVE_LENGTH_MEASURE(2.E-2),#34);
#3288=PRESENTATION_STYLE_ASSIGNMENT((#3287));
#3289=STYLED_ITEM('',(#3288),#3286);
#3290=DIRECTION('',(0.E0,0.E0,-1.E0));
#3291=VECTOR('',#3290,6.E0);
#3292=CARTESIAN_POINT('',(2.75E1,-1.E0,3.8E1));
#3293=LINE('',#3292,#3291);
#3294=CURVE_STYLE('',#62,POSITIVE_LENGTH_MEASURE(2.E-2),#34);
#3295=PRESENTATION_STYLE_ASSIGNMENT((#3294));
#3296=STYLED_ITEM('',(#3295),#3293);
#3297=DIRECTION('',(0.E0,-1.E0,0.E0));
#3298=VECTOR('',#3297,1.E0);
#3299=CARTESIAN_POINT('',(2.75E1,0.E0,3.8E1));
#3300=LINE('',#3299,#3298);
#3301=CURVE_STYLE('',#62,POSITIVE_LENGTH_MEASURE(2.E-2),#34);
#3302=PRESENTATION_STYLE_ASSIGNMENT((#3301));
#3303=STYLED_ITEM('',(#3302),#3300);
#3304=DIRECTION('',(0.E0,0.E0,-1.E0));
#3305=VECTOR('',#3304,1.2E0);
#3306=CARTESIAN_POINT('',(2.75E1,0.E0,4.26E1));
#3307=LINE('',#3306,#3305);
#3308=CURVE_STYLE('',#62,POSITIVE_LENGTH_MEASURE(2.E-2),#34);
#3309=PRESENTATION_STYLE_ASSIGNMENT((#3308));
#3310=STYLED_ITEM('',(#3309),#3307);
#3311=DIRECTION('',(0.E0,-1.E0,0.E0));
#3312=VECTOR('',#3311,1.1E1);
#3313=CARTESIAN_POINT('',(2.75E1,1.1E1,4.26E1));
#3314=LINE('',#3313,#3312);
#3315=CURVE_STYLE('',#62,POSITIVE_LENGTH_MEASURE(2.E-2),#34);
#3316=PRESENTATION_STYLE_ASSIGNMENT((#3315));
#3317=STYLED_ITEM('',(#3316),#3314);
#3318=DIRECTION('',(0.E0,-1.E0,0.E0));
#3319=VECTOR('',#3318,1.35E1);
#3320=CARTESIAN_POINT('',(2.75E1,1.1E1,4.5E1));
#3321=LINE('',#3320,#3319);
#3322=CURVE_STYLE('',#62,POSITIVE_LENGTH_MEASURE(2.E-2),#34);
#3323=PRESENTATION_STYLE_ASSIGNMENT((#3322));
#3324=STYLED_ITEM('',(#3323),#3321);
#3325=DIRECTION('',(0.E0,1.E0,0.E0));
#3326=VECTOR('',#3325,1.35E1);
#3327=CARTESIAN_POINT('',(2.75E1,-2.5E0,-4.5E1));
#3328=LINE('',#3327,#3326);
#3329=CURVE_STYLE('',#62,POSITIVE_LENGTH_MEASURE(2.E-2),#34);
#3330=PRESENTATION_STYLE_ASSIGNMENT((#3329));
#3331=STYLED_ITEM('',(#3330),#3328);
#3332=DIRECTION('',(0.E0,-1.E0,0.E0));
#3333=VECTOR('',#3332,1.1E1);
#3334=CARTESIAN_POINT('',(2.75E1,1.1E1,-4.26E1));
#3335=LINE('',#3334,#3333);
#3336=CURVE_STYLE('',#62,POSITIVE_LENGTH_MEASURE(2.E-2),#34);
#3337=PRESENTATION_STYLE_ASSIGNMENT((#3336));
#3338=STYLED_ITEM('',(#3337),#3335);
#3339=DIRECTION('',(0.E0,0.E0,-1.E0));
#3340=VECTOR('',#3339,1.2E0);
#3341=CARTESIAN_POINT('',(2.75E1,0.E0,-4.14E1));
#3342=LINE('',#3341,#3340);
#3343=CURVE_STYLE('',#62,POSITIVE_LENGTH_MEASURE(2.E-2),#34);
#3344=PRESENTATION_STYLE_ASSIGNMENT((#3343));
#3345=STYLED_ITEM('',(#3344),#3342);
#3346=DIRECTION('',(0.E0,-1.E0,0.E0));
#3347=VECTOR('',#3346,1.1E1);
#3348=CARTESIAN_POINT('',(2.75E1,1.1E1,-4.14E1));
#3349=LINE('',#3348,#3347);
#3350=CURVE_STYLE('',#62,POSITIVE_LENGTH_MEASURE(2.E-2),#34);
#3351=PRESENTATION_STYLE_ASSIGNMENT((#3350));
#3352=STYLED_ITEM('',(#3351),#3349);
#3353=DIRECTION('',(0.E0,-1.E0,0.E0));
#3354=VECTOR('',#3353,1.1E1);
#3355=CARTESIAN_POINT('',(2.75E1,1.1E1,4.14E1));
#3356=LINE('',#3355,#3354);
#3357=CURVE_STYLE('',#62,POSITIVE_LENGTH_MEASURE(2.E-2),#34);
#3358=PRESENTATION_STYLE_ASSIGNMENT((#3357));
#3359=STYLED_ITEM('',(#3358),#3356);
#3360=DIRECTION('',(0.E0,-1.E0,0.E0));
#3361=VECTOR('',#3360,3.3E0);
#3362=CARTESIAN_POINT('',(2.75E1,3.4E0,-2.850000224E1));
#3363=LINE('',#3362,#3361);
#3364=CURVE_STYLE('',#62,POSITIVE_LENGTH_MEASURE(2.E-2),#34);
#3365=PRESENTATION_STYLE_ASSIGNMENT((#3364));
#3366=STYLED_ITEM('',(#3365),#3363);
#3367=DIRECTION('',(0.E0,0.E0,1.E0));
#3368=VECTOR('',#3367,5.900000014E1);
#3369=CARTESIAN_POINT('',(2.75E1,1.E-1,-2.850000224E1));
#3370=LINE('',#3369,#3368);
#3371=CURVE_STYLE('',#62,POSITIVE_LENGTH_MEASURE(2.E-2),#34);
#3372=PRESENTATION_STYLE_ASSIGNMENT((#3371));
#3373=STYLED_ITEM('',(#3372),#3370);
#3374=DIRECTION('',(0.E0,1.E0,0.E0));
#3375=VECTOR('',#3374,3.3E0);
#3376=CARTESIAN_POINT('',(2.75E1,1.E-1,3.04999979E1));
#3377=LINE('',#3376,#3375);
#3378=CURVE_STYLE('',#62,POSITIVE_LENGTH_MEASURE(2.E-2),#34);
#3379=PRESENTATION_STYLE_ASSIGNMENT((#3378));
#3380=STYLED_ITEM('',(#3379),#3377);
#3381=DIRECTION('',(0.E0,0.E0,-1.E0));
#3382=VECTOR('',#3381,5.900000014E1);
#3383=CARTESIAN_POINT('',(2.75E1,3.4E0,3.04999979E1));
#3384=LINE('',#3383,#3382);
#3385=CURVE_STYLE('',#62,POSITIVE_LENGTH_MEASURE(2.E-2),#34);
#3386=PRESENTATION_STYLE_ASSIGNMENT((#3385));
#3387=STYLED_ITEM('',(#3386),#3384);
#3388=DIRECTION('',(0.E0,0.E0,-1.E0));
#3389=VECTOR('',#3388,6.E0);
#3390=CARTESIAN_POINT('',(2.828254493507E1,-1.E0,-3.2E1));
#3391=LINE('',#3390,#3389);
#3392=CURVE_STYLE('',#62,POSITIVE_LENGTH_MEASURE(2.E-2),#34);
#3393=PRESENTATION_STYLE_ASSIGNMENT((#3392));
#3394=STYLED_ITEM('',(#3393),#3391);
#3395=DIRECTION('',(-1.745240643729E-2,-9.998476951564E-1,0.E0));
#3396=VECTOR('',#3395,1.000152328044E0);
#3397=CARTESIAN_POINT('',(2.83E1,0.E0,-3.8E1));
#3398=LINE('',#3397,#3396);
#3399=CURVE_STYLE('',#62,POSITIVE_LENGTH_MEASURE(2.E-2),#34);
#3400=PRESENTATION_STYLE_ASSIGNMENT((#3399));
#3401=STYLED_ITEM('',(#3400),#3398);
#3402=DIRECTION('',(-1.745240643728E-2,-9.998476951564E-1,0.E0));
#3403=VECTOR('',#3402,2.500380820110E0);
#3404=CARTESIAN_POINT('',(2.83E1,0.E0,-4.5E1));
#3405=LINE('',#3404,#3403);
#3406=CURVE_STYLE('',#62,POSITIVE_LENGTH_MEASURE(2.E-2),#34);
#3407=PRESENTATION_STYLE_ASSIGNMENT((#3406));
#3408=STYLED_ITEM('',(#3407),#3405);
#3409=DIRECTION('',(-1.745240643729E-2,-9.998476951564E-1,0.E0));
#3410=VECTOR('',#3409,1.000152328044E0);
#3411=CARTESIAN_POINT('',(2.83E1,0.E0,3.8E1));
#3412=LINE('',#3411,#3410);
#3413=CURVE_STYLE('',#62,POSITIVE_LENGTH_MEASURE(2.E-2),#34);
#3414=PRESENTATION_STYLE_ASSIGNMENT((#3413));
#3415=STYLED_ITEM('',(#3414),#3412);
#3416=DIRECTION('',(0.E0,0.E0,-1.E0));
#3417=VECTOR('',#3416,6.E0);
#3418=CARTESIAN_POINT('',(2.828254493507E1,-1.E0,3.8E1));
#3419=LINE('',#3418,#3417);
#3420=CURVE_STYLE('',#62,POSITIVE_LENGTH_MEASURE(2.E-2),#34);
#3421=PRESENTATION_STYLE_ASSIGNMENT((#3420));
#3422=STYLED_ITEM('',(#3421),#3419);
#3423=DIRECTION('',(-1.745240643729E-2,-9.998476951564E-1,0.E0));
#3424=VECTOR('',#3423,1.000152328044E0);
#3425=CARTESIAN_POINT('',(2.83E1,0.E0,3.2E1));
#3426=LINE('',#3425,#3424);
#3427=CURVE_STYLE('',#62,POSITIVE_LENGTH_MEASURE(2.E-2),#34);
#3428=PRESENTATION_STYLE_ASSIGNMENT((#3427));
#3429=STYLED_ITEM('',(#3428),#3426);
#3430=DIRECTION('',(-1.745240643729E-2,-9.998476951564E-1,0.E0));
#3431=VECTOR('',#3430,1.000152328044E0);
#3432=CARTESIAN_POINT('',(2.83E1,0.E0,-3.2E1));
#3433=LINE('',#3432,#3431);
#3434=CURVE_STYLE('',#62,POSITIVE_LENGTH_MEASURE(2.E-2),#34);
#3435=PRESENTATION_STYLE_ASSIGNMENT((#3434));
#3436=STYLED_ITEM('',(#3435),#3433);
#3437=DIRECTION('',(0.E0,-9.998476951564E-1,1.745240643729E-2));
#3438=VECTOR('',#3437,2.500380820110E0);
#3439=CARTESIAN_POINT('',(2.7E1,0.E0,-4.63E1));
#3440=LINE('',#3439,#3438);
#3441=CURVE_STYLE('',#62,POSITIVE_LENGTH_MEASURE(2.E-2),#34);
#3442=PRESENTATION_STYLE_ASSIGNMENT((#3441));
#3443=STYLED_ITEM('',(#3442),#3440);
#3444=DIRECTION('',(-1.745240643729E-2,-9.998476951564E-1,0.E0));
#3445=VECTOR('',#3444,2.500380820110E0);
#3446=CARTESIAN_POINT('',(2.83E1,0.E0,4.5E1));
#3447=LINE('',#3446,#3445);
#3448=CURVE_STYLE('',#62,POSITIVE_LENGTH_MEASURE(2.E-2),#34);
#3449=PRESENTATION_STYLE_ASSIGNMENT((#3448));
#3450=STYLED_ITEM('',(#3449),#3447);
#3451=DIRECTION('',(0.E0,-1.E0,0.E0));
#3452=VECTOR('',#3451,1.35E1);
#3453=CARTESIAN_POINT('',(2.7E1,1.1E1,4.55E1));
#3454=LINE('',#3453,#3452);
#3455=CURVE_STYLE('',#62,POSITIVE_LENGTH_MEASURE(2.E-2),#34);
#3456=PRESENTATION_STYLE_ASSIGNMENT((#3455));
#3457=STYLED_ITEM('',(#3456),#3454);
#3458=DIRECTION('',(0.E0,1.E0,0.E0));
#3459=VECTOR('',#3458,1.1E1);
#3460=CARTESIAN_POINT('',(2.46E1,0.E0,-4.442693221990E1));
#3461=LINE('',#3460,#3459);
#3462=CURVE_STYLE('',#62,POSITIVE_LENGTH_MEASURE(2.E-2),#34);
#3463=PRESENTATION_STYLE_ASSIGNMENT((#3462));
#3464=STYLED_ITEM('',(#3463),#3461);
#3465=DIRECTION('',(0.E0,1.E0,0.E0));
#3466=VECTOR('',#3465,1.1E1);
#3467=CARTESIAN_POINT('',(2.642693221990E1,0.E0,-4.26E1));
#3468=LINE('',#3467,#3466);
#3469=CURVE_STYLE('',#62,POSITIVE_LENGTH_MEASURE(2.E-2),#34);
#3470=PRESENTATION_STYLE_ASSIGNMENT((#3469));
#3471=STYLED_ITEM('',(#3470),#3468);
#3472=CARTESIAN_POINT('',(2.4E1,0.E0,-4.2E1));
#3473=DIRECTION('',(0.E0,-1.E0,0.E0));
#3474=DIRECTION('',(9.707728879609E-1,0.E0,2.4E-1));
#3475=AXIS2_PLACEMENT_3D('',#3472,#3473,#3474);
#3477=CURVE_STYLE('',#62,POSITIVE_LENGTH_MEASURE(2.E-2),#34);
#3478=PRESENTATION_STYLE_ASSIGNMENT((#3477));
#3479=STYLED_ITEM('',(#3478),#3476);
#3480=DIRECTION('',(0.E0,1.E0,0.E0));
#3481=VECTOR('',#3480,1.1E1);
#3482=CARTESIAN_POINT('',(2.34E1,0.E0,-4.442693221990E1));
#3483=LINE('',#3482,#3481);
#3484=CURVE_STYLE('',#62,POSITIVE_LENGTH_MEASURE(2.E-2),#34);
#3485=PRESENTATION_STYLE_ASSIGNMENT((#3484));
#3486=STYLED_ITEM('',(#3485),#3483);
#3487=CARTESIAN_POINT('',(2.4E1,1.1E1,-4.2E1));
#3488=DIRECTION('',(0.E0,1.E0,0.E0));
#3489=DIRECTION('',(-2.4E-1,0.E0,-9.707728879609E-1));
#3490=AXIS2_PLACEMENT_3D('',#3487,#3488,#3489);
#3492=CURVE_STYLE('',#62,POSITIVE_LENGTH_MEASURE(2.E-2),#34);
#3493=PRESENTATION_STYLE_ASSIGNMENT((#3492));
#3494=STYLED_ITEM('',(#3493),#3491);
#3495=DIRECTION('',(0.E0,1.E0,0.E0));
#3496=VECTOR('',#3495,1.1E1);
#3497=CARTESIAN_POINT('',(2.642693221990E1,0.E0,-4.14E1));
#3498=LINE('',#3497,#3496);
#3499=CURVE_STYLE('',#62,POSITIVE_LENGTH_MEASURE(2.E-2),#34);
#3500=PRESENTATION_STYLE_ASSIGNMENT((#3499));
#3501=STYLED_ITEM('',(#3500),#3498);
#3502=DIRECTION('',(1.E0,0.E0,0.E0));
#3503=VECTOR('',#3502,6.E-1);
#3504=CARTESIAN_POINT('',(2.75E1,3.4E0,-2.850000224E1));
#3505=LINE('',#3504,#3503);
#3506=CURVE_STYLE('',#62,POSITIVE_LENGTH_MEASURE(2.E-2),#34);
#3507=PRESENTATION_STYLE_ASSIGNMENT((#3506));
#3508=STYLED_ITEM('',(#3507),#3505);
#3509=DIRECTION('',(1.E0,0.E0,0.E0));
#3510=VECTOR('',#3509,6.E-1);
#3511=CARTESIAN_POINT('',(2.75E1,3.4E0,3.04999979E1));
#3512=LINE('',#3511,#3510);
#3513=CURVE_STYLE('',#62,POSITIVE_LENGTH_MEASURE(2.E-2),#34);
#3514=PRESENTATION_STYLE_ASSIGNMENT((#3513));
#3515=STYLED_ITEM('',(#3514),#3512);
#3516=DIRECTION('',(1.E0,0.E0,0.E0));
#3517=VECTOR('',#3516,6.E-1);
#3518=CARTESIAN_POINT('',(2.75E1,1.E-1,3.04999979E1));
#3519=LINE('',#3518,#3517);
#3520=CURVE_STYLE('',#62,POSITIVE_LENGTH_MEASURE(2.E-2),#34);
#3521=PRESENTATION_STYLE_ASSIGNMENT((#3520));
#3522=STYLED_ITEM('',(#3521),#3519);
#3523=DIRECTION('',(1.E0,0.E0,0.E0));
#3524=VECTOR('',#3523,6.E-1);
#3525=CARTESIAN_POINT('',(2.75E1,1.E-1,-2.850000224E1));
#3526=LINE('',#3525,#3524);
#3527=CURVE_STYLE('',#62,POSITIVE_LENGTH_MEASURE(2.E-2),#34);
#3528=PRESENTATION_STYLE_ASSIGNMENT((#3527));
#3529=STYLED_ITEM('',(#3528),#3526);
#3530=DIRECTION('',(0.E0,-1.E0,0.E0));
#3531=VECTOR('',#3530,3.3E0);
#3532=CARTESIAN_POINT('',(2.81E1,3.4E0,-2.850000224E1));
#3533=LINE('',#3532,#3531);
#3534=CURVE_STYLE('',#62,POSITIVE_LENGTH_MEASURE(2.E-2),#34);
#3535=PRESENTATION_STYLE_ASSIGNMENT((#3534));
#3536=STYLED_ITEM('',(#3535),#3533);
#3537=DIRECTION('',(0.E0,0.E0,-1.E0));
#3538=VECTOR('',#3537,5.900000014E1);
#3539=CARTESIAN_POINT('',(2.81E1,3.4E0,3.04999979E1));
#3540=LINE('',#3539,#3538);
#3541=CURVE_STYLE('',#62,POSITIVE_LENGTH_MEASURE(2.E-2),#34);
#3542=PRESENTATION_STYLE_ASSIGNMENT((#3541));
#3543=STYLED_ITEM('',(#3542),#3540);
#3544=DIRECTION('',(0.E0,1.E0,0.E0));
#3545=VECTOR('',#3544,3.3E0);
#3546=CARTESIAN_POINT('',(2.81E1,1.E-1,3.04999979E1));
#3547=LINE('',#3546,#3545);
#3548=CURVE_STYLE('',#62,POSITIVE_LENGTH_MEASURE(2.E-2),#34);
#3549=PRESENTATION_STYLE_ASSIGNMENT((#3548));
#3550=STYLED_ITEM('',(#3549),#3547);
#3551=DIRECTION('',(0.E0,0.E0,1.E0));
#3552=VECTOR('',#3551,5.900000014E1);
#3553=CARTESIAN_POINT('',(2.81E1,1.E-1,-2.850000224E1));
#3554=LINE('',#3553,#3552);
#3555=CURVE_STYLE('',#62,POSITIVE_LENGTH_MEASURE(2.E-2),#34);
#3556=PRESENTATION_STYLE_ASSIGNMENT((#3555));
#3557=STYLED_ITEM('',(#3556),#3554);
#3558=DIRECTION('',(0.E0,1.E0,0.E0));
#3559=VECTOR('',#3558,1.1E1);
#3560=CARTESIAN_POINT('',(-2.46E1,0.E0,-4.442693221990E1));
#3561=LINE('',#3560,#3559);
#3562=CURVE_STYLE('',#62,POSITIVE_LENGTH_MEASURE(2.E-2),#34);
#3563=PRESENTATION_STYLE_ASSIGNMENT((#3562));
#3564=STYLED_ITEM('',(#3563),#3561);
#3565=DIRECTION('',(0.E0,1.E0,0.E0));
#3566=VECTOR('',#3565,1.1E1);
#3567=CARTESIAN_POINT('',(-2.642693221990E1,0.E0,-4.26E1));
#3568=LINE('',#3567,#3566);
#3569=CURVE_STYLE('',#62,POSITIVE_LENGTH_MEASURE(2.E-2),#34);
#3570=PRESENTATION_STYLE_ASSIGNMENT((#3569));
#3571=STYLED_ITEM('',(#3570),#3568);
#3572=CARTESIAN_POINT('',(-2.4E1,1.1E1,-4.2E1));
#3573=DIRECTION('',(0.E0,1.E0,0.E0));
#3574=DIRECTION('',(-9.707728879609E-1,0.E0,2.4E-1));
#3575=AXIS2_PLACEMENT_3D('',#3572,#3573,#3574);
#3577=CURVE_STYLE('',#62,POSITIVE_LENGTH_MEASURE(2.E-2),#34);
#3578=PRESENTATION_STYLE_ASSIGNMENT((#3577));
#3579=STYLED_ITEM('',(#3578),#3576);
#3580=DIRECTION('',(0.E0,1.E0,0.E0));
#3581=VECTOR('',#3580,1.1E1);
#3582=CARTESIAN_POINT('',(-2.34E1,0.E0,-4.442693221990E1));
#3583=LINE('',#3582,#3581);
#3584=CURVE_STYLE('',#62,POSITIVE_LENGTH_MEASURE(2.E-2),#34);
#3585=PRESENTATION_STYLE_ASSIGNMENT((#3584));
#3586=STYLED_ITEM('',(#3585),#3583);
#3587=CARTESIAN_POINT('',(-2.4E1,0.E0,-4.2E1));
#3588=DIRECTION('',(0.E0,-1.E0,0.E0));
#3589=DIRECTION('',(2.4E-1,0.E0,-9.707728879609E-1));
#3590=AXIS2_PLACEMENT_3D('',#3587,#3588,#3589);
#3592=CURVE_STYLE('',#62,POSITIVE_LENGTH_MEASURE(2.E-2),#34);
#3593=PRESENTATION_STYLE_ASSIGNMENT((#3592));
#3594=STYLED_ITEM('',(#3593),#3591);
#3595=DIRECTION('',(0.E0,1.E0,0.E0));
#3596=VECTOR('',#3595,1.1E1);
#3597=CARTESIAN_POINT('',(-2.642693221990E1,0.E0,-4.14E1));
#3598=LINE('',#3597,#3596);
#3599=CURVE_STYLE('',#62,POSITIVE_LENGTH_MEASURE(2.E-2),#34);
#3600=PRESENTATION_STYLE_ASSIGNMENT((#3599));
#3601=STYLED_ITEM('',(#3600),#3598);
#3602=DIRECTION('',(0.E0,-1.E0,0.E0));
#3603=VECTOR('',#3602,1.35E1);
#3604=CARTESIAN_POINT('',(-2.7E1,1.1E1,-4.55E1));
#3605=LINE('',#3604,#3603);
#3606=CURVE_STYLE('',#62,POSITIVE_LENGTH_MEASURE(2.E-2),#34);
#3607=PRESENTATION_STYLE_ASSIGNMENT((#3606));
#3608=STYLED_ITEM('',(#3607),#3605);
#3609=CARTESIAN_POINT('',(-3.189997224434E0,2.6967556E-1,4.7E1));
#3610=DIRECTION('',(0.E0,0.E0,-1.E0));
#3611=DIRECTION('',(-1.E0,0.E0,0.E0));
#3612=AXIS2_PLACEMENT_3D('',#3609,#3610,#3611);
#3614=CURVE_STYLE('',#62,POSITIVE_LENGTH_MEASURE(2.E-2),#34);
#3615=PRESENTATION_STYLE_ASSIGNMENT((#3614));
#3616=STYLED_ITEM('',(#3615),#3613);
#3617=DIRECTION('',(-5.864623169949E-9,-2.127237205728E-9,1.E0));
#3618=VECTOR('',#3617,1.499999996809E0);
#3619=CARTESIAN_POINT('',(-3.189997224434E0,1.84967556E0,4.55E1));
#3620=LINE('',#3619,#3618);
#3621=CURVE_STYLE('',#62,POSITIVE_LENGTH_MEASURE(2.E-2),#34);
#3622=PRESENTATION_STYLE_ASSIGNMENT((#3621));
#3623=STYLED_ITEM('',(#3622),#3620);
#3624=DIRECTION('',(7.071067811865E-1,-4.063473629536E-9,-7.071067811866E-1));
#3625=VECTOR('',#3624,7.071067807368E-1);
#3626=CARTESIAN_POINT('',(-5.269997223694E0,2.696755666776E-1,
4.749999999926E1));
#3627=LINE('',#3626,#3625);
#3628=CURVE_STYLE('',#62,POSITIVE_LENGTH_MEASURE(2.E-2),#34);
#3629=PRESENTATION_STYLE_ASSIGNMENT((#3628));
#3630=STYLED_ITEM('',(#3629),#3627);
#3631=DIRECTION('',(9.396174401693E-9,-7.071067811865E-1,-7.071067811865E-1));
#3632=VECTOR('',#3631,7.071067777783E-1);
#3633=CARTESIAN_POINT('',(-3.189997239875E0,2.349675554399E0,4.749999999440E1));
#3634=LINE('',#3633,#3632);
#3635=CURVE_STYLE('',#62,POSITIVE_LENGTH_MEASURE(2.E-2),#34);
#3636=PRESENTATION_STYLE_ASSIGNMENT((#3635));
#3637=STYLED_ITEM('',(#3636),#3634);
#3638=DIRECTION('',(1.E0,4.341418543145E-10,4.341427243953E-10));
#3639=VECTOR('',#3638,6.380000012601E0);
#3640=CARTESIAN_POINT('',(-3.189997233230E0,1.849675556809E0,4.699999999681E1));
#3641=LINE('',#3640,#3639);
#3642=CURVE_STYLE('',#62,POSITIVE_LENGTH_MEASURE(2.E-2),#34);
#3643=PRESENTATION_STYLE_ASSIGNMENT((#3642));
#3644=STYLED_ITEM('',(#3643),#3641);
#3645=DIRECTION('',(2.536225748648E-9,-2.806871772835E-10,1.E0));
#3646=VECTOR('',#3645,1.499999999579E0);
#3647=CARTESIAN_POINT('',(3.190002775566E0,1.84967556E0,4.55E1));
#3648=LINE('',#3647,#3646);
#3649=CURVE_STYLE('',#62,POSITIVE_LENGTH_MEASURE(2.E-2),#34);
#3650=PRESENTATION_STYLE_ASSIGNMENT((#3649));
#3651=STYLED_ITEM('',(#3650),#3648);
#3652=DIRECTION('',(0.E0,0.E0,-1.E0));
#3653=VECTOR('',#3652,7.563623376794E-1);
#3654=CARTESIAN_POINT('',(-1.024988339536E1,-2.5E0,-4.55E1));
#3655=LINE('',#3654,#3653);
#3656=CURVE_STYLE('',#62,POSITIVE_LENGTH_MEASURE(2.E-2),#34);
#3657=PRESENTATION_STYLE_ASSIGNMENT((#3656));
#3658=STYLED_ITEM('',(#3657),#3655);
#3659=DIRECTION('',(0.E0,1.E0,0.E0));
#3660=VECTOR('',#3659,4.E0);
#3661=CARTESIAN_POINT('',(-1.024988339536E1,0.E0,-4.61E1));
#3662=LINE('',#3661,#3660);
#3663=CURVE_STYLE('',#62,POSITIVE_LENGTH_MEASURE(2.E-2),#34);
#3664=PRESENTATION_STYLE_ASSIGNMENT((#3663));
#3665=STYLED_ITEM('',(#3664),#3662);
#3666=CARTESIAN_POINT('',(2.95E1,0.E0,-4.5E1));
#3667=CARTESIAN_POINT('',(2.7E1,0.E0,-4.75E1));
#3668=VERTEX_POINT('',#3666);
#3669=VERTEX_POINT('',#3667);
#3670=CARTESIAN_POINT('',(-2.7E1,0.E0,-4.75E1));
#3671=CARTESIAN_POINT('',(-2.95E1,0.E0,-4.5E1));
#3672=VERTEX_POINT('',#3670);
#3673=VERTEX_POINT('',#3671);
#3674=CARTESIAN_POINT('',(-2.95E1,0.E0,4.5E1));
#3675=VERTEX_POINT('',#3674);
#3676=CARTESIAN_POINT('',(-2.7E1,0.E0,4.75E1));
#3677=VERTEX_POINT('',#3676);
#3678=CARTESIAN_POINT('',(2.7E1,0.E0,4.75E1));
#3679=CARTESIAN_POINT('',(2.95E1,0.E0,4.5E1));
#3680=VERTEX_POINT('',#3678);
#3681=VERTEX_POINT('',#3679);
#3682=CARTESIAN_POINT('',(2.89E1,1.3E1,-4.5E1));
#3683=CARTESIAN_POINT('',(2.7E1,1.3E1,-4.69E1));
#3684=VERTEX_POINT('',#3682);
#3685=VERTEX_POINT('',#3683);
#3686=CARTESIAN_POINT('',(2.95E1,1.24E1,-4.5E1));
#3687=CARTESIAN_POINT('',(2.7E1,1.24E1,-4.75E1));
#3688=VERTEX_POINT('',#3686);
#3689=VERTEX_POINT('',#3687);
#3690=CARTESIAN_POINT('',(-2.7E1,1.3E1,-4.69E1));
#3691=VERTEX_POINT('',#3690);
#3692=CARTESIAN_POINT('',(-2.699999999824E1,1.24E1,-4.75E1));
#3693=VERTEX_POINT('',#3692);
#3694=CARTESIAN_POINT('',(-2.89E1,1.3E1,-4.5E1));
#3695=VERTEX_POINT('',#3694);
#3696=CARTESIAN_POINT('',(-2.95E1,1.24E1,-4.5E1));
#3697=VERTEX_POINT('',#3696);
#3698=CARTESIAN_POINT('',(-2.89E1,1.3E1,4.5E1));
#3699=VERTEX_POINT('',#3698);
#3700=CARTESIAN_POINT('',(-2.95E1,1.24E1,4.499999999824E1));
#3701=VERTEX_POINT('',#3700);
#3702=CARTESIAN_POINT('',(-2.7E1,1.3E1,4.69E1));
#3703=VERTEX_POINT('',#3702);
#3704=CARTESIAN_POINT('',(-2.7E1,1.24E1,4.75E1));
#3705=VERTEX_POINT('',#3704);
#3706=CARTESIAN_POINT('',(2.7E1,1.3E1,4.69E1));
#3707=VERTEX_POINT('',#3706);
#3708=CARTESIAN_POINT('',(2.699999999824E1,1.24E1,4.75E1));
#3709=VERTEX_POINT('',#3708);
#3710=CARTESIAN_POINT('',(2.89E1,1.3E1,4.5E1));
#3711=VERTEX_POINT('',#3710);
#3712=CARTESIAN_POINT('',(2.95E1,1.24E1,4.5E1));
#3713=VERTEX_POINT('',#3712);
#3714=CARTESIAN_POINT('',(2.75E1,1.1E1,-4.5E1));
#3715=CARTESIAN_POINT('',(2.7E1,1.1E1,-4.55E1));
#3716=VERTEX_POINT('',#3714);
#3717=VERTEX_POINT('',#3715);
#3718=CARTESIAN_POINT('',(-2.7E1,1.1E1,-4.55E1));
#3719=CARTESIAN_POINT('',(-2.75E1,1.1E1,-4.5E1));
#3720=VERTEX_POINT('',#3718);
#3721=VERTEX_POINT('',#3719);
#3722=CARTESIAN_POINT('',(-2.75E1,1.1E1,4.5E1));
#3723=CARTESIAN_POINT('',(-2.7E1,1.1E1,4.55E1));
#3724=VERTEX_POINT('',#3722);
#3725=VERTEX_POINT('',#3723);
#3726=CARTESIAN_POINT('',(2.7E1,1.1E1,4.55E1));
#3727=CARTESIAN_POINT('',(2.75E1,1.1E1,4.5E1));
#3728=VERTEX_POINT('',#3726);
#3729=VERTEX_POINT('',#3727);
#3730=CARTESIAN_POINT('',(2.75E1,-2.5E0,-4.5E1));
#3731=CARTESIAN_POINT('',(2.7E1,-2.5E0,-4.55E1));
#3732=VERTEX_POINT('',#3730);
#3733=VERTEX_POINT('',#3731);
#3734=CARTESIAN_POINT('',(-2.7E1,-2.5E0,-4.55E1));
#3735=CARTESIAN_POINT('',(-2.75E1,-2.5E0,-4.5E1));
#3736=VERTEX_POINT('',#3734);
#3737=VERTEX_POINT('',#3735);
#3738=CARTESIAN_POINT('',(-2.75E1,-2.5E0,4.5E1));
#3739=VERTEX_POINT('',#3738);
#3740=CARTESIAN_POINT('',(-2.7E1,-2.5E0,4.55E1));
#3741=VERTEX_POINT('',#3740);
#3742=CARTESIAN_POINT('',(2.7E1,-2.5E0,4.55E1));
#3743=CARTESIAN_POINT('',(2.75E1,-2.5E0,4.5E1));
#3744=VERTEX_POINT('',#3742);
#3745=VERTEX_POINT('',#3743);
#3746=CARTESIAN_POINT('',(2.825636233768E1,-2.5E0,-4.5E1));
#3747=CARTESIAN_POINT('',(2.825636233768E1,-2.5E0,4.5E1));
#3748=VERTEX_POINT('',#3746);
#3749=VERTEX_POINT('',#3747);
#3750=CARTESIAN_POINT('',(2.7E1,-2.5E0,4.625636233768E1));
#3751=VERTEX_POINT('',#3750);
#3752=CARTESIAN_POINT('',(-2.7E1,-2.5E0,4.625636233768E1));
#3753=CARTESIAN_POINT('',(-2.825636233768E1,-2.5E0,4.5E1));
#3754=VERTEX_POINT('',#3752);
#3755=VERTEX_POINT('',#3753);
#3756=CARTESIAN_POINT('',(-2.825636233768E1,-2.5E0,-4.5E1));
#3757=VERTEX_POINT('',#3756);
#3758=CARTESIAN_POINT('',(-2.7E1,-2.5E0,-4.625636233768E1));
#3759=VERTEX_POINT('',#3758);
#3760=CARTESIAN_POINT('',(2.7E1,-2.5E0,-4.625636233768E1));
#3761=VERTEX_POINT('',#3760);
#3762=CARTESIAN_POINT('',(2.83E1,0.E0,4.5E1));
#3763=CARTESIAN_POINT('',(2.7E1,0.E0,4.63E1));
#3764=VERTEX_POINT('',#3762);
#3765=VERTEX_POINT('',#3763);
#3766=CARTESIAN_POINT('',(-2.7E1,0.E0,4.63E1));
#3767=CARTESIAN_POINT('',(-2.83E1,0.E0,4.5E1));
#3768=VERTEX_POINT('',#3766);
#3769=VERTEX_POINT('',#3767);
#3770=CARTESIAN_POINT('',(-2.83E1,0.E0,-4.5E1));
#3771=CARTESIAN_POINT('',(-2.7E1,0.E0,-4.63E1));
#3772=VERTEX_POINT('',#3770);
#3773=VERTEX_POINT('',#3771);
#3774=CARTESIAN_POINT('',(2.7E1,0.E0,-4.63E1));
#3775=CARTESIAN_POINT('',(2.83E1,0.E0,-4.5E1));
#3776=VERTEX_POINT('',#3774);
#3777=VERTEX_POINT('',#3775);
#3778=CARTESIAN_POINT('',(2.27E1,0.E0,-4.2E1));
#3779=CARTESIAN_POINT('',(2.53E1,0.E0,-4.2E1));
#3780=VERTEX_POINT('',#3778);
#3781=VERTEX_POINT('',#3779);
#3782=CARTESIAN_POINT('',(2.53E1,1.1E1,4.2E1));
#3783=CARTESIAN_POINT('',(2.27E1,1.1E1,4.2E1));
#3784=VERTEX_POINT('',#3782);
#3785=VERTEX_POINT('',#3783);
#3786=CARTESIAN_POINT('',(-2.27E1,1.1E1,4.2E1));
#3787=CARTESIAN_POINT('',(-2.53E1,1.1E1,4.2E1));
#3788=VERTEX_POINT('',#3786);
#3789=VERTEX_POINT('',#3787);
#3790=CARTESIAN_POINT('',(2.53E1,1.1E1,-4.2E1));
#3791=CARTESIAN_POINT('',(2.27E1,1.1E1,-4.2E1));
#3792=VERTEX_POINT('',#3790);
#3793=VERTEX_POINT('',#3791);
#3794=CARTESIAN_POINT('',(-2.27E1,1.1E1,-4.2E1));
#3795=CARTESIAN_POINT('',(-2.53E1,1.1E1,-4.2E1));
#3796=VERTEX_POINT('',#3794);
#3797=VERTEX_POINT('',#3795);
#3798=CARTESIAN_POINT('',(-2.24E1,-5.E-1,-4.2E1));
#3799=CARTESIAN_POINT('',(-2.56E1,-5.E-1,-4.2E1));
#3800=VERTEX_POINT('',#3798);
#3801=VERTEX_POINT('',#3799);
#3802=CARTESIAN_POINT('',(2.56E1,-5.E-1,4.2E1));
#3803=CARTESIAN_POINT('',(2.24E1,-5.E-1,4.2E1));
#3804=VERTEX_POINT('',#3802);
#3805=VERTEX_POINT('',#3803);
#3806=CARTESIAN_POINT('',(-2.24E1,-5.E-1,4.2E1));
#3807=CARTESIAN_POINT('',(-2.56E1,-5.E-1,4.2E1));
#3808=VERTEX_POINT('',#3806);
#3809=VERTEX_POINT('',#3807);
#3810=CARTESIAN_POINT('',(-2.27E1,-5.E-1,4.2E1));
#3811=CARTESIAN_POINT('',(-2.53E1,-5.E-1,4.2E1));
#3812=VERTEX_POINT('',#3810);
#3813=VERTEX_POINT('',#3811);
#3814=CARTESIAN_POINT('',(2.53E1,-5.E-1,4.2E1));
#3815=CARTESIAN_POINT('',(2.27E1,-5.E-1,4.2E1));
#3816=VERTEX_POINT('',#3814);
#3817=VERTEX_POINT('',#3815);
#3818=CARTESIAN_POINT('',(-2.27E1,-5.E-1,-4.2E1));
#3819=CARTESIAN_POINT('',(-2.53E1,-5.E-1,-4.2E1));
#3820=VERTEX_POINT('',#3818);
#3821=VERTEX_POINT('',#3819);
#3822=CARTESIAN_POINT('',(-2.24E1,0.E0,-4.2E1));
#3823=CARTESIAN_POINT('',(-2.56E1,0.E0,-4.2E1));
#3824=VERTEX_POINT('',#3822);
#3825=VERTEX_POINT('',#3823);
#3826=CARTESIAN_POINT('',(2.56E1,0.E0,4.2E1));
#3827=CARTESIAN_POINT('',(2.24E1,0.E0,4.2E1));
#3828=VERTEX_POINT('',#3826);
#3829=VERTEX_POINT('',#3827);
#3830=CARTESIAN_POINT('',(-2.24E1,0.E0,4.2E1));
#3831=CARTESIAN_POINT('',(-2.56E1,0.E0,4.2E1));
#3832=VERTEX_POINT('',#3830);
#3833=VERTEX_POINT('',#3831);
#3834=CARTESIAN_POINT('',(-9.881765520913E0,5.E0,3.209999815518E1));
#3835=CARTESIAN_POINT('',(-9.881765520913E0,5.E0,3.709999815518E1));
#3836=VERTEX_POINT('',#3834);
#3837=VERTEX_POINT('',#3835);
#3838=CARTESIAN_POINT('',(-9.881765520913E0,5.E0,3.109999815518E1));
#3839=CARTESIAN_POINT('',(-9.881765520913E0,5.E0,3.809999815518E1));
#3840=VERTEX_POINT('',#3838);
#3841=VERTEX_POINT('',#3839);
#3842=CARTESIAN_POINT('',(-9.881765520913E0,1.1E1,3.109999815518E1));
#3843=CARTESIAN_POINT('',(-9.881765520913E0,1.1E1,3.809999815518E1));
#3844=VERTEX_POINT('',#3842);
#3845=VERTEX_POINT('',#3843);
#3846=CARTESIAN_POINT('',(4.770002775566E0,2.6967556E-1,4.55E1));
#3847=CARTESIAN_POINT('',(3.190002775566E0,1.84967556E0,4.55E1));
#3848=VERTEX_POINT('',#3846);
#3849=VERTEX_POINT('',#3847);
#3850=CARTESIAN_POINT('',(-3.189997224434E0,1.84967556E0,4.55E1));
#3851=VERTEX_POINT('',#3850);
#3852=CARTESIAN_POINT('',(-4.769997224434E0,2.6967556E-1,4.55E1));
#3853=VERTEX_POINT('',#3852);
#3854=CARTESIAN_POINT('',(-4.769997224434E0,-2.5E0,4.55E1));
#3855=VERTEX_POINT('',#3854);
#3856=CARTESIAN_POINT('',(4.770002775566E0,-2.5E0,4.55E1));
#3857=VERTEX_POINT('',#3856);
#3858=CARTESIAN_POINT('',(-4.769997224434E0,-2.5E0,4.625636233768E1));
#3859=VERTEX_POINT('',#3858);
#3860=CARTESIAN_POINT('',(4.770002775566E0,-2.5E0,4.625636233768E1));
#3861=VERTEX_POINT('',#3860);
#3862=CARTESIAN_POINT('',(-4.769997224434E0,0.E0,4.63E1));
#3863=VERTEX_POINT('',#3862);
#3864=CARTESIAN_POINT('',(4.770002775566E0,0.E0,4.63E1));
#3865=VERTEX_POINT('',#3864);
#3866=CARTESIAN_POINT('',(-1.077488339536E1,0.E0,-4.75E1));
#3867=VERTEX_POINT('',#3866);
#3868=CARTESIAN_POINT('',(-1.672488339536E1,0.E0,-4.75E1));
#3869=VERTEX_POINT('',#3868);
#3870=CARTESIAN_POINT('',(-1.077488339536E1,4.499992668630E-1,-4.75E1));
#3871=CARTESIAN_POINT('',(-1.672488339536E1,4.499992668630E-1,-4.75E1));
#3872=VERTEX_POINT('',#3870);
#3873=VERTEX_POINT('',#3871);
#3874=CARTESIAN_POINT('',(-1.724988339536E1,4.E0,-4.61E1));
#3875=CARTESIAN_POINT('',(-1.024988339536E1,4.E0,-4.61E1));
#3876=VERTEX_POINT('',#3874);
#3877=VERTEX_POINT('',#3875);
#3878=CARTESIAN_POINT('',(-1.724988339536E1,4.E0,-4.55E1));
#3879=CARTESIAN_POINT('',(-1.024988339536E1,4.E0,-4.55E1));
#3880=VERTEX_POINT('',#3878);
#3881=VERTEX_POINT('',#3879);
#3882=CARTESIAN_POINT('',(-1.024988339536E1,-2.5E0,-4.55E1));
#3883=VERTEX_POINT('',#3882);
#3884=CARTESIAN_POINT('',(-1.724988339536E1,-2.5E0,-4.55E1));
#3885=VERTEX_POINT('',#3884);
#3886=CARTESIAN_POINT('',(-1.077488339536E1,4.499992668630E-1,-4.61E1));
#3887=CARTESIAN_POINT('',(-1.672488339536E1,4.499992668630E-1,-4.61E1));
#3888=VERTEX_POINT('',#3886);
#3889=VERTEX_POINT('',#3887);
#3890=CARTESIAN_POINT('',(-1.724988339536E1,0.E0,-4.63E1));
#3891=CARTESIAN_POINT('',(-1.724988339536E1,-2.5E0,-4.625636233768E1));
#3892=VERTEX_POINT('',#3890);
#3893=VERTEX_POINT('',#3891);
#3894=CARTESIAN_POINT('',(-1.024988339536E1,0.E0,-4.63E1));
#3895=CARTESIAN_POINT('',(-1.024988339536E1,-2.5E0,-4.625636233768E1));
#3896=VERTEX_POINT('',#3894);
#3897=VERTEX_POINT('',#3895);
#3898=CARTESIAN_POINT('',(-1.724988339536E1,0.E0,-4.61E1));
#3899=CARTESIAN_POINT('',(-1.672488339536E1,0.E0,-4.61E1));
#3900=VERTEX_POINT('',#3898);
#3901=VERTEX_POINT('',#3899);
#3902=CARTESIAN_POINT('',(-1.077488339536E1,0.E0,-4.61E1));
#3903=CARTESIAN_POINT('',(-1.024988339536E1,0.E0,-4.61E1));
#3904=VERTEX_POINT('',#3902);
#3905=VERTEX_POINT('',#3903);
#3906=CARTESIAN_POINT('',(3.190002775566E0,1.84967556E0,4.7E1));
#3907=CARTESIAN_POINT('',(4.770002775566E0,2.6967556E-1,4.7E1));
#3908=VERTEX_POINT('',#3906);
#3909=VERTEX_POINT('',#3907);
#3910=CARTESIAN_POINT('',(3.190002775566E0,2.34967556E0,4.75E1));
#3911=CARTESIAN_POINT('',(5.270002775566E0,2.6967556E-1,4.75E1));
#3912=VERTEX_POINT('',#3910);
#3913=VERTEX_POINT('',#3911);
#3914=CARTESIAN_POINT('',(-3.189997239875E0,2.349675554399E0,4.749999999440E1));
#3915=VERTEX_POINT('',#3914);
#3916=CARTESIAN_POINT('',(-3.189997233230E0,1.849675556809E0,4.699999999681E1));
#3917=VERTEX_POINT('',#3916);
#3918=CARTESIAN_POINT('',(-5.269997224434E0,2.6967556E-1,4.75E1));
#3919=VERTEX_POINT('',#3918);
#3920=CARTESIAN_POINT('',(-4.769997224434E0,2.6967556E-1,4.7E1));
#3921=VERTEX_POINT('',#3920);
#3922=CARTESIAN_POINT('',(-5.269997224434E0,0.E0,4.75E1));
#3923=VERTEX_POINT('',#3922);
#3924=CARTESIAN_POINT('',(5.270002775566E0,0.E0,4.75E1));
#3925=VERTEX_POINT('',#3924);
#3926=CARTESIAN_POINT('',(4.770002775566E0,0.E0,4.7E1));
#3927=VERTEX_POINT('',#3926);
#3928=CARTESIAN_POINT('',(-4.769997224434E0,0.E0,4.7E1));
#3929=VERTEX_POINT('',#3928);
#3930=CARTESIAN_POINT('',(8.118234479087E0,5.E0,3.109999815518E1));
#3931=CARTESIAN_POINT('',(8.118234479087E0,5.E0,3.809999815518E1));
#3932=VERTEX_POINT('',#3930);
#3933=VERTEX_POINT('',#3931);
#3934=CARTESIAN_POINT('',(8.118234479087E0,5.E0,3.209999815518E1));
#3935=CARTESIAN_POINT('',(8.118234479087E0,5.E0,3.709999815518E1));
#3936=VERTEX_POINT('',#3934);
#3937=VERTEX_POINT('',#3935);
#3938=CARTESIAN_POINT('',(2.196823447909E1,5.E0,3.209999815518E1));
#3939=CARTESIAN_POINT('',(2.196823447909E1,5.E0,3.709999815518E1));
#3940=VERTEX_POINT('',#3938);
#3941=VERTEX_POINT('',#3939);
#3942=CARTESIAN_POINT('',(2.196823447909E1,5.E0,3.109999815518E1));
#3943=CARTESIAN_POINT('',(2.196823447909E1,5.E0,3.809999815518E1));
#3944=VERTEX_POINT('',#3942);
#3945=VERTEX_POINT('',#3943);
#3946=CARTESIAN_POINT('',(8.118234479087E0,1.1E1,3.109999815518E1));
#3947=CARTESIAN_POINT('',(8.118234479087E0,1.1E1,3.809999815518E1));
#3948=VERTEX_POINT('',#3946);
#3949=VERTEX_POINT('',#3947);
#3950=CARTESIAN_POINT('',(2.196823447909E1,1.1E1,3.109999815518E1));
#3951=CARTESIAN_POINT('',(2.196823447909E1,1.1E1,3.809999815518E1));
#3952=VERTEX_POINT('',#3950);
#3953=VERTEX_POINT('',#3951);
#3954=CARTESIAN_POINT('',(8.118234479087E0,1.1E1,3.209999815518E1));
#3955=CARTESIAN_POINT('',(8.118234479087E0,1.1E1,3.709999815518E1));
#3956=VERTEX_POINT('',#3954);
#3957=VERTEX_POINT('',#3955);
#3958=CARTESIAN_POINT('',(-9.881765520913E0,1.1E1,3.209999815518E1));
#3959=CARTESIAN_POINT('',(-9.881765520913E0,1.1E1,3.709999815518E1));
#3960=VERTEX_POINT('',#3958);
#3961=VERTEX_POINT('',#3959);
#3962=CARTESIAN_POINT('',(2.196823447909E1,1.1E1,3.209999815518E1));
#3963=CARTESIAN_POINT('',(2.196823447909E1,1.1E1,3.709999815518E1));
#3964=VERTEX_POINT('',#3962);
#3965=VERTEX_POINT('',#3963);
#3966=CARTESIAN_POINT('',(2.196823447907E1,1.25E1,3.401421171755E1));
#3967=CARTESIAN_POINT('',(2.196823447910E1,1.25E1,3.518578459280E1));
#3968=VERTEX_POINT('',#3966);
#3969=VERTEX_POINT('',#3967);
#3970=CARTESIAN_POINT('',(2.196823463183E1,1.220710678119E1,3.330710493636E1));
#3971=CARTESIAN_POINT('',(2.196823432634E1,1.220710678119E1,3.589289137399E1));
#3972=VERTEX_POINT('',#3970);
#3973=VERTEX_POINT('',#3971);
#3974=CARTESIAN_POINT('',(8.118234479071E0,1.25E1,3.401421171755E1));
#3975=CARTESIAN_POINT('',(8.118234479104E0,1.25E1,3.518578459280E1));
#3976=VERTEX_POINT('',#3974);
#3977=VERTEX_POINT('',#3975);
#3978=CARTESIAN_POINT('',(8.118234631832E0,1.220710678119E1,3.330710493636E1));
#3979=CARTESIAN_POINT('',(8.118234326343E0,1.220710678119E1,3.589289137399E1));
#3980=VERTEX_POINT('',#3978);
#3981=VERTEX_POINT('',#3979);
#3982=CARTESIAN_POINT('',(-9.881765520929E0,1.25E1,3.401421171755E1));
#3983=CARTESIAN_POINT('',(-9.881765520896E0,1.25E1,3.518578459280E1));
#3984=VERTEX_POINT('',#3982);
#3985=VERTEX_POINT('',#3983);
#3986=CARTESIAN_POINT('',(-9.881765368168E0,1.220710678119E1,3.330710493636E1));
#3987=CARTESIAN_POINT('',(-9.881765673657E0,1.220710678119E1,3.589289137399E1));
#3988=VERTEX_POINT('',#3986);
#3989=VERTEX_POINT('',#3987);
#3990=CARTESIAN_POINT('',(-2.11E1,1.1E1,4.14E1));
#3991=CARTESIAN_POINT('',(-1.41E1,1.1E1,4.14E1));
#3992=VERTEX_POINT('',#3990);
#3993=VERTEX_POINT('',#3991);
#3994=CARTESIAN_POINT('',(-1.945472369910E1,1.1E1,4.55E1));
#3995=CARTESIAN_POINT('',(-2.176130359822E1,1.1E1,4.311276161897E1));
#3996=VERTEX_POINT('',#3994);
#3997=VERTEX_POINT('',#3995);
#3998=CARTESIAN_POINT('',(-1.945472369910E1,7.5E0,4.55E1));
#3999=CARTESIAN_POINT('',(-1.574527630090E1,7.5E0,4.55E1));
#4000=VERTEX_POINT('',#3998);
#4001=VERTEX_POINT('',#3999);
#4002=CARTESIAN_POINT('',(-1.574527630090E1,1.1E1,4.55E1));
#4003=VERTEX_POINT('',#4002);
#4004=CARTESIAN_POINT('',(-2.176130359822E1,7.5E0,4.311276161897E1));
#4005=VERTEX_POINT('',#4004);
#4006=CARTESIAN_POINT('',(-2.200713783450E1,7.5E0,4.049052976534E1));
#4007=CARTESIAN_POINT('',(-2.200713783450E1,1.1E1,4.049052976534E1));
#4008=VERTEX_POINT('',#4006);
#4009=VERTEX_POINT('',#4007);
#4010=CARTESIAN_POINT('',(-1.76E1,1.3E1,4.23E1));
#4011=CARTESIAN_POINT('',(-1.76E1,1.3E1,4.05E1));
#4012=VERTEX_POINT('',#4010);
#4013=VERTEX_POINT('',#4011);
#4014=CARTESIAN_POINT('',(-1.76E1,1.1E1,4.23E1));
#4015=CARTESIAN_POINT('',(-1.76E1,1.1E1,4.05E1));
#4016=VERTEX_POINT('',#4014);
#4017=VERTEX_POINT('',#4015);
#4018=CARTESIAN_POINT('',(-1.41E1,8.E0,4.14E1));
#4019=CARTESIAN_POINT('',(-2.11E1,8.E0,4.14E1));
#4020=VERTEX_POINT('',#4018);
#4021=VERTEX_POINT('',#4019);
#4022=CARTESIAN_POINT('',(-1.36E1,7.5E0,4.14E1));
#4023=CARTESIAN_POINT('',(-2.159884700133E1,7.5E0,4.130396531912E1));
#4024=VERTEX_POINT('',#4022);
#4025=VERTEX_POINT('',#4023);
#4026=CARTESIAN_POINT('',(-2.151131756788E1,7.5E0,4.223761260925E1));
#4027=VERTEX_POINT('',#4026);
#4028=VERTEX_POINT('',#2491);
#4029=CARTESIAN_POINT('',(0.E0,1.27E1,-2.75E0));
#4030=CARTESIAN_POINT('',(0.E0,1.27E1,-1.125E1));
#4031=VERTEX_POINT('',#4029);
#4032=VERTEX_POINT('',#4030);
#4033=CARTESIAN_POINT('',(0.E0,1.3E1,-2.75E0));
#4034=CARTESIAN_POINT('',(0.E0,1.3E1,-1.125E1));
#4035=VERTEX_POINT('',#4033);
#4036=VERTEX_POINT('',#4034);
#4037=CARTESIAN_POINT('',(0.E0,1.22E1,-3.5E0));
#4038=CARTESIAN_POINT('',(0.E0,1.22E1,-1.05E1));
#4039=VERTEX_POINT('',#4037);
#4040=VERTEX_POINT('',#4038);
#4041=CARTESIAN_POINT('',(0.E0,1.22E1,-4.25E0));
#4042=CARTESIAN_POINT('',(0.E0,1.22E1,-9.75E0));
#4043=VERTEX_POINT('',#4041);
#4044=VERTEX_POINT('',#4042);
#4045=CARTESIAN_POINT('',(0.E0,1.27E1,-3.5E0));
#4046=CARTESIAN_POINT('',(0.E0,1.27E1,-1.05E1));
#4047=VERTEX_POINT('',#4045);
#4048=VERTEX_POINT('',#4046);
#4049=CARTESIAN_POINT('',(0.E0,1.15E1,-3.5E0));
#4050=CARTESIAN_POINT('',(0.E0,1.15E1,-1.05E1));
#4051=VERTEX_POINT('',#4049);
#4052=VERTEX_POINT('',#4050);
#4053=CARTESIAN_POINT('',(0.E0,1.1E1,-3.5E0));
#4054=CARTESIAN_POINT('',(0.E0,1.1E1,-1.05E1));
#4055=VERTEX_POINT('',#4053);
#4056=VERTEX_POINT('',#4054);
#4057=CARTESIAN_POINT('',(0.E0,1.15E1,-4.25E0));
#4058=CARTESIAN_POINT('',(0.E0,1.15E1,-9.75E0));
#4059=VERTEX_POINT('',#4057);
#4060=VERTEX_POINT('',#4058);
#4061=CARTESIAN_POINT('',(0.E0,1.215E1,2.95E1));
#4062=CARTESIAN_POINT('',(0.E0,1.215E1,1.45E1));
#4063=VERTEX_POINT('',#4061);
#4064=VERTEX_POINT('',#4062);
#4065=CARTESIAN_POINT('',(0.E0,1.1E1,2.95E1));
#4066=VERTEX_POINT('',#4065);
#4067=CARTESIAN_POINT('',(0.E0,1.1E1,1.45E1));
#4068=VERTEX_POINT('',#4067);
#4069=CARTESIAN_POINT('',(-2.75E1,0.E0,-3.2E1));
#4070=CARTESIAN_POINT('',(-2.75E1,0.E0,-3.8E1));
#4071=VERTEX_POINT('',#4069);
#4072=VERTEX_POINT('',#4070);
#4073=CARTESIAN_POINT('',(-2.75E1,0.E0,3.8E1));
#4074=CARTESIAN_POINT('',(-2.75E1,0.E0,3.2E1));
#4075=VERTEX_POINT('',#4073);
#4076=VERTEX_POINT('',#4074);
#4077=CARTESIAN_POINT('',(-2.75E1,-1.E0,-3.2E1));
#4078=CARTESIAN_POINT('',(-2.75E1,-1.E0,-3.8E1));
#4079=VERTEX_POINT('',#4077);
#4080=VERTEX_POINT('',#4078);
#4081=CARTESIAN_POINT('',(-2.75E1,-1.E0,3.8E1));
#4082=CARTESIAN_POINT('',(-2.75E1,-1.E0,3.2E1));
#4083=VERTEX_POINT('',#4081);
#4084=VERTEX_POINT('',#4082);
#4085=CARTESIAN_POINT('',(2.75E1,0.E0,-3.2E1));
#4086=CARTESIAN_POINT('',(2.75E1,0.E0,-3.8E1));
#4087=VERTEX_POINT('',#4085);
#4088=VERTEX_POINT('',#4086);
#4089=CARTESIAN_POINT('',(2.75E1,0.E0,3.8E1));
#4090=CARTESIAN_POINT('',(2.75E1,0.E0,3.2E1));
#4091=VERTEX_POINT('',#4089);
#4092=VERTEX_POINT('',#4090);
#4093=CARTESIAN_POINT('',(2.75E1,-1.E0,-3.2E1));
#4094=CARTESIAN_POINT('',(2.75E1,-1.E0,-3.8E1));
#4095=VERTEX_POINT('',#4093);
#4096=VERTEX_POINT('',#4094);
#4097=CARTESIAN_POINT('',(2.75E1,-1.E0,3.8E1));
#4098=CARTESIAN_POINT('',(2.75E1,-1.E0,3.2E1));
#4099=VERTEX_POINT('',#4097);
#4100=VERTEX_POINT('',#4098);
#4101=CARTESIAN_POINT('',(2.828254493507E1,-1.E0,-3.2E1));
#4102=CARTESIAN_POINT('',(2.828254493507E1,-1.E0,-3.8E1));
#4103=VERTEX_POINT('',#4101);
#4104=VERTEX_POINT('',#4102);
#4105=CARTESIAN_POINT('',(2.828254493507E1,-1.E0,3.8E1));
#4106=CARTESIAN_POINT('',(2.828254493507E1,-1.E0,3.2E1));
#4107=VERTEX_POINT('',#4105);
#4108=VERTEX_POINT('',#4106);
#4109=CARTESIAN_POINT('',(2.83E1,0.E0,3.2E1));
#4110=VERTEX_POINT('',#4109);
#4111=CARTESIAN_POINT('',(2.83E1,0.E0,3.8E1));
#4112=VERTEX_POINT('',#4111);
#4113=CARTESIAN_POINT('',(2.83E1,0.E0,-3.8E1));
#4114=VERTEX_POINT('',#4113);
#4115=CARTESIAN_POINT('',(2.83E1,0.E0,-3.2E1));
#4116=VERTEX_POINT('',#4115);
#4117=CARTESIAN_POINT('',(-2.828254493507E1,-1.E0,-3.2E1));
#4118=CARTESIAN_POINT('',(-2.828254493507E1,-1.E0,-3.8E1));
#4119=VERTEX_POINT('',#4117);
#4120=VERTEX_POINT('',#4118);
#4121=CARTESIAN_POINT('',(-2.828254493507E1,-1.E0,3.8E1));
#4122=CARTESIAN_POINT('',(-2.828254493507E1,-1.E0,3.2E1));
#4123=VERTEX_POINT('',#4121);
#4124=VERTEX_POINT('',#4122);
#4125=CARTESIAN_POINT('',(-2.83E1,0.E0,3.8E1));
#4126=VERTEX_POINT('',#4125);
#4127=CARTESIAN_POINT('',(-2.83E1,0.E0,3.2E1));
#4128=VERTEX_POINT('',#4127);
#4129=CARTESIAN_POINT('',(-2.83E1,0.E0,-3.2E1));
#4130=VERTEX_POINT('',#4129);
#4131=CARTESIAN_POINT('',(-2.83E1,0.E0,-3.8E1));
#4132=VERTEX_POINT('',#4131);
#4133=CARTESIAN_POINT('',(0.E0,1.3E1,1.575E1));
#4134=CARTESIAN_POINT('',(0.E0,1.3E1,2.825E1));
#4135=VERTEX_POINT('',#4133);
#4136=VERTEX_POINT('',#4134);
#4137=CARTESIAN_POINT('',(0.E0,1.215E1,1.575E1));
#4138=CARTESIAN_POINT('',(0.E0,1.215E1,2.825E1));
#4139=VERTEX_POINT('',#4137);
#4140=VERTEX_POINT('',#4138);
#4141=CARTESIAN_POINT('',(-2.34E1,1.1E1,4.55E1));
#4142=CARTESIAN_POINT('',(-2.34E1,1.1E1,4.442693221990E1));
#4143=VERTEX_POINT('',#4141);
#4144=VERTEX_POINT('',#4142);
#4145=CARTESIAN_POINT('',(-2.46E1,1.1E1,4.55E1));
#4146=CARTESIAN_POINT('',(-2.46E1,1.1E1,4.442693221990E1));
#4147=VERTEX_POINT('',#4145);
#4148=VERTEX_POINT('',#4146);
#4149=CARTESIAN_POINT('',(-2.75E1,1.1E1,4.26E1));
#4150=CARTESIAN_POINT('',(-2.642693221990E1,1.1E1,4.26E1));
#4151=VERTEX_POINT('',#4149);
#4152=VERTEX_POINT('',#4150);
#4153=CARTESIAN_POINT('',(-2.75E1,1.1E1,4.14E1));
#4154=CARTESIAN_POINT('',(-2.642693221990E1,1.1E1,4.14E1));
#4155=VERTEX_POINT('',#4153);
#4156=VERTEX_POINT('',#4154);
#4157=CARTESIAN_POINT('',(2.46E1,1.1E1,4.55E1));
#4158=CARTESIAN_POINT('',(2.46E1,1.1E1,4.442693221990E1));
#4159=VERTEX_POINT('',#4157);
#4160=VERTEX_POINT('',#4158);
#4161=CARTESIAN_POINT('',(2.34E1,1.1E1,4.55E1));
#4162=CARTESIAN_POINT('',(2.34E1,1.1E1,4.442693221990E1));
#4163=VERTEX_POINT('',#4161);
#4164=VERTEX_POINT('',#4162);
#4165=CARTESIAN_POINT('',(2.75E1,1.1E1,4.14E1));
#4166=CARTESIAN_POINT('',(2.642693221990E1,1.1E1,4.14E1));
#4167=VERTEX_POINT('',#4165);
#4168=VERTEX_POINT('',#4166);
#4169=CARTESIAN_POINT('',(2.75E1,1.1E1,4.26E1));
#4170=CARTESIAN_POINT('',(2.642693221990E1,1.1E1,4.26E1));
#4171=VERTEX_POINT('',#4169);
#4172=VERTEX_POINT('',#4170);
#4173=CARTESIAN_POINT('',(-2.46E1,1.1E1,-4.55E1));
#4174=CARTESIAN_POINT('',(-2.46E1,1.1E1,-4.442693221990E1));
#4175=VERTEX_POINT('',#4173);
#4176=VERTEX_POINT('',#4174);
#4177=CARTESIAN_POINT('',(-2.34E1,1.1E1,-4.55E1));
#4178=CARTESIAN_POINT('',(-2.34E1,1.1E1,-4.442693221990E1));
#4179=VERTEX_POINT('',#4177);
#4180=VERTEX_POINT('',#4178);
#4181=CARTESIAN_POINT('',(-2.75E1,1.1E1,-4.14E1));
#4182=CARTESIAN_POINT('',(-2.642693221990E1,1.1E1,-4.14E1));
#4183=VERTEX_POINT('',#4181);
#4184=VERTEX_POINT('',#4182);
#4185=CARTESIAN_POINT('',(-2.75E1,1.1E1,-4.26E1));
#4186=CARTESIAN_POINT('',(-2.642693221990E1,1.1E1,-4.26E1));
#4187=VERTEX_POINT('',#4185);
#4188=VERTEX_POINT('',#4186);
#4189=CARTESIAN_POINT('',(2.34E1,1.1E1,-4.55E1));
#4190=CARTESIAN_POINT('',(2.34E1,1.1E1,-4.442693221990E1));
#4191=VERTEX_POINT('',#4189);
#4192=VERTEX_POINT('',#4190);
#4193=CARTESIAN_POINT('',(2.46E1,1.1E1,-4.55E1));
#4194=CARTESIAN_POINT('',(2.46E1,1.1E1,-4.442693221990E1));
#4195=VERTEX_POINT('',#4193);
#4196=VERTEX_POINT('',#4194);
#4197=CARTESIAN_POINT('',(2.75E1,1.1E1,-4.26E1));
#4198=CARTESIAN_POINT('',(2.642693221990E1,1.1E1,-4.26E1));
#4199=VERTEX_POINT('',#4197);
#4200=VERTEX_POINT('',#4198);
#4201=CARTESIAN_POINT('',(2.75E1,1.1E1,-4.14E1));
#4202=CARTESIAN_POINT('',(2.642693221990E1,1.1E1,-4.14E1));
#4203=VERTEX_POINT('',#4201);
#4204=VERTEX_POINT('',#4202);
#4205=CARTESIAN_POINT('',(2.46E1,0.E0,-4.55E1));
#4206=CARTESIAN_POINT('',(2.34E1,0.E0,-4.55E1));
#4207=VERTEX_POINT('',#4205);
#4208=VERTEX_POINT('',#4206);
#4209=CARTESIAN_POINT('',(-2.34E1,0.E0,-4.55E1));
#4210=CARTESIAN_POINT('',(-2.46E1,0.E0,-4.55E1));
#4211=VERTEX_POINT('',#4209);
#4212=VERTEX_POINT('',#4210);
#4213=CARTESIAN_POINT('',(-2.75E1,0.E0,-4.26E1));
#4214=CARTESIAN_POINT('',(-2.75E1,0.E0,-4.14E1));
#4215=VERTEX_POINT('',#4213);
#4216=VERTEX_POINT('',#4214);
#4217=CARTESIAN_POINT('',(-2.75E1,0.E0,4.14E1));
#4218=CARTESIAN_POINT('',(-2.75E1,0.E0,4.26E1));
#4219=VERTEX_POINT('',#4217);
#4220=VERTEX_POINT('',#4218);
#4221=CARTESIAN_POINT('',(-2.46E1,0.E0,4.55E1));
#4222=CARTESIAN_POINT('',(-2.34E1,0.E0,4.55E1));
#4223=VERTEX_POINT('',#4221);
#4224=VERTEX_POINT('',#4222);
#4225=CARTESIAN_POINT('',(2.34E1,0.E0,4.55E1));
#4226=CARTESIAN_POINT('',(2.46E1,0.E0,4.55E1));
#4227=VERTEX_POINT('',#4225);
#4228=VERTEX_POINT('',#4226);
#4229=CARTESIAN_POINT('',(2.75E1,0.E0,4.26E1));
#4230=CARTESIAN_POINT('',(2.75E1,0.E0,4.14E1));
#4231=VERTEX_POINT('',#4229);
#4232=VERTEX_POINT('',#4230);
#4233=CARTESIAN_POINT('',(2.75E1,0.E0,-4.14E1));
#4234=CARTESIAN_POINT('',(2.75E1,0.E0,-4.26E1));
#4235=VERTEX_POINT('',#4233);
#4236=VERTEX_POINT('',#4234);
#4237=CARTESIAN_POINT('',(2.34E1,0.E0,4.442693221990E1));
#4238=VERTEX_POINT('',#4237);
#4239=CARTESIAN_POINT('',(2.46E1,0.E0,4.442693221990E1));
#4240=VERTEX_POINT('',#4239);
#4241=CARTESIAN_POINT('',(2.642693221990E1,0.E0,4.26E1));
#4242=VERTEX_POINT('',#4241);
#4243=CARTESIAN_POINT('',(2.642693221990E1,0.E0,4.14E1));
#4244=VERTEX_POINT('',#4243);
#4245=CARTESIAN_POINT('',(-2.34E1,0.E0,4.442693221990E1));
#4246=VERTEX_POINT('',#4245);
#4247=CARTESIAN_POINT('',(-2.46E1,0.E0,4.442693221990E1));
#4248=VERTEX_POINT('',#4247);
#4249=CARTESIAN_POINT('',(-2.642693221990E1,0.E0,4.26E1));
#4250=VERTEX_POINT('',#4249);
#4251=CARTESIAN_POINT('',(-2.642693221990E1,0.E0,4.14E1));
#4252=VERTEX_POINT('',#4251);
#4253=CARTESIAN_POINT('',(2.642693221990E1,0.E0,-4.14E1));
#4254=VERTEX_POINT('',#4253);
#4255=CARTESIAN_POINT('',(2.34E1,0.E0,-4.442693221990E1));
#4256=VERTEX_POINT('',#4255);
#4257=CARTESIAN_POINT('',(2.46E1,0.E0,-4.442693221990E1));
#4258=VERTEX_POINT('',#4257);
#4259=CARTESIAN_POINT('',(2.642693221990E1,0.E0,-4.26E1));
#4260=VERTEX_POINT('',#4259);
#4261=CARTESIAN_POINT('',(-2.642693221990E1,0.E0,-4.14E1));
#4262=VERTEX_POINT('',#4261);
#4263=CARTESIAN_POINT('',(-2.34E1,0.E0,-4.442693221990E1));
#4264=VERTEX_POINT('',#4263);
#4265=CARTESIAN_POINT('',(-2.46E1,0.E0,-4.442693221990E1));
#4266=VERTEX_POINT('',#4265);
#4267=CARTESIAN_POINT('',(-2.642693221990E1,0.E0,-4.26E1));
#4268=VERTEX_POINT('',#4267);
#4269=CARTESIAN_POINT('',(3.E0,0.E0,-4.55E1));
#4270=CARTESIAN_POINT('',(-3.E0,0.E0,-4.55E1));
#4271=VERTEX_POINT('',#4269);
#4272=VERTEX_POINT('',#4270);
#4273=CARTESIAN_POINT('',(3.E0,-1.E0,-4.55E1));
#4274=CARTESIAN_POINT('',(-3.E0,-1.E0,-4.55E1));
#4275=VERTEX_POINT('',#4273);
#4276=VERTEX_POINT('',#4274);
#4277=CARTESIAN_POINT('',(-3.E0,-1.E0,-4.628254493507E1));
#4278=CARTESIAN_POINT('',(3.E0,-1.E0,-4.628254493507E1));
#4279=VERTEX_POINT('',#4277);
#4280=VERTEX_POINT('',#4278);
#4281=CARTESIAN_POINT('',(-3.E0,0.E0,-4.63E1));
#4282=VERTEX_POINT('',#4281);
#4283=CARTESIAN_POINT('',(3.E0,0.E0,-4.63E1));
#4284=VERTEX_POINT('',#4283);
#4285=CARTESIAN_POINT('',(2.81E1,3.4E0,-2.850000224E1));
#4286=CARTESIAN_POINT('',(2.81E1,1.E-1,-2.850000224E1));
#4287=VERTEX_POINT('',#4285);
#4288=VERTEX_POINT('',#4286);
#4289=CARTESIAN_POINT('',(2.81E1,1.E-1,3.04999979E1));
#4290=VERTEX_POINT('',#4289);
#4291=CARTESIAN_POINT('',(2.81E1,3.4E0,3.04999979E1));
#4292=VERTEX_POINT('',#4291);
#4293=CARTESIAN_POINT('',(2.75E1,3.4E0,-2.850000224E1));
#4294=CARTESIAN_POINT('',(2.75E1,1.E-1,-2.850000224E1));
#4295=VERTEX_POINT('',#4293);
#4296=VERTEX_POINT('',#4294);
#4297=CARTESIAN_POINT('',(2.75E1,1.E-1,3.04999979E1));
#4298=VERTEX_POINT('',#4297);
#4299=CARTESIAN_POINT('',(2.75E1,3.4E0,3.04999979E1));
#4300=VERTEX_POINT('',#4299);
#4301=CARTESIAN_POINT('',(0.E0,0.E0,0.E0));
#4302=DIRECTION('',(0.E0,1.E0,0.E0));
#4303=DIRECTION('',(1.E0,0.E0,0.E0));
#4304=AXIS2_PLACEMENT_3D('',#4301,#4302,#4303);
#4305=PLANE('',#4304);
#4307=ORIENTED_EDGE('',*,*,#4306,.T.);
#4309=ORIENTED_EDGE('',*,*,#4308,.F.);
#4311=ORIENTED_EDGE('',*,*,#4310,.F.);
#4313=ORIENTED_EDGE('',*,*,#4312,.F.);
#4315=ORIENTED_EDGE('',*,*,#4314,.T.);
#4317=ORIENTED_EDGE('',*,*,#4316,.T.);
#4319=ORIENTED_EDGE('',*,*,#4318,.T.);
#4321=ORIENTED_EDGE('',*,*,#4320,.F.);
#4323=ORIENTED_EDGE('',*,*,#4322,.F.);
#4325=ORIENTED_EDGE('',*,*,#4324,.F.);
#4327=ORIENTED_EDGE('',*,*,#4326,.T.);
#4329=ORIENTED_EDGE('',*,*,#4328,.F.);
#4331=ORIENTED_EDGE('',*,*,#4330,.F.);
#4333=ORIENTED_EDGE('',*,*,#4332,.F.);
#4335=ORIENTED_EDGE('',*,*,#4334,.T.);
#4337=ORIENTED_EDGE('',*,*,#4336,.T.);
#4339=ORIENTED_EDGE('',*,*,#4338,.T.);
#4341=ORIENTED_EDGE('',*,*,#4340,.F.);
#4343=ORIENTED_EDGE('',*,*,#4342,.F.);
#4345=ORIENTED_EDGE('',*,*,#4344,.T.);
#4347=ORIENTED_EDGE('',*,*,#4346,.T.);
#4349=ORIENTED_EDGE('',*,*,#4348,.T.);
#4351=ORIENTED_EDGE('',*,*,#4350,.T.);
#4353=ORIENTED_EDGE('',*,*,#4352,.T.);
#4355=ORIENTED_EDGE('',*,*,#4354,.T.);
#4357=ORIENTED_EDGE('',*,*,#4356,.T.);
#4359=ORIENTED_EDGE('',*,*,#4358,.F.);
#4360=EDGE_LOOP('',(#4307,#4309,#4311,#4313,#4315,#4317,#4319,#4321,#4323,#4325,
#4327,#4329,#4331,#4333,#4335,#4337,#4339,#4341,#4343,#4345,#4347,#4349,#4351,
#4353,#4355,#4357,#4359));
#4361=FACE_OUTER_BOUND('',#4360,.F.);
#4363=CARTESIAN_POINT('',(0.E0,0.E0,0.E0));
#4364=DIRECTION('',(0.E0,1.E0,0.E0));
#4365=DIRECTION('',(1.E0,0.E0,0.E0));
#4366=AXIS2_PLACEMENT_3D('',#4363,#4364,#4365);
#4367=PLANE('',#4366);
#4369=ORIENTED_EDGE('',*,*,#4368,.T.);
#4371=ORIENTED_EDGE('',*,*,#4370,.F.);
#4373=ORIENTED_EDGE('',*,*,#4372,.T.);
#4375=ORIENTED_EDGE('',*,*,#4374,.F.);
#4377=ORIENTED_EDGE('',*,*,#4376,.T.);
#4379=ORIENTED_EDGE('',*,*,#4378,.T.);
#4381=ORIENTED_EDGE('',*,*,#4380,.T.);
#4383=ORIENTED_EDGE('',*,*,#4382,.F.);
#4385=ORIENTED_EDGE('',*,*,#4384,.T.);
#4387=ORIENTED_EDGE('',*,*,#4386,.T.);
#4389=ORIENTED_EDGE('',*,*,#4388,.T.);
#4391=ORIENTED_EDGE('',*,*,#4390,.T.);
#4393=ORIENTED_EDGE('',*,*,#4392,.T.);
#4395=ORIENTED_EDGE('',*,*,#4394,.T.);
#4397=ORIENTED_EDGE('',*,*,#4396,.T.);
#4399=ORIENTED_EDGE('',*,*,#4398,.F.);
#4401=ORIENTED_EDGE('',*,*,#4400,.T.);
#4403=ORIENTED_EDGE('',*,*,#4402,.T.);
#4405=ORIENTED_EDGE('',*,*,#4404,.T.);
#4407=ORIENTED_EDGE('',*,*,#4406,.T.);
#4409=ORIENTED_EDGE('',*,*,#4408,.F.);
#4411=ORIENTED_EDGE('',*,*,#4410,.T.);
#4413=ORIENTED_EDGE('',*,*,#4412,.F.);
#4414=EDGE_LOOP('',(#4369,#4371,#4373,#4375,#4377,#4379,#4381,#4383,#4385,#4387,
#4389,#4391,#4393,#4395,#4397,#4399,#4401,#4403,#4405,#4407,#4409,#4411,#4413));
#4415=FACE_OUTER_BOUND('',#4414,.F.);
#4417=CARTESIAN_POINT('',(-2.820004800192E1,0.E0,-4.63E1));
#4418=DIRECTION('',(0.E0,-1.745240643728E-2,-9.998476951564E-1));
#4419=DIRECTION('',(1.E0,0.E0,0.E0));
#4420=AXIS2_PLACEMENT_3D('',#4417,#4418,#4419);
#4421=PLANE('',#4420);
#4423=ORIENTED_EDGE('',*,*,#4422,.F.);
#4424=ORIENTED_EDGE('',*,*,#4380,.F.);
#4426=ORIENTED_EDGE('',*,*,#4425,.T.);
#4428=ORIENTED_EDGE('',*,*,#4427,.T.);
#4429=EDGE_LOOP('',(#4423,#4424,#4426,#4428));
#4430=FACE_OUTER_BOUND('',#4429,.F.);
#4432=CARTESIAN_POINT('',(-2.820004800192E1,0.E0,-4.63E1));
#4433=DIRECTION('',(0.E0,-1.745240643728E-2,-9.998476951564E-1));
#4434=DIRECTION('',(1.E0,0.E0,0.E0));
#4435=AXIS2_PLACEMENT_3D('',#4432,#4433,#4434);
#4436=PLANE('',#4435);
#4438=ORIENTED_EDGE('',*,*,#4437,.F.);
#4440=ORIENTED_EDGE('',*,*,#4439,.F.);
#4441=ORIENTED_EDGE('',*,*,#4306,.F.);
#4443=ORIENTED_EDGE('',*,*,#4442,.T.);
#4445=ORIENTED_EDGE('',*,*,#4444,.T.);
#4447=ORIENTED_EDGE('',*,*,#4446,.F.);
#4448=ORIENTED_EDGE('',*,*,#4314,.F.);
#4450=ORIENTED_EDGE('',*,*,#4449,.T.);
#4451=EDGE_LOOP('',(#4438,#4440,#4441,#4443,#4445,#4447,#4448,#4450));
#4452=FACE_OUTER_BOUND('',#4451,.F.);
#4454=CARTESIAN_POINT('',(-1.724988339536E1,-4.5E0,-4.41E1));
#4455=DIRECTION('',(-1.E0,0.E0,0.E0));
#4456=DIRECTION('',(0.E0,0.E0,-1.E0));
#4457=AXIS2_PLACEMENT_3D('',#4454,#4455,#4456);
#4458=PLANE('',#4457);
#4460=ORIENTED_EDGE('',*,*,#4459,.F.);
#4461=ORIENTED_EDGE('',*,*,#4382,.T.);
#4462=ORIENTED_EDGE('',*,*,#4422,.T.);
#4464=ORIENTED_EDGE('',*,*,#4463,.T.);
#4466=ORIENTED_EDGE('',*,*,#4465,.T.);
#4468=ORIENTED_EDGE('',*,*,#4467,.T.);
#4469=EDGE_LOOP('',(#4460,#4461,#4462,#4464,#4466,#4468));
#4470=FACE_OUTER_BOUND('',#4469,.F.);
#4472=CARTESIAN_POINT('',(-1.724988339536E1,-4.5E0,-4.61E1));
#4473=DIRECTION('',(0.E0,0.E0,-1.E0));
#4474=DIRECTION('',(1.E0,0.E0,0.E0));
#4475=AXIS2_PLACEMENT_3D('',#4472,#4473,#4474);
#4476=PLANE('',#4475);
#4477=ORIENTED_EDGE('',*,*,#4384,.F.);
#4478=ORIENTED_EDGE('',*,*,#4459,.T.);
#4480=ORIENTED_EDGE('',*,*,#4479,.T.);
#4482=ORIENTED_EDGE('',*,*,#4481,.F.);
#4483=ORIENTED_EDGE('',*,*,#4356,.F.);
#4485=ORIENTED_EDGE('',*,*,#4484,.T.);
#4487=ORIENTED_EDGE('',*,*,#4486,.T.);
#4489=ORIENTED_EDGE('',*,*,#4488,.T.);
#4490=EDGE_LOOP('',(#4477,#4478,#4480,#4482,#4483,#4485,#4487,#4489));
#4491=FACE_OUTER_BOUND('',#4490,.F.);
#4493=CARTESIAN_POINT('',(0.E0,4.E0,0.E0));
#4494=DIRECTION('',(0.E0,-1.E0,0.E0));
#4495=DIRECTION('',(1.E0,0.E0,0.E0));
#4496=AXIS2_PLACEMENT_3D('',#4493,#4494,#4495);
#4497=PLANE('',#4496);
#4499=ORIENTED_EDGE('',*,*,#4498,.T.);
#4501=ORIENTED_EDGE('',*,*,#4500,.F.);
#4502=ORIENTED_EDGE('',*,*,#4479,.F.);
#4503=ORIENTED_EDGE('',*,*,#4467,.F.);
#4504=EDGE_LOOP('',(#4499,#4501,#4502,#4503));
#4505=FACE_OUTER_BOUND('',#4504,.F.);
#4507=FILL_AREA_STYLE_COLOUR('',#31);
#4508=FILL_AREA_STYLE('',(#4507));
#4509=SURFACE_STYLE_FILL_AREA(#4508);
#4510=SURFACE_SIDE_STYLE('',(#4509));
#4511=SURFACE_STYLE_USAGE(.POSITIVE.,#4510);
#4512=FILL_AREA_STYLE_COLOUR('',#34);
#4513=FILL_AREA_STYLE('',(#4512));
#4514=SURFACE_STYLE_FILL_AREA(#4513);
#4515=SURFACE_SIDE_STYLE('',(#4514));
#4516=SURFACE_STYLE_USAGE(.NEGATIVE.,#4515);
#4517=PRESENTATION_STYLE_ASSIGNMENT((#4511,#4516));
#4518=OVER_RIDING_STYLED_ITEM('',(#4517),#4506,#57);
#4519=CARTESIAN_POINT('',(2.7E1,0.E0,-4.55E1));
#4520=DIRECTION('',(0.E0,0.E0,-1.E0));
#4521=DIRECTION('',(-1.E0,0.E0,0.E0));
#4522=AXIS2_PLACEMENT_3D('',#4519,#4520,#4521);
#4523=PLANE('',#4522);
#4525=ORIENTED_EDGE('',*,*,#4524,.F.);
#4527=ORIENTED_EDGE('',*,*,#4526,.F.);
#4529=ORIENTED_EDGE('',*,*,#4528,.F.);
#4531=ORIENTED_EDGE('',*,*,#4530,.T.);
#4533=ORIENTED_EDGE('',*,*,#4532,.T.);
#4535=ORIENTED_EDGE('',*,*,#4534,.T.);
#4536=ORIENTED_EDGE('',*,*,#4498,.F.);
#4537=ORIENTED_EDGE('',*,*,#4465,.F.);
#4539=ORIENTED_EDGE('',*,*,#4538,.T.);
#4541=ORIENTED_EDGE('',*,*,#4540,.F.);
#4543=ORIENTED_EDGE('',*,*,#4542,.F.);
#4545=ORIENTED_EDGE('',*,*,#4544,.T.);
#4547=ORIENTED_EDGE('',*,*,#4546,.F.);
#4549=ORIENTED_EDGE('',*,*,#4548,.F.);
#4551=ORIENTED_EDGE('',*,*,#4550,.F.);
#4553=ORIENTED_EDGE('',*,*,#4552,.T.);
#4554=EDGE_LOOP('',(#4525,#4527,#4529,#4531,#4533,#4535,#4536,#4537,#4539,#4541,
#4543,#4545,#4547,#4549,#4551,#4553));
#4555=FACE_OUTER_BOUND('',#4554,.F.);
#4556=ORIENTED_EDGE('',*,*,#4310,.T.);
#4558=ORIENTED_EDGE('',*,*,#4557,.T.);
#4560=ORIENTED_EDGE('',*,*,#4559,.F.);
#4562=ORIENTED_EDGE('',*,*,#4561,.F.);
#4563=EDGE_LOOP('',(#4556,#4558,#4560,#4562));
#4564=FACE_BOUND('',#4563,.F.);
#4566=CARTESIAN_POINT('',(-3.E0,0.E0,-4.55E1));
#4567=DIRECTION('',(-1.E0,0.E0,0.E0));
#4568=DIRECTION('',(0.E0,0.E0,-1.E0));
#4569=AXIS2_PLACEMENT_3D('',#4566,#4567,#4568);
#4570=PLANE('',#4569);
#4571=ORIENTED_EDGE('',*,*,#4557,.F.);
#4572=ORIENTED_EDGE('',*,*,#4308,.T.);
#4573=ORIENTED_EDGE('',*,*,#4439,.T.);
#4575=ORIENTED_EDGE('',*,*,#4574,.F.);
#4576=EDGE_LOOP('',(#4571,#4572,#4573,#4575));
#4577=FACE_OUTER_BOUND('',#4576,.F.);
#4579=CARTESIAN_POINT('',(0.E0,-1.E0,0.E0));
#4580=DIRECTION('',(0.E0,-1.E0,0.E0));
#4581=DIRECTION('',(0.E0,0.E0,-1.E0));
#4582=AXIS2_PLACEMENT_3D('',#4579,#4580,#4581);
#4583=PLANE('',#4582);
#4585=ORIENTED_EDGE('',*,*,#4584,.F.);
#4587=ORIENTED_EDGE('',*,*,#4586,.T.);
#4589=ORIENTED_EDGE('',*,*,#4588,.T.);
#4591=ORIENTED_EDGE('',*,*,#4590,.T.);
#4592=EDGE_LOOP('',(#4585,#4587,#4589,#4591));
#4593=FACE_OUTER_BOUND('',#4592,.F.);
#4595=CARTESIAN_POINT('',(0.E0,-1.E0,0.E0));
#4596=DIRECTION('',(0.E0,-1.E0,0.E0));
#4597=DIRECTION('',(0.E0,0.E0,-1.E0));
#4598=AXIS2_PLACEMENT_3D('',#4595,#4596,#4597);
#4599=PLANE('',#4598);
#4601=ORIENTED_EDGE('',*,*,#4600,.F.);
#4603=ORIENTED_EDGE('',*,*,#4602,.T.);
#4605=ORIENTED_EDGE('',*,*,#4604,.T.);
#4607=ORIENTED_EDGE('',*,*,#4606,.T.);
#4608=EDGE_LOOP('',(#4601,#4603,#4605,#4607));
#4609=FACE_OUTER_BOUND('',#4608,.F.);
#4611=CARTESIAN_POINT('',(0.E0,-1.E0,0.E0));
#4612=DIRECTION('',(0.E0,-1.E0,0.E0));
#4613=DIRECTION('',(0.E0,0.E0,-1.E0));
#4614=AXIS2_PLACEMENT_3D('',#4611,#4612,#4613);
#4615=PLANE('',#4614);
#4617=ORIENTED_EDGE('',*,*,#4616,.T.);
#4619=ORIENTED_EDGE('',*,*,#4618,.T.);
#4621=ORIENTED_EDGE('',*,*,#4620,.F.);
#4623=ORIENTED_EDGE('',*,*,#4622,.T.);
#4624=EDGE_LOOP('',(#4617,#4619,#4621,#4623));
#4625=FACE_OUTER_BOUND('',#4624,.F.);
#4627=CARTESIAN_POINT('',(0.E0,-1.E0,0.E0));
#4628=DIRECTION('',(0.E0,-1.E0,0.E0));
#4629=DIRECTION('',(0.E0,0.E0,-1.E0));
#4630=AXIS2_PLACEMENT_3D('',#4627,#4628,#4629);
#4631=PLANE('',#4630);
#4633=ORIENTED_EDGE('',*,*,#4632,.T.);
#4635=ORIENTED_EDGE('',*,*,#4634,.T.);
#4637=ORIENTED_EDGE('',*,*,#4636,.F.);
#4639=ORIENTED_EDGE('',*,*,#4638,.T.);
#4640=EDGE_LOOP('',(#4633,#4635,#4637,#4639));
#4641=FACE_OUTER_BOUND('',#4640,.F.);
#4643=CARTESIAN_POINT('',(0.E0,-1.E0,0.E0));
#4644=DIRECTION('',(0.E0,-1.E0,0.E0));
#4645=DIRECTION('',(0.E0,0.E0,-1.E0));
#4646=AXIS2_PLACEMENT_3D('',#4643,#4644,#4645);
#4647=PLANE('',#4646);
#4648=ORIENTED_EDGE('',*,*,#4559,.T.);
#4649=ORIENTED_EDGE('',*,*,#4574,.T.);
#4650=ORIENTED_EDGE('',*,*,#4437,.T.);
#4652=ORIENTED_EDGE('',*,*,#4651,.T.);
#4653=EDGE_LOOP('',(#4648,#4649,#4650,#4652));
#4654=FACE_OUTER_BOUND('',#4653,.F.);
#4656=CARTESIAN_POINT('',(-2.75E1,0.E0,-4.5E1));
#4657=DIRECTION('',(-1.E0,0.E0,0.E0));
#4658=DIRECTION('',(0.E0,0.E0,1.E0));
#4659=AXIS2_PLACEMENT_3D('',#4656,#4657,#4658);
#4660=PLANE('',#4659);
#4662=ORIENTED_EDGE('',*,*,#4661,.F.);
#4664=ORIENTED_EDGE('',*,*,#4663,.F.);
#4666=ORIENTED_EDGE('',*,*,#4665,.F.);
#4668=ORIENTED_EDGE('',*,*,#4667,.T.);
#4670=ORIENTED_EDGE('',*,*,#4669,.T.);
#4672=ORIENTED_EDGE('',*,*,#4671,.F.);
#4674=ORIENTED_EDGE('',*,*,#4673,.F.);
#4676=ORIENTED_EDGE('',*,*,#4675,.T.);
#4678=ORIENTED_EDGE('',*,*,#4677,.F.);
#4680=ORIENTED_EDGE('',*,*,#4679,.F.);
#4682=ORIENTED_EDGE('',*,*,#4681,.F.);
#4684=ORIENTED_EDGE('',*,*,#4683,.T.);
#4685=EDGE_LOOP('',(#4662,#4664,#4666,#4668,#4670,#4672,#4674,#4676,#4678,#4680,
#4682,#4684));
#4686=FACE_OUTER_BOUND('',#4685,.F.);
#4687=ORIENTED_EDGE('',*,*,#4410,.F.);
#4689=ORIENTED_EDGE('',*,*,#4688,.T.);
#4690=ORIENTED_EDGE('',*,*,#4600,.T.);
#4692=ORIENTED_EDGE('',*,*,#4691,.F.);
#4693=EDGE_LOOP('',(#4687,#4689,#4690,#4692));
#4694=FACE_BOUND('',#4693,.F.);
#4695=ORIENTED_EDGE('',*,*,#4372,.F.);
#4697=ORIENTED_EDGE('',*,*,#4696,.T.);
#4698=ORIENTED_EDGE('',*,*,#4584,.T.);
#4700=ORIENTED_EDGE('',*,*,#4699,.F.);
#4701=EDGE_LOOP('',(#4695,#4697,#4698,#4700));
#4702=FACE_BOUND('',#4701,.F.);
#4704=CARTESIAN_POINT('',(-2.75E1,0.E0,-3.2E1));
#4705=DIRECTION('',(0.E0,0.E0,1.E0));
#4706=DIRECTION('',(-1.E0,0.E0,0.E0));
#4707=AXIS2_PLACEMENT_3D('',#4704,#4705,#4706);
#4708=PLANE('',#4707);
#4709=ORIENTED_EDGE('',*,*,#4696,.F.);
#4710=ORIENTED_EDGE('',*,*,#4370,.T.);
#4712=ORIENTED_EDGE('',*,*,#4711,.T.);
#4713=ORIENTED_EDGE('',*,*,#4586,.F.);
#4714=EDGE_LOOP('',(#4709,#4710,#4712,#4713));
#4715=FACE_OUTER_BOUND('',#4714,.F.);
#4717=CARTESIAN_POINT('',(-2.83E1,0.E0,4.620004800192E1));
#4718=DIRECTION('',(-9.998476951564E-1,-1.745240643728E-2,0.E0));
#4719=DIRECTION('',(0.E0,0.E0,-1.E0));
#4720=AXIS2_PLACEMENT_3D('',#4717,#4718,#4719);
#4721=PLANE('',#4720);
#4722=ORIENTED_EDGE('',*,*,#4588,.F.);
#4723=ORIENTED_EDGE('',*,*,#4711,.F.);
#4724=ORIENTED_EDGE('',*,*,#4368,.F.);
#4726=ORIENTED_EDGE('',*,*,#4725,.T.);
#4727=ORIENTED_EDGE('',*,*,#4604,.F.);
#4729=ORIENTED_EDGE('',*,*,#4728,.F.);
#4730=ORIENTED_EDGE('',*,*,#4406,.F.);
#4732=ORIENTED_EDGE('',*,*,#4731,.T.);
#4734=ORIENTED_EDGE('',*,*,#4733,.T.);
#4736=ORIENTED_EDGE('',*,*,#4735,.F.);
#4737=ORIENTED_EDGE('',*,*,#4376,.F.);
#4739=ORIENTED_EDGE('',*,*,#4738,.T.);
#4740=EDGE_LOOP('',(#4722,#4723,#4724,#4726,#4727,#4729,#4730,#4732,#4734,#4736,
#4737,#4739));
#4741=FACE_OUTER_BOUND('',#4740,.F.);
#4743=CARTESIAN_POINT('',(-2.83E1,0.E0,3.2E1));
#4744=DIRECTION('',(0.E0,0.E0,-1.E0));
#4745=DIRECTION('',(1.E0,0.E0,0.E0));
#4746=AXIS2_PLACEMENT_3D('',#4743,#4744,#4745);
#4747=PLANE('',#4746);
#4748=ORIENTED_EDGE('',*,*,#4691,.T.);
#4749=ORIENTED_EDGE('',*,*,#4606,.F.);
#4750=ORIENTED_EDGE('',*,*,#4725,.F.);
#4751=ORIENTED_EDGE('',*,*,#4412,.T.);
#4752=EDGE_LOOP('',(#4748,#4749,#4750,#4751));
#4753=FACE_OUTER_BOUND('',#4752,.F.);
#4755=CARTESIAN_POINT('',(-2.75E1,0.E0,3.8E1));
#4756=DIRECTION('',(0.E0,0.E0,1.E0));
#4757=DIRECTION('',(-1.E0,0.E0,0.E0));
#4758=AXIS2_PLACEMENT_3D('',#4755,#4756,#4757);
#4759=PLANE('',#4758);
#4760=ORIENTED_EDGE('',*,*,#4688,.F.);
#4761=ORIENTED_EDGE('',*,*,#4408,.T.);
#4762=ORIENTED_EDGE('',*,*,#4728,.T.);
#4763=ORIENTED_EDGE('',*,*,#4602,.F.);
#4764=EDGE_LOOP('',(#4760,#4761,#4762,#4763));
#4765=FACE_OUTER_BOUND('',#4764,.F.);
#4767=CARTESIAN_POINT('',(-2.7E1,-1.25E0,4.5E1));
#4768=DIRECTION('',(0.E0,1.E0,0.E0));
#4769=DIRECTION('',(0.E0,0.E0,1.E0));
#4770=AXIS2_PLACEMENT_3D('',#4767,#4768,#4769);
#4771=CONICAL_SURFACE('',#4770,1.278181168840E0,1.E0);
#4772=ORIENTED_EDGE('',*,*,#4404,.F.);
#4774=ORIENTED_EDGE('',*,*,#4773,.T.);
#4776=ORIENTED_EDGE('',*,*,#4775,.T.);
#4777=ORIENTED_EDGE('',*,*,#4731,.F.);
#4778=EDGE_LOOP('',(#4772,#4774,#4776,#4777));
#4779=FACE_OUTER_BOUND('',#4778,.F.);
#4781=CARTESIAN_POINT('',(2.820004800192E1,0.E0,4.63E1));
#4782=DIRECTION('',(0.E0,-1.745240643728E-2,9.998476951564E-1));
#4783=DIRECTION('',(-1.E0,0.E0,0.E0));
#4784=AXIS2_PLACEMENT_3D('',#4781,#4782,#4783);
#4785=PLANE('',#4784);
#4787=ORIENTED_EDGE('',*,*,#4786,.F.);
#4789=ORIENTED_EDGE('',*,*,#4788,.T.);
#4790=ORIENTED_EDGE('',*,*,#4773,.F.);
#4791=ORIENTED_EDGE('',*,*,#4402,.F.);
#4792=EDGE_LOOP('',(#4787,#4789,#4790,#4791));
#4793=FACE_OUTER_BOUND('',#4792,.F.);
#4795=CARTESIAN_POINT('',(2.820004800192E1,0.E0,4.63E1));
#4796=DIRECTION('',(0.E0,-1.745240643728E-2,9.998476951564E-1));
#4797=DIRECTION('',(-1.E0,0.E0,0.E0));
#4798=AXIS2_PLACEMENT_3D('',#4795,#4796,#4797);
#4799=PLANE('',#4798);
#4801=ORIENTED_EDGE('',*,*,#4800,.T.);
#4802=ORIENTED_EDGE('',*,*,#4338,.F.);
#4804=ORIENTED_EDGE('',*,*,#4803,.T.);
#4806=ORIENTED_EDGE('',*,*,#4805,.T.);
#4807=EDGE_LOOP('',(#4801,#4802,#4804,#4806));
#4808=FACE_OUTER_BOUND('',#4807,.F.);
#4810=CARTESIAN_POINT('',(-4.769997224434E0,2.6967556E-1,0.E0));
#4811=DIRECTION('',(-1.E0,0.E0,0.E0));
#4812=DIRECTION('',(0.E0,-1.E0,0.E0));
#4813=AXIS2_PLACEMENT_3D('',#4810,#4811,#4812);
#4814=PLANE('',#4813);
#4816=ORIENTED_EDGE('',*,*,#4815,.T.);
#4818=ORIENTED_EDGE('',*,*,#4817,.F.);
#4820=ORIENTED_EDGE('',*,*,#4819,.F.);
#4822=ORIENTED_EDGE('',*,*,#4821,.F.);
#4823=ORIENTED_EDGE('',*,*,#4786,.T.);
#4824=ORIENTED_EDGE('',*,*,#4400,.F.);
#4825=EDGE_LOOP('',(#4816,#4818,#4820,#4822,#4823,#4824));
#4826=FACE_OUTER_BOUND('',#4825,.F.);
#4828=CARTESIAN_POINT('',(-5.019997224434E0,1.3483778E-1,4.725E1));
#4829=DIRECTION('',(7.071067811865E-1,0.E0,7.071067811865E-1));
#4830=DIRECTION('',(7.071067811865E-1,0.E0,-7.071067811865E-1));
#4831=AXIS2_PLACEMENT_3D('',#4828,#4829,#4830);
#4832=PLANE('',#4831);
#4833=ORIENTED_EDGE('',*,*,#4398,.T.);
#4835=ORIENTED_EDGE('',*,*,#4834,.T.);
#4837=ORIENTED_EDGE('',*,*,#4836,.T.);
#4838=ORIENTED_EDGE('',*,*,#4815,.F.);
#4839=EDGE_LOOP('',(#4833,#4835,#4837,#4838));
#4840=FACE_OUTER_BOUND('',#4839,.F.);
#4842=CARTESIAN_POINT('',(-2.7E1,0.E0,4.75E1));
#4843=DIRECTION('',(0.E0,0.E0,1.E0));
#4844=DIRECTION('',(1.E0,0.E0,0.E0));
#4845=AXIS2_PLACEMENT_3D('',#4842,#4843,#4844);
#4846=PLANE('',#4845);
#4848=ORIENTED_EDGE('',*,*,#4847,.F.);
#4850=ORIENTED_EDGE('',*,*,#4849,.F.);
#4852=ORIENTED_EDGE('',*,*,#4851,.F.);
#4853=ORIENTED_EDGE('',*,*,#4834,.F.);
#4854=ORIENTED_EDGE('',*,*,#4396,.F.);
#4856=ORIENTED_EDGE('',*,*,#4855,.T.);
#4858=ORIENTED_EDGE('',*,*,#4857,.T.);
#4860=ORIENTED_EDGE('',*,*,#4859,.F.);
#4861=ORIENTED_EDGE('',*,*,#4344,.F.);
#4863=ORIENTED_EDGE('',*,*,#4862,.F.);
#4864=EDGE_LOOP('',(#4848,#4850,#4852,#4853,#4854,#4856,#4858,#4860,#4861,
#4863));
#4865=FACE_OUTER_BOUND('',#4864,.F.);
#4867=CARTESIAN_POINT('',(3.190002775566E0,2.6967556E-1,4.724999999443E1));
#4868=DIRECTION('',(0.E0,0.E0,1.E0));
#4869=DIRECTION('',(0.E0,-1.E0,0.E0));
#4870=AXIS2_PLACEMENT_3D('',#4867,#4868,#4869);
#4871=CONICAL_SURFACE('',#4870,1.829999994427E0,4.5E1);
#4873=ORIENTED_EDGE('',*,*,#4872,.F.);
#4875=ORIENTED_EDGE('',*,*,#4874,.F.);
#4876=ORIENTED_EDGE('',*,*,#4847,.T.);
#4878=ORIENTED_EDGE('',*,*,#4877,.T.);
#4879=EDGE_LOOP('',(#4873,#4875,#4876,#4878));
#4880=FACE_OUTER_BOUND('',#4879,.F.);
#4882=CARTESIAN_POINT('',(3.190002775566E0,2.6967556E-1,0.E0));
#4883=DIRECTION('',(0.E0,0.E0,1.E0));
#4884=DIRECTION('',(1.E0,0.E0,0.E0));
#4885=AXIS2_PLACEMENT_3D('',#4882,#4883,#4884);
#4886=CYLINDRICAL_SURFACE('',#4885,1.58E0);
#4887=ORIENTED_EDGE('',*,*,#4872,.T.);
#4889=ORIENTED_EDGE('',*,*,#4888,.F.);
#4891=ORIENTED_EDGE('',*,*,#4890,.T.);
#4893=ORIENTED_EDGE('',*,*,#4892,.T.);
#4894=EDGE_LOOP('',(#4887,#4889,#4891,#4893));
#4895=FACE_OUTER_BOUND('',#4894,.F.);
#4897=CARTESIAN_POINT('',(4.770002775566E0,-2.5E0,0.E0));
#4898=DIRECTION('',(1.E0,0.E0,0.E0));
#4899=DIRECTION('',(0.E0,1.E0,0.E0));
#4900=AXIS2_PLACEMENT_3D('',#4897,#4898,#4899);
#4901=PLANE('',#4900);
#4903=ORIENTED_EDGE('',*,*,#4902,.T.);
#4904=ORIENTED_EDGE('',*,*,#4340,.T.);
#4905=ORIENTED_EDGE('',*,*,#4800,.F.);
#4907=ORIENTED_EDGE('',*,*,#4906,.T.);
#4909=ORIENTED_EDGE('',*,*,#4908,.T.);
#4910=ORIENTED_EDGE('',*,*,#4888,.T.);
#4911=EDGE_LOOP('',(#4903,#4904,#4905,#4907,#4909,#4910));
#4912=FACE_OUTER_BOUND('',#4911,.F.);
#4914=CARTESIAN_POINT('',(5.020002775566E0,1.3483778E-1,4.725E1));
#4915=DIRECTION('',(-7.071067811865E-1,0.E0,7.071067811865E-1));
#4916=DIRECTION('',(-7.071067811865E-1,0.E0,-7.071067811865E-1));
#4917=AXIS2_PLACEMENT_3D('',#4914,#4915,#4916);
#4918=PLANE('',#4917);
#4919=ORIENTED_EDGE('',*,*,#4342,.T.);
#4920=ORIENTED_EDGE('',*,*,#4902,.F.);
#4921=ORIENTED_EDGE('',*,*,#4877,.F.);
#4922=ORIENTED_EDGE('',*,*,#4862,.T.);
#4923=EDGE_LOOP('',(#4919,#4920,#4921,#4922));
#4924=FACE_OUTER_BOUND('',#4923,.F.);
#4926=CARTESIAN_POINT('',(0.E0,-2.5E0,0.E0));
#4927=DIRECTION('',(0.E0,-1.E0,0.E0));
#4928=DIRECTION('',(0.E0,0.E0,-1.E0));
#4929=AXIS2_PLACEMENT_3D('',#4926,#4927,#4928);
#4930=PLANE('',#4929);
#4931=ORIENTED_EDGE('',*,*,#4463,.F.);
#4932=ORIENTED_EDGE('',*,*,#4427,.F.);
#4934=ORIENTED_EDGE('',*,*,#4933,.F.);
#4935=ORIENTED_EDGE('',*,*,#4733,.F.);
#4936=ORIENTED_EDGE('',*,*,#4775,.F.);
#4937=ORIENTED_EDGE('',*,*,#4788,.F.);
#4938=ORIENTED_EDGE('',*,*,#4821,.T.);
#4940=ORIENTED_EDGE('',*,*,#4939,.F.);
#4942=ORIENTED_EDGE('',*,*,#4941,.F.);
#4943=ORIENTED_EDGE('',*,*,#4669,.F.);
#4945=ORIENTED_EDGE('',*,*,#4944,.F.);
#4946=ORIENTED_EDGE('',*,*,#4538,.F.);
#4947=EDGE_LOOP('',(#4931,#4932,#4934,#4935,#4936,#4937,#4938,#4940,#4942,#4943,
#4945,#4946));
#4948=FACE_OUTER_BOUND('',#4947,.F.);
#4950=CARTESIAN_POINT('',(0.E0,-2.5E0,0.E0));
#4951=DIRECTION('',(0.E0,-1.E0,0.E0));
#4952=DIRECTION('',(0.E0,0.E0,-1.E0));
#4953=AXIS2_PLACEMENT_3D('',#4950,#4951,#4952);
#4954=PLANE('',#4953);
#4956=ORIENTED_EDGE('',*,*,#4955,.F.);
#4957=ORIENTED_EDGE('',*,*,#4532,.F.);
#4959=ORIENTED_EDGE('',*,*,#4958,.F.);
#4961=ORIENTED_EDGE('',*,*,#4960,.F.);
#4963=ORIENTED_EDGE('',*,*,#4962,.F.);
#4965=ORIENTED_EDGE('',*,*,#4964,.F.);
#4966=ORIENTED_EDGE('',*,*,#4906,.F.);
#4967=ORIENTED_EDGE('',*,*,#4805,.F.);
#4969=ORIENTED_EDGE('',*,*,#4968,.F.);
#4971=ORIENTED_EDGE('',*,*,#4970,.F.);
#4973=ORIENTED_EDGE('',*,*,#4972,.F.);
#4974=ORIENTED_EDGE('',*,*,#4444,.F.);
#4975=EDGE_LOOP('',(#4956,#4957,#4959,#4961,#4963,#4965,#4966,#4967,#4969,#4971,
#4973,#4974));
#4976=FACE_OUTER_BOUND('',#4975,.F.);
#4978=CARTESIAN_POINT('',(-2.7E1,-1.25E0,-4.5E1));
#4979=DIRECTION('',(0.E0,1.E0,0.E0));
#4980=DIRECTION('',(0.E0,0.E0,1.E0));
#4981=AXIS2_PLACEMENT_3D('',#4978,#4979,#4980);
#4982=CONICAL_SURFACE('',#4981,1.278181168840E0,1.E0);
#4983=ORIENTED_EDGE('',*,*,#4378,.F.);
#4984=ORIENTED_EDGE('',*,*,#4735,.T.);
#4985=ORIENTED_EDGE('',*,*,#4933,.T.);
#4986=ORIENTED_EDGE('',*,*,#4425,.F.);
#4987=EDGE_LOOP('',(#4983,#4984,#4985,#4986));
#4988=FACE_OUTER_BOUND('',#4987,.F.);
#4990=CARTESIAN_POINT('',(-2.7E1,0.E0,4.55E1));
#4991=DIRECTION('',(0.E0,0.E0,1.E0));
#4992=DIRECTION('',(1.E0,0.E0,0.E0));
#4993=AXIS2_PLACEMENT_3D('',#4990,#4991,#4992);
#4994=PLANE('',#4993);
#4996=ORIENTED_EDGE('',*,*,#4995,.F.);
#4998=ORIENTED_EDGE('',*,*,#4997,.F.);
#5000=ORIENTED_EDGE('',*,*,#4999,.F.);
#5002=ORIENTED_EDGE('',*,*,#5001,.T.);
#5003=ORIENTED_EDGE('',*,*,#4939,.T.);
#5004=ORIENTED_EDGE('',*,*,#4819,.T.);
#5006=ORIENTED_EDGE('',*,*,#5005,.F.);
#5008=ORIENTED_EDGE('',*,*,#5007,.F.);
#5009=ORIENTED_EDGE('',*,*,#4890,.F.);
#5010=ORIENTED_EDGE('',*,*,#4908,.F.);
#5011=ORIENTED_EDGE('',*,*,#4964,.T.);
#5013=ORIENTED_EDGE('',*,*,#5012,.F.);
#5015=ORIENTED_EDGE('',*,*,#5014,.F.);
#5017=ORIENTED_EDGE('',*,*,#5016,.T.);
#5019=ORIENTED_EDGE('',*,*,#5018,.F.);
#5021=ORIENTED_EDGE('',*,*,#5020,.F.);
#5023=ORIENTED_EDGE('',*,*,#5022,.F.);
#5025=ORIENTED_EDGE('',*,*,#5024,.T.);
#5027=ORIENTED_EDGE('',*,*,#5026,.F.);
#5029=ORIENTED_EDGE('',*,*,#5028,.F.);
#5031=ORIENTED_EDGE('',*,*,#5030,.F.);
#5033=ORIENTED_EDGE('',*,*,#5032,.T.);
#5034=EDGE_LOOP('',(#4996,#4998,#5000,#5002,#5003,#5004,#5006,#5008,#5009,#5010,
#5011,#5013,#5015,#5017,#5019,#5021,#5023,#5025,#5027,#5029,#5031,#5033));
#5035=FACE_OUTER_BOUND('',#5034,.F.);
#5037=CARTESIAN_POINT('',(0.E0,0.E0,0.E0));
#5038=DIRECTION('',(0.E0,1.E0,0.E0));
#5039=DIRECTION('',(-1.E0,0.E0,0.E0));
#5040=AXIS2_PLACEMENT_3D('',#5037,#5038,#5039);
#5041=PLANE('',#5040);
#5043=ORIENTED_EDGE('',*,*,#5042,.T.);
#5045=ORIENTED_EDGE('',*,*,#5044,.F.);
#5047=ORIENTED_EDGE('',*,*,#5046,.T.);
#5049=ORIENTED_EDGE('',*,*,#5048,.F.);
#5051=ORIENTED_EDGE('',*,*,#5050,.F.);
#5053=ORIENTED_EDGE('',*,*,#5052,.F.);
#5054=ORIENTED_EDGE('',*,*,#5018,.T.);
#5056=ORIENTED_EDGE('',*,*,#5055,.F.);
#5057=EDGE_LOOP('',(#5043,#5045,#5047,#5049,#5051,#5053,#5054,#5056));
#5058=FACE_OUTER_BOUND('',#5057,.F.);
#5060=ORIENTED_EDGE('',*,*,#5059,.T.);
#5062=ORIENTED_EDGE('',*,*,#5061,.T.);
#5063=EDGE_LOOP('',(#5060,#5062));
#5064=FACE_BOUND('',#5063,.F.);
#5066=CARTESIAN_POINT('',(0.E0,0.E0,0.E0));
#5067=DIRECTION('',(0.E0,1.E0,0.E0));
#5068=DIRECTION('',(-1.E0,0.E0,0.E0));
#5069=AXIS2_PLACEMENT_3D('',#5066,#5067,#5068);
#5070=PLANE('',#5069);
#5072=ORIENTED_EDGE('',*,*,#5071,.T.);
#5074=ORIENTED_EDGE('',*,*,#5073,.F.);
#5075=ORIENTED_EDGE('',*,*,#4995,.T.);
#5077=ORIENTED_EDGE('',*,*,#5076,.F.);
#5079=ORIENTED_EDGE('',*,*,#5078,.F.);
#5081=ORIENTED_EDGE('',*,*,#5080,.F.);
#5082=ORIENTED_EDGE('',*,*,#4677,.T.);
#5084=ORIENTED_EDGE('',*,*,#5083,.F.);
#5085=EDGE_LOOP('',(#5072,#5074,#5075,#5077,#5079,#5081,#5082,#5084));
#5086=FACE_OUTER_BOUND('',#5085,.F.);
#5088=ORIENTED_EDGE('',*,*,#5087,.T.);
#5090=ORIENTED_EDGE('',*,*,#5089,.T.);
#5091=EDGE_LOOP('',(#5088,#5090));
#5092=FACE_BOUND('',#5091,.F.);
#5094=CARTESIAN_POINT('',(0.E0,0.E0,0.E0));
#5095=DIRECTION('',(0.E0,1.E0,0.E0));
#5096=DIRECTION('',(-1.E0,0.E0,0.E0));
#5097=AXIS2_PLACEMENT_3D('',#5094,#5095,#5096);
#5098=PLANE('',#5097);
#5100=ORIENTED_EDGE('',*,*,#5099,.F.);
#5102=ORIENTED_EDGE('',*,*,#5101,.F.);
#5104=ORIENTED_EDGE('',*,*,#5103,.T.);
#5106=ORIENTED_EDGE('',*,*,#5105,.F.);
#5108=ORIENTED_EDGE('',*,*,#5107,.T.);
#5110=ORIENTED_EDGE('',*,*,#5109,.F.);
#5111=ORIENTED_EDGE('',*,*,#4524,.T.);
#5113=ORIENTED_EDGE('',*,*,#5112,.F.);
#5114=EDGE_LOOP('',(#5100,#5102,#5104,#5106,#5108,#5110,#5111,#5113));
#5115=FACE_OUTER_BOUND('',#5114,.F.);
#5117=ORIENTED_EDGE('',*,*,#5116,.T.);
#5119=ORIENTED_EDGE('',*,*,#5118,.T.);
#5120=EDGE_LOOP('',(#5117,#5119));
#5121=FACE_BOUND('',#5120,.F.);
#5123=CARTESIAN_POINT('',(0.E0,0.E0,0.E0));
#5124=DIRECTION('',(0.E0,1.E0,0.E0));
#5125=DIRECTION('',(-1.E0,0.E0,0.E0));
#5126=AXIS2_PLACEMENT_3D('',#5123,#5124,#5125);
#5127=PLANE('',#5126);
#5129=ORIENTED_EDGE('',*,*,#5128,.T.);
#5131=ORIENTED_EDGE('',*,*,#5130,.F.);
#5132=ORIENTED_EDGE('',*,*,#4661,.T.);
#5134=ORIENTED_EDGE('',*,*,#5133,.F.);
#5136=ORIENTED_EDGE('',*,*,#5135,.F.);
#5138=ORIENTED_EDGE('',*,*,#5137,.F.);
#5139=ORIENTED_EDGE('',*,*,#4546,.T.);
#5141=ORIENTED_EDGE('',*,*,#5140,.F.);
#5142=EDGE_LOOP('',(#5129,#5131,#5132,#5134,#5136,#5138,#5139,#5141));
#5143=FACE_OUTER_BOUND('',#5142,.F.);
#5145=ORIENTED_EDGE('',*,*,#5144,.T.);
#5147=ORIENTED_EDGE('',*,*,#5146,.T.);
#5148=EDGE_LOOP('',(#5145,#5147));
#5149=FACE_BOUND('',#5148,.F.);
#5151=CARTESIAN_POINT('',(2.4E1,0.E0,-4.2E1));
#5152=DIRECTION('',(0.E0,1.E0,0.E0));
#5153=DIRECTION('',(-1.E0,0.E0,0.E0));
#5154=AXIS2_PLACEMENT_3D('',#5151,#5152,#5153);
#5155=CYLINDRICAL_SURFACE('',#5154,1.3E0);
#5157=ORIENTED_EDGE('',*,*,#5156,.F.);
#5159=ORIENTED_EDGE('',*,*,#5158,.F.);
#5160=ORIENTED_EDGE('',*,*,#5116,.F.);
#5162=ORIENTED_EDGE('',*,*,#5161,.T.);
#5163=EDGE_LOOP('',(#5157,#5159,#5160,#5162));
#5164=FACE_OUTER_BOUND('',#5163,.F.);
#5166=CARTESIAN_POINT('',(0.E0,1.1E1,0.E0));
#5167=DIRECTION('',(0.E0,1.E0,0.E0));
#5168=DIRECTION('',(1.E0,0.E0,0.E0));
#5169=AXIS2_PLACEMENT_3D('',#5166,#5167,#5168);
#5170=PLANE('',#5169);
#5172=ORIENTED_EDGE('',*,*,#5171,.T.);
#5174=ORIENTED_EDGE('',*,*,#5173,.T.);
#5175=EDGE_LOOP('',(#5172,#5174));
#5176=FACE_OUTER_BOUND('',#5175,.F.);
#5178=CARTESIAN_POINT('',(0.E0,1.1E1,0.E0));
#5179=DIRECTION('',(0.E0,1.E0,0.E0));
#5180=DIRECTION('',(1.E0,0.E0,0.E0));
#5181=AXIS2_PLACEMENT_3D('',#5178,#5179,#5180);
#5182=PLANE('',#5181);
#5184=ORIENTED_EDGE('',*,*,#5183,.T.);
#5186=ORIENTED_EDGE('',*,*,#5185,.T.);
#5187=EDGE_LOOP('',(#5184,#5186));
#5188=FACE_OUTER_BOUND('',#5187,.F.);
#5190=CARTESIAN_POINT('',(0.E0,1.1E1,0.E0));
#5191=DIRECTION('',(0.E0,1.E0,0.E0));
#5192=DIRECTION('',(1.E0,0.E0,0.E0));
#5193=AXIS2_PLACEMENT_3D('',#5190,#5191,#5192);
#5194=PLANE('',#5193);
#5195=ORIENTED_EDGE('',*,*,#5156,.T.);
#5197=ORIENTED_EDGE('',*,*,#5196,.T.);
#5198=EDGE_LOOP('',(#5195,#5197));
#5199=FACE_OUTER_BOUND('',#5198,.F.);
#5201=CARTESIAN_POINT('',(0.E0,1.1E1,0.E0));
#5202=DIRECTION('',(0.E0,1.E0,0.E0));
#5203=DIRECTION('',(1.E0,0.E0,0.E0));
#5204=AXIS2_PLACEMENT_3D('',#5201,#5202,#5203);
#5205=PLANE('',#5204);
#5207=ORIENTED_EDGE('',*,*,#5206,.T.);
#5209=ORIENTED_EDGE('',*,*,#5208,.T.);
#5210=EDGE_LOOP('',(#5207,#5209));
#5211=FACE_OUTER_BOUND('',#5210,.F.);
#5213=CARTESIAN_POINT('',(0.E0,1.1E1,0.E0));
#5214=DIRECTION('',(0.E0,1.E0,0.E0));
#5215=DIRECTION('',(1.E0,0.E0,0.E0));
#5216=AXIS2_PLACEMENT_3D('',#5213,#5214,#5215);
#5217=PLANE('',#5216);
#5219=ORIENTED_EDGE('',*,*,#5218,.F.);
#5221=ORIENTED_EDGE('',*,*,#5220,.F.);
#5222=EDGE_LOOP('',(#5219,#5221));
#5223=FACE_OUTER_BOUND('',#5222,.F.);
#5225=ORIENTED_EDGE('',*,*,#5224,.F.);
#5227=ORIENTED_EDGE('',*,*,#5226,.F.);
#5228=EDGE_LOOP('',(#5225,#5227));
#5229=FACE_BOUND('',#5228,.F.);
#5231=CARTESIAN_POINT('',(0.E0,1.1E1,0.E0));
#5232=DIRECTION('',(0.E0,1.E0,0.E0));
#5233=DIRECTION('',(1.E0,0.E0,0.E0));
#5234=AXIS2_PLACEMENT_3D('',#5231,#5232,#5233);
#5235=PLANE('',#5234);
#5237=ORIENTED_EDGE('',*,*,#5236,.F.);
#5238=ORIENTED_EDGE('',*,*,#5030,.T.);
#5240=ORIENTED_EDGE('',*,*,#5239,.T.);
#5242=ORIENTED_EDGE('',*,*,#5241,.F.);
#5243=EDGE_LOOP('',(#5237,#5238,#5240,#5242));
#5244=FACE_OUTER_BOUND('',#5243,.F.);
#5246=CARTESIAN_POINT('',(0.E0,1.1E1,0.E0));
#5247=DIRECTION('',(0.E0,1.E0,0.E0));
#5248=DIRECTION('',(1.E0,0.E0,0.E0));
#5249=AXIS2_PLACEMENT_3D('',#5246,#5247,#5248);
#5250=PLANE('',#5249);
#5252=ORIENTED_EDGE('',*,*,#5251,.T.);
#5254=ORIENTED_EDGE('',*,*,#5253,.F.);
#5256=ORIENTED_EDGE('',*,*,#5255,.F.);
#5257=ORIENTED_EDGE('',*,*,#4673,.T.);
#5259=ORIENTED_EDGE('',*,*,#5258,.T.);
#5260=ORIENTED_EDGE('',*,*,#4999,.T.);
#5261=EDGE_LOOP('',(#5252,#5254,#5256,#5257,#5259,#5260));
#5262=FACE_OUTER_BOUND('',#5261,.F.);
#5264=CARTESIAN_POINT('',(0.E0,1.1E1,0.E0));
#5265=DIRECTION('',(0.E0,1.E0,0.E0));
#5266=DIRECTION('',(1.E0,0.E0,0.E0));
#5267=AXIS2_PLACEMENT_3D('',#5264,#5265,#5266);
#5268=PLANE('',#5267);
#5270=ORIENTED_EDGE('',*,*,#5269,.T.);
#5272=ORIENTED_EDGE('',*,*,#5271,.F.);
#5274=ORIENTED_EDGE('',*,*,#5273,.F.);
#5275=ORIENTED_EDGE('',*,*,#5022,.T.);
#5277=ORIENTED_EDGE('',*,*,#5276,.T.);
#5279=ORIENTED_EDGE('',*,*,#5278,.F.);
#5281=ORIENTED_EDGE('',*,*,#5280,.F.);
#5283=ORIENTED_EDGE('',*,*,#5282,.T.);
#5285=ORIENTED_EDGE('',*,*,#5284,.T.);
#5287=ORIENTED_EDGE('',*,*,#5286,.F.);
#5289=ORIENTED_EDGE('',*,*,#5288,.F.);
#5290=ORIENTED_EDGE('',*,*,#4550,.T.);
#5292=ORIENTED_EDGE('',*,*,#5291,.T.);
#5294=ORIENTED_EDGE('',*,*,#5293,.F.);
#5296=ORIENTED_EDGE('',*,*,#5295,.F.);
#5297=ORIENTED_EDGE('',*,*,#4681,.T.);
#5298=EDGE_LOOP('',(#5270,#5272,#5274,#5275,#5277,#5279,#5281,#5283,#5285,#5287,
#5289,#5290,#5292,#5294,#5296,#5297));
#5299=FACE_OUTER_BOUND('',#5298,.F.);
#5301=ORIENTED_EDGE('',*,*,#5300,.T.);
#5303=ORIENTED_EDGE('',*,*,#5302,.T.);
#5304=EDGE_LOOP('',(#5301,#5303));
#5305=FACE_BOUND('',#5304,.F.);
#5307=ORIENTED_EDGE('',*,*,#5306,.T.);
#5309=ORIENTED_EDGE('',*,*,#5308,.T.);
#5310=EDGE_LOOP('',(#5307,#5309));
#5311=FACE_BOUND('',#5310,.F.);
#5313=ORIENTED_EDGE('',*,*,#5312,.T.);
#5315=ORIENTED_EDGE('',*,*,#5314,.T.);
#5316=EDGE_LOOP('',(#5313,#5315));
#5317=FACE_BOUND('',#5316,.F.);
#5319=ORIENTED_EDGE('',*,*,#5318,.T.);
#5321=ORIENTED_EDGE('',*,*,#5320,.T.);
#5322=EDGE_LOOP('',(#5319,#5321));
#5323=FACE_BOUND('',#5322,.F.);
#5325=ORIENTED_EDGE('',*,*,#5324,.F.);
#5327=ORIENTED_EDGE('',*,*,#5326,.F.);
#5328=EDGE_LOOP('',(#5325,#5327));
#5329=FACE_BOUND('',#5328,.F.);
#5331=CARTESIAN_POINT('',(0.E0,1.1E1,0.E0));
#5332=DIRECTION('',(0.E0,1.E0,0.E0));
#5333=DIRECTION('',(1.E0,0.E0,0.E0));
#5334=AXIS2_PLACEMENT_3D('',#5331,#5332,#5333);
#5335=PLANE('',#5334);
#5337=ORIENTED_EDGE('',*,*,#5336,.F.);
#5338=ORIENTED_EDGE('',*,*,#5014,.T.);
#5340=ORIENTED_EDGE('',*,*,#5339,.T.);
#5342=ORIENTED_EDGE('',*,*,#5341,.T.);
#5344=ORIENTED_EDGE('',*,*,#5343,.T.);
#5346=ORIENTED_EDGE('',*,*,#5345,.F.);
#5347=EDGE_LOOP('',(#5337,#5338,#5340,#5342,#5344,#5346));
#5348=FACE_OUTER_BOUND('',#5347,.F.);
#5350=CARTESIAN_POINT('',(0.E0,1.1E1,0.E0));
#5351=DIRECTION('',(0.E0,1.E0,0.E0));
#5352=DIRECTION('',(1.E0,0.E0,0.E0));
#5353=AXIS2_PLACEMENT_3D('',#5350,#5351,#5352);
#5354=PLANE('',#5353);
#5356=ORIENTED_EDGE('',*,*,#5355,.F.);
#5357=ORIENTED_EDGE('',*,*,#4542,.T.);
#5359=ORIENTED_EDGE('',*,*,#5358,.T.);
#5360=ORIENTED_EDGE('',*,*,#4665,.T.);
#5362=ORIENTED_EDGE('',*,*,#5361,.T.);
#5364=ORIENTED_EDGE('',*,*,#5363,.F.);
#5365=EDGE_LOOP('',(#5356,#5357,#5359,#5360,#5362,#5364));
#5366=FACE_OUTER_BOUND('',#5365,.F.);
#5368=CARTESIAN_POINT('',(0.E0,1.1E1,0.E0));
#5369=DIRECTION('',(0.E0,1.E0,0.E0));
#5370=DIRECTION('',(1.E0,0.E0,0.E0));
#5371=AXIS2_PLACEMENT_3D('',#5368,#5369,#5370);
#5372=PLANE('',#5371);
#5374=ORIENTED_EDGE('',*,*,#5373,.T.);
#5376=ORIENTED_EDGE('',*,*,#5375,.F.);
#5378=ORIENTED_EDGE('',*,*,#5377,.F.);
#5380=ORIENTED_EDGE('',*,*,#5379,.T.);
#5382=ORIENTED_EDGE('',*,*,#5381,.T.);
#5383=ORIENTED_EDGE('',*,*,#4528,.T.);
#5384=EDGE_LOOP('',(#5374,#5376,#5378,#5380,#5382,#5383));
#5385=FACE_OUTER_BOUND('',#5384,.F.);
#5387=CARTESIAN_POINT('',(2.4E1,0.E0,4.2E1));
#5388=DIRECTION('',(0.E0,1.E0,0.E0));
#5389=DIRECTION('',(-1.E0,0.E0,0.E0));
#5390=AXIS2_PLACEMENT_3D('',#5387,#5388,#5389);
#5391=CYLINDRICAL_SURFACE('',#5390,1.3E0);
#5393=ORIENTED_EDGE('',*,*,#5392,.F.);
#5395=ORIENTED_EDGE('',*,*,#5394,.T.);
#5397=ORIENTED_EDGE('',*,*,#5396,.F.);
#5398=ORIENTED_EDGE('',*,*,#5171,.F.);
#5399=EDGE_LOOP('',(#5393,#5395,#5397,#5398));
#5400=FACE_OUTER_BOUND('',#5399,.F.);
#5402=CARTESIAN_POINT('',(2.4E1,0.E0,4.2E1));
#5403=DIRECTION('',(0.E0,1.E0,0.E0));
#5404=DIRECTION('',(-1.E0,0.E0,0.E0));
#5405=AXIS2_PLACEMENT_3D('',#5402,#5403,#5404);
#5406=CYLINDRICAL_SURFACE('',#5405,1.3E0);
#5407=ORIENTED_EDGE('',*,*,#5396,.T.);
#5409=ORIENTED_EDGE('',*,*,#5408,.T.);
#5410=ORIENTED_EDGE('',*,*,#5392,.T.);
#5411=ORIENTED_EDGE('',*,*,#5173,.F.);
#5412=EDGE_LOOP('',(#5407,#5409,#5410,#5411));
#5413=FACE_OUTER_BOUND('',#5412,.F.);
#5415=CARTESIAN_POINT('',(0.E0,-5.E-1,0.E0));
#5416=DIRECTION('',(0.E0,-1.E0,0.E0));
#5417=DIRECTION('',(1.E0,0.E0,0.E0));
#5418=AXIS2_PLACEMENT_3D('',#5415,#5416,#5417);
#5419=PLANE('',#5418);
#5421=ORIENTED_EDGE('',*,*,#5420,.F.);
#5423=ORIENTED_EDGE('',*,*,#5422,.F.);
#5424=EDGE_LOOP('',(#5421,#5423));
#5425=FACE_OUTER_BOUND('',#5424,.F.);
#5427=ORIENTED_EDGE('',*,*,#5426,.F.);
#5429=ORIENTED_EDGE('',*,*,#5428,.F.);
#5430=EDGE_LOOP('',(#5427,#5429));
#5431=FACE_BOUND('',#5430,.F.);
#5433=CARTESIAN_POINT('',(0.E0,-5.E-1,0.E0));
#5434=DIRECTION('',(0.E0,-1.E0,0.E0));
#5435=DIRECTION('',(1.E0,0.E0,0.E0));
#5436=AXIS2_PLACEMENT_3D('',#5433,#5434,#5435);
#5437=PLANE('',#5436);
#5439=ORIENTED_EDGE('',*,*,#5438,.F.);
#5441=ORIENTED_EDGE('',*,*,#5440,.F.);
#5442=EDGE_LOOP('',(#5439,#5441));
#5443=FACE_OUTER_BOUND('',#5442,.F.);
#5444=ORIENTED_EDGE('',*,*,#5394,.F.);
#5445=ORIENTED_EDGE('',*,*,#5408,.F.);
#5446=EDGE_LOOP('',(#5444,#5445));
#5447=FACE_BOUND('',#5446,.F.);
#5449=CARTESIAN_POINT('',(0.E0,-5.E-1,0.E0));
#5450=DIRECTION('',(0.E0,-1.E0,0.E0));
#5451=DIRECTION('',(1.E0,0.E0,0.E0));
#5452=AXIS2_PLACEMENT_3D('',#5449,#5450,#5451);
#5453=PLANE('',#5452);
#5455=ORIENTED_EDGE('',*,*,#5454,.F.);
#5457=ORIENTED_EDGE('',*,*,#5456,.F.);
#5458=EDGE_LOOP('',(#5455,#5457));
#5459=FACE_OUTER_BOUND('',#5458,.F.);
#5461=ORIENTED_EDGE('',*,*,#5460,.F.);
#5463=ORIENTED_EDGE('',*,*,#5462,.F.);
#5464=EDGE_LOOP('',(#5461,#5463));
#5465=FACE_BOUND('',#5464,.F.);
#5467=CARTESIAN_POINT('',(-2.4E1,0.E0,-4.2E1));
#5468=DIRECTION('',(0.E0,-1.E0,0.E0));
#5469=DIRECTION('',(1.E0,0.E0,0.E0));
#5470=AXIS2_PLACEMENT_3D('',#5467,#5468,#5469);
#5471=CYLINDRICAL_SURFACE('',#5470,1.6E0);
#5472=ORIENTED_EDGE('',*,*,#5144,.F.);
#5474=ORIENTED_EDGE('',*,*,#5473,.T.);
#5475=ORIENTED_EDGE('',*,*,#5420,.T.);
#5477=ORIENTED_EDGE('',*,*,#5476,.F.);
#5478=EDGE_LOOP('',(#5472,#5474,#5475,#5477));
#5479=FACE_OUTER_BOUND('',#5478,.F.);
#5481=CARTESIAN_POINT('',(-2.4E1,0.E0,-4.2E1));
#5482=DIRECTION('',(0.E0,-1.E0,0.E0));
#5483=DIRECTION('',(1.E0,0.E0,0.E0));
#5484=AXIS2_PLACEMENT_3D('',#5481,#5482,#5483);
#5485=CYLINDRICAL_SURFACE('',#5484,1.6E0);
#5486=ORIENTED_EDGE('',*,*,#5146,.F.);
#5487=ORIENTED_EDGE('',*,*,#5476,.T.);
#5488=ORIENTED_EDGE('',*,*,#5422,.T.);
#5489=ORIENTED_EDGE('',*,*,#5473,.F.);
#5490=EDGE_LOOP('',(#5486,#5487,#5488,#5489));
#5491=FACE_OUTER_BOUND('',#5490,.F.);
#5493=CARTESIAN_POINT('',(2.4E1,0.E0,4.2E1));
#5494=DIRECTION('',(0.E0,-1.E0,0.E0));
#5495=DIRECTION('',(1.E0,0.E0,0.E0));
#5496=AXIS2_PLACEMENT_3D('',#5493,#5494,#5495);
#5497=CYLINDRICAL_SURFACE('',#5496,1.6E0);
#5498=ORIENTED_EDGE('',*,*,#5059,.F.);
#5500=ORIENTED_EDGE('',*,*,#5499,.T.);
#5501=ORIENTED_EDGE('',*,*,#5438,.T.);
#5503=ORIENTED_EDGE('',*,*,#5502,.F.);
#5504=EDGE_LOOP('',(#5498,#5500,#5501,#5503));
#5505=FACE_OUTER_BOUND('',#5504,.F.);
#5507=CARTESIAN_POINT('',(2.4E1,0.E0,4.2E1));
#5508=DIRECTION('',(0.E0,-1.E0,0.E0));
#5509=DIRECTION('',(1.E0,0.E0,0.E0));
#5510=AXIS2_PLACEMENT_3D('',#5507,#5508,#5509);
#5511=CYLINDRICAL_SURFACE('',#5510,1.6E0);
#5512=ORIENTED_EDGE('',*,*,#5061,.F.);
#5513=ORIENTED_EDGE('',*,*,#5502,.T.);
#5514=ORIENTED_EDGE('',*,*,#5440,.T.);
#5515=ORIENTED_EDGE('',*,*,#5499,.F.);
#5516=EDGE_LOOP('',(#5512,#5513,#5514,#5515));
#5517=FACE_OUTER_BOUND('',#5516,.F.);
#5519=CARTESIAN_POINT('',(-2.4E1,0.E0,4.2E1));
#5520=DIRECTION('',(0.E0,-1.E0,0.E0));
#5521=DIRECTION('',(1.E0,0.E0,0.E0));
#5522=AXIS2_PLACEMENT_3D('',#5519,#5520,#5521);
#5523=CYLINDRICAL_SURFACE('',#5522,1.6E0);
#5524=ORIENTED_EDGE('',*,*,#5087,.F.);
#5526=ORIENTED_EDGE('',*,*,#5525,.T.);
#5527=ORIENTED_EDGE('',*,*,#5454,.T.);
#5529=ORIENTED_EDGE('',*,*,#5528,.F.);
#5530=EDGE_LOOP('',(#5524,#5526,#5527,#5529));
#5531=FACE_OUTER_BOUND('',#5530,.F.);
#5533=CARTESIAN_POINT('',(-2.4E1,0.E0,4.2E1));
#5534=DIRECTION('',(0.E0,-1.E0,0.E0));
#5535=DIRECTION('',(1.E0,0.E0,0.E0));
#5536=AXIS2_PLACEMENT_3D('',#5533,#5534,#5535);
#5537=CYLINDRICAL_SURFACE('',#5536,1.6E0);
#5538=ORIENTED_EDGE('',*,*,#5089,.F.);
#5539=ORIENTED_EDGE('',*,*,#5528,.T.);
#5540=ORIENTED_EDGE('',*,*,#5456,.T.);
#5541=ORIENTED_EDGE('',*,*,#5525,.F.);
#5542=EDGE_LOOP('',(#5538,#5539,#5540,#5541));
#5543=FACE_OUTER_BOUND('',#5542,.F.);
#5545=CARTESIAN_POINT('',(-2.4E1,0.E0,4.2E1));
#5546=DIRECTION('',(0.E0,1.E0,0.E0));
#5547=DIRECTION('',(-1.E0,0.E0,0.E0));
#5548=AXIS2_PLACEMENT_3D('',#5545,#5546,#5547);
#5549=CYLINDRICAL_SURFACE('',#5548,1.3E0);
#5551=ORIENTED_EDGE('',*,*,#5550,.F.);
#5552=ORIENTED_EDGE('',*,*,#5460,.T.);
#5554=ORIENTED_EDGE('',*,*,#5553,.F.);
#5555=ORIENTED_EDGE('',*,*,#5183,.F.);
#5556=EDGE_LOOP('',(#5551,#5552,#5554,#5555));
#5557=FACE_OUTER_BOUND('',#5556,.F.);
#5559=CARTESIAN_POINT('',(-2.4E1,0.E0,4.2E1));
#5560=DIRECTION('',(0.E0,1.E0,0.E0));
#5561=DIRECTION('',(-1.E0,0.E0,0.E0));
#5562=AXIS2_PLACEMENT_3D('',#5559,#5560,#5561);
#5563=CYLINDRICAL_SURFACE('',#5562,1.3E0);
#5564=ORIENTED_EDGE('',*,*,#5553,.T.);
#5565=ORIENTED_EDGE('',*,*,#5462,.T.);
#5566=ORIENTED_EDGE('',*,*,#5550,.T.);
#5567=ORIENTED_EDGE('',*,*,#5185,.F.);
#5568=EDGE_LOOP('',(#5564,#5565,#5566,#5567));
#5569=FACE_OUTER_BOUND('',#5568,.F.);
#5571=CARTESIAN_POINT('',(-2.4E1,0.E0,-4.2E1));
#5572=DIRECTION('',(0.E0,1.E0,0.E0));
#5573=DIRECTION('',(-1.E0,0.E0,0.E0));
#5574=AXIS2_PLACEMENT_3D('',#5571,#5572,#5573);
#5575=CYLINDRICAL_SURFACE('',#5574,1.3E0);
#5577=ORIENTED_EDGE('',*,*,#5576,.F.);
#5578=ORIENTED_EDGE('',*,*,#5426,.T.);
#5580=ORIENTED_EDGE('',*,*,#5579,.F.);
#5581=ORIENTED_EDGE('',*,*,#5206,.F.);
#5582=EDGE_LOOP('',(#5577,#5578,#5580,#5581));
#5583=FACE_OUTER_BOUND('',#5582,.F.);
#5585=CARTESIAN_POINT('',(-2.4E1,0.E0,-4.2E1));
#5586=DIRECTION('',(0.E0,1.E0,0.E0));
#5587=DIRECTION('',(-1.E0,0.E0,0.E0));
#5588=AXIS2_PLACEMENT_3D('',#5585,#5586,#5587);
#5589=CYLINDRICAL_SURFACE('',#5588,1.3E0);
#5590=ORIENTED_EDGE('',*,*,#5579,.T.);
#5591=ORIENTED_EDGE('',*,*,#5428,.T.);
#5592=ORIENTED_EDGE('',*,*,#5576,.T.);
#5593=ORIENTED_EDGE('',*,*,#5208,.F.);
#5594=EDGE_LOOP('',(#5590,#5591,#5592,#5593));
#5595=FACE_OUTER_BOUND('',#5594,.F.);
#5597=CARTESIAN_POINT('',(2.4E1,0.E0,-4.2E1));
#5598=DIRECTION('',(0.E0,1.E0,0.E0));
#5599=DIRECTION('',(-1.E0,0.E0,0.E0));
#5600=AXIS2_PLACEMENT_3D('',#5597,#5598,#5599);
#5601=CYLINDRICAL_SURFACE('',#5600,1.3E0);
#5602=ORIENTED_EDGE('',*,*,#5196,.F.);
#5603=ORIENTED_EDGE('',*,*,#5161,.F.);
#5604=ORIENTED_EDGE('',*,*,#5118,.F.);
#5605=ORIENTED_EDGE('',*,*,#5158,.T.);
#5606=EDGE_LOOP('',(#5602,#5603,#5604,#5605));
#5607=FACE_OUTER_BOUND('',#5606,.F.);
#5609=CARTESIAN_POINT('',(-9.881765520913E0,1.1E1,3.459999815518E1));
#5610=DIRECTION('',(0.E0,-1.E0,0.E0));
#5611=DIRECTION('',(0.E0,0.E0,-1.E0));
#5612=AXIS2_PLACEMENT_3D('',#5609,#5610,#5611);
#5613=CYLINDRICAL_SURFACE('',#5612,3.5E0);
#5614=ORIENTED_EDGE('',*,*,#5300,.F.);
#5616=ORIENTED_EDGE('',*,*,#5615,.T.);
#5618=ORIENTED_EDGE('',*,*,#5617,.T.);
#5620=ORIENTED_EDGE('',*,*,#5619,.F.);
#5621=EDGE_LOOP('',(#5614,#5616,#5618,#5620));
#5622=FACE_OUTER_BOUND('',#5621,.F.);
#5624=CARTESIAN_POINT('',(-9.881765520913E0,1.1E1,3.459999815518E1));
#5625=DIRECTION('',(0.E0,-1.E0,0.E0));
#5626=DIRECTION('',(0.E0,0.E0,-1.E0));
#5627=AXIS2_PLACEMENT_3D('',#5624,#5625,#5626);
#5628=CYLINDRICAL_SURFACE('',#5627,3.5E0);
#5629=ORIENTED_EDGE('',*,*,#5302,.F.);
#5630=ORIENTED_EDGE('',*,*,#5619,.T.);
#5632=ORIENTED_EDGE('',*,*,#5631,.T.);
#5633=ORIENTED_EDGE('',*,*,#5615,.F.);
#5634=EDGE_LOOP('',(#5629,#5630,#5632,#5633));
#5635=FACE_OUTER_BOUND('',#5634,.F.);
#5637=CARTESIAN_POINT('',(0.E0,5.E0,0.E0));
#5638=DIRECTION('',(0.E0,-1.E0,0.E0));
#5639=DIRECTION('',(0.E0,0.E0,-1.E0));
#5640=AXIS2_PLACEMENT_3D('',#5637,#5638,#5639);
#5641=PLANE('',#5640);
#5642=ORIENTED_EDGE('',*,*,#5617,.F.);
#5643=ORIENTED_EDGE('',*,*,#5631,.F.);
#5644=EDGE_LOOP('',(#5642,#5643));
#5645=FACE_OUTER_BOUND('',#5644,.F.);
#5647=ORIENTED_EDGE('',*,*,#5646,.F.);
#5649=ORIENTED_EDGE('',*,*,#5648,.F.);
#5650=EDGE_LOOP('',(#5647,#5649));
#5651=FACE_BOUND('',#5650,.F.);
#5653=CARTESIAN_POINT('',(0.E0,5.E0,0.E0));
#5654=DIRECTION('',(0.E0,-1.E0,0.E0));
#5655=DIRECTION('',(0.E0,0.E0,-1.E0));
#5656=AXIS2_PLACEMENT_3D('',#5653,#5654,#5655);
#5657=PLANE('',#5656);
#5659=ORIENTED_EDGE('',*,*,#5658,.F.);
#5661=ORIENTED_EDGE('',*,*,#5660,.F.);
#5662=EDGE_LOOP('',(#5659,#5661));
#5663=FACE_OUTER_BOUND('',#5662,.F.);
#5665=ORIENTED_EDGE('',*,*,#5664,.F.);
#5667=ORIENTED_EDGE('',*,*,#5666,.F.);
#5668=EDGE_LOOP('',(#5665,#5667));
#5669=FACE_BOUND('',#5668,.F.);
#5671=CARTESIAN_POINT('',(0.E0,5.E0,0.E0));
#5672=DIRECTION('',(0.E0,-1.E0,0.E0));
#5673=DIRECTION('',(0.E0,0.E0,-1.E0));
#5674=AXIS2_PLACEMENT_3D('',#5671,#5672,#5673);
#5675=PLANE('',#5674);
#5677=ORIENTED_EDGE('',*,*,#5676,.F.);
#5679=ORIENTED_EDGE('',*,*,#5678,.F.);
#5680=EDGE_LOOP('',(#5677,#5679));
#5681=FACE_OUTER_BOUND('',#5680,.F.);
#5683=ORIENTED_EDGE('',*,*,#5682,.F.);
#5685=ORIENTED_EDGE('',*,*,#5684,.F.);
#5686=EDGE_LOOP('',(#5683,#5685));
#5687=FACE_BOUND('',#5686,.F.);
#5689=CARTESIAN_POINT('',(-9.881765520913E0,1.1E1,3.459999815518E1));
#5690=DIRECTION('',(0.E0,-1.E0,0.E0));
#5691=DIRECTION('',(0.E0,0.E0,-1.E0));
#5692=AXIS2_PLACEMENT_3D('',#5689,#5690,#5691);
#5693=CYLINDRICAL_SURFACE('',#5692,2.5E0);
#5695=ORIENTED_EDGE('',*,*,#5694,.F.);
#5697=ORIENTED_EDGE('',*,*,#5696,.T.);
#5698=ORIENTED_EDGE('',*,*,#5646,.T.);
#5700=ORIENTED_EDGE('',*,*,#5699,.F.);
#5701=EDGE_LOOP('',(#5695,#5697,#5698,#5700));
#5702=FACE_OUTER_BOUND('',#5701,.F.);
#5704=CARTESIAN_POINT('',(-9.881765520913E0,1.160355339697E1,3.459999815518E1));
#5705=DIRECTION('',(0.E0,-1.E0,0.E0));
#5706=DIRECTION('',(0.E0,0.E0,-1.E0));
#5707=AXIS2_PLACEMENT_3D('',#5704,#5705,#5706);
#5708=CONICAL_SURFACE('',#5707,1.896446603034E0,4.5E1);
#5710=ORIENTED_EDGE('',*,*,#5709,.F.);
#5712=ORIENTED_EDGE('',*,*,#5711,.F.);
#5713=ORIENTED_EDGE('',*,*,#5694,.T.);
#5715=ORIENTED_EDGE('',*,*,#5714,.T.);
#5716=EDGE_LOOP('',(#5710,#5712,#5713,#5715));
#5717=FACE_OUTER_BOUND('',#5716,.F.);
#5719=CARTESIAN_POINT('',(-9.786952560535E0,1.249280806120E1,3.505632177766E1));
#5720=CARTESIAN_POINT('',(-9.714711905414E0,1.253562888830E1,3.540400755084E1));
#5721=CARTESIAN_POINT('',(-9.647486763657E0,1.239874920675E1,3.572755424832E1));
#5722=CARTESIAN_POINT('',(-9.602564571914E0,1.211736862733E1,3.594375947158E1));
#5723=CARTESIAN_POINT('',(-1.009989782202E1,1.249280806120E1,3.512134419863E1));
#5724=CARTESIAN_POINT('',(-1.026609894338E1,1.253562888830E1,3.551857237897E1));
#5725=CARTESIAN_POINT('',(-1.042076107823E1,1.239874920675E1,3.588822186081E1));
#5726=CARTESIAN_POINT('',(-1.052411172794E1,1.211736862733E1,3.613523457759E1));
#5727=CARTESIAN_POINT('',(-1.034783500436E1,1.249280806120E1,3.491962705626E1));
#5728=CARTESIAN_POINT('',(-1.070294642248E1,1.253562888830E1,3.516316128532E1));
#5729=CARTESIAN_POINT('',(-1.103340321835E1,1.239874920675E1,3.538978745646E1));
#5730=CARTESIAN_POINT('',(-1.125422601111E1,1.211736862733E1,3.554122699303E1));
#5731=CARTESIAN_POINT('',(-1.034783498558E1,1.249280806120E1,3.459999812780E1));
#5732=CARTESIAN_POINT('',(-1.070294638940E1,1.253562888830E1,3.459999810693E1));
#5733=CARTESIAN_POINT('',(-1.103340317195E1,1.239874920675E1,3.459999808752E1));
#5734=CARTESIAN_POINT('',(-1.125422595582E1,1.211736862733E1,3.459999807455E1));
#5735=CARTESIAN_POINT('',(-1.034783496680E1,1.249280806120E1,3.428036919933E1));
#5736=CARTESIAN_POINT('',(-1.070294635631E1,1.253562888830E1,3.403683492855E1));
#5737=CARTESIAN_POINT('',(-1.103340312555E1,1.239874920675E1,3.381020871858E1));
#5738=CARTESIAN_POINT('',(-1.125422590052E1,1.211736862733E1,3.365876915606E1));
#5739=CARTESIAN_POINT('',(-1.009989776076E1,1.249280806120E1,3.407865208609E1));
#5740=CARTESIAN_POINT('',(-1.026609883545E1,1.253562888830E1,3.368142388622E1));
#5741=CARTESIAN_POINT('',(-1.042076092687E1,1.239874920675E1,3.331177438621E1));
#5742=CARTESIAN_POINT('',(-1.052411154755E1,1.211736862733E1,3.306476165729E1));
#5743=CARTESIAN_POINT('',(-9.786952506919E0,1.249280806120E1,3.414367454383E1));
#5744=CARTESIAN_POINT('',(-9.714711810945E0,1.253562888830E1,3.379598877914E1));
#5745=CARTESIAN_POINT('',(-9.647486631173E0,1.239874920675E1,3.347244208956E1));
#5746=CARTESIAN_POINT('',(-9.602564414026E0,1.211736862733E1,3.325623687158E1));
#5747=(BOUNDED_SURFACE()B_SPLINE_SURFACE(3,3,((#5719,#5720,#5721,#5722),(#5723,
#5724,#5725,#5726),(#5727,#5728,#5729,#5730),(#5731,#5732,#5733,#5734),(#5735,
#5736,#5737,#5738),(#5739,#5740,#5741,#5742),(#5743,#5744,#5745,#5746)),
.UNSPECIFIED.,.F.,.F.,.F.)B_SPLINE_SURFACE_WITH_KNOTS((4,3,4),(4,4),(0.E0,1.E0,
2.E0),(0.E0,1.E0),.UNSPECIFIED.)GEOMETRIC_REPRESENTATION_ITEM()RATIONAL_B_SPLINE_SURFACE(((1.310413621780E0,1.198086140934E0,1.198086140934E0,1.310413621780E0),(
9.881373486836E-1,9.034351010407E-1,9.034351010407E-1,9.881373486836E-1),(
9.881373486836E-1,9.034351010407E-1,9.034351010407E-1,9.881373486836E-1),(
1.310413621780E0,1.198086140934E0,1.198086140934E0,1.310413621780E0),(
9.881373486836E-1,9.034351010407E-1,9.034351010407E-1,9.881373486836E-1),(
9.881373486836E-1,9.034351010407E-1,9.034351010407E-1,9.881373486836E-1),(
1.310413621780E0,1.198086140934E0,1.198086140934E0,1.310413621780E0)))REPRESENTATION_ITEM('')SURFACE());
#5749=ORIENTED_EDGE('',*,*,#5748,.F.);
#5751=ORIENTED_EDGE('',*,*,#5750,.T.);
#5752=ORIENTED_EDGE('',*,*,#5709,.T.);
#5754=ORIENTED_EDGE('',*,*,#5753,.F.);
#5755=EDGE_LOOP('',(#5749,#5751,#5752,#5754));
#5756=FACE_OUTER_BOUND('',#5755,.F.);
#5758=CARTESIAN_POINT('',(0.E0,1.25E1,0.E0));
#5759=DIRECTION('',(0.E0,-1.E0,0.E0));
#5760=DIRECTION('',(0.E0,0.E0,-1.E0));
#5761=AXIS2_PLACEMENT_3D('',#5758,#5759,#5760);
#5762=PLANE('',#5761);
#5764=ORIENTED_EDGE('',*,*,#5763,.T.);
#5766=ORIENTED_EDGE('',*,*,#5765,.T.);
#5767=EDGE_LOOP('',(#5764,#5766));
#5768=FACE_OUTER_BOUND('',#5767,.F.);
#5770=CARTESIAN_POINT('',(0.E0,1.25E1,0.E0));
#5771=DIRECTION('',(0.E0,-1.E0,0.E0));
#5772=DIRECTION('',(0.E0,0.E0,-1.E0));
#5773=AXIS2_PLACEMENT_3D('',#5770,#5771,#5772);
#5774=PLANE('',#5773);
#5776=ORIENTED_EDGE('',*,*,#5775,.T.);
#5778=ORIENTED_EDGE('',*,*,#5777,.T.);
#5779=EDGE_LOOP('',(#5776,#5778));
#5780=FACE_OUTER_BOUND('',#5779,.F.);
#5782=CARTESIAN_POINT('',(0.E0,1.25E1,0.E0));
#5783=DIRECTION('',(0.E0,-1.E0,0.E0));
#5784=DIRECTION('',(0.E0,0.E0,-1.E0));
#5785=AXIS2_PLACEMENT_3D('',#5782,#5783,#5784);
#5786=PLANE('',#5785);
#5787=ORIENTED_EDGE('',*,*,#5748,.T.);
#5789=ORIENTED_EDGE('',*,*,#5788,.T.);
#5790=EDGE_LOOP('',(#5787,#5789));
#5791=FACE_OUTER_BOUND('',#5790,.F.);
#5793=CARTESIAN_POINT('',(2.206304743946E1,1.249280806120E1,3.505632177766E1));
#5794=CARTESIAN_POINT('',(2.213528809459E1,1.253562888830E1,3.540400755084E1));
#5795=CARTESIAN_POINT('',(2.220251323634E1,1.239874920675E1,3.572755424832E1));
#5796=CARTESIAN_POINT('',(2.224743542809E1,1.211736862733E1,3.594375947158E1));
#5797=CARTESIAN_POINT('',(2.175010217798E1,1.249280806120E1,3.512134419863E1));
#5798=CARTESIAN_POINT('',(2.158390105662E1,1.253562888830E1,3.551857237897E1));
#5799=CARTESIAN_POINT('',(2.142923892177E1,1.239874920675E1,3.588822186081E1));
#5800=CARTESIAN_POINT('',(2.132588827206E1,1.211736862733E1,3.613523457759E1));
#5801=CARTESIAN_POINT('',(2.150216499564E1,1.249280806120E1,3.491962705626E1));
#5802=CARTESIAN_POINT('',(2.114705357752E1,1.253562888830E1,3.516316128532E1));
#5803=CARTESIAN_POINT('',(2.081659678165E1,1.239874920675E1,3.538978745646E1));
#5804=CARTESIAN_POINT('',(2.059577398889E1,1.211736862733E1,3.554122699303E1));
#5805=CARTESIAN_POINT('',(2.150216501442E1,1.249280806120E1,3.459999812780E1));
#5806=CARTESIAN_POINT('',(2.114705361060E1,1.253562888830E1,3.459999810693E1));
#5807=CARTESIAN_POINT('',(2.081659682805E1,1.239874920675E1,3.459999808752E1));
#5808=CARTESIAN_POINT('',(2.059577404418E1,1.211736862733E1,3.459999807455E1));
#5809=CARTESIAN_POINT('',(2.150216503320E1,1.249280806120E1,3.428036919933E1));
#5810=CARTESIAN_POINT('',(2.114705364369E1,1.253562888830E1,3.403683492855E1));
#5811=CARTESIAN_POINT('',(2.081659687445E1,1.239874920675E1,3.381020871858E1));
#5812=CARTESIAN_POINT('',(2.059577409948E1,1.211736862733E1,3.365876915606E1));
#5813=CARTESIAN_POINT('',(2.175010223924E1,1.249280806120E1,3.407865208610E1));
#5814=CARTESIAN_POINT('',(2.158390116455E1,1.253562888830E1,3.368142388622E1));
#5815=CARTESIAN_POINT('',(2.142923907313E1,1.239874920675E1,3.331177438621E1));
#5816=CARTESIAN_POINT('',(2.132588845245E1,1.211736862733E1,3.306476165729E1));
#5817=CARTESIAN_POINT('',(2.206304749308E1,1.249280806120E1,3.414367454383E1));
#5818=CARTESIAN_POINT('',(2.213528818905E1,1.253562888830E1,3.379598877914E1));
#5819=CARTESIAN_POINT('',(2.220251336883E1,1.239874920675E1,3.347244208956E1));
#5820=CARTESIAN_POINT('',(2.224743558597E1,1.211736862733E1,3.325623687158E1));
#5821=(BOUNDED_SURFACE()B_SPLINE_SURFACE(3,3,((#5793,#5794,#5795,#5796),(#5797,
#5798,#5799,#5800),(#5801,#5802,#5803,#5804),(#5805,#5806,#5807,#5808),(#5809,
#5810,#5811,#5812),(#5813,#5814,#5815,#5816),(#5817,#5818,#5819,#5820)),
.UNSPECIFIED.,.F.,.F.,.F.)B_SPLINE_SURFACE_WITH_KNOTS((4,3,4),(4,4),(0.E0,1.E0,
2.E0),(0.E0,1.E0),.UNSPECIFIED.)GEOMETRIC_REPRESENTATION_ITEM()RATIONAL_B_SPLINE_SURFACE(((1.310413621780E0,1.198086140934E0,1.198086140934E0,1.310413621780E0),(
9.881373486836E-1,9.034351010407E-1,9.034351010407E-1,9.881373486836E-1),(
9.881373486836E-1,9.034351010407E-1,9.034351010407E-1,9.881373486836E-1),(
1.310413621780E0,1.198086140934E0,1.198086140934E0,1.310413621780E0),(
9.881373486836E-1,9.034351010407E-1,9.034351010407E-1,9.881373486836E-1),(
9.881373486836E-1,9.034351010407E-1,9.034351010407E-1,9.881373486836E-1),(
1.310413621780E0,1.198086140934E0,1.198086140934E0,1.310413621780E0)))REPRESENTATION_ITEM('')SURFACE());
#5822=ORIENTED_EDGE('',*,*,#5763,.F.);
#5824=ORIENTED_EDGE('',*,*,#5823,.T.);
#5826=ORIENTED_EDGE('',*,*,#5825,.T.);
#5828=ORIENTED_EDGE('',*,*,#5827,.F.);
#5829=EDGE_LOOP('',(#5822,#5824,#5826,#5828));
#5830=FACE_OUTER_BOUND('',#5829,.F.);
#5832=CARTESIAN_POINT('',(2.187342151871E1,1.249280806120E1,3.414367453269E1));
#5833=CARTESIAN_POINT('',(2.180118086359E1,1.253562888830E1,3.379598875951E1));
#5834=CARTESIAN_POINT('',(2.173395572183E1,1.239874920675E1,3.347244206204E1));
#5835=CARTESIAN_POINT('',(2.168903353009E1,1.211736862733E1,3.325623683878E1));
#5836=CARTESIAN_POINT('',(2.218636678019E1,1.249280806120E1,3.407865211172E1));
#5837=CARTESIAN_POINT('',(2.235256790156E1,1.253562888830E1,3.368142393138E1));
#5838=CARTESIAN_POINT('',(2.250723003641E1,1.239874920675E1,3.331177444954E1));
#5839=CARTESIAN_POINT('',(2.261058068611E1,1.211736862733E1,3.306476173277E1));
#5840=CARTESIAN_POINT('',(2.243430396253E1,1.249280806120E1,3.428036925409E1));
#5841=CARTESIAN_POINT('',(2.278941538066E1,1.253562888830E1,3.403683502504E1));
#5842=CARTESIAN_POINT('',(2.311987217652E1,1.239874920675E1,3.381020885390E1));
#5843=CARTESIAN_POINT('',(2.334069496929E1,1.211736862733E1,3.365876931732E1));
#5844=CARTESIAN_POINT('',(2.243430394375E1,1.249280806120E1,3.459999818256E1));
#5845=CARTESIAN_POINT('',(2.278941534757E1,1.253562888830E1,3.459999820342E1));
#5846=CARTESIAN_POINT('',(2.311987213012E1,1.239874920675E1,3.459999822283E1));
#5847=CARTESIAN_POINT('',(2.334069491399E1,1.211736862733E1,3.459999823581E1));
#5848=CARTESIAN_POINT('',(2.243430392498E1,1.249280806120E1,3.491962711102E1));
#5849=CARTESIAN_POINT('',(2.278941531449E1,1.253562888830E1,3.516316138180E1));
#5850=CARTESIAN_POINT('',(2.311987208372E1,1.239874920675E1,3.538978759177E1));
#5851=CARTESIAN_POINT('',(2.334069485869E1,1.211736862733E1,3.554122715429E1));
#5852=CARTESIAN_POINT('',(2.218636671893E1,1.249280806120E1,3.512134422426E1));
#5853=CARTESIAN_POINT('',(2.235256779363E1,1.253562888830E1,3.551857242413E1));
#5854=CARTESIAN_POINT('',(2.250722988504E1,1.239874920675E1,3.588822192414E1));
#5855=CARTESIAN_POINT('',(2.261058050573E1,1.211736862733E1,3.613523465306E1));
#5856=CARTESIAN_POINT('',(2.187342146509E1,1.249280806120E1,3.505632176652E1));
#5857=CARTESIAN_POINT('',(2.180118076912E1,1.253562888830E1,3.540400753121E1));
#5858=CARTESIAN_POINT('',(2.173395558935E1,1.239874920675E1,3.572755422079E1));
#5859=CARTESIAN_POINT('',(2.168903337220E1,1.211736862733E1,3.594375943877E1));
#5860=(BOUNDED_SURFACE()B_SPLINE_SURFACE(3,3,((#5832,#5833,#5834,#5835),(#5836,
#5837,#5838,#5839),(#5840,#5841,#5842,#5843),(#5844,#5845,#5846,#5847),(#5848,
#5849,#5850,#5851),(#5852,#5853,#5854,#5855),(#5856,#5857,#5858,#5859)),
.UNSPECIFIED.,.F.,.F.,.F.)B_SPLINE_SURFACE_WITH_KNOTS((4,3,4),(4,4),(0.E0,1.E0,
2.E0),(0.E0,1.E0),.UNSPECIFIED.)GEOMETRIC_REPRESENTATION_ITEM()RATIONAL_B_SPLINE_SURFACE(((1.310413621780E0,1.198086140934E0,1.198086140934E0,1.310413621780E0),(
9.881373486836E-1,9.034351010407E-1,9.034351010407E-1,9.881373486836E-1),(
9.881373486836E-1,9.034351010407E-1,9.034351010407E-1,9.881373486836E-1),(
1.310413621780E0,1.198086140934E0,1.198086140934E0,1.310413621780E0),(
9.881373486836E-1,9.034351010407E-1,9.034351010407E-1,9.881373486836E-1),(
9.881373486836E-1,9.034351010407E-1,9.034351010407E-1,9.881373486836E-1),(
1.310413621780E0,1.198086140934E0,1.198086140934E0,1.310413621780E0)))REPRESENTATION_ITEM('')SURFACE());
#5861=ORIENTED_EDGE('',*,*,#5765,.F.);
#5862=ORIENTED_EDGE('',*,*,#5827,.T.);
#5864=ORIENTED_EDGE('',*,*,#5863,.T.);
#5865=ORIENTED_EDGE('',*,*,#5823,.F.);
#5866=EDGE_LOOP('',(#5861,#5862,#5864,#5865));
#5867=FACE_OUTER_BOUND('',#5866,.F.);
#5869=CARTESIAN_POINT('',(2.196823447909E1,1.160355339697E1,3.459999815518E1));
#5870=DIRECTION('',(0.E0,-1.E0,0.E0));
#5871=DIRECTION('',(0.E0,0.E0,-1.E0));
#5872=AXIS2_PLACEMENT_3D('',#5869,#5870,#5871);
#5873=CONICAL_SURFACE('',#5872,1.896446603034E0,4.5E1);
#5874=ORIENTED_EDGE('',*,*,#5863,.F.);
#5876=ORIENTED_EDGE('',*,*,#5875,.F.);
#5878=ORIENTED_EDGE('',*,*,#5877,.T.);
#5880=ORIENTED_EDGE('',*,*,#5879,.T.);
#5881=EDGE_LOOP('',(#5874,#5876,#5878,#5880));
#5882=FACE_OUTER_BOUND('',#5881,.F.);
#5884=CARTESIAN_POINT('',(2.196823447909E1,1.160355339697E1,3.459999815518E1));
#5885=DIRECTION('',(0.E0,-1.E0,0.E0));
#5886=DIRECTION('',(0.E0,0.E0,-1.E0));
#5887=AXIS2_PLACEMENT_3D('',#5884,#5885,#5886);
#5888=CONICAL_SURFACE('',#5887,1.896446603034E0,4.5E1);
#5889=ORIENTED_EDGE('',*,*,#5825,.F.);
#5890=ORIENTED_EDGE('',*,*,#5879,.F.);
#5892=ORIENTED_EDGE('',*,*,#5891,.T.);
#5893=ORIENTED_EDGE('',*,*,#5875,.T.);
#5894=EDGE_LOOP('',(#5889,#5890,#5892,#5893));
#5895=FACE_OUTER_BOUND('',#5894,.F.);
#5897=CARTESIAN_POINT('',(2.196823447909E1,1.1E1,3.459999815518E1));
#5898=DIRECTION('',(0.E0,-1.E0,0.E0));
#5899=DIRECTION('',(0.E0,0.E0,-1.E0));
#5900=AXIS2_PLACEMENT_3D('',#5897,#5898,#5899);
#5901=CYLINDRICAL_SURFACE('',#5900,2.5E0);
#5902=ORIENTED_EDGE('',*,*,#5891,.F.);
#5904=ORIENTED_EDGE('',*,*,#5903,.T.);
#5905=ORIENTED_EDGE('',*,*,#5682,.T.);
#5907=ORIENTED_EDGE('',*,*,#5906,.F.);
#5908=EDGE_LOOP('',(#5902,#5904,#5905,#5907));
#5909=FACE_OUTER_BOUND('',#5908,.F.);
#5911=CARTESIAN_POINT('',(2.196823447909E1,1.1E1,3.459999815518E1));
#5912=DIRECTION('',(0.E0,-1.E0,0.E0));
#5913=DIRECTION('',(0.E0,0.E0,-1.E0));
#5914=AXIS2_PLACEMENT_3D('',#5911,#5912,#5913);
#5915=CYLINDRICAL_SURFACE('',#5914,2.5E0);
#5916=ORIENTED_EDGE('',*,*,#5877,.F.);
#5917=ORIENTED_EDGE('',*,*,#5906,.T.);
#5918=ORIENTED_EDGE('',*,*,#5684,.T.);
#5919=ORIENTED_EDGE('',*,*,#5903,.F.);
#5920=EDGE_LOOP('',(#5916,#5917,#5918,#5919));
#5921=FACE_OUTER_BOUND('',#5920,.F.);
#5923=CARTESIAN_POINT('',(8.213047439465E0,1.249280806120E1,3.505632177766E1));
#5924=CARTESIAN_POINT('',(8.285288094586E0,1.253562888830E1,3.540400755084E1));
#5925=CARTESIAN_POINT('',(8.352513236343E0,1.239874920675E1,3.572755424832E1));
#5926=CARTESIAN_POINT('',(8.397435428086E0,1.211736862733E1,3.594375947158E1));
#5927=CARTESIAN_POINT('',(7.900102177983E0,1.249280806120E1,3.512134419863E1));
#5928=CARTESIAN_POINT('',(7.733901056616E0,1.253562888830E1,3.551857237897E1));
#5929=CARTESIAN_POINT('',(7.579238921768E0,1.239874920675E1,3.588822186081E1));
#5930=CARTESIAN_POINT('',(7.475888272061E0,1.211736862733E1,3.613523457759E1));
#5931=CARTESIAN_POINT('',(7.652164995642E0,1.249280806120E1,3.491962705626E1));
#5932=CARTESIAN_POINT('',(7.297053577519E0,1.253562888830E1,3.516316128532E1));
#5933=CARTESIAN_POINT('',(6.966596781654E0,1.239874920675E1,3.538978745646E1));
#5934=CARTESIAN_POINT('',(6.745773988888E0,1.211736862733E1,3.554122699303E1));
#5935=CARTESIAN_POINT('',(7.652165014420E0,1.249280806120E1,3.459999812780E1));
#5936=CARTESIAN_POINT('',(7.297053610604E0,1.253562888830E1,3.459999810693E1));
#5937=CARTESIAN_POINT('',(6.966596828053E0,1.239874920675E1,3.459999808752E1));
#5938=CARTESIAN_POINT('',(6.745774044184E0,1.211736862733E1,3.459999807455E1));
#5939=CARTESIAN_POINT('',(7.652165033198E0,1.249280806120E1,3.428036919933E1));
#5940=CARTESIAN_POINT('',(7.297053643689E0,1.253562888830E1,3.403683492855E1));
#5941=CARTESIAN_POINT('',(6.966596874452E0,1.239874920675E1,3.381020871858E1));
#5942=CARTESIAN_POINT('',(6.745774099479E0,1.211736862733E1,3.365876915606E1));
#5943=CARTESIAN_POINT('',(7.900102239240E0,1.249280806120E1,3.407865208609E1));
#5944=CARTESIAN_POINT('',(7.733901164546E0,1.253562888830E1,3.368142388622E1));
#5945=CARTESIAN_POINT('',(7.579239073130E0,1.239874920675E1,3.331177438621E1));
#5946=CARTESIAN_POINT('',(7.475888452447E0,1.211736862733E1,3.306476165729E1));
#5947=CARTESIAN_POINT('',(8.213047493081E0,1.249280806120E1,3.414367454383E1));
#5948=CARTESIAN_POINT('',(8.285288189055E0,1.253562888830E1,3.379598877914E1));
#5949=CARTESIAN_POINT('',(8.352513368827E0,1.239874920675E1,3.347244208956E1));
#5950=CARTESIAN_POINT('',(8.397435585974E0,1.211736862733E1,3.325623687158E1));
#5951=(BOUNDED_SURFACE()B_SPLINE_SURFACE(3,3,((#5923,#5924,#5925,#5926),(#5927,
#5928,#5929,#5930),(#5931,#5932,#5933,#5934),(#5935,#5936,#5937,#5938),(#5939,
#5940,#5941,#5942),(#5943,#5944,#5945,#5946),(#5947,#5948,#5949,#5950)),
.UNSPECIFIED.,.F.,.F.,.F.)B_SPLINE_SURFACE_WITH_KNOTS((4,3,4),(4,4),(0.E0,1.E0,
2.E0),(0.E0,1.E0),.UNSPECIFIED.)GEOMETRIC_REPRESENTATION_ITEM()RATIONAL_B_SPLINE_SURFACE(((1.310413621780E0,1.198086140934E0,1.198086140934E0,1.310413621780E0),(
9.881373486836E-1,9.034351010407E-1,9.034351010407E-1,9.881373486836E-1),(
9.881373486836E-1,9.034351010407E-1,9.034351010407E-1,9.881373486836E-1),(
1.310413621780E0,1.198086140934E0,1.198086140934E0,1.310413621780E0),(
9.881373486836E-1,9.034351010407E-1,9.034351010407E-1,9.881373486836E-1),(
9.881373486836E-1,9.034351010407E-1,9.034351010407E-1,9.881373486836E-1),(
1.310413621780E0,1.198086140934E0,1.198086140934E0,1.310413621780E0)))REPRESENTATION_ITEM('')SURFACE());
#5952=ORIENTED_EDGE('',*,*,#5775,.F.);
#5954=ORIENTED_EDGE('',*,*,#5953,.T.);
#5956=ORIENTED_EDGE('',*,*,#5955,.T.);
#5958=ORIENTED_EDGE('',*,*,#5957,.F.);
#5959=EDGE_LOOP('',(#5952,#5954,#5956,#5958));
#5960=FACE_OUTER_BOUND('',#5959,.F.);
#5962=CARTESIAN_POINT('',(8.023421518710E0,1.249280806120E1,3.414367453269E1));
#5963=CARTESIAN_POINT('',(7.951180863588E0,1.253562888830E1,3.379598875951E1));
#5964=CARTESIAN_POINT('',(7.883955721832E0,1.239874920675E1,3.347244206204E1));
#5965=CARTESIAN_POINT('',(7.839033530088E0,1.211736862733E1,3.325623683878E1));
#5966=CARTESIAN_POINT('',(8.336366780191E0,1.249280806120E1,3.407865211172E1));
#5967=CARTESIAN_POINT('',(8.502567901558E0,1.253562888830E1,3.368142393138E1));
#5968=CARTESIAN_POINT('',(8.657230036407E0,1.239874920675E1,3.331177444954E1));
#5969=CARTESIAN_POINT('',(8.760580686113E0,1.211736862733E1,3.306476173277E1));
#5970=CARTESIAN_POINT('',(8.584303962532E0,1.249280806120E1,3.428036925409E1));
#5971=CARTESIAN_POINT('',(8.939415380655E0,1.253562888830E1,3.403683502504E1));
#5972=CARTESIAN_POINT('',(9.269872176520E0,1.239874920675E1,3.381020885390E1));
#5973=CARTESIAN_POINT('',(9.490694969286E0,1.211736862733E1,3.365876931732E1));
#5974=CARTESIAN_POINT('',(8.584303943754E0,1.249280806120E1,3.459999818256E1));
#5975=CARTESIAN_POINT('',(8.939415347570E0,1.253562888830E1,3.459999820342E1));
#5976=CARTESIAN_POINT('',(9.269872130121E0,1.239874920675E1,3.459999822283E1));
#5977=CARTESIAN_POINT('',(9.490694913991E0,1.211736862733E1,3.459999823581E1));
#5978=CARTESIAN_POINT('',(8.584303924977E0,1.249280806120E1,3.491962711102E1));
#5979=CARTESIAN_POINT('',(8.939415314485E0,1.253562888830E1,3.516316138180E1));
#5980=CARTESIAN_POINT('',(9.269872083722E0,1.239874920675E1,3.538978759177E1));
#5981=CARTESIAN_POINT('',(9.490694858695E0,1.211736862733E1,3.554122715429E1));
#5982=CARTESIAN_POINT('',(8.336366718935E0,1.249280806120E1,3.512134422426E1));
#5983=CARTESIAN_POINT('',(8.502567793629E0,1.253562888830E1,3.551857242413E1));
#5984=CARTESIAN_POINT('',(8.657229885045E0,1.239874920675E1,3.588822192414E1));
#5985=CARTESIAN_POINT('',(8.760580505728E0,1.211736862733E1,3.613523465306E1));
#5986=CARTESIAN_POINT('',(8.023421465093E0,1.249280806120E1,3.505632176652E1));
#5987=CARTESIAN_POINT('',(7.951180769119E0,1.253562888830E1,3.540400753121E1));
#5988=CARTESIAN_POINT('',(7.883955589348E0,1.239874920675E1,3.572755422079E1));
#5989=CARTESIAN_POINT('',(7.839033372201E0,1.211736862733E1,3.594375943877E1));
#5990=(BOUNDED_SURFACE()B_SPLINE_SURFACE(3,3,((#5962,#5963,#5964,#5965),(#5966,
#5967,#5968,#5969),(#5970,#5971,#5972,#5973),(#5974,#5975,#5976,#5977),(#5978,
#5979,#5980,#5981),(#5982,#5983,#5984,#5985),(#5986,#5987,#5988,#5989)),
.UNSPECIFIED.,.F.,.F.,.F.)B_SPLINE_SURFACE_WITH_KNOTS((4,3,4),(4,4),(0.E0,1.E0,
2.E0),(0.E0,1.E0),.UNSPECIFIED.)GEOMETRIC_REPRESENTATION_ITEM()RATIONAL_B_SPLINE_SURFACE(((1.310413621780E0,1.198086140934E0,1.198086140934E0,1.310413621780E0),(
9.881373486836E-1,9.034351010407E-1,9.034351010407E-1,9.881373486836E-1),(
9.881373486836E-1,9.034351010407E-1,9.034351010407E-1,9.881373486836E-1),(
1.310413621780E0,1.198086140934E0,1.198086140934E0,1.310413621780E0),(
9.881373486836E-1,9.034351010407E-1,9.034351010407E-1,9.881373486836E-1),(
9.881373486836E-1,9.034351010407E-1,9.034351010407E-1,9.881373486836E-1),(
1.310413621780E0,1.198086140934E0,1.198086140934E0,1.310413621780E0)))REPRESENTATION_ITEM('')SURFACE());
#5991=ORIENTED_EDGE('',*,*,#5777,.F.);
#5992=ORIENTED_EDGE('',*,*,#5957,.T.);
#5994=ORIENTED_EDGE('',*,*,#5993,.T.);
#5995=ORIENTED_EDGE('',*,*,#5953,.F.);
#5996=EDGE_LOOP('',(#5991,#5992,#5994,#5995));
#5997=FACE_OUTER_BOUND('',#5996,.F.);
#5999=CARTESIAN_POINT('',(8.118234479087E0,1.160355339697E1,3.459999815518E1));
#6000=DIRECTION('',(0.E0,-1.E0,0.E0));
#6001=DIRECTION('',(0.E0,0.E0,-1.E0));
#6002=AXIS2_PLACEMENT_3D('',#5999,#6000,#6001);
#6003=CONICAL_SURFACE('',#6002,1.896446603034E0,4.5E1);
#6004=ORIENTED_EDGE('',*,*,#5993,.F.);
#6006=ORIENTED_EDGE('',*,*,#6005,.F.);
#6008=ORIENTED_EDGE('',*,*,#6007,.T.);
#6010=ORIENTED_EDGE('',*,*,#6009,.T.);
#6011=EDGE_LOOP('',(#6004,#6006,#6008,#6010));
#6012=FACE_OUTER_BOUND('',#6011,.F.);
#6014=CARTESIAN_POINT('',(8.118234479087E0,1.160355339697E1,3.459999815518E1));
#6015=DIRECTION('',(0.E0,-1.E0,0.E0));
#6016=DIRECTION('',(0.E0,0.E0,-1.E0));
#6017=AXIS2_PLACEMENT_3D('',#6014,#6015,#6016);
#6018=CONICAL_SURFACE('',#6017,1.896446603034E0,4.5E1);
#6019=ORIENTED_EDGE('',*,*,#5955,.F.);
#6020=ORIENTED_EDGE('',*,*,#6009,.F.);
#6022=ORIENTED_EDGE('',*,*,#6021,.T.);
#6023=ORIENTED_EDGE('',*,*,#6005,.T.);
#6024=EDGE_LOOP('',(#6019,#6020,#6022,#6023));
#6025=FACE_OUTER_BOUND('',#6024,.F.);
#6027=CARTESIAN_POINT('',(8.118234479087E0,1.1E1,3.459999815518E1));
#6028=DIRECTION('',(0.E0,-1.E0,0.E0));
#6029=DIRECTION('',(0.E0,0.E0,-1.E0));
#6030=AXIS2_PLACEMENT_3D('',#6027,#6028,#6029);
#6031=CYLINDRICAL_SURFACE('',#6030,2.5E0);
#6032=ORIENTED_EDGE('',*,*,#6021,.F.);
#6034=ORIENTED_EDGE('',*,*,#6033,.T.);
#6035=ORIENTED_EDGE('',*,*,#5664,.T.);
#6037=ORIENTED_EDGE('',*,*,#6036,.F.);
#6038=EDGE_LOOP('',(#6032,#6034,#6035,#6037));
#6039=FACE_OUTER_BOUND('',#6038,.F.);
#6041=CARTESIAN_POINT('',(8.118234479087E0,1.1E1,3.459999815518E1));
#6042=DIRECTION('',(0.E0,-1.E0,0.E0));
#6043=DIRECTION('',(0.E0,0.E0,-1.E0));
#6044=AXIS2_PLACEMENT_3D('',#6041,#6042,#6043);
#6045=CYLINDRICAL_SURFACE('',#6044,2.5E0);
#6046=ORIENTED_EDGE('',*,*,#6007,.F.);
#6047=ORIENTED_EDGE('',*,*,#6036,.T.);
#6048=ORIENTED_EDGE('',*,*,#5666,.T.);
#6049=ORIENTED_EDGE('',*,*,#6033,.F.);
#6050=EDGE_LOOP('',(#6046,#6047,#6048,#6049));
#6051=FACE_OUTER_BOUND('',#6050,.F.);
#6053=CARTESIAN_POINT('',(-9.976578481290E0,1.249280806120E1,3.414367453269E1));
#6054=CARTESIAN_POINT('',(-1.004881913641E1,1.253562888830E1,3.379598875951E1));
#6055=CARTESIAN_POINT('',(-1.011604427817E1,1.239874920675E1,3.347244206204E1));
#6056=CARTESIAN_POINT('',(-1.016096646991E1,1.211736862733E1,3.325623683878E1));
#6057=CARTESIAN_POINT('',(-9.663633219809E0,1.249280806120E1,3.407865211172E1));
#6058=CARTESIAN_POINT('',(-9.497432098442E0,1.253562888830E1,3.368142393138E1));
#6059=CARTESIAN_POINT('',(-9.342769963593E0,1.239874920675E1,3.331177444954E1));
#6060=CARTESIAN_POINT('',(-9.239419313887E0,1.211736862733E1,3.306476173277E1));
#6061=CARTESIAN_POINT('',(-9.415696037468E0,1.249280806120E1,3.428036925409E1));
#6062=CARTESIAN_POINT('',(-9.060584619345E0,1.253562888830E1,3.403683502504E1));
#6063=CARTESIAN_POINT('',(-8.730127823480E0,1.239874920675E1,3.381020885390E1));
#6064=CARTESIAN_POINT('',(-8.509305030714E0,1.211736862733E1,3.365876931732E1));
#6065=CARTESIAN_POINT('',(-9.415696056246E0,1.249280806120E1,3.459999818256E1));
#6066=CARTESIAN_POINT('',(-9.060584652430E0,1.253562888830E1,3.459999820342E1));
#6067=CARTESIAN_POINT('',(-8.730127869879E0,1.239874920675E1,3.459999822283E1));
#6068=CARTESIAN_POINT('',(-8.509305086009E0,1.211736862733E1,3.459999823581E1));
#6069=CARTESIAN_POINT('',(-9.415696075023E0,1.249280806120E1,3.491962711102E1));
#6070=CARTESIAN_POINT('',(-9.060584685515E0,1.253562888830E1,3.516316138180E1));
#6071=CARTESIAN_POINT('',(-8.730127916278E0,1.239874920675E1,3.538978759177E1));
#6072=CARTESIAN_POINT('',(-8.509305141305E0,1.211736862733E1,3.554122715429E1));
#6073=CARTESIAN_POINT('',(-9.663633281065E0,1.249280806120E1,3.512134422426E1));
#6074=CARTESIAN_POINT('',(-9.497432206371E0,1.253562888830E1,3.551857242413E1));
#6075=CARTESIAN_POINT('',(-9.342770114955E0,1.239874920675E1,3.588822192414E1));
#6076=CARTESIAN_POINT('',(-9.239419494272E0,1.211736862733E1,3.613523465306E1));
#6077=CARTESIAN_POINT('',(-9.976578534907E0,1.249280806120E1,3.505632176652E1));
#6078=CARTESIAN_POINT('',(-1.004881923088E1,1.253562888830E1,3.540400753121E1));
#6079=CARTESIAN_POINT('',(-1.011604441065E1,1.239874920675E1,3.572755422079E1));
#6080=CARTESIAN_POINT('',(-1.016096662780E1,1.211736862733E1,3.594375943877E1));
#6081=(BOUNDED_SURFACE()B_SPLINE_SURFACE(3,3,((#6053,#6054,#6055,#6056),(#6057,
#6058,#6059,#6060),(#6061,#6062,#6063,#6064),(#6065,#6066,#6067,#6068),(#6069,
#6070,#6071,#6072),(#6073,#6074,#6075,#6076),(#6077,#6078,#6079,#6080)),
.UNSPECIFIED.,.F.,.F.,.F.)B_SPLINE_SURFACE_WITH_KNOTS((4,3,4),(4,4),(0.E0,1.E0,
2.E0),(0.E0,1.E0),.UNSPECIFIED.)GEOMETRIC_REPRESENTATION_ITEM()RATIONAL_B_SPLINE_SURFACE(((1.310413621780E0,1.198086140934E0,1.198086140934E0,1.310413621780E0),(
9.881373486836E-1,9.034351010407E-1,9.034351010407E-1,9.881373486836E-1),(
9.881373486836E-1,9.034351010407E-1,9.034351010407E-1,9.881373486836E-1),(
1.310413621780E0,1.198086140934E0,1.198086140934E0,1.310413621780E0),(
9.881373486836E-1,9.034351010407E-1,9.034351010407E-1,9.881373486836E-1),(
9.881373486836E-1,9.034351010407E-1,9.034351010407E-1,9.881373486836E-1),(
1.310413621780E0,1.198086140934E0,1.198086140934E0,1.310413621780E0)))REPRESENTATION_ITEM('')SURFACE());
#6082=ORIENTED_EDGE('',*,*,#5788,.F.);
#6083=ORIENTED_EDGE('',*,*,#5753,.T.);
#6085=ORIENTED_EDGE('',*,*,#6084,.T.);
#6086=ORIENTED_EDGE('',*,*,#5750,.F.);
#6087=EDGE_LOOP('',(#6082,#6083,#6085,#6086));
#6088=FACE_OUTER_BOUND('',#6087,.F.);
#6090=CARTESIAN_POINT('',(-9.881765520913E0,1.160355339697E1,3.459999815518E1));
#6091=DIRECTION('',(0.E0,-1.E0,0.E0));
#6092=DIRECTION('',(0.E0,0.E0,-1.E0));
#6093=AXIS2_PLACEMENT_3D('',#6090,#6091,#6092);
#6094=CONICAL_SURFACE('',#6093,1.896446603034E0,4.5E1);
#6095=ORIENTED_EDGE('',*,*,#6084,.F.);
#6096=ORIENTED_EDGE('',*,*,#5714,.F.);
#6098=ORIENTED_EDGE('',*,*,#6097,.T.);
#6099=ORIENTED_EDGE('',*,*,#5711,.T.);
#6100=EDGE_LOOP('',(#6095,#6096,#6098,#6099));
#6101=FACE_OUTER_BOUND('',#6100,.F.);
#6103=CARTESIAN_POINT('',(-9.881765520913E0,1.1E1,3.459999815518E1));
#6104=DIRECTION('',(0.E0,-1.E0,0.E0));
#6105=DIRECTION('',(0.E0,0.E0,-1.E0));
#6106=AXIS2_PLACEMENT_3D('',#6103,#6104,#6105);
#6107=CYLINDRICAL_SURFACE('',#6106,2.5E0);
#6108=ORIENTED_EDGE('',*,*,#6097,.F.);
#6109=ORIENTED_EDGE('',*,*,#5699,.T.);
#6110=ORIENTED_EDGE('',*,*,#5648,.T.);
#6111=ORIENTED_EDGE('',*,*,#5696,.F.);
#6112=EDGE_LOOP('',(#6108,#6109,#6110,#6111));
#6113=FACE_OUTER_BOUND('',#6112,.F.);
#6115=CARTESIAN_POINT('',(8.118234479087E0,1.1E1,3.459999815518E1));
#6116=DIRECTION('',(0.E0,-1.E0,0.E0));
#6117=DIRECTION('',(0.E0,0.E0,-1.E0));
#6118=AXIS2_PLACEMENT_3D('',#6115,#6116,#6117);
#6119=CYLINDRICAL_SURFACE('',#6118,3.5E0);
#6120=ORIENTED_EDGE('',*,*,#5306,.F.);
#6122=ORIENTED_EDGE('',*,*,#6121,.T.);
#6123=ORIENTED_EDGE('',*,*,#5658,.T.);
#6125=ORIENTED_EDGE('',*,*,#6124,.F.);
#6126=EDGE_LOOP('',(#6120,#6122,#6123,#6125));
#6127=FACE_OUTER_BOUND('',#6126,.F.);
#6129=CARTESIAN_POINT('',(8.118234479087E0,1.1E1,3.459999815518E1));
#6130=DIRECTION('',(0.E0,-1.E0,0.E0));
#6131=DIRECTION('',(0.E0,0.E0,-1.E0));
#6132=AXIS2_PLACEMENT_3D('',#6129,#6130,#6131);
#6133=CYLINDRICAL_SURFACE('',#6132,3.5E0);
#6134=ORIENTED_EDGE('',*,*,#5308,.F.);
#6135=ORIENTED_EDGE('',*,*,#6124,.T.);
#6136=ORIENTED_EDGE('',*,*,#5660,.T.);
#6137=ORIENTED_EDGE('',*,*,#6121,.F.);
#6138=EDGE_LOOP('',(#6134,#6135,#6136,#6137));
#6139=FACE_OUTER_BOUND('',#6138,.F.);
#6141=CARTESIAN_POINT('',(2.196823447909E1,1.1E1,3.459999815518E1));
#6142=DIRECTION('',(0.E0,-1.E0,0.E0));
#6143=DIRECTION('',(0.E0,0.E0,-1.E0));
#6144=AXIS2_PLACEMENT_3D('',#6141,#6142,#6143);
#6145=CYLINDRICAL_SURFACE('',#6144,3.5E0);
#6146=ORIENTED_EDGE('',*,*,#5312,.F.);
#6148=ORIENTED_EDGE('',*,*,#6147,.T.);
#6149=ORIENTED_EDGE('',*,*,#5676,.T.);
#6151=ORIENTED_EDGE('',*,*,#6150,.F.);
#6152=EDGE_LOOP('',(#6146,#6148,#6149,#6151));
#6153=FACE_OUTER_BOUND('',#6152,.F.);
#6155=CARTESIAN_POINT('',(2.196823447909E1,1.1E1,3.459999815518E1));
#6156=DIRECTION('',(0.E0,-1.E0,0.E0));
#6157=DIRECTION('',(0.E0,0.E0,-1.E0));
#6158=AXIS2_PLACEMENT_3D('',#6155,#6156,#6157);
#6159=CYLINDRICAL_SURFACE('',#6158,3.5E0);
#6160=ORIENTED_EDGE('',*,*,#5314,.F.);
#6161=ORIENTED_EDGE('',*,*,#6150,.T.);
#6162=ORIENTED_EDGE('',*,*,#5678,.T.);
#6163=ORIENTED_EDGE('',*,*,#6147,.F.);
#6164=EDGE_LOOP('',(#6160,#6161,#6162,#6163));
#6165=FACE_OUTER_BOUND('',#6164,.F.);
#6167=CARTESIAN_POINT('',(-1.76E1,1.1E1,4.14E1));
#6168=DIRECTION('',(0.E0,-1.E0,0.E0));
#6169=DIRECTION('',(1.E0,0.E0,0.E0));
#6170=AXIS2_PLACEMENT_3D('',#6167,#6168,#6169);
#6171=CYLINDRICAL_SURFACE('',#6170,3.5E0);
#6173=ORIENTED_EDGE('',*,*,#6172,.T.);
#6175=ORIENTED_EDGE('',*,*,#6174,.F.);
#6176=ORIENTED_EDGE('',*,*,#5218,.T.);
#6178=ORIENTED_EDGE('',*,*,#6177,.T.);
#6179=EDGE_LOOP('',(#6173,#6175,#6176,#6178));
#6180=FACE_OUTER_BOUND('',#6179,.F.);
#6182=CARTESIAN_POINT('',(-1.76E1,7.749846558210E0,4.14E1));
#6183=DIRECTION('',(0.E0,-1.E0,0.E0));
#6184=DIRECTION('',(0.E0,0.E0,-1.E0));
#6185=AXIS2_PLACEMENT_3D('',#6182,#6183,#6184);
#6186=CONICAL_SURFACE('',#6185,3.750153441790E0,4.5E1);
#6187=ORIENTED_EDGE('',*,*,#6172,.F.);
#6189=ORIENTED_EDGE('',*,*,#6188,.F.);
#6191=ORIENTED_EDGE('',*,*,#6190,.T.);
#6193=ORIENTED_EDGE('',*,*,#6192,.F.);
#6195=ORIENTED_EDGE('',*,*,#6194,.T.);
#6196=EDGE_LOOP('',(#6187,#6189,#6191,#6193,#6195));
#6197=FACE_OUTER_BOUND('',#6196,.F.);
#6199=CARTESIAN_POINT('',(-1.76E1,7.749856566878E0,4.14E1));
#6200=DIRECTION('',(0.E0,-1.E0,0.E0));
#6201=DIRECTION('',(0.E0,0.E0,-1.E0));
#6202=AXIS2_PLACEMENT_3D('',#6199,#6200,#6201);
#6203=CONICAL_SURFACE('',#6202,3.750143433122E0,4.5E1);
#6205=ORIENTED_EDGE('',*,*,#6204,.T.);
#6206=ORIENTED_EDGE('',*,*,#6188,.T.);
#6208=ORIENTED_EDGE('',*,*,#6207,.F.);
#6209=ORIENTED_EDGE('',*,*,#6194,.F.);
#6211=ORIENTED_EDGE('',*,*,#6210,.F.);
#6212=EDGE_LOOP('',(#6205,#6206,#6208,#6209,#6211));
#6213=FACE_OUTER_BOUND('',#6212,.F.);
#6215=CARTESIAN_POINT('',(0.E0,7.5E0,0.E0));
#6216=DIRECTION('',(0.E0,-1.E0,0.E0));
#6217=DIRECTION('',(1.E0,0.E0,0.E0));
#6218=AXIS2_PLACEMENT_3D('',#6215,#6216,#6217);
#6219=PLANE('',#6218);
#6220=ORIENTED_EDGE('',*,*,#6190,.F.);
#6221=ORIENTED_EDGE('',*,*,#6204,.F.);
#6223=ORIENTED_EDGE('',*,*,#6222,.F.);
#6225=ORIENTED_EDGE('',*,*,#6224,.F.);
#6226=ORIENTED_EDGE('',*,*,#5026,.T.);
#6228=ORIENTED_EDGE('',*,*,#6227,.F.);
#6230=ORIENTED_EDGE('',*,*,#6229,.F.);
#6231=EDGE_LOOP('',(#6220,#6221,#6223,#6225,#6226,#6228,#6230));
#6232=FACE_OUTER_BOUND('',#6231,.F.);
#6234=CARTESIAN_POINT('',(-2.4E1,0.E0,4.2E1));
#6235=DIRECTION('',(0.E0,1.E0,0.E0));
#6236=DIRECTION('',(-1.E0,0.E0,0.E0));
#6237=AXIS2_PLACEMENT_3D('',#6234,#6235,#6236);
#6238=CYLINDRICAL_SURFACE('',#6237,2.5E0);
#6239=ORIENTED_EDGE('',*,*,#6210,.T.);
#6240=ORIENTED_EDGE('',*,*,#6192,.T.);
#6241=ORIENTED_EDGE('',*,*,#6229,.T.);
#6243=ORIENTED_EDGE('',*,*,#6242,.T.);
#6244=ORIENTED_EDGE('',*,*,#5271,.T.);
#6246=ORIENTED_EDGE('',*,*,#6245,.F.);
#6247=ORIENTED_EDGE('',*,*,#5078,.T.);
#6249=ORIENTED_EDGE('',*,*,#6248,.T.);
#6250=ORIENTED_EDGE('',*,*,#5241,.T.);
#6252=ORIENTED_EDGE('',*,*,#6251,.F.);
#6253=ORIENTED_EDGE('',*,*,#6222,.T.);
#6254=EDGE_LOOP('',(#6239,#6240,#6241,#6243,#6244,#6246,#6247,#6249,#6250,#6252,
#6253));
#6255=FACE_OUTER_BOUND('',#6254,.F.);
#6257=CARTESIAN_POINT('',(-2.4E1,0.E0,4.2E1));
#6258=DIRECTION('',(0.E0,1.E0,0.E0));
#6259=DIRECTION('',(-1.E0,0.E0,0.E0));
#6260=AXIS2_PLACEMENT_3D('',#6257,#6258,#6259);
#6261=CYLINDRICAL_SURFACE('',#6260,2.5E0);
#6263=ORIENTED_EDGE('',*,*,#6262,.F.);
#6264=ORIENTED_EDGE('',*,*,#5071,.F.);
#6266=ORIENTED_EDGE('',*,*,#6265,.T.);
#6267=ORIENTED_EDGE('',*,*,#5253,.T.);
#6268=EDGE_LOOP('',(#6263,#6264,#6266,#6267));
#6269=FACE_OUTER_BOUND('',#6268,.F.);
#6271=CARTESIAN_POINT('',(-1.76E1,1.1E1,4.14E1));
#6272=DIRECTION('',(0.E0,-1.E0,0.E0));
#6273=DIRECTION('',(1.E0,0.E0,0.E0));
#6274=AXIS2_PLACEMENT_3D('',#6271,#6272,#6273);
#6275=CYLINDRICAL_SURFACE('',#6274,4.5E0);
#6276=ORIENTED_EDGE('',*,*,#5273,.T.);
#6277=ORIENTED_EDGE('',*,*,#6242,.F.);
#6278=ORIENTED_EDGE('',*,*,#6227,.T.);
#6279=ORIENTED_EDGE('',*,*,#5024,.F.);
#6280=EDGE_LOOP('',(#6276,#6277,#6278,#6279));
#6281=FACE_OUTER_BOUND('',#6280,.F.);
#6283=CARTESIAN_POINT('',(-1.76E1,1.1E1,4.14E1));
#6284=DIRECTION('',(0.E0,-1.E0,0.E0));
#6285=DIRECTION('',(1.E0,0.E0,0.E0));
#6286=AXIS2_PLACEMENT_3D('',#6283,#6284,#6285);
#6287=CYLINDRICAL_SURFACE('',#6286,4.5E0);
#6288=ORIENTED_EDGE('',*,*,#5239,.F.);
#6289=ORIENTED_EDGE('',*,*,#5028,.T.);
#6290=ORIENTED_EDGE('',*,*,#6224,.T.);
#6291=ORIENTED_EDGE('',*,*,#6251,.T.);
#6292=EDGE_LOOP('',(#6288,#6289,#6290,#6291));
#6293=FACE_OUTER_BOUND('',#6292,.F.);
#6295=CARTESIAN_POINT('',(-2.75E1,0.E0,4.14E1));
#6296=DIRECTION('',(0.E0,0.E0,-1.E0));
#6297=DIRECTION('',(1.E0,0.E0,0.E0));
#6298=AXIS2_PLACEMENT_3D('',#6295,#6296,#6297);
#6299=PLANE('',#6298);
#6300=ORIENTED_EDGE('',*,*,#5269,.F.);
#6301=ORIENTED_EDGE('',*,*,#4679,.T.);
#6302=ORIENTED_EDGE('',*,*,#5080,.T.);
#6303=ORIENTED_EDGE('',*,*,#6245,.T.);
#6304=EDGE_LOOP('',(#6300,#6301,#6302,#6303));
#6305=FACE_OUTER_BOUND('',#6304,.F.);
#6307=CARTESIAN_POINT('',(-2.34E1,0.E0,4.442693221990E1));
#6308=DIRECTION('',(1.E0,0.E0,0.E0));
#6309=DIRECTION('',(0.E0,0.E0,1.E0));
#6310=AXIS2_PLACEMENT_3D('',#6307,#6308,#6309);
#6311=PLANE('',#6310);
#6312=ORIENTED_EDGE('',*,*,#5236,.T.);
#6313=ORIENTED_EDGE('',*,*,#6248,.F.);
#6314=ORIENTED_EDGE('',*,*,#5076,.T.);
#6315=ORIENTED_EDGE('',*,*,#5032,.F.);
#6316=EDGE_LOOP('',(#6312,#6313,#6314,#6315));
#6317=FACE_OUTER_BOUND('',#6316,.F.);
#6319=CARTESIAN_POINT('',(-2.46E1,0.E0,4.55E1));
#6320=DIRECTION('',(-1.E0,0.E0,0.E0));
#6321=DIRECTION('',(0.E0,0.E0,-1.E0));
#6322=AXIS2_PLACEMENT_3D('',#6319,#6320,#6321);
#6323=PLANE('',#6322);
#6324=ORIENTED_EDGE('',*,*,#5251,.F.);
#6325=ORIENTED_EDGE('',*,*,#4997,.T.);
#6326=ORIENTED_EDGE('',*,*,#5073,.T.);
#6327=ORIENTED_EDGE('',*,*,#6262,.T.);
#6328=EDGE_LOOP('',(#6324,#6325,#6326,#6327));
#6329=FACE_OUTER_BOUND('',#6328,.F.);
#6331=CARTESIAN_POINT('',(-2.642693221990E1,0.E0,4.26E1));
#6332=DIRECTION('',(0.E0,0.E0,1.E0));
#6333=DIRECTION('',(-1.E0,0.E0,0.E0));
#6334=AXIS2_PLACEMENT_3D('',#6331,#6332,#6333);
#6335=PLANE('',#6334);
#6336=ORIENTED_EDGE('',*,*,#5255,.T.);
#6337=ORIENTED_EDGE('',*,*,#6265,.F.);
#6338=ORIENTED_EDGE('',*,*,#5083,.T.);
#6339=ORIENTED_EDGE('',*,*,#4675,.F.);
#6340=EDGE_LOOP('',(#6336,#6337,#6338,#6339));
#6341=FACE_OUTER_BOUND('',#6340,.F.);
#6343=CARTESIAN_POINT('',(-1.76E1,1.1E1,4.14E1));
#6344=DIRECTION('',(0.E0,-1.E0,0.E0));
#6345=DIRECTION('',(1.E0,0.E0,0.E0));
#6346=AXIS2_PLACEMENT_3D('',#6343,#6344,#6345);
#6347=CYLINDRICAL_SURFACE('',#6346,3.5E0);
#6348=ORIENTED_EDGE('',*,*,#6207,.T.);
#6349=ORIENTED_EDGE('',*,*,#6177,.F.);
#6350=ORIENTED_EDGE('',*,*,#5220,.T.);
#6351=ORIENTED_EDGE('',*,*,#6174,.T.);
#6352=EDGE_LOOP('',(#6348,#6349,#6350,#6351));
#6353=FACE_OUTER_BOUND('',#6352,.F.);
#6355=CARTESIAN_POINT('',(-1.76E1,1.3E1,4.14E1));
#6356=DIRECTION('',(0.E0,1.E0,0.E0));
#6357=DIRECTION('',(0.E0,0.E0,1.E0));
#6358=AXIS2_PLACEMENT_3D('',#6355,#6356,#6357);
#6359=CYLINDRICAL_SURFACE('',#6358,9.E-1);
#6361=ORIENTED_EDGE('',*,*,#6360,.F.);
#6363=ORIENTED_EDGE('',*,*,#6362,.T.);
#6364=ORIENTED_EDGE('',*,*,#5224,.T.);
#6366=ORIENTED_EDGE('',*,*,#6365,.F.);
#6367=EDGE_LOOP('',(#6361,#6363,#6364,#6366));
#6368=FACE_OUTER_BOUND('',#6367,.F.);
#6370=CARTESIAN_POINT('',(0.E0,1.3E1,0.E0));
#6371=DIRECTION('',(0.E0,1.E0,0.E0));
#6372=DIRECTION('',(1.E0,0.E0,0.E0));
#6373=AXIS2_PLACEMENT_3D('',#6370,#6371,#6372);
#6374=PLANE('',#6373);
#6376=ORIENTED_EDGE('',*,*,#6375,.F.);
#6378=ORIENTED_EDGE('',*,*,#6377,.F.);
#6380=ORIENTED_EDGE('',*,*,#6379,.F.);
#6382=ORIENTED_EDGE('',*,*,#6381,.F.);
#6384=ORIENTED_EDGE('',*,*,#6383,.F.);
#6386=ORIENTED_EDGE('',*,*,#6385,.F.);
#6388=ORIENTED_EDGE('',*,*,#6387,.F.);
#6390=ORIENTED_EDGE('',*,*,#6389,.F.);
#6391=EDGE_LOOP('',(#6376,#6378,#6380,#6382,#6384,#6386,#6388,#6390));
#6392=FACE_OUTER_BOUND('',#6391,.F.);
#6393=ORIENTED_EDGE('',*,*,#6360,.T.);
#6395=ORIENTED_EDGE('',*,*,#6394,.T.);
#6396=EDGE_LOOP('',(#6393,#6395));
#6397=FACE_BOUND('',#6396,.F.);
#6399=ORIENTED_EDGE('',*,*,#6398,.T.);
#6401=ORIENTED_EDGE('',*,*,#6400,.T.);
#6402=EDGE_LOOP('',(#6399,#6401));
#6403=FACE_BOUND('',#6402,.F.);
#6405=ORIENTED_EDGE('',*,*,#6404,.T.);
#6407=ORIENTED_EDGE('',*,*,#6406,.T.);
#6408=EDGE_LOOP('',(#6405,#6407));
#6409=FACE_BOUND('',#6408,.F.);
#6411=CARTESIAN_POINT('',(2.7E1,1.24E1,-4.5E1));
#6412=DIRECTION('',(0.E0,1.E0,0.E0));
#6413=DIRECTION('',(9.981090284370E-1,0.E0,6.146842565496E-2));
#6414=AXIS2_PLACEMENT_3D('',#6411,#6412,#6413);
#6415=TOROIDAL_SURFACE('',#6414,1.9E0,6.E-1);
#6416=ORIENTED_EDGE('',*,*,#6375,.T.);
#6418=ORIENTED_EDGE('',*,*,#6417,.T.);
#6420=ORIENTED_EDGE('',*,*,#6419,.F.);
#6422=ORIENTED_EDGE('',*,*,#6421,.F.);
#6423=EDGE_LOOP('',(#6416,#6418,#6420,#6422));
#6424=FACE_OUTER_BOUND('',#6423,.F.);
#6426=CARTESIAN_POINT('',(2.7153768E1,1.24E1,-4.69E1));
#6427=DIRECTION('',(-1.E0,0.E0,0.E0));
#6428=DIRECTION('',(0.E0,1.E0,0.E0));
#6429=AXIS2_PLACEMENT_3D('',#6426,#6427,#6428);
#6430=CYLINDRICAL_SURFACE('',#6429,6.E-1);
#6431=ORIENTED_EDGE('',*,*,#6389,.T.);
#6433=ORIENTED_EDGE('',*,*,#6432,.T.);
#6435=ORIENTED_EDGE('',*,*,#6434,.F.);
#6436=ORIENTED_EDGE('',*,*,#6417,.F.);
#6437=EDGE_LOOP('',(#6431,#6433,#6435,#6436));
#6438=FACE_OUTER_BOUND('',#6437,.F.);
#6440=CARTESIAN_POINT('',(-2.7E1,1.24E1,-4.5E1));
#6441=DIRECTION('',(0.E0,1.E0,0.E0));
#6442=DIRECTION('',(6.146842565496E-2,0.E0,-9.981090284370E-1));
#6443=AXIS2_PLACEMENT_3D('',#6440,#6441,#6442);
#6444=TOROIDAL_SURFACE('',#6443,1.9E0,6.E-1);
#6445=ORIENTED_EDGE('',*,*,#6387,.T.);
#6447=ORIENTED_EDGE('',*,*,#6446,.T.);
#6449=ORIENTED_EDGE('',*,*,#6448,.F.);
#6450=ORIENTED_EDGE('',*,*,#6432,.F.);
#6451=EDGE_LOOP('',(#6445,#6447,#6449,#6450));
#6452=FACE_OUTER_BOUND('',#6451,.F.);
#6454=CARTESIAN_POINT('',(-2.89E1,1.24E1,-4.5153768E1));
#6455=DIRECTION('',(0.E0,0.E0,1.E0));
#6456=DIRECTION('',(0.E0,1.E0,0.E0));
#6457=AXIS2_PLACEMENT_3D('',#6454,#6455,#6456);
#6458=CYLINDRICAL_SURFACE('',#6457,6.E-1);
#6459=ORIENTED_EDGE('',*,*,#6385,.T.);
#6461=ORIENTED_EDGE('',*,*,#6460,.T.);
#6463=ORIENTED_EDGE('',*,*,#6462,.F.);
#6464=ORIENTED_EDGE('',*,*,#6446,.F.);
#6465=EDGE_LOOP('',(#6459,#6461,#6463,#6464));
#6466=FACE_OUTER_BOUND('',#6465,.F.);
#6468=CARTESIAN_POINT('',(-2.7E1,1.24E1,4.5E1));
#6469=DIRECTION('',(0.E0,1.E0,0.E0));
#6470=DIRECTION('',(-9.981090284370E-1,0.E0,-6.146842565496E-2));
#6471=AXIS2_PLACEMENT_3D('',#6468,#6469,#6470);
#6472=TOROIDAL_SURFACE('',#6471,1.9E0,6.E-1);
#6473=ORIENTED_EDGE('',*,*,#6383,.T.);
#6475=ORIENTED_EDGE('',*,*,#6474,.T.);
#6477=ORIENTED_EDGE('',*,*,#6476,.F.);
#6478=ORIENTED_EDGE('',*,*,#6460,.F.);
#6479=EDGE_LOOP('',(#6473,#6475,#6477,#6478));
#6480=FACE_OUTER_BOUND('',#6479,.F.);
#6482=CARTESIAN_POINT('',(-2.7153768E1,1.24E1,4.69E1));
#6483=DIRECTION('',(1.E0,0.E0,0.E0));
#6484=DIRECTION('',(0.E0,1.E0,0.E0));
#6485=AXIS2_PLACEMENT_3D('',#6482,#6483,#6484);
#6486=CYLINDRICAL_SURFACE('',#6485,6.E-1);
#6487=ORIENTED_EDGE('',*,*,#6381,.T.);
#6489=ORIENTED_EDGE('',*,*,#6488,.T.);
#6490=ORIENTED_EDGE('',*,*,#4857,.F.);
#6491=ORIENTED_EDGE('',*,*,#6474,.F.);
#6492=EDGE_LOOP('',(#6487,#6489,#6490,#6491));
#6493=FACE_OUTER_BOUND('',#6492,.F.);
#6495=CARTESIAN_POINT('',(2.7E1,1.24E1,4.5E1));
#6496=DIRECTION('',(0.E0,1.E0,0.E0));
#6497=DIRECTION('',(-6.146842565496E-2,0.E0,9.981090284370E-1));
#6498=AXIS2_PLACEMENT_3D('',#6495,#6496,#6497);
#6499=TOROIDAL_SURFACE('',#6498,1.9E0,6.E-1);
#6500=ORIENTED_EDGE('',*,*,#6379,.T.);
#6502=ORIENTED_EDGE('',*,*,#6501,.T.);
#6504=ORIENTED_EDGE('',*,*,#6503,.F.);
#6505=ORIENTED_EDGE('',*,*,#6488,.F.);
#6506=EDGE_LOOP('',(#6500,#6502,#6504,#6505));
#6507=FACE_OUTER_BOUND('',#6506,.F.);
#6509=CARTESIAN_POINT('',(2.89E1,1.24E1,4.5153768E1));
#6510=DIRECTION('',(0.E0,0.E0,-1.E0));
#6511=DIRECTION('',(0.E0,1.E0,0.E0));
#6512=AXIS2_PLACEMENT_3D('',#6509,#6510,#6511);
#6513=CYLINDRICAL_SURFACE('',#6512,6.E-1);
#6514=ORIENTED_EDGE('',*,*,#6377,.T.);
#6515=ORIENTED_EDGE('',*,*,#6421,.T.);
#6517=ORIENTED_EDGE('',*,*,#6516,.F.);
#6518=ORIENTED_EDGE('',*,*,#6501,.F.);
#6519=EDGE_LOOP('',(#6514,#6515,#6517,#6518));
#6520=FACE_OUTER_BOUND('',#6519,.F.);
#6522=CARTESIAN_POINT('',(2.95E1,0.E0,4.5E1));
#6523=DIRECTION('',(1.E0,0.E0,0.E0));
#6524=DIRECTION('',(0.E0,0.E0,-1.E0));
#6525=AXIS2_PLACEMENT_3D('',#6522,#6523,#6524);
#6526=PLANE('',#6525);
#6527=ORIENTED_EDGE('',*,*,#6516,.T.);
#6529=ORIENTED_EDGE('',*,*,#6528,.F.);
#6530=ORIENTED_EDGE('',*,*,#4348,.F.);
#6532=ORIENTED_EDGE('',*,*,#6531,.T.);
#6533=EDGE_LOOP('',(#6527,#6529,#6530,#6532));
#6534=FACE_OUTER_BOUND('',#6533,.F.);
#6536=CARTESIAN_POINT('',(2.7E1,0.E0,-4.5E1));
#6537=DIRECTION('',(0.E0,1.E0,0.E0));
#6538=DIRECTION('',(1.E0,0.E0,0.E0));
#6539=AXIS2_PLACEMENT_3D('',#6536,#6537,#6538);
#6540=CYLINDRICAL_SURFACE('',#6539,2.5E0);
#6541=ORIENTED_EDGE('',*,*,#6419,.T.);
#6543=ORIENTED_EDGE('',*,*,#6542,.F.);
#6544=ORIENTED_EDGE('',*,*,#4350,.F.);
#6545=ORIENTED_EDGE('',*,*,#6528,.T.);
#6546=EDGE_LOOP('',(#6541,#6543,#6544,#6545));
#6547=FACE_OUTER_BOUND('',#6546,.F.);
#6549=CARTESIAN_POINT('',(2.7E1,0.E0,-4.75E1));
#6550=DIRECTION('',(0.E0,0.E0,-1.E0));
#6551=DIRECTION('',(-1.E0,0.E0,0.E0));
#6552=AXIS2_PLACEMENT_3D('',#6549,#6550,#6551);
#6553=PLANE('',#6552);
#6554=ORIENTED_EDGE('',*,*,#4352,.F.);
#6555=ORIENTED_EDGE('',*,*,#6542,.T.);
#6556=ORIENTED_EDGE('',*,*,#6434,.T.);
#6558=ORIENTED_EDGE('',*,*,#6557,.F.);
#6559=ORIENTED_EDGE('',*,*,#4388,.F.);
#6561=ORIENTED_EDGE('',*,*,#6560,.T.);
#6563=ORIENTED_EDGE('',*,*,#6562,.F.);
#6565=ORIENTED_EDGE('',*,*,#6564,.F.);
#6566=EDGE_LOOP('',(#6554,#6555,#6556,#6558,#6559,#6561,#6563,#6565));
#6567=FACE_OUTER_BOUND('',#6566,.F.);
#6569=CARTESIAN_POINT('',(-2.7E1,0.E0,-4.5E1));
#6570=DIRECTION('',(0.E0,1.E0,0.E0));
#6571=DIRECTION('',(1.E0,0.E0,0.E0));
#6572=AXIS2_PLACEMENT_3D('',#6569,#6570,#6571);
#6573=CYLINDRICAL_SURFACE('',#6572,2.5E0);
#6574=ORIENTED_EDGE('',*,*,#6448,.T.);
#6576=ORIENTED_EDGE('',*,*,#6575,.F.);
#6577=ORIENTED_EDGE('',*,*,#4390,.F.);
#6578=ORIENTED_EDGE('',*,*,#6557,.T.);
#6579=EDGE_LOOP('',(#6574,#6576,#6577,#6578));
#6580=FACE_OUTER_BOUND('',#6579,.F.);
#6582=CARTESIAN_POINT('',(-2.95E1,0.E0,-4.5E1));
#6583=DIRECTION('',(-1.E0,0.E0,0.E0));
#6584=DIRECTION('',(0.E0,0.E0,1.E0));
#6585=AXIS2_PLACEMENT_3D('',#6582,#6583,#6584);
#6586=PLANE('',#6585);
#6587=ORIENTED_EDGE('',*,*,#6462,.T.);
#6589=ORIENTED_EDGE('',*,*,#6588,.F.);
#6590=ORIENTED_EDGE('',*,*,#4392,.F.);
#6591=ORIENTED_EDGE('',*,*,#6575,.T.);
#6592=EDGE_LOOP('',(#6587,#6589,#6590,#6591));
#6593=FACE_OUTER_BOUND('',#6592,.F.);
#6595=CARTESIAN_POINT('',(-2.7E1,0.E0,4.5E1));
#6596=DIRECTION('',(0.E0,1.E0,0.E0));
#6597=DIRECTION('',(1.E0,0.E0,0.E0));
#6598=AXIS2_PLACEMENT_3D('',#6595,#6596,#6597);
#6599=CYLINDRICAL_SURFACE('',#6598,2.5E0);
#6600=ORIENTED_EDGE('',*,*,#6476,.T.);
#6601=ORIENTED_EDGE('',*,*,#4855,.F.);
#6602=ORIENTED_EDGE('',*,*,#4394,.F.);
#6603=ORIENTED_EDGE('',*,*,#6588,.T.);
#6604=EDGE_LOOP('',(#6600,#6601,#6602,#6603));
#6605=FACE_OUTER_BOUND('',#6604,.F.);
#6607=CARTESIAN_POINT('',(-1.672488339536E1,4.499992668630E-1,5.E0));
#6608=DIRECTION('',(-1.E0,0.E0,0.E0));
#6609=DIRECTION('',(0.E0,-1.E0,0.E0));
#6610=AXIS2_PLACEMENT_3D('',#6607,#6608,#6609);
#6611=PLANE('',#6610);
#6612=ORIENTED_EDGE('',*,*,#4386,.F.);
#6613=ORIENTED_EDGE('',*,*,#4488,.F.);
#6615=ORIENTED_EDGE('',*,*,#6614,.T.);
#6616=ORIENTED_EDGE('',*,*,#6560,.F.);
#6617=EDGE_LOOP('',(#6612,#6613,#6615,#6616));
#6618=FACE_OUTER_BOUND('',#6617,.F.);
#6620=CARTESIAN_POINT('',(-1.374988339536E1,4.499992668630E-1,5.E0));
#6621=DIRECTION('',(0.E0,0.E0,1.E0));
#6622=DIRECTION('',(0.E0,-1.E0,0.E0));
#6623=AXIS2_PLACEMENT_3D('',#6620,#6621,#6622);
#6624=CYLINDRICAL_SURFACE('',#6623,2.975E0);
#6625=ORIENTED_EDGE('',*,*,#4486,.F.);
#6627=ORIENTED_EDGE('',*,*,#6626,.T.);
#6628=ORIENTED_EDGE('',*,*,#6562,.T.);
#6629=ORIENTED_EDGE('',*,*,#6614,.F.);
#6630=EDGE_LOOP('',(#6625,#6627,#6628,#6629));
#6631=FACE_OUTER_BOUND('',#6630,.F.);
#6633=CARTESIAN_POINT('',(-1.077488339536E1,-4.550000733137E0,5.E0));
#6634=DIRECTION('',(1.E0,0.E0,0.E0));
#6635=DIRECTION('',(0.E0,1.E0,0.E0));
#6636=AXIS2_PLACEMENT_3D('',#6633,#6634,#6635);
#6637=PLANE('',#6636);
#6638=ORIENTED_EDGE('',*,*,#4354,.F.);
#6639=ORIENTED_EDGE('',*,*,#6564,.T.);
#6640=ORIENTED_EDGE('',*,*,#6626,.F.);
#6641=ORIENTED_EDGE('',*,*,#4484,.F.);
#6642=EDGE_LOOP('',(#6638,#6639,#6640,#6641));
#6643=FACE_OUTER_BOUND('',#6642,.F.);
#6645=CARTESIAN_POINT('',(2.7E1,0.E0,4.5E1));
#6646=DIRECTION('',(0.E0,1.E0,0.E0));
#6647=DIRECTION('',(1.E0,0.E0,0.E0));
#6648=AXIS2_PLACEMENT_3D('',#6645,#6646,#6647);
#6649=CYLINDRICAL_SURFACE('',#6648,2.5E0);
#6650=ORIENTED_EDGE('',*,*,#6503,.T.);
#6651=ORIENTED_EDGE('',*,*,#6531,.F.);
#6652=ORIENTED_EDGE('',*,*,#4346,.F.);
#6653=ORIENTED_EDGE('',*,*,#4859,.T.);
#6654=EDGE_LOOP('',(#6650,#6651,#6652,#6653));
#6655=FACE_OUTER_BOUND('',#6654,.F.);
#6657=CARTESIAN_POINT('',(-1.76E1,1.3E1,4.14E1));
#6658=DIRECTION('',(0.E0,1.E0,0.E0));
#6659=DIRECTION('',(0.E0,0.E0,1.E0));
#6660=AXIS2_PLACEMENT_3D('',#6657,#6658,#6659);
#6661=CYLINDRICAL_SURFACE('',#6660,9.E-1);
#6662=ORIENTED_EDGE('',*,*,#6394,.F.);
#6663=ORIENTED_EDGE('',*,*,#6365,.T.);
#6664=ORIENTED_EDGE('',*,*,#5226,.T.);
#6665=ORIENTED_EDGE('',*,*,#6362,.F.);
#6666=EDGE_LOOP('',(#6662,#6663,#6664,#6665));
#6667=FACE_OUTER_BOUND('',#6666,.F.);
#6669=CARTESIAN_POINT('',(0.E0,1.3E1,-7.E0));
#6670=DIRECTION('',(0.E0,1.E0,0.E0));
#6671=DIRECTION('',(0.E0,0.E0,1.E0));
#6672=AXIS2_PLACEMENT_3D('',#6669,#6670,#6671);
#6673=CYLINDRICAL_SURFACE('',#6672,4.25E0);
#6674=ORIENTED_EDGE('',*,*,#6398,.F.);
#6676=ORIENTED_EDGE('',*,*,#6675,.T.);
#6678=ORIENTED_EDGE('',*,*,#6677,.T.);
#6680=ORIENTED_EDGE('',*,*,#6679,.F.);
#6681=EDGE_LOOP('',(#6674,#6676,#6678,#6680));
#6682=FACE_OUTER_BOUND('',#6681,.F.);
#6684=CARTESIAN_POINT('',(0.E0,1.3E1,-7.E0));
#6685=DIRECTION('',(0.E0,1.E0,0.E0));
#6686=DIRECTION('',(0.E0,0.E0,1.E0));
#6687=AXIS2_PLACEMENT_3D('',#6684,#6685,#6686);
#6688=CYLINDRICAL_SURFACE('',#6687,4.25E0);
#6689=ORIENTED_EDGE('',*,*,#6400,.F.);
#6690=ORIENTED_EDGE('',*,*,#6679,.T.);
#6692=ORIENTED_EDGE('',*,*,#6691,.T.);
#6693=ORIENTED_EDGE('',*,*,#6675,.F.);
#6694=EDGE_LOOP('',(#6689,#6690,#6692,#6693));
#6695=FACE_OUTER_BOUND('',#6694,.F.);
#6697=CARTESIAN_POINT('',(0.E0,1.27E1,0.E0));
#6698=DIRECTION('',(0.E0,1.E0,0.E0));
#6699=DIRECTION('',(0.E0,0.E0,1.E0));
#6700=AXIS2_PLACEMENT_3D('',#6697,#6698,#6699);
#6701=PLANE('',#6700);
#6702=ORIENTED_EDGE('',*,*,#6677,.F.);
#6703=ORIENTED_EDGE('',*,*,#6691,.F.);
#6704=EDGE_LOOP('',(#6702,#6703));
#6705=FACE_OUTER_BOUND('',#6704,.F.);
#6707=ORIENTED_EDGE('',*,*,#6706,.T.);
#6709=ORIENTED_EDGE('',*,*,#6708,.T.);
#6710=EDGE_LOOP('',(#6707,#6709));
#6711=FACE_BOUND('',#6710,.F.);
#6713=CARTESIAN_POINT('',(0.E0,1.27E1,-7.E0));
#6714=DIRECTION('',(0.E0,1.E0,0.E0));
#6715=DIRECTION('',(0.E0,0.E0,1.E0));
#6716=AXIS2_PLACEMENT_3D('',#6713,#6714,#6715);
#6717=CYLINDRICAL_SURFACE('',#6716,3.5E0);
#6718=ORIENTED_EDGE('',*,*,#6706,.F.);
#6720=ORIENTED_EDGE('',*,*,#6719,.T.);
#6722=ORIENTED_EDGE('',*,*,#6721,.T.);
#6724=ORIENTED_EDGE('',*,*,#6723,.F.);
#6725=EDGE_LOOP('',(#6718,#6720,#6722,#6724));
#6726=FACE_OUTER_BOUND('',#6725,.F.);
#6728=CARTESIAN_POINT('',(0.E0,1.27E1,-7.E0));
#6729=DIRECTION('',(0.E0,1.E0,0.E0));
#6730=DIRECTION('',(0.E0,0.E0,1.E0));
#6731=AXIS2_PLACEMENT_3D('',#6728,#6729,#6730);
#6732=CYLINDRICAL_SURFACE('',#6731,3.5E0);
#6733=ORIENTED_EDGE('',*,*,#6708,.F.);
#6734=ORIENTED_EDGE('',*,*,#6723,.T.);
#6736=ORIENTED_EDGE('',*,*,#6735,.T.);
#6737=ORIENTED_EDGE('',*,*,#6719,.F.);
#6738=EDGE_LOOP('',(#6733,#6734,#6736,#6737));
#6739=FACE_OUTER_BOUND('',#6738,.F.);
#6741=CARTESIAN_POINT('',(0.E0,1.22E1,0.E0));
#6742=DIRECTION('',(0.E0,1.E0,0.E0));
#6743=DIRECTION('',(0.E0,0.E0,1.E0));
#6744=AXIS2_PLACEMENT_3D('',#6741,#6742,#6743);
#6745=PLANE('',#6744);
#6746=ORIENTED_EDGE('',*,*,#6721,.F.);
#6747=ORIENTED_EDGE('',*,*,#6735,.F.);
#6748=EDGE_LOOP('',(#6746,#6747));
#6749=FACE_OUTER_BOUND('',#6748,.F.);
#6751=ORIENTED_EDGE('',*,*,#6750,.T.);
#6753=ORIENTED_EDGE('',*,*,#6752,.T.);
#6754=EDGE_LOOP('',(#6751,#6753));
#6755=FACE_BOUND('',#6754,.F.);
#6757=CARTESIAN_POINT('',(0.E0,1.3E1,-7.E0));
#6758=DIRECTION('',(0.E0,1.E0,0.E0));
#6759=DIRECTION('',(0.E0,0.E0,1.E0));
#6760=AXIS2_PLACEMENT_3D('',#6757,#6758,#6759);
#6761=CYLINDRICAL_SURFACE('',#6760,2.75E0);
#6763=ORIENTED_EDGE('',*,*,#6762,.T.);
#6765=ORIENTED_EDGE('',*,*,#6764,.F.);
#6766=ORIENTED_EDGE('',*,*,#6750,.F.);
#6768=ORIENTED_EDGE('',*,*,#6767,.T.);
#6769=EDGE_LOOP('',(#6763,#6765,#6766,#6768));
#6770=FACE_OUTER_BOUND('',#6769,.F.);
#6772=CARTESIAN_POINT('',(0.E0,1.15E1,0.E0));
#6773=DIRECTION('',(0.E0,-1.E0,0.E0));
#6774=DIRECTION('',(0.E0,0.E0,1.E0));
#6775=AXIS2_PLACEMENT_3D('',#6772,#6773,#6774);
#6776=PLANE('',#6775);
#6778=ORIENTED_EDGE('',*,*,#6777,.F.);
#6780=ORIENTED_EDGE('',*,*,#6779,.F.);
#6781=EDGE_LOOP('',(#6778,#6780));
#6782=FACE_OUTER_BOUND('',#6781,.F.);
#6783=ORIENTED_EDGE('',*,*,#6762,.F.);
#6785=ORIENTED_EDGE('',*,*,#6784,.F.);
#6786=EDGE_LOOP('',(#6783,#6785));
#6787=FACE_BOUND('',#6786,.F.);
#6789=CARTESIAN_POINT('',(0.E0,1.1E1,-7.E0));
#6790=DIRECTION('',(0.E0,-1.E0,0.E0));
#6791=DIRECTION('',(0.E0,0.E0,1.E0));
#6792=AXIS2_PLACEMENT_3D('',#6789,#6790,#6791);
#6793=CYLINDRICAL_SURFACE('',#6792,3.5E0);
#6794=ORIENTED_EDGE('',*,*,#5318,.F.);
#6796=ORIENTED_EDGE('',*,*,#6795,.T.);
#6797=ORIENTED_EDGE('',*,*,#6777,.T.);
#6799=ORIENTED_EDGE('',*,*,#6798,.F.);
#6800=EDGE_LOOP('',(#6794,#6796,#6797,#6799));
#6801=FACE_OUTER_BOUND('',#6800,.F.);
#6803=CARTESIAN_POINT('',(0.E0,1.1E1,-7.E0));
#6804=DIRECTION('',(0.E0,-1.E0,0.E0));
#6805=DIRECTION('',(0.E0,0.E0,1.E0));
#6806=AXIS2_PLACEMENT_3D('',#6803,#6804,#6805);
#6807=CYLINDRICAL_SURFACE('',#6806,3.5E0);
#6808=ORIENTED_EDGE('',*,*,#5320,.F.);
#6809=ORIENTED_EDGE('',*,*,#6798,.T.);
#6810=ORIENTED_EDGE('',*,*,#6779,.T.);
#6811=ORIENTED_EDGE('',*,*,#6795,.F.);
#6812=EDGE_LOOP('',(#6808,#6809,#6810,#6811));
#6813=FACE_OUTER_BOUND('',#6812,.F.);
#6815=CARTESIAN_POINT('',(0.E0,1.3E1,-7.E0));
#6816=DIRECTION('',(0.E0,1.E0,0.E0));
#6817=DIRECTION('',(0.E0,0.E0,1.E0));
#6818=AXIS2_PLACEMENT_3D('',#6815,#6816,#6817);
#6819=CYLINDRICAL_SURFACE('',#6818,2.75E0);
#6820=ORIENTED_EDGE('',*,*,#6784,.T.);
#6821=ORIENTED_EDGE('',*,*,#6767,.F.);
#6822=ORIENTED_EDGE('',*,*,#6752,.F.);
#6823=ORIENTED_EDGE('',*,*,#6764,.T.);
#6824=EDGE_LOOP('',(#6820,#6821,#6822,#6823));
#6825=FACE_OUTER_BOUND('',#6824,.F.);
#6827=CARTESIAN_POINT('',(0.E0,1.3E1,2.2E1));
#6828=DIRECTION('',(0.E0,1.E0,0.E0));
#6829=DIRECTION('',(0.E0,0.E0,-1.E0));
#6830=AXIS2_PLACEMENT_3D('',#6827,#6828,#6829);
#6831=CYLINDRICAL_SURFACE('',#6830,6.25E0);
#6832=ORIENTED_EDGE('',*,*,#6404,.F.);
#6834=ORIENTED_EDGE('',*,*,#6833,.T.);
#6836=ORIENTED_EDGE('',*,*,#6835,.T.);
#6838=ORIENTED_EDGE('',*,*,#6837,.F.);
#6839=EDGE_LOOP('',(#6832,#6834,#6836,#6838));
#6840=FACE_OUTER_BOUND('',#6839,.F.);
#6842=CARTESIAN_POINT('',(0.E0,1.3E1,2.2E1));
#6843=DIRECTION('',(0.E0,1.E0,0.E0));
#6844=DIRECTION('',(0.E0,0.E0,-1.E0));
#6845=AXIS2_PLACEMENT_3D('',#6842,#6843,#6844);
#6846=CYLINDRICAL_SURFACE('',#6845,6.25E0);
#6847=ORIENTED_EDGE('',*,*,#6406,.F.);
#6848=ORIENTED_EDGE('',*,*,#6837,.T.);
#6850=ORIENTED_EDGE('',*,*,#6849,.T.);
#6851=ORIENTED_EDGE('',*,*,#6833,.F.);
#6852=EDGE_LOOP('',(#6847,#6848,#6850,#6851));
#6853=FACE_OUTER_BOUND('',#6852,.F.);
#6855=CARTESIAN_POINT('',(0.E0,1.215E1,2.2E1));
#6856=DIRECTION('',(0.E0,1.E0,0.E0));
#6857=DIRECTION('',(0.E0,0.E0,1.E0));
#6858=AXIS2_PLACEMENT_3D('',#6855,#6856,#6857);
#6859=PLANE('',#6858);
#6861=ORIENTED_EDGE('',*,*,#6860,.T.);
#6863=ORIENTED_EDGE('',*,*,#6862,.T.);
#6864=EDGE_LOOP('',(#6861,#6863));
#6865=FACE_OUTER_BOUND('',#6864,.F.);
#6866=ORIENTED_EDGE('',*,*,#6835,.F.);
#6867=ORIENTED_EDGE('',*,*,#6849,.F.);
#6868=EDGE_LOOP('',(#6866,#6867));
#6869=FACE_BOUND('',#6868,.F.);
#6871=CARTESIAN_POINT('',(0.E0,1.215E1,2.2E1));
#6872=DIRECTION('',(0.E0,1.E0,0.E0));
#6873=DIRECTION('',(0.E0,0.E0,1.E0));
#6874=AXIS2_PLACEMENT_3D('',#6871,#6872,#6873);
#6875=CYLINDRICAL_SURFACE('',#6874,7.5E0);
#6877=ORIENTED_EDGE('',*,*,#6876,.T.);
#6878=ORIENTED_EDGE('',*,*,#5324,.T.);
#6880=ORIENTED_EDGE('',*,*,#6879,.F.);
#6881=ORIENTED_EDGE('',*,*,#6860,.F.);
#6882=EDGE_LOOP('',(#6877,#6878,#6880,#6881));
#6883=FACE_OUTER_BOUND('',#6882,.F.);
#6885=CARTESIAN_POINT('',(0.E0,1.215E1,2.2E1));
#6886=DIRECTION('',(0.E0,1.E0,0.E0));
#6887=DIRECTION('',(0.E0,0.E0,1.E0));
#6888=AXIS2_PLACEMENT_3D('',#6885,#6886,#6887);
#6889=CYLINDRICAL_SURFACE('',#6888,7.5E0);
#6890=ORIENTED_EDGE('',*,*,#6876,.F.);
#6891=ORIENTED_EDGE('',*,*,#6862,.F.);
#6892=ORIENTED_EDGE('',*,*,#6879,.T.);
#6893=ORIENTED_EDGE('',*,*,#5326,.T.);
#6894=EDGE_LOOP('',(#6890,#6891,#6892,#6893));
#6895=FACE_OUTER_BOUND('',#6894,.F.);
#6897=CARTESIAN_POINT('',(-2.7E1,0.E0,4.5E1));
#6898=DIRECTION('',(0.E0,1.E0,0.E0));
#6899=DIRECTION('',(1.E0,0.E0,0.E0));
#6900=AXIS2_PLACEMENT_3D('',#6897,#6898,#6899);
#6901=CYLINDRICAL_SURFACE('',#6900,5.E-1);
#6902=ORIENTED_EDGE('',*,*,#4671,.T.);
#6903=ORIENTED_EDGE('',*,*,#4941,.T.);
#6904=ORIENTED_EDGE('',*,*,#5001,.F.);
#6905=ORIENTED_EDGE('',*,*,#5258,.F.);
#6906=EDGE_LOOP('',(#6902,#6903,#6904,#6905));
#6907=FACE_OUTER_BOUND('',#6906,.F.);
#6909=CARTESIAN_POINT('',(2.34E1,0.E0,4.55E1));
#6910=DIRECTION('',(-1.E0,0.E0,0.E0));
#6911=DIRECTION('',(0.E0,0.E0,-1.E0));
#6912=AXIS2_PLACEMENT_3D('',#6909,#6910,#6911);
#6913=PLANE('',#6912);
#6914=ORIENTED_EDGE('',*,*,#5276,.F.);
#6915=ORIENTED_EDGE('',*,*,#5020,.T.);
#6916=ORIENTED_EDGE('',*,*,#5052,.T.);
#6918=ORIENTED_EDGE('',*,*,#6917,.T.);
#6919=EDGE_LOOP('',(#6914,#6915,#6916,#6918));
#6920=FACE_OUTER_BOUND('',#6919,.F.);
#6922=CARTESIAN_POINT('',(2.4E1,0.E0,4.2E1));
#6923=DIRECTION('',(0.E0,1.E0,0.E0));
#6924=DIRECTION('',(-1.E0,0.E0,0.E0));
#6925=AXIS2_PLACEMENT_3D('',#6922,#6923,#6924);
#6926=CYLINDRICAL_SURFACE('',#6925,2.5E0);
#6927=ORIENTED_EDGE('',*,*,#5050,.T.);
#6929=ORIENTED_EDGE('',*,*,#6928,.T.);
#6930=ORIENTED_EDGE('',*,*,#5278,.T.);
#6931=ORIENTED_EDGE('',*,*,#6917,.F.);
#6932=EDGE_LOOP('',(#6927,#6929,#6930,#6931));
#6933=FACE_OUTER_BOUND('',#6932,.F.);
#6935=CARTESIAN_POINT('',(2.4E1,0.E0,4.2E1));
#6936=DIRECTION('',(0.E0,1.E0,0.E0));
#6937=DIRECTION('',(-1.E0,0.E0,0.E0));
#6938=AXIS2_PLACEMENT_3D('',#6935,#6936,#6937);
#6939=CYLINDRICAL_SURFACE('',#6938,2.5E0);
#6941=ORIENTED_EDGE('',*,*,#6940,.T.);
#6942=ORIENTED_EDGE('',*,*,#5345,.T.);
#6944=ORIENTED_EDGE('',*,*,#6943,.F.);
#6945=ORIENTED_EDGE('',*,*,#5042,.F.);
#6946=EDGE_LOOP('',(#6941,#6942,#6944,#6945));
#6947=FACE_OUTER_BOUND('',#6946,.F.);
#6949=CARTESIAN_POINT('',(2.642693221990E1,0.E0,4.14E1));
#6950=DIRECTION('',(0.E0,0.E0,-1.E0));
#6951=DIRECTION('',(1.E0,0.E0,0.E0));
#6952=AXIS2_PLACEMENT_3D('',#6949,#6950,#6951);
#6953=PLANE('',#6952);
#6954=ORIENTED_EDGE('',*,*,#5280,.T.);
#6955=ORIENTED_EDGE('',*,*,#6928,.F.);
#6956=ORIENTED_EDGE('',*,*,#5048,.T.);
#6958=ORIENTED_EDGE('',*,*,#6957,.F.);
#6959=EDGE_LOOP('',(#6954,#6955,#6956,#6958));
#6960=FACE_OUTER_BOUND('',#6959,.F.);
#6962=CARTESIAN_POINT('',(2.75E1,0.E0,4.5E1));
#6963=DIRECTION('',(1.E0,0.E0,0.E0));
#6964=DIRECTION('',(0.E0,0.E0,-1.E0));
#6965=AXIS2_PLACEMENT_3D('',#6962,#6963,#6964);
#6966=PLANE('',#6965);
#6967=ORIENTED_EDGE('',*,*,#5046,.F.);
#6969=ORIENTED_EDGE('',*,*,#6968,.F.);
#6970=ORIENTED_EDGE('',*,*,#5341,.F.);
#6972=ORIENTED_EDGE('',*,*,#6971,.T.);
#6973=ORIENTED_EDGE('',*,*,#4960,.T.);
#6975=ORIENTED_EDGE('',*,*,#6974,.T.);
#6976=ORIENTED_EDGE('',*,*,#5379,.F.);
#6978=ORIENTED_EDGE('',*,*,#6977,.T.);
#6979=ORIENTED_EDGE('',*,*,#5103,.F.);
#6981=ORIENTED_EDGE('',*,*,#6980,.F.);
#6982=ORIENTED_EDGE('',*,*,#5282,.F.);
#6983=ORIENTED_EDGE('',*,*,#6957,.T.);
#6984=EDGE_LOOP('',(#6967,#6969,#6970,#6972,#6973,#6975,#6976,#6978,#6979,#6981,
#6982,#6983));
#6985=FACE_OUTER_BOUND('',#6984,.F.);
#6986=ORIENTED_EDGE('',*,*,#4330,.T.);
#6988=ORIENTED_EDGE('',*,*,#6987,.T.);
#6989=ORIENTED_EDGE('',*,*,#4632,.F.);
#6991=ORIENTED_EDGE('',*,*,#6990,.F.);
#6992=EDGE_LOOP('',(#6986,#6988,#6989,#6991));
#6993=FACE_BOUND('',#6992,.F.);
#6994=ORIENTED_EDGE('',*,*,#4322,.T.);
#6996=ORIENTED_EDGE('',*,*,#6995,.T.);
#6997=ORIENTED_EDGE('',*,*,#4616,.F.);
#6999=ORIENTED_EDGE('',*,*,#6998,.F.);
#7000=EDGE_LOOP('',(#6994,#6996,#6997,#6999));
#7001=FACE_BOUND('',#7000,.F.);
#7003=ORIENTED_EDGE('',*,*,#7002,.T.);
#7005=ORIENTED_EDGE('',*,*,#7004,.T.);
#7007=ORIENTED_EDGE('',*,*,#7006,.T.);
#7009=ORIENTED_EDGE('',*,*,#7008,.T.);
#7010=EDGE_LOOP('',(#7003,#7005,#7007,#7009));
#7011=FACE_BOUND('',#7010,.F.);
#7013=CARTESIAN_POINT('',(2.75E1,0.E0,-3.8E1));
#7014=DIRECTION('',(0.E0,0.E0,-1.E0));
#7015=DIRECTION('',(1.E0,0.E0,0.E0));
#7016=AXIS2_PLACEMENT_3D('',#7013,#7014,#7015);
#7017=PLANE('',#7016);
#7018=ORIENTED_EDGE('',*,*,#6995,.F.);
#7019=ORIENTED_EDGE('',*,*,#4320,.T.);
#7021=ORIENTED_EDGE('',*,*,#7020,.T.);
#7022=ORIENTED_EDGE('',*,*,#4618,.F.);
#7023=EDGE_LOOP('',(#7018,#7019,#7021,#7022));
#7024=FACE_OUTER_BOUND('',#7023,.F.);
#7026=CARTESIAN_POINT('',(2.83E1,0.E0,-4.620004800192E1));
#7027=DIRECTION('',(9.998476951564E-1,-1.745240643728E-2,0.E0));
#7028=DIRECTION('',(0.E0,0.E0,1.E0));
#7029=AXIS2_PLACEMENT_3D('',#7026,#7027,#7028);
#7030=PLANE('',#7029);
#7031=ORIENTED_EDGE('',*,*,#4620,.T.);
#7032=ORIENTED_EDGE('',*,*,#7020,.F.);
#7033=ORIENTED_EDGE('',*,*,#4318,.F.);
#7035=ORIENTED_EDGE('',*,*,#7034,.T.);
#7036=ORIENTED_EDGE('',*,*,#4970,.T.);
#7038=ORIENTED_EDGE('',*,*,#7037,.F.);
#7039=ORIENTED_EDGE('',*,*,#4334,.F.);
#7041=ORIENTED_EDGE('',*,*,#7040,.T.);
#7042=ORIENTED_EDGE('',*,*,#4636,.T.);
#7044=ORIENTED_EDGE('',*,*,#7043,.F.);
#7045=ORIENTED_EDGE('',*,*,#4326,.F.);
#7047=ORIENTED_EDGE('',*,*,#7046,.T.);
#7048=EDGE_LOOP('',(#7031,#7032,#7033,#7035,#7036,#7038,#7039,#7041,#7042,#7044,
#7045,#7047));
#7049=FACE_OUTER_BOUND('',#7048,.F.);
#7051=CARTESIAN_POINT('',(2.7E1,-1.25E0,-4.5E1));
#7052=DIRECTION('',(0.E0,1.E0,0.E0));
#7053=DIRECTION('',(0.E0,0.E0,1.E0));
#7054=AXIS2_PLACEMENT_3D('',#7051,#7052,#7053);
#7055=CONICAL_SURFACE('',#7054,1.278181168840E0,1.E0);
#7056=ORIENTED_EDGE('',*,*,#4316,.F.);
#7057=ORIENTED_EDGE('',*,*,#4446,.T.);
#7058=ORIENTED_EDGE('',*,*,#4972,.T.);
#7059=ORIENTED_EDGE('',*,*,#7034,.F.);
#7060=EDGE_LOOP('',(#7056,#7057,#7058,#7059));
#7061=FACE_OUTER_BOUND('',#7060,.F.);
#7063=CARTESIAN_POINT('',(2.7E1,-1.25E0,4.5E1));
#7064=DIRECTION('',(0.E0,1.E0,0.E0));
#7065=DIRECTION('',(0.E0,0.E0,1.E0));
#7066=AXIS2_PLACEMENT_3D('',#7063,#7064,#7065);
#7067=CONICAL_SURFACE('',#7066,1.278181168840E0,1.E0);
#7068=ORIENTED_EDGE('',*,*,#4336,.F.);
#7069=ORIENTED_EDGE('',*,*,#7037,.T.);
#7070=ORIENTED_EDGE('',*,*,#4968,.T.);
#7071=ORIENTED_EDGE('',*,*,#4803,.F.);
#7072=EDGE_LOOP('',(#7068,#7069,#7070,#7071));
#7073=FACE_OUTER_BOUND('',#7072,.F.);
#7075=CARTESIAN_POINT('',(2.83E1,0.E0,3.8E1));
#7076=DIRECTION('',(0.E0,0.E0,1.E0));
#7077=DIRECTION('',(-1.E0,0.E0,0.E0));
#7078=AXIS2_PLACEMENT_3D('',#7075,#7076,#7077);
#7079=PLANE('',#7078);
#7080=ORIENTED_EDGE('',*,*,#6990,.T.);
#7081=ORIENTED_EDGE('',*,*,#4638,.F.);
#7082=ORIENTED_EDGE('',*,*,#7040,.F.);
#7083=ORIENTED_EDGE('',*,*,#4332,.T.);
#7084=EDGE_LOOP('',(#7080,#7081,#7082,#7083));
#7085=FACE_OUTER_BOUND('',#7084,.F.);
#7087=CARTESIAN_POINT('',(2.75E1,0.E0,3.2E1));
#7088=DIRECTION('',(0.E0,0.E0,-1.E0));
#7089=DIRECTION('',(1.E0,0.E0,0.E0));
#7090=AXIS2_PLACEMENT_3D('',#7087,#7088,#7089);
#7091=PLANE('',#7090);
#7092=ORIENTED_EDGE('',*,*,#6987,.F.);
#7093=ORIENTED_EDGE('',*,*,#4328,.T.);
#7094=ORIENTED_EDGE('',*,*,#7043,.T.);
#7095=ORIENTED_EDGE('',*,*,#4634,.F.);
#7096=EDGE_LOOP('',(#7092,#7093,#7094,#7095));
#7097=FACE_OUTER_BOUND('',#7096,.F.);
#7099=CARTESIAN_POINT('',(2.83E1,0.E0,-3.2E1));
#7100=DIRECTION('',(0.E0,0.E0,1.E0));
#7101=DIRECTION('',(-1.E0,0.E0,0.E0));
#7102=AXIS2_PLACEMENT_3D('',#7099,#7100,#7101);
#7103=PLANE('',#7102);
#7104=ORIENTED_EDGE('',*,*,#6998,.T.);
#7105=ORIENTED_EDGE('',*,*,#4622,.F.);
#7106=ORIENTED_EDGE('',*,*,#7046,.F.);
#7107=ORIENTED_EDGE('',*,*,#4324,.T.);
#7108=EDGE_LOOP('',(#7104,#7105,#7106,#7107));
#7109=FACE_OUTER_BOUND('',#7108,.F.);
#7111=CARTESIAN_POINT('',(2.75E1,0.E0,4.26E1));
#7112=DIRECTION('',(0.E0,0.E0,1.E0));
#7113=DIRECTION('',(-1.E0,0.E0,0.E0));
#7114=AXIS2_PLACEMENT_3D('',#7111,#7112,#7113);
#7115=PLANE('',#7114);
#7116=ORIENTED_EDGE('',*,*,#5343,.F.);
#7117=ORIENTED_EDGE('',*,*,#6968,.T.);
#7118=ORIENTED_EDGE('',*,*,#5044,.T.);
#7119=ORIENTED_EDGE('',*,*,#6943,.T.);
#7120=EDGE_LOOP('',(#7116,#7117,#7118,#7119));
#7121=FACE_OUTER_BOUND('',#7120,.F.);
#7123=CARTESIAN_POINT('',(2.7E1,0.E0,4.5E1));
#7124=DIRECTION('',(0.E0,1.E0,0.E0));
#7125=DIRECTION('',(1.E0,0.E0,0.E0));
#7126=AXIS2_PLACEMENT_3D('',#7123,#7124,#7125);
#7127=CYLINDRICAL_SURFACE('',#7126,5.E-1);
#7128=ORIENTED_EDGE('',*,*,#5012,.T.);
#7129=ORIENTED_EDGE('',*,*,#4962,.T.);
#7130=ORIENTED_EDGE('',*,*,#6971,.F.);
#7131=ORIENTED_EDGE('',*,*,#5339,.F.);
#7132=EDGE_LOOP('',(#7128,#7129,#7130,#7131));
#7133=FACE_OUTER_BOUND('',#7132,.F.);
#7135=CARTESIAN_POINT('',(2.7E1,0.E0,-4.5E1));
#7136=DIRECTION('',(0.E0,1.E0,0.E0));
#7137=DIRECTION('',(1.E0,0.E0,0.E0));
#7138=AXIS2_PLACEMENT_3D('',#7135,#7136,#7137);
#7139=CYLINDRICAL_SURFACE('',#7138,5.E-1);
#7140=ORIENTED_EDGE('',*,*,#6974,.F.);
#7141=ORIENTED_EDGE('',*,*,#4958,.T.);
#7142=ORIENTED_EDGE('',*,*,#4530,.F.);
#7143=ORIENTED_EDGE('',*,*,#5381,.F.);
#7144=EDGE_LOOP('',(#7140,#7141,#7142,#7143));
#7145=FACE_OUTER_BOUND('',#7144,.F.);
#7147=CARTESIAN_POINT('',(2.642693221990E1,0.E0,-4.26E1));
#7148=DIRECTION('',(0.E0,0.E0,-1.E0));
#7149=DIRECTION('',(1.E0,0.E0,0.E0));
#7150=AXIS2_PLACEMENT_3D('',#7147,#7148,#7149);
#7151=PLANE('',#7150);
#7152=ORIENTED_EDGE('',*,*,#5377,.T.);
#7154=ORIENTED_EDGE('',*,*,#7153,.F.);
#7155=ORIENTED_EDGE('',*,*,#5105,.T.);
#7156=ORIENTED_EDGE('',*,*,#6977,.F.);
#7157=EDGE_LOOP('',(#7152,#7154,#7155,#7156));
#7158=FACE_OUTER_BOUND('',#7157,.F.);
#7160=CARTESIAN_POINT('',(2.4E1,0.E0,-4.2E1));
#7161=DIRECTION('',(0.E0,1.E0,0.E0));
#7162=DIRECTION('',(-1.E0,0.E0,0.E0));
#7163=AXIS2_PLACEMENT_3D('',#7160,#7161,#7162);
#7164=CYLINDRICAL_SURFACE('',#7163,2.5E0);
#7166=ORIENTED_EDGE('',*,*,#7165,.F.);
#7167=ORIENTED_EDGE('',*,*,#5107,.F.);
#7168=ORIENTED_EDGE('',*,*,#7153,.T.);
#7169=ORIENTED_EDGE('',*,*,#5375,.T.);
#7170=EDGE_LOOP('',(#7166,#7167,#7168,#7169));
#7171=FACE_OUTER_BOUND('',#7170,.F.);
#7173=CARTESIAN_POINT('',(2.4E1,0.E0,-4.2E1));
#7174=DIRECTION('',(0.E0,1.E0,0.E0));
#7175=DIRECTION('',(-1.E0,0.E0,0.E0));
#7176=AXIS2_PLACEMENT_3D('',#7173,#7174,#7175);
#7177=CYLINDRICAL_SURFACE('',#7176,2.5E0);
#7178=ORIENTED_EDGE('',*,*,#5099,.T.);
#7180=ORIENTED_EDGE('',*,*,#7179,.T.);
#7181=ORIENTED_EDGE('',*,*,#5286,.T.);
#7183=ORIENTED_EDGE('',*,*,#7182,.F.);
#7184=EDGE_LOOP('',(#7178,#7180,#7181,#7183));
#7185=FACE_OUTER_BOUND('',#7184,.F.);
#7187=CARTESIAN_POINT('',(2.46E1,0.E0,-4.55E1));
#7188=DIRECTION('',(1.E0,0.E0,0.E0));
#7189=DIRECTION('',(0.E0,0.E0,1.E0));
#7190=AXIS2_PLACEMENT_3D('',#7187,#7188,#7189);
#7191=PLANE('',#7190);
#7192=ORIENTED_EDGE('',*,*,#5373,.F.);
#7193=ORIENTED_EDGE('',*,*,#4526,.T.);
#7194=ORIENTED_EDGE('',*,*,#5109,.T.);
#7195=ORIENTED_EDGE('',*,*,#7165,.T.);
#7196=EDGE_LOOP('',(#7192,#7193,#7194,#7195));
#7197=FACE_OUTER_BOUND('',#7196,.F.);
#7199=CARTESIAN_POINT('',(2.34E1,0.E0,-4.442693221990E1));
#7200=DIRECTION('',(-1.E0,0.E0,0.E0));
#7201=DIRECTION('',(0.E0,0.E0,-1.E0));
#7202=AXIS2_PLACEMENT_3D('',#7199,#7200,#7201);
#7203=PLANE('',#7202);
#7204=ORIENTED_EDGE('',*,*,#5288,.T.);
#7205=ORIENTED_EDGE('',*,*,#7179,.F.);
#7206=ORIENTED_EDGE('',*,*,#5112,.T.);
#7207=ORIENTED_EDGE('',*,*,#4552,.F.);
#7208=EDGE_LOOP('',(#7204,#7205,#7206,#7207));
#7209=FACE_OUTER_BOUND('',#7208,.F.);
#7211=CARTESIAN_POINT('',(2.75E1,0.E0,-4.14E1));
#7212=DIRECTION('',(0.E0,0.E0,1.E0));
#7213=DIRECTION('',(-1.E0,0.E0,0.E0));
#7214=AXIS2_PLACEMENT_3D('',#7211,#7212,#7213);
#7215=PLANE('',#7214);
#7216=ORIENTED_EDGE('',*,*,#5284,.F.);
#7217=ORIENTED_EDGE('',*,*,#6980,.T.);
#7218=ORIENTED_EDGE('',*,*,#5101,.T.);
#7219=ORIENTED_EDGE('',*,*,#7182,.T.);
#7220=EDGE_LOOP('',(#7216,#7217,#7218,#7219));
#7221=FACE_OUTER_BOUND('',#7220,.F.);
#7223=CARTESIAN_POINT('',(2.75E1,3.4E0,-2.850000224E1));
#7224=DIRECTION('',(0.E0,0.E0,-1.E0));
#7225=DIRECTION('',(0.E0,-1.E0,0.E0));
#7226=AXIS2_PLACEMENT_3D('',#7223,#7224,#7225);
#7227=PLANE('',#7226);
#7228=ORIENTED_EDGE('',*,*,#7002,.F.);
#7230=ORIENTED_EDGE('',*,*,#7229,.T.);
#7232=ORIENTED_EDGE('',*,*,#7231,.T.);
#7234=ORIENTED_EDGE('',*,*,#7233,.F.);
#7235=EDGE_LOOP('',(#7228,#7230,#7232,#7234));
#7236=FACE_OUTER_BOUND('',#7235,.F.);
#7238=CARTESIAN_POINT('',(2.75E1,3.4E0,3.04999979E1));
#7239=DIRECTION('',(0.E0,1.E0,0.E0));
#7240=DIRECTION('',(0.E0,0.E0,-1.E0));
#7241=AXIS2_PLACEMENT_3D('',#7238,#7239,#7240);
#7242=PLANE('',#7241);
#7243=ORIENTED_EDGE('',*,*,#7008,.F.);
#7245=ORIENTED_EDGE('',*,*,#7244,.T.);
#7247=ORIENTED_EDGE('',*,*,#7246,.T.);
#7248=ORIENTED_EDGE('',*,*,#7229,.F.);
#7249=EDGE_LOOP('',(#7243,#7245,#7247,#7248));
#7250=FACE_OUTER_BOUND('',#7249,.F.);
#7252=CARTESIAN_POINT('',(2.75E1,1.E-1,3.04999979E1));
#7253=DIRECTION('',(0.E0,0.E0,1.E0));
#7254=DIRECTION('',(0.E0,1.E0,0.E0));
#7255=AXIS2_PLACEMENT_3D('',#7252,#7253,#7254);
#7256=PLANE('',#7255);
#7257=ORIENTED_EDGE('',*,*,#7006,.F.);
#7259=ORIENTED_EDGE('',*,*,#7258,.T.);
#7261=ORIENTED_EDGE('',*,*,#7260,.T.);
#7262=ORIENTED_EDGE('',*,*,#7244,.F.);
#7263=EDGE_LOOP('',(#7257,#7259,#7261,#7262));
#7264=FACE_OUTER_BOUND('',#7263,.F.);
#7266=CARTESIAN_POINT('',(2.75E1,1.E-1,-2.850000224E1));
#7267=DIRECTION('',(0.E0,-1.E0,0.E0));
#7268=DIRECTION('',(0.E0,0.E0,1.E0));
#7269=AXIS2_PLACEMENT_3D('',#7266,#7267,#7268);
#7270=PLANE('',#7269);
#7271=ORIENTED_EDGE('',*,*,#7004,.F.);
#7272=ORIENTED_EDGE('',*,*,#7233,.T.);
#7274=ORIENTED_EDGE('',*,*,#7273,.T.);
#7275=ORIENTED_EDGE('',*,*,#7258,.F.);
#7276=EDGE_LOOP('',(#7271,#7272,#7274,#7275));
#7277=FACE_OUTER_BOUND('',#7276,.F.);
#7279=CARTESIAN_POINT('',(2.81E1,0.E0,0.E0));
#7280=DIRECTION('',(-1.E0,0.E0,0.E0));
#7281=DIRECTION('',(0.E0,0.E0,1.E0));
#7282=AXIS2_PLACEMENT_3D('',#7279,#7280,#7281);
#7283=PLANE('',#7282);
#7284=ORIENTED_EDGE('',*,*,#7231,.F.);
#7285=ORIENTED_EDGE('',*,*,#7246,.F.);
#7286=ORIENTED_EDGE('',*,*,#7260,.F.);
#7287=ORIENTED_EDGE('',*,*,#7273,.F.);
#7288=EDGE_LOOP('',(#7284,#7285,#7286,#7287));
#7289=FACE_OUTER_BOUND('',#7288,.F.);
#7291=CARTESIAN_POINT('',(2.46E1,0.E0,4.442693221990E1));
#7292=DIRECTION('',(1.E0,0.E0,0.E0));
#7293=DIRECTION('',(0.E0,0.E0,1.E0));
#7294=AXIS2_PLACEMENT_3D('',#7291,#7292,#7293);
#7295=PLANE('',#7294);
#7296=ORIENTED_EDGE('',*,*,#5336,.T.);
#7297=ORIENTED_EDGE('',*,*,#6940,.F.);
#7298=ORIENTED_EDGE('',*,*,#5055,.T.);
#7299=ORIENTED_EDGE('',*,*,#5016,.F.);
#7300=EDGE_LOOP('',(#7296,#7297,#7298,#7299));
#7301=FACE_OUTER_BOUND('',#7300,.F.);
#7303=CARTESIAN_POINT('',(-2.34E1,0.E0,-4.55E1));
#7304=DIRECTION('',(1.E0,0.E0,0.E0));
#7305=DIRECTION('',(0.E0,0.E0,1.E0));
#7306=AXIS2_PLACEMENT_3D('',#7303,#7304,#7305);
#7307=PLANE('',#7306);
#7308=ORIENTED_EDGE('',*,*,#5291,.F.);
#7309=ORIENTED_EDGE('',*,*,#4548,.T.);
#7310=ORIENTED_EDGE('',*,*,#5137,.T.);
#7312=ORIENTED_EDGE('',*,*,#7311,.T.);
#7313=EDGE_LOOP('',(#7308,#7309,#7310,#7312));
#7314=FACE_OUTER_BOUND('',#7313,.F.);
#7316=CARTESIAN_POINT('',(-2.4E1,0.E0,-4.2E1));
#7317=DIRECTION('',(0.E0,1.E0,0.E0));
#7318=DIRECTION('',(-1.E0,0.E0,0.E0));
#7319=AXIS2_PLACEMENT_3D('',#7316,#7317,#7318);
#7320=CYLINDRICAL_SURFACE('',#7319,2.5E0);
#7322=ORIENTED_EDGE('',*,*,#7321,.T.);
#7323=ORIENTED_EDGE('',*,*,#5363,.T.);
#7325=ORIENTED_EDGE('',*,*,#7324,.F.);
#7326=ORIENTED_EDGE('',*,*,#5128,.F.);
#7327=EDGE_LOOP('',(#7322,#7323,#7325,#7326));
#7328=FACE_OUTER_BOUND('',#7327,.F.);
#7330=CARTESIAN_POINT('',(-2.4E1,0.E0,-4.2E1));
#7331=DIRECTION('',(0.E0,1.E0,0.E0));
#7332=DIRECTION('',(-1.E0,0.E0,0.E0));
#7333=AXIS2_PLACEMENT_3D('',#7330,#7331,#7332);
#7334=CYLINDRICAL_SURFACE('',#7333,2.5E0);
#7335=ORIENTED_EDGE('',*,*,#5293,.T.);
#7336=ORIENTED_EDGE('',*,*,#7311,.F.);
#7337=ORIENTED_EDGE('',*,*,#5135,.T.);
#7339=ORIENTED_EDGE('',*,*,#7338,.T.);
#7340=EDGE_LOOP('',(#7335,#7336,#7337,#7339));
#7341=FACE_OUTER_BOUND('',#7340,.F.);
#7343=CARTESIAN_POINT('',(-2.46E1,0.E0,-4.442693221990E1));
#7344=DIRECTION('',(-1.E0,0.E0,0.E0));
#7345=DIRECTION('',(0.E0,0.E0,-1.E0));
#7346=AXIS2_PLACEMENT_3D('',#7343,#7344,#7345);
#7347=PLANE('',#7346);
#7348=ORIENTED_EDGE('',*,*,#5355,.T.);
#7349=ORIENTED_EDGE('',*,*,#7321,.F.);
#7350=ORIENTED_EDGE('',*,*,#5140,.T.);
#7351=ORIENTED_EDGE('',*,*,#4544,.F.);
#7352=EDGE_LOOP('',(#7348,#7349,#7350,#7351));
#7353=FACE_OUTER_BOUND('',#7352,.F.);
#7355=CARTESIAN_POINT('',(-2.75E1,0.E0,-4.26E1));
#7356=DIRECTION('',(0.E0,0.E0,-1.E0));
#7357=DIRECTION('',(1.E0,0.E0,0.E0));
#7358=AXIS2_PLACEMENT_3D('',#7355,#7356,#7357);
#7359=PLANE('',#7358);
#7360=ORIENTED_EDGE('',*,*,#5361,.F.);
#7361=ORIENTED_EDGE('',*,*,#4663,.T.);
#7362=ORIENTED_EDGE('',*,*,#5130,.T.);
#7363=ORIENTED_EDGE('',*,*,#7324,.T.);
#7364=EDGE_LOOP('',(#7360,#7361,#7362,#7363));
#7365=FACE_OUTER_BOUND('',#7364,.F.);
#7367=CARTESIAN_POINT('',(-2.642693221990E1,0.E0,-4.14E1));
#7368=DIRECTION('',(0.E0,0.E0,1.E0));
#7369=DIRECTION('',(-1.E0,0.E0,0.E0));
#7370=AXIS2_PLACEMENT_3D('',#7367,#7368,#7369);
#7371=PLANE('',#7370);
#7372=ORIENTED_EDGE('',*,*,#5295,.T.);
#7373=ORIENTED_EDGE('',*,*,#7338,.F.);
#7374=ORIENTED_EDGE('',*,*,#5133,.T.);
#7375=ORIENTED_EDGE('',*,*,#4683,.F.);
#7376=EDGE_LOOP('',(#7372,#7373,#7374,#7375));
#7377=FACE_OUTER_BOUND('',#7376,.F.);
#7379=CARTESIAN_POINT('',(-2.7E1,0.E0,-4.5E1));
#7380=DIRECTION('',(0.E0,1.E0,0.E0));
#7381=DIRECTION('',(1.E0,0.E0,0.E0));
#7382=AXIS2_PLACEMENT_3D('',#7379,#7380,#7381);
#7383=CYLINDRICAL_SURFACE('',#7382,5.E-1);
#7384=ORIENTED_EDGE('',*,*,#4540,.T.);
#7385=ORIENTED_EDGE('',*,*,#4944,.T.);
#7386=ORIENTED_EDGE('',*,*,#4667,.F.);
#7387=ORIENTED_EDGE('',*,*,#5358,.F.);
#7388=EDGE_LOOP('',(#7384,#7385,#7386,#7387));
#7389=FACE_OUTER_BOUND('',#7388,.F.);
#7391=CARTESIAN_POINT('',(-3.189997224434E0,2.6967556E-1,0.E0));
#7392=DIRECTION('',(0.E0,0.E0,1.E0));
#7393=DIRECTION('',(1.E0,0.E0,0.E0));
#7394=AXIS2_PLACEMENT_3D('',#7391,#7392,#7393);
#7395=CYLINDRICAL_SURFACE('',#7394,1.58E0);
#7397=ORIENTED_EDGE('',*,*,#7396,.T.);
#7399=ORIENTED_EDGE('',*,*,#7398,.F.);
#7400=ORIENTED_EDGE('',*,*,#5005,.T.);
#7401=ORIENTED_EDGE('',*,*,#4817,.T.);
#7402=EDGE_LOOP('',(#7397,#7399,#7400,#7401));
#7403=FACE_OUTER_BOUND('',#7402,.F.);
#7405=CARTESIAN_POINT('',(-3.189997224434E0,2.6967556E-1,4.724999999443E1));
#7406=DIRECTION('',(0.E0,0.E0,1.E0));
#7407=DIRECTION('',(0.E0,-1.E0,0.E0));
#7408=AXIS2_PLACEMENT_3D('',#7405,#7406,#7407);
#7409=CONICAL_SURFACE('',#7408,1.829999994427E0,4.5E1);
#7410=ORIENTED_EDGE('',*,*,#4851,.T.);
#7412=ORIENTED_EDGE('',*,*,#7411,.T.);
#7413=ORIENTED_EDGE('',*,*,#7396,.F.);
#7414=ORIENTED_EDGE('',*,*,#4836,.F.);
#7415=EDGE_LOOP('',(#7410,#7412,#7413,#7414));
#7416=FACE_OUTER_BOUND('',#7415,.F.);
#7418=CARTESIAN_POINT('',(2.775566464774E-6,2.09967556E0,4.725E1));
#7419=DIRECTION('',(0.E0,-7.071067811865E-1,7.071067811865E-1));
#7420=DIRECTION('',(0.E0,-7.071067811865E-1,-7.071067811865E-1));
#7421=AXIS2_PLACEMENT_3D('',#7418,#7419,#7420);
#7422=PLANE('',#7421);
#7423=ORIENTED_EDGE('',*,*,#4849,.T.);
#7424=ORIENTED_EDGE('',*,*,#4874,.T.);
#7426=ORIENTED_EDGE('',*,*,#7425,.F.);
#7427=ORIENTED_EDGE('',*,*,#7411,.F.);
#7428=EDGE_LOOP('',(#7423,#7424,#7426,#7427));
#7429=FACE_OUTER_BOUND('',#7428,.F.);
#7431=CARTESIAN_POINT('',(3.190002775565E0,1.84967556E0,0.E0));
#7432=DIRECTION('',(0.E0,1.E0,0.E0));
#7433=DIRECTION('',(-1.E0,0.E0,0.E0));
#7434=AXIS2_PLACEMENT_3D('',#7431,#7432,#7433);
#7435=PLANE('',#7434);
#7436=ORIENTED_EDGE('',*,*,#7425,.T.);
#7437=ORIENTED_EDGE('',*,*,#4892,.F.);
#7438=ORIENTED_EDGE('',*,*,#5007,.T.);
#7439=ORIENTED_EDGE('',*,*,#7398,.T.);
#7440=EDGE_LOOP('',(#7436,#7437,#7438,#7439));
#7441=FACE_OUTER_BOUND('',#7440,.F.);
#7443=CARTESIAN_POINT('',(-1.024988339536E1,-4.5E0,-4.61E1));
#7444=DIRECTION('',(1.E0,0.E0,0.E0));
#7445=DIRECTION('',(0.E0,0.E0,1.E0));
#7446=AXIS2_PLACEMENT_3D('',#7443,#7444,#7445);
#7447=PLANE('',#7446);
#7448=ORIENTED_EDGE('',*,*,#4955,.T.);
#7449=ORIENTED_EDGE('',*,*,#4442,.F.);
#7450=ORIENTED_EDGE('',*,*,#4358,.T.);
#7451=ORIENTED_EDGE('',*,*,#4481,.T.);
#7452=ORIENTED_EDGE('',*,*,#4500,.T.);
#7453=ORIENTED_EDGE('',*,*,#4534,.F.);
#7454=EDGE_LOOP('',(#7448,#7449,#7450,#7451,#7452,#7453));
#7455=FACE_OUTER_BOUND('',#7454,.F.);
#7457=CARTESIAN_POINT('',(-2.83E1,0.E0,-3.8E1));
#7458=DIRECTION('',(0.E0,0.E0,-1.E0));
#7459=DIRECTION('',(1.E0,0.E0,0.E0));
#7460=AXIS2_PLACEMENT_3D('',#7457,#7458,#7459);
#7461=PLANE('',#7460);
#7462=ORIENTED_EDGE('',*,*,#4699,.T.);
#7463=ORIENTED_EDGE('',*,*,#4590,.F.);
#7464=ORIENTED_EDGE('',*,*,#4738,.F.);
#7465=ORIENTED_EDGE('',*,*,#4374,.T.);
#7466=EDGE_LOOP('',(#7462,#7463,#7464,#7465));
#7467=FACE_OUTER_BOUND('',#7466,.F.);
#7469=CARTESIAN_POINT('',(3.E0,0.E0,-4.63E1));
#7470=DIRECTION('',(1.E0,0.E0,0.E0));
#7471=DIRECTION('',(0.E0,0.E0,1.E0));
#7472=AXIS2_PLACEMENT_3D('',#7469,#7470,#7471);
#7473=PLANE('',#7472);
#7474=ORIENTED_EDGE('',*,*,#4561,.T.);
#7475=ORIENTED_EDGE('',*,*,#4651,.F.);
#7476=ORIENTED_EDGE('',*,*,#4449,.F.);
#7477=ORIENTED_EDGE('',*,*,#4312,.T.);
#7478=EDGE_LOOP('',(#7474,#7475,#7476,#7477));
#7479=FACE_OUTER_BOUND('',#7478,.F.);
#7483=FILL_AREA_STYLE_COLOUR('',#34);
#7484=FILL_AREA_STYLE('',(#7483));
#7485=SURFACE_STYLE_FILL_AREA(#7484);
#7486=SURFACE_SIDE_STYLE('',(#7485));
#7487=SURFACE_STYLE_USAGE(.BOTH.,#7486);
#7488=PRESENTATION_STYLE_ASSIGNMENT((#7487));
#57=STYLED_ITEM('',(#7488),#7482);
#7491=PLANE_ANGLE_MEASURE_WITH_UNIT(PLANE_ANGLE_MEASURE(1.745329251994E-2),
#7490);
#7492=(CONVERSION_BASED_UNIT('DEGREE',#7491)NAMED_UNIT(*)PLANE_ANGLE_UNIT());
#7494=UNCERTAINTY_MEASURE_WITH_UNIT(LENGTH_MEASURE(1.E-2),#7489,
'distance_accuracy_value',
'Maximum model space distance between geometric entities at asserted connectivities');
#7497=MECHANICAL_DESIGN_GEOMETRIC_PRESENTATION_REPRESENTATION('',(#65,#72,#79,
#86,#94,#101,#108,#115,#122,#129,#136,#143,#151,#158,#165,#172,#179,#187,#194,
#202,#209,#216,#223,#230,#237,#244,#251,#259,#266,#273,#280,#287,#295,#302,#310,
#317,#324,#331,#338,#346,#353,#360,#367,#374,#381,#388,#395,#402,#409,#416,#423,
#430,#437,#444,#451,#458,#465,#472,#479,#486,#493,#500,#507,#514,#521,#528,#535,
#542,#549,#556,#563,#570,#577,#584,#591,#598,#605,#612,#619,#626,#633,#640,#647,
#654,#661,#668,#675,#682,#689,#696,#703,#710,#717,#724,#731,#738,#745,#752,#759,
#766,#773,#780,#787,#794,#801,#808,#815,#822,#830,#837,#845,#852,#859,#866,#873,
#880,#888,#895,#902,#909,#916,#924,#931,#939,#946,#953,#960,#968,#975,#983,#990,
#997,#1005,#1012,#1020,#1027,#1034,#1041,#1049,#1056,#1064,#1071,#1078,#1085,
#1092,#1099,#1106,#1114,#1121,#1129,#1136,#1143,#1150,#1157,#1164,#1171,#1178,
#1185,#1193,#1201,#1209,#1217,#1225,#1233,#1241,#1249,#1257,#1264,#1271,#1278,
#1285,#1293,#1300,#1307,#1314,#1321,#1328,#1335,#1343,#1350,#1357,#1365,#1372,
#1379,#1386,#1393,#1400,#1408,#1416,#1424,#1432,#1440,#1448,#1456,#1464,#1472,
#1480,#1488,#1496,#1504,#1512,#1520,#1528,#1536,#1544,#1552,#1560,#1568,#1576,
#1583,#1590,#1598,#1606,#1613,#1621,#1628,#1635,#1643,#1650,#1657,#1665,#1672,
#1679,#1686,#1693,#1700,#1707,#1714,#1721,#1728,#1735,#1742,#1749,#1757,#1764,
#1771,#1779,#1786,#1793,#1801,#1808,#1815,#1823,#1830,#1838,#1845,#1852,#1860,
#1867,#1874,#1881,#1889,#1897,#1905,#1913,#1921,#1929,#1937,#1945,#1953,#1961,
#1969,#1977,#1984,#1991,#1998,#2005,#2012,#2019,#2026,#2033,#2040,#2047,#2054,
#2061,#2068,#2076,#2084,#2092,#2100,#2108,#2116,#2124,#2132,#2140,#2148,#2156,
#2164,#2172,#2179,#2187,#2194,#2202,#2210,#2218,#2226,#2234,#2242,#2250,#2258,
#2266,#2274,#2281,#2289,#2296,#2304,#2311,#2319,#2326,#2334,#2342,#2350,#2357,
#2365,#2372,#2380,#2387,#2395,#2402,#2410,#2418,#2425,#2433,#2440,#2447,#2454,
#2461,#2468,#2476,#2483,#2490,#2500,#2507,#2515,#2523,#2531,#2541,#2549,#2556,
#2563,#2571,#2578,#2585,#2593,#2600,#2607,#2615,#2623,#2631,#2638,#2645,#2653,
#2660,#2668,#2675,#2683,#2690,#2698,#2705,#2713,#2721,#2729,#2737,#2745,#2753,
#2761,#2769,#2777,#2785,#2793,#2801,#2809,#2817,#2824,#2831,#2839,#2846,#2853,
#2860,#2867,#2875,#2882,#2890,#2897,#2904,#2911,#2919,#2926,#2933,#2940,#2948,
#2955,#2962,#2970,#2977,#2984,#2991,#2998,#3006,#3014,#3022,#3030,#3037,#3044,
#3052,#3060,#3068,#3076,#3083,#3091,#3099,#3106,#3113,#3121,#3129,#3136,#3143,
#3150,#3158,#3166,#3174,#3182,#3189,#3196,#3203,#3211,#3218,#3226,#3233,#3240,
#3247,#3254,#3261,#3268,#3275,#3282,#3289,#3296,#3303,#3310,#3317,#3324,#3331,
#3338,#3345,#3352,#3359,#3366,#3373,#3380,#3387,#3394,#3401,#3408,#3415,#3422,
#3429,#3436,#3443,#3450,#3457,#3464,#3471,#3479,#3486,#3494,#3501,#3508,#3515,
#3522,#3529,#3536,#3543,#3550,#3557,#3564,#3571,#3579,#3586,#3594,#3601,#3608,
#3616,#3623,#3630,#3637,#3644,#3651,#3658,#3665,#4518,#57),#7495);
#7498=APPLICATION_CONTEXT('automotive_design');
#7499=APPLICATION_PROTOCOL_DEFINITION('international standard',
'automotive_design',2001,#7498);
#7500=PRODUCT_DEFINITION_CONTEXT('part definition',#7498,'design');
#7501=PRODUCT_CONTEXT('',#7498,'mechanical');
#7502=PRODUCT('I-0526-01_REVX01','I-0526-01_REVX01','NOT SPECIFIED',(#7501));
#7503=PRODUCT_DEFINITION_FORMATION('45','LAST_VERSION',#7502);
#7511=DERIVED_UNIT_ELEMENT(#7510,2.E0);
#7512=DERIVED_UNIT((#7511));
#7513=MEASURE_REPRESENTATION_ITEM('surface area measure',AREA_MEASURE(
2.138832438045E4),#7512);
#7518=DERIVED_UNIT_ELEMENT(#7517,3.E0);
#7519=DERIVED_UNIT((#7518));
#7520=MEASURE_REPRESENTATION_ITEM('volume measure',VOLUME_MEASURE(
1.877253444744E4),#7519);
#7524=CARTESIAN_POINT('centre point',(-9.768098080413E-2,9.135560840585E0,
3.771033431157E-1));
#7529=DERIVED_UNIT_ELEMENT(#7528,2.E0);
#7530=DERIVED_UNIT((#7529));
#7531=MEASURE_REPRESENTATION_ITEM('surface area measure',AREA_MEASURE(
2.138832438045E4),#7530);
#7536=DERIVED_UNIT_ELEMENT(#7535,3.E0);
#7537=DERIVED_UNIT((#7536));
#7538=MEASURE_REPRESENTATION_ITEM('volume measure',VOLUME_MEASURE(
1.877253444744E4),#7537);
#7542=CARTESIAN_POINT('centre point',(-9.768098080413E-2,9.135560840585E0,
3.771033431157E-1));
#7547=PRODUCT_RELATED_PRODUCT_CATEGORY('part','',(#7502));
#1=DRAUGHTING_PRE_DEFINED_COLOUR('black');
#2=COLOUR_RGB('',0.E0,2.352941176471E-1,6.352941176471E-1);
#3=COLOUR_RGB('',0.E0,2.509803921569E-1,5.019607843137E-1);
#4=COLOUR_RGB('',0.E0,4.E-1,8.E-1);
#5=COLOUR_RGB('',0.E0,4.156862745098E-1,6.392156862745E-1);
#6=COLOUR_RGB('',0.E0,5.019607843137E-1,0.E0);
#7=COLOUR_RGB('',0.E0,5.019607843137E-1,5.019607843137E-1);
#8=COLOUR_RGB('',0.E0,8.E-1,8.E-1);
#9=DRAUGHTING_PRE_DEFINED_COLOUR('green');
#10=COLOUR_RGB('',1.1E-2,1.2E-2,1.E0);
#11=COLOUR_RGB('',9.803921568627E-2,9.803921568627E-2,9.803921568627E-2);
#12=COLOUR_RGB('',1.333333333333E-1,5.176470588235E-1,4.078431372549E-1);
#13=COLOUR_RGB('',1.411764705882E-1,4.705882352941E-1,1.960784313725E-1);
#14=COLOUR_RGB('',1.568627450980E-1,1.568627450980E-1,1.568627450980E-1);
#15=COLOUR_RGB('',2.E-1,8.E-1,6.E-1);
#16=COLOUR_RGB('',2.509803921569E-1,2.509803921569E-1,2.509803921569E-1);
#17=COLOUR_RGB('',2.509803921569E-1,5.019607843137E-1,0.E0);
#18=COLOUR_RGB('',3.333333333333E-1,3.333333333333E-1,1.E0);
#19=COLOUR_RGB('',4.E-1,8.E-1,2.E-1);
#20=COLOUR_RGB('',4.E-1,1.E0,6.E-1);
#21=COLOUR_RGB('',4.117647058824E-1,2.039215686275E-1,2.274509803922E-1);
#22=COLOUR_RGB('',4.1E-1,2.61589E-1,1.12848E-1);
#23=COLOUR_RGB('',4.235294117647E-1,4.352941176471E-1,4.352941176471E-1);
#24=COLOUR_RGB('',4.392156862745E-1,2.274509803922E-1,5.921568627451E-1);
#25=COLOUR_RGB('',4.666666666667E-1,4.156862745098E-1,0.E0);
#26=COLOUR_RGB('',5.019607843137E-1,0.E0,5.019607843137E-1);
#27=COLOUR_RGB('',5.019607843137E-1,5.019607843137E-1,5.019607843137E-1);
#28=COLOUR_RGB('',5.04854E-1,1.5455E-2,1.5455E-2);
#29=COLOUR_RGB('',6.E-1,6.E-1,0.E0);
#30=COLOUR_RGB('',6.35294E-1,6.86275E-1,7.4902E-1);
#31=COLOUR_RGB('',6.35294E-1,6.86275E-1,7.4902E-1);
#32=COLOUR_RGB('',6.40777E-1,6.40777E-1,6.40777E-1);
#33=COLOUR_RGB('',6.666666666667E-1,0.E0,1.E0);
#34=COLOUR_RGB('',6.66667E-1,6.66667E-1,6.66667E-1);
#35=COLOUR_RGB('',6.69062E-1,6.69903E-1,6.55217E-1);
#36=COLOUR_RGB('',7.686274509804E-1,7.686274509804E-1,7.686274509804E-1);
#37=COLOUR_RGB('',7.921568627451E-1,8.196078431373E-1,9.333333333333E-1);
#38=COLOUR_RGB('',8.E-1,1.764705882353E-1,2.313725490196E-1);
#39=COLOUR_RGB('',8.313725490196E-1,6.705882352941E-1,1.294117647059E-1);
#40=COLOUR_RGB('',8.549019607843E-1,8.549019607843E-1,8.549019607843E-1);
#41=COLOUR_RGB('',9.019607843137E-1,9.411764705882E-1,9.803921568627E-1);
#42=COLOUR_RGB('',9.098039215686E-1,4.431372549020E-1,3.137254901961E-2);
#43=COLOUR_RGB('',9.21569E-1,7.05882E-1,4.70588E-1);
#44=COLOUR_RGB('',9.372549019608E-1,9.372549019608E-1,6.509803921569E-1);
#45=COLOUR_RGB('',9.411764705882E-1,1.333333333333E-1,9.411764705882E-1);
#46=COLOUR_RGB('',9.490196078431E-1,7.882352941176E-1,3.529411764706E-1);
#47=COLOUR_RGB('',9.960784313725E-1,8.705882352941E-1,7.607843137255E-1);
#48=DRAUGHTING_PRE_DEFINED_COLOUR('red');
#49=DRAUGHTING_PRE_DEFINED_COLOUR('magenta');
#50=COLOUR_RGB('',1.E0,4.117647058824E-1,0.E0);
#51=COLOUR_RGB('',1.E0,8.E-1,0.E0);
#52=COLOUR_RGB('',1.E0,8.E-1,1.E0);
#53=DRAUGHTING_PRE_DEFINED_COLOUR('yellow');
#54=COLOUR_RGB('',1.E0,1.E0,5.3E-1);
#55=COLOUR_RGB('',1.E0,1.E0,9.49E-1);
#56=DRAUGHTING_PRE_DEFINED_COLOUR('white');
#91=CIRCLE('',#90,1.3E0);
#148=CIRCLE('',#147,1.3E0);
#184=CIRCLE('',#183,2.5E0);
#199=CIRCLE('',#198,2.5E0);
#256=CIRCLE('',#255,1.3E0);
#292=CIRCLE('',#291,2.5E0);
#307=CIRCLE('',#306,2.5E0);
#343=CIRCLE('',#342,1.3E0);
#827=CIRCLE('',#826,2.08E0);
#842=CIRCLE('',#841,2.08E0);
#885=CIRCLE('',#884,1.58E0);
#921=CIRCLE('',#920,1.256362337679E0);
#936=CIRCLE('',#935,1.256362337679E0);
#965=CIRCLE('',#964,5.E-1);
#980=CIRCLE('',#979,5.E-1);
#1002=CIRCLE('',#1001,5.E-1);
#1017=CIRCLE('',#1016,5.E-1);
#1046=CIRCLE('',#1045,1.256362337679E0);
#1061=CIRCLE('',#1060,1.256362337679E0);
#1111=CIRCLE('',#1110,1.58E0);
#1126=CIRCLE('',#1125,1.58E0);
#1190=CIRCLE('',#1189,1.3E0);
#1198=CIRCLE('',#1197,1.3E0);
#1206=CIRCLE('',#1205,1.6E0);
#1214=CIRCLE('',#1213,1.6E0);
#1222=CIRCLE('',#1221,1.6E0);
#1230=CIRCLE('',#1229,1.6E0);
#1238=CIRCLE('',#1237,1.6E0);
#1246=CIRCLE('',#1245,1.6E0);
#1254=CIRCLE('',#1253,2.5E0);
#1290=CIRCLE('',#1289,2.5E0);
#1340=CIRCLE('',#1339,2.5E0);
#1362=CIRCLE('',#1361,2.5E0);
#1405=CIRCLE('',#1404,1.3E0);
#1413=CIRCLE('',#1412,1.3E0);
#1421=CIRCLE('',#1420,1.3E0);
#1429=CIRCLE('',#1428,1.3E0);
#1437=CIRCLE('',#1436,1.3E0);
#1445=CIRCLE('',#1444,1.3E0);
#1453=CIRCLE('',#1452,1.3E0);
#1461=CIRCLE('',#1460,1.3E0);
#1469=CIRCLE('',#1468,3.5E0);
#1477=CIRCLE('',#1476,3.5E0);
#1485=CIRCLE('',#1484,3.5E0);
#1493=CIRCLE('',#1492,3.5E0);
#1501=CIRCLE('',#1500,3.5E0);
#1509=CIRCLE('',#1508,3.5E0);
#1517=CIRCLE('',#1516,3.5E0);
#1525=CIRCLE('',#1524,3.5E0);
#1533=CIRCLE('',#1532,9.E-1);
#1541=CIRCLE('',#1540,9.E-1);
#1549=CIRCLE('',#1548,3.5E0);
#1557=CIRCLE('',#1556,3.5E0);
#1565=CIRCLE('',#1564,7.5E0);
#1573=CIRCLE('',#1572,7.5E0);
#1595=CIRCLE('',#1594,4.5E0);
#1603=CIRCLE('',#1602,2.5E0);
#1618=CIRCLE('',#1617,2.5E0);
#1640=CIRCLE('',#1639,5.E-1);
#1662=CIRCLE('',#1661,2.5E0);
#1754=CIRCLE('',#1753,5.E-1);
#1776=CIRCLE('',#1775,2.5E0);
#1798=CIRCLE('',#1797,5.E-1);
#1820=CIRCLE('',#1819,2.5E0);
#1835=CIRCLE('',#1834,2.5E0);
#1857=CIRCLE('',#1856,5.E-1);
#1886=CIRCLE('',#1885,1.6E0);
#1894=CIRCLE('',#1893,1.6E0);
#1902=CIRCLE('',#1901,1.6E0);
#1910=CIRCLE('',#1909,1.6E0);
#1918=CIRCLE('',#1917,1.6E0);
#1926=CIRCLE('',#1925,1.6E0);
#1934=CIRCLE('',#1933,1.3E0);
#1942=CIRCLE('',#1941,1.3E0);
#1950=CIRCLE('',#1949,1.3E0);
#1958=CIRCLE('',#1957,1.3E0);
#1966=CIRCLE('',#1965,1.3E0);
#1974=CIRCLE('',#1973,1.3E0);
#2073=CIRCLE('',#2072,2.5E0);
#2081=CIRCLE('',#2080,2.5E0);
#2089=CIRCLE('',#2088,3.5E0);
#2097=CIRCLE('',#2096,3.5E0);
#2105=CIRCLE('',#2104,3.5E0);
#2113=CIRCLE('',#2112,3.5E0);
#2121=CIRCLE('',#2120,2.5E0);
#2129=CIRCLE('',#2128,2.5E0);
#2137=CIRCLE('',#2136,2.5E0);
#2145=CIRCLE('',#2144,2.5E0);
#2153=CIRCLE('',#2152,3.5E0);
#2161=CIRCLE('',#2160,3.5E0);
#2169=CIRCLE('',#2168,2.5E0);
#2184=CIRCLE('',#2183,1.292893218813E0);
#2199=CIRCLE('',#2198,1.E0);
#2207=CIRCLE('',#2206,5.857864376269E-1);
#2215=CIRCLE('',#2214,5.857864376269E-1);
#2223=CIRCLE('',#2222,5.857864376269E-1);
#2231=CIRCLE('',#2230,5.857864376269E-1);
#2239=CIRCLE('',#2238,5.857864376269E-1);
#2247=CIRCLE('',#2246,5.857864376269E-1);
#2255=CIRCLE('',#2254,1.E0);
#2263=CIRCLE('',#2262,1.E0);
#2271=CIRCLE('',#2270,1.292893218813E0);
#2286=CIRCLE('',#2285,1.292893218813E0);
#2301=CIRCLE('',#2300,2.5E0);
#2316=CIRCLE('',#2315,2.5E0);
#2331=CIRCLE('',#2330,1.E0);
#2339=CIRCLE('',#2338,1.E0);
#2347=CIRCLE('',#2346,1.292893218813E0);
#2362=CIRCLE('',#2361,1.292893218813E0);
#2377=CIRCLE('',#2376,2.5E0);
#2392=CIRCLE('',#2391,2.5E0);
#2407=CIRCLE('',#2406,1.E0);
#2415=CIRCLE('',#2414,1.292893218813E0);
#2430=CIRCLE('',#2429,2.5E0);
#2473=CIRCLE('',#2472,3.5E0);
#2497=B_SPLINE_CURVE_WITH_KNOTS('',3,(#2491,#2492,#2493,#2494,#2495,#2496),
.UNSPECIFIED.,.F.,.F.,(4,1,1,4),(0.E0,3.333333333333E-1,6.666666666667E-1,1.E0),
.UNSPECIFIED.);
#2512=CIRCLE('',#2511,4.E0);
#2520=CIRCLE('',#2519,4.E0);
#2528=CIRCLE('',#2527,4.5E0);
#2538=B_SPLINE_CURVE_WITH_KNOTS('',3,(#2532,#2533,#2534,#2535,#2536,#2537),
.UNSPECIFIED.,.F.,.F.,(4,1,1,4),(0.E0,3.333333333333E-1,6.666666666667E-1,1.E0),
.UNSPECIFIED.);
#2546=CIRCLE('',#2545,2.5E0);
#2568=CIRCLE('',#2567,2.5E0);
#2590=CIRCLE('',#2589,2.5E0);
#2612=CIRCLE('',#2611,4.5E0);
#2620=CIRCLE('',#2619,4.5E0);
#2628=CIRCLE('',#2627,3.5E0);
#2650=CIRCLE('',#2649,1.9E0);
#2665=CIRCLE('',#2664,1.9E0);
#2680=CIRCLE('',#2679,1.9E0);
#2695=CIRCLE('',#2694,1.9E0);
#2710=CIRCLE('',#2709,9.E-1);
#2718=CIRCLE('',#2717,9.E-1);
#2726=CIRCLE('',#2725,4.25E0);
#2734=CIRCLE('',#2733,4.25E0);
#2742=CIRCLE('',#2741,6.25E0);
#2750=CIRCLE('',#2749,6.25E0);
#2758=CIRCLE('',#2757,6.E-1);
#2766=CIRCLE('',#2765,6.E-1);
#2774=CIRCLE('',#2773,6.E-1);
#2782=CIRCLE('',#2781,6.E-1);
#2790=CIRCLE('',#2789,6.E-1);
#2798=CIRCLE('',#2797,6.E-1);
#2806=CIRCLE('',#2805,6.E-1);
#2814=CIRCLE('',#2813,6.E-1);
#2836=CIRCLE('',#2835,2.5E0);
#2872=CIRCLE('',#2871,2.975E0);
#2887=CIRCLE('',#2886,2.5E0);
#2916=CIRCLE('',#2915,2.5E0);
#2945=CIRCLE('',#2944,2.975E0);
#2967=CIRCLE('',#2966,2.5E0);
#3003=CIRCLE('',#3002,4.25E0);
#3011=CIRCLE('',#3010,4.25E0);
#3019=CIRCLE('',#3018,3.5E0);
#3027=CIRCLE('',#3026,3.5E0);
#3049=CIRCLE('',#3048,3.5E0);
#3057=CIRCLE('',#3056,3.5E0);
#3065=CIRCLE('',#3064,2.75E0);
#3073=CIRCLE('',#3072,2.75E0);
#3088=CIRCLE('',#3087,3.5E0);
#3096=CIRCLE('',#3095,3.5E0);
#3118=CIRCLE('',#3117,2.75E0);
#3126=CIRCLE('',#3125,2.75E0);
#3155=CIRCLE('',#3154,7.5E0);
#3163=CIRCLE('',#3162,7.5E0);
#3171=CIRCLE('',#3170,6.25E0);
#3179=CIRCLE('',#3178,6.25E0);
#3208=CIRCLE('',#3207,2.5E0);
#3223=CIRCLE('',#3222,2.5E0);
#3476=CIRCLE('',#3475,2.5E0);
#3491=CIRCLE('',#3490,2.5E0);
#3576=CIRCLE('',#3575,2.5E0);
#3591=CIRCLE('',#3590,2.5E0);
#3613=CIRCLE('',#3612,1.58E0);
#4306=EDGE_CURVE('',#3896,#4282,#61,.T.);
#4308=EDGE_CURVE('',#4272,#4282,#69,.T.);
#4310=EDGE_CURVE('',#4271,#4272,#462,.T.);
#4312=EDGE_CURVE('',#4284,#4271,#76,.T.);
#4314=EDGE_CURVE('',#4284,#3776,#83,.T.);
#4316=EDGE_CURVE('',#3776,#3777,#91,.T.);
#4318=EDGE_CURVE('',#3777,#4114,#98,.T.);
#4320=EDGE_CURVE('',#4088,#4114,#105,.T.);
#4322=EDGE_CURVE('',#4087,#4088,#3251,.T.);
#4324=EDGE_CURVE('',#4116,#4087,#112,.T.);
#4326=EDGE_CURVE('',#4116,#4110,#119,.T.);
#4328=EDGE_CURVE('',#4092,#4110,#126,.T.);
#4330=EDGE_CURVE('',#4091,#4092,#3279,.T.);
#4332=EDGE_CURVE('',#4112,#4091,#133,.T.);
#4334=EDGE_CURVE('',#4112,#3764,#140,.T.);
#4336=EDGE_CURVE('',#3764,#3765,#148,.T.);
#4338=EDGE_CURVE('',#3765,#3865,#155,.T.);
#4340=EDGE_CURVE('',#3927,#3865,#162,.T.);
#4342=EDGE_CURVE('',#3925,#3927,#169,.T.);
#4344=EDGE_CURVE('',#3925,#3680,#176,.T.);
#4346=EDGE_CURVE('',#3680,#3681,#184,.T.);
#4348=EDGE_CURVE('',#3681,#3668,#191,.T.);
#4350=EDGE_CURVE('',#3668,#3669,#199,.T.);
#4352=EDGE_CURVE('',#3669,#3867,#206,.T.);
#4354=EDGE_CURVE('',#3867,#3904,#213,.T.);
#4356=EDGE_CURVE('',#3904,#3905,#434,.T.);
#4358=EDGE_CURVE('',#3896,#3905,#220,.T.);
#4362=ADVANCED_FACE('',(#4361),#4305,.F.);
#4368=EDGE_CURVE('',#4128,#4130,#227,.T.);
#4370=EDGE_CURVE('',#4071,#4130,#234,.T.);
#4372=EDGE_CURVE('',#4071,#4072,#630,.T.);
#4374=EDGE_CURVE('',#4132,#4072,#241,.T.);
#4376=EDGE_CURVE('',#4132,#3772,#248,.T.);
#4378=EDGE_CURVE('',#3772,#3773,#256,.T.);
#4380=EDGE_CURVE('',#3773,#3892,#263,.T.);
#4382=EDGE_CURVE('',#3900,#3892,#270,.T.);
#4384=EDGE_CURVE('',#3900,#3901,#420,.T.);
#4386=EDGE_CURVE('',#3901,#3869,#277,.T.);
#4388=EDGE_CURVE('',#3869,#3672,#284,.T.);
#4390=EDGE_CURVE('',#3672,#3673,#292,.T.);
#4392=EDGE_CURVE('',#3673,#3675,#299,.T.);
#4394=EDGE_CURVE('',#3675,#3677,#307,.T.);
#4396=EDGE_CURVE('',#3677,#3923,#314,.T.);
#4398=EDGE_CURVE('',#3929,#3923,#321,.T.);
#4400=EDGE_CURVE('',#3929,#3863,#328,.T.);
#4402=EDGE_CURVE('',#3863,#3768,#335,.T.);
#4404=EDGE_CURVE('',#3768,#3769,#343,.T.);
#4406=EDGE_CURVE('',#3769,#4126,#350,.T.);
#4408=EDGE_CURVE('',#4075,#4126,#357,.T.);
#4410=EDGE_CURVE('',#4075,#4076,#658,.T.);
#4412=EDGE_CURVE('',#4128,#4076,#364,.T.);
#4416=ADVANCED_FACE('',(#4415),#4367,.F.);
#4422=EDGE_CURVE('',#3892,#3893,#371,.T.);
#4425=EDGE_CURVE('',#3773,#3759,#378,.T.);
#4427=EDGE_CURVE('',#3759,#3893,#913,.T.);
#4431=ADVANCED_FACE('',(#4430),#4421,.T.);
#4437=EDGE_CURVE('',#4279,#4280,#385,.T.);
#4439=EDGE_CURVE('',#4282,#4279,#392,.T.);
#4442=EDGE_CURVE('',#3896,#3897,#399,.T.);
#4444=EDGE_CURVE('',#3897,#3761,#1068,.T.);
#4446=EDGE_CURVE('',#3776,#3761,#3440,.T.);
#4449=EDGE_CURVE('',#4284,#4280,#406,.T.);
#4453=ADVANCED_FACE('',(#4452),#4436,.T.);
#4459=EDGE_CURVE('',#3900,#3876,#427,.T.);
#4463=EDGE_CURVE('',#3893,#3885,#413,.T.);
#4465=EDGE_CURVE('',#3885,#3880,#525,.T.);
#4467=EDGE_CURVE('',#3880,#3876,#455,.T.);
#4471=ADVANCED_FACE('',(#4470),#4458,.F.);
#4479=EDGE_CURVE('',#3876,#3877,#448,.T.);
#4481=EDGE_CURVE('',#3905,#3877,#3662,.T.);
#4484=EDGE_CURVE('',#3904,#3888,#2959,.T.);
#4486=EDGE_CURVE('',#3888,#3889,#2945,.T.);
#4488=EDGE_CURVE('',#3889,#3901,#2930,.T.);
#4492=ADVANCED_FACE('',(#4491),#4476,.F.);
#4498=EDGE_CURVE('',#3880,#3881,#518,.T.);
#4500=EDGE_CURVE('',#3877,#3881,#441,.T.);
#4506=ADVANCED_FACE('',(#4505),#4497,.T.);
#4524=EDGE_CURVE('',#4207,#4208,#490,.T.);
#4526=EDGE_CURVE('',#4195,#4207,#497,.T.);
#4528=EDGE_CURVE('',#3717,#4195,#1864,.T.);
#4530=EDGE_CURVE('',#3717,#3733,#504,.T.);
#4532=EDGE_CURVE('',#3733,#3883,#994,.T.);
#4534=EDGE_CURVE('',#3883,#3881,#511,.T.);
#4538=EDGE_CURVE('',#3885,#3736,#987,.T.);
#4540=EDGE_CURVE('',#3720,#3736,#3605,.T.);
#4542=EDGE_CURVE('',#4175,#3720,#1790,.T.);
#4544=EDGE_CURVE('',#4175,#4212,#532,.T.);
#4546=EDGE_CURVE('',#4211,#4212,#539,.T.);
#4548=EDGE_CURVE('',#4179,#4211,#546,.T.);
#4550=EDGE_CURVE('',#4191,#4179,#1711,.T.);
#4552=EDGE_CURVE('',#4191,#4208,#553,.T.);
#4557=EDGE_CURVE('',#4272,#4276,#469,.T.);
#4559=EDGE_CURVE('',#4275,#4276,#476,.T.);
#4561=EDGE_CURVE('',#4271,#4275,#483,.T.);
#4565=ADVANCED_FACE('',(#4555,#4564),#4523,.F.);
#4574=EDGE_CURVE('',#4276,#4279,#616,.T.);
#4578=ADVANCED_FACE('',(#4577),#4570,.F.);
#4584=EDGE_CURVE('',#4079,#4080,#644,.T.);
#4586=EDGE_CURVE('',#4079,#4119,#560,.T.);
#4588=EDGE_CURVE('',#4119,#4120,#735,.T.);
#4590=EDGE_CURVE('',#4120,#4080,#567,.T.);
#4594=ADVANCED_FACE('',(#4593),#4583,.F.);
#4600=EDGE_CURVE('',#4083,#4084,#672,.T.);
#4602=EDGE_CURVE('',#4083,#4123,#574,.T.);
#4604=EDGE_CURVE('',#4123,#4124,#756,.T.);
#4606=EDGE_CURVE('',#4124,#4084,#581,.T.);
#4610=ADVANCED_FACE('',(#4609),#4599,.F.);
#4616=EDGE_CURVE('',#4095,#4096,#3265,.T.);
#4618=EDGE_CURVE('',#4096,#4104,#588,.T.);
#4620=EDGE_CURVE('',#4103,#4104,#3391,.T.);
#4622=EDGE_CURVE('',#4103,#4095,#595,.T.);
#4626=ADVANCED_FACE('',(#4625),#4615,.F.);
#4632=EDGE_CURVE('',#4099,#4100,#3293,.T.);
#4634=EDGE_CURVE('',#4100,#4108,#602,.T.);
#4636=EDGE_CURVE('',#4107,#4108,#3419,.T.);
#4638=EDGE_CURVE('',#4107,#4099,#609,.T.);
#4642=ADVANCED_FACE('',(#4641),#4631,.F.);
#4651=EDGE_CURVE('',#4280,#4275,#623,.T.);
#4655=ADVANCED_FACE('',(#4654),#4647,.F.);
#4661=EDGE_CURVE('',#4215,#4216,#686,.T.);
#4663=EDGE_CURVE('',#4187,#4215,#693,.T.);
#4665=EDGE_CURVE('',#3721,#4187,#1805,.T.);
#4667=EDGE_CURVE('',#3721,#3737,#700,.T.);
#4669=EDGE_CURVE('',#3737,#3739,#972,.T.);
#4671=EDGE_CURVE('',#3724,#3739,#3200,.T.);
#4673=EDGE_CURVE('',#4151,#3724,#1632,.T.);
#4675=EDGE_CURVE('',#4151,#4220,#707,.T.);
#4677=EDGE_CURVE('',#4219,#4220,#714,.T.);
#4679=EDGE_CURVE('',#4155,#4219,#721,.T.);
#4681=EDGE_CURVE('',#4183,#4155,#1732,.T.);
#4683=EDGE_CURVE('',#4183,#4216,#728,.T.);
#4688=EDGE_CURVE('',#4075,#4083,#665,.T.);
#4691=EDGE_CURVE('',#4076,#4084,#679,.T.);
#4696=EDGE_CURVE('',#4071,#4079,#637,.T.);
#4699=EDGE_CURVE('',#4072,#4080,#651,.T.);
#4703=ADVANCED_FACE('',(#4686,#4694,#4702),#4660,.F.);
#4711=EDGE_CURVE('',#4130,#4119,#742,.T.);
#4716=ADVANCED_FACE('',(#4715),#4708,.F.);
#4725=EDGE_CURVE('',#4128,#4124,#749,.T.);
#4728=EDGE_CURVE('',#4126,#4123,#763,.T.);
#4731=EDGE_CURVE('',#3769,#3755,#770,.T.);
#4733=EDGE_CURVE('',#3755,#3757,#928,.T.);
#4735=EDGE_CURVE('',#3772,#3757,#1075,.T.);
#4738=EDGE_CURVE('',#4132,#4120,#777,.T.);
#4742=ADVANCED_FACE('',(#4741),#4721,.T.);
#4754=ADVANCED_FACE('',(#4753),#4747,.F.);
#4766=ADVANCED_FACE('',(#4765),#4759,.F.);
#4773=EDGE_CURVE('',#3768,#3754,#784,.T.);
#4775=EDGE_CURVE('',#3754,#3755,#936,.T.);
#4780=ADVANCED_FACE('',(#4779),#4771,.T.);
#4786=EDGE_CURVE('',#3859,#3863,#791,.T.);
#4788=EDGE_CURVE('',#3859,#3754,#943,.T.);
#4794=ADVANCED_FACE('',(#4793),#4785,.T.);
#4800=EDGE_CURVE('',#3861,#3865,#798,.T.);
#4803=EDGE_CURVE('',#3765,#3751,#805,.T.);
#4805=EDGE_CURVE('',#3751,#3861,#1038,.T.);
#4809=ADVANCED_FACE('',(#4808),#4799,.T.);
#4815=EDGE_CURVE('',#3929,#3921,#812,.T.);
#4817=EDGE_CURVE('',#3853,#3921,#819,.T.);
#4819=EDGE_CURVE('',#3855,#3853,#1103,.T.);
#4821=EDGE_CURVE('',#3859,#3855,#950,.T.);
#4827=ADVANCED_FACE('',(#4826),#4814,.F.);
#4834=EDGE_CURVE('',#3923,#3919,#849,.T.);
#4836=EDGE_CURVE('',#3919,#3921,#3627,.T.);
#4841=ADVANCED_FACE('',(#4840),#4832,.T.);
#4847=EDGE_CURVE('',#3912,#3913,#827,.T.);
#4849=EDGE_CURVE('',#3915,#3912,#834,.T.);
#4851=EDGE_CURVE('',#3919,#3915,#842,.T.);
#4855=EDGE_CURVE('',#3677,#3705,#856,.T.);
#4857=EDGE_CURVE('',#3705,#3709,#863,.T.);
#4859=EDGE_CURVE('',#3680,#3709,#2974,.T.);
#4862=EDGE_CURVE('',#3913,#3925,#870,.T.);
#4866=ADVANCED_FACE('',(#4865),#4846,.T.);
#4872=EDGE_CURVE('',#3908,#3909,#885,.T.);
#4874=EDGE_CURVE('',#3912,#3908,#877,.T.);
#4877=EDGE_CURVE('',#3913,#3909,#906,.T.);
#4881=ADVANCED_FACE('',(#4880),#4871,.F.);
#4888=EDGE_CURVE('',#3848,#3909,#892,.T.);
#4890=EDGE_CURVE('',#3848,#3849,#1126,.T.);
#4892=EDGE_CURVE('',#3849,#3908,#3648,.T.);
#4896=ADVANCED_FACE('',(#4895),#4886,.F.);
#4902=EDGE_CURVE('',#3909,#3927,#899,.T.);
#4906=EDGE_CURVE('',#3861,#3857,#1031,.T.);
#4908=EDGE_CURVE('',#3857,#3848,#1133,.T.);
#4913=ADVANCED_FACE('',(#4912),#4901,.F.);
#4925=ADVANCED_FACE('',(#4924),#4918,.T.);
#4933=EDGE_CURVE('',#3757,#3759,#921,.T.);
#4939=EDGE_CURVE('',#3741,#3855,#957,.T.);
#4941=EDGE_CURVE('',#3739,#3741,#965,.T.);
#4944=EDGE_CURVE('',#3736,#3737,#980,.T.);
#4949=ADVANCED_FACE('',(#4948),#4930,.T.);
#4955=EDGE_CURVE('',#3883,#3897,#3655,.T.);
#4958=EDGE_CURVE('',#3732,#3733,#1002,.T.);
#4960=EDGE_CURVE('',#3745,#3732,#1009,.T.);
#4962=EDGE_CURVE('',#3744,#3745,#1017,.T.);
#4964=EDGE_CURVE('',#3857,#3744,#1024,.T.);
#4968=EDGE_CURVE('',#3749,#3751,#1046,.T.);
#4970=EDGE_CURVE('',#3748,#3749,#1053,.T.);
#4972=EDGE_CURVE('',#3761,#3748,#1061,.T.);
#4977=ADVANCED_FACE('',(#4976),#4954,.T.);
#4989=ADVANCED_FACE('',(#4988),#4982,.T.);
#4995=EDGE_CURVE('',#4223,#4224,#1082,.T.);
#4997=EDGE_CURVE('',#4147,#4223,#1089,.T.);
#4999=EDGE_CURVE('',#3725,#4147,#1647,.T.);
#5001=EDGE_CURVE('',#3725,#3741,#1096,.T.);
#5005=EDGE_CURVE('',#3851,#3853,#1111,.T.);
#5007=EDGE_CURVE('',#3849,#3851,#1118,.T.);
#5012=EDGE_CURVE('',#3728,#3744,#3454,.T.);
#5014=EDGE_CURVE('',#4159,#3728,#1746,.T.);
#5016=EDGE_CURVE('',#4159,#4228,#1140,.T.);
#5018=EDGE_CURVE('',#4227,#4228,#1147,.T.);
#5020=EDGE_CURVE('',#4163,#4227,#1154,.T.);
#5022=EDGE_CURVE('',#4003,#4163,#1669,.T.);
#5024=EDGE_CURVE('',#4003,#4001,#1161,.T.);
#5026=EDGE_CURVE('',#4000,#4001,#1168,.T.);
#5028=EDGE_CURVE('',#3996,#4000,#1175,.T.);
#5030=EDGE_CURVE('',#4143,#3996,#1587,.T.);
#5032=EDGE_CURVE('',#4143,#4224,#1182,.T.);
#5036=ADVANCED_FACE('',(#5035),#4994,.F.);
#5042=EDGE_CURVE('',#4240,#4242,#1254,.T.);
#5044=EDGE_CURVE('',#4231,#4242,#1261,.T.);
#5046=EDGE_CURVE('',#4231,#4232,#3307,.T.);
#5048=EDGE_CURVE('',#4244,#4232,#1268,.T.);
#5050=EDGE_CURVE('',#4238,#4244,#3208,.T.);
#5052=EDGE_CURVE('',#4227,#4238,#1275,.T.);
#5055=EDGE_CURVE('',#4240,#4228,#1282,.T.);
#5059=EDGE_CURVE('',#3828,#3829,#1222,.T.);
#5061=EDGE_CURVE('',#3829,#3828,#1230,.T.);
#5065=ADVANCED_FACE('',(#5058,#5064),#5041,.F.);
#5071=EDGE_CURVE('',#4250,#4248,#1290,.T.);
#5073=EDGE_CURVE('',#4223,#4248,#1297,.T.);
#5076=EDGE_CURVE('',#4246,#4224,#1304,.T.);
#5078=EDGE_CURVE('',#4252,#4246,#2568,.T.);
#5080=EDGE_CURVE('',#4219,#4252,#1311,.T.);
#5083=EDGE_CURVE('',#4250,#4220,#1318,.T.);
#5087=EDGE_CURVE('',#3832,#3833,#1238,.T.);
#5089=EDGE_CURVE('',#3833,#3832,#1246,.T.);
#5093=ADVANCED_FACE('',(#5086,#5092),#5070,.F.);
#5099=EDGE_CURVE('',#4254,#4256,#3476,.T.);
#5101=EDGE_CURVE('',#4235,#4254,#1325,.T.);
#5103=EDGE_CURVE('',#4235,#4236,#3342,.T.);
#5105=EDGE_CURVE('',#4260,#4236,#1332,.T.);
#5107=EDGE_CURVE('',#4260,#4258,#1340,.T.);
#5109=EDGE_CURVE('',#4207,#4258,#1347,.T.);
#5112=EDGE_CURVE('',#4256,#4208,#1354,.T.);
#5116=EDGE_CURVE('',#3780,#3781,#1190,.T.);
#5118=EDGE_CURVE('',#3781,#3780,#1198,.T.);
#5122=ADVANCED_FACE('',(#5115,#5121),#5098,.F.);
#5128=EDGE_CURVE('',#4266,#4268,#1362,.T.);
#5130=EDGE_CURVE('',#4215,#4268,#1369,.T.);
#5133=EDGE_CURVE('',#4262,#4216,#1376,.T.);
#5135=EDGE_CURVE('',#4264,#4262,#3591,.T.);
#5137=EDGE_CURVE('',#4211,#4264,#1383,.T.);
#5140=EDGE_CURVE('',#4266,#4212,#1390,.T.);
#5144=EDGE_CURVE('',#3824,#3825,#1206,.T.);
#5146=EDGE_CURVE('',#3825,#3824,#1214,.T.);
#5150=ADVANCED_FACE('',(#5143,#5149),#5127,.F.);
#5156=EDGE_CURVE('',#3792,#3793,#1437,.T.);
#5158=EDGE_CURVE('',#3781,#3792,#2051,.T.);
#5161=EDGE_CURVE('',#3780,#3793,#1397,.T.);
#5165=ADVANCED_FACE('',(#5164),#5155,.F.);
#5171=EDGE_CURVE('',#3784,#3785,#1405,.T.);
#5173=EDGE_CURVE('',#3785,#3784,#1413,.T.);
#5177=ADVANCED_FACE('',(#5176),#5170,.F.);
#5183=EDGE_CURVE('',#3788,#3789,#1421,.T.);
#5185=EDGE_CURVE('',#3789,#3788,#1429,.T.);
#5189=ADVANCED_FACE('',(#5188),#5182,.F.);
#5196=EDGE_CURVE('',#3793,#3792,#1445,.T.);
#5200=ADVANCED_FACE('',(#5199),#5194,.F.);
#5206=EDGE_CURVE('',#3796,#3797,#1453,.T.);
#5208=EDGE_CURVE('',#3797,#3796,#1461,.T.);
#5212=ADVANCED_FACE('',(#5211),#5205,.F.);
#5218=EDGE_CURVE('',#3992,#3993,#1517,.T.);
#5220=EDGE_CURVE('',#3993,#3992,#1525,.T.);
#5224=EDGE_CURVE('',#4016,#4017,#1533,.T.);
#5226=EDGE_CURVE('',#4017,#4016,#1541,.T.);
#5230=ADVANCED_FACE('',(#5223,#5229),#5217,.F.);
#5236=EDGE_CURVE('',#4143,#4144,#1580,.T.);
#5239=EDGE_CURVE('',#3996,#3997,#1595,.T.);
#5241=EDGE_CURVE('',#4144,#3997,#1603,.T.);
#5245=ADVANCED_FACE('',(#5244),#5235,.F.);
#5251=EDGE_CURVE('',#4147,#4148,#1610,.T.);
#5253=EDGE_CURVE('',#4152,#4148,#1618,.T.);
#5255=EDGE_CURVE('',#4151,#4152,#1625,.T.);
#5258=EDGE_CURVE('',#3724,#3725,#1640,.T.);
#5263=ADVANCED_FACE('',(#5262),#5250,.F.);
#5269=EDGE_CURVE('',#4155,#4156,#1654,.T.);
#5271=EDGE_CURVE('',#4009,#4156,#1662,.T.);
#5273=EDGE_CURVE('',#4003,#4009,#2612,.T.);
#5276=EDGE_CURVE('',#4163,#4164,#1676,.T.);
#5278=EDGE_CURVE('',#4168,#4164,#3223,.T.);
#5280=EDGE_CURVE('',#4167,#4168,#1683,.T.);
#5282=EDGE_CURVE('',#4167,#4203,#1690,.T.);
#5284=EDGE_CURVE('',#4203,#4204,#1697,.T.);
#5286=EDGE_CURVE('',#4192,#4204,#3491,.T.);
#5288=EDGE_CURVE('',#4191,#4192,#1704,.T.);
#5291=EDGE_CURVE('',#4179,#4180,#1718,.T.);
#5293=EDGE_CURVE('',#4184,#4180,#3576,.T.);
#5295=EDGE_CURVE('',#4183,#4184,#1725,.T.);
#5300=EDGE_CURVE('',#3844,#3845,#1469,.T.);
#5302=EDGE_CURVE('',#3845,#3844,#1477,.T.);
#5306=EDGE_CURVE('',#3948,#3949,#1485,.T.);
#5308=EDGE_CURVE('',#3949,#3948,#1493,.T.);
#5312=EDGE_CURVE('',#3952,#3953,#1501,.T.);
#5314=EDGE_CURVE('',#3953,#3952,#1509,.T.);
#5318=EDGE_CURVE('',#4055,#4056,#1549,.T.);
#5320=EDGE_CURVE('',#4056,#4055,#1557,.T.);
#5324=EDGE_CURVE('',#4066,#4068,#1565,.T.);
#5326=EDGE_CURVE('',#4068,#4066,#1573,.T.);
#5330=ADVANCED_FACE('',(#5299,#5305,#5311,#5317,#5323,#5329),#5268,.F.);
#5336=EDGE_CURVE('',#4159,#4160,#1739,.T.);
#5339=EDGE_CURVE('',#3728,#3729,#1754,.T.);
#5341=EDGE_CURVE('',#3729,#4171,#1761,.T.);
#5343=EDGE_CURVE('',#4171,#4172,#1768,.T.);
#5345=EDGE_CURVE('',#4160,#4172,#1776,.T.);
#5349=ADVANCED_FACE('',(#5348),#5335,.F.);
#5355=EDGE_CURVE('',#4175,#4176,#1783,.T.);
#5358=EDGE_CURVE('',#3720,#3721,#1798,.T.);
#5361=EDGE_CURVE('',#4187,#4188,#1812,.T.);
#5363=EDGE_CURVE('',#4176,#4188,#1820,.T.);
#5367=ADVANCED_FACE('',(#5366),#5354,.F.);
#5373=EDGE_CURVE('',#4195,#4196,#1827,.T.);
#5375=EDGE_CURVE('',#4200,#4196,#1835,.T.);
#5377=EDGE_CURVE('',#4199,#4200,#1842,.T.);
#5379=EDGE_CURVE('',#4199,#3716,#1849,.T.);
#5381=EDGE_CURVE('',#3716,#3717,#1857,.T.);
#5386=ADVANCED_FACE('',(#5385),#5372,.F.);
#5392=EDGE_CURVE('',#3816,#3784,#1878,.T.);
#5394=EDGE_CURVE('',#3816,#3817,#1950,.T.);
#5396=EDGE_CURVE('',#3785,#3817,#1871,.T.);
#5401=ADVANCED_FACE('',(#5400),#5391,.F.);
#5408=EDGE_CURVE('',#3817,#3816,#1958,.T.);
#5414=ADVANCED_FACE('',(#5413),#5406,.F.);
#5420=EDGE_CURVE('',#3800,#3801,#1886,.T.);
#5422=EDGE_CURVE('',#3801,#3800,#1894,.T.);
#5426=EDGE_CURVE('',#3820,#3821,#1966,.T.);
#5428=EDGE_CURVE('',#3821,#3820,#1974,.T.);
#5432=ADVANCED_FACE('',(#5425,#5431),#5419,.T.);
#5438=EDGE_CURVE('',#3804,#3805,#1902,.T.);
#5440=EDGE_CURVE('',#3805,#3804,#1910,.T.);
#5448=ADVANCED_FACE('',(#5443,#5447),#5437,.T.);
#5454=EDGE_CURVE('',#3808,#3809,#1918,.T.);
#5456=EDGE_CURVE('',#3809,#3808,#1926,.T.);
#5460=EDGE_CURVE('',#3812,#3813,#1934,.T.);
#5462=EDGE_CURVE('',#3813,#3812,#1942,.T.);
#5466=ADVANCED_FACE('',(#5459,#5465),#5453,.T.);
#5473=EDGE_CURVE('',#3824,#3800,#1981,.T.);
#5476=EDGE_CURVE('',#3825,#3801,#1988,.T.);
#5480=ADVANCED_FACE('',(#5479),#5471,.T.);
#5492=ADVANCED_FACE('',(#5491),#5485,.T.);
#5499=EDGE_CURVE('',#3828,#3804,#1995,.T.);
#5502=EDGE_CURVE('',#3829,#3805,#2002,.T.);
#5506=ADVANCED_FACE('',(#5505),#5497,.T.);
#5518=ADVANCED_FACE('',(#5517),#5511,.T.);
#5525=EDGE_CURVE('',#3832,#3808,#2009,.T.);
#5528=EDGE_CURVE('',#3833,#3809,#2016,.T.);
#5532=ADVANCED_FACE('',(#5531),#5523,.T.);
#5544=ADVANCED_FACE('',(#5543),#5537,.T.);
#5550=EDGE_CURVE('',#3812,#3788,#2030,.T.);
#5553=EDGE_CURVE('',#3789,#3813,#2023,.T.);
#5558=ADVANCED_FACE('',(#5557),#5549,.F.);
#5570=ADVANCED_FACE('',(#5569),#5563,.F.);
#5576=EDGE_CURVE('',#3820,#3796,#2044,.T.);
#5579=EDGE_CURVE('',#3797,#3821,#2037,.T.);
#5584=ADVANCED_FACE('',(#5583),#5575,.F.);
#5596=ADVANCED_FACE('',(#5595),#5589,.F.);
#5608=ADVANCED_FACE('',(#5607),#5601,.F.);
#5615=EDGE_CURVE('',#3844,#3840,#2058,.T.);
#5617=EDGE_CURVE('',#3840,#3841,#2089,.T.);
#5619=EDGE_CURVE('',#3845,#3841,#2065,.T.);
#5623=ADVANCED_FACE('',(#5622),#5613,.T.);
#5631=EDGE_CURVE('',#3841,#3840,#2097,.T.);
#5636=ADVANCED_FACE('',(#5635),#5628,.T.);
#5646=EDGE_CURVE('',#3836,#3837,#2073,.T.);
#5648=EDGE_CURVE('',#3837,#3836,#2081,.T.);
#5652=ADVANCED_FACE('',(#5645,#5651),#5641,.T.);
#5658=EDGE_CURVE('',#3932,#3933,#2105,.T.);
#5660=EDGE_CURVE('',#3933,#3932,#2113,.T.);
#5664=EDGE_CURVE('',#3936,#3937,#2121,.T.);
#5666=EDGE_CURVE('',#3937,#3936,#2129,.T.);
#5670=ADVANCED_FACE('',(#5663,#5669),#5657,.T.);
#5676=EDGE_CURVE('',#3944,#3945,#2153,.T.);
#5678=EDGE_CURVE('',#3945,#3944,#2161,.T.);
#5682=EDGE_CURVE('',#3940,#3941,#2137,.T.);
#5684=EDGE_CURVE('',#3941,#3940,#2145,.T.);
#5688=ADVANCED_FACE('',(#5681,#5687),#5675,.T.);
#5694=EDGE_CURVE('',#3960,#3961,#2169,.T.);
#5696=EDGE_CURVE('',#3960,#3836,#2176,.T.);
#5699=EDGE_CURVE('',#3961,#3837,#2437,.T.);
#5703=ADVANCED_FACE('',(#5702),#5693,.F.);
#5709=EDGE_CURVE('',#3988,#3989,#2184,.T.);
#5711=EDGE_CURVE('',#3960,#3988,#2191,.T.);
#5714=EDGE_CURVE('',#3961,#3989,#2422,.T.);
#5718=ADVANCED_FACE('',(#5717),#5708,.F.);
#5748=EDGE_CURVE('',#3984,#3985,#2239,.T.);
#5750=EDGE_CURVE('',#3984,#3988,#2199,.T.);
#5753=EDGE_CURVE('',#3985,#3989,#2407,.T.);
#5757=ADVANCED_FACE('',(#5756),#5747,.F.);
#5763=EDGE_CURVE('',#3968,#3969,#2207,.T.);
#5765=EDGE_CURVE('',#3969,#3968,#2215,.T.);
#5769=ADVANCED_FACE('',(#5768),#5762,.T.);
#5775=EDGE_CURVE('',#3976,#3977,#2223,.T.);
#5777=EDGE_CURVE('',#3977,#3976,#2231,.T.);
#5781=ADVANCED_FACE('',(#5780),#5774,.T.);
#5788=EDGE_CURVE('',#3985,#3984,#2247,.T.);
#5792=ADVANCED_FACE('',(#5791),#5786,.T.);
#5823=EDGE_CURVE('',#3968,#3972,#2255,.T.);
#5825=EDGE_CURVE('',#3972,#3973,#2286,.T.);
#5827=EDGE_CURVE('',#3969,#3973,#2263,.T.);
#5831=ADVANCED_FACE('',(#5830),#5821,.F.);
#5863=EDGE_CURVE('',#3973,#3972,#2271,.T.);
#5868=ADVANCED_FACE('',(#5867),#5860,.F.);
#5875=EDGE_CURVE('',#3965,#3973,#2278,.T.);
#5877=EDGE_CURVE('',#3965,#3964,#2316,.T.);
#5879=EDGE_CURVE('',#3964,#3972,#2293,.T.);
#5883=ADVANCED_FACE('',(#5882),#5873,.F.);
#5891=EDGE_CURVE('',#3964,#3965,#2301,.T.);
#5896=ADVANCED_FACE('',(#5895),#5888,.F.);
#5903=EDGE_CURVE('',#3964,#3940,#2308,.T.);
#5906=EDGE_CURVE('',#3965,#3941,#2323,.T.);
#5910=ADVANCED_FACE('',(#5909),#5901,.F.);
#5922=ADVANCED_FACE('',(#5921),#5915,.F.);
#5953=EDGE_CURVE('',#3976,#3980,#2331,.T.);
#5955=EDGE_CURVE('',#3980,#3981,#2362,.T.);
#5957=EDGE_CURVE('',#3977,#3981,#2339,.T.);
#5961=ADVANCED_FACE('',(#5960),#5951,.F.);
#5993=EDGE_CURVE('',#3981,#3980,#2347,.T.);
#5998=ADVANCED_FACE('',(#5997),#5990,.F.);
#6005=EDGE_CURVE('',#3957,#3981,#2354,.T.);
#6007=EDGE_CURVE('',#3957,#3956,#2392,.T.);
#6009=EDGE_CURVE('',#3956,#3980,#2369,.T.);
#6013=ADVANCED_FACE('',(#6012),#6003,.F.);
#6021=EDGE_CURVE('',#3956,#3957,#2377,.T.);
#6026=ADVANCED_FACE('',(#6025),#6018,.F.);
#6033=EDGE_CURVE('',#3956,#3936,#2384,.T.);
#6036=EDGE_CURVE('',#3957,#3937,#2399,.T.);
#6040=ADVANCED_FACE('',(#6039),#6031,.F.);
#6052=ADVANCED_FACE('',(#6051),#6045,.F.);
#6084=EDGE_CURVE('',#3989,#3988,#2415,.T.);
#6089=ADVANCED_FACE('',(#6088),#6081,.F.);
#6097=EDGE_CURVE('',#3961,#3960,#2430,.T.);
#6102=ADVANCED_FACE('',(#6101),#6094,.F.);
#6114=ADVANCED_FACE('',(#6113),#6107,.F.);
#6121=EDGE_CURVE('',#3948,#3932,#2444,.T.);
#6124=EDGE_CURVE('',#3949,#3933,#2451,.T.);
#6128=ADVANCED_FACE('',(#6127),#6119,.T.);
#6140=ADVANCED_FACE('',(#6139),#6133,.T.);
#6147=EDGE_CURVE('',#3952,#3944,#2458,.T.);
#6150=EDGE_CURVE('',#3953,#3945,#2465,.T.);
#6154=ADVANCED_FACE('',(#6153),#6145,.T.);
#6166=ADVANCED_FACE('',(#6165),#6159,.T.);
#6172=EDGE_CURVE('',#4020,#4021,#2473,.T.);
#6174=EDGE_CURVE('',#3992,#4021,#2635,.T.);
#6177=EDGE_CURVE('',#3993,#4020,#2480,.T.);
#6181=ADVANCED_FACE('',(#6180),#6171,.F.);
#6188=EDGE_CURVE('',#4024,#4020,#2487,.T.);
#6190=EDGE_CURVE('',#4024,#4025,#2512,.T.);
#6192=EDGE_CURVE('',#4028,#4025,#2497,.T.);
#6194=EDGE_CURVE('',#4028,#4021,#2504,.T.);
#6198=ADVANCED_FACE('',(#6197),#6186,.F.);
#6204=EDGE_CURVE('',#4027,#4024,#2520,.T.);
#6207=EDGE_CURVE('',#4021,#4020,#2628,.T.);
#6210=EDGE_CURVE('',#4027,#4028,#2538,.T.);
#6214=ADVANCED_FACE('',(#6213),#6203,.F.);
#6222=EDGE_CURVE('',#4005,#4027,#2590,.T.);
#6224=EDGE_CURVE('',#4000,#4005,#2528,.T.);
#6227=EDGE_CURVE('',#4008,#4001,#2620,.T.);
#6229=EDGE_CURVE('',#4025,#4008,#2546,.T.);
#6233=ADVANCED_FACE('',(#6232),#6219,.T.);
#6242=EDGE_CURVE('',#4008,#4009,#2553,.T.);
#6245=EDGE_CURVE('',#4252,#4156,#2560,.T.);
#6248=EDGE_CURVE('',#4246,#4144,#2575,.T.);
#6251=EDGE_CURVE('',#4005,#3997,#2582,.T.);
#6256=ADVANCED_FACE('',(#6255),#6238,.T.);
#6262=EDGE_CURVE('',#4248,#4148,#2597,.T.);
#6265=EDGE_CURVE('',#4250,#4152,#2604,.T.);
#6270=ADVANCED_FACE('',(#6269),#6261,.T.);
#6282=ADVANCED_FACE('',(#6281),#6275,.T.);
#6294=ADVANCED_FACE('',(#6293),#6287,.T.);
#6306=ADVANCED_FACE('',(#6305),#6299,.T.);
#6318=ADVANCED_FACE('',(#6317),#6311,.T.);
#6330=ADVANCED_FACE('',(#6329),#6323,.T.);
#6342=ADVANCED_FACE('',(#6341),#6335,.T.);
#6354=ADVANCED_FACE('',(#6353),#6347,.F.);
#6360=EDGE_CURVE('',#4012,#4013,#2710,.T.);
#6362=EDGE_CURVE('',#4012,#4016,#2642,.T.);
#6365=EDGE_CURVE('',#4013,#4017,#2981,.T.);
#6369=ADVANCED_FACE('',(#6368),#6359,.F.);
#6375=EDGE_CURVE('',#3684,#3685,#2650,.T.);
#6377=EDGE_CURVE('',#3711,#3684,#2657,.T.);
#6379=EDGE_CURVE('',#3707,#3711,#2665,.T.);
#6381=EDGE_CURVE('',#3703,#3707,#2672,.T.);
#6383=EDGE_CURVE('',#3699,#3703,#2680,.T.);
#6385=EDGE_CURVE('',#3695,#3699,#2687,.T.);
#6387=EDGE_CURVE('',#3691,#3695,#2695,.T.);
#6389=EDGE_CURVE('',#3685,#3691,#2702,.T.);
#6394=EDGE_CURVE('',#4013,#4012,#2718,.T.);
#6398=EDGE_CURVE('',#4035,#4036,#2726,.T.);
#6400=EDGE_CURVE('',#4036,#4035,#2734,.T.);
#6404=EDGE_CURVE('',#4135,#4136,#2742,.T.);
#6406=EDGE_CURVE('',#4136,#4135,#2750,.T.);
#6410=ADVANCED_FACE('',(#6392,#6397,#6403,#6409),#6374,.T.);
#6417=EDGE_CURVE('',#3685,#3689,#2766,.T.);
#6419=EDGE_CURVE('',#3688,#3689,#2836,.T.);
#6421=EDGE_CURVE('',#3684,#3688,#2758,.T.);
#6425=ADVANCED_FACE('',(#6424),#6415,.T.);
#6432=EDGE_CURVE('',#3691,#3693,#2774,.T.);
#6434=EDGE_CURVE('',#3689,#3693,#2857,.T.);
#6439=ADVANCED_FACE('',(#6438),#6430,.T.);
#6446=EDGE_CURVE('',#3695,#3697,#2782,.T.);
#6448=EDGE_CURVE('',#3693,#3697,#2887,.T.);
#6453=ADVANCED_FACE('',(#6452),#6444,.T.);
#6460=EDGE_CURVE('',#3699,#3701,#2790,.T.);
#6462=EDGE_CURVE('',#3697,#3701,#2901,.T.);
#6467=ADVANCED_FACE('',(#6466),#6458,.T.);
#6474=EDGE_CURVE('',#3703,#3705,#2798,.T.);
#6476=EDGE_CURVE('',#3701,#3705,#2916,.T.);
#6481=ADVANCED_FACE('',(#6480),#6472,.T.);
#6488=EDGE_CURVE('',#3707,#3709,#2806,.T.);
#6494=ADVANCED_FACE('',(#6493),#6486,.T.);
#6501=EDGE_CURVE('',#3711,#3713,#2814,.T.);
#6503=EDGE_CURVE('',#3709,#3713,#2967,.T.);
#6508=ADVANCED_FACE('',(#6507),#6499,.T.);
#6516=EDGE_CURVE('',#3713,#3688,#2821,.T.);
#6521=ADVANCED_FACE('',(#6520),#6513,.T.);
#6528=EDGE_CURVE('',#3668,#3688,#2843,.T.);
#6531=EDGE_CURVE('',#3681,#3713,#2828,.T.);
#6535=ADVANCED_FACE('',(#6534),#6526,.T.);
#6542=EDGE_CURVE('',#3669,#3689,#2850,.T.);
#6548=ADVANCED_FACE('',(#6547),#6540,.T.);
#6557=EDGE_CURVE('',#3672,#3693,#2894,.T.);
#6560=EDGE_CURVE('',#3869,#3873,#2864,.T.);
#6562=EDGE_CURVE('',#3872,#3873,#2872,.T.);
#6564=EDGE_CURVE('',#3867,#3872,#2879,.T.);
#6568=ADVANCED_FACE('',(#6567),#6553,.T.);
#6575=EDGE_CURVE('',#3673,#3697,#2908,.T.);
#6581=ADVANCED_FACE('',(#6580),#6573,.T.);
#6588=EDGE_CURVE('',#3675,#3701,#2923,.T.);
#6594=ADVANCED_FACE('',(#6593),#6586,.T.);
#6606=ADVANCED_FACE('',(#6605),#6599,.T.);
#6614=EDGE_CURVE('',#3889,#3873,#2937,.T.);
#6619=ADVANCED_FACE('',(#6618),#6611,.F.);
#6626=EDGE_CURVE('',#3888,#3872,#2952,.T.);
#6632=ADVANCED_FACE('',(#6631),#6624,.F.);
#6644=ADVANCED_FACE('',(#6643),#6637,.F.);
#6656=ADVANCED_FACE('',(#6655),#6649,.T.);
#6668=ADVANCED_FACE('',(#6667),#6661,.F.);
#6675=EDGE_CURVE('',#4035,#4031,#2988,.T.);
#6677=EDGE_CURVE('',#4031,#4032,#3003,.T.);
#6679=EDGE_CURVE('',#4036,#4032,#2995,.T.);
#6683=ADVANCED_FACE('',(#6682),#6673,.F.);
#6691=EDGE_CURVE('',#4032,#4031,#3011,.T.);
#6696=ADVANCED_FACE('',(#6695),#6688,.F.);
#6706=EDGE_CURVE('',#4047,#4048,#3019,.T.);
#6708=EDGE_CURVE('',#4048,#4047,#3027,.T.);
#6712=ADVANCED_FACE('',(#6705,#6711),#6701,.T.);
#6719=EDGE_CURVE('',#4047,#4039,#3034,.T.);
#6721=EDGE_CURVE('',#4039,#4040,#3049,.T.);
#6723=EDGE_CURVE('',#4048,#4040,#3041,.T.);
#6727=ADVANCED_FACE('',(#6726),#6717,.F.);
#6735=EDGE_CURVE('',#4040,#4039,#3057,.T.);
#6740=ADVANCED_FACE('',(#6739),#6732,.F.);
#6750=EDGE_CURVE('',#4043,#4044,#3073,.T.);
#6752=EDGE_CURVE('',#4044,#4043,#3126,.T.);
#6756=ADVANCED_FACE('',(#6749,#6755),#6745,.T.);
#6762=EDGE_CURVE('',#4059,#4060,#3065,.T.);
#6764=EDGE_CURVE('',#4044,#4060,#3133,.T.);
#6767=EDGE_CURVE('',#4043,#4059,#3080,.T.);
#6771=ADVANCED_FACE('',(#6770),#6761,.F.);
#6777=EDGE_CURVE('',#4051,#4052,#3088,.T.);
#6779=EDGE_CURVE('',#4052,#4051,#3096,.T.);
#6784=EDGE_CURVE('',#4060,#4059,#3118,.T.);
#6788=ADVANCED_FACE('',(#6782,#6787),#6776,.T.);
#6795=EDGE_CURVE('',#4055,#4051,#3103,.T.);
#6798=EDGE_CURVE('',#4056,#4052,#3110,.T.);
#6802=ADVANCED_FACE('',(#6801),#6793,.F.);
#6814=ADVANCED_FACE('',(#6813),#6807,.F.);
#6826=ADVANCED_FACE('',(#6825),#6819,.F.);
#6833=EDGE_CURVE('',#4135,#4139,#3140,.T.);
#6835=EDGE_CURVE('',#4139,#4140,#3171,.T.);
#6837=EDGE_CURVE('',#4136,#4140,#3147,.T.);
#6841=ADVANCED_FACE('',(#6840),#6831,.F.);
#6849=EDGE_CURVE('',#4140,#4139,#3179,.T.);
#6854=ADVANCED_FACE('',(#6853),#6846,.F.);
#6860=EDGE_CURVE('',#4063,#4064,#3155,.T.);
#6862=EDGE_CURVE('',#4064,#4063,#3163,.T.);
#6870=ADVANCED_FACE('',(#6865,#6869),#6859,.F.);
#6876=EDGE_CURVE('',#4063,#4066,#3186,.T.);
#6879=EDGE_CURVE('',#4064,#4068,#3193,.T.);
#6884=ADVANCED_FACE('',(#6883),#6875,.F.);
#6896=ADVANCED_FACE('',(#6895),#6889,.F.);
#6908=ADVANCED_FACE('',(#6907),#6901,.F.);
#6917=EDGE_CURVE('',#4238,#4164,#3230,.T.);
#6921=ADVANCED_FACE('',(#6920),#6913,.T.);
#6928=EDGE_CURVE('',#4244,#4168,#3215,.T.);
#6934=ADVANCED_FACE('',(#6933),#6926,.T.);
#6940=EDGE_CURVE('',#4240,#4160,#3237,.T.);
#6943=EDGE_CURVE('',#4242,#4172,#3244,.T.);
#6948=ADVANCED_FACE('',(#6947),#6939,.T.);
#6957=EDGE_CURVE('',#4167,#4232,#3356,.T.);
#6961=ADVANCED_FACE('',(#6960),#6953,.T.);
#6968=EDGE_CURVE('',#4171,#4231,#3314,.T.);
#6971=EDGE_CURVE('',#3729,#3745,#3321,.T.);
#6974=EDGE_CURVE('',#3732,#3716,#3328,.T.);
#6977=EDGE_CURVE('',#4199,#4236,#3335,.T.);
#6980=EDGE_CURVE('',#4203,#4235,#3349,.T.);
#6987=EDGE_CURVE('',#4092,#4100,#3286,.T.);
#6990=EDGE_CURVE('',#4091,#4099,#3300,.T.);
#6995=EDGE_CURVE('',#4088,#4096,#3258,.T.);
#6998=EDGE_CURVE('',#4087,#4095,#3272,.T.);
#7002=EDGE_CURVE('',#4295,#4296,#3363,.T.);
#7004=EDGE_CURVE('',#4296,#4298,#3370,.T.);
#7006=EDGE_CURVE('',#4298,#4300,#3377,.T.);
#7008=EDGE_CURVE('',#4300,#4295,#3384,.T.);
#7012=ADVANCED_FACE('',(#6985,#6993,#7001,#7011),#6966,.F.);
#7020=EDGE_CURVE('',#4114,#4104,#3398,.T.);
#7025=ADVANCED_FACE('',(#7024),#7017,.F.);
#7034=EDGE_CURVE('',#3777,#3748,#3405,.T.);
#7037=EDGE_CURVE('',#3764,#3749,#3447,.T.);
#7040=EDGE_CURVE('',#4112,#4107,#3412,.T.);
#7043=EDGE_CURVE('',#4110,#4108,#3426,.T.);
#7046=EDGE_CURVE('',#4116,#4103,#3433,.T.);
#7050=ADVANCED_FACE('',(#7049),#7030,.T.);
#7062=ADVANCED_FACE('',(#7061),#7055,.T.);
#7074=ADVANCED_FACE('',(#7073),#7067,.T.);
#7086=ADVANCED_FACE('',(#7085),#7079,.F.);
#7098=ADVANCED_FACE('',(#7097),#7091,.F.);
#7110=ADVANCED_FACE('',(#7109),#7103,.F.);
#7122=ADVANCED_FACE('',(#7121),#7115,.T.);
#7134=ADVANCED_FACE('',(#7133),#7127,.F.);
#7146=ADVANCED_FACE('',(#7145),#7139,.F.);
#7153=EDGE_CURVE('',#4260,#4200,#3468,.T.);
#7159=ADVANCED_FACE('',(#7158),#7151,.T.);
#7165=EDGE_CURVE('',#4258,#4196,#3461,.T.);
#7172=ADVANCED_FACE('',(#7171),#7164,.T.);
#7179=EDGE_CURVE('',#4256,#4192,#3483,.T.);
#7182=EDGE_CURVE('',#4254,#4204,#3498,.T.);
#7186=ADVANCED_FACE('',(#7185),#7177,.T.);
#7198=ADVANCED_FACE('',(#7197),#7191,.T.);
#7210=ADVANCED_FACE('',(#7209),#7203,.T.);
#7222=ADVANCED_FACE('',(#7221),#7215,.T.);
#7229=EDGE_CURVE('',#4295,#4287,#3505,.T.);
#7231=EDGE_CURVE('',#4287,#4288,#3533,.T.);
#7233=EDGE_CURVE('',#4296,#4288,#3526,.T.);
#7237=ADVANCED_FACE('',(#7236),#7227,.F.);
#7244=EDGE_CURVE('',#4300,#4292,#3512,.T.);
#7246=EDGE_CURVE('',#4292,#4287,#3540,.T.);
#7251=ADVANCED_FACE('',(#7250),#7242,.F.);
#7258=EDGE_CURVE('',#4298,#4290,#3519,.T.);
#7260=EDGE_CURVE('',#4290,#4292,#3547,.T.);
#7265=ADVANCED_FACE('',(#7264),#7256,.F.);
#7273=EDGE_CURVE('',#4288,#4290,#3554,.T.);
#7278=ADVANCED_FACE('',(#7277),#7270,.F.);
#7290=ADVANCED_FACE('',(#7289),#7283,.T.);
#7302=ADVANCED_FACE('',(#7301),#7295,.T.);
#7311=EDGE_CURVE('',#4264,#4180,#3583,.T.);
#7315=ADVANCED_FACE('',(#7314),#7307,.T.);
#7321=EDGE_CURVE('',#4266,#4176,#3561,.T.);
#7324=EDGE_CURVE('',#4268,#4188,#3568,.T.);
#7329=ADVANCED_FACE('',(#7328),#7320,.T.);
#7338=EDGE_CURVE('',#4262,#4184,#3598,.T.);
#7342=ADVANCED_FACE('',(#7341),#7334,.T.);
#7354=ADVANCED_FACE('',(#7353),#7347,.T.);
#7366=ADVANCED_FACE('',(#7365),#7359,.T.);
#7378=ADVANCED_FACE('',(#7377),#7371,.T.);
#7390=ADVANCED_FACE('',(#7389),#7383,.F.);
#7396=EDGE_CURVE('',#3921,#3917,#3613,.T.);
#7398=EDGE_CURVE('',#3851,#3917,#3620,.T.);
#7404=ADVANCED_FACE('',(#7403),#7395,.F.);
#7411=EDGE_CURVE('',#3915,#3917,#3634,.T.);
#7417=ADVANCED_FACE('',(#7416),#7409,.F.);
#7425=EDGE_CURVE('',#3917,#3908,#3641,.T.);
#7430=ADVANCED_FACE('',(#7429),#7422,.T.);
#7442=ADVANCED_FACE('',(#7441),#7435,.F.);
#7456=ADVANCED_FACE('',(#7455),#7447,.F.);
#7468=ADVANCED_FACE('',(#7467),#7461,.F.);
#7480=ADVANCED_FACE('',(#7479),#7473,.F.);
#7481=CLOSED_SHELL('',(#4362,#4416,#4431,#4453,#4471,#4492,#4506,#4565,#4578,
#4594,#4610,#4626,#4642,#4655,#4703,#4716,#4742,#4754,#4766,#4780,#4794,#4809,
#4827,#4841,#4866,#4881,#4896,#4913,#4925,#4949,#4977,#4989,#5036,#5065,#5093,
#5122,#5150,#5165,#5177,#5189,#5200,#5212,#5230,#5245,#5263,#5330,#5349,#5367,
#5386,#5401,#5414,#5432,#5448,#5466,#5480,#5492,#5506,#5518,#5532,#5544,#5558,
#5570,#5584,#5596,#5608,#5623,#5636,#5652,#5670,#5688,#5703,#5718,#5757,#5769,
#5781,#5792,#5831,#5868,#5883,#5896,#5910,#5922,#5961,#5998,#6013,#6026,#6040,
#6052,#6089,#6102,#6114,#6128,#6140,#6154,#6166,#6181,#6198,#6214,#6233,#6256,
#6270,#6282,#6294,#6306,#6318,#6330,#6342,#6354,#6369,#6410,#6425,#6439,#6453,
#6467,#6481,#6494,#6508,#6521,#6535,#6548,#6568,#6581,#6594,#6606,#6619,#6632,
#6644,#6656,#6668,#6683,#6696,#6712,#6727,#6740,#6756,#6771,#6788,#6802,#6814,
#6826,#6841,#6854,#6870,#6884,#6896,#6908,#6921,#6934,#6948,#6961,#7012,#7025,
#7050,#7062,#7074,#7086,#7098,#7110,#7122,#7134,#7146,#7159,#7172,#7186,#7198,
#7210,#7222,#7237,#7251,#7265,#7278,#7290,#7302,#7315,#7329,#7342,#7354,#7366,
#7378,#7390,#7404,#7417,#7430,#7442,#7456,#7468,#7480));
#7482=MANIFOLD_SOLID_BREP('',#7481);
#7489=(LENGTH_UNIT()NAMED_UNIT(*)SI_UNIT(.MILLI.,.METRE.));
#7490=(NAMED_UNIT(*)PLANE_ANGLE_UNIT()SI_UNIT($,.RADIAN.));
#7493=(NAMED_UNIT(*)SI_UNIT($,.STERADIAN.)SOLID_ANGLE_UNIT());
#7495=(GEOMETRIC_REPRESENTATION_CONTEXT(3)GLOBAL_UNCERTAINTY_ASSIGNED_CONTEXT((
#7494))GLOBAL_UNIT_ASSIGNED_CONTEXT((#7489,#7492,#7493))REPRESENTATION_CONTEXT(
'ID1','3'));
#7496=ADVANCED_BREP_SHAPE_REPRESENTATION('',(#7482),#7495);
#7504=PRODUCT_DEFINITION('part definition','',#7503,#7500);
#7505=PRODUCT_DEFINITION_SHAPE('','SHAPE FOR I-0526-01_REVX01.',#7504);
#7506=SHAPE_ASPECT('','solid data associated with I-0526-01_REVX01',#7505,.F.);
#7507=PROPERTY_DEFINITION('',
'shape for solid data with which properties are associated',#7506);
#7508=SHAPE_REPRESENTATION('',(#7482),#7495);
#7509=SHAPE_DEFINITION_REPRESENTATION(#7507,#7508);
#7510=(LENGTH_UNIT()NAMED_UNIT(*)SI_UNIT(.MILLI.,.METRE.));
#7514=PROPERTY_DEFINITION('geometric validation property',
'area of I-0526-01_REVX01',#7506);
#7515=REPRESENTATION('surface area',(#7513),#7495);
#7516=PROPERTY_DEFINITION_REPRESENTATION(#7514,#7515);
#7517=(LENGTH_UNIT()NAMED_UNIT(*)SI_UNIT(.MILLI.,.METRE.));
#7521=PROPERTY_DEFINITION('geometric validation property',
'volume of I-0526-01_REVX01',#7506);
#7522=REPRESENTATION('volume',(#7520),#7495);
#7523=PROPERTY_DEFINITION_REPRESENTATION(#7521,#7522);
#7525=PROPERTY_DEFINITION('geometric validation property',
'centroid of I-0526-01_REVX01',#7506);
#7526=REPRESENTATION('centroid',(#7524),#7495);
#7527=PROPERTY_DEFINITION_REPRESENTATION(#7525,#7526);
#7528=(LENGTH_UNIT()NAMED_UNIT(*)SI_UNIT(.MILLI.,.METRE.));
#7532=PROPERTY_DEFINITION('geometric validation property',
'area of I-0526-01_REVX01',#7505);
#7533=REPRESENTATION('surface area',(#7531),#7495);
#7534=PROPERTY_DEFINITION_REPRESENTATION(#7532,#7533);
#7535=(LENGTH_UNIT()NAMED_UNIT(*)SI_UNIT(.MILLI.,.METRE.));
#7539=PROPERTY_DEFINITION('geometric validation property',
'volume of I-0526-01_REVX01',#7505);
#7540=REPRESENTATION('volume',(#7538),#7495);
#7541=PROPERTY_DEFINITION_REPRESENTATION(#7539,#7540);
#7543=PROPERTY_DEFINITION('geometric validation property',
'centroid of I-0526-01_REVX01',#7505);
#7544=REPRESENTATION('centroid',(#7542),#7495);
#7545=PROPERTY_DEFINITION_REPRESENTATION(#7543,#7544);
#7546=SHAPE_DEFINITION_REPRESENTATION(#7505,#7496);
ENDSEC;
END-ISO-10303-21;
