ISO-10303-21;
HEADER;
FILE_DESCRIPTION((''),'2;1');
FILE_NAME('I-0515-02_REVX01','2026-08-07T15:56:49',('LSD'),(''),
'CREO PARAMETRIC BY PTC INC, 2020053','CREO PARAMETRIC BY PTC INC, 2020053','');
FILE_SCHEMA(('AUTOMOTIVE_DESIGN { 1 0 10303 214 1 1 1 1 }'));
ENDSEC;
DATA;
#16=DIRECTION('',(0.E0,0.E0,-1.E0));
#17=VECTOR('',#16,1.125268975705E0);
#18=CARTESIAN_POINT('',(2.865E1,0.E0,2.417800768391E1));
#19=LINE('',#18,#17);
#20=DRAUGHTING_PRE_DEFINED_CURVE_FONT('continuous');
#21=CURVE_STYLE('',#20,POSITIVE_LENGTH_MEASURE(2.E-2),#5);
#22=PRESENTATION_STYLE_ASSIGNMENT((#21));
#23=STYLED_ITEM('',(#22),#19);
#24=DIRECTION('',(1.E0,0.E0,0.E0));
#25=VECTOR('',#24,2.5E-1);
#26=CARTESIAN_POINT('',(2.84E1,0.E0,2.305273870821E1));
#27=LINE('',#26,#25);
#28=CURVE_STYLE('',#20,POSITIVE_LENGTH_MEASURE(2.E-2),#5);
#29=PRESENTATION_STYLE_ASSIGNMENT((#28));
#30=STYLED_ITEM('',(#29),#27);
#31=DIRECTION('',(0.E0,0.E0,-1.E0));
#32=VECTOR('',#31,6.105481556415E0);
#33=CARTESIAN_POINT('',(2.84E1,0.E0,2.305273870821E1));
#34=LINE('',#33,#32);
#35=CURVE_STYLE('',#20,POSITIVE_LENGTH_MEASURE(2.E-2),#5);
#36=PRESENTATION_STYLE_ASSIGNMENT((#35));
#37=STYLED_ITEM('',(#36),#34);
#38=DIRECTION('',(1.E0,0.E0,0.E0));
#39=VECTOR('',#38,2.5E-1);
#40=CARTESIAN_POINT('',(2.84E1,0.E0,1.694725715179E1));
#41=LINE('',#40,#39);
#42=CURVE_STYLE('',#20,POSITIVE_LENGTH_MEASURE(2.E-2),#5);
#43=PRESENTATION_STYLE_ASSIGNMENT((#42));
#44=STYLED_ITEM('',(#43),#41);
#45=DIRECTION('',(0.E0,0.E0,-1.E0));
#46=VECTOR('',#45,1.125268975705E0);
#47=CARTESIAN_POINT('',(2.865E1,0.E0,1.694725715179E1));
#48=LINE('',#47,#46);
#49=CURVE_STYLE('',#20,POSITIVE_LENGTH_MEASURE(2.E-2),#5);
#50=PRESENTATION_STYLE_ASSIGNMENT((#49));
#51=STYLED_ITEM('',(#50),#48);
#52=DIRECTION('',(1.E0,0.E0,1.044915787882E-14));
#53=VECTOR('',#52,8.5E-1);
#54=CARTESIAN_POINT('',(2.865E1,0.E0,1.582198817609E1));
#55=LINE('',#54,#53);
#56=CURVE_STYLE('',#20,POSITIVE_LENGTH_MEASURE(2.E-2),#5);
#57=PRESENTATION_STYLE_ASSIGNMENT((#56));
#58=STYLED_ITEM('',(#57),#55);
#59=DIRECTION('',(0.E0,0.E0,-1.E0));
#60=VECTOR('',#59,8.356019507824E0);
#61=CARTESIAN_POINT('',(2.95E1,0.E0,2.417800768391E1));
#62=LINE('',#61,#60);
#63=CURVE_STYLE('',#20,POSITIVE_LENGTH_MEASURE(2.E-2),#5);
#64=PRESENTATION_STYLE_ASSIGNMENT((#63));
#65=STYLED_ITEM('',(#64),#62);
#66=DIRECTION('',(1.E0,0.E0,-1.253898945459E-14));
#67=VECTOR('',#66,8.5E-1);
#68=CARTESIAN_POINT('',(2.865E1,0.E0,2.417800768391E1));
#69=LINE('',#68,#67);
#70=CURVE_STYLE('',#20,POSITIVE_LENGTH_MEASURE(2.E-2),#5);
#71=PRESENTATION_STYLE_ASSIGNMENT((#70));
#72=STYLED_ITEM('',(#71),#69);
#73=DIRECTION('',(0.E0,0.E0,-1.E0));
#74=VECTOR('',#73,1.125268975705E0);
#75=CARTESIAN_POINT('',(2.865E1,0.E0,1.017800774391E1));
#76=LINE('',#75,#74);
#77=CURVE_STYLE('',#20,POSITIVE_LENGTH_MEASURE(2.E-2),#5);
#78=PRESENTATION_STYLE_ASSIGNMENT((#77));
#79=STYLED_ITEM('',(#78),#76);
#80=DIRECTION('',(1.E0,0.E0,0.E0));
#81=VECTOR('',#80,2.5E-1);
#82=CARTESIAN_POINT('',(2.84E1,0.E0,9.052738768208E0));
#83=LINE('',#82,#81);
#84=CURVE_STYLE('',#20,POSITIVE_LENGTH_MEASURE(2.E-2),#5);
#85=PRESENTATION_STYLE_ASSIGNMENT((#84));
#86=STYLED_ITEM('',(#85),#83);
#87=DIRECTION('',(0.E0,0.E0,-1.E0));
#88=VECTOR('',#87,8.105480096415E0);
#89=CARTESIAN_POINT('',(2.84E1,0.E0,9.052738768208E0));
#90=LINE('',#89,#88);
#91=CURVE_STYLE('',#20,POSITIVE_LENGTH_MEASURE(2.E-2),#5);
#92=PRESENTATION_STYLE_ASSIGNMENT((#91));
#93=STYLED_ITEM('',(#92),#90);
#94=DIRECTION('',(1.E0,0.E0,0.E0));
#95=VECTOR('',#94,2.5E-1);
#96=CARTESIAN_POINT('',(2.84E1,0.E0,9.472586717930E-1));
#97=LINE('',#96,#95);
#98=CURVE_STYLE('',#20,POSITIVE_LENGTH_MEASURE(2.E-2),#5);
#99=PRESENTATION_STYLE_ASSIGNMENT((#98));
#100=STYLED_ITEM('',(#99),#97);
#101=DIRECTION('',(0.E0,0.E0,-1.E0));
#102=VECTOR('',#101,1.125268975705E0);
#103=CARTESIAN_POINT('',(2.865E1,0.E0,9.472586717930E-1));
#104=LINE('',#103,#102);
#105=CURVE_STYLE('',#20,POSITIVE_LENGTH_MEASURE(2.E-2),#5);
#106=PRESENTATION_STYLE_ASSIGNMENT((#105));
#107=STYLED_ITEM('',(#106),#104);
#108=DIRECTION('',(1.E0,0.E0,1.113488386462E-14));
#109=VECTOR('',#108,8.5E-1);
#110=CARTESIAN_POINT('',(2.865E1,0.E0,-1.780103039117E-1));
#111=LINE('',#110,#109);
#112=CURVE_STYLE('',#20,POSITIVE_LENGTH_MEASURE(2.E-2),#5);
#113=PRESENTATION_STYLE_ASSIGNMENT((#112));
#114=STYLED_ITEM('',(#113),#111);
#115=DIRECTION('',(0.E0,0.E0,-1.E0));
#116=VECTOR('',#115,1.035601804782E1);
#117=CARTESIAN_POINT('',(2.95E1,0.E0,1.017800774391E1));
#118=LINE('',#117,#116);
#119=CURVE_STYLE('',#20,POSITIVE_LENGTH_MEASURE(2.E-2),#5);
#120=PRESENTATION_STYLE_ASSIGNMENT((#119));
#121=STYLED_ITEM('',(#120),#118);
#122=DIRECTION('',(1.E0,0.E0,-1.253898945459E-14));
#123=VECTOR('',#122,8.5E-1);
#124=CARTESIAN_POINT('',(2.865E1,0.E0,1.017800774391E1));
#125=LINE('',#124,#123);
#126=CURVE_STYLE('',#20,POSITIVE_LENGTH_MEASURE(2.E-2),#5);
#127=PRESENTATION_STYLE_ASSIGNMENT((#126));
#128=STYLED_ITEM('',(#127),#125);
#129=DIRECTION('',(0.E0,0.E0,-1.E0));
#130=VECTOR('',#129,1.125268975705E0);
#131=CARTESIAN_POINT('',(2.865E1,0.E0,-5.680324069422E0));
#132=LINE('',#131,#130);
#133=CURVE_STYLE('',#20,POSITIVE_LENGTH_MEASURE(2.E-2),#5);
#134=PRESENTATION_STYLE_ASSIGNMENT((#133));
#135=STYLED_ITEM('',(#134),#132);
#136=DIRECTION('',(1.E0,0.E0,1.065814103640E-14));
#137=VECTOR('',#136,2.5E-1);
#138=CARTESIAN_POINT('',(2.84E1,0.E0,-6.805593045127E0));
#139=LINE('',#138,#137);
#140=CURVE_STYLE('',#20,POSITIVE_LENGTH_MEASURE(2.E-2),#5);
#141=PRESENTATION_STYLE_ASSIGNMENT((#140));
#142=STYLED_ITEM('',(#141),#139);
#143=DIRECTION('',(0.E0,0.E0,-1.E0));
#144=VECTOR('',#143,3.388813269746E0);
#145=CARTESIAN_POINT('',(2.84E1,0.E0,-6.805593045127E0));
#146=LINE('',#145,#144);
#147=CURVE_STYLE('',#20,POSITIVE_LENGTH_MEASURE(2.E-2),#5);
#148=PRESENTATION_STYLE_ASSIGNMENT((#147));
#149=STYLED_ITEM('',(#148),#146);
#150=DIRECTION('',(1.E0,0.E0,0.E0));
#151=VECTOR('',#150,2.5E-1);
#152=CARTESIAN_POINT('',(2.84E1,0.E0,-1.019440631487E1));
#153=LINE('',#152,#151);
#154=CURVE_STYLE('',#20,POSITIVE_LENGTH_MEASURE(2.E-2),#5);
#155=PRESENTATION_STYLE_ASSIGNMENT((#154));
#156=STYLED_ITEM('',(#155),#153);
#157=DIRECTION('',(0.E0,0.E0,-1.E0));
#158=VECTOR('',#157,1.125268975705E0);
#159=CARTESIAN_POINT('',(2.865E1,0.E0,-1.019440631487E1));
#160=LINE('',#159,#158);
#161=CURVE_STYLE('',#20,POSITIVE_LENGTH_MEASURE(2.E-2),#5);
#162=PRESENTATION_STYLE_ASSIGNMENT((#161));
#163=STYLED_ITEM('',(#162),#160);
#164=DIRECTION('',(1.E0,0.E0,0.E0));
#165=VECTOR('',#164,8.5E-1);
#166=CARTESIAN_POINT('',(2.865E1,0.E0,-1.131967529058E1));
#167=LINE('',#166,#165);
#168=CURVE_STYLE('',#20,POSITIVE_LENGTH_MEASURE(2.E-2),#5);
#169=PRESENTATION_STYLE_ASSIGNMENT((#168));
#170=STYLED_ITEM('',(#169),#167);
#171=DIRECTION('',(0.E0,0.E0,-1.E0));
#172=VECTOR('',#171,5.639351221155E0);
#173=CARTESIAN_POINT('',(2.95E1,0.E0,-5.680324069422E0));
#174=LINE('',#173,#172);
#175=CURVE_STYLE('',#20,POSITIVE_LENGTH_MEASURE(2.E-2),#5);
#176=PRESENTATION_STYLE_ASSIGNMENT((#175));
#177=STYLED_ITEM('',(#176),#174);
#178=DIRECTION('',(1.E0,0.E0,0.E0));
#179=VECTOR('',#178,8.5E-1);
#180=CARTESIAN_POINT('',(2.865E1,0.E0,-5.680324069422E0));
#181=LINE('',#180,#179);
#182=CURVE_STYLE('',#20,POSITIVE_LENGTH_MEASURE(2.E-2),#5);
#183=PRESENTATION_STYLE_ASSIGNMENT((#182));
#184=STYLED_ITEM('',(#183),#181);
#185=DIRECTION('',(0.E0,0.E0,-1.E0));
#186=VECTOR('',#185,1.125868817728E0);
#187=CARTESIAN_POINT('',(2.865E1,0.E0,-1.674899843968E1));
#188=LINE('',#187,#186);
#189=CURVE_STYLE('',#20,POSITIVE_LENGTH_MEASURE(2.E-2),#5);
#190=PRESENTATION_STYLE_ASSIGNMENT((#189));
#191=STYLED_ITEM('',(#190),#188);
#192=DIRECTION('',(1.E0,0.E0,-1.421085471520E-14));
#193=VECTOR('',#192,2.5E-1);
#194=CARTESIAN_POINT('',(2.84E1,0.E0,-1.787486725741E1));
#195=LINE('',#194,#193);
#196=CURVE_STYLE('',#20,POSITIVE_LENGTH_MEASURE(2.E-2),#5);
#197=PRESENTATION_STYLE_ASSIGNMENT((#196));
#198=STYLED_ITEM('',(#197),#195);
#199=DIRECTION('',(0.E0,0.E0,-1.E0));
#200=VECTOR('',#199,3.177875790800E0);
#201=CARTESIAN_POINT('',(2.84E1,0.E0,-1.787486725741E1));
#202=LINE('',#201,#200);
#203=CURVE_STYLE('',#20,POSITIVE_LENGTH_MEASURE(2.E-2),#5);
#204=PRESENTATION_STYLE_ASSIGNMENT((#203));
#205=STYLED_ITEM('',(#204),#202);
#206=DIRECTION('',(1.E0,0.E0,1.421085471520E-14));
#207=VECTOR('',#206,2.5E-1);
#208=CARTESIAN_POINT('',(2.84E1,0.E0,-2.105274304821E1));
#209=LINE('',#208,#207);
#210=CURVE_STYLE('',#20,POSITIVE_LENGTH_MEASURE(2.E-2),#5);
#211=PRESENTATION_STYLE_ASSIGNMENT((#210));
#212=STYLED_ITEM('',(#211),#209);
#213=DIRECTION('',(0.E0,0.E0,-1.E0));
#214=VECTOR('',#213,1.125268975705E0);
#215=CARTESIAN_POINT('',(2.865E1,0.E0,-2.105274304821E1));
#216=LINE('',#215,#214);
#217=CURVE_STYLE('',#20,POSITIVE_LENGTH_MEASURE(2.E-2),#5);
#218=PRESENTATION_STYLE_ASSIGNMENT((#217));
#219=STYLED_ITEM('',(#218),#216);
#220=DIRECTION('',(1.E0,0.E0,0.E0));
#221=VECTOR('',#220,8.5E-1);
#222=CARTESIAN_POINT('',(2.865E1,0.E0,-2.217801202391E1));
#223=LINE('',#222,#221);
#224=CURVE_STYLE('',#20,POSITIVE_LENGTH_MEASURE(2.E-2),#5);
#225=PRESENTATION_STYLE_ASSIGNMENT((#224));
#226=STYLED_ITEM('',(#225),#223);
#227=DIRECTION('',(0.E0,0.E0,-1.E0));
#228=VECTOR('',#227,5.429013584233E0);
#229=CARTESIAN_POINT('',(2.95E1,0.E0,-1.674899843968E1));
#230=LINE('',#229,#228);
#231=CURVE_STYLE('',#20,POSITIVE_LENGTH_MEASURE(2.E-2),#5);
#232=PRESENTATION_STYLE_ASSIGNMENT((#231));
#233=STYLED_ITEM('',(#232),#230);
#234=DIRECTION('',(1.E0,0.E0,1.253898945459E-14));
#235=VECTOR('',#234,8.5E-1);
#236=CARTESIAN_POINT('',(2.865E1,0.E0,-1.674899843968E1));
#237=LINE('',#236,#235);
#238=CURVE_STYLE('',#20,POSITIVE_LENGTH_MEASURE(2.E-2),#5);
#239=PRESENTATION_STYLE_ASSIGNMENT((#238));
#240=STYLED_ITEM('',(#239),#237);
#241=DIRECTION('',(0.E0,0.E0,-1.E0));
#242=VECTOR('',#241,1.125268975705E0);
#243=CARTESIAN_POINT('',(2.865E1,0.E0,-2.768032578942E1));
#244=LINE('',#243,#242);
#245=CURVE_STYLE('',#20,POSITIVE_LENGTH_MEASURE(2.E-2),#5);
#246=PRESENTATION_STYLE_ASSIGNMENT((#245));
#247=STYLED_ITEM('',(#246),#244);
#248=DIRECTION('',(1.E0,0.E0,0.E0));
#249=VECTOR('',#248,2.5E-1);
#250=CARTESIAN_POINT('',(2.84E1,0.E0,-2.880559476513E1));
#251=LINE('',#250,#249);
#252=CURVE_STYLE('',#20,POSITIVE_LENGTH_MEASURE(2.E-2),#5);
#253=PRESENTATION_STYLE_ASSIGNMENT((#252));
#254=STYLED_ITEM('',(#253),#251);
#255=DIRECTION('',(0.E0,0.E0,-1.E0));
#256=VECTOR('',#255,3.694405234873E0);
#257=CARTESIAN_POINT('',(2.84E1,0.E0,-2.880559476513E1));
#258=LINE('',#257,#256);
#259=CURVE_STYLE('',#20,POSITIVE_LENGTH_MEASURE(2.E-2),#5);
#260=PRESENTATION_STYLE_ASSIGNMENT((#259));
#261=STYLED_ITEM('',(#260),#258);
#262=DIRECTION('',(1.E0,0.E0,0.E0));
#263=VECTOR('',#262,1.E-1);
#264=CARTESIAN_POINT('',(2.83E1,0.E0,-3.25E1));
#265=LINE('',#264,#263);
#266=CURVE_STYLE('',#20,POSITIVE_LENGTH_MEASURE(2.E-2),#5);
#267=PRESENTATION_STYLE_ASSIGNMENT((#266));
#268=STYLED_ITEM('',(#267),#265);
#269=DIRECTION('',(0.E0,0.E0,1.E0));
#270=VECTOR('',#269,5.E0);
#271=CARTESIAN_POINT('',(2.83E1,0.E0,-3.75E1));
#272=LINE('',#271,#270);
#273=CURVE_STYLE('',#20,POSITIVE_LENGTH_MEASURE(2.E-2),#5);
#274=PRESENTATION_STYLE_ASSIGNMENT((#273));
#275=STYLED_ITEM('',(#274),#272);
#276=DIRECTION('',(-1.E0,0.E0,0.E0));
#277=VECTOR('',#276,1.E-1);
#278=CARTESIAN_POINT('',(2.84E1,0.E0,-3.75E1));
#279=LINE('',#278,#277);
#280=CURVE_STYLE('',#20,POSITIVE_LENGTH_MEASURE(2.E-2),#5);
#281=PRESENTATION_STYLE_ASSIGNMENT((#280));
#282=STYLED_ITEM('',(#281),#279);
#283=DIRECTION('',(0.E0,0.E0,-1.E0));
#284=VECTOR('',#283,7.5E0);
#285=CARTESIAN_POINT('',(2.84E1,0.E0,-3.75E1));
#286=LINE('',#285,#284);
#287=CURVE_STYLE('',#20,POSITIVE_LENGTH_MEASURE(2.E-2),#5);
#288=PRESENTATION_STYLE_ASSIGNMENT((#287));
#289=STYLED_ITEM('',(#288),#286);
#290=CARTESIAN_POINT('',(2.7E1,0.E0,-4.5E1));
#291=DIRECTION('',(0.E0,1.E0,0.E0));
#292=DIRECTION('',(1.E0,0.E0,0.E0));
#293=AXIS2_PLACEMENT_3D('',#290,#291,#292);
#295=CURVE_STYLE('',#20,POSITIVE_LENGTH_MEASURE(2.E-2),#5);
#296=PRESENTATION_STYLE_ASSIGNMENT((#295));
#297=STYLED_ITEM('',(#296),#294);
#298=DIRECTION('',(-1.E0,0.E0,0.E0));
#299=VECTOR('',#298,3.780911382604E1);
#300=CARTESIAN_POINT('',(2.7E1,0.E0,-4.64E1));
#301=LINE('',#300,#299);
#302=CURVE_STYLE('',#20,POSITIVE_LENGTH_MEASURE(2.E-2),#5);
#303=PRESENTATION_STYLE_ASSIGNMENT((#302));
#304=STYLED_ITEM('',(#303),#301);
#305=DIRECTION('',(0.E0,0.E0,1.E0));
#306=VECTOR('',#305,1.1E0);
#307=CARTESIAN_POINT('',(-1.080911382604E1,0.E0,-4.75E1));
#308=LINE('',#307,#306);
#309=CURVE_STYLE('',#20,POSITIVE_LENGTH_MEASURE(2.E-2),#5);
#310=PRESENTATION_STYLE_ASSIGNMENT((#309));
#311=STYLED_ITEM('',(#310),#308);
#312=DIRECTION('',(-1.E0,0.E0,0.E0));
#313=VECTOR('',#312,3.780911382604E1);
#314=CARTESIAN_POINT('',(2.7E1,0.E0,-4.75E1));
#315=LINE('',#314,#313);
#316=CURVE_STYLE('',#20,POSITIVE_LENGTH_MEASURE(2.E-2),#5);
#317=PRESENTATION_STYLE_ASSIGNMENT((#316));
#318=STYLED_ITEM('',(#317),#315);
#319=CARTESIAN_POINT('',(2.7E1,0.E0,-4.5E1));
#320=DIRECTION('',(0.E0,1.E0,0.E0));
#321=DIRECTION('',(1.E0,0.E0,0.E0));
#322=AXIS2_PLACEMENT_3D('',#319,#320,#321);
#324=CURVE_STYLE('',#20,POSITIVE_LENGTH_MEASURE(2.E-2),#5);
#325=PRESENTATION_STYLE_ASSIGNMENT((#324));
#326=STYLED_ITEM('',(#325),#323);
#327=DIRECTION('',(0.E0,0.E0,-1.E0));
#328=VECTOR('',#327,1.731967421058E1);
#329=CARTESIAN_POINT('',(2.95E1,0.E0,-2.768032578942E1));
#330=LINE('',#329,#328);
#331=CURVE_STYLE('',#20,POSITIVE_LENGTH_MEASURE(2.E-2),#5);
#332=PRESENTATION_STYLE_ASSIGNMENT((#331));
#333=STYLED_ITEM('',(#332),#330);
#334=DIRECTION('',(1.E0,0.E0,0.E0));
#335=VECTOR('',#334,8.5E-1);
#336=CARTESIAN_POINT('',(2.865E1,0.E0,-2.768032578942E1));
#337=LINE('',#336,#335);
#338=CURVE_STYLE('',#20,POSITIVE_LENGTH_MEASURE(2.E-2),#5);
#339=PRESENTATION_STYLE_ASSIGNMENT((#338));
#340=STYLED_ITEM('',(#339),#337);
#341=DIRECTION('',(1.E0,0.E0,0.E0));
#342=VECTOR('',#341,2.173000277557E1);
#343=CARTESIAN_POINT('',(-2.7E1,0.E0,4.75E1));
#344=LINE('',#343,#342);
#345=CURVE_STYLE('',#20,POSITIVE_LENGTH_MEASURE(2.E-2),#5);
#346=PRESENTATION_STYLE_ASSIGNMENT((#345));
#347=STYLED_ITEM('',(#346),#344);
#348=CARTESIAN_POINT('',(-2.7E1,0.E0,4.5E1));
#349=DIRECTION('',(0.E0,1.E0,0.E0));
#350=DIRECTION('',(-1.E0,0.E0,0.E0));
#351=AXIS2_PLACEMENT_3D('',#348,#349,#350);
#353=CURVE_STYLE('',#20,POSITIVE_LENGTH_MEASURE(2.E-2),#5);
#354=PRESENTATION_STYLE_ASSIGNMENT((#353));
#355=STYLED_ITEM('',(#354),#352);
#356=DIRECTION('',(0.E0,0.E0,1.E0));
#357=VECTOR('',#356,9.E1);
#358=CARTESIAN_POINT('',(-2.95E1,0.E0,-4.5E1));
#359=LINE('',#358,#357);
#360=CURVE_STYLE('',#20,POSITIVE_LENGTH_MEASURE(2.E-2),#5);
#361=PRESENTATION_STYLE_ASSIGNMENT((#360));
#362=STYLED_ITEM('',(#361),#359);
#363=CARTESIAN_POINT('',(-2.7E1,0.E0,-4.5E1));
#364=DIRECTION('',(0.E0,1.E0,0.E0));
#365=DIRECTION('',(0.E0,0.E0,-1.E0));
#366=AXIS2_PLACEMENT_3D('',#363,#364,#365);
#368=CURVE_STYLE('',#20,POSITIVE_LENGTH_MEASURE(2.E-2),#5);
#369=PRESENTATION_STYLE_ASSIGNMENT((#368));
#370=STYLED_ITEM('',(#369),#367);
#371=DIRECTION('',(-1.E0,0.E0,0.E0));
#372=VECTOR('',#371,1.030934703533E1);
#373=CARTESIAN_POINT('',(-1.669065296467E1,0.E0,-4.75E1));
#374=LINE('',#373,#372);
#375=CURVE_STYLE('',#20,POSITIVE_LENGTH_MEASURE(2.E-2),#5);
#376=PRESENTATION_STYLE_ASSIGNMENT((#375));
#377=STYLED_ITEM('',(#376),#374);
#378=DIRECTION('',(0.E0,0.E0,1.E0));
#379=VECTOR('',#378,1.1E0);
#380=CARTESIAN_POINT('',(-1.669065296467E1,0.E0,-4.75E1));
#381=LINE('',#380,#379);
#382=CURVE_STYLE('',#20,POSITIVE_LENGTH_MEASURE(2.E-2),#5);
#383=PRESENTATION_STYLE_ASSIGNMENT((#382));
#384=STYLED_ITEM('',(#383),#381);
#385=DIRECTION('',(-1.E0,0.E0,0.E0));
#386=VECTOR('',#385,1.030934703533E1);
#387=CARTESIAN_POINT('',(-1.669065296467E1,0.E0,-4.64E1));
#388=LINE('',#387,#386);
#389=CURVE_STYLE('',#20,POSITIVE_LENGTH_MEASURE(2.E-2),#5);
#390=PRESENTATION_STYLE_ASSIGNMENT((#389));
#391=STYLED_ITEM('',(#390),#388);
#392=CARTESIAN_POINT('',(-2.7E1,0.E0,-4.5E1));
#393=DIRECTION('',(0.E0,1.E0,0.E0));
#394=DIRECTION('',(0.E0,0.E0,-1.E0));
#395=AXIS2_PLACEMENT_3D('',#392,#393,#394);
#397=CURVE_STYLE('',#20,POSITIVE_LENGTH_MEASURE(2.E-2),#5);
#398=PRESENTATION_STYLE_ASSIGNMENT((#397));
#399=STYLED_ITEM('',(#398),#396);
#400=DIRECTION('',(0.E0,0.E0,1.E0));
#401=VECTOR('',#400,7.5E0);
#402=CARTESIAN_POINT('',(-2.84E1,0.E0,-4.5E1));
#403=LINE('',#402,#401);
#404=CURVE_STYLE('',#20,POSITIVE_LENGTH_MEASURE(2.E-2),#5);
#405=PRESENTATION_STYLE_ASSIGNMENT((#404));
#406=STYLED_ITEM('',(#405),#403);
#407=DIRECTION('',(-1.E0,0.E0,0.E0));
#408=VECTOR('',#407,1.E-1);
#409=CARTESIAN_POINT('',(-2.83E1,0.E0,-3.75E1));
#410=LINE('',#409,#408);
#411=CURVE_STYLE('',#20,POSITIVE_LENGTH_MEASURE(2.E-2),#5);
#412=PRESENTATION_STYLE_ASSIGNMENT((#411));
#413=STYLED_ITEM('',(#412),#410);
#414=DIRECTION('',(0.E0,0.E0,-1.E0));
#415=VECTOR('',#414,5.E0);
#416=CARTESIAN_POINT('',(-2.83E1,0.E0,-3.25E1));
#417=LINE('',#416,#415);
#418=CURVE_STYLE('',#20,POSITIVE_LENGTH_MEASURE(2.E-2),#5);
#419=PRESENTATION_STYLE_ASSIGNMENT((#418));
#420=STYLED_ITEM('',(#419),#417);
#421=DIRECTION('',(1.E0,0.E0,0.E0));
#422=VECTOR('',#421,1.E-1);
#423=CARTESIAN_POINT('',(-2.84E1,0.E0,-3.25E1));
#424=LINE('',#423,#422);
#425=CURVE_STYLE('',#20,POSITIVE_LENGTH_MEASURE(2.E-2),#5);
#426=PRESENTATION_STYLE_ASSIGNMENT((#425));
#427=STYLED_ITEM('',(#426),#424);
#428=DIRECTION('',(0.E0,0.E0,1.E0));
#429=VECTOR('',#428,6.5E1);
#430=CARTESIAN_POINT('',(-2.84E1,0.E0,-3.25E1));
#431=LINE('',#430,#429);
#432=CURVE_STYLE('',#20,POSITIVE_LENGTH_MEASURE(2.E-2),#5);
#433=PRESENTATION_STYLE_ASSIGNMENT((#432));
#434=STYLED_ITEM('',(#433),#431);
#435=DIRECTION('',(-1.E0,0.E0,2.131628207280E-13));
#436=VECTOR('',#435,1.E-1);
#437=CARTESIAN_POINT('',(-2.83E1,0.E0,3.25E1));
#438=LINE('',#437,#436);
#439=CURVE_STYLE('',#20,POSITIVE_LENGTH_MEASURE(2.E-2),#5);
#440=PRESENTATION_STYLE_ASSIGNMENT((#439));
#441=STYLED_ITEM('',(#440),#438);
#442=DIRECTION('',(0.E0,0.E0,-1.E0));
#443=VECTOR('',#442,5.E0);
#444=CARTESIAN_POINT('',(-2.83E1,0.E0,3.75E1));
#445=LINE('',#444,#443);
#446=CURVE_STYLE('',#20,POSITIVE_LENGTH_MEASURE(2.E-2),#5);
#447=PRESENTATION_STYLE_ASSIGNMENT((#446));
#448=STYLED_ITEM('',(#447),#445);
#449=DIRECTION('',(1.E0,0.E0,-2.131628207280E-13));
#450=VECTOR('',#449,1.E-1);
#451=CARTESIAN_POINT('',(-2.84E1,0.E0,3.75E1));
#452=LINE('',#451,#450);
#453=CURVE_STYLE('',#20,POSITIVE_LENGTH_MEASURE(2.E-2),#5);
#454=PRESENTATION_STYLE_ASSIGNMENT((#453));
#455=STYLED_ITEM('',(#454),#452);
#456=DIRECTION('',(0.E0,0.E0,1.E0));
#457=VECTOR('',#456,7.5E0);
#458=CARTESIAN_POINT('',(-2.84E1,0.E0,3.75E1));
#459=LINE('',#458,#457);
#460=CURVE_STYLE('',#20,POSITIVE_LENGTH_MEASURE(2.E-2),#5);
#461=PRESENTATION_STYLE_ASSIGNMENT((#460));
#462=STYLED_ITEM('',(#461),#459);
#463=CARTESIAN_POINT('',(-2.7E1,0.E0,4.5E1));
#464=DIRECTION('',(0.E0,1.E0,0.E0));
#465=DIRECTION('',(-1.E0,0.E0,0.E0));
#466=AXIS2_PLACEMENT_3D('',#463,#464,#465);
#468=CURVE_STYLE('',#20,POSITIVE_LENGTH_MEASURE(2.E-2),#5);
#469=PRESENTATION_STYLE_ASSIGNMENT((#468));
#470=STYLED_ITEM('',(#469),#467);
#471=DIRECTION('',(1.E0,0.E0,0.E0));
#472=VECTOR('',#471,2.223000277557E1);
#473=CARTESIAN_POINT('',(-2.7E1,0.E0,4.64E1));
#474=LINE('',#473,#472);
#475=CURVE_STYLE('',#20,POSITIVE_LENGTH_MEASURE(2.E-2),#5);
#476=PRESENTATION_STYLE_ASSIGNMENT((#475));
#477=STYLED_ITEM('',(#476),#474);
#478=DIRECTION('',(0.E0,0.E0,-1.E0));
#479=VECTOR('',#478,6.E-1);
#480=CARTESIAN_POINT('',(-4.769997224434E0,0.E0,4.7E1));
#481=LINE('',#480,#479);
#482=CURVE_STYLE('',#20,POSITIVE_LENGTH_MEASURE(2.E-2),#5);
#483=PRESENTATION_STYLE_ASSIGNMENT((#482));
#484=STYLED_ITEM('',(#483),#481);
#485=DIRECTION('',(7.071067811865E-1,0.E0,-7.071067811865E-1));
#486=VECTOR('',#485,7.071067811865E-1);
#487=CARTESIAN_POINT('',(-5.269997224434E0,0.E0,4.75E1));
#488=LINE('',#487,#486);
#489=CURVE_STYLE('',#20,POSITIVE_LENGTH_MEASURE(2.E-2),#5);
#490=PRESENTATION_STYLE_ASSIGNMENT((#489));
#491=STYLED_ITEM('',(#490),#488);
#492=DIRECTION('',(1.E0,0.E0,0.E0));
#493=VECTOR('',#492,2.172999722443E1);
#494=CARTESIAN_POINT('',(5.270002775566E0,0.E0,4.75E1));
#495=LINE('',#494,#493);
#496=CURVE_STYLE('',#20,POSITIVE_LENGTH_MEASURE(2.E-2),#5);
#497=PRESENTATION_STYLE_ASSIGNMENT((#496));
#498=STYLED_ITEM('',(#497),#495);
#499=DIRECTION('',(7.071067811866E-1,0.E0,7.071067811865E-1));
#500=VECTOR('',#499,7.071067811866E-1);
#501=CARTESIAN_POINT('',(4.770002775566E0,0.E0,4.7E1));
#502=LINE('',#501,#500);
#503=CURVE_STYLE('',#20,POSITIVE_LENGTH_MEASURE(2.E-2),#5);
#504=PRESENTATION_STYLE_ASSIGNMENT((#503));
#505=STYLED_ITEM('',(#504),#502);
#506=DIRECTION('',(0.E0,0.E0,-1.E0));
#507=VECTOR('',#506,6.E-1);
#508=CARTESIAN_POINT('',(4.770002775566E0,0.E0,4.7E1));
#509=LINE('',#508,#507);
#510=CURVE_STYLE('',#20,POSITIVE_LENGTH_MEASURE(2.E-2),#5);
#511=PRESENTATION_STYLE_ASSIGNMENT((#510));
#512=STYLED_ITEM('',(#511),#509);
#513=DIRECTION('',(1.E0,0.E0,0.E0));
#514=VECTOR('',#513,2.222999722443E1);
#515=CARTESIAN_POINT('',(4.770002775566E0,0.E0,4.64E1));
#516=LINE('',#515,#514);
#517=CURVE_STYLE('',#20,POSITIVE_LENGTH_MEASURE(2.E-2),#5);
#518=PRESENTATION_STYLE_ASSIGNMENT((#517));
#519=STYLED_ITEM('',(#518),#516);
#520=CARTESIAN_POINT('',(2.7E1,0.E0,4.5E1));
#521=DIRECTION('',(0.E0,1.E0,0.E0));
#522=DIRECTION('',(0.E0,0.E0,1.E0));
#523=AXIS2_PLACEMENT_3D('',#520,#521,#522);
#525=CURVE_STYLE('',#20,POSITIVE_LENGTH_MEASURE(2.E-2),#5);
#526=PRESENTATION_STYLE_ASSIGNMENT((#525));
#527=STYLED_ITEM('',(#526),#524);
#528=DIRECTION('',(0.E0,0.E0,-1.E0));
#529=VECTOR('',#528,7.5E0);
#530=CARTESIAN_POINT('',(2.84E1,0.E0,4.5E1));
#531=LINE('',#530,#529);
#532=CURVE_STYLE('',#20,POSITIVE_LENGTH_MEASURE(2.E-2),#5);
#533=PRESENTATION_STYLE_ASSIGNMENT((#532));
#534=STYLED_ITEM('',(#533),#531);
#535=DIRECTION('',(1.E0,0.E0,1.421085471520E-13));
#536=VECTOR('',#535,1.E-1);
#537=CARTESIAN_POINT('',(2.83E1,0.E0,3.75E1));
#538=LINE('',#537,#536);
#539=CURVE_STYLE('',#20,POSITIVE_LENGTH_MEASURE(2.E-2),#5);
#540=PRESENTATION_STYLE_ASSIGNMENT((#539));
#541=STYLED_ITEM('',(#540),#538);
#542=DIRECTION('',(0.E0,0.E0,1.E0));
#543=VECTOR('',#542,5.E0);
#544=CARTESIAN_POINT('',(2.83E1,0.E0,3.25E1));
#545=LINE('',#544,#543);
#546=CURVE_STYLE('',#20,POSITIVE_LENGTH_MEASURE(2.E-2),#5);
#547=PRESENTATION_STYLE_ASSIGNMENT((#546));
#548=STYLED_ITEM('',(#547),#545);
#549=DIRECTION('',(-1.E0,0.E0,-1.421085471520E-13));
#550=VECTOR('',#549,1.E-1);
#551=CARTESIAN_POINT('',(2.84E1,0.E0,3.25E1));
#552=LINE('',#551,#550);
#553=CURVE_STYLE('',#20,POSITIVE_LENGTH_MEASURE(2.E-2),#5);
#554=PRESENTATION_STYLE_ASSIGNMENT((#553));
#555=STYLED_ITEM('',(#554),#552);
#556=DIRECTION('',(0.E0,0.E0,-1.E0));
#557=VECTOR('',#556,1.625133682592E0);
#558=CARTESIAN_POINT('',(2.84E1,0.E0,3.25E1));
#559=LINE('',#558,#557);
#560=CURVE_STYLE('',#20,POSITIVE_LENGTH_MEASURE(2.E-2),#5);
#561=PRESENTATION_STYLE_ASSIGNMENT((#560));
#562=STYLED_ITEM('',(#561),#559);
#563=DIRECTION('',(1.E0,0.E0,0.E0));
#564=VECTOR('',#563,2.5E-1);
#565=CARTESIAN_POINT('',(2.84E1,0.E0,3.087486631741E1));
#566=LINE('',#565,#564);
#567=CURVE_STYLE('',#20,POSITIVE_LENGTH_MEASURE(2.E-2),#5);
#568=PRESENTATION_STYLE_ASSIGNMENT((#567));
#569=STYLED_ITEM('',(#568),#566);
#570=DIRECTION('',(0.E0,0.E0,-1.E0));
#571=VECTOR('',#570,1.125868817728E0);
#572=CARTESIAN_POINT('',(2.865E1,0.E0,3.087486631741E1));
#573=LINE('',#572,#571);
#574=CURVE_STYLE('',#20,POSITIVE_LENGTH_MEASURE(2.E-2),#5);
#575=PRESENTATION_STYLE_ASSIGNMENT((#574));
#576=STYLED_ITEM('',(#575),#573);
#577=DIRECTION('',(1.E0,0.E0,-1.253898945459E-14));
#578=VECTOR('',#577,8.5E-1);
#579=CARTESIAN_POINT('',(2.865E1,0.E0,2.974899749968E1));
#580=LINE('',#579,#578);
#581=CURVE_STYLE('',#20,POSITIVE_LENGTH_MEASURE(2.E-2),#5);
#582=PRESENTATION_STYLE_ASSIGNMENT((#581));
#583=STYLED_ITEM('',(#582),#580);
#584=DIRECTION('',(0.E0,0.E0,-1.E0));
#585=VECTOR('',#584,1.525100250032E1);
#586=CARTESIAN_POINT('',(2.95E1,0.E0,4.5E1));
#587=LINE('',#586,#585);
#588=CURVE_STYLE('',#20,POSITIVE_LENGTH_MEASURE(2.E-2),#5);
#589=PRESENTATION_STYLE_ASSIGNMENT((#588));
#590=STYLED_ITEM('',(#589),#587);
#591=CARTESIAN_POINT('',(2.7E1,0.E0,4.5E1));
#592=DIRECTION('',(0.E0,1.E0,0.E0));
#593=DIRECTION('',(0.E0,0.E0,1.E0));
#594=AXIS2_PLACEMENT_3D('',#591,#592,#593);
#596=CURVE_STYLE('',#20,POSITIVE_LENGTH_MEASURE(2.E-2),#5);
#597=PRESENTATION_STYLE_ASSIGNMENT((#596));
#598=STYLED_ITEM('',(#597),#595);
#599=CARTESIAN_POINT('',(2.865E1,1.75E0,2.84999979E1));
#600=DIRECTION('',(1.E0,0.E0,0.E0));
#601=DIRECTION('',(0.E0,-5.932203389831E-1,8.050401414941E-1));
#602=AXIS2_PLACEMENT_3D('',#599,#600,#601);
#604=CURVE_STYLE('',#20,POSITIVE_LENGTH_MEASURE(2.E-2),#5);
#605=PRESENTATION_STYLE_ASSIGNMENT((#604));
#606=STYLED_ITEM('',(#605),#603);
#607=CARTESIAN_POINT('',(2.837905392209E1,-1.2E0,2.551518701E1));
#608=CARTESIAN_POINT('',(2.837879167983E1,-1.215023848713E0,2.499996851601E1));
#609=CARTESIAN_POINT('',(2.838270272135E1,-9.909604300241E-1,2.409339452735E1));
#610=CARTESIAN_POINT('',(2.839275610196E1,-4.150026406427E-1,2.335834665240E1));
#611=CARTESIAN_POINT('',(2.84E1,0.E0,2.305273870821E1));
#613=CURVE_STYLE('',#20,POSITIVE_LENGTH_MEASURE(2.E-2),#5);
#614=PRESENTATION_STYLE_ASSIGNMENT((#613));
#615=STYLED_ITEM('',(#614),#612);
#616=DIRECTION('',(0.E0,0.E0,-1.E0));
#617=VECTOR('',#616,2.984810890002E0);
#618=CARTESIAN_POINT('',(2.837905392209E1,-1.2E0,2.84999979E1));
#619=LINE('',#618,#617);
#620=CURVE_STYLE('',#20,POSITIVE_LENGTH_MEASURE(2.E-2),#5);
#621=PRESENTATION_STYLE_ASSIGNMENT((#620));
#622=STYLED_ITEM('',(#621),#619);
#623=CARTESIAN_POINT('',(2.84E1,0.E0,3.087486631741E1));
#624=CARTESIAN_POINT('',(2.839301831864E1,-3.999802569749E-1,3.058012769333E1));
#625=CARTESIAN_POINT('',(2.838313997552E1,-9.659101552786E-1,2.987236814566E1));
#626=CARTESIAN_POINT('',(2.837905392209E1,-1.2E0,2.899689206013E1));
#627=CARTESIAN_POINT('',(2.837905392209E1,-1.2E0,2.84999979E1));
#629=CURVE_STYLE('',#20,POSITIVE_LENGTH_MEASURE(2.E-2),#5);
#630=PRESENTATION_STYLE_ASSIGNMENT((#629));
#631=STYLED_ITEM('',(#630),#628);
#632=DIRECTION('',(-1.745240643728E-2,-9.998476951564E-1,0.E0));
#633=VECTOR('',#632,9.001370952395E-1);
#634=CARTESIAN_POINT('',(2.84E1,0.E0,3.25E1));
#635=LINE('',#634,#633);
#636=CURVE_STYLE('',#20,POSITIVE_LENGTH_MEASURE(2.E-2),#5);
#637=PRESENTATION_STYLE_ASSIGNMENT((#636));
#638=STYLED_ITEM('',(#637),#635);
#639=DIRECTION('',(0.E0,0.E0,-1.E0));
#640=VECTOR('',#639,5.E0);
#641=CARTESIAN_POINT('',(2.838429044156E1,-9.E-1,3.75E1));
#642=LINE('',#641,#640);
#643=CURVE_STYLE('',#20,POSITIVE_LENGTH_MEASURE(2.E-2),#5);
#644=PRESENTATION_STYLE_ASSIGNMENT((#643));
#645=STYLED_ITEM('',(#644),#642);
#646=DIRECTION('',(-1.745240643728E-2,-9.998476951564E-1,0.E0));
#647=VECTOR('',#646,9.001370952395E-1);
#648=CARTESIAN_POINT('',(2.84E1,0.E0,3.75E1));
#649=LINE('',#648,#647);
#650=CURVE_STYLE('',#20,POSITIVE_LENGTH_MEASURE(2.E-2),#5);
#651=PRESENTATION_STYLE_ASSIGNMENT((#650));
#652=STYLED_ITEM('',(#651),#649);
#653=DIRECTION('',(-1.745240643728E-2,-9.998476951564E-1,0.E0));
#654=VECTOR('',#653,3.000456984132E0);
#655=CARTESIAN_POINT('',(2.84E1,0.E0,4.5E1));
#656=LINE('',#655,#654);
#657=CURVE_STYLE('',#20,POSITIVE_LENGTH_MEASURE(2.E-2),#5);
#658=PRESENTATION_STYLE_ASSIGNMENT((#657));
#659=STYLED_ITEM('',(#658),#656);
#660=DIRECTION('',(-1.745240643728E-2,-9.998476951564E-1,0.E0));
#661=VECTOR('',#660,9.001370952395E-1);
#662=CARTESIAN_POINT('',(2.84E1,0.E0,-3.75E1));
#663=LINE('',#662,#661);
#664=CURVE_STYLE('',#20,POSITIVE_LENGTH_MEASURE(2.E-2),#5);
#665=PRESENTATION_STYLE_ASSIGNMENT((#664));
#666=STYLED_ITEM('',(#665),#663);
#667=DIRECTION('',(0.E0,0.E0,-1.E0));
#668=VECTOR('',#667,5.E0);
#669=CARTESIAN_POINT('',(2.838429044156E1,-9.E-1,-3.25E1));
#670=LINE('',#669,#668);
#671=CURVE_STYLE('',#20,POSITIVE_LENGTH_MEASURE(2.E-2),#5);
#672=PRESENTATION_STYLE_ASSIGNMENT((#671));
#673=STYLED_ITEM('',(#672),#670);
#674=DIRECTION('',(-1.745240643728E-2,-9.998476951564E-1,0.E0));
#675=VECTOR('',#674,9.001370952395E-1);
#676=CARTESIAN_POINT('',(2.84E1,0.E0,-3.25E1));
#677=LINE('',#676,#675);
#678=CURVE_STYLE('',#20,POSITIVE_LENGTH_MEASURE(2.E-2),#5);
#679=PRESENTATION_STYLE_ASSIGNMENT((#678));
#680=STYLED_ITEM('',(#679),#677);
#681=CARTESIAN_POINT('',(2.837905392209E1,-1.2E0,-2.651519135E1));
#682=CARTESIAN_POINT('',(2.837929784215E1,-1.186025828695E0,-2.699441286190E1));
#683=CARTESIAN_POINT('',(2.838355149171E1,-9.423344089612E-1,
-2.783979482867E1));
#684=CARTESIAN_POINT('',(2.839326221436E1,-3.860074807356E-1,
-2.852133885667E1));
#685=CARTESIAN_POINT('',(2.84E1,0.E0,-2.880559476513E1));
#687=CURVE_STYLE('',#20,POSITIVE_LENGTH_MEASURE(2.E-2),#5);
#688=PRESENTATION_STYLE_ASSIGNMENT((#687));
#689=STYLED_ITEM('',(#688),#686);
#690=DIRECTION('',(0.E0,0.E0,-1.E0));
#691=VECTOR('',#690,3.E0);
#692=CARTESIAN_POINT('',(2.837905392209E1,-1.2E0,-2.351519135E1));
#693=LINE('',#692,#691);
#694=CURVE_STYLE('',#20,POSITIVE_LENGTH_MEASURE(2.E-2),#5);
#695=PRESENTATION_STYLE_ASSIGNMENT((#694));
#696=STYLED_ITEM('',(#695),#693);
#697=CARTESIAN_POINT('',(2.84E1,0.E0,-2.105274304821E1));
#698=CARTESIAN_POINT('',(2.839275610196E1,-4.150026406427E-1,
-2.135835099240E1));
#699=CARTESIAN_POINT('',(2.838270272135E1,-9.909604300241E-1,
-2.209339886735E1));
#700=CARTESIAN_POINT('',(2.837879167983E1,-1.215023848713E0,-2.299997285601E1));
#701=CARTESIAN_POINT('',(2.837905392209E1,-1.2E0,-2.351519135E1));
#703=CURVE_STYLE('',#20,POSITIVE_LENGTH_MEASURE(2.E-2),#5);
#704=PRESENTATION_STYLE_ASSIGNMENT((#703));
#705=STYLED_ITEM('',(#704),#702);
#706=CARTESIAN_POINT('',(2.837905392209E1,-1.2E0,-1.549999884E1));
#707=CARTESIAN_POINT('',(2.837905392209E1,-1.2E0,-1.599689300012E1));
#708=CARTESIAN_POINT('',(2.838313997552E1,-9.659101552786E-1,
-1.687236908566E1));
#709=CARTESIAN_POINT('',(2.839301831864E1,-3.999802569749E-1,
-1.758012863333E1));
#710=CARTESIAN_POINT('',(2.84E1,0.E0,-1.787486725741E1));
#712=CURVE_STYLE('',#20,POSITIVE_LENGTH_MEASURE(2.E-2),#5);
#713=PRESENTATION_STYLE_ASSIGNMENT((#712));
#714=STYLED_ITEM('',(#713),#711);
#715=DIRECTION('',(0.E0,0.E0,-1.E0));
#716=VECTOR('',#715,3.015189109998E0);
#717=CARTESIAN_POINT('',(2.837905392209E1,-1.2E0,-1.248480973E1));
#718=LINE('',#717,#716);
#719=CURVE_STYLE('',#20,POSITIVE_LENGTH_MEASURE(2.E-2),#5);
#720=PRESENTATION_STYLE_ASSIGNMENT((#719));
#721=STYLED_ITEM('',(#720),#718);
#722=CARTESIAN_POINT('',(2.84E1,0.E0,-1.019440631487E1));
#723=CARTESIAN_POINT('',(2.839326221436E1,-3.860074807356E-1,
-1.047866222333E1));
#724=CARTESIAN_POINT('',(2.838355149171E1,-9.423344089612E-1,
-1.116020625133E1));
#725=CARTESIAN_POINT('',(2.837929784215E1,-1.186025828695E0,-1.200558821810E1));
#726=CARTESIAN_POINT('',(2.837905392209E1,-1.2E0,-1.248480973E1));
#728=CURVE_STYLE('',#20,POSITIVE_LENGTH_MEASURE(2.E-2),#5);
#729=PRESENTATION_STYLE_ASSIGNMENT((#728));
#730=STYLED_ITEM('',(#729),#727);
#731=CARTESIAN_POINT('',(2.837905392209E1,-1.2E0,-4.515189629997E0));
#732=CARTESIAN_POINT('',(2.837929784215E1,-1.186025828695E0,-4.994411141904E0));
#733=CARTESIAN_POINT('',(2.838355149171E1,-9.423344089612E-1,
-5.839793108670E0));
#734=CARTESIAN_POINT('',(2.839326221436E1,-3.860074807356E-1,
-6.521337136665E0));
#735=CARTESIAN_POINT('',(2.84E1,0.E0,-6.805593045127E0));
#737=CURVE_STYLE('',#20,POSITIVE_LENGTH_MEASURE(2.E-2),#5);
#738=PRESENTATION_STYLE_ASSIGNMENT((#737));
#739=STYLED_ITEM('',(#738),#736);
#740=DIRECTION('',(0.E0,0.E0,-1.E0));
#741=VECTOR('',#740,3.E0);
#742=CARTESIAN_POINT('',(2.837905392209E1,-1.2E0,-1.515189629997E0));
#743=LINE('',#742,#741);
#744=CURVE_STYLE('',#20,POSITIVE_LENGTH_MEASURE(2.E-2),#5);
#745=PRESENTATION_STYLE_ASSIGNMENT((#744));
#746=STYLED_ITEM('',(#745),#743);
#747=CARTESIAN_POINT('',(2.84E1,0.E0,9.472586717930E-1));
#748=CARTESIAN_POINT('',(2.839275610196E1,-4.150026406427E-1,
6.416507276026E-1));
#749=CARTESIAN_POINT('',(2.838270272135E1,-9.909604300241E-1,
-9.339714734551E-2));
#750=CARTESIAN_POINT('',(2.837879167983E1,-1.215023848713E0,
-9.999711360065E-1));
#751=CARTESIAN_POINT('',(2.837905392209E1,-1.2E0,-1.515189629997E0));
#753=CURVE_STYLE('',#20,POSITIVE_LENGTH_MEASURE(2.E-2),#5);
#754=PRESENTATION_STYLE_ASSIGNMENT((#753));
#755=STYLED_ITEM('',(#754),#752);
#756=CARTESIAN_POINT('',(2.837905392209E1,-1.2E0,1.151518707E1));
#757=CARTESIAN_POINT('',(2.837879167983E1,-1.215023848713E0,1.099996857601E1));
#758=CARTESIAN_POINT('',(2.838270272135E1,-9.909604300241E-1,1.009339458735E1));
#759=CARTESIAN_POINT('',(2.839275610196E1,-4.150026406427E-1,9.358346712398E0));
#760=CARTESIAN_POINT('',(2.84E1,0.E0,9.052738768208E0));
#762=CURVE_STYLE('',#20,POSITIVE_LENGTH_MEASURE(2.E-2),#5);
#763=PRESENTATION_STYLE_ASSIGNMENT((#762));
#764=STYLED_ITEM('',(#763),#761);
#765=DIRECTION('',(0.E0,0.E0,-1.E0));
#766=VECTOR('',#765,2.969621780004E0);
#767=CARTESIAN_POINT('',(2.837905392209E1,-1.2E0,1.448480885E1));
#768=LINE('',#767,#766);
#769=CURVE_STYLE('',#20,POSITIVE_LENGTH_MEASURE(2.E-2),#5);
#770=PRESENTATION_STYLE_ASSIGNMENT((#769));
#771=STYLED_ITEM('',(#770),#768);
#772=CARTESIAN_POINT('',(2.84E1,0.E0,1.694725715179E1));
#773=CARTESIAN_POINT('',(2.839275610196E1,-4.150026406427E-1,1.664164920760E1));
#774=CARTESIAN_POINT('',(2.838270272135E1,-9.909604300241E-1,1.590660133265E1));
#775=CARTESIAN_POINT('',(2.837879167983E1,-1.215023848713E0,1.500002734399E1));
#776=CARTESIAN_POINT('',(2.837905392209E1,-1.2E0,1.448480885E1));
#778=CURVE_STYLE('',#20,POSITIVE_LENGTH_MEASURE(2.E-2),#5);
#779=PRESENTATION_STYLE_ASSIGNMENT((#778));
#780=STYLED_ITEM('',(#779),#777);
#781=CARTESIAN_POINT('',(2.865E1,1.75E0,2.542916456667E1));
#782=DIRECTION('',(1.E0,0.E0,0.E0));
#783=DIRECTION('',(0.E0,-9.995751137637E-1,2.914776053509E-2));
#784=AXIS2_PLACEMENT_3D('',#781,#782,#783);
#786=CURVE_STYLE('',#20,POSITIVE_LENGTH_MEASURE(2.E-2),#5);
#787=PRESENTATION_STYLE_ASSIGNMENT((#786));
#788=STYLED_ITEM('',(#787),#785);
#789=DIRECTION('',(1.E0,0.E0,-2.622450715031E-14));
#790=VECTOR('',#789,2.709460779139E-1);
#791=CARTESIAN_POINT('',(2.837905392209E1,-1.2E0,2.551518701E1));
#792=LINE('',#791,#790);
#793=CURVE_STYLE('',#20,POSITIVE_LENGTH_MEASURE(2.E-2),#5);
#794=PRESENTATION_STYLE_ASSIGNMENT((#793));
#795=STYLED_ITEM('',(#794),#792);
#796=DIRECTION('',(0.E0,0.E0,-1.E0));
#797=VECTOR('',#796,2.984810890002E0);
#798=CARTESIAN_POINT('',(2.865E1,-1.2E0,2.84999979E1));
#799=LINE('',#798,#797);
#800=CURVE_STYLE('',#20,POSITIVE_LENGTH_MEASURE(2.E-2),#5);
#801=PRESENTATION_STYLE_ASSIGNMENT((#800));
#802=STYLED_ITEM('',(#801),#799);
#803=DIRECTION('',(1.E0,0.E0,0.E0));
#804=VECTOR('',#803,2.709460779139E-1);
#805=CARTESIAN_POINT('',(2.837905392209E1,-1.2E0,2.84999979E1));
#806=LINE('',#805,#804);
#807=CURVE_STYLE('',#20,POSITIVE_LENGTH_MEASURE(2.E-2),#5);
#808=PRESENTATION_STYLE_ASSIGNMENT((#807));
#809=STYLED_ITEM('',(#808),#806);
#810=DIRECTION('',(7.071067811865E-1,7.071067811865E-1,0.E0));
#811=VECTOR('',#810,7.071067811865E-1);
#812=CARTESIAN_POINT('',(2.78E1,-5.E-1,3.25E1));
#813=LINE('',#812,#811);
#814=CURVE_STYLE('',#20,POSITIVE_LENGTH_MEASURE(2.E-2),#5);
#815=PRESENTATION_STYLE_ASSIGNMENT((#814));
#816=STYLED_ITEM('',(#815),#813);
#817=DIRECTION('',(-7.071067811865E-1,-7.071067811865E-1,0.E0));
#818=VECTOR('',#817,7.071067811865E-1);
#819=CARTESIAN_POINT('',(2.83E1,0.E0,3.75E1));
#820=LINE('',#819,#818);
#821=CURVE_STYLE('',#20,POSITIVE_LENGTH_MEASURE(2.E-2),#5);
#822=PRESENTATION_STYLE_ASSIGNMENT((#821));
#823=STYLED_ITEM('',(#822),#820);
#824=DIRECTION('',(0.E0,-1.E0,3.552713678800E-14));
#825=VECTOR('',#824,4.E-1);
#826=CARTESIAN_POINT('',(2.78E1,-5.E-1,3.75E1));
#827=LINE('',#826,#825);
#828=CURVE_STYLE('',#20,POSITIVE_LENGTH_MEASURE(2.E-2),#5);
#829=PRESENTATION_STYLE_ASSIGNMENT((#828));
#830=STYLED_ITEM('',(#829),#827);
#831=DIRECTION('',(-1.E0,0.E0,0.E0));
#832=VECTOR('',#831,5.842904415646E-1);
#833=CARTESIAN_POINT('',(2.838429044156E1,-9.E-1,3.25E1));
#834=LINE('',#833,#832);
#835=CURVE_STYLE('',#20,POSITIVE_LENGTH_MEASURE(2.E-2),#5);
#836=PRESENTATION_STYLE_ASSIGNMENT((#835));
#837=STYLED_ITEM('',(#836),#834);
#838=DIRECTION('',(0.E0,0.E0,1.E0));
#839=VECTOR('',#838,5.E0);
#840=CARTESIAN_POINT('',(2.78E1,-9.E-1,3.25E1));
#841=LINE('',#840,#839);
#842=CURVE_STYLE('',#20,POSITIVE_LENGTH_MEASURE(2.E-2),#5);
#843=PRESENTATION_STYLE_ASSIGNMENT((#842));
#844=STYLED_ITEM('',(#843),#841);
#845=DIRECTION('',(1.E0,0.E0,0.E0));
#846=VECTOR('',#845,5.842904415646E-1);
#847=CARTESIAN_POINT('',(2.78E1,-9.E-1,3.75E1));
#848=LINE('',#847,#846);
#849=CURVE_STYLE('',#20,POSITIVE_LENGTH_MEASURE(2.E-2),#5);
#850=PRESENTATION_STYLE_ASSIGNMENT((#849));
#851=STYLED_ITEM('',(#850),#848);
#852=DIRECTION('',(-1.E0,0.E0,0.E0));
#853=VECTOR('',#852,5.842904415646E-1);
#854=CARTESIAN_POINT('',(2.838429044156E1,-9.E-1,-3.75E1));
#855=LINE('',#854,#853);
#856=CURVE_STYLE('',#20,POSITIVE_LENGTH_MEASURE(2.E-2),#5);
#857=PRESENTATION_STYLE_ASSIGNMENT((#856));
#858=STYLED_ITEM('',(#857),#855);
#859=DIRECTION('',(0.E0,0.E0,1.E0));
#860=VECTOR('',#859,5.E0);
#861=CARTESIAN_POINT('',(2.78E1,-9.E-1,-3.75E1));
#862=LINE('',#861,#860);
#863=CURVE_STYLE('',#20,POSITIVE_LENGTH_MEASURE(2.E-2),#5);
#864=PRESENTATION_STYLE_ASSIGNMENT((#863));
#865=STYLED_ITEM('',(#864),#862);
#866=DIRECTION('',(1.E0,0.E0,0.E0));
#867=VECTOR('',#866,5.842904415646E-1);
#868=CARTESIAN_POINT('',(2.78E1,-9.E-1,-3.25E1));
#869=LINE('',#868,#867);
#870=CURVE_STYLE('',#20,POSITIVE_LENGTH_MEASURE(2.E-2),#5);
#871=PRESENTATION_STYLE_ASSIGNMENT((#870));
#872=STYLED_ITEM('',(#871),#869);
#873=DIRECTION('',(1.E0,0.E0,0.E0));
#874=VECTOR('',#873,5.842904415646E-1);
#875=CARTESIAN_POINT('',(-2.838429044156E1,-9.E-1,3.75E1));
#876=LINE('',#875,#874);
#877=CURVE_STYLE('',#20,POSITIVE_LENGTH_MEASURE(2.E-2),#5);
#878=PRESENTATION_STYLE_ASSIGNMENT((#877));
#879=STYLED_ITEM('',(#878),#876);
#880=DIRECTION('',(0.E0,0.E0,-1.E0));
#881=VECTOR('',#880,5.E0);
#882=CARTESIAN_POINT('',(-2.78E1,-9.E-1,3.75E1));
#883=LINE('',#882,#881);
#884=CURVE_STYLE('',#20,POSITIVE_LENGTH_MEASURE(2.E-2),#5);
#885=PRESENTATION_STYLE_ASSIGNMENT((#884));
#886=STYLED_ITEM('',(#885),#883);
#887=DIRECTION('',(-1.E0,0.E0,0.E0));
#888=VECTOR('',#887,5.842904415646E-1);
#889=CARTESIAN_POINT('',(-2.78E1,-9.E-1,3.25E1));
#890=LINE('',#889,#888);
#891=CURVE_STYLE('',#20,POSITIVE_LENGTH_MEASURE(2.E-2),#5);
#892=PRESENTATION_STYLE_ASSIGNMENT((#891));
#893=STYLED_ITEM('',(#892),#890);
#894=DIRECTION('',(1.E0,0.E0,0.E0));
#895=VECTOR('',#894,5.842904415646E-1);
#896=CARTESIAN_POINT('',(-2.838429044156E1,-9.E-1,-3.25E1));
#897=LINE('',#896,#895);
#898=CURVE_STYLE('',#20,POSITIVE_LENGTH_MEASURE(2.E-2),#5);
#899=PRESENTATION_STYLE_ASSIGNMENT((#898));
#900=STYLED_ITEM('',(#899),#897);
#901=DIRECTION('',(0.E0,0.E0,-1.E0));
#902=VECTOR('',#901,5.E0);
#903=CARTESIAN_POINT('',(-2.78E1,-9.E-1,-3.25E1));
#904=LINE('',#903,#902);
#905=CURVE_STYLE('',#20,POSITIVE_LENGTH_MEASURE(2.E-2),#5);
#906=PRESENTATION_STYLE_ASSIGNMENT((#905));
#907=STYLED_ITEM('',(#906),#904);
#908=DIRECTION('',(-1.E0,0.E0,0.E0));
#909=VECTOR('',#908,5.842904415646E-1);
#910=CARTESIAN_POINT('',(-2.78E1,-9.E-1,-3.75E1));
#911=LINE('',#910,#909);
#912=CURVE_STYLE('',#20,POSITIVE_LENGTH_MEASURE(2.E-2),#5);
#913=PRESENTATION_STYLE_ASSIGNMENT((#912));
#914=STYLED_ITEM('',(#913),#911);
#915=DIRECTION('',(0.E0,0.E0,1.E0));
#916=VECTOR('',#915,5.E0);
#917=CARTESIAN_POINT('',(2.78E1,-5.E-1,3.25E1));
#918=LINE('',#917,#916);
#919=CURVE_STYLE('',#20,POSITIVE_LENGTH_MEASURE(2.E-2),#5);
#920=PRESENTATION_STYLE_ASSIGNMENT((#919));
#921=STYLED_ITEM('',(#920),#918);
#922=DIRECTION('',(0.E0,-1.E0,3.552713678800E-14));
#923=VECTOR('',#922,4.E-1);
#924=CARTESIAN_POINT('',(2.78E1,-5.E-1,3.25E1));
#925=LINE('',#924,#923);
#926=CURVE_STYLE('',#20,POSITIVE_LENGTH_MEASURE(2.E-2),#5);
#927=PRESENTATION_STYLE_ASSIGNMENT((#926));
#928=STYLED_ITEM('',(#927),#925);
#929=DIRECTION('',(7.071067811865E-1,7.071067811865E-1,0.E0));
#930=VECTOR('',#929,7.071067811865E-1);
#931=CARTESIAN_POINT('',(2.78E1,-5.E-1,-3.75E1));
#932=LINE('',#931,#930);
#933=CURVE_STYLE('',#20,POSITIVE_LENGTH_MEASURE(2.E-2),#5);
#934=PRESENTATION_STYLE_ASSIGNMENT((#933));
#935=STYLED_ITEM('',(#934),#932);
#936=DIRECTION('',(-7.071067811865E-1,-7.071067811865E-1,0.E0));
#937=VECTOR('',#936,7.071067811865E-1);
#938=CARTESIAN_POINT('',(2.83E1,0.E0,-3.25E1));
#939=LINE('',#938,#937);
#940=CURVE_STYLE('',#20,POSITIVE_LENGTH_MEASURE(2.E-2),#5);
#941=PRESENTATION_STYLE_ASSIGNMENT((#940));
#942=STYLED_ITEM('',(#941),#939);
#943=DIRECTION('',(0.E0,-1.E0,0.E0));
#944=VECTOR('',#943,4.E-1);
#945=CARTESIAN_POINT('',(2.78E1,-5.E-1,-3.25E1));
#946=LINE('',#945,#944);
#947=CURVE_STYLE('',#20,POSITIVE_LENGTH_MEASURE(2.E-2),#5);
#948=PRESENTATION_STYLE_ASSIGNMENT((#947));
#949=STYLED_ITEM('',(#948),#946);
#950=DIRECTION('',(0.E0,0.E0,1.E0));
#951=VECTOR('',#950,5.E0);
#952=CARTESIAN_POINT('',(2.78E1,-5.E-1,-3.75E1));
#953=LINE('',#952,#951);
#954=CURVE_STYLE('',#20,POSITIVE_LENGTH_MEASURE(2.E-2),#5);
#955=PRESENTATION_STYLE_ASSIGNMENT((#954));
#956=STYLED_ITEM('',(#955),#953);
#957=DIRECTION('',(0.E0,-1.E0,0.E0));
#958=VECTOR('',#957,4.E-1);
#959=CARTESIAN_POINT('',(2.78E1,-5.E-1,-3.75E1));
#960=LINE('',#959,#958);
#961=CURVE_STYLE('',#20,POSITIVE_LENGTH_MEASURE(2.E-2),#5);
#962=PRESENTATION_STYLE_ASSIGNMENT((#961));
#963=STYLED_ITEM('',(#962),#960);
#964=DIRECTION('',(0.E0,0.E0,-1.E0));
#965=VECTOR('',#964,5.E0);
#966=CARTESIAN_POINT('',(-2.838429044156E1,-9.E-1,3.75E1));
#967=LINE('',#966,#965);
#968=CURVE_STYLE('',#20,POSITIVE_LENGTH_MEASURE(2.E-2),#5);
#969=PRESENTATION_STYLE_ASSIGNMENT((#968));
#970=STYLED_ITEM('',(#969),#967);
#971=DIRECTION('',(1.745240643728E-2,-9.998476951564E-1,0.E0));
#972=VECTOR('',#971,9.001370952395E-1);
#973=CARTESIAN_POINT('',(-2.84E1,0.E0,3.25E1));
#974=LINE('',#973,#972);
#975=CURVE_STYLE('',#20,POSITIVE_LENGTH_MEASURE(2.E-2),#5);
#976=PRESENTATION_STYLE_ASSIGNMENT((#975));
#977=STYLED_ITEM('',(#976),#974);
#978=DIRECTION('',(1.745240643728E-2,-9.998476951564E-1,0.E0));
#979=VECTOR('',#978,9.001370952395E-1);
#980=CARTESIAN_POINT('',(-2.84E1,0.E0,-3.25E1));
#981=LINE('',#980,#979);
#982=CURVE_STYLE('',#20,POSITIVE_LENGTH_MEASURE(2.E-2),#5);
#983=PRESENTATION_STYLE_ASSIGNMENT((#982));
#984=STYLED_ITEM('',(#983),#981);
#985=DIRECTION('',(0.E0,0.E0,-1.E0));
#986=VECTOR('',#985,5.E0);
#987=CARTESIAN_POINT('',(-2.838429044156E1,-9.E-1,-3.25E1));
#988=LINE('',#987,#986);
#989=CURVE_STYLE('',#20,POSITIVE_LENGTH_MEASURE(2.E-2),#5);
#990=PRESENTATION_STYLE_ASSIGNMENT((#989));
#991=STYLED_ITEM('',(#990),#988);
#992=DIRECTION('',(1.745240643728E-2,-9.998476951564E-1,0.E0));
#993=VECTOR('',#992,9.001370952395E-1);
#994=CARTESIAN_POINT('',(-2.84E1,0.E0,-3.75E1));
#995=LINE('',#994,#993);
#996=CURVE_STYLE('',#20,POSITIVE_LENGTH_MEASURE(2.E-2),#5);
#997=PRESENTATION_STYLE_ASSIGNMENT((#996));
#998=STYLED_ITEM('',(#997),#995);
#999=DIRECTION('',(1.745240643728E-2,-9.998476951564E-1,0.E0));
#1000=VECTOR('',#999,3.000456984132E0);
#1001=CARTESIAN_POINT('',(-2.84E1,0.E0,-4.5E1));
#1002=LINE('',#1001,#1000);
#1003=CURVE_STYLE('',#20,POSITIVE_LENGTH_MEASURE(2.E-2),#5);
#1004=PRESENTATION_STYLE_ASSIGNMENT((#1003));
#1005=STYLED_ITEM('',(#1004),#1002);
#1006=DIRECTION('',(1.745240643728E-2,-9.998476951564E-1,0.E0));
#1007=VECTOR('',#1006,9.001370952395E-1);
#1008=CARTESIAN_POINT('',(-2.84E1,0.E0,3.75E1));
#1009=LINE('',#1008,#1007);
#1010=CURVE_STYLE('',#20,POSITIVE_LENGTH_MEASURE(2.E-2),#5);
#1011=PRESENTATION_STYLE_ASSIGNMENT((#1010));
#1012=STYLED_ITEM('',(#1011),#1009);
#1013=DIRECTION('',(7.071067811865E-1,-7.071067811865E-1,-1.004859173558E-14));
#1014=VECTOR('',#1013,7.071067811865E-1);
#1015=CARTESIAN_POINT('',(-2.83E1,0.E0,3.25E1));
#1016=LINE('',#1015,#1014);
#1017=CURVE_STYLE('',#20,POSITIVE_LENGTH_MEASURE(2.E-2),#5);
#1018=PRESENTATION_STYLE_ASSIGNMENT((#1017));
#1019=STYLED_ITEM('',(#1018),#1016);
#1020=DIRECTION('',(0.E0,-1.E0,5.329070518201E-14));
#1021=VECTOR('',#1020,4.E-1);
#1022=CARTESIAN_POINT('',(-2.78E1,-5.E-1,3.25E1));
#1023=LINE('',#1022,#1021);
#1024=CURVE_STYLE('',#20,POSITIVE_LENGTH_MEASURE(2.E-2),#5);
#1025=PRESENTATION_STYLE_ASSIGNMENT((#1024));
#1026=STYLED_ITEM('',(#1025),#1023);
#1027=DIRECTION('',(0.E0,0.E0,-1.E0));
#1028=VECTOR('',#1027,5.E0);
#1029=CARTESIAN_POINT('',(-2.78E1,-5.E-1,3.75E1));
#1030=LINE('',#1029,#1028);
#1031=CURVE_STYLE('',#20,POSITIVE_LENGTH_MEASURE(2.E-2),#5);
#1032=PRESENTATION_STYLE_ASSIGNMENT((#1031));
#1033=STYLED_ITEM('',(#1032),#1030);
#1034=DIRECTION('',(0.E0,-1.E0,5.329070518201E-14));
#1035=VECTOR('',#1034,4.E-1);
#1036=CARTESIAN_POINT('',(-2.78E1,-5.E-1,3.75E1));
#1037=LINE('',#1036,#1035);
#1038=CURVE_STYLE('',#20,POSITIVE_LENGTH_MEASURE(2.E-2),#5);
#1039=PRESENTATION_STYLE_ASSIGNMENT((#1038));
#1040=STYLED_ITEM('',(#1039),#1037);
#1041=DIRECTION('',(-7.071067811865E-1,7.071067811865E-1,-1.004859173558E-14));
#1042=VECTOR('',#1041,7.071067811865E-1);
#1043=CARTESIAN_POINT('',(-2.78E1,-5.E-1,3.75E1));
#1044=LINE('',#1043,#1042);
#1045=CURVE_STYLE('',#20,POSITIVE_LENGTH_MEASURE(2.E-2),#5);
#1046=PRESENTATION_STYLE_ASSIGNMENT((#1045));
#1047=STYLED_ITEM('',(#1046),#1044);
#1048=DIRECTION('',(-7.071067811865E-1,7.071067811865E-1,0.E0));
#1049=VECTOR('',#1048,7.071067811865E-1);
#1050=CARTESIAN_POINT('',(-2.78E1,-5.E-1,-3.25E1));
#1051=LINE('',#1050,#1049);
#1052=CURVE_STYLE('',#20,POSITIVE_LENGTH_MEASURE(2.E-2),#5);
#1053=PRESENTATION_STYLE_ASSIGNMENT((#1052));
#1054=STYLED_ITEM('',(#1053),#1051);
#1055=DIRECTION('',(7.071067811865E-1,-7.071067811865E-1,0.E0));
#1056=VECTOR('',#1055,7.071067811865E-1);
#1057=CARTESIAN_POINT('',(-2.83E1,0.E0,-3.75E1));
#1058=LINE('',#1057,#1056);
#1059=CURVE_STYLE('',#20,POSITIVE_LENGTH_MEASURE(2.E-2),#5);
#1060=PRESENTATION_STYLE_ASSIGNMENT((#1059));
#1061=STYLED_ITEM('',(#1060),#1058);
#1062=DIRECTION('',(0.E0,-1.E0,0.E0));
#1063=VECTOR('',#1062,4.E-1);
#1064=CARTESIAN_POINT('',(-2.78E1,-5.E-1,-3.75E1));
#1065=LINE('',#1064,#1063);
#1066=CURVE_STYLE('',#20,POSITIVE_LENGTH_MEASURE(2.E-2),#5);
#1067=PRESENTATION_STYLE_ASSIGNMENT((#1066));
#1068=STYLED_ITEM('',(#1067),#1065);
#1069=DIRECTION('',(0.E0,0.E0,-1.E0));
#1070=VECTOR('',#1069,5.E0);
#1071=CARTESIAN_POINT('',(-2.78E1,-5.E-1,-3.25E1));
#1072=LINE('',#1071,#1070);
#1073=CURVE_STYLE('',#20,POSITIVE_LENGTH_MEASURE(2.E-2),#5);
#1074=PRESENTATION_STYLE_ASSIGNMENT((#1073));
#1075=STYLED_ITEM('',(#1074),#1072);
#1076=DIRECTION('',(0.E0,-1.E0,0.E0));
#1077=VECTOR('',#1076,4.E-1);
#1078=CARTESIAN_POINT('',(-2.78E1,-5.E-1,-3.25E1));
#1079=LINE('',#1078,#1077);
#1080=CURVE_STYLE('',#20,POSITIVE_LENGTH_MEASURE(2.E-2),#5);
#1081=PRESENTATION_STYLE_ASSIGNMENT((#1080));
#1082=STYLED_ITEM('',(#1081),#1079);
#1083=DIRECTION('',(0.E0,-9.998476951564E-1,1.745240643728E-2));
#1084=VECTOR('',#1083,3.000456984132E0);
#1085=CARTESIAN_POINT('',(-2.7E1,0.E0,-4.64E1));
#1086=LINE('',#1085,#1084);
#1087=CURVE_STYLE('',#20,POSITIVE_LENGTH_MEASURE(2.E-2),#5);
#1088=PRESENTATION_STYLE_ASSIGNMENT((#1087));
#1089=STYLED_ITEM('',(#1088),#1086);
#1090=CARTESIAN_POINT('',(-1.669065296467E1,0.E0,-4.64E1));
#1091=CARTESIAN_POINT('',(-1.667533645650E1,-1.000942100615E-1,
-4.639825284906E1));
#1092=CARTESIAN_POINT('',(-1.664470344015E1,-2.440684603277E-1,
-4.639573976918E1));
#1093=CARTESIAN_POINT('',(-1.658343740746E1,-4.677428233547E-1,
-4.639183551865E1));
#1094=CARTESIAN_POINT('',(-1.650685486659E1,-6.759700504567E-1,
-4.638820089888E1));
#1095=CARTESIAN_POINT('',(-1.641495581755E1,-8.775151004276E-1,
-4.638468291695E1));
#1096=CARTESIAN_POINT('',(-1.629242375216E1,-1.103125288400E0,
-4.638074487647E1));
#1097=CARTESIAN_POINT('',(-1.613925867043E1,-1.331090104185E0,
-4.637676573581E1));
#1098=CARTESIAN_POINT('',(-1.595546057234E1,-1.552696209880E0,
-4.637289758684E1));
#1099=CARTESIAN_POINT('',(-1.577166247426E1,-1.737192665093E0,
-4.636967718924E1));
#1100=CARTESIAN_POINT('',(-1.552659834349E1,-1.945154159525E0,
-4.636604720785E1));
#1101=CARTESIAN_POINT('',(-1.522026818002E1,-2.147565560330E0,
-4.636251410371E1));
#1102=CARTESIAN_POINT('',(-1.485267198385E1,-2.322459525740E0,
-4.635946131819E1));
#1103=CARTESIAN_POINT('',(-1.436254372230E1,-2.480434741219E0,
-4.635670385054E1));
#1104=CARTESIAN_POINT('',(-1.374988339536E1,-2.554711394415E0,
-4.635540734674E1));
#1105=CARTESIAN_POINT('',(-1.313722306842E1,-2.480434741219E0,
-4.635670385054E1));
#1106=CARTESIAN_POINT('',(-1.264709480686E1,-2.322459525740E0,
-4.635946131819E1));
#1107=CARTESIAN_POINT('',(-1.227949861070E1,-2.147565560330E0,
-4.636251410371E1));
#1108=CARTESIAN_POINT('',(-1.197316844723E1,-1.945154159525E0,
-4.636604720785E1));
#1109=CARTESIAN_POINT('',(-1.172810431645E1,-1.737192665093E0,
-4.636967718924E1));
#1110=CARTESIAN_POINT('',(-1.154430621837E1,-1.552696209880E0,
-4.637289758684E1));
#1111=CARTESIAN_POINT('',(-1.136050812029E1,-1.331090104185E0,
-4.637676573581E1));
#1112=CARTESIAN_POINT('',(-1.120734303855E1,-1.103125288400E0,
-4.638074487647E1));
#1113=CARTESIAN_POINT('',(-1.108481097316E1,-8.775151004276E-1,
-4.638468291695E1));
#1114=CARTESIAN_POINT('',(-1.099291192412E1,-6.759700504567E-1,
-4.638820089888E1));
#1115=CARTESIAN_POINT('',(-1.091632938325E1,-4.677428233547E-1,
-4.639183551865E1));
#1116=CARTESIAN_POINT('',(-1.085506335056E1,-2.440684603277E-1,
-4.639573976918E1));
#1117=CARTESIAN_POINT('',(-1.082443033421E1,-1.000942100615E-1,
-4.639825284906E1));
#1118=CARTESIAN_POINT('',(-1.080911382604E1,0.E0,-4.64E1));
#1120=CURVE_STYLE('',#20,POSITIVE_LENGTH_MEASURE(2.E-2),#5);
#1121=PRESENTATION_STYLE_ASSIGNMENT((#1120));
#1122=STYLED_ITEM('',(#1121),#1119);
#1123=DIRECTION('',(0.E0,-9.998476951564E-1,1.745240643728E-2));
#1124=VECTOR('',#1123,3.000456984132E0);
#1125=CARTESIAN_POINT('',(2.7E1,0.E0,-4.64E1));
#1126=LINE('',#1125,#1124);
#1127=CURVE_STYLE('',#20,POSITIVE_LENGTH_MEASURE(2.E-2),#5);
#1128=PRESENTATION_STYLE_ASSIGNMENT((#1127));
#1129=STYLED_ITEM('',(#1128),#1126);
#1130=CARTESIAN_POINT('',(-1.374988339536E1,4.499992668630E-1,-4.75E1));
#1131=DIRECTION('',(0.E0,0.E0,1.E0));
#1132=DIRECTION('',(-9.884939728798E-1,-1.512602577691E-1,0.E0));
#1133=AXIS2_PLACEMENT_3D('',#1130,#1131,#1132);
#1135=CURVE_STYLE('',#20,POSITIVE_LENGTH_MEASURE(2.E-2),#5);
#1136=PRESENTATION_STYLE_ASSIGNMENT((#1135));
#1137=STYLED_ITEM('',(#1136),#1134);
#1138=DIRECTION('',(1.E0,0.E0,0.E0));
#1139=VECTOR('',#1138,5.399999999665E1);
#1140=CARTESIAN_POINT('',(-2.699999999839E1,-1.05E1,-4.75E1));
#1141=LINE('',#1140,#1139);
#1142=CURVE_STYLE('',#20,POSITIVE_LENGTH_MEASURE(2.E-2),#5);
#1143=PRESENTATION_STYLE_ASSIGNMENT((#1142));
#1144=STYLED_ITEM('',(#1143),#1141);
#1145=DIRECTION('',(-1.653033688767E-10,-1.E0,0.E0));
#1146=VECTOR('',#1145,1.05E1);
#1147=CARTESIAN_POINT('',(2.7E1,0.E0,-4.75E1));
#1148=LINE('',#1147,#1146);
#1149=CURVE_STYLE('',#20,POSITIVE_LENGTH_MEASURE(2.E-2),#5);
#1150=PRESENTATION_STYLE_ASSIGNMENT((#1149));
#1151=STYLED_ITEM('',(#1150),#1148);
#1152=CARTESIAN_POINT('',(-2.7E1,-1.05E1,-4.5E1));
#1153=DIRECTION('',(0.E0,-1.E0,0.E0));
#1154=DIRECTION('',(-1.E0,0.E0,0.E0));
#1155=AXIS2_PLACEMENT_3D('',#1152,#1153,#1154);
#1157=CURVE_STYLE('',#20,POSITIVE_LENGTH_MEASURE(2.E-2),#5);
#1158=PRESENTATION_STYLE_ASSIGNMENT((#1157));
#1159=STYLED_ITEM('',(#1158),#1156);
#1160=DIRECTION('',(1.534061766506E-10,-1.E0,0.E0));
#1161=VECTOR('',#1160,1.05E1);
#1162=CARTESIAN_POINT('',(-2.7E1,0.E0,-4.75E1));
#1163=LINE('',#1162,#1161);
#1164=CURVE_STYLE('',#20,POSITIVE_LENGTH_MEASURE(2.E-2),#5);
#1165=PRESENTATION_STYLE_ASSIGNMENT((#1164));
#1166=STYLED_ITEM('',(#1165),#1163);
#1167=CARTESIAN_POINT('',(-2.85E1,-1.05E1,-4.5E1));
#1168=DIRECTION('',(0.E0,0.E0,-1.E0));
#1169=DIRECTION('',(0.E0,-1.E0,0.E0));
#1170=AXIS2_PLACEMENT_3D('',#1167,#1168,#1169);
#1172=CURVE_STYLE('',#20,POSITIVE_LENGTH_MEASURE(2.E-2),#5);
#1173=PRESENTATION_STYLE_ASSIGNMENT((#1172));
#1174=STYLED_ITEM('',(#1173),#1171);
#1175=CARTESIAN_POINT('',(2.7E1,-1.15E1,4.5E1));
#1176=DIRECTION('',(0.E0,-1.E0,0.E0));
#1177=DIRECTION('',(1.E0,0.E0,0.E0));
#1178=AXIS2_PLACEMENT_3D('',#1175,#1176,#1177);
#1180=CURVE_STYLE('',#20,POSITIVE_LENGTH_MEASURE(2.E-2),#5);
#1181=PRESENTATION_STYLE_ASSIGNMENT((#1180));
#1182=STYLED_ITEM('',(#1181),#1179);
#1183=DIRECTION('',(0.E0,0.E0,1.E0));
#1184=VECTOR('',#1183,9.E1);
#1185=CARTESIAN_POINT('',(2.85E1,-1.15E1,-4.5E1));
#1186=LINE('',#1185,#1184);
#1187=CURVE_STYLE('',#20,POSITIVE_LENGTH_MEASURE(2.E-2),#5);
#1188=PRESENTATION_STYLE_ASSIGNMENT((#1187));
#1189=STYLED_ITEM('',(#1188),#1186);
#1190=CARTESIAN_POINT('',(2.7E1,-1.15E1,-4.5E1));
#1191=DIRECTION('',(0.E0,-1.E0,0.E0));
#1192=DIRECTION('',(0.E0,0.E0,-1.E0));
#1193=AXIS2_PLACEMENT_3D('',#1190,#1191,#1192);
#1195=CURVE_STYLE('',#20,POSITIVE_LENGTH_MEASURE(2.E-2),#5);
#1196=PRESENTATION_STYLE_ASSIGNMENT((#1195));
#1197=STYLED_ITEM('',(#1196),#1194);
#1198=DIRECTION('',(1.E0,0.E0,0.E0));
#1199=VECTOR('',#1198,5.4E1);
#1200=CARTESIAN_POINT('',(-2.7E1,-1.15E1,-4.65E1));
#1201=LINE('',#1200,#1199);
#1202=CURVE_STYLE('',#20,POSITIVE_LENGTH_MEASURE(2.E-2),#5);
#1203=PRESENTATION_STYLE_ASSIGNMENT((#1202));
#1204=STYLED_ITEM('',(#1203),#1201);
#1205=CARTESIAN_POINT('',(-2.7E1,-1.15E1,-4.5E1));
#1206=DIRECTION('',(0.E0,-1.E0,0.E0));
#1207=DIRECTION('',(-1.E0,0.E0,0.E0));
#1208=AXIS2_PLACEMENT_3D('',#1205,#1206,#1207);
#1210=CURVE_STYLE('',#20,POSITIVE_LENGTH_MEASURE(2.E-2),#5);
#1211=PRESENTATION_STYLE_ASSIGNMENT((#1210));
#1212=STYLED_ITEM('',(#1211),#1209);
#1213=DIRECTION('',(0.E0,0.E0,-1.E0));
#1214=VECTOR('',#1213,9.E1);
#1215=CARTESIAN_POINT('',(-2.85E1,-1.15E1,4.5E1));
#1216=LINE('',#1215,#1214);
#1217=CURVE_STYLE('',#20,POSITIVE_LENGTH_MEASURE(2.E-2),#5);
#1218=PRESENTATION_STYLE_ASSIGNMENT((#1217));
#1219=STYLED_ITEM('',(#1218),#1216);
#1220=CARTESIAN_POINT('',(-2.7E1,-1.15E1,4.5E1));
#1221=DIRECTION('',(0.E0,-1.E0,0.E0));
#1222=DIRECTION('',(0.E0,0.E0,1.E0));
#1223=AXIS2_PLACEMENT_3D('',#1220,#1221,#1222);
#1225=CURVE_STYLE('',#20,POSITIVE_LENGTH_MEASURE(2.E-2),#5);
#1226=PRESENTATION_STYLE_ASSIGNMENT((#1225));
#1227=STYLED_ITEM('',(#1226),#1224);
#1228=DIRECTION('',(-1.E0,0.E0,0.E0));
#1229=VECTOR('',#1228,5.4E1);
#1230=CARTESIAN_POINT('',(2.7E1,-1.15E1,4.65E1));
#1231=LINE('',#1230,#1229);
#1232=CURVE_STYLE('',#20,POSITIVE_LENGTH_MEASURE(2.E-2),#5);
#1233=PRESENTATION_STYLE_ASSIGNMENT((#1232));
#1234=STYLED_ITEM('',(#1233),#1231);
#1235=CARTESIAN_POINT('',(0.E0,-1.15E1,-2.035991162434E1));
#1236=DIRECTION('',(0.E0,-1.E0,0.E0));
#1237=DIRECTION('',(-1.E0,0.E0,0.E0));
#1238=AXIS2_PLACEMENT_3D('',#1235,#1236,#1237);
#1240=CURVE_STYLE('',#20,POSITIVE_LENGTH_MEASURE(2.E-2),#5);
#1241=PRESENTATION_STYLE_ASSIGNMENT((#1240));
#1242=STYLED_ITEM('',(#1241),#1239);
#1243=CARTESIAN_POINT('',(0.E0,-1.15E1,-2.035991162434E1));
#1244=DIRECTION('',(0.E0,-1.E0,0.E0));
#1245=DIRECTION('',(1.E0,0.E0,0.E0));
#1246=AXIS2_PLACEMENT_3D('',#1243,#1244,#1245);
#1248=CURVE_STYLE('',#20,POSITIVE_LENGTH_MEASURE(2.E-2),#5);
#1249=PRESENTATION_STYLE_ASSIGNMENT((#1248));
#1250=STYLED_ITEM('',(#1249),#1247);
#1251=CARTESIAN_POINT('',(2.4E1,-1.15E1,4.2E1));
#1252=DIRECTION('',(0.E0,-1.E0,0.E0));
#1253=DIRECTION('',(0.E0,0.E0,-1.E0));
#1254=AXIS2_PLACEMENT_3D('',#1251,#1252,#1253);
#1256=CURVE_STYLE('',#20,POSITIVE_LENGTH_MEASURE(2.E-2),#5);
#1257=PRESENTATION_STYLE_ASSIGNMENT((#1256));
#1258=STYLED_ITEM('',(#1257),#1255);
#1259=CARTESIAN_POINT('',(2.4E1,-1.15E1,4.2E1));
#1260=DIRECTION('',(0.E0,-1.E0,0.E0));
#1261=DIRECTION('',(0.E0,0.E0,1.E0));
#1262=AXIS2_PLACEMENT_3D('',#1259,#1260,#1261);
#1264=CURVE_STYLE('',#20,POSITIVE_LENGTH_MEASURE(2.E-2),#5);
#1265=PRESENTATION_STYLE_ASSIGNMENT((#1264));
#1266=STYLED_ITEM('',(#1265),#1263);
#1267=CARTESIAN_POINT('',(-2.4E1,-1.15E1,4.2E1));
#1268=DIRECTION('',(0.E0,-1.E0,0.E0));
#1269=DIRECTION('',(0.E0,0.E0,-1.E0));
#1270=AXIS2_PLACEMENT_3D('',#1267,#1268,#1269);
#1272=CURVE_STYLE('',#20,POSITIVE_LENGTH_MEASURE(2.E-2),#5);
#1273=PRESENTATION_STYLE_ASSIGNMENT((#1272));
#1274=STYLED_ITEM('',(#1273),#1271);
#1275=CARTESIAN_POINT('',(-2.4E1,-1.15E1,4.2E1));
#1276=DIRECTION('',(0.E0,-1.E0,0.E0));
#1277=DIRECTION('',(0.E0,0.E0,1.E0));
#1278=AXIS2_PLACEMENT_3D('',#1275,#1276,#1277);
#1280=CURVE_STYLE('',#20,POSITIVE_LENGTH_MEASURE(2.E-2),#5);
#1281=PRESENTATION_STYLE_ASSIGNMENT((#1280));
#1282=STYLED_ITEM('',(#1281),#1279);
#1283=CARTESIAN_POINT('',(-2.4E1,-1.15E1,-4.2E1));
#1284=DIRECTION('',(0.E0,-1.E0,0.E0));
#1285=DIRECTION('',(0.E0,0.E0,-1.E0));
#1286=AXIS2_PLACEMENT_3D('',#1283,#1284,#1285);
#1288=CURVE_STYLE('',#20,POSITIVE_LENGTH_MEASURE(2.E-2),#5);
#1289=PRESENTATION_STYLE_ASSIGNMENT((#1288));
#1290=STYLED_ITEM('',(#1289),#1287);
#1291=CARTESIAN_POINT('',(-2.4E1,-1.15E1,-4.2E1));
#1292=DIRECTION('',(0.E0,-1.E0,0.E0));
#1293=DIRECTION('',(0.E0,0.E0,1.E0));
#1294=AXIS2_PLACEMENT_3D('',#1291,#1292,#1293);
#1296=CURVE_STYLE('',#20,POSITIVE_LENGTH_MEASURE(2.E-2),#5);
#1297=PRESENTATION_STYLE_ASSIGNMENT((#1296));
#1298=STYLED_ITEM('',(#1297),#1295);
#1299=CARTESIAN_POINT('',(0.E0,-1.15E1,3.2E1));
#1300=DIRECTION('',(0.E0,1.E0,0.E0));
#1301=DIRECTION('',(0.E0,0.E0,-1.E0));
#1302=AXIS2_PLACEMENT_3D('',#1299,#1300,#1301);
#1304=CURVE_STYLE('',#20,POSITIVE_LENGTH_MEASURE(2.E-2),#5);
#1305=PRESENTATION_STYLE_ASSIGNMENT((#1304));
#1306=STYLED_ITEM('',(#1305),#1303);
#1307=CARTESIAN_POINT('',(0.E0,-1.15E1,3.2E1));
#1308=DIRECTION('',(0.E0,1.E0,0.E0));
#1309=DIRECTION('',(0.E0,0.E0,1.E0));
#1310=AXIS2_PLACEMENT_3D('',#1307,#1308,#1309);
#1312=CURVE_STYLE('',#20,POSITIVE_LENGTH_MEASURE(2.E-2),#5);
#1313=PRESENTATION_STYLE_ASSIGNMENT((#1312));
#1314=STYLED_ITEM('',(#1313),#1311);
#1315=CARTESIAN_POINT('',(0.E0,-1.15E1,2.9E1));
#1316=DIRECTION('',(0.E0,1.E0,0.E0));
#1317=DIRECTION('',(0.E0,0.E0,-1.E0));
#1318=AXIS2_PLACEMENT_3D('',#1315,#1316,#1317);
#1320=CURVE_STYLE('',#20,POSITIVE_LENGTH_MEASURE(2.E-2),#5);
#1321=PRESENTATION_STYLE_ASSIGNMENT((#1320));
#1322=STYLED_ITEM('',(#1321),#1319);
#1323=CARTESIAN_POINT('',(0.E0,-1.15E1,2.9E1));
#1324=DIRECTION('',(0.E0,1.E0,0.E0));
#1325=DIRECTION('',(0.E0,0.E0,1.E0));
#1326=AXIS2_PLACEMENT_3D('',#1323,#1324,#1325);
#1328=CURVE_STYLE('',#20,POSITIVE_LENGTH_MEASURE(2.E-2),#5);
#1329=PRESENTATION_STYLE_ASSIGNMENT((#1328));
#1330=STYLED_ITEM('',(#1329),#1327);
#1331=CARTESIAN_POINT('',(3.E0,-1.15E1,2.9E1));
#1332=DIRECTION('',(0.E0,1.E0,0.E0));
#1333=DIRECTION('',(0.E0,0.E0,-1.E0));
#1334=AXIS2_PLACEMENT_3D('',#1331,#1332,#1333);
#1336=CURVE_STYLE('',#20,POSITIVE_LENGTH_MEASURE(2.E-2),#5);
#1337=PRESENTATION_STYLE_ASSIGNMENT((#1336));
#1338=STYLED_ITEM('',(#1337),#1335);
#1339=CARTESIAN_POINT('',(3.E0,-1.15E1,2.9E1));
#1340=DIRECTION('',(0.E0,1.E0,0.E0));
#1341=DIRECTION('',(0.E0,0.E0,1.E0));
#1342=AXIS2_PLACEMENT_3D('',#1339,#1340,#1341);
#1344=CURVE_STYLE('',#20,POSITIVE_LENGTH_MEASURE(2.E-2),#5);
#1345=PRESENTATION_STYLE_ASSIGNMENT((#1344));
#1346=STYLED_ITEM('',(#1345),#1343);
#1347=CARTESIAN_POINT('',(3.E0,-1.15E1,3.2E1));
#1348=DIRECTION('',(0.E0,1.E0,0.E0));
#1349=DIRECTION('',(0.E0,0.E0,-1.E0));
#1350=AXIS2_PLACEMENT_3D('',#1347,#1348,#1349);
#1352=CURVE_STYLE('',#20,POSITIVE_LENGTH_MEASURE(2.E-2),#5);
#1353=PRESENTATION_STYLE_ASSIGNMENT((#1352));
#1354=STYLED_ITEM('',(#1353),#1351);
#1355=CARTESIAN_POINT('',(3.E0,-1.15E1,3.2E1));
#1356=DIRECTION('',(0.E0,1.E0,0.E0));
#1357=DIRECTION('',(0.E0,0.E0,1.E0));
#1358=AXIS2_PLACEMENT_3D('',#1355,#1356,#1357);
#1360=CURVE_STYLE('',#20,POSITIVE_LENGTH_MEASURE(2.E-2),#5);
#1361=PRESENTATION_STYLE_ASSIGNMENT((#1360));
#1362=STYLED_ITEM('',(#1361),#1359);
#1363=CARTESIAN_POINT('',(3.E0,-1.15E1,3.5E1));
#1364=DIRECTION('',(0.E0,1.E0,0.E0));
#1365=DIRECTION('',(0.E0,0.E0,-1.E0));
#1366=AXIS2_PLACEMENT_3D('',#1363,#1364,#1365);
#1368=CURVE_STYLE('',#20,POSITIVE_LENGTH_MEASURE(2.E-2),#5);
#1369=PRESENTATION_STYLE_ASSIGNMENT((#1368));
#1370=STYLED_ITEM('',(#1369),#1367);
#1371=CARTESIAN_POINT('',(3.E0,-1.15E1,3.5E1));
#1372=DIRECTION('',(0.E0,1.E0,0.E0));
#1373=DIRECTION('',(0.E0,0.E0,1.E0));
#1374=AXIS2_PLACEMENT_3D('',#1371,#1372,#1373);
#1376=CURVE_STYLE('',#20,POSITIVE_LENGTH_MEASURE(2.E-2),#5);
#1377=PRESENTATION_STYLE_ASSIGNMENT((#1376));
#1378=STYLED_ITEM('',(#1377),#1375);
#1379=CARTESIAN_POINT('',(0.E0,-1.15E1,3.5E1));
#1380=DIRECTION('',(0.E0,1.E0,0.E0));
#1381=DIRECTION('',(0.E0,0.E0,-1.E0));
#1382=AXIS2_PLACEMENT_3D('',#1379,#1380,#1381);
#1384=CURVE_STYLE('',#20,POSITIVE_LENGTH_MEASURE(2.E-2),#5);
#1385=PRESENTATION_STYLE_ASSIGNMENT((#1384));
#1386=STYLED_ITEM('',(#1385),#1383);
#1387=CARTESIAN_POINT('',(0.E0,-1.15E1,3.5E1));
#1388=DIRECTION('',(0.E0,1.E0,0.E0));
#1389=DIRECTION('',(0.E0,0.E0,1.E0));
#1390=AXIS2_PLACEMENT_3D('',#1387,#1388,#1389);
#1392=CURVE_STYLE('',#20,POSITIVE_LENGTH_MEASURE(2.E-2),#5);
#1393=PRESENTATION_STYLE_ASSIGNMENT((#1392));
#1394=STYLED_ITEM('',(#1393),#1391);
#1395=CARTESIAN_POINT('',(-3.E0,-1.15E1,3.5E1));
#1396=DIRECTION('',(0.E0,1.E0,0.E0));
#1397=DIRECTION('',(0.E0,0.E0,-1.E0));
#1398=AXIS2_PLACEMENT_3D('',#1395,#1396,#1397);
#1400=CURVE_STYLE('',#20,POSITIVE_LENGTH_MEASURE(2.E-2),#5);
#1401=PRESENTATION_STYLE_ASSIGNMENT((#1400));
#1402=STYLED_ITEM('',(#1401),#1399);
#1403=CARTESIAN_POINT('',(-3.E0,-1.15E1,3.5E1));
#1404=DIRECTION('',(0.E0,1.E0,0.E0));
#1405=DIRECTION('',(0.E0,0.E0,1.E0));
#1406=AXIS2_PLACEMENT_3D('',#1403,#1404,#1405);
#1408=CURVE_STYLE('',#20,POSITIVE_LENGTH_MEASURE(2.E-2),#5);
#1409=PRESENTATION_STYLE_ASSIGNMENT((#1408));
#1410=STYLED_ITEM('',(#1409),#1407);
#1411=CARTESIAN_POINT('',(-3.E0,-1.15E1,3.2E1));
#1412=DIRECTION('',(0.E0,1.E0,0.E0));
#1413=DIRECTION('',(0.E0,0.E0,-1.E0));
#1414=AXIS2_PLACEMENT_3D('',#1411,#1412,#1413);
#1416=CURVE_STYLE('',#20,POSITIVE_LENGTH_MEASURE(2.E-2),#5);
#1417=PRESENTATION_STYLE_ASSIGNMENT((#1416));
#1418=STYLED_ITEM('',(#1417),#1415);
#1419=CARTESIAN_POINT('',(-3.E0,-1.15E1,3.2E1));
#1420=DIRECTION('',(0.E0,1.E0,0.E0));
#1421=DIRECTION('',(0.E0,0.E0,1.E0));
#1422=AXIS2_PLACEMENT_3D('',#1419,#1420,#1421);
#1424=CURVE_STYLE('',#20,POSITIVE_LENGTH_MEASURE(2.E-2),#5);
#1425=PRESENTATION_STYLE_ASSIGNMENT((#1424));
#1426=STYLED_ITEM('',(#1425),#1423);
#1427=CARTESIAN_POINT('',(-3.E0,-1.15E1,2.9E1));
#1428=DIRECTION('',(0.E0,1.E0,0.E0));
#1429=DIRECTION('',(0.E0,0.E0,-1.E0));
#1430=AXIS2_PLACEMENT_3D('',#1427,#1428,#1429);
#1432=CURVE_STYLE('',#20,POSITIVE_LENGTH_MEASURE(2.E-2),#5);
#1433=PRESENTATION_STYLE_ASSIGNMENT((#1432));
#1434=STYLED_ITEM('',(#1433),#1431);
#1435=CARTESIAN_POINT('',(-3.E0,-1.15E1,2.9E1));
#1436=DIRECTION('',(0.E0,1.E0,0.E0));
#1437=DIRECTION('',(0.E0,0.E0,1.E0));
#1438=AXIS2_PLACEMENT_3D('',#1435,#1436,#1437);
#1440=CURVE_STYLE('',#20,POSITIVE_LENGTH_MEASURE(2.E-2),#5);
#1441=PRESENTATION_STYLE_ASSIGNMENT((#1440));
#1442=STYLED_ITEM('',(#1441),#1439);
#1443=CARTESIAN_POINT('',(-3.E0,-1.15E1,2.6E1));
#1444=DIRECTION('',(0.E0,1.E0,0.E0));
#1445=DIRECTION('',(0.E0,0.E0,-1.E0));
#1446=AXIS2_PLACEMENT_3D('',#1443,#1444,#1445);
#1448=CURVE_STYLE('',#20,POSITIVE_LENGTH_MEASURE(2.E-2),#5);
#1449=PRESENTATION_STYLE_ASSIGNMENT((#1448));
#1450=STYLED_ITEM('',(#1449),#1447);
#1451=CARTESIAN_POINT('',(-3.E0,-1.15E1,2.6E1));
#1452=DIRECTION('',(0.E0,1.E0,0.E0));
#1453=DIRECTION('',(0.E0,0.E0,1.E0));
#1454=AXIS2_PLACEMENT_3D('',#1451,#1452,#1453);
#1456=CURVE_STYLE('',#20,POSITIVE_LENGTH_MEASURE(2.E-2),#5);
#1457=PRESENTATION_STYLE_ASSIGNMENT((#1456));
#1458=STYLED_ITEM('',(#1457),#1455);
#1459=CARTESIAN_POINT('',(0.E0,-1.15E1,2.6E1));
#1460=DIRECTION('',(0.E0,1.E0,0.E0));
#1461=DIRECTION('',(0.E0,0.E0,-1.E0));
#1462=AXIS2_PLACEMENT_3D('',#1459,#1460,#1461);
#1464=CURVE_STYLE('',#20,POSITIVE_LENGTH_MEASURE(2.E-2),#5);
#1465=PRESENTATION_STYLE_ASSIGNMENT((#1464));
#1466=STYLED_ITEM('',(#1465),#1463);
#1467=CARTESIAN_POINT('',(0.E0,-1.15E1,2.6E1));
#1468=DIRECTION('',(0.E0,1.E0,0.E0));
#1469=DIRECTION('',(0.E0,0.E0,1.E0));
#1470=AXIS2_PLACEMENT_3D('',#1467,#1468,#1469);
#1472=CURVE_STYLE('',#20,POSITIVE_LENGTH_MEASURE(2.E-2),#5);
#1473=PRESENTATION_STYLE_ASSIGNMENT((#1472));
#1474=STYLED_ITEM('',(#1473),#1471);
#1475=CARTESIAN_POINT('',(3.E0,-1.15E1,2.6E1));
#1476=DIRECTION('',(0.E0,1.E0,0.E0));
#1477=DIRECTION('',(0.E0,0.E0,-1.E0));
#1478=AXIS2_PLACEMENT_3D('',#1475,#1476,#1477);
#1480=CURVE_STYLE('',#20,POSITIVE_LENGTH_MEASURE(2.E-2),#5);
#1481=PRESENTATION_STYLE_ASSIGNMENT((#1480));
#1482=STYLED_ITEM('',(#1481),#1479);
#1483=CARTESIAN_POINT('',(3.E0,-1.15E1,2.6E1));
#1484=DIRECTION('',(0.E0,1.E0,0.E0));
#1485=DIRECTION('',(0.E0,0.E0,1.E0));
#1486=AXIS2_PLACEMENT_3D('',#1483,#1484,#1485);
#1488=CURVE_STYLE('',#20,POSITIVE_LENGTH_MEASURE(2.E-2),#5);
#1489=PRESENTATION_STYLE_ASSIGNMENT((#1488));
#1490=STYLED_ITEM('',(#1489),#1487);
#1491=CARTESIAN_POINT('',(6.E0,-1.15E1,2.6E1));
#1492=DIRECTION('',(0.E0,1.E0,0.E0));
#1493=DIRECTION('',(0.E0,0.E0,-1.E0));
#1494=AXIS2_PLACEMENT_3D('',#1491,#1492,#1493);
#1496=CURVE_STYLE('',#20,POSITIVE_LENGTH_MEASURE(2.E-2),#5);
#1497=PRESENTATION_STYLE_ASSIGNMENT((#1496));
#1498=STYLED_ITEM('',(#1497),#1495);
#1499=CARTESIAN_POINT('',(6.E0,-1.15E1,2.6E1));
#1500=DIRECTION('',(0.E0,1.E0,0.E0));
#1501=DIRECTION('',(0.E0,0.E0,1.E0));
#1502=AXIS2_PLACEMENT_3D('',#1499,#1500,#1501);
#1504=CURVE_STYLE('',#20,POSITIVE_LENGTH_MEASURE(2.E-2),#5);
#1505=PRESENTATION_STYLE_ASSIGNMENT((#1504));
#1506=STYLED_ITEM('',(#1505),#1503);
#1507=CARTESIAN_POINT('',(6.E0,-1.15E1,2.9E1));
#1508=DIRECTION('',(0.E0,1.E0,0.E0));
#1509=DIRECTION('',(0.E0,0.E0,-1.E0));
#1510=AXIS2_PLACEMENT_3D('',#1507,#1508,#1509);
#1512=CURVE_STYLE('',#20,POSITIVE_LENGTH_MEASURE(2.E-2),#5);
#1513=PRESENTATION_STYLE_ASSIGNMENT((#1512));
#1514=STYLED_ITEM('',(#1513),#1511);
#1515=CARTESIAN_POINT('',(6.E0,-1.15E1,2.9E1));
#1516=DIRECTION('',(0.E0,1.E0,0.E0));
#1517=DIRECTION('',(0.E0,0.E0,1.E0));
#1518=AXIS2_PLACEMENT_3D('',#1515,#1516,#1517);
#1520=CURVE_STYLE('',#20,POSITIVE_LENGTH_MEASURE(2.E-2),#5);
#1521=PRESENTATION_STYLE_ASSIGNMENT((#1520));
#1522=STYLED_ITEM('',(#1521),#1519);
#1523=CARTESIAN_POINT('',(6.E0,-1.15E1,3.2E1));
#1524=DIRECTION('',(0.E0,1.E0,0.E0));
#1525=DIRECTION('',(0.E0,0.E0,-1.E0));
#1526=AXIS2_PLACEMENT_3D('',#1523,#1524,#1525);
#1528=CURVE_STYLE('',#20,POSITIVE_LENGTH_MEASURE(2.E-2),#5);
#1529=PRESENTATION_STYLE_ASSIGNMENT((#1528));
#1530=STYLED_ITEM('',(#1529),#1527);
#1531=CARTESIAN_POINT('',(6.E0,-1.15E1,3.2E1));
#1532=DIRECTION('',(0.E0,1.E0,0.E0));
#1533=DIRECTION('',(0.E0,0.E0,1.E0));
#1534=AXIS2_PLACEMENT_3D('',#1531,#1532,#1533);
#1536=CURVE_STYLE('',#20,POSITIVE_LENGTH_MEASURE(2.E-2),#5);
#1537=PRESENTATION_STYLE_ASSIGNMENT((#1536));
#1538=STYLED_ITEM('',(#1537),#1535);
#1539=CARTESIAN_POINT('',(6.E0,-1.15E1,3.5E1));
#1540=DIRECTION('',(0.E0,1.E0,0.E0));
#1541=DIRECTION('',(0.E0,0.E0,-1.E0));
#1542=AXIS2_PLACEMENT_3D('',#1539,#1540,#1541);
#1544=CURVE_STYLE('',#20,POSITIVE_LENGTH_MEASURE(2.E-2),#5);
#1545=PRESENTATION_STYLE_ASSIGNMENT((#1544));
#1546=STYLED_ITEM('',(#1545),#1543);
#1547=CARTESIAN_POINT('',(6.E0,-1.15E1,3.5E1));
#1548=DIRECTION('',(0.E0,1.E0,0.E0));
#1549=DIRECTION('',(0.E0,0.E0,1.E0));
#1550=AXIS2_PLACEMENT_3D('',#1547,#1548,#1549);
#1552=CURVE_STYLE('',#20,POSITIVE_LENGTH_MEASURE(2.E-2),#5);
#1553=PRESENTATION_STYLE_ASSIGNMENT((#1552));
#1554=STYLED_ITEM('',(#1553),#1551);
#1555=CARTESIAN_POINT('',(6.E0,-1.15E1,3.8E1));
#1556=DIRECTION('',(0.E0,1.E0,0.E0));
#1557=DIRECTION('',(0.E0,0.E0,-1.E0));
#1558=AXIS2_PLACEMENT_3D('',#1555,#1556,#1557);
#1560=CURVE_STYLE('',#20,POSITIVE_LENGTH_MEASURE(2.E-2),#5);
#1561=PRESENTATION_STYLE_ASSIGNMENT((#1560));
#1562=STYLED_ITEM('',(#1561),#1559);
#1563=CARTESIAN_POINT('',(6.E0,-1.15E1,3.8E1));
#1564=DIRECTION('',(0.E0,1.E0,0.E0));
#1565=DIRECTION('',(0.E0,0.E0,1.E0));
#1566=AXIS2_PLACEMENT_3D('',#1563,#1564,#1565);
#1568=CURVE_STYLE('',#20,POSITIVE_LENGTH_MEASURE(2.E-2),#5);
#1569=PRESENTATION_STYLE_ASSIGNMENT((#1568));
#1570=STYLED_ITEM('',(#1569),#1567);
#1571=CARTESIAN_POINT('',(3.E0,-1.15E1,3.8E1));
#1572=DIRECTION('',(0.E0,1.E0,0.E0));
#1573=DIRECTION('',(0.E0,0.E0,-1.E0));
#1574=AXIS2_PLACEMENT_3D('',#1571,#1572,#1573);
#1576=CURVE_STYLE('',#20,POSITIVE_LENGTH_MEASURE(2.E-2),#5);
#1577=PRESENTATION_STYLE_ASSIGNMENT((#1576));
#1578=STYLED_ITEM('',(#1577),#1575);
#1579=CARTESIAN_POINT('',(3.E0,-1.15E1,3.8E1));
#1580=DIRECTION('',(0.E0,1.E0,0.E0));
#1581=DIRECTION('',(0.E0,0.E0,1.E0));
#1582=AXIS2_PLACEMENT_3D('',#1579,#1580,#1581);
#1584=CURVE_STYLE('',#20,POSITIVE_LENGTH_MEASURE(2.E-2),#5);
#1585=PRESENTATION_STYLE_ASSIGNMENT((#1584));
#1586=STYLED_ITEM('',(#1585),#1583);
#1587=CARTESIAN_POINT('',(0.E0,-1.15E1,3.8E1));
#1588=DIRECTION('',(0.E0,1.E0,0.E0));
#1589=DIRECTION('',(0.E0,0.E0,-1.E0));
#1590=AXIS2_PLACEMENT_3D('',#1587,#1588,#1589);
#1592=CURVE_STYLE('',#20,POSITIVE_LENGTH_MEASURE(2.E-2),#5);
#1593=PRESENTATION_STYLE_ASSIGNMENT((#1592));
#1594=STYLED_ITEM('',(#1593),#1591);
#1595=CARTESIAN_POINT('',(0.E0,-1.15E1,3.8E1));
#1596=DIRECTION('',(0.E0,1.E0,0.E0));
#1597=DIRECTION('',(0.E0,0.E0,1.E0));
#1598=AXIS2_PLACEMENT_3D('',#1595,#1596,#1597);
#1600=CURVE_STYLE('',#20,POSITIVE_LENGTH_MEASURE(2.E-2),#5);
#1601=PRESENTATION_STYLE_ASSIGNMENT((#1600));
#1602=STYLED_ITEM('',(#1601),#1599);
#1603=CARTESIAN_POINT('',(-3.E0,-1.15E1,3.8E1));
#1604=DIRECTION('',(0.E0,1.E0,0.E0));
#1605=DIRECTION('',(0.E0,0.E0,-1.E0));
#1606=AXIS2_PLACEMENT_3D('',#1603,#1604,#1605);
#1608=CURVE_STYLE('',#20,POSITIVE_LENGTH_MEASURE(2.E-2),#5);
#1609=PRESENTATION_STYLE_ASSIGNMENT((#1608));
#1610=STYLED_ITEM('',(#1609),#1607);
#1611=CARTESIAN_POINT('',(-3.E0,-1.15E1,3.8E1));
#1612=DIRECTION('',(0.E0,1.E0,0.E0));
#1613=DIRECTION('',(0.E0,0.E0,1.E0));
#1614=AXIS2_PLACEMENT_3D('',#1611,#1612,#1613);
#1616=CURVE_STYLE('',#20,POSITIVE_LENGTH_MEASURE(2.E-2),#5);
#1617=PRESENTATION_STYLE_ASSIGNMENT((#1616));
#1618=STYLED_ITEM('',(#1617),#1615);
#1619=CARTESIAN_POINT('',(-6.E0,-1.15E1,3.8E1));
#1620=DIRECTION('',(0.E0,1.E0,0.E0));
#1621=DIRECTION('',(0.E0,0.E0,-1.E0));
#1622=AXIS2_PLACEMENT_3D('',#1619,#1620,#1621);
#1624=CURVE_STYLE('',#20,POSITIVE_LENGTH_MEASURE(2.E-2),#5);
#1625=PRESENTATION_STYLE_ASSIGNMENT((#1624));
#1626=STYLED_ITEM('',(#1625),#1623);
#1627=CARTESIAN_POINT('',(-6.E0,-1.15E1,3.8E1));
#1628=DIRECTION('',(0.E0,1.E0,0.E0));
#1629=DIRECTION('',(0.E0,0.E0,1.E0));
#1630=AXIS2_PLACEMENT_3D('',#1627,#1628,#1629);
#1632=CURVE_STYLE('',#20,POSITIVE_LENGTH_MEASURE(2.E-2),#5);
#1633=PRESENTATION_STYLE_ASSIGNMENT((#1632));
#1634=STYLED_ITEM('',(#1633),#1631);
#1635=CARTESIAN_POINT('',(-6.E0,-1.15E1,3.5E1));
#1636=DIRECTION('',(0.E0,1.E0,0.E0));
#1637=DIRECTION('',(0.E0,0.E0,-1.E0));
#1638=AXIS2_PLACEMENT_3D('',#1635,#1636,#1637);
#1640=CURVE_STYLE('',#20,POSITIVE_LENGTH_MEASURE(2.E-2),#5);
#1641=PRESENTATION_STYLE_ASSIGNMENT((#1640));
#1642=STYLED_ITEM('',(#1641),#1639);
#1643=CARTESIAN_POINT('',(-6.E0,-1.15E1,3.5E1));
#1644=DIRECTION('',(0.E0,1.E0,0.E0));
#1645=DIRECTION('',(0.E0,0.E0,1.E0));
#1646=AXIS2_PLACEMENT_3D('',#1643,#1644,#1645);
#1648=CURVE_STYLE('',#20,POSITIVE_LENGTH_MEASURE(2.E-2),#5);
#1649=PRESENTATION_STYLE_ASSIGNMENT((#1648));
#1650=STYLED_ITEM('',(#1649),#1647);
#1651=CARTESIAN_POINT('',(-6.E0,-1.15E1,3.2E1));
#1652=DIRECTION('',(0.E0,1.E0,0.E0));
#1653=DIRECTION('',(0.E0,0.E0,-1.E0));
#1654=AXIS2_PLACEMENT_3D('',#1651,#1652,#1653);
#1656=CURVE_STYLE('',#20,POSITIVE_LENGTH_MEASURE(2.E-2),#5);
#1657=PRESENTATION_STYLE_ASSIGNMENT((#1656));
#1658=STYLED_ITEM('',(#1657),#1655);
#1659=CARTESIAN_POINT('',(-6.E0,-1.15E1,3.2E1));
#1660=DIRECTION('',(0.E0,1.E0,0.E0));
#1661=DIRECTION('',(0.E0,0.E0,1.E0));
#1662=AXIS2_PLACEMENT_3D('',#1659,#1660,#1661);
#1664=CURVE_STYLE('',#20,POSITIVE_LENGTH_MEASURE(2.E-2),#5);
#1665=PRESENTATION_STYLE_ASSIGNMENT((#1664));
#1666=STYLED_ITEM('',(#1665),#1663);
#1667=CARTESIAN_POINT('',(-6.E0,-1.15E1,2.9E1));
#1668=DIRECTION('',(0.E0,1.E0,0.E0));
#1669=DIRECTION('',(0.E0,0.E0,-1.E0));
#1670=AXIS2_PLACEMENT_3D('',#1667,#1668,#1669);
#1672=CURVE_STYLE('',#20,POSITIVE_LENGTH_MEASURE(2.E-2),#5);
#1673=PRESENTATION_STYLE_ASSIGNMENT((#1672));
#1674=STYLED_ITEM('',(#1673),#1671);
#1675=CARTESIAN_POINT('',(-6.E0,-1.15E1,2.9E1));
#1676=DIRECTION('',(0.E0,1.E0,0.E0));
#1677=DIRECTION('',(0.E0,0.E0,1.E0));
#1678=AXIS2_PLACEMENT_3D('',#1675,#1676,#1677);
#1680=CURVE_STYLE('',#20,POSITIVE_LENGTH_MEASURE(2.E-2),#5);
#1681=PRESENTATION_STYLE_ASSIGNMENT((#1680));
#1682=STYLED_ITEM('',(#1681),#1679);
#1683=CARTESIAN_POINT('',(-6.E0,-1.15E1,2.6E1));
#1684=DIRECTION('',(0.E0,1.E0,0.E0));
#1685=DIRECTION('',(0.E0,0.E0,-1.E0));
#1686=AXIS2_PLACEMENT_3D('',#1683,#1684,#1685);
#1688=CURVE_STYLE('',#20,POSITIVE_LENGTH_MEASURE(2.E-2),#5);
#1689=PRESENTATION_STYLE_ASSIGNMENT((#1688));
#1690=STYLED_ITEM('',(#1689),#1687);
#1691=CARTESIAN_POINT('',(-6.E0,-1.15E1,2.6E1));
#1692=DIRECTION('',(0.E0,1.E0,0.E0));
#1693=DIRECTION('',(0.E0,0.E0,1.E0));
#1694=AXIS2_PLACEMENT_3D('',#1691,#1692,#1693);
#1696=CURVE_STYLE('',#20,POSITIVE_LENGTH_MEASURE(2.E-2),#5);
#1697=PRESENTATION_STYLE_ASSIGNMENT((#1696));
#1698=STYLED_ITEM('',(#1697),#1695);
#1699=CARTESIAN_POINT('',(9.E0,-1.15E1,2.6E1));
#1700=DIRECTION('',(0.E0,1.E0,0.E0));
#1701=DIRECTION('',(0.E0,0.E0,-1.E0));
#1702=AXIS2_PLACEMENT_3D('',#1699,#1700,#1701);
#1704=CURVE_STYLE('',#20,POSITIVE_LENGTH_MEASURE(2.E-2),#5);
#1705=PRESENTATION_STYLE_ASSIGNMENT((#1704));
#1706=STYLED_ITEM('',(#1705),#1703);
#1707=CARTESIAN_POINT('',(9.E0,-1.15E1,2.6E1));
#1708=DIRECTION('',(0.E0,1.E0,0.E0));
#1709=DIRECTION('',(0.E0,0.E0,1.E0));
#1710=AXIS2_PLACEMENT_3D('',#1707,#1708,#1709);
#1712=CURVE_STYLE('',#20,POSITIVE_LENGTH_MEASURE(2.E-2),#5);
#1713=PRESENTATION_STYLE_ASSIGNMENT((#1712));
#1714=STYLED_ITEM('',(#1713),#1711);
#1715=CARTESIAN_POINT('',(9.E0,-1.15E1,2.9E1));
#1716=DIRECTION('',(0.E0,1.E0,0.E0));
#1717=DIRECTION('',(0.E0,0.E0,-1.E0));
#1718=AXIS2_PLACEMENT_3D('',#1715,#1716,#1717);
#1720=CURVE_STYLE('',#20,POSITIVE_LENGTH_MEASURE(2.E-2),#5);
#1721=PRESENTATION_STYLE_ASSIGNMENT((#1720));
#1722=STYLED_ITEM('',(#1721),#1719);
#1723=CARTESIAN_POINT('',(9.E0,-1.15E1,2.9E1));
#1724=DIRECTION('',(0.E0,1.E0,0.E0));
#1725=DIRECTION('',(0.E0,0.E0,1.E0));
#1726=AXIS2_PLACEMENT_3D('',#1723,#1724,#1725);
#1728=CURVE_STYLE('',#20,POSITIVE_LENGTH_MEASURE(2.E-2),#5);
#1729=PRESENTATION_STYLE_ASSIGNMENT((#1728));
#1730=STYLED_ITEM('',(#1729),#1727);
#1731=CARTESIAN_POINT('',(9.E0,-1.15E1,3.2E1));
#1732=DIRECTION('',(0.E0,1.E0,0.E0));
#1733=DIRECTION('',(0.E0,0.E0,-1.E0));
#1734=AXIS2_PLACEMENT_3D('',#1731,#1732,#1733);
#1736=CURVE_STYLE('',#20,POSITIVE_LENGTH_MEASURE(2.E-2),#5);
#1737=PRESENTATION_STYLE_ASSIGNMENT((#1736));
#1738=STYLED_ITEM('',(#1737),#1735);
#1739=CARTESIAN_POINT('',(9.E0,-1.15E1,3.2E1));
#1740=DIRECTION('',(0.E0,1.E0,0.E0));
#1741=DIRECTION('',(0.E0,0.E0,1.E0));
#1742=AXIS2_PLACEMENT_3D('',#1739,#1740,#1741);
#1744=CURVE_STYLE('',#20,POSITIVE_LENGTH_MEASURE(2.E-2),#5);
#1745=PRESENTATION_STYLE_ASSIGNMENT((#1744));
#1746=STYLED_ITEM('',(#1745),#1743);
#1747=CARTESIAN_POINT('',(9.E0,-1.15E1,3.5E1));
#1748=DIRECTION('',(0.E0,1.E0,0.E0));
#1749=DIRECTION('',(0.E0,0.E0,-1.E0));
#1750=AXIS2_PLACEMENT_3D('',#1747,#1748,#1749);
#1752=CURVE_STYLE('',#20,POSITIVE_LENGTH_MEASURE(2.E-2),#5);
#1753=PRESENTATION_STYLE_ASSIGNMENT((#1752));
#1754=STYLED_ITEM('',(#1753),#1751);
#1755=CARTESIAN_POINT('',(9.E0,-1.15E1,3.5E1));
#1756=DIRECTION('',(0.E0,1.E0,0.E0));
#1757=DIRECTION('',(0.E0,0.E0,1.E0));
#1758=AXIS2_PLACEMENT_3D('',#1755,#1756,#1757);
#1760=CURVE_STYLE('',#20,POSITIVE_LENGTH_MEASURE(2.E-2),#5);
#1761=PRESENTATION_STYLE_ASSIGNMENT((#1760));
#1762=STYLED_ITEM('',(#1761),#1759);
#1763=CARTESIAN_POINT('',(9.E0,-1.15E1,3.8E1));
#1764=DIRECTION('',(0.E0,1.E0,0.E0));
#1765=DIRECTION('',(0.E0,0.E0,-1.E0));
#1766=AXIS2_PLACEMENT_3D('',#1763,#1764,#1765);
#1768=CURVE_STYLE('',#20,POSITIVE_LENGTH_MEASURE(2.E-2),#5);
#1769=PRESENTATION_STYLE_ASSIGNMENT((#1768));
#1770=STYLED_ITEM('',(#1769),#1767);
#1771=CARTESIAN_POINT('',(9.E0,-1.15E1,3.8E1));
#1772=DIRECTION('',(0.E0,1.E0,0.E0));
#1773=DIRECTION('',(0.E0,0.E0,1.E0));
#1774=AXIS2_PLACEMENT_3D('',#1771,#1772,#1773);
#1776=CURVE_STYLE('',#20,POSITIVE_LENGTH_MEASURE(2.E-2),#5);
#1777=PRESENTATION_STYLE_ASSIGNMENT((#1776));
#1778=STYLED_ITEM('',(#1777),#1775);
#1779=CARTESIAN_POINT('',(-9.E0,-1.15E1,3.8E1));
#1780=DIRECTION('',(0.E0,1.E0,0.E0));
#1781=DIRECTION('',(0.E0,0.E0,-1.E0));
#1782=AXIS2_PLACEMENT_3D('',#1779,#1780,#1781);
#1784=CURVE_STYLE('',#20,POSITIVE_LENGTH_MEASURE(2.E-2),#5);
#1785=PRESENTATION_STYLE_ASSIGNMENT((#1784));
#1786=STYLED_ITEM('',(#1785),#1783);
#1787=CARTESIAN_POINT('',(-9.E0,-1.15E1,3.8E1));
#1788=DIRECTION('',(0.E0,1.E0,0.E0));
#1789=DIRECTION('',(0.E0,0.E0,1.E0));
#1790=AXIS2_PLACEMENT_3D('',#1787,#1788,#1789);
#1792=CURVE_STYLE('',#20,POSITIVE_LENGTH_MEASURE(2.E-2),#5);
#1793=PRESENTATION_STYLE_ASSIGNMENT((#1792));
#1794=STYLED_ITEM('',(#1793),#1791);
#1795=CARTESIAN_POINT('',(-9.E0,-1.15E1,3.5E1));
#1796=DIRECTION('',(0.E0,1.E0,0.E0));
#1797=DIRECTION('',(0.E0,0.E0,-1.E0));
#1798=AXIS2_PLACEMENT_3D('',#1795,#1796,#1797);
#1800=CURVE_STYLE('',#20,POSITIVE_LENGTH_MEASURE(2.E-2),#5);
#1801=PRESENTATION_STYLE_ASSIGNMENT((#1800));
#1802=STYLED_ITEM('',(#1801),#1799);
#1803=CARTESIAN_POINT('',(-9.E0,-1.15E1,3.5E1));
#1804=DIRECTION('',(0.E0,1.E0,0.E0));
#1805=DIRECTION('',(0.E0,0.E0,1.E0));
#1806=AXIS2_PLACEMENT_3D('',#1803,#1804,#1805);
#1808=CURVE_STYLE('',#20,POSITIVE_LENGTH_MEASURE(2.E-2),#5);
#1809=PRESENTATION_STYLE_ASSIGNMENT((#1808));
#1810=STYLED_ITEM('',(#1809),#1807);
#1811=CARTESIAN_POINT('',(-9.E0,-1.15E1,3.2E1));
#1812=DIRECTION('',(0.E0,1.E0,0.E0));
#1813=DIRECTION('',(0.E0,0.E0,-1.E0));
#1814=AXIS2_PLACEMENT_3D('',#1811,#1812,#1813);
#1816=CURVE_STYLE('',#20,POSITIVE_LENGTH_MEASURE(2.E-2),#5);
#1817=PRESENTATION_STYLE_ASSIGNMENT((#1816));
#1818=STYLED_ITEM('',(#1817),#1815);
#1819=CARTESIAN_POINT('',(-9.E0,-1.15E1,3.2E1));
#1820=DIRECTION('',(0.E0,1.E0,0.E0));
#1821=DIRECTION('',(0.E0,0.E0,1.E0));
#1822=AXIS2_PLACEMENT_3D('',#1819,#1820,#1821);
#1824=CURVE_STYLE('',#20,POSITIVE_LENGTH_MEASURE(2.E-2),#5);
#1825=PRESENTATION_STYLE_ASSIGNMENT((#1824));
#1826=STYLED_ITEM('',(#1825),#1823);
#1827=CARTESIAN_POINT('',(-9.E0,-1.15E1,2.9E1));
#1828=DIRECTION('',(0.E0,1.E0,0.E0));
#1829=DIRECTION('',(0.E0,0.E0,-1.E0));
#1830=AXIS2_PLACEMENT_3D('',#1827,#1828,#1829);
#1832=CURVE_STYLE('',#20,POSITIVE_LENGTH_MEASURE(2.E-2),#5);
#1833=PRESENTATION_STYLE_ASSIGNMENT((#1832));
#1834=STYLED_ITEM('',(#1833),#1831);
#1835=CARTESIAN_POINT('',(-9.E0,-1.15E1,2.9E1));
#1836=DIRECTION('',(0.E0,1.E0,0.E0));
#1837=DIRECTION('',(0.E0,0.E0,1.E0));
#1838=AXIS2_PLACEMENT_3D('',#1835,#1836,#1837);
#1840=CURVE_STYLE('',#20,POSITIVE_LENGTH_MEASURE(2.E-2),#5);
#1841=PRESENTATION_STYLE_ASSIGNMENT((#1840));
#1842=STYLED_ITEM('',(#1841),#1839);
#1843=CARTESIAN_POINT('',(-9.E0,-1.15E1,2.6E1));
#1844=DIRECTION('',(0.E0,1.E0,0.E0));
#1845=DIRECTION('',(0.E0,0.E0,-1.E0));
#1846=AXIS2_PLACEMENT_3D('',#1843,#1844,#1845);
#1848=CURVE_STYLE('',#20,POSITIVE_LENGTH_MEASURE(2.E-2),#5);
#1849=PRESENTATION_STYLE_ASSIGNMENT((#1848));
#1850=STYLED_ITEM('',(#1849),#1847);
#1851=CARTESIAN_POINT('',(-9.E0,-1.15E1,2.6E1));
#1852=DIRECTION('',(0.E0,1.E0,0.E0));
#1853=DIRECTION('',(0.E0,0.E0,1.E0));
#1854=AXIS2_PLACEMENT_3D('',#1851,#1852,#1853);
#1856=CURVE_STYLE('',#20,POSITIVE_LENGTH_MEASURE(2.E-2),#5);
#1857=PRESENTATION_STYLE_ASSIGNMENT((#1856));
#1858=STYLED_ITEM('',(#1857),#1855);
#1859=CARTESIAN_POINT('',(1.2E1,-1.15E1,2.9E1));
#1860=DIRECTION('',(0.E0,1.E0,0.E0));
#1861=DIRECTION('',(0.E0,0.E0,-1.E0));
#1862=AXIS2_PLACEMENT_3D('',#1859,#1860,#1861);
#1864=CURVE_STYLE('',#20,POSITIVE_LENGTH_MEASURE(2.E-2),#5);
#1865=PRESENTATION_STYLE_ASSIGNMENT((#1864));
#1866=STYLED_ITEM('',(#1865),#1863);
#1867=CARTESIAN_POINT('',(1.2E1,-1.15E1,2.9E1));
#1868=DIRECTION('',(0.E0,1.E0,0.E0));
#1869=DIRECTION('',(0.E0,0.E0,1.E0));
#1870=AXIS2_PLACEMENT_3D('',#1867,#1868,#1869);
#1872=CURVE_STYLE('',#20,POSITIVE_LENGTH_MEASURE(2.E-2),#5);
#1873=PRESENTATION_STYLE_ASSIGNMENT((#1872));
#1874=STYLED_ITEM('',(#1873),#1871);
#1875=CARTESIAN_POINT('',(1.2E1,-1.15E1,3.2E1));
#1876=DIRECTION('',(0.E0,1.E0,0.E0));
#1877=DIRECTION('',(0.E0,0.E0,-1.E0));
#1878=AXIS2_PLACEMENT_3D('',#1875,#1876,#1877);
#1880=CURVE_STYLE('',#20,POSITIVE_LENGTH_MEASURE(2.E-2),#5);
#1881=PRESENTATION_STYLE_ASSIGNMENT((#1880));
#1882=STYLED_ITEM('',(#1881),#1879);
#1883=CARTESIAN_POINT('',(1.2E1,-1.15E1,3.2E1));
#1884=DIRECTION('',(0.E0,1.E0,0.E0));
#1885=DIRECTION('',(0.E0,0.E0,1.E0));
#1886=AXIS2_PLACEMENT_3D('',#1883,#1884,#1885);
#1888=CURVE_STYLE('',#20,POSITIVE_LENGTH_MEASURE(2.E-2),#5);
#1889=PRESENTATION_STYLE_ASSIGNMENT((#1888));
#1890=STYLED_ITEM('',(#1889),#1887);
#1891=CARTESIAN_POINT('',(1.2E1,-1.15E1,3.5E1));
#1892=DIRECTION('',(0.E0,1.E0,0.E0));
#1893=DIRECTION('',(0.E0,0.E0,-1.E0));
#1894=AXIS2_PLACEMENT_3D('',#1891,#1892,#1893);
#1896=CURVE_STYLE('',#20,POSITIVE_LENGTH_MEASURE(2.E-2),#5);
#1897=PRESENTATION_STYLE_ASSIGNMENT((#1896));
#1898=STYLED_ITEM('',(#1897),#1895);
#1899=CARTESIAN_POINT('',(1.2E1,-1.15E1,3.5E1));
#1900=DIRECTION('',(0.E0,1.E0,0.E0));
#1901=DIRECTION('',(0.E0,0.E0,1.E0));
#1902=AXIS2_PLACEMENT_3D('',#1899,#1900,#1901);
#1904=CURVE_STYLE('',#20,POSITIVE_LENGTH_MEASURE(2.E-2),#5);
#1905=PRESENTATION_STYLE_ASSIGNMENT((#1904));
#1906=STYLED_ITEM('',(#1905),#1903);
#1907=CARTESIAN_POINT('',(-1.2E1,-1.15E1,3.5E1));
#1908=DIRECTION('',(0.E0,1.E0,0.E0));
#1909=DIRECTION('',(0.E0,0.E0,-1.E0));
#1910=AXIS2_PLACEMENT_3D('',#1907,#1908,#1909);
#1912=CURVE_STYLE('',#20,POSITIVE_LENGTH_MEASURE(2.E-2),#5);
#1913=PRESENTATION_STYLE_ASSIGNMENT((#1912));
#1914=STYLED_ITEM('',(#1913),#1911);
#1915=CARTESIAN_POINT('',(-1.2E1,-1.15E1,3.5E1));
#1916=DIRECTION('',(0.E0,1.E0,0.E0));
#1917=DIRECTION('',(0.E0,0.E0,1.E0));
#1918=AXIS2_PLACEMENT_3D('',#1915,#1916,#1917);
#1920=CURVE_STYLE('',#20,POSITIVE_LENGTH_MEASURE(2.E-2),#5);
#1921=PRESENTATION_STYLE_ASSIGNMENT((#1920));
#1922=STYLED_ITEM('',(#1921),#1919);
#1923=CARTESIAN_POINT('',(-1.2E1,-1.15E1,3.2E1));
#1924=DIRECTION('',(0.E0,1.E0,0.E0));
#1925=DIRECTION('',(0.E0,0.E0,-1.E0));
#1926=AXIS2_PLACEMENT_3D('',#1923,#1924,#1925);
#1928=CURVE_STYLE('',#20,POSITIVE_LENGTH_MEASURE(2.E-2),#5);
#1929=PRESENTATION_STYLE_ASSIGNMENT((#1928));
#1930=STYLED_ITEM('',(#1929),#1927);
#1931=CARTESIAN_POINT('',(-1.2E1,-1.15E1,3.2E1));
#1932=DIRECTION('',(0.E0,1.E0,0.E0));
#1933=DIRECTION('',(0.E0,0.E0,1.E0));
#1934=AXIS2_PLACEMENT_3D('',#1931,#1932,#1933);
#1936=CURVE_STYLE('',#20,POSITIVE_LENGTH_MEASURE(2.E-2),#5);
#1937=PRESENTATION_STYLE_ASSIGNMENT((#1936));
#1938=STYLED_ITEM('',(#1937),#1935);
#1939=CARTESIAN_POINT('',(-1.2E1,-1.15E1,2.9E1));
#1940=DIRECTION('',(0.E0,1.E0,0.E0));
#1941=DIRECTION('',(0.E0,0.E0,-1.E0));
#1942=AXIS2_PLACEMENT_3D('',#1939,#1940,#1941);
#1944=CURVE_STYLE('',#20,POSITIVE_LENGTH_MEASURE(2.E-2),#5);
#1945=PRESENTATION_STYLE_ASSIGNMENT((#1944));
#1946=STYLED_ITEM('',(#1945),#1943);
#1947=CARTESIAN_POINT('',(-1.2E1,-1.15E1,2.9E1));
#1948=DIRECTION('',(0.E0,1.E0,0.E0));
#1949=DIRECTION('',(0.E0,0.E0,1.E0));
#1950=AXIS2_PLACEMENT_3D('',#1947,#1948,#1949);
#1952=CURVE_STYLE('',#20,POSITIVE_LENGTH_MEASURE(2.E-2),#5);
#1953=PRESENTATION_STYLE_ASSIGNMENT((#1952));
#1954=STYLED_ITEM('',(#1953),#1951);
#1955=DIRECTION('',(9.945212484016E-1,0.E0,-1.045346185607E-1));
#1956=VECTOR('',#1955,7.034978500657E0);
#1957=CARTESIAN_POINT('',(-1.545584787045E0,-1.15E1,1.635783625741E1));
#1958=LINE('',#1957,#1956);
#1959=CURVE_STYLE('',#20,POSITIVE_LENGTH_MEASURE(2.E-2),#5);
#1960=PRESENTATION_STYLE_ASSIGNMENT((#1959));
#1961=STYLED_ITEM('',(#1960),#1958);
#1962=DIRECTION('',(0.E0,0.E0,1.E0));
#1963=VECTOR('',#1962,1.499246728725E0);
#1964=CARTESIAN_POINT('',(5.450850813908E0,-1.15E1,1.562243746327E1));
#1965=LINE('',#1964,#1963);
#1966=CURVE_STYLE('',#20,POSITIVE_LENGTH_MEASURE(2.E-2),#5);
#1967=PRESENTATION_STYLE_ASSIGNMENT((#1966));
#1968=STYLED_ITEM('',(#1967),#1965);
#1969=DIRECTION('',(-9.945218984381E-1,0.E0,1.045284340597E-1));
#1970=VECTOR('',#1969,8.417663441226E0);
#1971=CARTESIAN_POINT('',(5.450850813908E0,-1.15E1,1.712168419199E1));
#1972=LINE('',#1971,#1970);
#1973=CURVE_STYLE('',#20,POSITIVE_LENGTH_MEASURE(2.E-2),#5);
#1974=PRESENTATION_STYLE_ASSIGNMENT((#1973));
#1975=STYLED_ITEM('',(#1974),#1972);
#1976=DIRECTION('',(0.E0,0.E0,-1.E0));
#1977=VECTOR('',#1976,3.967715743400E0);
#1978=CARTESIAN_POINT('',(-2.920699812074E0,-1.15E1,1.800156936994E1));
#1979=LINE('',#1978,#1977);
#1980=CURVE_STYLE('',#20,POSITIVE_LENGTH_MEASURE(2.E-2),#5);
#1981=PRESENTATION_STYLE_ASSIGNMENT((#1980));
#1982=STYLED_ITEM('',(#1981),#1979);
#1983=DIRECTION('',(9.945218953638E-1,0.E0,-1.045284633098E-1));
#1984=VECTOR('',#1983,1.382689543025E0);
#1985=CARTESIAN_POINT('',(-2.920699812074E0,-1.15E1,1.403385362654E1));
#1986=LINE('',#1985,#1984);
#1987=CURVE_STYLE('',#20,POSITIVE_LENGTH_MEASURE(2.E-2),#5);
#1988=PRESENTATION_STYLE_ASSIGNMENT((#1987));
#1989=STYLED_ITEM('',(#1988),#1986);
#1990=DIRECTION('',(0.E0,0.E0,1.E0));
#1991=VECTOR('',#1990,2.468513044037E0);
#1992=CARTESIAN_POINT('',(-1.545584787045E0,-1.15E1,1.388932321338E1));
#1993=LINE('',#1992,#1991);
#1994=CURVE_STYLE('',#20,POSITIVE_LENGTH_MEASURE(2.E-2),#5);
#1995=PRESENTATION_STYLE_ASSIGNMENT((#1994));
#1996=STYLED_ITEM('',(#1995),#1993);
#1997=DIRECTION('',(8.289919881572E-4,0.E0,9.999996563861E-1));
#1998=VECTOR('',#1997,3.359005055847E0);
#1999=CARTESIAN_POINT('',(2.134742660034E0,-1.15E1,1.084044176714E1));
#2000=LINE('',#1999,#1998);
#2001=CURVE_STYLE('',#20,POSITIVE_LENGTH_MEASURE(2.E-2),#5);
#2002=PRESENTATION_STYLE_ASSIGNMENT((#2001));
#2003=STYLED_ITEM('',(#2002),#2000);
#2004=DIRECTION('',(-9.944397929550E-1,0.E0,1.053066863385E-1));
#2005=VECTOR('',#2004,1.382758536065E0);
#2006=CARTESIAN_POINT('',(2.137527248313E0,-1.15E1,1.419944566878E1));
#2007=LINE('',#2006,#2005);
#2008=CURVE_STYLE('',#20,POSITIVE_LENGTH_MEASURE(2.E-2),#5);
#2009=PRESENTATION_STYLE_ASSIGNMENT((#2008));
#2010=STYLED_ITEM('',(#2009),#2007);
#2011=DIRECTION('',(0.E0,0.E0,-1.E0));
#2012=VECTOR('',#2011,1.899489681040E0);
#2013=CARTESIAN_POINT('',(7.624571360020E-1,-1.15E1,1.434505938822E1));
#2014=LINE('',#2013,#2012);
#2015=CURVE_STYLE('',#20,POSITIVE_LENGTH_MEASURE(2.E-2),#5);
#2016=PRESENTATION_STYLE_ASSIGNMENT((#2015));
#2017=STYLED_ITEM('',(#2016),#2014);
#2018=DIRECTION('',(-9.945268775604E-1,0.E0,1.044810500043E-1));
#2019=VECTOR('',#2018,3.703426253407E0);
#2020=CARTESIAN_POINT('',(7.624571360020E-1,-1.15E1,1.244556970718E1));
#2021=LINE('',#2020,#2019);
#2022=CURVE_STYLE('',#20,POSITIVE_LENGTH_MEASURE(2.E-2),#5);
#2023=PRESENTATION_STYLE_ASSIGNMENT((#2022));
#2024=STYLED_ITEM('',(#2023),#2021);
#2025=DIRECTION('',(0.E0,0.E0,-1.E0));
#2026=VECTOR('',#2025,1.460424965353E0);
#2027=CARTESIAN_POINT('',(-2.920699812074E0,-1.15E1,1.283250757075E1));
#2028=LINE('',#2027,#2026);
#2029=CURVE_STYLE('',#20,POSITIVE_LENGTH_MEASURE(2.E-2),#5);
#2030=PRESENTATION_STYLE_ASSIGNMENT((#2029));
#2031=STYLED_ITEM('',(#2030),#2028);
#2032=DIRECTION('',(9.945159135717E-1,0.E0,-1.045853606036E-1));
#2033=VECTOR('',#2032,5.083319837439E0);
#2034=CARTESIAN_POINT('',(-2.920699812074E0,-1.15E1,1.137208260540E1));
#2035=LINE('',#2034,#2033);
#2036=CURVE_STYLE('',#20,POSITIVE_LENGTH_MEASURE(2.E-2),#5);
#2037=PRESENTATION_STYLE_ASSIGNMENT((#2036));
#2038=STYLED_ITEM('',(#2037),#2035);
#2039=CARTESIAN_POINT('',(1.733054934827E-1,-1.15E1,6.138654303228E0));
#2040=CARTESIAN_POINT('',(3.394814191787E-1,-1.15E1,6.158589343400E0));
#2041=CARTESIAN_POINT('',(6.468068560555E-1,-1.15E1,6.241159756453E0));
#2042=CARTESIAN_POINT('',(1.000497337430E0,-1.15E1,6.533214128898E0));
#2043=CARTESIAN_POINT('',(1.189827940296E0,-1.15E1,6.915471054234E0));
#2044=CARTESIAN_POINT('',(1.225479180955E0,-1.15E1,7.192435788629E0));
#2045=CARTESIAN_POINT('',(1.225479227041E0,-1.15E1,7.331493253091E0));
#2047=CURVE_STYLE('',#20,POSITIVE_LENGTH_MEASURE(2.E-2),#5);
#2048=PRESENTATION_STYLE_ASSIGNMENT((#2047));
#2049=STYLED_ITEM('',(#2048),#2046);
#2050=DIRECTION('',(3.314127460729E-7,0.E0,9.999999999999E-1));
#2051=VECTOR('',#2050,2.678230696772E0);
#2052=CARTESIAN_POINT('',(1.733054934827E-1,-1.15E1,6.138654303228E0));
#2053=LINE('',#2052,#2051);
#2054=CURVE_STYLE('',#20,POSITIVE_LENGTH_MEASURE(2.E-2),#5);
#2055=PRESENTATION_STYLE_ASSIGNMENT((#2054));
#2056=STYLED_ITEM('',(#2055),#2053);
#2057=CARTESIAN_POINT('',(1.225479227041E0,-1.15E1,7.331493253091E0));
#2058=CARTESIAN_POINT('',(1.225479258745E0,-1.15E1,7.501766072106E0));
#2059=CARTESIAN_POINT('',(1.184214013407E0,-1.15E1,7.831821553612E0));
#2060=CARTESIAN_POINT('',(9.724456296269E-1,-1.15E1,8.275743224023E0));
#2061=CARTESIAN_POINT('',(6.253198456556E-1,-1.15E1,8.618946771042E0));
#2062=CARTESIAN_POINT('',(3.309780464039E-1,-1.15E1,8.763213966810E0));
#2063=CARTESIAN_POINT('',(1.733063810825E-1,-1.15E1,8.816885E0));
#2065=CURVE_STYLE('',#20,POSITIVE_LENGTH_MEASURE(2.E-2),#5);
#2066=PRESENTATION_STYLE_ASSIGNMENT((#2065));
#2067=STYLED_ITEM('',(#2066),#2064);
#2068=CARTESIAN_POINT('',(-8.684451816360E-1,-1.15E1,4.944730539050E0));
#2069=CARTESIAN_POINT('',(-8.242477235074E-1,-1.15E1,4.932268771627E0));
#2070=CARTESIAN_POINT('',(-7.352542774997E-1,-1.15E1,4.908494277512E0));
#2071=CARTESIAN_POINT('',(-5.995196831738E-1,-1.15E1,4.877547138137E0));
#2072=CARTESIAN_POINT('',(-4.839944205639E-1,-1.15E1,4.856586463088E0));
#2073=CARTESIAN_POINT('',(-3.891723882353E-1,-1.15E1,4.842980911933E0));
#2074=CARTESIAN_POINT('',(-2.934158620531E-1,-1.15E1,4.831798821524E0));
#2075=CARTESIAN_POINT('',(-1.745626451194E-1,-1.15E1,4.822127797868E0));
#2076=CARTESIAN_POINT('',(1.156219147349E-2,-1.15E1,4.815336142401E0));
#2077=CARTESIAN_POINT('',(3.256263344415E-1,-1.15E1,4.825393049543E0));
#2078=CARTESIAN_POINT('',(7.566909272950E-1,-1.15E1,4.900493081540E0));
#2079=CARTESIAN_POINT('',(1.230931188873E0,-1.15E1,5.087140039864E0));
#2080=CARTESIAN_POINT('',(1.644004744352E0,-1.15E1,5.362973745437E0));
#2081=CARTESIAN_POINT('',(1.984294917813E0,-1.15E1,5.721598429891E0));
#2082=CARTESIAN_POINT('',(2.195373868402E0,-1.15E1,6.080488576316E0));
#2083=CARTESIAN_POINT('',(2.316592516103E0,-1.15E1,6.397026830222E0));
#2084=CARTESIAN_POINT('',(2.383846877645E0,-1.15E1,6.653204233741E0));
#2085=CARTESIAN_POINT('',(2.417746414568E0,-1.15E1,6.877053817239E0));
#2086=CARTESIAN_POINT('',(2.431604266234E0,-1.15E1,7.062694951356E0));
#2087=CARTESIAN_POINT('',(2.435048889280E0,-1.15E1,7.208850864448E0));
#2088=CARTESIAN_POINT('',(2.431576074660E0,-1.15E1,7.358454484362E0));
#2089=CARTESIAN_POINT('',(2.417922245149E0,-1.15E1,7.558523917289E0));
#2090=CARTESIAN_POINT('',(2.384255342714E0,-1.15E1,7.802660263767E0));
#2091=CARTESIAN_POINT('',(2.317882091958E0,-1.15E1,8.086042012124E0));
#2092=CARTESIAN_POINT('',(2.197706101657E0,-1.15E1,8.444566501170E0));
#2093=CARTESIAN_POINT('',(1.989173651251E0,-1.15E1,8.862348382752E0));
#2094=CARTESIAN_POINT('',(1.653823819934E0,-1.15E1,9.303848276545E0));
#2095=CARTESIAN_POINT('',(1.245206167173E0,-1.15E1,9.674675810954E0));
#2096=CARTESIAN_POINT('',(8.529578019119E-1,-1.15E1,9.917403427106E0));
#2097=CARTESIAN_POINT('',(5.144920033127E-1,-1.15E1,1.006800271652E1));
#2098=CARTESIAN_POINT('',(2.474788378913E-1,-1.15E1,1.015896131420E1));
#2099=CARTESIAN_POINT('',(1.684064744467E-2,-1.15E1,1.021492211227E1));
#2100=CARTESIAN_POINT('',(-1.721364959610E-1,-1.15E1,1.024752987885E1));
#2101=CARTESIAN_POINT('',(-3.159965810057E-1,-1.15E1,1.026574457116E1));
#2102=CARTESIAN_POINT('',(-4.598534457948E-1,-1.15E1,1.027752288494E1));
#2103=CARTESIAN_POINT('',(-6.479679546707E-1,-1.15E1,1.028435431683E1));
#2104=CARTESIAN_POINT('',(-8.776550549121E-1,-1.15E1,1.027677985022E1));
#2105=CARTESIAN_POINT('',(-1.144991964167E0,-1.15E1,1.024160936813E1));
#2106=CARTESIAN_POINT('',(-1.481802120234E0,-1.15E1,1.016172572715E1));
#2107=CARTESIAN_POINT('',(-1.875356932768E0,-1.15E1,9.999276431353E0));
#2108=CARTESIAN_POINT('',(-2.288452325506E0,-1.15E1,9.704261291464E0));
#2109=CARTESIAN_POINT('',(-2.626564468892E0,-1.15E1,9.315852188485E0));
#2110=CARTESIAN_POINT('',(-2.832921640578E0,-1.15E1,8.925834794933E0));
#2111=CARTESIAN_POINT('',(-2.951524943930E0,-1.15E1,8.578791969141E0));
#2112=CARTESIAN_POINT('',(-3.017620327217E0,-1.15E1,8.293897864520E0));
#2113=CARTESIAN_POINT('',(-3.050765659083E0,-1.15E1,8.043772162574E0));
#2114=CARTESIAN_POINT('',(-3.064303041571E0,-1.15E1,7.834934735509E0));
#2115=CARTESIAN_POINT('',(-3.067223166762E0,-1.15E1,7.696237676934E0));
#2116=CARTESIAN_POINT('',(-3.065775625676E0,-1.15E1,7.579506792639E0));
#2117=CARTESIAN_POINT('',(-3.061075905682E0,-1.15E1,7.456185075884E0));
#2118=CARTESIAN_POINT('',(-3.049429358049E0,-1.15E1,7.304583413918E0));
#2119=CARTESIAN_POINT('',(-3.026140729710E0,-1.15E1,7.126148775524E0));
#2120=CARTESIAN_POINT('',(-2.983312059374E0,-1.15E1,6.896049089513E0));
#2121=CARTESIAN_POINT('',(-2.907637782153E0,-1.15E1,6.618886413543E0));
#2122=CARTESIAN_POINT('',(-2.781413563121E0,-1.15E1,6.303658000003E0));
#2123=CARTESIAN_POINT('',(-2.621593049270E0,-1.15E1,6.009184283788E0));
#2124=CARTESIAN_POINT('',(-2.365125923646E0,-1.15E1,5.644973835580E0));
#2125=CARTESIAN_POINT('',(-2.125987195260E0,-1.15E1,5.407007918945E0));
#2126=CARTESIAN_POINT('',(-1.951865365271E0,-1.15E1,5.267547116517E0));
#2128=CURVE_STYLE('',#20,POSITIVE_LENGTH_MEASURE(2.E-2),#5);
#2129=PRESENTATION_STYLE_ASSIGNMENT((#2128));
#2130=STYLED_ITEM('',(#2129),#2127);
#2131=DIRECTION('',(5.198108364219E-1,0.E0,8.542813906075E-1));
#2132=VECTOR('',#2131,1.202457633258E0);
#2133=CARTESIAN_POINT('',(-1.951865365271E0,-1.15E1,5.267547116517E0));
#2134=LINE('',#2133,#2132);
#2135=CURVE_STYLE('',#20,POSITIVE_LENGTH_MEASURE(2.E-2),#5);
#2136=PRESENTATION_STYLE_ASSIGNMENT((#2135));
#2137=STYLED_ITEM('',(#2136),#2134);
#2138=CARTESIAN_POINT('',(-1.326814857165E0,-1.15E1,6.294784295604E0));
#2139=CARTESIAN_POINT('',(-1.487285197540E0,-1.15E1,6.434222407019E0));
#2140=CARTESIAN_POINT('',(-1.758007055196E0,-1.15E1,6.821138787852E0));
#2141=CARTESIAN_POINT('',(-1.847700781582E0,-1.15E1,7.282392995518E0));
#2142=CARTESIAN_POINT('',(-1.847700701073E0,-1.15E1,7.525311008583E0));
#2144=CURVE_STYLE('',#20,POSITIVE_LENGTH_MEASURE(2.E-2),#5);
#2145=PRESENTATION_STYLE_ASSIGNMENT((#2144));
#2146=STYLED_ITEM('',(#2145),#2143);
#2147=CARTESIAN_POINT('',(-1.847700701073E0,-1.15E1,7.525311008583E0));
#2148=CARTESIAN_POINT('',(-1.847700645462E0,-1.15E1,7.693111607247E0));
#2149=CARTESIAN_POINT('',(-1.818049140329E0,-1.15E1,8.012292590134E0));
#2150=CARTESIAN_POINT('',(-1.645584800670E0,-1.15E1,8.448739875311E0));
#2151=CARTESIAN_POINT('',(-1.317657269610E0,-1.15E1,8.777423357296E0));
#2152=CARTESIAN_POINT('',(-1.023746817238E0,-1.15E1,8.877751931239E0));
#2153=CARTESIAN_POINT('',(-8.684438693871E-1,-1.15E1,8.904292257396E0));
#2155=CURVE_STYLE('',#20,POSITIVE_LENGTH_MEASURE(2.E-2),#5);
#2156=PRESENTATION_STYLE_ASSIGNMENT((#2155));
#2157=STYLED_ITEM('',(#2156),#2154);
#2158=DIRECTION('',(-3.314126646662E-7,0.E0,-9.999999999999E-1));
#2159=VECTOR('',#2158,3.959561718346E0);
#2160=CARTESIAN_POINT('',(-8.684438693871E-1,-1.15E1,8.904292257396E0));
#2161=LINE('',#2160,#2159);
#2162=CURVE_STYLE('',#20,POSITIVE_LENGTH_MEASURE(2.E-2),#5);
#2163=PRESENTATION_STYLE_ASSIGNMENT((#2162));
#2164=STYLED_ITEM('',(#2163),#2161);
#2165=DIRECTION('',(9.945218953638E-1,0.E0,-1.045284633098E-1));
#2166=VECTOR('',#2165,1.351265677534E0);
#2167=CARTESIAN_POINT('',(3.126239278494E0,-1.15E1,1.073559870078E1));
#2168=LINE('',#2167,#2166);
#2169=CURVE_STYLE('',#20,POSITIVE_LENGTH_MEASURE(2.E-2),#5);
#2170=PRESENTATION_STYLE_ASSIGNMENT((#2169));
#2171=STYLED_ITEM('',(#2170),#2168);
#2172=DIRECTION('',(0.E0,0.E0,1.E0));
#2173=VECTOR('',#2172,1.461527491703E0);
#2174=CARTESIAN_POINT('',(4.470102581255E0,-1.15E1,1.059435297599E1));
#2175=LINE('',#2174,#2173);
#2176=CURVE_STYLE('',#20,POSITIVE_LENGTH_MEASURE(2.E-2),#5);
#2177=PRESENTATION_STYLE_ASSIGNMENT((#2176));
#2178=STYLED_ITEM('',(#2177),#2175);
#2179=DIRECTION('',(-9.945218953638E-1,0.E0,1.045284633098E-1));
#2180=VECTOR('',#2179,1.351265677534E0);
#2181=CARTESIAN_POINT('',(4.470102581255E0,-1.15E1,1.205588046769E1));
#2182=LINE('',#2181,#2180);
#2183=CURVE_STYLE('',#20,POSITIVE_LENGTH_MEASURE(2.E-2),#5);
#2184=PRESENTATION_STYLE_ASSIGNMENT((#2183));
#2185=STYLED_ITEM('',(#2184),#2182);
#2186=DIRECTION('',(0.E0,0.E0,-1.E0));
#2187=VECTOR('',#2186,1.461527491703E0);
#2188=CARTESIAN_POINT('',(3.126239278494E0,-1.15E1,1.219712619248E1));
#2189=LINE('',#2188,#2187);
#2190=CURVE_STYLE('',#20,POSITIVE_LENGTH_MEASURE(2.E-2),#5);
#2191=PRESENTATION_STYLE_ASSIGNMENT((#2190));
#2192=STYLED_ITEM('',(#2191),#2189);
#2193=DIRECTION('',(-9.945218953638E-1,0.E0,1.045284633099E-1));
#2194=VECTOR('',#2193,5.232760362713E0);
#2195=CARTESIAN_POINT('',(2.283397310266E0,-1.15E1,3.724080466055E0));
#2196=LINE('',#2195,#2194);
#2197=CURVE_STYLE('',#20,POSITIVE_LENGTH_MEASURE(2.E-2),#5);
#2198=PRESENTATION_STYLE_ASSIGNMENT((#2197));
#2199=STYLED_ITEM('',(#2198),#2196);
#2200=DIRECTION('',(0.E0,0.E0,-1.E0));
#2201=VECTOR('',#2200,1.460423008839E0);
#2202=CARTESIAN_POINT('',(-2.920697443644E0,-1.15E1,4.271052865638E0));
#2203=LINE('',#2202,#2201);
#2204=CURVE_STYLE('',#20,POSITIVE_LENGTH_MEASURE(2.E-2),#5);
#2205=PRESENTATION_STYLE_ASSIGNMENT((#2204));
#2206=STYLED_ITEM('',(#2205),#2203);
#2207=DIRECTION('',(9.945033479658E-1,0.E0,-1.047047796655E-1));
#2208=VECTOR('',#2207,3.850150477002E0);
#2209=CARTESIAN_POINT('',(-2.920697443644E0,-1.15E1,2.810629856799E0));
#2210=LINE('',#2209,#2208);
#2211=CURVE_STYLE('',#20,POSITIVE_LENGTH_MEASURE(2.E-2),#5);
#2212=PRESENTATION_STYLE_ASSIGNMENT((#2211));
#2213=STYLED_ITEM('',(#2212),#2210);
#2214=DIRECTION('',(0.E0,0.E0,-1.E0));
#2215=VECTOR('',#2214,9.868121874954E-1);
#2216=CARTESIAN_POINT('',(9.082900959065E-1,-1.15E1,2.407500699426E0));
#2217=LINE('',#2216,#2215);
#2218=CURVE_STYLE('',#20,POSITIVE_LENGTH_MEASURE(2.E-2),#5);
#2219=PRESENTATION_STYLE_ASSIGNMENT((#2218));
#2220=STYLED_ITEM('',(#2219),#2217);
#2221=DIRECTION('',(9.945218953638E-1,0.E0,-1.045284633098E-1));
#2222=VECTOR('',#2221,1.382681689332E0);
#2223=CARTESIAN_POINT('',(9.082900959065E-1,-1.15E1,1.420688511931E0));
#2224=LINE('',#2223,#2222);
#2225=CURVE_STYLE('',#20,POSITIVE_LENGTH_MEASURE(2.E-2),#5);
#2226=PRESENTATION_STYLE_ASSIGNMENT((#2225));
#2227=STYLED_ITEM('',(#2226),#2224);
#2228=DIRECTION('',(0.E0,0.E0,1.E0));
#2229=VECTOR('',#2228,2.447921546357E0);
#2230=CARTESIAN_POINT('',(2.283397310266E0,-1.15E1,1.276158919698E0));
#2231=LINE('',#2230,#2229);
#2232=CURVE_STYLE('',#20,POSITIVE_LENGTH_MEASURE(2.E-2),#5);
#2233=PRESENTATION_STYLE_ASSIGNMENT((#2232));
#2234=STYLED_ITEM('',(#2233),#2231);
#2235=CARTESIAN_POINT('',(-3.203551082432E-1,-1.15E1,-5.164182754166E-1));
#2236=CARTESIAN_POINT('',(-3.475440090079E-1,-1.15E1,-5.133989577096E-1));
#2237=CARTESIAN_POINT('',(-4.018791667445E-1,-1.15E1,-5.085782421202E-1));
#2238=CARTESIAN_POINT('',(-5.076572645488E-1,-1.15E1,-5.040062785921E-1));
#2239=CARTESIAN_POINT('',(-6.356244357202E-1,-1.15E1,-5.074716049940E-1));
#2240=CARTESIAN_POINT('',(-7.816045917347E-1,-1.15E1,-5.258253543532E-1));
#2241=CARTESIAN_POINT('',(-9.656700268589E-1,-1.15E1,-5.684963435613E-1));
#2242=CARTESIAN_POINT('',(-1.174715867723E0,-1.15E1,-6.546327998616E-1));
#2243=CARTESIAN_POINT('',(-1.388276378300E0,-1.15E1,-8.061926915660E-1));
#2244=CARTESIAN_POINT('',(-1.560880456844E0,-1.15E1,-1.001702128820E0));
#2245=CARTESIAN_POINT('',(-1.688869242193E0,-1.15E1,-1.236801587300E0));
#2246=CARTESIAN_POINT('',(-1.755308659970E0,-1.15E1,-1.462424961777E0));
#2247=CARTESIAN_POINT('',(-1.782479479884E0,-1.15E1,-1.657997516526E0));
#2248=CARTESIAN_POINT('',(-1.789435497457E0,-1.15E1,-1.812600223175E0));
#2249=CARTESIAN_POINT('',(-1.782494753324E0,-1.15E1,-1.968185916667E0));
#2250=CARTESIAN_POINT('',(-1.755299842129E0,-1.15E1,-2.167641227841E0));
#2251=CARTESIAN_POINT('',(-1.688872235558E0,-1.15E1,-2.405852684425E0));
#2252=CARTESIAN_POINT('',(-1.560879663465E0,-1.15E1,-2.667514372773E0));
#2253=CARTESIAN_POINT('',(-1.388276558448E0,-1.15E1,-2.900101380753E0));
#2254=CARTESIAN_POINT('',(-1.174715940508E0,-1.15E1,-3.098328441691E0));
#2255=CARTESIAN_POINT('',(-9.656700305494E-1,-1.15E1,-3.230552221268E0));
#2256=CARTESIAN_POINT('',(-7.816045705349E-1,-1.15E1,-3.313954135876E0));
#2257=CARTESIAN_POINT('',(-6.356244192903E-1,-1.15E1,-3.364663045396E0));
#2258=CARTESIAN_POINT('',(-5.076572573829E-1,-1.15E1,-3.396518981018E0));
#2259=CARTESIAN_POINT('',(-4.019218635395E-1,-1.15E1,-3.415415129024E0));
#2260=CARTESIAN_POINT('',(-3.476317030387E-1,-1.15E1,-3.422650441917E0));
#2261=CARTESIAN_POINT('',(-3.204866483267E-1,-1.15E1,-3.425662971359E0));
#2263=CURVE_STYLE('',#20,POSITIVE_LENGTH_MEASURE(2.E-2),#5);
#2264=PRESENTATION_STYLE_ASSIGNMENT((#2263));
#2265=STYLED_ITEM('',(#2264),#2262);
#2266=CARTESIAN_POINT('',(-3.204866483267E-1,-1.15E1,-3.425662971359E0));
#2267=CARTESIAN_POINT('',(-2.933402147833E-1,-1.15E1,-3.428675653822E0));
#2268=CARTESIAN_POINT('',(-2.390473987787E-1,-1.15E1,-3.433490641786E0));
#2269=CARTESIAN_POINT('',(-1.333072215444E-1,-1.15E1,-3.438063715510E0));
#2270=CARTESIAN_POINT('',(-5.334964282424E-3,-1.15E1,-3.434611485395E0));
#2271=CARTESIAN_POINT('',(1.406499968781E-1,-1.15E1,-3.416304367486E0));
#2272=CARTESIAN_POINT('',(3.247203113455E-1,-1.15E1,-3.373757528698E0));
#2273=CARTESIAN_POINT('',(5.337696884113E-1,-1.15E1,-3.287933247935E0));
#2274=CARTESIAN_POINT('',(7.473313465747E-1,-1.15E1,-3.137107484740E0));
#2275=CARTESIAN_POINT('',(9.199334114195E-1,-1.15E1,-2.942830754750E0));
#2276=CARTESIAN_POINT('',(1.047923903090E0,-1.15E1,-2.709577627949E0));
#2277=CARTESIAN_POINT('',(1.114349776252E0,-1.15E1,-2.486110022786E0));
#2278=CARTESIAN_POINT('',(1.141543820185E0,-1.15E1,-2.292690704608E0));
#2279=CARTESIAN_POINT('',(1.148484304549E0,-1.15E1,-2.138645526056E0));
#2280=CARTESIAN_POINT('',(1.141528547317E0,-1.15E1,-1.982498914489E0));
#2281=CARTESIAN_POINT('',(1.114358593763E0,-1.15E1,-1.780895713861E0));
#2282=CARTESIAN_POINT('',(1.047920909837E0,-1.15E1,-1.540525866444E0));
#2283=CARTESIAN_POINT('',(9.199342047681E-1,-1.15E1,-1.277018686864E0));
#2284=CARTESIAN_POINT('',(7.473311664331E-1,-1.15E1,-1.043198755654E0));
#2285=CARTESIAN_POINT('',(5.337696156288E-1,-1.15E1,-8.442375896271E-1));
#2286=CARTESIAN_POINT('',(3.247203076552E-1,-1.15E1,-7.117016511283E-1));
#2287=CARTESIAN_POINT('',(1.406500180771E-1,-1.15E1,-6.281755890164E-1));
#2288=CARTESIAN_POINT('',(-5.334947853226E-3,-1.15E1,-5.774200549533E-1));
#2289=CARTESIAN_POINT('',(-1.333072143788E-1,-1.15E1,-5.455509960629E-1));
#2290=CARTESIAN_POINT('',(-2.390047000028E-1,-1.15E1,-5.266595732698E-1));
#2291=CARTESIAN_POINT('',(-2.932525220339E-1,-1.15E1,-5.194280079232E-1));
#2292=CARTESIAN_POINT('',(-3.203551082432E-1,-1.15E1,-5.164182754166E-1));
#2294=CURVE_STYLE('',#20,POSITIVE_LENGTH_MEASURE(2.E-2),#5);
#2295=PRESENTATION_STYLE_ASSIGNMENT((#2294));
#2296=STYLED_ITEM('',(#2295),#2293);
#2297=CARTESIAN_POINT('',(2.425580012555E0,-1.15E1,-2.028974050269E0));
#2298=CARTESIAN_POINT('',(2.425580012555E0,-1.15E1,-1.682553729264E0));
#2299=CARTESIAN_POINT('',(2.311681805760E0,-1.15E1,-1.154720609196E0));
#2300=CARTESIAN_POINT('',(1.977204053994E0,-1.15E1,-5.382267064683E-1));
#2301=CARTESIAN_POINT('',(1.643080678552E0,-1.15E1,-1.193228119066E-1));
#2302=CARTESIAN_POINT('',(1.236465114143E0,-1.15E1,2.408972516468E-1));
#2303=CARTESIAN_POINT('',(8.464954712057E-1,-1.15E1,4.822451250513E-1));
#2304=CARTESIAN_POINT('',(5.090556531678E-1,-1.15E1,6.347659945341E-1));
#2305=CARTESIAN_POINT('',(2.425567580698E-1,-1.15E1,7.279963061279E-1));
#2306=CARTESIAN_POINT('',(1.226020062737E-2,-1.15E1,7.860719409335E-1));
#2307=CARTESIAN_POINT('',(-1.764731074610E-1,-1.15E1,8.202526910527E-1));
#2308=CARTESIAN_POINT('',(-3.201183094839E-1,-1.15E1,8.395355241421E-1));
#2309=CARTESIAN_POINT('',(-4.637675870414E-1,-1.15E1,8.521701765634E-1));
#2310=CARTESIAN_POINT('',(-6.515878203226E-1,-1.15E1,8.598873778741E-1));
#2311=CARTESIAN_POINT('',(-8.808992238903E-1,-1.15E1,8.531768924282E-1));
#2312=CARTESIAN_POINT('',(-1.147734338808E0,-1.15E1,8.192964473279E-1));
#2313=CARTESIAN_POINT('',(-1.483241298938E0,-1.15E1,7.424285899731E-1));
#2314=CARTESIAN_POINT('',(-1.873468111670E0,-1.15E1,5.887254873297E-1));
#2315=CARTESIAN_POINT('',(-2.283643192147E0,-1.15E1,3.170778121936E-1));
#2316=CARTESIAN_POINT('',(-2.620381987903E0,-1.15E1,-3.074703569139E-2));
#2317=CARTESIAN_POINT('',(-2.962088015867E0,-1.15E1,-5.878060644609E-1));
#2318=CARTESIAN_POINT('',(-3.066553309204E0,-1.15E1,-1.088325188673E0));
#2319=CARTESIAN_POINT('',(-3.066553309204E0,-1.15E1,-1.419466509889E0));
#2321=CURVE_STYLE('',#20,POSITIVE_LENGTH_MEASURE(2.E-2),#5);
#2322=PRESENTATION_STYLE_ASSIGNMENT((#2321));
#2323=STYLED_ITEM('',(#2322),#2320);
#2324=CARTESIAN_POINT('',(-3.066553309204E0,-1.15E1,-1.419466509889E0));
#2325=CARTESIAN_POINT('',(-3.066553309204E0,-1.15E1,-1.766210302934E0));
#2326=CARTESIAN_POINT('',(-2.951679050546E0,-1.15E1,-2.443680983898E0));
#2327=CARTESIAN_POINT('',(-2.542426247444E0,-1.15E1,-2.997124617890E0));
#2328=CARTESIAN_POINT('',(-2.306957588053E0,-1.15E1,-3.209319576217E0));
#2330=CURVE_STYLE('',#20,POSITIVE_LENGTH_MEASURE(2.E-2),#5);
#2331=PRESENTATION_STYLE_ASSIGNMENT((#2330));
#2332=STYLED_ITEM('',(#2331),#2329);
#2333=DIRECTION('',(-9.945218953686E-1,0.E0,1.045284632645E-1));
#2334=VECTOR('',#2333,6.171205062948E-1);
#2335=CARTESIAN_POINT('',(-2.306957588053E0,-1.15E1,-3.209319576217E0));
#2336=LINE('',#2335,#2334);
#2337=CURVE_STYLE('',#20,POSITIVE_LENGTH_MEASURE(2.E-2),#5);
#2338=PRESENTATION_STYLE_ASSIGNMENT((#2337));
#2339=STYLED_ITEM('',(#2338),#2336);
#2340=DIRECTION('',(-1.633278679487E-4,0.E0,-9.999999866620E-1));
#2341=VECTOR('',#2340,1.347125753022E0);
#2342=CARTESIAN_POINT('',(-2.920697443644E0,-1.15E1,-3.144812918045E0));
#2343=LINE('',#2342,#2341);
#2344=CURVE_STYLE('',#20,POSITIVE_LENGTH_MEASURE(2.E-2),#5);
#2345=PRESENTATION_STYLE_ASSIGNMENT((#2344));
#2346=STYLED_ITEM('',(#2345),#2343);
#2347=DIRECTION('',(9.945173280506E-1,0.E0,-1.045719092634E-1));
#2348=VECTOR('',#2347,7.321378072588E0);
#2349=CARTESIAN_POINT('',(-2.920917466821E0,-1.15E1,-4.491938653099E0));
#2350=LINE('',#2349,#2348);
#2351=CURVE_STYLE('',#20,POSITIVE_LENGTH_MEASURE(2.E-2),#5);
#2352=PRESENTATION_STYLE_ASSIGNMENT((#2351));
#2353=STYLED_ITEM('',(#2352),#2350);
#2354=DIRECTION('',(0.E0,0.E0,1.E0));
#2355=VECTOR('',#2354,1.347470459591E0);
#2356=CARTESIAN_POINT('',(4.360319891578E0,-1.15E1,-5.257549136589E0));
#2357=LINE('',#2356,#2355);
#2358=CURVE_STYLE('',#20,POSITIVE_LENGTH_MEASURE(2.E-2),#5);
#2359=PRESENTATION_STYLE_ASSIGNMENT((#2358));
#2360=STYLED_ITEM('',(#2359),#2357);
#2361=DIRECTION('',(-9.945194398532E-1,0.E0,1.045518232936E-1));
#2362=VECTOR('',#2361,2.677765438723E0);
#2363=CARTESIAN_POINT('',(4.360319891578E0,-1.15E1,-3.910078676998E0));
#2364=LINE('',#2363,#2362);
#2365=CURVE_STYLE('',#20,POSITIVE_LENGTH_MEASURE(2.E-2),#5);
#2366=PRESENTATION_STYLE_ASSIGNMENT((#2365));
#2367=STYLED_ITEM('',(#2366),#2364);
#2368=CARTESIAN_POINT('',(1.697230107400E0,-1.15E1,-3.630113418026E0));
#2369=CARTESIAN_POINT('',(1.813481267365E0,-1.15E1,-3.551155221098E0));
#2370=CARTESIAN_POINT('',(2.028639545829E0,-1.15E1,-3.363766781882E0));
#2371=CARTESIAN_POINT('',(2.359452741438E0,-1.15E1,-2.842845525473E0));
#2372=CARTESIAN_POINT('',(2.425580012552E0,-1.15E1,-2.356881758634E0));
#2373=CARTESIAN_POINT('',(2.425580012555E0,-1.15E1,-2.028974050269E0));
#2375=CURVE_STYLE('',#20,POSITIVE_LENGTH_MEASURE(2.E-2),#5);
#2376=PRESENTATION_STYLE_ASSIGNMENT((#2375));
#2377=STYLED_ITEM('',(#2376),#2374);
#2378=CARTESIAN_POINT('',(2.433887388210E0,-1.15E1,-8.467746848238E0));
#2379=CARTESIAN_POINT('',(2.433887388210E0,-1.15E1,-8.123061382543E0));
#2380=CARTESIAN_POINT('',(2.319176072908E0,-1.15E1,-7.597363013283E0));
#2381=CARTESIAN_POINT('',(1.984569785189E0,-1.15E1,-6.983202782777E0));
#2382=CARTESIAN_POINT('',(1.649977593873E0,-1.15E1,-6.564581722127E0));
#2383=CARTESIAN_POINT('',(1.242829105613E0,-1.15E1,-6.203894816511E0));
#2384=CARTESIAN_POINT('',(8.523835088706E-1,-1.15E1,-5.961659138812E0));
#2385=CARTESIAN_POINT('',(5.144681963445E-1,-1.15E1,-5.808169052848E0));
#2386=CARTESIAN_POINT('',(2.475793299751E-1,-1.15E1,-5.714114217793E0));
#2387=CARTESIAN_POINT('',(1.693312690305E-2,-1.15E1,-5.655293510204E0));
#2388=CARTESIAN_POINT('',(-1.720932997290E-1,-1.15E1,-5.620494267859E0));
#2389=CARTESIAN_POINT('',(-3.159548192237E-1,-1.15E1,-5.600739942596E0));
#2390=CARTESIAN_POINT('',(-4.598206798468E-1,-1.15E1,-5.587633679165E0));
#2391=CARTESIAN_POINT('',(-6.479099048369E-1,-1.15E1,-5.579297891569E0));
#2392=CARTESIAN_POINT('',(-8.775449224686E-1,-1.15E1,-5.585239577308E0));
#2393=CARTESIAN_POINT('',(-1.144778307234E0,-1.15E1,-5.618193177121E0));
#2394=CARTESIAN_POINT('',(-1.480704697377E0,-1.15E1,-5.693812427360E0));
#2395=CARTESIAN_POINT('',(-1.871390103314E0,-1.15E1,-5.845834155961E0));
#2396=CARTESIAN_POINT('',(-2.282181847336E0,-1.15E1,-6.115306743949E0));
#2397=CARTESIAN_POINT('',(-2.619467431544E0,-1.15E1,-6.460714090022E0));
#2398=CARTESIAN_POINT('',(-2.961549168421E0,-1.15E1,-7.013632626597E0));
#2399=CARTESIAN_POINT('',(-3.066553723607E0,-1.15E1,-7.511263046841E0));
#2400=CARTESIAN_POINT('',(-3.066553723607E0,-1.15E1,-7.840223122701E0));
#2402=CURVE_STYLE('',#20,POSITIVE_LENGTH_MEASURE(2.E-2),#5);
#2403=PRESENTATION_STYLE_ASSIGNMENT((#2402));
#2404=STYLED_ITEM('',(#2403),#2401);
#2405=CARTESIAN_POINT('',(-3.066553723607E0,-1.15E1,-7.840223122701E0));
#2406=CARTESIAN_POINT('',(-3.066553723638E0,-1.15E1,-8.187629202018E0));
#2407=CARTESIAN_POINT('',(-2.947077439076E0,-1.15E1,-8.864639789587E0));
#2408=CARTESIAN_POINT('',(-2.540962829755E0,-1.15E1,-9.418748326680E0));
#2409=CARTESIAN_POINT('',(-2.308028792875E0,-1.15E1,-9.633202594E0));
#2411=CURVE_STYLE('',#20,POSITIVE_LENGTH_MEASURE(2.E-2),#5);
#2412=PRESENTATION_STYLE_ASSIGNMENT((#2411));
#2413=STYLED_ITEM('',(#2412),#2410);
#2414=DIRECTION('',(-9.945228775812E-1,0.E0,1.045191177134E-1));
#2415=VECTOR('',#2414,6.160429318065E-1);
#2416=CARTESIAN_POINT('',(-2.308028792875E0,-1.15E1,-9.633202594E0));
#2417=LINE('',#2416,#2415);
#2418=CURVE_STYLE('',#20,POSITIVE_LENGTH_MEASURE(2.E-2),#5);
#2419=PRESENTATION_STYLE_ASSIGNMENT((#2418));
#2420=STYLED_ITEM('',(#2419),#2417);
#2421=DIRECTION('',(-1.632250676748E-4,0.E0,-9.999999866788E-1));
#2422=VECTOR('',#2421,1.347125753E0);
#2423=CARTESIAN_POINT('',(-2.920697582129E0,-1.15E1,-9.568814330294E0));
#2424=LINE('',#2423,#2422);
#2425=CURVE_STYLE('',#20,POSITIVE_LENGTH_MEASURE(2.E-2),#5);
#2426=PRESENTATION_STYLE_ASSIGNMENT((#2425));
#2427=STYLED_ITEM('',(#2426),#2424);
#2428=DIRECTION('',(9.944481815213E-1,0.E0,-1.052274406651E-1));
#2429=VECTOR('',#2428,5.233369494557E0);
#2430=CARTESIAN_POINT('',(-2.920917466821E0,-1.15E1,-1.091594006535E1));
#2431=LINE('',#2430,#2429);
#2432=CURVE_STYLE('',#20,POSITIVE_LENGTH_MEASURE(2.E-2),#5);
#2433=PRESENTATION_STYLE_ASSIGNMENT((#2432));
#2434=STYLED_ITEM('',(#2433),#2431);
#2435=DIRECTION('',(0.E0,0.E0,1.E0));
#2436=VECTOR('',#2435,1.350896736993E0);
#2437=CARTESIAN_POINT('',(2.283397310270E0,-1.15E1,-1.146663414332E1));
#2438=LINE('',#2437,#2436);
#2439=CURVE_STYLE('',#20,POSITIVE_LENGTH_MEASURE(2.E-2),#5);
#2440=PRESENTATION_STYLE_ASSIGNMENT((#2439));
#2441=STYLED_ITEM('',(#2440),#2438);
#2442=DIRECTION('',(-9.945228752002E-1,0.E0,1.045191403688E-1));
#2443=VECTOR('',#2442,5.607172463838E-1);
#2444=CARTESIAN_POINT('',(2.283397310270E0,-1.15E1,-1.011573740632E1));
#2445=LINE('',#2444,#2443);
#2446=CURVE_STYLE('',#20,POSITIVE_LENGTH_MEASURE(2.E-2),#5);
#2447=PRESENTATION_STYLE_ASSIGNMENT((#2446));
#2448=STYLED_ITEM('',(#2447),#2445);
#2449=CARTESIAN_POINT('',(1.725751182222E0,-1.15E1,-1.005713172174E1));
#2450=CARTESIAN_POINT('',(1.839442646183E0,-1.15E1,-9.978405517134E0));
#2451=CARTESIAN_POINT('',(2.049768252361E0,-1.15E1,-9.792573185517E0));
#2452=CARTESIAN_POINT('',(2.279361861016E0,-1.15E1,-9.424289541884E0));
#2453=CARTESIAN_POINT('',(2.410994418523E0,-1.15E1,-8.972479700636E0));
#2454=CARTESIAN_POINT('',(2.433887388210E0,-1.15E1,-8.643761867994E0));
#2455=CARTESIAN_POINT('',(2.433887388210E0,-1.15E1,-8.467746848238E0));
#2457=CURVE_STYLE('',#20,POSITIVE_LENGTH_MEASURE(2.E-2),#5);
#2458=PRESENTATION_STYLE_ASSIGNMENT((#2457));
#2459=STYLED_ITEM('',(#2458),#2456);
#2460=CARTESIAN_POINT('',(-3.161997601539E-1,-1.15E1,-6.956692035062E0));
#2461=CARTESIAN_POINT('',(-3.434303449153E-1,-1.15E1,-6.953583439636E0));
#2462=CARTESIAN_POINT('',(-3.978482646244E-1,-1.15E1,-6.948584409043E0));
#2463=CARTESIAN_POINT('',(-5.037869114097E-1,-1.15E1,-6.943662863169E0));
#2464=CARTESIAN_POINT('',(-6.319476552183E-1,-1.15E1,-6.946695582892E0));
#2465=CARTESIAN_POINT('',(-7.781486293993E-1,-1.15E1,-6.964524284044E0));
#2466=CARTESIAN_POINT('',(-9.624925036643E-1,-1.15E1,-7.006468325714E0));
#2467=CARTESIAN_POINT('',(-1.171854495641E0,-1.15E1,-7.091611165517E0));
#2468=CARTESIAN_POINT('',(-1.385738327879E0,-1.15E1,-7.241731643585E0));
#2469=CARTESIAN_POINT('',(-1.558602479718E0,-1.15E1,-7.435443349818E0));
#2470=CARTESIAN_POINT('',(-1.686788674539E0,-1.15E1,-7.668276028032E0));
#2471=CARTESIAN_POINT('',(-1.753316761290E0,-1.15E1,-7.891525613267E0));
#2472=CARTESIAN_POINT('',(-1.780552809825E0,-1.15E1,-8.084855610016E0));
#2473=CARTESIAN_POINT('',(-1.787504052921E0,-1.15E1,-8.238877990668E0));
#2474=CARTESIAN_POINT('',(-1.780537513282E0,-1.15E1,-8.395047442775E0));
#2475=CARTESIAN_POINT('',(-1.753325592465E0,-1.15E1,-8.596739876300E0));
#2476=CARTESIAN_POINT('',(-1.686785676679E0,-1.15E1,-8.837327770157E0));
#2477=CARTESIAN_POINT('',(-1.558603274176E0,-1.15E1,-9.101255378277E0));
#2478=CARTESIAN_POINT('',(-1.385738147906E0,-1.15E1,-9.335640309771E0));
#2479=CARTESIAN_POINT('',(-1.171854421075E0,-1.15E1,-9.535306813005E0));
#2480=CARTESIAN_POINT('',(-9.624925000144E-1,-1.15E1,-9.668524138560E0));
#2481=CARTESIAN_POINT('',(-7.781486508824E-1,-1.15E1,-9.752652986119E0));
#2482=CARTESIAN_POINT('',(-6.319476718861E-1,-1.15E1,-9.803886944341E0));
#2483=CARTESIAN_POINT('',(-5.037869186766E-1,-1.15E1,-9.836175491474E0));
#2484=CARTESIAN_POINT('',(-3.978915698305E-1,-1.15E1,-9.855421058689E0));
#2485=CARTESIAN_POINT('',(-3.435192846894E-1,-1.15E1,-9.862834463568E0));
#2486=CARTESIAN_POINT('',(-3.163331676962E-1,-1.15E1,-9.865936038700E0));
#2488=CURVE_STYLE('',#20,POSITIVE_LENGTH_MEASURE(2.E-2),#5);
#2489=PRESENTATION_STYLE_ASSIGNMENT((#2488));
#2490=STYLED_ITEM('',(#2489),#2487);
#2491=CARTESIAN_POINT('',(-3.163331676962E-1,-1.15E1,-9.865936038700E0));
#2492=CARTESIAN_POINT('',(-2.891456697857E-1,-1.15E1,-9.869037771376E0));
#2493=CARTESIAN_POINT('',(-2.347707251245E-1,-1.15E1,-9.874030859160E0));
#2494=CARTESIAN_POINT('',(-1.288705856525E-1,-1.15E1,-9.878948232864E0));
#2495=CARTESIAN_POINT('',(-7.047293819640E-4,-1.15E1,-9.875902969527E0));
#2496=CARTESIAN_POINT('',(1.455010668055E-1,-1.15E1,-9.858028555948E0));
#2497=CARTESIAN_POINT('',(3.298497777348E-1,-1.15E1,-9.815962393362E0));
#2498=CARTESIAN_POINT('',(5.392151711541E-1,-1.15E1,-9.730516023361E0));
#2499=CARTESIAN_POINT('',(7.530999397799E-1,-1.15E1,-9.579651947669E0));
#2500=CARTESIAN_POINT('',(9.259640242691E-1,-1.15E1,-9.384709904165E0));
#2501=CARTESIAN_POINT('',(1.054144343346E0,-1.15E1,-9.150029712167E0));
#2502=CARTESIAN_POINT('',(1.120682522657E0,-1.15E1,-8.924624175569E0));
#2503=CARTESIAN_POINT('',(1.147893575803E0,-1.15E1,-8.729140645417E0));
#2504=CARTESIAN_POINT('',(1.154859854709E0,-1.15E1,-8.574560733861E0));
#2505=CARTESIAN_POINT('',(1.147908871773E0,-1.15E1,-8.418952302836E0));
#2506=CARTESIAN_POINT('',(1.120673691813E0,-1.15E1,-8.219407897543E0));
#2507=CARTESIAN_POINT('',(1.054147341093E0,-1.15E1,-7.980978654060E0));
#2508=CARTESIAN_POINT('',(9.259632298406E-1,-1.15E1,-7.718897694409E0));
#2509=CARTESIAN_POINT('',(7.531001197462E-1,-1.15E1,-7.485743322632E0));
#2510=CARTESIAN_POINT('',(5.392152457176E-1,-1.15E1,-7.286820392561E0));
#2511=CARTESIAN_POINT('',(3.298497813846E-1,-1.15E1,-7.153906582303E0));
#2512=CARTESIAN_POINT('',(1.455010453232E-1,-1.15E1,-7.069899847317E0));
#2513=CARTESIAN_POINT('',(-7.047460491152E-4,-1.15E1,-7.018711610589E0));
#2514=CARTESIAN_POINT('',(-1.288705929191E-1,-1.15E1,-6.986435584287E0));
#2515=CARTESIAN_POINT('',(-2.347274224088E-1,-1.15E1,-6.967200098579E0));
#2516=CARTESIAN_POINT('',(-2.890567328347E-1,-1.15E1,-6.959790635086E0));
#2517=CARTESIAN_POINT('',(-3.161997601539E-1,-1.15E1,-6.956692035062E0));
#2519=CURVE_STYLE('',#20,POSITIVE_LENGTH_MEASURE(2.E-2),#5);
#2520=PRESENTATION_STYLE_ASSIGNMENT((#2519));
#2521=STYLED_ITEM('',(#2520),#2518);
#2522=CARTESIAN_POINT('',(2.85E1,-1.05E1,4.5E1));
#2523=DIRECTION('',(0.E0,0.E0,1.E0));
#2524=DIRECTION('',(0.E0,-1.E0,0.E0));
#2525=AXIS2_PLACEMENT_3D('',#2522,#2523,#2524);
#2527=CURVE_STYLE('',#20,POSITIVE_LENGTH_MEASURE(2.E-2),#5);
#2528=PRESENTATION_STYLE_ASSIGNMENT((#2527));
#2529=STYLED_ITEM('',(#2528),#2526);
#2530=CARTESIAN_POINT('',(2.7E1,-1.05E1,4.65E1));
#2531=DIRECTION('',(-1.E0,0.E0,0.E0));
#2532=DIRECTION('',(0.E0,-1.E0,0.E0));
#2533=AXIS2_PLACEMENT_3D('',#2530,#2531,#2532);
#2535=CURVE_STYLE('',#20,POSITIVE_LENGTH_MEASURE(2.E-2),#5);
#2536=PRESENTATION_STYLE_ASSIGNMENT((#2535));
#2537=STYLED_ITEM('',(#2536),#2534);
#2538=CARTESIAN_POINT('',(-2.7E1,-1.05E1,4.65E1));
#2539=DIRECTION('',(-1.E0,0.E0,0.E0));
#2540=DIRECTION('',(0.E0,-1.E0,0.E0));
#2541=AXIS2_PLACEMENT_3D('',#2538,#2539,#2540);
#2543=CURVE_STYLE('',#20,POSITIVE_LENGTH_MEASURE(2.E-2),#5);
#2544=PRESENTATION_STYLE_ASSIGNMENT((#2543));
#2545=STYLED_ITEM('',(#2544),#2542);
#2546=CARTESIAN_POINT('',(-2.85E1,-1.05E1,4.5E1));
#2547=DIRECTION('',(0.E0,0.E0,-1.E0));
#2548=DIRECTION('',(0.E0,-1.E0,0.E0));
#2549=AXIS2_PLACEMENT_3D('',#2546,#2547,#2548);
#2551=CURVE_STYLE('',#20,POSITIVE_LENGTH_MEASURE(2.E-2),#5);
#2552=PRESENTATION_STYLE_ASSIGNMENT((#2551));
#2553=STYLED_ITEM('',(#2552),#2550);
#2554=DIRECTION('',(0.E0,0.E0,-1.E0));
#2555=VECTOR('',#2554,8.999999999665E1);
#2556=CARTESIAN_POINT('',(-2.95E1,-1.05E1,4.499999999839E1));
#2557=LINE('',#2556,#2555);
#2558=CURVE_STYLE('',#20,POSITIVE_LENGTH_MEASURE(2.E-2),#5);
#2559=PRESENTATION_STYLE_ASSIGNMENT((#2558));
#2560=STYLED_ITEM('',(#2559),#2557);
#2561=DIRECTION('',(0.E0,-1.E0,1.653033688767E-10));
#2562=VECTOR('',#2561,1.05E1);
#2563=CARTESIAN_POINT('',(-2.95E1,0.E0,-4.5E1));
#2564=LINE('',#2563,#2562);
#2565=CURVE_STYLE('',#20,POSITIVE_LENGTH_MEASURE(2.E-2),#5);
#2566=PRESENTATION_STYLE_ASSIGNMENT((#2565));
#2567=STYLED_ITEM('',(#2566),#2564);
#2568=CARTESIAN_POINT('',(-2.7E1,-1.05E1,4.5E1));
#2569=DIRECTION('',(0.E0,-1.E0,0.E0));
#2570=DIRECTION('',(0.E0,0.E0,1.E0));
#2571=AXIS2_PLACEMENT_3D('',#2568,#2569,#2570);
#2573=CURVE_STYLE('',#20,POSITIVE_LENGTH_MEASURE(2.E-2),#5);
#2574=PRESENTATION_STYLE_ASSIGNMENT((#2573));
#2575=STYLED_ITEM('',(#2574),#2572);
#2576=DIRECTION('',(0.E0,-1.E0,-1.534048232359E-10));
#2577=VECTOR('',#2576,1.05E1);
#2578=CARTESIAN_POINT('',(-2.95E1,0.E0,4.5E1));
#2579=LINE('',#2578,#2577);
#2580=CURVE_STYLE('',#20,POSITIVE_LENGTH_MEASURE(2.E-2),#5);
#2581=PRESENTATION_STYLE_ASSIGNMENT((#2580));
#2582=STYLED_ITEM('',(#2581),#2579);
#2583=DIRECTION('',(-1.695551464008E-8,1.E0,1.695552539530E-8));
#2584=VECTOR('',#2583,3.303244554410E-1);
#2585=CARTESIAN_POINT('',(-5.269997218833E0,-3.303244554410E-1,
4.749999999440E1));
#2586=LINE('',#2585,#2584);
#2587=CURVE_STYLE('',#20,POSITIVE_LENGTH_MEASURE(2.E-2),#5);
#2588=PRESENTATION_STYLE_ASSIGNMENT((#2587));
#2589=STYLED_ITEM('',(#2588),#2586);
#2590=CARTESIAN_POINT('',(-3.189997224434E0,-3.3032444E-1,4.75E1));
#2591=DIRECTION('',(0.E0,0.E0,-1.E0));
#2592=DIRECTION('',(1.067522139063E-14,-1.E0,0.E0));
#2593=AXIS2_PLACEMENT_3D('',#2590,#2591,#2592);
#2595=CURVE_STYLE('',#20,POSITIVE_LENGTH_MEASURE(2.E-2),#5);
#2596=PRESENTATION_STYLE_ASSIGNMENT((#2595));
#2597=STYLED_ITEM('',(#2596),#2594);
#2598=DIRECTION('',(-1.E0,-7.620435778077E-10,7.620392622073E-10));
#2599=VECTOR('',#2598,6.380000022119E0);
#2600=CARTESIAN_POINT('',(3.190002791008E0,-2.410324434399E0,4.749999999440E1));
#2601=LINE('',#2600,#2599);
#2602=CURVE_STYLE('',#20,POSITIVE_LENGTH_MEASURE(2.E-2),#5);
#2603=PRESENTATION_STYLE_ASSIGNMENT((#2602));
#2604=STYLED_ITEM('',(#2603),#2601);
#2605=CARTESIAN_POINT('',(3.190002775566E0,-3.3032444E-1,4.75E1));
#2606=DIRECTION('',(0.E0,0.E0,-1.E0));
#2607=DIRECTION('',(1.E0,0.E0,0.E0));
#2608=AXIS2_PLACEMENT_3D('',#2605,#2606,#2607);
#2610=CURVE_STYLE('',#20,POSITIVE_LENGTH_MEASURE(2.E-2),#5);
#2611=PRESENTATION_STYLE_ASSIGNMENT((#2610));
#2612=STYLED_ITEM('',(#2611),#2609);
#2613=DIRECTION('',(-2.237274973478E-9,-1.E0,-2.237258840641E-9));
#2614=VECTOR('',#2613,3.303244466777E-1);
#2615=CARTESIAN_POINT('',(5.270002775566E0,0.E0,4.75E1));
#2616=LINE('',#2615,#2614);
#2617=CURVE_STYLE('',#20,POSITIVE_LENGTH_MEASURE(2.E-2),#5);
#2618=PRESENTATION_STYLE_ASSIGNMENT((#2617));
#2619=STYLED_ITEM('',(#2618),#2616);
#2620=DIRECTION('',(-1.E0,0.E0,0.E0));
#2621=VECTOR('',#2620,5.399999999665E1);
#2622=CARTESIAN_POINT('',(2.699999999839E1,-1.05E1,4.75E1));
#2623=LINE('',#2622,#2621);
#2624=CURVE_STYLE('',#20,POSITIVE_LENGTH_MEASURE(2.E-2),#5);
#2625=PRESENTATION_STYLE_ASSIGNMENT((#2624));
#2626=STYLED_ITEM('',(#2625),#2623);
#2627=DIRECTION('',(1.653026921693E-10,-1.E0,0.E0));
#2628=VECTOR('',#2627,1.05E1);
#2629=CARTESIAN_POINT('',(-2.7E1,0.E0,4.75E1));
#2630=LINE('',#2629,#2628);
#2631=CURVE_STYLE('',#20,POSITIVE_LENGTH_MEASURE(2.E-2),#5);
#2632=PRESENTATION_STYLE_ASSIGNMENT((#2631));
#2633=STYLED_ITEM('',(#2632),#2630);
#2634=DIRECTION('',(7.071067811865E-1,9.396173930665E-9,-7.071067811865E-1));
#2635=VECTOR('',#2634,7.071067777783E-1);
#2636=CARTESIAN_POINT('',(-5.269997218833E0,-3.303244554410E-1,
4.749999999440E1));
#2637=LINE('',#2636,#2635);
#2638=CURVE_STYLE('',#20,POSITIVE_LENGTH_MEASURE(2.E-2),#5);
#2639=PRESENTATION_STYLE_ASSIGNMENT((#2638));
#2640=STYLED_ITEM('',(#2639),#2637);
#2641=DIRECTION('',(-9.659751310167E-9,1.E0,9.659762065391E-9));
#2642=VECTOR('',#2641,3.303244487969E-1);
#2643=CARTESIAN_POINT('',(-4.769997221243E0,-3.303244487969E-1,
4.699999999681E1));
#2644=LINE('',#2643,#2642);
#2645=CURVE_STYLE('',#20,POSITIVE_LENGTH_MEASURE(2.E-2),#5);
#2646=PRESENTATION_STYLE_ASSIGNMENT((#2645));
#2647=STYLED_ITEM('',(#2646),#2644);
#2648=DIRECTION('',(0.E0,-9.998476951564E-1,-1.745240643727E-2));
#2649=VECTOR('',#2648,3.303747576758E-1);
#2650=CARTESIAN_POINT('',(-4.769997224434E0,0.E0,4.64E1));
#2651=LINE('',#2650,#2649);
#2652=CURVE_STYLE('',#20,POSITIVE_LENGTH_MEASURE(2.E-2),#5);
#2653=PRESENTATION_STYLE_ASSIGNMENT((#2652));
#2654=STYLED_ITEM('',(#2653),#2651);
#2655=DIRECTION('',(0.E0,-9.998476951564E-1,-1.745240643728E-2));
#2656=VECTOR('',#2655,3.000456984132E0);
#2657=CARTESIAN_POINT('',(-2.7E1,0.E0,4.64E1));
#2658=LINE('',#2657,#2656);
#2659=CURVE_STYLE('',#20,POSITIVE_LENGTH_MEASURE(2.E-2),#5);
#2660=PRESENTATION_STYLE_ASSIGNMENT((#2659));
#2661=STYLED_ITEM('',(#2660),#2658);
#2662=DIRECTION('',(0.E0,9.998476951564E-1,1.745240643727E-2));
#2663=VECTOR('',#2662,3.303747576758E-1);
#2664=CARTESIAN_POINT('',(4.770002775566E0,-3.3032444E-1,4.639423416545E1));
#2665=LINE('',#2664,#2663);
#2666=CURVE_STYLE('',#20,POSITIVE_LENGTH_MEASURE(2.E-2),#5);
#2667=PRESENTATION_STYLE_ASSIGNMENT((#2666));
#2668=STYLED_ITEM('',(#2667),#2665);
#2669=CARTESIAN_POINT('',(3.190002775566E0,-1.91032444E0,4.636665516287E1));
#2670=CARTESIAN_POINT('',(3.453356165426E0,-1.91032444E0,4.636665516287E1));
#2671=CARTESIAN_POINT('',(3.865728287775E0,-1.796007196353E0,4.636865057778E1));
#2672=CARTESIAN_POINT('',(4.330524617130E0,-1.470792895389E0,4.637432721452E1));
#2673=CARTESIAN_POINT('',(4.655711708025E0,-1.005990619129E0,4.638244036843E1));
#2674=CARTESIAN_POINT('',(4.770002775566E0,-5.936377198623E-1,
4.638963801506E1));
#2675=CARTESIAN_POINT('',(4.770002775566E0,-3.303244400001E-1,
4.639423416545E1));
#2677=CURVE_STYLE('',#20,POSITIVE_LENGTH_MEASURE(2.E-2),#5);
#2678=PRESENTATION_STYLE_ASSIGNMENT((#2677));
#2679=STYLED_ITEM('',(#2678),#2676);
#2680=DIRECTION('',(1.E0,0.E0,0.E0));
#2681=VECTOR('',#2680,6.38E0);
#2682=CARTESIAN_POINT('',(-3.189997224434E0,-1.91032444E0,4.636665516287E1));
#2683=LINE('',#2682,#2681);
#2684=CURVE_STYLE('',#20,POSITIVE_LENGTH_MEASURE(2.E-2),#5);
#2685=PRESENTATION_STYLE_ASSIGNMENT((#2684));
#2686=STYLED_ITEM('',(#2685),#2683);
#2687=CARTESIAN_POINT('',(-4.769997224434E0,-3.303244400001E-1,
4.639423416545E1));
#2688=CARTESIAN_POINT('',(-4.769997224434E0,-5.936377198623E-1,
4.638963801506E1));
#2689=CARTESIAN_POINT('',(-4.655706156892E0,-1.005990619129E0,
4.638244036843E1));
#2690=CARTESIAN_POINT('',(-4.330519065997E0,-1.470792895389E0,
4.637432721452E1));
#2691=CARTESIAN_POINT('',(-3.865722736642E0,-1.796007196353E0,
4.636865057778E1));
#2692=CARTESIAN_POINT('',(-3.453350614293E0,-1.91032444E0,4.636665516287E1));
#2693=CARTESIAN_POINT('',(-3.189997224434E0,-1.91032444E0,4.636665516287E1));
#2695=CURVE_STYLE('',#20,POSITIVE_LENGTH_MEASURE(2.E-2),#5);
#2696=PRESENTATION_STYLE_ASSIGNMENT((#2695));
#2697=STYLED_ITEM('',(#2696),#2694);
#2698=DIRECTION('',(1.745240643729E-2,-9.998476951564E-1,0.E0));
#2699=VECTOR('',#2698,3.000456984132E0);
#2700=CARTESIAN_POINT('',(-2.84E1,0.E0,4.5E1));
#2701=LINE('',#2700,#2699);
#2702=CURVE_STYLE('',#20,POSITIVE_LENGTH_MEASURE(2.E-2),#5);
#2703=PRESENTATION_STYLE_ASSIGNMENT((#2702));
#2704=STYLED_ITEM('',(#2703),#2701);
#2705=DIRECTION('',(1.E0,0.E0,0.E0));
#2706=VECTOR('',#2705,5.4E1);
#2707=CARTESIAN_POINT('',(-2.7E1,-3.E0,4.634763480522E1));
#2708=LINE('',#2707,#2706);
#2709=CURVE_STYLE('',#20,POSITIVE_LENGTH_MEASURE(2.E-2),#5);
#2710=PRESENTATION_STYLE_ASSIGNMENT((#2709));
#2711=STYLED_ITEM('',(#2710),#2708);
#2712=CARTESIAN_POINT('',(-2.7E1,-3.E0,4.5E1));
#2713=DIRECTION('',(0.E0,1.E0,0.E0));
#2714=DIRECTION('',(-1.E0,0.E0,0.E0));
#2715=AXIS2_PLACEMENT_3D('',#2712,#2713,#2714);
#2717=CURVE_STYLE('',#20,POSITIVE_LENGTH_MEASURE(2.E-2),#5);
#2718=PRESENTATION_STYLE_ASSIGNMENT((#2717));
#2719=STYLED_ITEM('',(#2718),#2716);
#2720=DIRECTION('',(0.E0,0.E0,1.E0));
#2721=VECTOR('',#2720,9.E1);
#2722=CARTESIAN_POINT('',(-2.834763480522E1,-3.E0,-4.5E1));
#2723=LINE('',#2722,#2721);
#2724=CURVE_STYLE('',#20,POSITIVE_LENGTH_MEASURE(2.E-2),#5);
#2725=PRESENTATION_STYLE_ASSIGNMENT((#2724));
#2726=STYLED_ITEM('',(#2725),#2723);
#2727=CARTESIAN_POINT('',(-2.7E1,-3.E0,-4.5E1));
#2728=DIRECTION('',(0.E0,1.E0,0.E0));
#2729=DIRECTION('',(0.E0,0.E0,-1.E0));
#2730=AXIS2_PLACEMENT_3D('',#2727,#2728,#2729);
#2732=CURVE_STYLE('',#20,POSITIVE_LENGTH_MEASURE(2.E-2),#5);
#2733=PRESENTATION_STYLE_ASSIGNMENT((#2732));
#2734=STYLED_ITEM('',(#2733),#2731);
#2735=DIRECTION('',(-1.E0,0.E0,0.E0));
#2736=VECTOR('',#2735,5.4E1);
#2737=CARTESIAN_POINT('',(2.7E1,-3.E0,-4.634763480522E1));
#2738=LINE('',#2737,#2736);
#2739=CURVE_STYLE('',#20,POSITIVE_LENGTH_MEASURE(2.E-2),#5);
#2740=PRESENTATION_STYLE_ASSIGNMENT((#2739));
#2741=STYLED_ITEM('',(#2740),#2738);
#2742=CARTESIAN_POINT('',(2.7E1,-3.E0,-4.5E1));
#2743=DIRECTION('',(0.E0,1.E0,0.E0));
#2744=DIRECTION('',(1.E0,0.E0,0.E0));
#2745=AXIS2_PLACEMENT_3D('',#2742,#2743,#2744);
#2747=CURVE_STYLE('',#20,POSITIVE_LENGTH_MEASURE(2.E-2),#5);
#2748=PRESENTATION_STYLE_ASSIGNMENT((#2747));
#2749=STYLED_ITEM('',(#2748),#2746);
#2750=DIRECTION('',(0.E0,0.E0,-1.E0));
#2751=VECTOR('',#2750,9.E1);
#2752=CARTESIAN_POINT('',(2.834763480522E1,-3.E0,4.5E1));
#2753=LINE('',#2752,#2751);
#2754=CURVE_STYLE('',#20,POSITIVE_LENGTH_MEASURE(2.E-2),#5);
#2755=PRESENTATION_STYLE_ASSIGNMENT((#2754));
#2756=STYLED_ITEM('',(#2755),#2753);
#2757=CARTESIAN_POINT('',(2.7E1,-3.E0,4.5E1));
#2758=DIRECTION('',(0.E0,1.E0,0.E0));
#2759=DIRECTION('',(0.E0,0.E0,1.E0));
#2760=AXIS2_PLACEMENT_3D('',#2757,#2758,#2759);
#2762=CURVE_STYLE('',#20,POSITIVE_LENGTH_MEASURE(2.E-2),#5);
#2763=PRESENTATION_STYLE_ASSIGNMENT((#2762));
#2764=STYLED_ITEM('',(#2763),#2761);
#2765=DIRECTION('',(-1.E0,0.E0,0.E0));
#2766=VECTOR('',#2765,2.503846381456E-1);
#2767=CARTESIAN_POINT('',(-2.724961536185E1,-3.E0,4.1E1));
#2768=LINE('',#2767,#2766);
#2769=CURVE_STYLE('',#20,POSITIVE_LENGTH_MEASURE(2.E-2),#5);
#2770=PRESENTATION_STYLE_ASSIGNMENT((#2769));
#2771=STYLED_ITEM('',(#2770),#2768);
#2772=DIRECTION('',(1.E0,0.E0,0.E0));
#2773=VECTOR('',#2772,2.503846381456E-1);
#2774=CARTESIAN_POINT('',(-2.75E1,-3.E0,4.3E1));
#2775=LINE('',#2774,#2773);
#2776=CURVE_STYLE('',#20,POSITIVE_LENGTH_MEASURE(2.E-2),#5);
#2777=PRESENTATION_STYLE_ASSIGNMENT((#2776));
#2778=STYLED_ITEM('',(#2777),#2775);
#2779=DIRECTION('',(0.E0,0.E0,1.E0));
#2780=VECTOR('',#2779,2.503846381456E-1);
#2781=CARTESIAN_POINT('',(-2.5E1,-3.E0,4.524961536185E1));
#2782=LINE('',#2781,#2780);
#2783=CURVE_STYLE('',#20,POSITIVE_LENGTH_MEASURE(2.E-2),#5);
#2784=PRESENTATION_STYLE_ASSIGNMENT((#2783));
#2785=STYLED_ITEM('',(#2784),#2782);
#2786=DIRECTION('',(0.E0,0.E0,-1.E0));
#2787=VECTOR('',#2786,2.503846381456E-1);
#2788=CARTESIAN_POINT('',(-2.3E1,-3.E0,4.55E1));
#2789=LINE('',#2788,#2787);
#2790=CURVE_STYLE('',#20,POSITIVE_LENGTH_MEASURE(2.E-2),#5);
#2791=PRESENTATION_STYLE_ASSIGNMENT((#2790));
#2792=STYLED_ITEM('',(#2791),#2789);
#2793=DIRECTION('',(0.E0,0.E0,1.E0));
#2794=VECTOR('',#2793,2.503846381456E-1);
#2795=CARTESIAN_POINT('',(2.3E1,-3.E0,4.524961536185E1));
#2796=LINE('',#2795,#2794);
#2797=CURVE_STYLE('',#20,POSITIVE_LENGTH_MEASURE(2.E-2),#5);
#2798=PRESENTATION_STYLE_ASSIGNMENT((#2797));
#2799=STYLED_ITEM('',(#2798),#2796);
#2800=DIRECTION('',(0.E0,0.E0,-1.E0));
#2801=VECTOR('',#2800,2.503846381456E-1);
#2802=CARTESIAN_POINT('',(2.5E1,-3.E0,4.55E1));
#2803=LINE('',#2802,#2801);
#2804=CURVE_STYLE('',#20,POSITIVE_LENGTH_MEASURE(2.E-2),#5);
#2805=PRESENTATION_STYLE_ASSIGNMENT((#2804));
#2806=STYLED_ITEM('',(#2805),#2803);
#2807=DIRECTION('',(1.E0,0.E0,0.E0));
#2808=VECTOR('',#2807,2.503846381456E-1);
#2809=CARTESIAN_POINT('',(2.724961536185E1,-3.E0,4.3E1));
#2810=LINE('',#2809,#2808);
#2811=CURVE_STYLE('',#20,POSITIVE_LENGTH_MEASURE(2.E-2),#5);
#2812=PRESENTATION_STYLE_ASSIGNMENT((#2811));
#2813=STYLED_ITEM('',(#2812),#2810);
#2814=DIRECTION('',(-1.E0,0.E0,0.E0));
#2815=VECTOR('',#2814,2.503846381456E-1);
#2816=CARTESIAN_POINT('',(2.75E1,-3.E0,4.1E1));
#2817=LINE('',#2816,#2815);
#2818=CURVE_STYLE('',#20,POSITIVE_LENGTH_MEASURE(2.E-2),#5);
#2819=PRESENTATION_STYLE_ASSIGNMENT((#2818));
#2820=STYLED_ITEM('',(#2819),#2817);
#2821=DIRECTION('',(1.E0,0.E0,0.E0));
#2822=VECTOR('',#2821,2.503846381456E-1);
#2823=CARTESIAN_POINT('',(2.724961536185E1,-3.E0,-4.1E1));
#2824=LINE('',#2823,#2822);
#2825=CURVE_STYLE('',#20,POSITIVE_LENGTH_MEASURE(2.E-2),#5);
#2826=PRESENTATION_STYLE_ASSIGNMENT((#2825));
#2827=STYLED_ITEM('',(#2826),#2824);
#2828=DIRECTION('',(-1.E0,0.E0,0.E0));
#2829=VECTOR('',#2828,2.503846381456E-1);
#2830=CARTESIAN_POINT('',(2.75E1,-3.E0,-4.3E1));
#2831=LINE('',#2830,#2829);
#2832=CURVE_STYLE('',#20,POSITIVE_LENGTH_MEASURE(2.E-2),#5);
#2833=PRESENTATION_STYLE_ASSIGNMENT((#2832));
#2834=STYLED_ITEM('',(#2833),#2831);
#2835=DIRECTION('',(0.E0,0.E0,-1.E0));
#2836=VECTOR('',#2835,2.503846381456E-1);
#2837=CARTESIAN_POINT('',(2.5E1,-3.E0,-4.524961536185E1));
#2838=LINE('',#2837,#2836);
#2839=CURVE_STYLE('',#20,POSITIVE_LENGTH_MEASURE(2.E-2),#5);
#2840=PRESENTATION_STYLE_ASSIGNMENT((#2839));
#2841=STYLED_ITEM('',(#2840),#2838);
#2842=DIRECTION('',(0.E0,0.E0,1.E0));
#2843=VECTOR('',#2842,2.503846381456E-1);
#2844=CARTESIAN_POINT('',(2.3E1,-3.E0,-4.55E1));
#2845=LINE('',#2844,#2843);
#2846=CURVE_STYLE('',#20,POSITIVE_LENGTH_MEASURE(2.E-2),#5);
#2847=PRESENTATION_STYLE_ASSIGNMENT((#2846));
#2848=STYLED_ITEM('',(#2847),#2845);
#2849=DIRECTION('',(0.E0,0.E0,-1.E0));
#2850=VECTOR('',#2849,2.503846381456E-1);
#2851=CARTESIAN_POINT('',(-2.3E1,-3.E0,-4.524961536185E1));
#2852=LINE('',#2851,#2850);
#2853=CURVE_STYLE('',#20,POSITIVE_LENGTH_MEASURE(2.E-2),#5);
#2854=PRESENTATION_STYLE_ASSIGNMENT((#2853));
#2855=STYLED_ITEM('',(#2854),#2852);
#2856=DIRECTION('',(0.E0,0.E0,1.E0));
#2857=VECTOR('',#2856,2.503846381456E-1);
#2858=CARTESIAN_POINT('',(-2.5E1,-3.E0,-4.55E1));
#2859=LINE('',#2858,#2857);
#2860=CURVE_STYLE('',#20,POSITIVE_LENGTH_MEASURE(2.E-2),#5);
#2861=PRESENTATION_STYLE_ASSIGNMENT((#2860));
#2862=STYLED_ITEM('',(#2861),#2859);
#2863=DIRECTION('',(-1.E0,0.E0,0.E0));
#2864=VECTOR('',#2863,2.503846381456E-1);
#2865=CARTESIAN_POINT('',(-2.724961536185E1,-3.E0,-4.3E1));
#2866=LINE('',#2865,#2864);
#2867=CURVE_STYLE('',#20,POSITIVE_LENGTH_MEASURE(2.E-2),#5);
#2868=PRESENTATION_STYLE_ASSIGNMENT((#2867));
#2869=STYLED_ITEM('',(#2868),#2866);
#2870=DIRECTION('',(1.E0,0.E0,0.E0));
#2871=VECTOR('',#2870,2.503846381456E-1);
#2872=CARTESIAN_POINT('',(-2.75E1,-3.E0,-4.1E1));
#2873=LINE('',#2872,#2871);
#2874=CURVE_STYLE('',#20,POSITIVE_LENGTH_MEASURE(2.E-2),#5);
#2875=PRESENTATION_STYLE_ASSIGNMENT((#2874));
#2876=STYLED_ITEM('',(#2875),#2873);
#2877=DIRECTION('',(-1.745240643728E-2,-9.998476951564E-1,0.E0));
#2878=VECTOR('',#2877,3.000456984132E0);
#2879=CARTESIAN_POINT('',(2.84E1,0.E0,-4.5E1));
#2880=LINE('',#2879,#2878);
#2881=CURVE_STYLE('',#20,POSITIVE_LENGTH_MEASURE(2.E-2),#5);
#2882=PRESENTATION_STYLE_ASSIGNMENT((#2881));
#2883=STYLED_ITEM('',(#2882),#2880);
#2884=DIRECTION('',(0.E0,-9.998476951564E-1,-1.745240643728E-2));
#2885=VECTOR('',#2884,3.000456984132E0);
#2886=CARTESIAN_POINT('',(2.7E1,0.E0,4.64E1));
#2887=LINE('',#2886,#2885);
#2888=CURVE_STYLE('',#20,POSITIVE_LENGTH_MEASURE(2.E-2),#5);
#2889=PRESENTATION_STYLE_ASSIGNMENT((#2888));
#2890=STYLED_ITEM('',(#2889),#2887);
#2891=DIRECTION('',(0.E0,1.E0,0.E0));
#2892=VECTOR('',#2891,6.5E0);
#2893=CARTESIAN_POINT('',(-2.75E1,-9.5E0,4.1E1));
#2894=LINE('',#2893,#2892);
#2895=CURVE_STYLE('',#20,POSITIVE_LENGTH_MEASURE(2.E-2),#5);
#2896=PRESENTATION_STYLE_ASSIGNMENT((#2895));
#2897=STYLED_ITEM('',(#2896),#2894);
#2898=DIRECTION('',(0.E0,0.E0,1.E0));
#2899=VECTOR('',#2898,8.2E1);
#2900=CARTESIAN_POINT('',(-2.75E1,-3.E0,-4.1E1));
#2901=LINE('',#2900,#2899);
#2902=CURVE_STYLE('',#20,POSITIVE_LENGTH_MEASURE(2.E-2),#5);
#2903=PRESENTATION_STYLE_ASSIGNMENT((#2902));
#2904=STYLED_ITEM('',(#2903),#2901);
#2905=DIRECTION('',(0.E0,1.E0,0.E0));
#2906=VECTOR('',#2905,6.5E0);
#2907=CARTESIAN_POINT('',(-2.75E1,-9.5E0,-4.1E1));
#2908=LINE('',#2907,#2906);
#2909=CURVE_STYLE('',#20,POSITIVE_LENGTH_MEASURE(2.E-2),#5);
#2910=PRESENTATION_STYLE_ASSIGNMENT((#2909));
#2911=STYLED_ITEM('',(#2910),#2908);
#2912=DIRECTION('',(0.E0,1.E0,0.E0));
#2913=VECTOR('',#2912,6.5E0);
#2914=CARTESIAN_POINT('',(-2.75E1,-9.5E0,4.3E1));
#2915=LINE('',#2914,#2913);
#2916=CURVE_STYLE('',#20,POSITIVE_LENGTH_MEASURE(2.E-2),#5);
#2917=PRESENTATION_STYLE_ASSIGNMENT((#2916));
#2918=STYLED_ITEM('',(#2917),#2915);
#2919=DIRECTION('',(0.E0,0.E0,1.E0));
#2920=VECTOR('',#2919,2.E0);
#2921=CARTESIAN_POINT('',(-2.75E1,-3.E0,4.3E1));
#2922=LINE('',#2921,#2920);
#2923=CURVE_STYLE('',#20,POSITIVE_LENGTH_MEASURE(2.E-2),#5);
#2924=PRESENTATION_STYLE_ASSIGNMENT((#2923));
#2925=STYLED_ITEM('',(#2924),#2922);
#2926=DIRECTION('',(0.E0,1.E0,0.E0));
#2927=VECTOR('',#2926,6.5E0);
#2928=CARTESIAN_POINT('',(-2.75E1,-9.5E0,-4.3E1));
#2929=LINE('',#2928,#2927);
#2930=CURVE_STYLE('',#20,POSITIVE_LENGTH_MEASURE(2.E-2),#5);
#2931=PRESENTATION_STYLE_ASSIGNMENT((#2930));
#2932=STYLED_ITEM('',(#2931),#2929);
#2933=DIRECTION('',(0.E0,0.E0,1.E0));
#2934=VECTOR('',#2933,2.E0);
#2935=CARTESIAN_POINT('',(-2.75E1,-3.E0,-4.5E1));
#2936=LINE('',#2935,#2934);
#2937=CURVE_STYLE('',#20,POSITIVE_LENGTH_MEASURE(2.E-2),#5);
#2938=PRESENTATION_STYLE_ASSIGNMENT((#2937));
#2939=STYLED_ITEM('',(#2938),#2936);
#2940=DIRECTION('',(0.E0,-1.E0,0.E0));
#2941=VECTOR('',#2940,6.5E0);
#2942=CARTESIAN_POINT('',(-2.75E1,-3.E0,-4.5E1));
#2943=LINE('',#2942,#2941);
#2944=CURVE_STYLE('',#20,POSITIVE_LENGTH_MEASURE(2.E-2),#5);
#2945=PRESENTATION_STYLE_ASSIGNMENT((#2944));
#2946=STYLED_ITEM('',(#2945),#2943);
#2947=DIRECTION('',(0.E0,0.E0,1.E0));
#2948=VECTOR('',#2947,9.35E0);
#2949=CARTESIAN_POINT('',(-4.675E0,-9.5E0,-2.503491162434E1));
#2950=LINE('',#2949,#2948);
#2951=CURVE_STYLE('',#20,POSITIVE_LENGTH_MEASURE(2.E-2),#5);
#2952=PRESENTATION_STYLE_ASSIGNMENT((#2951));
#2953=STYLED_ITEM('',(#2952),#2950);
#2954=DIRECTION('',(1.E0,0.E0,0.E0));
#2955=VECTOR('',#2954,9.35E0);
#2956=CARTESIAN_POINT('',(-4.675E0,-9.5E0,-1.568491162434E1));
#2957=LINE('',#2956,#2955);
#2958=CURVE_STYLE('',#20,POSITIVE_LENGTH_MEASURE(2.E-2),#5);
#2959=PRESENTATION_STYLE_ASSIGNMENT((#2958));
#2960=STYLED_ITEM('',(#2959),#2957);
#2961=DIRECTION('',(0.E0,0.E0,-1.E0));
#2962=VECTOR('',#2961,9.35E0);
#2963=CARTESIAN_POINT('',(4.675E0,-9.5E0,-1.568491162434E1));
#2964=LINE('',#2963,#2962);
#2965=CURVE_STYLE('',#20,POSITIVE_LENGTH_MEASURE(2.E-2),#5);
#2966=PRESENTATION_STYLE_ASSIGNMENT((#2965));
#2967=STYLED_ITEM('',(#2966),#2964);
#2968=DIRECTION('',(-1.E0,0.E0,0.E0));
#2969=VECTOR('',#2968,9.35E0);
#2970=CARTESIAN_POINT('',(4.675E0,-9.5E0,-2.503491162434E1));
#2971=LINE('',#2970,#2969);
#2972=CURVE_STYLE('',#20,POSITIVE_LENGTH_MEASURE(2.E-2),#5);
#2973=PRESENTATION_STYLE_ASSIGNMENT((#2972));
#2974=STYLED_ITEM('',(#2973),#2971);
#2975=CARTESIAN_POINT('',(-1.1E1,-9.5E0,2.6E1));
#2976=DIRECTION('',(0.E0,1.E0,0.E0));
#2977=DIRECTION('',(0.E0,0.E0,-1.E0));
#2978=AXIS2_PLACEMENT_3D('',#2975,#2976,#2977);
#2980=CURVE_STYLE('',#20,POSITIVE_LENGTH_MEASURE(2.E-2),#5);
#2981=PRESENTATION_STYLE_ASSIGNMENT((#2980));
#2982=STYLED_ITEM('',(#2981),#2979);
#2983=DIRECTION('',(0.E0,0.E0,1.E0));
#2984=VECTOR('',#2983,1.2E1);
#2985=CARTESIAN_POINT('',(-1.62E1,-9.5E0,2.6E1));
#2986=LINE('',#2985,#2984);
#2987=CURVE_STYLE('',#20,POSITIVE_LENGTH_MEASURE(2.E-2),#5);
#2988=PRESENTATION_STYLE_ASSIGNMENT((#2987));
#2989=STYLED_ITEM('',(#2988),#2986);
#2990=CARTESIAN_POINT('',(-1.1E1,-9.5E0,3.8E1));
#2991=DIRECTION('',(0.E0,1.E0,0.E0));
#2992=DIRECTION('',(-1.E0,0.E0,0.E0));
#2993=AXIS2_PLACEMENT_3D('',#2990,#2991,#2992);
#2995=CURVE_STYLE('',#20,POSITIVE_LENGTH_MEASURE(2.E-2),#5);
#2996=PRESENTATION_STYLE_ASSIGNMENT((#2995));
#2997=STYLED_ITEM('',(#2996),#2994);
#2998=DIRECTION('',(1.E0,0.E0,0.E0));
#2999=VECTOR('',#2998,2.2E1);
#3000=CARTESIAN_POINT('',(-1.1E1,-9.5E0,4.32E1));
#3001=LINE('',#3000,#2999);
#3002=CURVE_STYLE('',#20,POSITIVE_LENGTH_MEASURE(2.E-2),#5);
#3003=PRESENTATION_STYLE_ASSIGNMENT((#3002));
#3004=STYLED_ITEM('',(#3003),#3001);
#3005=CARTESIAN_POINT('',(1.1E1,-9.5E0,3.8E1));
#3006=DIRECTION('',(0.E0,1.E0,0.E0));
#3007=DIRECTION('',(0.E0,0.E0,1.E0));
#3008=AXIS2_PLACEMENT_3D('',#3005,#3006,#3007);
#3010=CURVE_STYLE('',#20,POSITIVE_LENGTH_MEASURE(2.E-2),#5);
#3011=PRESENTATION_STYLE_ASSIGNMENT((#3010));
#3012=STYLED_ITEM('',(#3011),#3009);
#3013=DIRECTION('',(0.E0,0.E0,-1.E0));
#3014=VECTOR('',#3013,1.2E1);
#3015=CARTESIAN_POINT('',(1.62E1,-9.5E0,3.8E1));
#3016=LINE('',#3015,#3014);
#3017=CURVE_STYLE('',#20,POSITIVE_LENGTH_MEASURE(2.E-2),#5);
#3018=PRESENTATION_STYLE_ASSIGNMENT((#3017));
#3019=STYLED_ITEM('',(#3018),#3016);
#3020=CARTESIAN_POINT('',(1.1E1,-9.5E0,2.6E1));
#3021=DIRECTION('',(0.E0,1.E0,0.E0));
#3022=DIRECTION('',(1.E0,0.E0,0.E0));
#3023=AXIS2_PLACEMENT_3D('',#3020,#3021,#3022);
#3025=CURVE_STYLE('',#20,POSITIVE_LENGTH_MEASURE(2.E-2),#5);
#3026=PRESENTATION_STYLE_ASSIGNMENT((#3025));
#3027=STYLED_ITEM('',(#3026),#3024);
#3028=DIRECTION('',(-1.E0,0.E0,0.E0));
#3029=VECTOR('',#3028,2.2E1);
#3030=CARTESIAN_POINT('',(1.1E1,-9.5E0,2.08E1));
#3031=LINE('',#3030,#3029);
#3032=CURVE_STYLE('',#20,POSITIVE_LENGTH_MEASURE(2.E-2),#5);
#3033=PRESENTATION_STYLE_ASSIGNMENT((#3032));
#3034=STYLED_ITEM('',(#3033),#3031);
#3035=CARTESIAN_POINT('',(0.E0,-9.5E0,3.2E1));
#3036=DIRECTION('',(0.E0,1.E0,0.E0));
#3037=DIRECTION('',(0.E0,0.E0,-1.E0));
#3038=AXIS2_PLACEMENT_3D('',#3035,#3036,#3037);
#3040=CURVE_STYLE('',#20,POSITIVE_LENGTH_MEASURE(2.E-2),#5);
#3041=PRESENTATION_STYLE_ASSIGNMENT((#3040));
#3042=STYLED_ITEM('',(#3041),#3039);
#3043=CARTESIAN_POINT('',(0.E0,-9.5E0,3.2E1));
#3044=DIRECTION('',(0.E0,1.E0,0.E0));
#3045=DIRECTION('',(0.E0,0.E0,1.E0));
#3046=AXIS2_PLACEMENT_3D('',#3043,#3044,#3045);
#3048=CURVE_STYLE('',#20,POSITIVE_LENGTH_MEASURE(2.E-2),#5);
#3049=PRESENTATION_STYLE_ASSIGNMENT((#3048));
#3050=STYLED_ITEM('',(#3049),#3047);
#3051=CARTESIAN_POINT('',(0.E0,-9.5E0,2.9E1));
#3052=DIRECTION('',(0.E0,1.E0,0.E0));
#3053=DIRECTION('',(0.E0,0.E0,-1.E0));
#3054=AXIS2_PLACEMENT_3D('',#3051,#3052,#3053);
#3056=CURVE_STYLE('',#20,POSITIVE_LENGTH_MEASURE(2.E-2),#5);
#3057=PRESENTATION_STYLE_ASSIGNMENT((#3056));
#3058=STYLED_ITEM('',(#3057),#3055);
#3059=CARTESIAN_POINT('',(0.E0,-9.5E0,2.9E1));
#3060=DIRECTION('',(0.E0,1.E0,0.E0));
#3061=DIRECTION('',(0.E0,0.E0,1.E0));
#3062=AXIS2_PLACEMENT_3D('',#3059,#3060,#3061);
#3064=CURVE_STYLE('',#20,POSITIVE_LENGTH_MEASURE(2.E-2),#5);
#3065=PRESENTATION_STYLE_ASSIGNMENT((#3064));
#3066=STYLED_ITEM('',(#3065),#3063);
#3067=CARTESIAN_POINT('',(3.E0,-9.5E0,2.9E1));
#3068=DIRECTION('',(0.E0,1.E0,0.E0));
#3069=DIRECTION('',(0.E0,0.E0,-1.E0));
#3070=AXIS2_PLACEMENT_3D('',#3067,#3068,#3069);
#3072=CURVE_STYLE('',#20,POSITIVE_LENGTH_MEASURE(2.E-2),#5);
#3073=PRESENTATION_STYLE_ASSIGNMENT((#3072));
#3074=STYLED_ITEM('',(#3073),#3071);
#3075=CARTESIAN_POINT('',(3.E0,-9.5E0,2.9E1));
#3076=DIRECTION('',(0.E0,1.E0,0.E0));
#3077=DIRECTION('',(0.E0,0.E0,1.E0));
#3078=AXIS2_PLACEMENT_3D('',#3075,#3076,#3077);
#3080=CURVE_STYLE('',#20,POSITIVE_LENGTH_MEASURE(2.E-2),#5);
#3081=PRESENTATION_STYLE_ASSIGNMENT((#3080));
#3082=STYLED_ITEM('',(#3081),#3079);
#3083=CARTESIAN_POINT('',(3.E0,-9.5E0,3.2E1));
#3084=DIRECTION('',(0.E0,1.E0,0.E0));
#3085=DIRECTION('',(0.E0,0.E0,-1.E0));
#3086=AXIS2_PLACEMENT_3D('',#3083,#3084,#3085);
#3088=CURVE_STYLE('',#20,POSITIVE_LENGTH_MEASURE(2.E-2),#5);
#3089=PRESENTATION_STYLE_ASSIGNMENT((#3088));
#3090=STYLED_ITEM('',(#3089),#3087);
#3091=CARTESIAN_POINT('',(3.E0,-9.5E0,3.2E1));
#3092=DIRECTION('',(0.E0,1.E0,0.E0));
#3093=DIRECTION('',(0.E0,0.E0,1.E0));
#3094=AXIS2_PLACEMENT_3D('',#3091,#3092,#3093);
#3096=CURVE_STYLE('',#20,POSITIVE_LENGTH_MEASURE(2.E-2),#5);
#3097=PRESENTATION_STYLE_ASSIGNMENT((#3096));
#3098=STYLED_ITEM('',(#3097),#3095);
#3099=CARTESIAN_POINT('',(3.E0,-9.5E0,3.5E1));
#3100=DIRECTION('',(0.E0,1.E0,0.E0));
#3101=DIRECTION('',(0.E0,0.E0,-1.E0));
#3102=AXIS2_PLACEMENT_3D('',#3099,#3100,#3101);
#3104=CURVE_STYLE('',#20,POSITIVE_LENGTH_MEASURE(2.E-2),#5);
#3105=PRESENTATION_STYLE_ASSIGNMENT((#3104));
#3106=STYLED_ITEM('',(#3105),#3103);
#3107=CARTESIAN_POINT('',(3.E0,-9.5E0,3.5E1));
#3108=DIRECTION('',(0.E0,1.E0,0.E0));
#3109=DIRECTION('',(0.E0,0.E0,1.E0));
#3110=AXIS2_PLACEMENT_3D('',#3107,#3108,#3109);
#3112=CURVE_STYLE('',#20,POSITIVE_LENGTH_MEASURE(2.E-2),#5);
#3113=PRESENTATION_STYLE_ASSIGNMENT((#3112));
#3114=STYLED_ITEM('',(#3113),#3111);
#3115=CARTESIAN_POINT('',(0.E0,-9.5E0,3.5E1));
#3116=DIRECTION('',(0.E0,1.E0,0.E0));
#3117=DIRECTION('',(0.E0,0.E0,-1.E0));
#3118=AXIS2_PLACEMENT_3D('',#3115,#3116,#3117);
#3120=CURVE_STYLE('',#20,POSITIVE_LENGTH_MEASURE(2.E-2),#5);
#3121=PRESENTATION_STYLE_ASSIGNMENT((#3120));
#3122=STYLED_ITEM('',(#3121),#3119);
#3123=CARTESIAN_POINT('',(0.E0,-9.5E0,3.5E1));
#3124=DIRECTION('',(0.E0,1.E0,0.E0));
#3125=DIRECTION('',(0.E0,0.E0,1.E0));
#3126=AXIS2_PLACEMENT_3D('',#3123,#3124,#3125);
#3128=CURVE_STYLE('',#20,POSITIVE_LENGTH_MEASURE(2.E-2),#5);
#3129=PRESENTATION_STYLE_ASSIGNMENT((#3128));
#3130=STYLED_ITEM('',(#3129),#3127);
#3131=CARTESIAN_POINT('',(-3.E0,-9.5E0,3.5E1));
#3132=DIRECTION('',(0.E0,1.E0,0.E0));
#3133=DIRECTION('',(0.E0,0.E0,-1.E0));
#3134=AXIS2_PLACEMENT_3D('',#3131,#3132,#3133);
#3136=CURVE_STYLE('',#20,POSITIVE_LENGTH_MEASURE(2.E-2),#5);
#3137=PRESENTATION_STYLE_ASSIGNMENT((#3136));
#3138=STYLED_ITEM('',(#3137),#3135);
#3139=CARTESIAN_POINT('',(-3.E0,-9.5E0,3.5E1));
#3140=DIRECTION('',(0.E0,1.E0,0.E0));
#3141=DIRECTION('',(0.E0,0.E0,1.E0));
#3142=AXIS2_PLACEMENT_3D('',#3139,#3140,#3141);
#3144=CURVE_STYLE('',#20,POSITIVE_LENGTH_MEASURE(2.E-2),#5);
#3145=PRESENTATION_STYLE_ASSIGNMENT((#3144));
#3146=STYLED_ITEM('',(#3145),#3143);
#3147=CARTESIAN_POINT('',(-3.E0,-9.5E0,3.2E1));
#3148=DIRECTION('',(0.E0,1.E0,0.E0));
#3149=DIRECTION('',(0.E0,0.E0,-1.E0));
#3150=AXIS2_PLACEMENT_3D('',#3147,#3148,#3149);
#3152=CURVE_STYLE('',#20,POSITIVE_LENGTH_MEASURE(2.E-2),#5);
#3153=PRESENTATION_STYLE_ASSIGNMENT((#3152));
#3154=STYLED_ITEM('',(#3153),#3151);
#3155=CARTESIAN_POINT('',(-3.E0,-9.5E0,3.2E1));
#3156=DIRECTION('',(0.E0,1.E0,0.E0));
#3157=DIRECTION('',(0.E0,0.E0,1.E0));
#3158=AXIS2_PLACEMENT_3D('',#3155,#3156,#3157);
#3160=CURVE_STYLE('',#20,POSITIVE_LENGTH_MEASURE(2.E-2),#5);
#3161=PRESENTATION_STYLE_ASSIGNMENT((#3160));
#3162=STYLED_ITEM('',(#3161),#3159);
#3163=CARTESIAN_POINT('',(-3.E0,-9.5E0,2.9E1));
#3164=DIRECTION('',(0.E0,1.E0,0.E0));
#3165=DIRECTION('',(0.E0,0.E0,-1.E0));
#3166=AXIS2_PLACEMENT_3D('',#3163,#3164,#3165);
#3168=CURVE_STYLE('',#20,POSITIVE_LENGTH_MEASURE(2.E-2),#5);
#3169=PRESENTATION_STYLE_ASSIGNMENT((#3168));
#3170=STYLED_ITEM('',(#3169),#3167);
#3171=CARTESIAN_POINT('',(-3.E0,-9.5E0,2.9E1));
#3172=DIRECTION('',(0.E0,1.E0,0.E0));
#3173=DIRECTION('',(0.E0,0.E0,1.E0));
#3174=AXIS2_PLACEMENT_3D('',#3171,#3172,#3173);
#3176=CURVE_STYLE('',#20,POSITIVE_LENGTH_MEASURE(2.E-2),#5);
#3177=PRESENTATION_STYLE_ASSIGNMENT((#3176));
#3178=STYLED_ITEM('',(#3177),#3175);
#3179=CARTESIAN_POINT('',(-3.E0,-9.5E0,2.6E1));
#3180=DIRECTION('',(0.E0,1.E0,0.E0));
#3181=DIRECTION('',(0.E0,0.E0,-1.E0));
#3182=AXIS2_PLACEMENT_3D('',#3179,#3180,#3181);
#3184=CURVE_STYLE('',#20,POSITIVE_LENGTH_MEASURE(2.E-2),#5);
#3185=PRESENTATION_STYLE_ASSIGNMENT((#3184));
#3186=STYLED_ITEM('',(#3185),#3183);
#3187=CARTESIAN_POINT('',(-3.E0,-9.5E0,2.6E1));
#3188=DIRECTION('',(0.E0,1.E0,0.E0));
#3189=DIRECTION('',(0.E0,0.E0,1.E0));
#3190=AXIS2_PLACEMENT_3D('',#3187,#3188,#3189);
#3192=CURVE_STYLE('',#20,POSITIVE_LENGTH_MEASURE(2.E-2),#5);
#3193=PRESENTATION_STYLE_ASSIGNMENT((#3192));
#3194=STYLED_ITEM('',(#3193),#3191);
#3195=CARTESIAN_POINT('',(0.E0,-9.5E0,2.6E1));
#3196=DIRECTION('',(0.E0,1.E0,0.E0));
#3197=DIRECTION('',(0.E0,0.E0,-1.E0));
#3198=AXIS2_PLACEMENT_3D('',#3195,#3196,#3197);
#3200=CURVE_STYLE('',#20,POSITIVE_LENGTH_MEASURE(2.E-2),#5);
#3201=PRESENTATION_STYLE_ASSIGNMENT((#3200));
#3202=STYLED_ITEM('',(#3201),#3199);
#3203=CARTESIAN_POINT('',(0.E0,-9.5E0,2.6E1));
#3204=DIRECTION('',(0.E0,1.E0,0.E0));
#3205=DIRECTION('',(0.E0,0.E0,1.E0));
#3206=AXIS2_PLACEMENT_3D('',#3203,#3204,#3205);
#3208=CURVE_STYLE('',#20,POSITIVE_LENGTH_MEASURE(2.E-2),#5);
#3209=PRESENTATION_STYLE_ASSIGNMENT((#3208));
#3210=STYLED_ITEM('',(#3209),#3207);
#3211=CARTESIAN_POINT('',(3.E0,-9.5E0,2.6E1));
#3212=DIRECTION('',(0.E0,1.E0,0.E0));
#3213=DIRECTION('',(0.E0,0.E0,-1.E0));
#3214=AXIS2_PLACEMENT_3D('',#3211,#3212,#3213);
#3216=CURVE_STYLE('',#20,POSITIVE_LENGTH_MEASURE(2.E-2),#5);
#3217=PRESENTATION_STYLE_ASSIGNMENT((#3216));
#3218=STYLED_ITEM('',(#3217),#3215);
#3219=CARTESIAN_POINT('',(3.E0,-9.5E0,2.6E1));
#3220=DIRECTION('',(0.E0,1.E0,0.E0));
#3221=DIRECTION('',(0.E0,0.E0,1.E0));
#3222=AXIS2_PLACEMENT_3D('',#3219,#3220,#3221);
#3224=CURVE_STYLE('',#20,POSITIVE_LENGTH_MEASURE(2.E-2),#5);
#3225=PRESENTATION_STYLE_ASSIGNMENT((#3224));
#3226=STYLED_ITEM('',(#3225),#3223);
#3227=CARTESIAN_POINT('',(6.E0,-9.5E0,2.6E1));
#3228=DIRECTION('',(0.E0,1.E0,0.E0));
#3229=DIRECTION('',(0.E0,0.E0,-1.E0));
#3230=AXIS2_PLACEMENT_3D('',#3227,#3228,#3229);
#3232=CURVE_STYLE('',#20,POSITIVE_LENGTH_MEASURE(2.E-2),#5);
#3233=PRESENTATION_STYLE_ASSIGNMENT((#3232));
#3234=STYLED_ITEM('',(#3233),#3231);
#3235=CARTESIAN_POINT('',(6.E0,-9.5E0,2.6E1));
#3236=DIRECTION('',(0.E0,1.E0,0.E0));
#3237=DIRECTION('',(0.E0,0.E0,1.E0));
#3238=AXIS2_PLACEMENT_3D('',#3235,#3236,#3237);
#3240=CURVE_STYLE('',#20,POSITIVE_LENGTH_MEASURE(2.E-2),#5);
#3241=PRESENTATION_STYLE_ASSIGNMENT((#3240));
#3242=STYLED_ITEM('',(#3241),#3239);
#3243=CARTESIAN_POINT('',(6.E0,-9.5E0,2.9E1));
#3244=DIRECTION('',(0.E0,1.E0,0.E0));
#3245=DIRECTION('',(0.E0,0.E0,-1.E0));
#3246=AXIS2_PLACEMENT_3D('',#3243,#3244,#3245);
#3248=CURVE_STYLE('',#20,POSITIVE_LENGTH_MEASURE(2.E-2),#5);
#3249=PRESENTATION_STYLE_ASSIGNMENT((#3248));
#3250=STYLED_ITEM('',(#3249),#3247);
#3251=CARTESIAN_POINT('',(6.E0,-9.5E0,2.9E1));
#3252=DIRECTION('',(0.E0,1.E0,0.E0));
#3253=DIRECTION('',(0.E0,0.E0,1.E0));
#3254=AXIS2_PLACEMENT_3D('',#3251,#3252,#3253);
#3256=CURVE_STYLE('',#20,POSITIVE_LENGTH_MEASURE(2.E-2),#5);
#3257=PRESENTATION_STYLE_ASSIGNMENT((#3256));
#3258=STYLED_ITEM('',(#3257),#3255);
#3259=CARTESIAN_POINT('',(6.E0,-9.5E0,3.2E1));
#3260=DIRECTION('',(0.E0,1.E0,0.E0));
#3261=DIRECTION('',(0.E0,0.E0,-1.E0));
#3262=AXIS2_PLACEMENT_3D('',#3259,#3260,#3261);
#3264=CURVE_STYLE('',#20,POSITIVE_LENGTH_MEASURE(2.E-2),#5);
#3265=PRESENTATION_STYLE_ASSIGNMENT((#3264));
#3266=STYLED_ITEM('',(#3265),#3263);
#3267=CARTESIAN_POINT('',(6.E0,-9.5E0,3.2E1));
#3268=DIRECTION('',(0.E0,1.E0,0.E0));
#3269=DIRECTION('',(0.E0,0.E0,1.E0));
#3270=AXIS2_PLACEMENT_3D('',#3267,#3268,#3269);
#3272=CURVE_STYLE('',#20,POSITIVE_LENGTH_MEASURE(2.E-2),#5);
#3273=PRESENTATION_STYLE_ASSIGNMENT((#3272));
#3274=STYLED_ITEM('',(#3273),#3271);
#3275=CARTESIAN_POINT('',(6.E0,-9.5E0,3.5E1));
#3276=DIRECTION('',(0.E0,1.E0,0.E0));
#3277=DIRECTION('',(0.E0,0.E0,-1.E0));
#3278=AXIS2_PLACEMENT_3D('',#3275,#3276,#3277);
#3280=CURVE_STYLE('',#20,POSITIVE_LENGTH_MEASURE(2.E-2),#5);
#3281=PRESENTATION_STYLE_ASSIGNMENT((#3280));
#3282=STYLED_ITEM('',(#3281),#3279);
#3283=CARTESIAN_POINT('',(6.E0,-9.5E0,3.5E1));
#3284=DIRECTION('',(0.E0,1.E0,0.E0));
#3285=DIRECTION('',(0.E0,0.E0,1.E0));
#3286=AXIS2_PLACEMENT_3D('',#3283,#3284,#3285);
#3288=CURVE_STYLE('',#20,POSITIVE_LENGTH_MEASURE(2.E-2),#5);
#3289=PRESENTATION_STYLE_ASSIGNMENT((#3288));
#3290=STYLED_ITEM('',(#3289),#3287);
#3291=CARTESIAN_POINT('',(6.E0,-9.5E0,3.8E1));
#3292=DIRECTION('',(0.E0,1.E0,0.E0));
#3293=DIRECTION('',(0.E0,0.E0,-1.E0));
#3294=AXIS2_PLACEMENT_3D('',#3291,#3292,#3293);
#3296=CURVE_STYLE('',#20,POSITIVE_LENGTH_MEASURE(2.E-2),#5);
#3297=PRESENTATION_STYLE_ASSIGNMENT((#3296));
#3298=STYLED_ITEM('',(#3297),#3295);
#3299=CARTESIAN_POINT('',(6.E0,-9.5E0,3.8E1));
#3300=DIRECTION('',(0.E0,1.E0,0.E0));
#3301=DIRECTION('',(0.E0,0.E0,1.E0));
#3302=AXIS2_PLACEMENT_3D('',#3299,#3300,#3301);
#3304=CURVE_STYLE('',#20,POSITIVE_LENGTH_MEASURE(2.E-2),#5);
#3305=PRESENTATION_STYLE_ASSIGNMENT((#3304));
#3306=STYLED_ITEM('',(#3305),#3303);
#3307=CARTESIAN_POINT('',(3.E0,-9.5E0,3.8E1));
#3308=DIRECTION('',(0.E0,1.E0,0.E0));
#3309=DIRECTION('',(0.E0,0.E0,-1.E0));
#3310=AXIS2_PLACEMENT_3D('',#3307,#3308,#3309);
#3312=CURVE_STYLE('',#20,POSITIVE_LENGTH_MEASURE(2.E-2),#5);
#3313=PRESENTATION_STYLE_ASSIGNMENT((#3312));
#3314=STYLED_ITEM('',(#3313),#3311);
#3315=CARTESIAN_POINT('',(3.E0,-9.5E0,3.8E1));
#3316=DIRECTION('',(0.E0,1.E0,0.E0));
#3317=DIRECTION('',(0.E0,0.E0,1.E0));
#3318=AXIS2_PLACEMENT_3D('',#3315,#3316,#3317);
#3320=CURVE_STYLE('',#20,POSITIVE_LENGTH_MEASURE(2.E-2),#5);
#3321=PRESENTATION_STYLE_ASSIGNMENT((#3320));
#3322=STYLED_ITEM('',(#3321),#3319);
#3323=CARTESIAN_POINT('',(0.E0,-9.5E0,3.8E1));
#3324=DIRECTION('',(0.E0,1.E0,0.E0));
#3325=DIRECTION('',(0.E0,0.E0,-1.E0));
#3326=AXIS2_PLACEMENT_3D('',#3323,#3324,#3325);
#3328=CURVE_STYLE('',#20,POSITIVE_LENGTH_MEASURE(2.E-2),#5);
#3329=PRESENTATION_STYLE_ASSIGNMENT((#3328));
#3330=STYLED_ITEM('',(#3329),#3327);
#3331=CARTESIAN_POINT('',(0.E0,-9.5E0,3.8E1));
#3332=DIRECTION('',(0.E0,1.E0,0.E0));
#3333=DIRECTION('',(0.E0,0.E0,1.E0));
#3334=AXIS2_PLACEMENT_3D('',#3331,#3332,#3333);
#3336=CURVE_STYLE('',#20,POSITIVE_LENGTH_MEASURE(2.E-2),#5);
#3337=PRESENTATION_STYLE_ASSIGNMENT((#3336));
#3338=STYLED_ITEM('',(#3337),#3335);
#3339=CARTESIAN_POINT('',(-3.E0,-9.5E0,3.8E1));
#3340=DIRECTION('',(0.E0,1.E0,0.E0));
#3341=DIRECTION('',(0.E0,0.E0,-1.E0));
#3342=AXIS2_PLACEMENT_3D('',#3339,#3340,#3341);
#3344=CURVE_STYLE('',#20,POSITIVE_LENGTH_MEASURE(2.E-2),#5);
#3345=PRESENTATION_STYLE_ASSIGNMENT((#3344));
#3346=STYLED_ITEM('',(#3345),#3343);
#3347=CARTESIAN_POINT('',(-3.E0,-9.5E0,3.8E1));
#3348=DIRECTION('',(0.E0,1.E0,0.E0));
#3349=DIRECTION('',(0.E0,0.E0,1.E0));
#3350=AXIS2_PLACEMENT_3D('',#3347,#3348,#3349);
#3352=CURVE_STYLE('',#20,POSITIVE_LENGTH_MEASURE(2.E-2),#5);
#3353=PRESENTATION_STYLE_ASSIGNMENT((#3352));
#3354=STYLED_ITEM('',(#3353),#3351);
#3355=CARTESIAN_POINT('',(-6.E0,-9.5E0,3.8E1));
#3356=DIRECTION('',(0.E0,1.E0,0.E0));
#3357=DIRECTION('',(0.E0,0.E0,-1.E0));
#3358=AXIS2_PLACEMENT_3D('',#3355,#3356,#3357);
#3360=CURVE_STYLE('',#20,POSITIVE_LENGTH_MEASURE(2.E-2),#5);
#3361=PRESENTATION_STYLE_ASSIGNMENT((#3360));
#3362=STYLED_ITEM('',(#3361),#3359);
#3363=CARTESIAN_POINT('',(-6.E0,-9.5E0,3.8E1));
#3364=DIRECTION('',(0.E0,1.E0,0.E0));
#3365=DIRECTION('',(0.E0,0.E0,1.E0));
#3366=AXIS2_PLACEMENT_3D('',#3363,#3364,#3365);
#3368=CURVE_STYLE('',#20,POSITIVE_LENGTH_MEASURE(2.E-2),#5);
#3369=PRESENTATION_STYLE_ASSIGNMENT((#3368));
#3370=STYLED_ITEM('',(#3369),#3367);
#3371=CARTESIAN_POINT('',(-6.E0,-9.5E0,3.5E1));
#3372=DIRECTION('',(0.E0,1.E0,0.E0));
#3373=DIRECTION('',(0.E0,0.E0,-1.E0));
#3374=AXIS2_PLACEMENT_3D('',#3371,#3372,#3373);
#3376=CURVE_STYLE('',#20,POSITIVE_LENGTH_MEASURE(2.E-2),#5);
#3377=PRESENTATION_STYLE_ASSIGNMENT((#3376));
#3378=STYLED_ITEM('',(#3377),#3375);
#3379=CARTESIAN_POINT('',(-6.E0,-9.5E0,3.5E1));
#3380=DIRECTION('',(0.E0,1.E0,0.E0));
#3381=DIRECTION('',(0.E0,0.E0,1.E0));
#3382=AXIS2_PLACEMENT_3D('',#3379,#3380,#3381);
#3384=CURVE_STYLE('',#20,POSITIVE_LENGTH_MEASURE(2.E-2),#5);
#3385=PRESENTATION_STYLE_ASSIGNMENT((#3384));
#3386=STYLED_ITEM('',(#3385),#3383);
#3387=CARTESIAN_POINT('',(-6.E0,-9.5E0,3.2E1));
#3388=DIRECTION('',(0.E0,1.E0,0.E0));
#3389=DIRECTION('',(0.E0,0.E0,-1.E0));
#3390=AXIS2_PLACEMENT_3D('',#3387,#3388,#3389);
#3392=CURVE_STYLE('',#20,POSITIVE_LENGTH_MEASURE(2.E-2),#5);
#3393=PRESENTATION_STYLE_ASSIGNMENT((#3392));
#3394=STYLED_ITEM('',(#3393),#3391);
#3395=CARTESIAN_POINT('',(-6.E0,-9.5E0,3.2E1));
#3396=DIRECTION('',(0.E0,1.E0,0.E0));
#3397=DIRECTION('',(0.E0,0.E0,1.E0));
#3398=AXIS2_PLACEMENT_3D('',#3395,#3396,#3397);
#3400=CURVE_STYLE('',#20,POSITIVE_LENGTH_MEASURE(2.E-2),#5);
#3401=PRESENTATION_STYLE_ASSIGNMENT((#3400));
#3402=STYLED_ITEM('',(#3401),#3399);
#3403=CARTESIAN_POINT('',(-6.E0,-9.5E0,2.9E1));
#3404=DIRECTION('',(0.E0,1.E0,0.E0));
#3405=DIRECTION('',(0.E0,0.E0,-1.E0));
#3406=AXIS2_PLACEMENT_3D('',#3403,#3404,#3405);
#3408=CURVE_STYLE('',#20,POSITIVE_LENGTH_MEASURE(2.E-2),#5);
#3409=PRESENTATION_STYLE_ASSIGNMENT((#3408));
#3410=STYLED_ITEM('',(#3409),#3407);
#3411=CARTESIAN_POINT('',(-6.E0,-9.5E0,2.9E1));
#3412=DIRECTION('',(0.E0,1.E0,0.E0));
#3413=DIRECTION('',(0.E0,0.E0,1.E0));
#3414=AXIS2_PLACEMENT_3D('',#3411,#3412,#3413);
#3416=CURVE_STYLE('',#20,POSITIVE_LENGTH_MEASURE(2.E-2),#5);
#3417=PRESENTATION_STYLE_ASSIGNMENT((#3416));
#3418=STYLED_ITEM('',(#3417),#3415);
#3419=CARTESIAN_POINT('',(-6.E0,-9.5E0,2.6E1));
#3420=DIRECTION('',(0.E0,1.E0,0.E0));
#3421=DIRECTION('',(0.E0,0.E0,-1.E0));
#3422=AXIS2_PLACEMENT_3D('',#3419,#3420,#3421);
#3424=CURVE_STYLE('',#20,POSITIVE_LENGTH_MEASURE(2.E-2),#5);
#3425=PRESENTATION_STYLE_ASSIGNMENT((#3424));
#3426=STYLED_ITEM('',(#3425),#3423);
#3427=CARTESIAN_POINT('',(-6.E0,-9.5E0,2.6E1));
#3428=DIRECTION('',(0.E0,1.E0,0.E0));
#3429=DIRECTION('',(0.E0,0.E0,1.E0));
#3430=AXIS2_PLACEMENT_3D('',#3427,#3428,#3429);
#3432=CURVE_STYLE('',#20,POSITIVE_LENGTH_MEASURE(2.E-2),#5);
#3433=PRESENTATION_STYLE_ASSIGNMENT((#3432));
#3434=STYLED_ITEM('',(#3433),#3431);
#3435=CARTESIAN_POINT('',(9.E0,-9.5E0,2.6E1));
#3436=DIRECTION('',(0.E0,1.E0,0.E0));
#3437=DIRECTION('',(0.E0,0.E0,-1.E0));
#3438=AXIS2_PLACEMENT_3D('',#3435,#3436,#3437);
#3440=CURVE_STYLE('',#20,POSITIVE_LENGTH_MEASURE(2.E-2),#5);
#3441=PRESENTATION_STYLE_ASSIGNMENT((#3440));
#3442=STYLED_ITEM('',(#3441),#3439);
#3443=CARTESIAN_POINT('',(9.E0,-9.5E0,2.6E1));
#3444=DIRECTION('',(0.E0,1.E0,0.E0));
#3445=DIRECTION('',(0.E0,0.E0,1.E0));
#3446=AXIS2_PLACEMENT_3D('',#3443,#3444,#3445);
#3448=CURVE_STYLE('',#20,POSITIVE_LENGTH_MEASURE(2.E-2),#5);
#3449=PRESENTATION_STYLE_ASSIGNMENT((#3448));
#3450=STYLED_ITEM('',(#3449),#3447);
#3451=CARTESIAN_POINT('',(9.E0,-9.5E0,2.9E1));
#3452=DIRECTION('',(0.E0,1.E0,0.E0));
#3453=DIRECTION('',(0.E0,0.E0,-1.E0));
#3454=AXIS2_PLACEMENT_3D('',#3451,#3452,#3453);
#3456=CURVE_STYLE('',#20,POSITIVE_LENGTH_MEASURE(2.E-2),#5);
#3457=PRESENTATION_STYLE_ASSIGNMENT((#3456));
#3458=STYLED_ITEM('',(#3457),#3455);
#3459=CARTESIAN_POINT('',(9.E0,-9.5E0,2.9E1));
#3460=DIRECTION('',(0.E0,1.E0,0.E0));
#3461=DIRECTION('',(0.E0,0.E0,1.E0));
#3462=AXIS2_PLACEMENT_3D('',#3459,#3460,#3461);
#3464=CURVE_STYLE('',#20,POSITIVE_LENGTH_MEASURE(2.E-2),#5);
#3465=PRESENTATION_STYLE_ASSIGNMENT((#3464));
#3466=STYLED_ITEM('',(#3465),#3463);
#3467=CARTESIAN_POINT('',(9.E0,-9.5E0,3.2E1));
#3468=DIRECTION('',(0.E0,1.E0,0.E0));
#3469=DIRECTION('',(0.E0,0.E0,-1.E0));
#3470=AXIS2_PLACEMENT_3D('',#3467,#3468,#3469);
#3472=CURVE_STYLE('',#20,POSITIVE_LENGTH_MEASURE(2.E-2),#5);
#3473=PRESENTATION_STYLE_ASSIGNMENT((#3472));
#3474=STYLED_ITEM('',(#3473),#3471);
#3475=CARTESIAN_POINT('',(9.E0,-9.5E0,3.2E1));
#3476=DIRECTION('',(0.E0,1.E0,0.E0));
#3477=DIRECTION('',(0.E0,0.E0,1.E0));
#3478=AXIS2_PLACEMENT_3D('',#3475,#3476,#3477);
#3480=CURVE_STYLE('',#20,POSITIVE_LENGTH_MEASURE(2.E-2),#5);
#3481=PRESENTATION_STYLE_ASSIGNMENT((#3480));
#3482=STYLED_ITEM('',(#3481),#3479);
#3483=CARTESIAN_POINT('',(9.E0,-9.5E0,3.5E1));
#3484=DIRECTION('',(0.E0,1.E0,0.E0));
#3485=DIRECTION('',(0.E0,0.E0,-1.E0));
#3486=AXIS2_PLACEMENT_3D('',#3483,#3484,#3485);
#3488=CURVE_STYLE('',#20,POSITIVE_LENGTH_MEASURE(2.E-2),#5);
#3489=PRESENTATION_STYLE_ASSIGNMENT((#3488));
#3490=STYLED_ITEM('',(#3489),#3487);
#3491=CARTESIAN_POINT('',(9.E0,-9.5E0,3.5E1));
#3492=DIRECTION('',(0.E0,1.E0,0.E0));
#3493=DIRECTION('',(0.E0,0.E0,1.E0));
#3494=AXIS2_PLACEMENT_3D('',#3491,#3492,#3493);
#3496=CURVE_STYLE('',#20,POSITIVE_LENGTH_MEASURE(2.E-2),#5);
#3497=PRESENTATION_STYLE_ASSIGNMENT((#3496));
#3498=STYLED_ITEM('',(#3497),#3495);
#3499=CARTESIAN_POINT('',(9.E0,-9.5E0,3.8E1));
#3500=DIRECTION('',(0.E0,1.E0,0.E0));
#3501=DIRECTION('',(0.E0,0.E0,-1.E0));
#3502=AXIS2_PLACEMENT_3D('',#3499,#3500,#3501);
#3504=CURVE_STYLE('',#20,POSITIVE_LENGTH_MEASURE(2.E-2),#5);
#3505=PRESENTATION_STYLE_ASSIGNMENT((#3504));
#3506=STYLED_ITEM('',(#3505),#3503);
#3507=CARTESIAN_POINT('',(9.E0,-9.5E0,3.8E1));
#3508=DIRECTION('',(0.E0,1.E0,0.E0));
#3509=DIRECTION('',(0.E0,0.E0,1.E0));
#3510=AXIS2_PLACEMENT_3D('',#3507,#3508,#3509);
#3512=CURVE_STYLE('',#20,POSITIVE_LENGTH_MEASURE(2.E-2),#5);
#3513=PRESENTATION_STYLE_ASSIGNMENT((#3512));
#3514=STYLED_ITEM('',(#3513),#3511);
#3515=CARTESIAN_POINT('',(-9.E0,-9.5E0,3.8E1));
#3516=DIRECTION('',(0.E0,1.E0,0.E0));
#3517=DIRECTION('',(0.E0,0.E0,-1.E0));
#3518=AXIS2_PLACEMENT_3D('',#3515,#3516,#3517);
#3520=CURVE_STYLE('',#20,POSITIVE_LENGTH_MEASURE(2.E-2),#5);
#3521=PRESENTATION_STYLE_ASSIGNMENT((#3520));
#3522=STYLED_ITEM('',(#3521),#3519);
#3523=CARTESIAN_POINT('',(-9.E0,-9.5E0,3.8E1));
#3524=DIRECTION('',(0.E0,1.E0,0.E0));
#3525=DIRECTION('',(0.E0,0.E0,1.E0));
#3526=AXIS2_PLACEMENT_3D('',#3523,#3524,#3525);
#3528=CURVE_STYLE('',#20,POSITIVE_LENGTH_MEASURE(2.E-2),#5);
#3529=PRESENTATION_STYLE_ASSIGNMENT((#3528));
#3530=STYLED_ITEM('',(#3529),#3527);
#3531=CARTESIAN_POINT('',(-9.E0,-9.5E0,3.5E1));
#3532=DIRECTION('',(0.E0,1.E0,0.E0));
#3533=DIRECTION('',(0.E0,0.E0,-1.E0));
#3534=AXIS2_PLACEMENT_3D('',#3531,#3532,#3533);
#3536=CURVE_STYLE('',#20,POSITIVE_LENGTH_MEASURE(2.E-2),#5);
#3537=PRESENTATION_STYLE_ASSIGNMENT((#3536));
#3538=STYLED_ITEM('',(#3537),#3535);
#3539=CARTESIAN_POINT('',(-9.E0,-9.5E0,3.5E1));
#3540=DIRECTION('',(0.E0,1.E0,0.E0));
#3541=DIRECTION('',(0.E0,0.E0,1.E0));
#3542=AXIS2_PLACEMENT_3D('',#3539,#3540,#3541);
#3544=CURVE_STYLE('',#20,POSITIVE_LENGTH_MEASURE(2.E-2),#5);
#3545=PRESENTATION_STYLE_ASSIGNMENT((#3544));
#3546=STYLED_ITEM('',(#3545),#3543);
#3547=CARTESIAN_POINT('',(-9.E0,-9.5E0,3.2E1));
#3548=DIRECTION('',(0.E0,1.E0,0.E0));
#3549=DIRECTION('',(0.E0,0.E0,-1.E0));
#3550=AXIS2_PLACEMENT_3D('',#3547,#3548,#3549);
#3552=CURVE_STYLE('',#20,POSITIVE_LENGTH_MEASURE(2.E-2),#5);
#3553=PRESENTATION_STYLE_ASSIGNMENT((#3552));
#3554=STYLED_ITEM('',(#3553),#3551);
#3555=CARTESIAN_POINT('',(-9.E0,-9.5E0,3.2E1));
#3556=DIRECTION('',(0.E0,1.E0,0.E0));
#3557=DIRECTION('',(0.E0,0.E0,1.E0));
#3558=AXIS2_PLACEMENT_3D('',#3555,#3556,#3557);
#3560=CURVE_STYLE('',#20,POSITIVE_LENGTH_MEASURE(2.E-2),#5);
#3561=PRESENTATION_STYLE_ASSIGNMENT((#3560));
#3562=STYLED_ITEM('',(#3561),#3559);
#3563=CARTESIAN_POINT('',(-9.E0,-9.5E0,2.9E1));
#3564=DIRECTION('',(0.E0,1.E0,0.E0));
#3565=DIRECTION('',(0.E0,0.E0,-1.E0));
#3566=AXIS2_PLACEMENT_3D('',#3563,#3564,#3565);
#3568=CURVE_STYLE('',#20,POSITIVE_LENGTH_MEASURE(2.E-2),#5);
#3569=PRESENTATION_STYLE_ASSIGNMENT((#3568));
#3570=STYLED_ITEM('',(#3569),#3567);
#3571=CARTESIAN_POINT('',(-9.E0,-9.5E0,2.9E1));
#3572=DIRECTION('',(0.E0,1.E0,0.E0));
#3573=DIRECTION('',(0.E0,0.E0,1.E0));
#3574=AXIS2_PLACEMENT_3D('',#3571,#3572,#3573);
#3576=CURVE_STYLE('',#20,POSITIVE_LENGTH_MEASURE(2.E-2),#5);
#3577=PRESENTATION_STYLE_ASSIGNMENT((#3576));
#3578=STYLED_ITEM('',(#3577),#3575);
#3579=CARTESIAN_POINT('',(-9.E0,-9.5E0,2.6E1));
#3580=DIRECTION('',(0.E0,1.E0,0.E0));
#3581=DIRECTION('',(0.E0,0.E0,-1.E0));
#3582=AXIS2_PLACEMENT_3D('',#3579,#3580,#3581);
#3584=CURVE_STYLE('',#20,POSITIVE_LENGTH_MEASURE(2.E-2),#5);
#3585=PRESENTATION_STYLE_ASSIGNMENT((#3584));
#3586=STYLED_ITEM('',(#3585),#3583);
#3587=CARTESIAN_POINT('',(-9.E0,-9.5E0,2.6E1));
#3588=DIRECTION('',(0.E0,1.E0,0.E0));
#3589=DIRECTION('',(0.E0,0.E0,1.E0));
#3590=AXIS2_PLACEMENT_3D('',#3587,#3588,#3589);
#3592=CURVE_STYLE('',#20,POSITIVE_LENGTH_MEASURE(2.E-2),#5);
#3593=PRESENTATION_STYLE_ASSIGNMENT((#3592));
#3594=STYLED_ITEM('',(#3593),#3591);
#3595=CARTESIAN_POINT('',(1.2E1,-9.5E0,3.2E1));
#3596=DIRECTION('',(0.E0,1.E0,0.E0));
#3597=DIRECTION('',(0.E0,0.E0,-1.E0));
#3598=AXIS2_PLACEMENT_3D('',#3595,#3596,#3597);
#3600=CURVE_STYLE('',#20,POSITIVE_LENGTH_MEASURE(2.E-2),#5);
#3601=PRESENTATION_STYLE_ASSIGNMENT((#3600));
#3602=STYLED_ITEM('',(#3601),#3599);
#3603=CARTESIAN_POINT('',(1.2E1,-9.5E0,3.2E1));
#3604=DIRECTION('',(0.E0,1.E0,0.E0));
#3605=DIRECTION('',(0.E0,0.E0,1.E0));
#3606=AXIS2_PLACEMENT_3D('',#3603,#3604,#3605);
#3608=CURVE_STYLE('',#20,POSITIVE_LENGTH_MEASURE(2.E-2),#5);
#3609=PRESENTATION_STYLE_ASSIGNMENT((#3608));
#3610=STYLED_ITEM('',(#3609),#3607);
#3611=CARTESIAN_POINT('',(-1.2E1,-9.5E0,3.2E1));
#3612=DIRECTION('',(0.E0,1.E0,0.E0));
#3613=DIRECTION('',(0.E0,0.E0,-1.E0));
#3614=AXIS2_PLACEMENT_3D('',#3611,#3612,#3613);
#3616=CURVE_STYLE('',#20,POSITIVE_LENGTH_MEASURE(2.E-2),#5);
#3617=PRESENTATION_STYLE_ASSIGNMENT((#3616));
#3618=STYLED_ITEM('',(#3617),#3615);
#3619=CARTESIAN_POINT('',(-1.2E1,-9.5E0,3.2E1));
#3620=DIRECTION('',(0.E0,1.E0,0.E0));
#3621=DIRECTION('',(0.E0,0.E0,1.E0));
#3622=AXIS2_PLACEMENT_3D('',#3619,#3620,#3621);
#3624=CURVE_STYLE('',#20,POSITIVE_LENGTH_MEASURE(2.E-2),#5);
#3625=PRESENTATION_STYLE_ASSIGNMENT((#3624));
#3626=STYLED_ITEM('',(#3625),#3623);
#3627=CARTESIAN_POINT('',(-1.2E1,-9.5E0,2.9E1));
#3628=DIRECTION('',(0.E0,1.E0,0.E0));
#3629=DIRECTION('',(0.E0,0.E0,-1.E0));
#3630=AXIS2_PLACEMENT_3D('',#3627,#3628,#3629);
#3632=CURVE_STYLE('',#20,POSITIVE_LENGTH_MEASURE(2.E-2),#5);
#3633=PRESENTATION_STYLE_ASSIGNMENT((#3632));
#3634=STYLED_ITEM('',(#3633),#3631);
#3635=CARTESIAN_POINT('',(-5.E0,-9.5E0,3.2E1));
#3636=DIRECTION('',(0.E0,-1.E0,0.E0));
#3637=DIRECTION('',(-9.107322517718E-1,0.E0,-4.129972948855E-1));
#3638=AXIS2_PLACEMENT_3D('',#3635,#3636,#3637);
#3640=CURVE_STYLE('',#20,POSITIVE_LENGTH_MEASURE(2.E-2),#5);
#3641=PRESENTATION_STYLE_ASSIGNMENT((#3640));
#3642=STYLED_ITEM('',(#3641),#3639);
#3643=DIRECTION('',(1.E0,0.E0,0.E0));
#3644=VECTOR('',#3643,1.E1);
#3645=CARTESIAN_POINT('',(-5.E0,-9.5E0,2.35E1));
#3646=LINE('',#3645,#3644);
#3647=CURVE_STYLE('',#20,POSITIVE_LENGTH_MEASURE(2.E-2),#5);
#3648=PRESENTATION_STYLE_ASSIGNMENT((#3647));
#3649=STYLED_ITEM('',(#3648),#3646);
#3650=CARTESIAN_POINT('',(5.E0,-9.5E0,3.2E1));
#3651=DIRECTION('',(0.E0,1.E0,0.E0));
#3652=DIRECTION('',(9.107322517718E-1,0.E0,-4.129972948855E-1));
#3653=AXIS2_PLACEMENT_3D('',#3650,#3651,#3652);
#3655=CURVE_STYLE('',#20,POSITIVE_LENGTH_MEASURE(2.E-2),#5);
#3656=PRESENTATION_STYLE_ASSIGNMENT((#3655));
#3657=STYLED_ITEM('',(#3656),#3654);
#3658=CARTESIAN_POINT('',(1.2E1,-9.5E0,2.9E1));
#3659=DIRECTION('',(0.E0,1.E0,0.E0));
#3660=DIRECTION('',(8.235823778446E-1,0.E0,-5.671966739182E-1));
#3661=AXIS2_PLACEMENT_3D('',#3658,#3659,#3660);
#3663=CURVE_STYLE('',#20,POSITIVE_LENGTH_MEASURE(2.E-2),#5);
#3664=PRESENTATION_STYLE_ASSIGNMENT((#3663));
#3665=STYLED_ITEM('',(#3664),#3662);
#3666=CARTESIAN_POINT('',(1.2E1,-9.5E0,2.9E1));
#3667=DIRECTION('',(0.E0,1.E0,0.E0));
#3668=DIRECTION('',(0.E0,0.E0,-1.E0));
#3669=AXIS2_PLACEMENT_3D('',#3666,#3667,#3668);
#3671=CURVE_STYLE('',#20,POSITIVE_LENGTH_MEASURE(2.E-2),#5);
#3672=PRESENTATION_STYLE_ASSIGNMENT((#3671));
#3673=STYLED_ITEM('',(#3672),#3670);
#3674=CARTESIAN_POINT('',(1.2E1,-9.5E0,2.9E1));
#3675=DIRECTION('',(0.E0,1.E0,0.E0));
#3676=DIRECTION('',(0.E0,0.E0,1.E0));
#3677=AXIS2_PLACEMENT_3D('',#3674,#3675,#3676);
#3679=CURVE_STYLE('',#20,POSITIVE_LENGTH_MEASURE(2.E-2),#5);
#3680=PRESENTATION_STYLE_ASSIGNMENT((#3679));
#3681=STYLED_ITEM('',(#3680),#3678);
#3682=CARTESIAN_POINT('',(5.E0,-9.5E0,3.2E1));
#3683=DIRECTION('',(0.E0,1.E0,0.E0));
#3684=DIRECTION('',(9.271582147597E-1,0.E0,3.746700479137E-1));
#3685=AXIS2_PLACEMENT_3D('',#3682,#3683,#3684);
#3687=CURVE_STYLE('',#20,POSITIVE_LENGTH_MEASURE(2.E-2),#5);
#3688=PRESENTATION_STYLE_ASSIGNMENT((#3687));
#3689=STYLED_ITEM('',(#3688),#3686);
#3690=CARTESIAN_POINT('',(1.2E1,-9.5E0,3.5E1));
#3691=DIRECTION('',(0.E0,1.E0,0.E0));
#3692=DIRECTION('',(9.787164727301E-1,0.E0,2.052171191853E-1));
#3693=AXIS2_PLACEMENT_3D('',#3690,#3691,#3692);
#3695=CURVE_STYLE('',#20,POSITIVE_LENGTH_MEASURE(2.E-2),#5);
#3696=PRESENTATION_STYLE_ASSIGNMENT((#3695));
#3697=STYLED_ITEM('',(#3696),#3694);
#3698=CARTESIAN_POINT('',(1.2E1,-9.5E0,3.5E1));
#3699=DIRECTION('',(0.E0,1.E0,0.E0));
#3700=DIRECTION('',(0.E0,0.E0,-1.E0));
#3701=AXIS2_PLACEMENT_3D('',#3698,#3699,#3700);
#3703=CURVE_STYLE('',#20,POSITIVE_LENGTH_MEASURE(2.E-2),#5);
#3704=PRESENTATION_STYLE_ASSIGNMENT((#3703));
#3705=STYLED_ITEM('',(#3704),#3702);
#3706=CARTESIAN_POINT('',(1.2E1,-9.5E0,3.5E1));
#3707=DIRECTION('',(0.E0,1.E0,0.E0));
#3708=DIRECTION('',(0.E0,0.E0,1.E0));
#3709=AXIS2_PLACEMENT_3D('',#3706,#3707,#3708);
#3711=CURVE_STYLE('',#20,POSITIVE_LENGTH_MEASURE(2.E-2),#5);
#3712=PRESENTATION_STYLE_ASSIGNMENT((#3711));
#3713=STYLED_ITEM('',(#3712),#3710);
#3714=CARTESIAN_POINT('',(5.E0,-9.5E0,3.2E1));
#3715=DIRECTION('',(0.E0,1.E0,0.E0));
#3716=DIRECTION('',(0.E0,0.E0,1.E0));
#3717=AXIS2_PLACEMENT_3D('',#3714,#3715,#3716);
#3719=CURVE_STYLE('',#20,POSITIVE_LENGTH_MEASURE(2.E-2),#5);
#3720=PRESENTATION_STYLE_ASSIGNMENT((#3719));
#3721=STYLED_ITEM('',(#3720),#3718);
#3722=DIRECTION('',(-1.E0,0.E0,0.E0));
#3723=VECTOR('',#3722,1.E1);
#3724=CARTESIAN_POINT('',(5.E0,-9.5E0,4.05E1));
#3725=LINE('',#3724,#3723);
#3726=CURVE_STYLE('',#20,POSITIVE_LENGTH_MEASURE(2.E-2),#5);
#3727=PRESENTATION_STYLE_ASSIGNMENT((#3726));
#3728=STYLED_ITEM('',(#3727),#3725);
#3729=CARTESIAN_POINT('',(-5.E0,-9.5E0,3.2E1));
#3730=DIRECTION('',(0.E0,-1.E0,0.E0));
#3731=DIRECTION('',(0.E0,0.E0,1.E0));
#3732=AXIS2_PLACEMENT_3D('',#3729,#3730,#3731);
#3734=CURVE_STYLE('',#20,POSITIVE_LENGTH_MEASURE(2.E-2),#5);
#3735=PRESENTATION_STYLE_ASSIGNMENT((#3734));
#3736=STYLED_ITEM('',(#3735),#3733);
#3737=CARTESIAN_POINT('',(-1.2E1,-9.5E0,3.5E1));
#3738=DIRECTION('',(0.E0,1.E0,0.E0));
#3739=DIRECTION('',(-8.235823778446E-1,0.E0,5.671966739182E-1));
#3740=AXIS2_PLACEMENT_3D('',#3737,#3738,#3739);
#3742=CURVE_STYLE('',#20,POSITIVE_LENGTH_MEASURE(2.E-2),#5);
#3743=PRESENTATION_STYLE_ASSIGNMENT((#3742));
#3744=STYLED_ITEM('',(#3743),#3741);
#3745=CARTESIAN_POINT('',(-1.2E1,-9.5E0,3.5E1));
#3746=DIRECTION('',(0.E0,1.E0,0.E0));
#3747=DIRECTION('',(0.E0,0.E0,1.E0));
#3748=AXIS2_PLACEMENT_3D('',#3745,#3746,#3747);
#3750=CURVE_STYLE('',#20,POSITIVE_LENGTH_MEASURE(2.E-2),#5);
#3751=PRESENTATION_STYLE_ASSIGNMENT((#3750));
#3752=STYLED_ITEM('',(#3751),#3749);
#3753=CARTESIAN_POINT('',(-1.2E1,-9.5E0,3.5E1));
#3754=DIRECTION('',(0.E0,1.E0,0.E0));
#3755=DIRECTION('',(0.E0,0.E0,-1.E0));
#3756=AXIS2_PLACEMENT_3D('',#3753,#3754,#3755);
#3758=CURVE_STYLE('',#20,POSITIVE_LENGTH_MEASURE(2.E-2),#5);
#3759=PRESENTATION_STYLE_ASSIGNMENT((#3758));
#3760=STYLED_ITEM('',(#3759),#3757);
#3761=CARTESIAN_POINT('',(-5.E0,-9.5E0,3.2E1));
#3762=DIRECTION('',(0.E0,-1.E0,0.E0));
#3763=DIRECTION('',(-9.271582147597E-1,0.E0,3.746700479137E-1));
#3764=AXIS2_PLACEMENT_3D('',#3761,#3762,#3763);
#3766=CURVE_STYLE('',#20,POSITIVE_LENGTH_MEASURE(2.E-2),#5);
#3767=PRESENTATION_STYLE_ASSIGNMENT((#3766));
#3768=STYLED_ITEM('',(#3767),#3765);
#3769=CARTESIAN_POINT('',(-1.2E1,-9.5E0,2.9E1));
#3770=DIRECTION('',(0.E0,1.E0,0.E0));
#3771=DIRECTION('',(-9.787164727301E-1,0.E0,-2.052171191853E-1));
#3772=AXIS2_PLACEMENT_3D('',#3769,#3770,#3771);
#3774=CURVE_STYLE('',#20,POSITIVE_LENGTH_MEASURE(2.E-2),#5);
#3775=PRESENTATION_STYLE_ASSIGNMENT((#3774));
#3776=STYLED_ITEM('',(#3775),#3773);
#3777=CARTESIAN_POINT('',(-1.2E1,-9.5E0,2.9E1));
#3778=DIRECTION('',(0.E0,1.E0,0.E0));
#3779=DIRECTION('',(0.E0,0.E0,1.E0));
#3780=AXIS2_PLACEMENT_3D('',#3777,#3778,#3779);
#3782=CURVE_STYLE('',#20,POSITIVE_LENGTH_MEASURE(2.E-2),#5);
#3783=PRESENTATION_STYLE_ASSIGNMENT((#3782));
#3784=STYLED_ITEM('',(#3783),#3781);
#3785=DIRECTION('',(1.E0,0.E0,0.E0));
#3786=VECTOR('',#3785,2.503846381456E-1);
#3787=CARTESIAN_POINT('',(-2.75E1,-9.5E0,4.1E1));
#3788=LINE('',#3787,#3786);
#3789=CURVE_STYLE('',#20,POSITIVE_LENGTH_MEASURE(2.E-2),#5);
#3790=PRESENTATION_STYLE_ASSIGNMENT((#3789));
#3791=STYLED_ITEM('',(#3790),#3788);
#3792=DIRECTION('',(0.E0,0.E0,-1.E0));
#3793=VECTOR('',#3792,8.2E1);
#3794=CARTESIAN_POINT('',(-2.75E1,-9.5E0,4.1E1));
#3795=LINE('',#3794,#3793);
#3796=CURVE_STYLE('',#20,POSITIVE_LENGTH_MEASURE(2.E-2),#5);
#3797=PRESENTATION_STYLE_ASSIGNMENT((#3796));
#3798=STYLED_ITEM('',(#3797),#3795);
#3799=DIRECTION('',(1.E0,0.E0,0.E0));
#3800=VECTOR('',#3799,2.503846381456E-1);
#3801=CARTESIAN_POINT('',(-2.75E1,-9.5E0,-4.1E1));
#3802=LINE('',#3801,#3800);
#3803=CURVE_STYLE('',#20,POSITIVE_LENGTH_MEASURE(2.E-2),#5);
#3804=PRESENTATION_STYLE_ASSIGNMENT((#3803));
#3805=STYLED_ITEM('',(#3804),#3802);
#3806=CARTESIAN_POINT('',(-2.4E1,-9.5E0,-4.2E1));
#3807=DIRECTION('',(0.E0,1.E0,0.E0));
#3808=DIRECTION('',(-9.557692240748E-1,0.E0,2.941176470588E-1));
#3809=AXIS2_PLACEMENT_3D('',#3806,#3807,#3808);
#3811=CURVE_STYLE('',#20,POSITIVE_LENGTH_MEASURE(2.E-2),#5);
#3812=PRESENTATION_STYLE_ASSIGNMENT((#3811));
#3813=STYLED_ITEM('',(#3812),#3810);
#3814=CARTESIAN_POINT('',(-2.4E1,-9.5E0,-4.2E1));
#3815=DIRECTION('',(0.E0,1.E0,0.E0));
#3816=DIRECTION('',(1.E0,0.E0,0.E0));
#3817=AXIS2_PLACEMENT_3D('',#3814,#3815,#3816);
#3819=CURVE_STYLE('',#20,POSITIVE_LENGTH_MEASURE(2.E-2),#5);
#3820=PRESENTATION_STYLE_ASSIGNMENT((#3819));
#3821=STYLED_ITEM('',(#3820),#3818);
#3822=DIRECTION('',(0.E0,0.E0,1.E0));
#3823=VECTOR('',#3822,2.503846381456E-1);
#3824=CARTESIAN_POINT('',(-2.3E1,-9.5E0,-4.55E1));
#3825=LINE('',#3824,#3823);
#3826=CURVE_STYLE('',#20,POSITIVE_LENGTH_MEASURE(2.E-2),#5);
#3827=PRESENTATION_STYLE_ASSIGNMENT((#3826));
#3828=STYLED_ITEM('',(#3827),#3825);
#3829=DIRECTION('',(1.E0,0.E0,0.E0));
#3830=VECTOR('',#3829,4.6E1);
#3831=CARTESIAN_POINT('',(-2.3E1,-9.5E0,-4.55E1));
#3832=LINE('',#3831,#3830);
#3833=CURVE_STYLE('',#20,POSITIVE_LENGTH_MEASURE(2.E-2),#5);
#3834=PRESENTATION_STYLE_ASSIGNMENT((#3833));
#3835=STYLED_ITEM('',(#3834),#3832);
#3836=DIRECTION('',(0.E0,0.E0,1.E0));
#3837=VECTOR('',#3836,2.503846381456E-1);
#3838=CARTESIAN_POINT('',(2.3E1,-9.5E0,-4.55E1));
#3839=LINE('',#3838,#3837);
#3840=CURVE_STYLE('',#20,POSITIVE_LENGTH_MEASURE(2.E-2),#5);
#3841=PRESENTATION_STYLE_ASSIGNMENT((#3840));
#3842=STYLED_ITEM('',(#3841),#3839);
#3843=CARTESIAN_POINT('',(2.4E1,-9.5E0,-4.2E1));
#3844=DIRECTION('',(0.E0,1.E0,0.E0));
#3845=DIRECTION('',(-2.941176470588E-1,0.E0,-9.557692240748E-1));
#3846=AXIS2_PLACEMENT_3D('',#3843,#3844,#3845);
#3848=CURVE_STYLE('',#20,POSITIVE_LENGTH_MEASURE(2.E-2),#5);
#3849=PRESENTATION_STYLE_ASSIGNMENT((#3848));
#3850=STYLED_ITEM('',(#3849),#3847);
#3851=CARTESIAN_POINT('',(2.4E1,-9.5E0,-4.2E1));
#3852=DIRECTION('',(0.E0,1.E0,0.E0));
#3853=DIRECTION('',(-1.E0,0.E0,0.E0));
#3854=AXIS2_PLACEMENT_3D('',#3851,#3852,#3853);
#3856=CURVE_STYLE('',#20,POSITIVE_LENGTH_MEASURE(2.E-2),#5);
#3857=PRESENTATION_STYLE_ASSIGNMENT((#3856));
#3858=STYLED_ITEM('',(#3857),#3855);
#3859=DIRECTION('',(-1.E0,0.E0,0.E0));
#3860=VECTOR('',#3859,2.503846381456E-1);
#3861=CARTESIAN_POINT('',(2.75E1,-9.5E0,-4.1E1));
#3862=LINE('',#3861,#3860);
#3863=CURVE_STYLE('',#20,POSITIVE_LENGTH_MEASURE(2.E-2),#5);
#3864=PRESENTATION_STYLE_ASSIGNMENT((#3863));
#3865=STYLED_ITEM('',(#3864),#3862);
#3866=DIRECTION('',(0.E0,0.E0,1.E0));
#3867=VECTOR('',#3866,8.2E1);
#3868=CARTESIAN_POINT('',(2.75E1,-9.5E0,-4.1E1));
#3869=LINE('',#3868,#3867);
#3870=CURVE_STYLE('',#20,POSITIVE_LENGTH_MEASURE(2.E-2),#5);
#3871=PRESENTATION_STYLE_ASSIGNMENT((#3870));
#3872=STYLED_ITEM('',(#3871),#3869);
#3873=DIRECTION('',(-1.E0,0.E0,0.E0));
#3874=VECTOR('',#3873,2.503846381456E-1);
#3875=CARTESIAN_POINT('',(2.75E1,-9.5E0,4.1E1));
#3876=LINE('',#3875,#3874);
#3877=CURVE_STYLE('',#20,POSITIVE_LENGTH_MEASURE(2.E-2),#5);
#3878=PRESENTATION_STYLE_ASSIGNMENT((#3877));
#3879=STYLED_ITEM('',(#3878),#3876);
#3880=CARTESIAN_POINT('',(2.4E1,-9.5E0,4.2E1));
#3881=DIRECTION('',(0.E0,1.E0,0.E0));
#3882=DIRECTION('',(9.557692240748E-1,0.E0,-2.941176470588E-1));
#3883=AXIS2_PLACEMENT_3D('',#3880,#3881,#3882);
#3885=CURVE_STYLE('',#20,POSITIVE_LENGTH_MEASURE(2.E-2),#5);
#3886=PRESENTATION_STYLE_ASSIGNMENT((#3885));
#3887=STYLED_ITEM('',(#3886),#3884);
#3888=CARTESIAN_POINT('',(2.4E1,-9.5E0,4.2E1));
#3889=DIRECTION('',(0.E0,1.E0,0.E0));
#3890=DIRECTION('',(-1.E0,0.E0,0.E0));
#3891=AXIS2_PLACEMENT_3D('',#3888,#3889,#3890);
#3893=CURVE_STYLE('',#20,POSITIVE_LENGTH_MEASURE(2.E-2),#5);
#3894=PRESENTATION_STYLE_ASSIGNMENT((#3893));
#3895=STYLED_ITEM('',(#3894),#3892);
#3896=DIRECTION('',(0.E0,0.E0,-1.E0));
#3897=VECTOR('',#3896,2.503846381456E-1);
#3898=CARTESIAN_POINT('',(2.3E1,-9.5E0,4.55E1));
#3899=LINE('',#3898,#3897);
#3900=CURVE_STYLE('',#20,POSITIVE_LENGTH_MEASURE(2.E-2),#5);
#3901=PRESENTATION_STYLE_ASSIGNMENT((#3900));
#3902=STYLED_ITEM('',(#3901),#3899);
#3903=DIRECTION('',(-1.E0,0.E0,0.E0));
#3904=VECTOR('',#3903,4.6E1);
#3905=CARTESIAN_POINT('',(2.3E1,-9.5E0,4.55E1));
#3906=LINE('',#3905,#3904);
#3907=CURVE_STYLE('',#20,POSITIVE_LENGTH_MEASURE(2.E-2),#5);
#3908=PRESENTATION_STYLE_ASSIGNMENT((#3907));
#3909=STYLED_ITEM('',(#3908),#3906);
#3910=DIRECTION('',(0.E0,0.E0,-1.E0));
#3911=VECTOR('',#3910,2.503846381456E-1);
#3912=CARTESIAN_POINT('',(-2.3E1,-9.5E0,4.55E1));
#3913=LINE('',#3912,#3911);
#3914=CURVE_STYLE('',#20,POSITIVE_LENGTH_MEASURE(2.E-2),#5);
#3915=PRESENTATION_STYLE_ASSIGNMENT((#3914));
#3916=STYLED_ITEM('',(#3915),#3913);
#3917=CARTESIAN_POINT('',(-2.4E1,-9.5E0,4.2E1));
#3918=DIRECTION('',(0.E0,1.E0,0.E0));
#3919=DIRECTION('',(2.941176470588E-1,0.E0,9.557692240748E-1));
#3920=AXIS2_PLACEMENT_3D('',#3917,#3918,#3919);
#3922=CURVE_STYLE('',#20,POSITIVE_LENGTH_MEASURE(2.E-2),#5);
#3923=PRESENTATION_STYLE_ASSIGNMENT((#3922));
#3924=STYLED_ITEM('',(#3923),#3921);
#3925=CARTESIAN_POINT('',(-2.4E1,-9.5E0,4.2E1));
#3926=DIRECTION('',(0.E0,1.E0,0.E0));
#3927=DIRECTION('',(1.E0,0.E0,0.E0));
#3928=AXIS2_PLACEMENT_3D('',#3925,#3926,#3927);
#3930=CURVE_STYLE('',#20,POSITIVE_LENGTH_MEASURE(2.E-2),#5);
#3931=PRESENTATION_STYLE_ASSIGNMENT((#3930));
#3932=STYLED_ITEM('',(#3931),#3929);
#3933=DIRECTION('',(1.E0,0.E0,0.E0));
#3934=VECTOR('',#3933,2.503846381456E-1);
#3935=CARTESIAN_POINT('',(-2.75E1,-9.5E0,4.3E1));
#3936=LINE('',#3935,#3934);
#3937=CURVE_STYLE('',#20,POSITIVE_LENGTH_MEASURE(2.E-2),#5);
#3938=PRESENTATION_STYLE_ASSIGNMENT((#3937));
#3939=STYLED_ITEM('',(#3938),#3936);
#3940=CARTESIAN_POINT('',(-2.4E1,-9.5E0,4.2E1));
#3941=DIRECTION('',(0.E0,1.E0,0.E0));
#3942=DIRECTION('',(-9.557692240748E-1,0.E0,2.941176470588E-1));
#3943=AXIS2_PLACEMENT_3D('',#3940,#3941,#3942);
#3945=CURVE_STYLE('',#20,POSITIVE_LENGTH_MEASURE(2.E-2),#5);
#3946=PRESENTATION_STYLE_ASSIGNMENT((#3945));
#3947=STYLED_ITEM('',(#3946),#3944);
#3948=DIRECTION('',(0.E0,0.E0,-1.E0));
#3949=VECTOR('',#3948,2.503846381456E-1);
#3950=CARTESIAN_POINT('',(-2.5E1,-9.5E0,4.55E1));
#3951=LINE('',#3950,#3949);
#3952=CURVE_STYLE('',#20,POSITIVE_LENGTH_MEASURE(2.E-2),#5);
#3953=PRESENTATION_STYLE_ASSIGNMENT((#3952));
#3954=STYLED_ITEM('',(#3953),#3951);
#3955=DIRECTION('',(-1.E0,0.E0,0.E0));
#3956=VECTOR('',#3955,2.E0);
#3957=CARTESIAN_POINT('',(-2.5E1,-9.5E0,4.55E1));
#3958=LINE('',#3957,#3956);
#3959=CURVE_STYLE('',#20,POSITIVE_LENGTH_MEASURE(2.E-2),#5);
#3960=PRESENTATION_STYLE_ASSIGNMENT((#3959));
#3961=STYLED_ITEM('',(#3960),#3958);
#3962=CARTESIAN_POINT('',(-2.7E1,-9.5E0,4.5E1));
#3963=DIRECTION('',(0.E0,-1.E0,0.E0));
#3964=DIRECTION('',(0.E0,0.E0,1.E0));
#3965=AXIS2_PLACEMENT_3D('',#3962,#3963,#3964);
#3967=CURVE_STYLE('',#20,POSITIVE_LENGTH_MEASURE(2.E-2),#5);
#3968=PRESENTATION_STYLE_ASSIGNMENT((#3967));
#3969=STYLED_ITEM('',(#3968),#3966);
#3970=DIRECTION('',(0.E0,0.E0,-1.E0));
#3971=VECTOR('',#3970,2.E0);
#3972=CARTESIAN_POINT('',(-2.75E1,-9.5E0,4.5E1));
#3973=LINE('',#3972,#3971);
#3974=CURVE_STYLE('',#20,POSITIVE_LENGTH_MEASURE(2.E-2),#5);
#3975=PRESENTATION_STYLE_ASSIGNMENT((#3974));
#3976=STYLED_ITEM('',(#3975),#3973);
#3977=DIRECTION('',(1.E0,0.E0,0.E0));
#3978=VECTOR('',#3977,2.503846381456E-1);
#3979=CARTESIAN_POINT('',(-2.75E1,-9.5E0,-4.3E1));
#3980=LINE('',#3979,#3978);
#3981=CURVE_STYLE('',#20,POSITIVE_LENGTH_MEASURE(2.E-2),#5);
#3982=PRESENTATION_STYLE_ASSIGNMENT((#3981));
#3983=STYLED_ITEM('',(#3982),#3980);
#3984=DIRECTION('',(0.E0,0.E0,-1.E0));
#3985=VECTOR('',#3984,2.E0);
#3986=CARTESIAN_POINT('',(-2.75E1,-9.5E0,-4.3E1));
#3987=LINE('',#3986,#3985);
#3988=CURVE_STYLE('',#20,POSITIVE_LENGTH_MEASURE(2.E-2),#5);
#3989=PRESENTATION_STYLE_ASSIGNMENT((#3988));
#3990=STYLED_ITEM('',(#3989),#3987);
#3991=CARTESIAN_POINT('',(-2.7E1,-9.5E0,-4.5E1));
#3992=DIRECTION('',(0.E0,-1.E0,0.E0));
#3993=DIRECTION('',(-1.E0,0.E0,0.E0));
#3994=AXIS2_PLACEMENT_3D('',#3991,#3992,#3993);
#3996=CURVE_STYLE('',#20,POSITIVE_LENGTH_MEASURE(2.E-2),#5);
#3997=PRESENTATION_STYLE_ASSIGNMENT((#3996));
#3998=STYLED_ITEM('',(#3997),#3995);
#3999=DIRECTION('',(1.E0,0.E0,0.E0));
#4000=VECTOR('',#3999,2.E0);
#4001=CARTESIAN_POINT('',(-2.7E1,-9.5E0,-4.55E1));
#4002=LINE('',#4001,#4000);
#4003=CURVE_STYLE('',#20,POSITIVE_LENGTH_MEASURE(2.E-2),#5);
#4004=PRESENTATION_STYLE_ASSIGNMENT((#4003));
#4005=STYLED_ITEM('',(#4004),#4002);
#4006=DIRECTION('',(0.E0,0.E0,1.E0));
#4007=VECTOR('',#4006,2.503846381456E-1);
#4008=CARTESIAN_POINT('',(-2.5E1,-9.5E0,-4.55E1));
#4009=LINE('',#4008,#4007);
#4010=CURVE_STYLE('',#20,POSITIVE_LENGTH_MEASURE(2.E-2),#5);
#4011=PRESENTATION_STYLE_ASSIGNMENT((#4010));
#4012=STYLED_ITEM('',(#4011),#4009);
#4013=CARTESIAN_POINT('',(-2.4E1,-9.5E0,-4.2E1));
#4014=DIRECTION('',(0.E0,1.E0,0.E0));
#4015=DIRECTION('',(-2.941176470588E-1,0.E0,-9.557692240748E-1));
#4016=AXIS2_PLACEMENT_3D('',#4013,#4014,#4015);
#4018=CURVE_STYLE('',#20,POSITIVE_LENGTH_MEASURE(2.E-2),#5);
#4019=PRESENTATION_STYLE_ASSIGNMENT((#4018));
#4020=STYLED_ITEM('',(#4019),#4017);
#4021=DIRECTION('',(-1.E0,0.E0,0.E0));
#4022=VECTOR('',#4021,2.503846381456E-1);
#4023=CARTESIAN_POINT('',(2.75E1,-9.5E0,4.3E1));
#4024=LINE('',#4023,#4022);
#4025=CURVE_STYLE('',#20,POSITIVE_LENGTH_MEASURE(2.E-2),#5);
#4026=PRESENTATION_STYLE_ASSIGNMENT((#4025));
#4027=STYLED_ITEM('',(#4026),#4024);
#4028=DIRECTION('',(0.E0,0.E0,1.E0));
#4029=VECTOR('',#4028,2.E0);
#4030=CARTESIAN_POINT('',(2.75E1,-9.5E0,4.3E1));
#4031=LINE('',#4030,#4029);
#4032=CURVE_STYLE('',#20,POSITIVE_LENGTH_MEASURE(2.E-2),#5);
#4033=PRESENTATION_STYLE_ASSIGNMENT((#4032));
#4034=STYLED_ITEM('',(#4033),#4031);
#4035=CARTESIAN_POINT('',(2.7E1,-9.5E0,4.5E1));
#4036=DIRECTION('',(0.E0,-1.E0,0.E0));
#4037=DIRECTION('',(1.E0,0.E0,0.E0));
#4038=AXIS2_PLACEMENT_3D('',#4035,#4036,#4037);
#4040=CURVE_STYLE('',#20,POSITIVE_LENGTH_MEASURE(2.E-2),#5);
#4041=PRESENTATION_STYLE_ASSIGNMENT((#4040));
#4042=STYLED_ITEM('',(#4041),#4039);
#4043=DIRECTION('',(-1.E0,0.E0,0.E0));
#4044=VECTOR('',#4043,2.E0);
#4045=CARTESIAN_POINT('',(2.7E1,-9.5E0,4.55E1));
#4046=LINE('',#4045,#4044);
#4047=CURVE_STYLE('',#20,POSITIVE_LENGTH_MEASURE(2.E-2),#5);
#4048=PRESENTATION_STYLE_ASSIGNMENT((#4047));
#4049=STYLED_ITEM('',(#4048),#4046);
#4050=DIRECTION('',(0.E0,0.E0,-1.E0));
#4051=VECTOR('',#4050,2.503846381456E-1);
#4052=CARTESIAN_POINT('',(2.5E1,-9.5E0,4.55E1));
#4053=LINE('',#4052,#4051);
#4054=CURVE_STYLE('',#20,POSITIVE_LENGTH_MEASURE(2.E-2),#5);
#4055=PRESENTATION_STYLE_ASSIGNMENT((#4054));
#4056=STYLED_ITEM('',(#4055),#4053);
#4057=CARTESIAN_POINT('',(2.4E1,-9.5E0,4.2E1));
#4058=DIRECTION('',(0.E0,1.E0,0.E0));
#4059=DIRECTION('',(2.941176470588E-1,0.E0,9.557692240748E-1));
#4060=AXIS2_PLACEMENT_3D('',#4057,#4058,#4059);
#4062=CURVE_STYLE('',#20,POSITIVE_LENGTH_MEASURE(2.E-2),#5);
#4063=PRESENTATION_STYLE_ASSIGNMENT((#4062));
#4064=STYLED_ITEM('',(#4063),#4061);
#4065=DIRECTION('',(-1.E0,0.E0,0.E0));
#4066=VECTOR('',#4065,2.503846381456E-1);
#4067=CARTESIAN_POINT('',(2.75E1,-9.5E0,-4.3E1));
#4068=LINE('',#4067,#4066);
#4069=CURVE_STYLE('',#20,POSITIVE_LENGTH_MEASURE(2.E-2),#5);
#4070=PRESENTATION_STYLE_ASSIGNMENT((#4069));
#4071=STYLED_ITEM('',(#4070),#4068);
#4072=CARTESIAN_POINT('',(2.4E1,-9.5E0,-4.2E1));
#4073=DIRECTION('',(0.E0,1.E0,0.E0));
#4074=DIRECTION('',(9.557692240748E-1,0.E0,-2.941176470588E-1));
#4075=AXIS2_PLACEMENT_3D('',#4072,#4073,#4074);
#4077=CURVE_STYLE('',#20,POSITIVE_LENGTH_MEASURE(2.E-2),#5);
#4078=PRESENTATION_STYLE_ASSIGNMENT((#4077));
#4079=STYLED_ITEM('',(#4078),#4076);
#4080=DIRECTION('',(0.E0,0.E0,1.E0));
#4081=VECTOR('',#4080,2.503846381456E-1);
#4082=CARTESIAN_POINT('',(2.5E1,-9.5E0,-4.55E1));
#4083=LINE('',#4082,#4081);
#4084=CURVE_STYLE('',#20,POSITIVE_LENGTH_MEASURE(2.E-2),#5);
#4085=PRESENTATION_STYLE_ASSIGNMENT((#4084));
#4086=STYLED_ITEM('',(#4085),#4083);
#4087=DIRECTION('',(1.E0,0.E0,0.E0));
#4088=VECTOR('',#4087,2.E0);
#4089=CARTESIAN_POINT('',(2.5E1,-9.5E0,-4.55E1));
#4090=LINE('',#4089,#4088);
#4091=CURVE_STYLE('',#20,POSITIVE_LENGTH_MEASURE(2.E-2),#5);
#4092=PRESENTATION_STYLE_ASSIGNMENT((#4091));
#4093=STYLED_ITEM('',(#4092),#4090);
#4094=CARTESIAN_POINT('',(2.7E1,-9.5E0,-4.5E1));
#4095=DIRECTION('',(0.E0,-1.E0,0.E0));
#4096=DIRECTION('',(0.E0,0.E0,-1.E0));
#4097=AXIS2_PLACEMENT_3D('',#4094,#4095,#4096);
#4099=CURVE_STYLE('',#20,POSITIVE_LENGTH_MEASURE(2.E-2),#5);
#4100=PRESENTATION_STYLE_ASSIGNMENT((#4099));
#4101=STYLED_ITEM('',(#4100),#4098);
#4102=DIRECTION('',(0.E0,0.E0,1.E0));
#4103=VECTOR('',#4102,2.E0);
#4104=CARTESIAN_POINT('',(2.75E1,-9.5E0,-4.5E1));
#4105=LINE('',#4104,#4103);
#4106=CURVE_STYLE('',#20,POSITIVE_LENGTH_MEASURE(2.E-2),#5);
#4107=PRESENTATION_STYLE_ASSIGNMENT((#4106));
#4108=STYLED_ITEM('',(#4107),#4105);
#4109=DIRECTION('',(0.E0,1.E0,0.E0));
#4110=VECTOR('',#4109,2.2E0);
#4111=CARTESIAN_POINT('',(-4.675E0,-9.5E0,-2.503491162434E1));
#4112=LINE('',#4111,#4110);
#4113=CURVE_STYLE('',#20,POSITIVE_LENGTH_MEASURE(2.E-2),#5);
#4114=PRESENTATION_STYLE_ASSIGNMENT((#4113));
#4115=STYLED_ITEM('',(#4114),#4112);
#4116=DIRECTION('',(0.E0,1.E0,0.E0));
#4117=VECTOR('',#4116,2.2E0);
#4118=CARTESIAN_POINT('',(4.675E0,-9.5E0,-2.503491162434E1));
#4119=LINE('',#4118,#4117);
#4120=CURVE_STYLE('',#20,POSITIVE_LENGTH_MEASURE(2.E-2),#5);
#4121=PRESENTATION_STYLE_ASSIGNMENT((#4120));
#4122=STYLED_ITEM('',(#4121),#4119);
#4123=DIRECTION('',(0.E0,1.E0,0.E0));
#4124=VECTOR('',#4123,2.2E0);
#4125=CARTESIAN_POINT('',(4.675E0,-9.5E0,-1.568491162434E1));
#4126=LINE('',#4125,#4124);
#4127=CURVE_STYLE('',#20,POSITIVE_LENGTH_MEASURE(2.E-2),#5);
#4128=PRESENTATION_STYLE_ASSIGNMENT((#4127));
#4129=STYLED_ITEM('',(#4128),#4126);
#4130=DIRECTION('',(0.E0,1.E0,0.E0));
#4131=VECTOR('',#4130,2.2E0);
#4132=CARTESIAN_POINT('',(-4.675E0,-9.5E0,-1.568491162434E1));
#4133=LINE('',#4132,#4131);
#4134=CURVE_STYLE('',#20,POSITIVE_LENGTH_MEASURE(2.E-2),#5);
#4135=PRESENTATION_STYLE_ASSIGNMENT((#4134));
#4136=STYLED_ITEM('',(#4135),#4133);
#4137=DIRECTION('',(0.E0,0.E0,1.E0));
#4138=VECTOR('',#4137,9.35E0);
#4139=CARTESIAN_POINT('',(-4.675E0,-7.3E0,-2.503491162434E1));
#4140=LINE('',#4139,#4138);
#4141=CURVE_STYLE('',#20,POSITIVE_LENGTH_MEASURE(2.E-2),#5);
#4142=PRESENTATION_STYLE_ASSIGNMENT((#4141));
#4143=STYLED_ITEM('',(#4142),#4140);
#4144=DIRECTION('',(-1.E0,0.E0,0.E0));
#4145=VECTOR('',#4144,9.35E0);
#4146=CARTESIAN_POINT('',(4.675E0,-7.3E0,-2.503491162434E1));
#4147=LINE('',#4146,#4145);
#4148=CURVE_STYLE('',#20,POSITIVE_LENGTH_MEASURE(2.E-2),#5);
#4149=PRESENTATION_STYLE_ASSIGNMENT((#4148));
#4150=STYLED_ITEM('',(#4149),#4147);
#4151=DIRECTION('',(0.E0,0.E0,-1.E0));
#4152=VECTOR('',#4151,9.35E0);
#4153=CARTESIAN_POINT('',(4.675E0,-7.3E0,-1.568491162434E1));
#4154=LINE('',#4153,#4152);
#4155=CURVE_STYLE('',#20,POSITIVE_LENGTH_MEASURE(2.E-2),#5);
#4156=PRESENTATION_STYLE_ASSIGNMENT((#4155));
#4157=STYLED_ITEM('',(#4156),#4154);
#4158=DIRECTION('',(1.E0,0.E0,0.E0));
#4159=VECTOR('',#4158,9.35E0);
#4160=CARTESIAN_POINT('',(-4.675E0,-7.3E0,-1.568491162434E1));
#4161=LINE('',#4160,#4159);
#4162=CURVE_STYLE('',#20,POSITIVE_LENGTH_MEASURE(2.E-2),#5);
#4163=PRESENTATION_STYLE_ASSIGNMENT((#4162));
#4164=STYLED_ITEM('',(#4163),#4161);
#4165=DIRECTION('',(1.E0,0.E0,0.E0));
#4166=VECTOR('',#4165,7.35E0);
#4167=CARTESIAN_POINT('',(-3.675E0,-7.3E0,-2.403491162434E1));
#4168=LINE('',#4167,#4166);
#4169=CURVE_STYLE('',#20,POSITIVE_LENGTH_MEASURE(2.E-2),#5);
#4170=PRESENTATION_STYLE_ASSIGNMENT((#4169));
#4171=STYLED_ITEM('',(#4170),#4168);
#4172=DIRECTION('',(0.E0,0.E0,-1.E0));
#4173=VECTOR('',#4172,7.35E0);
#4174=CARTESIAN_POINT('',(-3.675E0,-7.3E0,-1.668491162434E1));
#4175=LINE('',#4174,#4173);
#4176=CURVE_STYLE('',#20,POSITIVE_LENGTH_MEASURE(2.E-2),#5);
#4177=PRESENTATION_STYLE_ASSIGNMENT((#4176));
#4178=STYLED_ITEM('',(#4177),#4175);
#4179=DIRECTION('',(-1.E0,0.E0,0.E0));
#4180=VECTOR('',#4179,7.35E0);
#4181=CARTESIAN_POINT('',(3.675E0,-7.3E0,-1.668491162434E1));
#4182=LINE('',#4181,#4180);
#4183=CURVE_STYLE('',#20,POSITIVE_LENGTH_MEASURE(2.E-2),#5);
#4184=PRESENTATION_STYLE_ASSIGNMENT((#4183));
#4185=STYLED_ITEM('',(#4184),#4182);
#4186=DIRECTION('',(0.E0,0.E0,1.E0));
#4187=VECTOR('',#4186,7.35E0);
#4188=CARTESIAN_POINT('',(3.675E0,-7.3E0,-2.403491162434E1));
#4189=LINE('',#4188,#4187);
#4190=CURVE_STYLE('',#20,POSITIVE_LENGTH_MEASURE(2.E-2),#5);
#4191=PRESENTATION_STYLE_ASSIGNMENT((#4190));
#4192=STYLED_ITEM('',(#4191),#4189);
#4193=DIRECTION('',(0.E0,-1.E0,0.E0));
#4194=VECTOR('',#4193,2.7E0);
#4195=CARTESIAN_POINT('',(3.675E0,-7.3E0,-2.403491162434E1));
#4196=LINE('',#4195,#4194);
#4197=CURVE_STYLE('',#20,POSITIVE_LENGTH_MEASURE(2.E-2),#5);
#4198=PRESENTATION_STYLE_ASSIGNMENT((#4197));
#4199=STYLED_ITEM('',(#4198),#4196);
#4200=DIRECTION('',(0.E0,1.E0,0.E0));
#4201=VECTOR('',#4200,2.7E0);
#4202=CARTESIAN_POINT('',(-3.675E0,-1.E1,-2.403491162434E1));
#4203=LINE('',#4202,#4201);
#4204=CURVE_STYLE('',#20,POSITIVE_LENGTH_MEASURE(2.E-2),#5);
#4205=PRESENTATION_STYLE_ASSIGNMENT((#4204));
#4206=STYLED_ITEM('',(#4205),#4203);
#4207=DIRECTION('',(0.E0,-1.E0,0.E0));
#4208=VECTOR('',#4207,2.7E0);
#4209=CARTESIAN_POINT('',(3.675E0,-7.3E0,-1.668491162434E1));
#4210=LINE('',#4209,#4208);
#4211=CURVE_STYLE('',#20,POSITIVE_LENGTH_MEASURE(2.E-2),#5);
#4212=PRESENTATION_STYLE_ASSIGNMENT((#4211));
#4213=STYLED_ITEM('',(#4212),#4210);
#4214=DIRECTION('',(0.E0,-1.E0,0.E0));
#4215=VECTOR('',#4214,2.7E0);
#4216=CARTESIAN_POINT('',(-3.675E0,-7.3E0,-1.668491162434E1));
#4217=LINE('',#4216,#4215);
#4218=CURVE_STYLE('',#20,POSITIVE_LENGTH_MEASURE(2.E-2),#5);
#4219=PRESENTATION_STYLE_ASSIGNMENT((#4218));
#4220=STYLED_ITEM('',(#4219),#4217);
#4221=DIRECTION('',(0.E0,0.E0,1.E0));
#4222=VECTOR('',#4221,7.35E0);
#4223=CARTESIAN_POINT('',(-3.675E0,-1.E1,-2.403491162434E1));
#4224=LINE('',#4223,#4222);
#4225=CURVE_STYLE('',#20,POSITIVE_LENGTH_MEASURE(2.E-2),#5);
#4226=PRESENTATION_STYLE_ASSIGNMENT((#4225));
#4227=STYLED_ITEM('',(#4226),#4224);
#4228=DIRECTION('',(-1.E0,0.E0,0.E0));
#4229=VECTOR('',#4228,7.35E0);
#4230=CARTESIAN_POINT('',(3.675E0,-1.E1,-2.403491162434E1));
#4231=LINE('',#4230,#4229);
#4232=CURVE_STYLE('',#20,POSITIVE_LENGTH_MEASURE(2.E-2),#5);
#4233=PRESENTATION_STYLE_ASSIGNMENT((#4232));
#4234=STYLED_ITEM('',(#4233),#4231);
#4235=DIRECTION('',(0.E0,0.E0,-1.E0));
#4236=VECTOR('',#4235,7.35E0);
#4237=CARTESIAN_POINT('',(3.675E0,-1.E1,-1.668491162434E1));
#4238=LINE('',#4237,#4236);
#4239=CURVE_STYLE('',#20,POSITIVE_LENGTH_MEASURE(2.E-2),#5);
#4240=PRESENTATION_STYLE_ASSIGNMENT((#4239));
#4241=STYLED_ITEM('',(#4240),#4238);
#4242=DIRECTION('',(1.E0,0.E0,0.E0));
#4243=VECTOR('',#4242,7.35E0);
#4244=CARTESIAN_POINT('',(-3.675E0,-1.E1,-1.668491162434E1));
#4245=LINE('',#4244,#4243);
#4246=CURVE_STYLE('',#20,POSITIVE_LENGTH_MEASURE(2.E-2),#5);
#4247=PRESENTATION_STYLE_ASSIGNMENT((#4246));
#4248=STYLED_ITEM('',(#4247),#4245);
#4249=CARTESIAN_POINT('',(0.E0,-1.09E1,-2.035991162434E1));
#4250=DIRECTION('',(0.E0,-1.E0,0.E0));
#4251=DIRECTION('',(-1.E0,0.E0,0.E0));
#4252=AXIS2_PLACEMENT_3D('',#4249,#4250,#4251);
#4254=CURVE_STYLE('',#20,POSITIVE_LENGTH_MEASURE(2.E-2),#5);
#4255=PRESENTATION_STYLE_ASSIGNMENT((#4254));
#4256=STYLED_ITEM('',(#4255),#4253);
#4257=DIRECTION('',(0.E0,-1.E0,0.E0));
#4258=VECTOR('',#4257,9.E-1);
#4259=CARTESIAN_POINT('',(-2.75E0,-1.E1,-2.035991162434E1));
#4260=LINE('',#4259,#4258);
#4261=CURVE_STYLE('',#20,POSITIVE_LENGTH_MEASURE(2.E-2),#5);
#4262=PRESENTATION_STYLE_ASSIGNMENT((#4261));
#4263=STYLED_ITEM('',(#4262),#4260);
#4264=CARTESIAN_POINT('',(0.E0,-1.E1,-2.035991162434E1));
#4265=DIRECTION('',(0.E0,-1.E0,0.E0));
#4266=DIRECTION('',(-1.E0,0.E0,0.E0));
#4267=AXIS2_PLACEMENT_3D('',#4264,#4265,#4266);
#4269=CURVE_STYLE('',#20,POSITIVE_LENGTH_MEASURE(2.E-2),#5);
#4270=PRESENTATION_STYLE_ASSIGNMENT((#4269));
#4271=STYLED_ITEM('',(#4270),#4268);
#4272=CARTESIAN_POINT('',(0.E0,-1.09E1,-2.035991162434E1));
#4273=DIRECTION('',(0.E0,-1.E0,0.E0));
#4274=DIRECTION('',(-1.E0,0.E0,0.E0));
#4275=AXIS2_PLACEMENT_3D('',#4272,#4273,#4274);
#4277=CURVE_STYLE('',#20,POSITIVE_LENGTH_MEASURE(2.E-2),#5);
#4278=PRESENTATION_STYLE_ASSIGNMENT((#4277));
#4279=STYLED_ITEM('',(#4278),#4276);
#4280=CARTESIAN_POINT('',(0.E0,-1.09E1,-2.035991162434E1));
#4281=DIRECTION('',(0.E0,-1.E0,0.E0));
#4282=DIRECTION('',(1.E0,0.E0,0.E0));
#4283=AXIS2_PLACEMENT_3D('',#4280,#4281,#4282);
#4285=CURVE_STYLE('',#20,POSITIVE_LENGTH_MEASURE(2.E-2),#5);
#4286=PRESENTATION_STYLE_ASSIGNMENT((#4285));
#4287=STYLED_ITEM('',(#4286),#4284);
#4288=DIRECTION('',(0.E0,1.E0,0.E0));
#4289=VECTOR('',#4288,3.E-1);
#4290=CARTESIAN_POINT('',(-3.5E0,-1.12E1,-2.035991162434E1));
#4291=LINE('',#4290,#4289);
#4292=CURVE_STYLE('',#20,POSITIVE_LENGTH_MEASURE(2.E-2),#5);
#4293=PRESENTATION_STYLE_ASSIGNMENT((#4292));
#4294=STYLED_ITEM('',(#4293),#4291);
#4295=CARTESIAN_POINT('',(0.E0,-1.12E1,-2.035991162434E1));
#4296=DIRECTION('',(0.E0,-1.E0,0.E0));
#4297=DIRECTION('',(-1.E0,0.E0,0.E0));
#4298=AXIS2_PLACEMENT_3D('',#4295,#4296,#4297);
#4300=CURVE_STYLE('',#20,POSITIVE_LENGTH_MEASURE(2.E-2),#5);
#4301=PRESENTATION_STYLE_ASSIGNMENT((#4300));
#4302=STYLED_ITEM('',(#4301),#4299);
#4303=CARTESIAN_POINT('',(0.E0,-1.12E1,-2.035991162434E1));
#4304=DIRECTION('',(0.E0,-1.E0,0.E0));
#4305=DIRECTION('',(1.E0,0.E0,0.E0));
#4306=AXIS2_PLACEMENT_3D('',#4303,#4304,#4305);
#4308=CURVE_STYLE('',#20,POSITIVE_LENGTH_MEASURE(2.E-2),#5);
#4309=PRESENTATION_STYLE_ASSIGNMENT((#4308));
#4310=STYLED_ITEM('',(#4309),#4307);
#4311=CARTESIAN_POINT('',(0.E0,-1.12E1,-2.035991162434E1));
#4312=DIRECTION('',(0.E0,-1.E0,0.E0));
#4313=DIRECTION('',(-1.E0,0.E0,0.E0));
#4314=AXIS2_PLACEMENT_3D('',#4311,#4312,#4313);
#4316=CURVE_STYLE('',#20,POSITIVE_LENGTH_MEASURE(2.E-2),#5);
#4317=PRESENTATION_STYLE_ASSIGNMENT((#4316));
#4318=STYLED_ITEM('',(#4317),#4315);
#4319=CARTESIAN_POINT('',(0.E0,-1.12E1,-2.035991162434E1));
#4320=DIRECTION('',(0.E0,-1.E0,0.E0));
#4321=DIRECTION('',(1.E0,0.E0,0.E0));
#4322=AXIS2_PLACEMENT_3D('',#4319,#4320,#4321);
#4324=CURVE_STYLE('',#20,POSITIVE_LENGTH_MEASURE(2.E-2),#5);
#4325=PRESENTATION_STYLE_ASSIGNMENT((#4324));
#4326=STYLED_ITEM('',(#4325),#4323);
#4327=DIRECTION('',(0.E0,1.E0,0.E0));
#4328=VECTOR('',#4327,3.E-1);
#4329=CARTESIAN_POINT('',(-4.25E0,-1.15E1,-2.035991162434E1));
#4330=LINE('',#4329,#4328);
#4331=CURVE_STYLE('',#20,POSITIVE_LENGTH_MEASURE(2.E-2),#5);
#4332=PRESENTATION_STYLE_ASSIGNMENT((#4331));
#4333=STYLED_ITEM('',(#4332),#4330);
#4334=DIRECTION('',(0.E0,1.E0,0.E0));
#4335=VECTOR('',#4334,3.E-1);
#4336=CARTESIAN_POINT('',(4.25E0,-1.15E1,-2.035991162434E1));
#4337=LINE('',#4336,#4335);
#4338=CURVE_STYLE('',#20,POSITIVE_LENGTH_MEASURE(2.E-2),#5);
#4339=PRESENTATION_STYLE_ASSIGNMENT((#4338));
#4340=STYLED_ITEM('',(#4339),#4337);
#4341=DIRECTION('',(0.E0,1.E0,0.E0));
#4342=VECTOR('',#4341,3.E-1);
#4343=CARTESIAN_POINT('',(3.5E0,-1.12E1,-2.035991162434E1));
#4344=LINE('',#4343,#4342);
#4345=CURVE_STYLE('',#20,POSITIVE_LENGTH_MEASURE(2.E-2),#5);
#4346=PRESENTATION_STYLE_ASSIGNMENT((#4345));
#4347=STYLED_ITEM('',(#4346),#4344);
#4348=CARTESIAN_POINT('',(0.E0,-1.09E1,-2.035991162434E1));
#4349=DIRECTION('',(0.E0,-1.E0,0.E0));
#4350=DIRECTION('',(1.E0,0.E0,0.E0));
#4351=AXIS2_PLACEMENT_3D('',#4348,#4349,#4350);
#4353=CURVE_STYLE('',#20,POSITIVE_LENGTH_MEASURE(2.E-2),#5);
#4354=PRESENTATION_STYLE_ASSIGNMENT((#4353));
#4355=STYLED_ITEM('',(#4354),#4352);
#4356=DIRECTION('',(0.E0,-1.E0,0.E0));
#4357=VECTOR('',#4356,9.E-1);
#4358=CARTESIAN_POINT('',(2.75E0,-1.E1,-2.035991162434E1));
#4359=LINE('',#4358,#4357);
#4360=CURVE_STYLE('',#20,POSITIVE_LENGTH_MEASURE(2.E-2),#5);
#4361=PRESENTATION_STYLE_ASSIGNMENT((#4360));
#4362=STYLED_ITEM('',(#4361),#4359);
#4363=CARTESIAN_POINT('',(0.E0,-1.E1,-2.035991162434E1));
#4364=DIRECTION('',(0.E0,-1.E0,0.E0));
#4365=DIRECTION('',(1.E0,0.E0,0.E0));
#4366=AXIS2_PLACEMENT_3D('',#4363,#4364,#4365);
#4368=CURVE_STYLE('',#20,POSITIVE_LENGTH_MEASURE(2.E-2),#5);
#4369=PRESENTATION_STYLE_ASSIGNMENT((#4368));
#4370=STYLED_ITEM('',(#4369),#4367);
#4371=DIRECTION('',(0.E0,1.E0,0.E0));
#4372=VECTOR('',#4371,3.E0);
#4373=CARTESIAN_POINT('',(-1.1E1,-9.5E0,2.08E1));
#4374=LINE('',#4373,#4372);
#4375=CURVE_STYLE('',#20,POSITIVE_LENGTH_MEASURE(2.E-2),#5);
#4376=PRESENTATION_STYLE_ASSIGNMENT((#4375));
#4377=STYLED_ITEM('',(#4376),#4374);
#4378=DIRECTION('',(0.E0,1.E0,0.E0));
#4379=VECTOR('',#4378,3.E0);
#4380=CARTESIAN_POINT('',(1.1E1,-9.5E0,2.08E1));
#4381=LINE('',#4380,#4379);
#4382=CURVE_STYLE('',#20,POSITIVE_LENGTH_MEASURE(2.E-2),#5);
#4383=PRESENTATION_STYLE_ASSIGNMENT((#4382));
#4384=STYLED_ITEM('',(#4383),#4381);
#4385=DIRECTION('',(0.E0,1.E0,0.E0));
#4386=VECTOR('',#4385,3.E0);
#4387=CARTESIAN_POINT('',(1.62E1,-9.5E0,2.6E1));
#4388=LINE('',#4387,#4386);
#4389=CURVE_STYLE('',#20,POSITIVE_LENGTH_MEASURE(2.E-2),#5);
#4390=PRESENTATION_STYLE_ASSIGNMENT((#4389));
#4391=STYLED_ITEM('',(#4390),#4388);
#4392=DIRECTION('',(0.E0,1.E0,0.E0));
#4393=VECTOR('',#4392,3.E0);
#4394=CARTESIAN_POINT('',(1.62E1,-9.5E0,3.8E1));
#4395=LINE('',#4394,#4393);
#4396=CURVE_STYLE('',#20,POSITIVE_LENGTH_MEASURE(2.E-2),#5);
#4397=PRESENTATION_STYLE_ASSIGNMENT((#4396));
#4398=STYLED_ITEM('',(#4397),#4395);
#4399=DIRECTION('',(0.E0,1.E0,0.E0));
#4400=VECTOR('',#4399,3.E0);
#4401=CARTESIAN_POINT('',(1.1E1,-9.5E0,4.32E1));
#4402=LINE('',#4401,#4400);
#4403=CURVE_STYLE('',#20,POSITIVE_LENGTH_MEASURE(2.E-2),#5);
#4404=PRESENTATION_STYLE_ASSIGNMENT((#4403));
#4405=STYLED_ITEM('',(#4404),#4402);
#4406=DIRECTION('',(0.E0,1.E0,0.E0));
#4407=VECTOR('',#4406,3.E0);
#4408=CARTESIAN_POINT('',(-1.1E1,-9.5E0,4.32E1));
#4409=LINE('',#4408,#4407);
#4410=CURVE_STYLE('',#20,POSITIVE_LENGTH_MEASURE(2.E-2),#5);
#4411=PRESENTATION_STYLE_ASSIGNMENT((#4410));
#4412=STYLED_ITEM('',(#4411),#4409);
#4413=DIRECTION('',(0.E0,1.E0,0.E0));
#4414=VECTOR('',#4413,3.E0);
#4415=CARTESIAN_POINT('',(-1.62E1,-9.5E0,3.8E1));
#4416=LINE('',#4415,#4414);
#4417=CURVE_STYLE('',#20,POSITIVE_LENGTH_MEASURE(2.E-2),#5);
#4418=PRESENTATION_STYLE_ASSIGNMENT((#4417));
#4419=STYLED_ITEM('',(#4418),#4416);
#4420=DIRECTION('',(0.E0,1.E0,0.E0));
#4421=VECTOR('',#4420,3.E0);
#4422=CARTESIAN_POINT('',(-1.62E1,-9.5E0,2.6E1));
#4423=LINE('',#4422,#4421);
#4424=CURVE_STYLE('',#20,POSITIVE_LENGTH_MEASURE(2.E-2),#5);
#4425=PRESENTATION_STYLE_ASSIGNMENT((#4424));
#4426=STYLED_ITEM('',(#4425),#4423);
#4427=CARTESIAN_POINT('',(-1.1E1,-6.5E0,2.6E1));
#4428=DIRECTION('',(0.E0,1.E0,0.E0));
#4429=DIRECTION('',(0.E0,0.E0,-1.E0));
#4430=AXIS2_PLACEMENT_3D('',#4427,#4428,#4429);
#4432=CURVE_STYLE('',#20,POSITIVE_LENGTH_MEASURE(2.E-2),#5);
#4433=PRESENTATION_STYLE_ASSIGNMENT((#4432));
#4434=STYLED_ITEM('',(#4433),#4431);
#4435=DIRECTION('',(-1.E0,0.E0,0.E0));
#4436=VECTOR('',#4435,2.2E1);
#4437=CARTESIAN_POINT('',(1.1E1,-6.5E0,2.08E1));
#4438=LINE('',#4437,#4436);
#4439=CURVE_STYLE('',#20,POSITIVE_LENGTH_MEASURE(2.E-2),#5);
#4440=PRESENTATION_STYLE_ASSIGNMENT((#4439));
#4441=STYLED_ITEM('',(#4440),#4438);
#4442=CARTESIAN_POINT('',(1.1E1,-6.5E0,2.6E1));
#4443=DIRECTION('',(0.E0,1.E0,0.E0));
#4444=DIRECTION('',(1.E0,0.E0,0.E0));
#4445=AXIS2_PLACEMENT_3D('',#4442,#4443,#4444);
#4447=CURVE_STYLE('',#20,POSITIVE_LENGTH_MEASURE(2.E-2),#5);
#4448=PRESENTATION_STYLE_ASSIGNMENT((#4447));
#4449=STYLED_ITEM('',(#4448),#4446);
#4450=DIRECTION('',(0.E0,0.E0,-1.E0));
#4451=VECTOR('',#4450,1.2E1);
#4452=CARTESIAN_POINT('',(1.62E1,-6.5E0,3.8E1));
#4453=LINE('',#4452,#4451);
#4454=CURVE_STYLE('',#20,POSITIVE_LENGTH_MEASURE(2.E-2),#5);
#4455=PRESENTATION_STYLE_ASSIGNMENT((#4454));
#4456=STYLED_ITEM('',(#4455),#4453);
#4457=CARTESIAN_POINT('',(1.1E1,-6.5E0,3.8E1));
#4458=DIRECTION('',(0.E0,1.E0,0.E0));
#4459=DIRECTION('',(0.E0,0.E0,1.E0));
#4460=AXIS2_PLACEMENT_3D('',#4457,#4458,#4459);
#4462=CURVE_STYLE('',#20,POSITIVE_LENGTH_MEASURE(2.E-2),#5);
#4463=PRESENTATION_STYLE_ASSIGNMENT((#4462));
#4464=STYLED_ITEM('',(#4463),#4461);
#4465=DIRECTION('',(1.E0,0.E0,0.E0));
#4466=VECTOR('',#4465,2.2E1);
#4467=CARTESIAN_POINT('',(-1.1E1,-6.5E0,4.32E1));
#4468=LINE('',#4467,#4466);
#4469=CURVE_STYLE('',#20,POSITIVE_LENGTH_MEASURE(2.E-2),#5);
#4470=PRESENTATION_STYLE_ASSIGNMENT((#4469));
#4471=STYLED_ITEM('',(#4470),#4468);
#4472=CARTESIAN_POINT('',(-1.1E1,-6.5E0,3.8E1));
#4473=DIRECTION('',(0.E0,1.E0,0.E0));
#4474=DIRECTION('',(-1.E0,0.E0,0.E0));
#4475=AXIS2_PLACEMENT_3D('',#4472,#4473,#4474);
#4477=CURVE_STYLE('',#20,POSITIVE_LENGTH_MEASURE(2.E-2),#5);
#4478=PRESENTATION_STYLE_ASSIGNMENT((#4477));
#4479=STYLED_ITEM('',(#4478),#4476);
#4480=DIRECTION('',(0.E0,0.E0,1.E0));
#4481=VECTOR('',#4480,1.2E1);
#4482=CARTESIAN_POINT('',(-1.62E1,-6.5E0,2.6E1));
#4483=LINE('',#4482,#4481);
#4484=CURVE_STYLE('',#20,POSITIVE_LENGTH_MEASURE(2.E-2),#5);
#4485=PRESENTATION_STYLE_ASSIGNMENT((#4484));
#4486=STYLED_ITEM('',(#4485),#4483);
#4487=DIRECTION('',(0.E0,0.E0,-1.E0));
#4488=VECTOR('',#4487,1.5E0);
#4489=CARTESIAN_POINT('',(-1.515E1,-6.5E0,3.275E1));
#4490=LINE('',#4489,#4488);
#4491=CURVE_STYLE('',#20,POSITIVE_LENGTH_MEASURE(2.E-2),#5);
#4492=PRESENTATION_STYLE_ASSIGNMENT((#4491));
#4493=STYLED_ITEM('',(#4492),#4490);
#4494=DIRECTION('',(0.E0,0.E0,-1.E0));
#4495=VECTOR('',#4494,5.25E0);
#4496=CARTESIAN_POINT('',(-1.515E1,-6.5E0,3.8E1));
#4497=LINE('',#4496,#4495);
#4498=CURVE_STYLE('',#20,POSITIVE_LENGTH_MEASURE(2.E-2),#5);
#4499=PRESENTATION_STYLE_ASSIGNMENT((#4498));
#4500=STYLED_ITEM('',(#4499),#4497);
#4501=CARTESIAN_POINT('',(-1.1E1,-6.5E0,3.8E1));
#4502=DIRECTION('',(0.E0,-1.E0,0.E0));
#4503=DIRECTION('',(0.E0,0.E0,1.E0));
#4504=AXIS2_PLACEMENT_3D('',#4501,#4502,#4503);
#4506=CURVE_STYLE('',#20,POSITIVE_LENGTH_MEASURE(2.E-2),#5);
#4507=PRESENTATION_STYLE_ASSIGNMENT((#4506));
#4508=STYLED_ITEM('',(#4507),#4505);
#4509=DIRECTION('',(-1.E0,0.E0,0.E0));
#4510=VECTOR('',#4509,1.025E1);
#4511=CARTESIAN_POINT('',(-7.5E-1,-6.5E0,4.215E1));
#4512=LINE('',#4511,#4510);
#4513=CURVE_STYLE('',#20,POSITIVE_LENGTH_MEASURE(2.E-2),#5);
#4514=PRESENTATION_STYLE_ASSIGNMENT((#4513));
#4515=STYLED_ITEM('',(#4514),#4512);
#4516=DIRECTION('',(-1.E0,0.E0,0.E0));
#4517=VECTOR('',#4516,1.5E0);
#4518=CARTESIAN_POINT('',(7.5E-1,-6.5E0,4.215E1));
#4519=LINE('',#4518,#4517);
#4520=CURVE_STYLE('',#20,POSITIVE_LENGTH_MEASURE(2.E-2),#5);
#4521=PRESENTATION_STYLE_ASSIGNMENT((#4520));
#4522=STYLED_ITEM('',(#4521),#4519);
#4523=DIRECTION('',(-1.E0,0.E0,0.E0));
#4524=VECTOR('',#4523,1.025E1);
#4525=CARTESIAN_POINT('',(1.1E1,-6.5E0,4.215E1));
#4526=LINE('',#4525,#4524);
#4527=CURVE_STYLE('',#20,POSITIVE_LENGTH_MEASURE(2.E-2),#5);
#4528=PRESENTATION_STYLE_ASSIGNMENT((#4527));
#4529=STYLED_ITEM('',(#4528),#4526);
#4530=CARTESIAN_POINT('',(1.1E1,-6.5E0,3.8E1));
#4531=DIRECTION('',(0.E0,-1.E0,0.E0));
#4532=DIRECTION('',(1.E0,0.E0,0.E0));
#4533=AXIS2_PLACEMENT_3D('',#4530,#4531,#4532);
#4535=CURVE_STYLE('',#20,POSITIVE_LENGTH_MEASURE(2.E-2),#5);
#4536=PRESENTATION_STYLE_ASSIGNMENT((#4535));
#4537=STYLED_ITEM('',(#4536),#4534);
#4538=DIRECTION('',(0.E0,0.E0,1.E0));
#4539=VECTOR('',#4538,5.25E0);
#4540=CARTESIAN_POINT('',(1.515E1,-6.5E0,3.275E1));
#4541=LINE('',#4540,#4539);
#4542=CURVE_STYLE('',#20,POSITIVE_LENGTH_MEASURE(2.E-2),#5);
#4543=PRESENTATION_STYLE_ASSIGNMENT((#4542));
#4544=STYLED_ITEM('',(#4543),#4541);
#4545=DIRECTION('',(0.E0,0.E0,1.E0));
#4546=VECTOR('',#4545,1.5E0);
#4547=CARTESIAN_POINT('',(1.515E1,-6.5E0,3.125E1));
#4548=LINE('',#4547,#4546);
#4549=CURVE_STYLE('',#20,POSITIVE_LENGTH_MEASURE(2.E-2),#5);
#4550=PRESENTATION_STYLE_ASSIGNMENT((#4549));
#4551=STYLED_ITEM('',(#4550),#4548);
#4552=DIRECTION('',(0.E0,0.E0,1.E0));
#4553=VECTOR('',#4552,5.25E0);
#4554=CARTESIAN_POINT('',(1.515E1,-6.5E0,2.6E1));
#4555=LINE('',#4554,#4553);
#4556=CURVE_STYLE('',#20,POSITIVE_LENGTH_MEASURE(2.E-2),#5);
#4557=PRESENTATION_STYLE_ASSIGNMENT((#4556));
#4558=STYLED_ITEM('',(#4557),#4555);
#4559=CARTESIAN_POINT('',(1.1E1,-6.5E0,2.6E1));
#4560=DIRECTION('',(0.E0,-1.E0,0.E0));
#4561=DIRECTION('',(0.E0,0.E0,-1.E0));
#4562=AXIS2_PLACEMENT_3D('',#4559,#4560,#4561);
#4564=CURVE_STYLE('',#20,POSITIVE_LENGTH_MEASURE(2.E-2),#5);
#4565=PRESENTATION_STYLE_ASSIGNMENT((#4564));
#4566=STYLED_ITEM('',(#4565),#4563);
#4567=DIRECTION('',(1.E0,0.E0,0.E0));
#4568=VECTOR('',#4567,1.025E1);
#4569=CARTESIAN_POINT('',(7.5E-1,-6.5E0,2.185E1));
#4570=LINE('',#4569,#4568);
#4571=CURVE_STYLE('',#20,POSITIVE_LENGTH_MEASURE(2.E-2),#5);
#4572=PRESENTATION_STYLE_ASSIGNMENT((#4571));
#4573=STYLED_ITEM('',(#4572),#4570);
#4574=DIRECTION('',(1.E0,0.E0,0.E0));
#4575=VECTOR('',#4574,1.5E0);
#4576=CARTESIAN_POINT('',(-7.5E-1,-6.5E0,2.185E1));
#4577=LINE('',#4576,#4575);
#4578=CURVE_STYLE('',#20,POSITIVE_LENGTH_MEASURE(2.E-2),#5);
#4579=PRESENTATION_STYLE_ASSIGNMENT((#4578));
#4580=STYLED_ITEM('',(#4579),#4577);
#4581=DIRECTION('',(1.E0,0.E0,0.E0));
#4582=VECTOR('',#4581,1.025E1);
#4583=CARTESIAN_POINT('',(-1.1E1,-6.5E0,2.185E1));
#4584=LINE('',#4583,#4582);
#4585=CURVE_STYLE('',#20,POSITIVE_LENGTH_MEASURE(2.E-2),#5);
#4586=PRESENTATION_STYLE_ASSIGNMENT((#4585));
#4587=STYLED_ITEM('',(#4586),#4584);
#4588=CARTESIAN_POINT('',(-1.1E1,-6.5E0,2.6E1));
#4589=DIRECTION('',(0.E0,-1.E0,0.E0));
#4590=DIRECTION('',(-1.E0,0.E0,0.E0));
#4591=AXIS2_PLACEMENT_3D('',#4588,#4589,#4590);
#4593=CURVE_STYLE('',#20,POSITIVE_LENGTH_MEASURE(2.E-2),#5);
#4594=PRESENTATION_STYLE_ASSIGNMENT((#4593));
#4595=STYLED_ITEM('',(#4594),#4592);
#4596=DIRECTION('',(0.E0,0.E0,-1.E0));
#4597=VECTOR('',#4596,5.25E0);
#4598=CARTESIAN_POINT('',(-1.515E1,-6.5E0,3.125E1));
#4599=LINE('',#4598,#4597);
#4600=CURVE_STYLE('',#20,POSITIVE_LENGTH_MEASURE(2.E-2),#5);
#4601=PRESENTATION_STYLE_ASSIGNMENT((#4600));
#4602=STYLED_ITEM('',(#4601),#4599);
#4603=DIRECTION('',(7.071067811866E-1,-7.071067811865E-1,-1.256073966947E-14));
#4604=VECTOR('',#4603,2.828427124746E-1);
#4605=CARTESIAN_POINT('',(-1.515E1,-6.5E0,3.125E1));
#4606=LINE('',#4605,#4604);
#4607=CURVE_STYLE('',#20,POSITIVE_LENGTH_MEASURE(2.E-2),#5);
#4608=PRESENTATION_STYLE_ASSIGNMENT((#4607));
#4609=STYLED_ITEM('',(#4608),#4606);
#4610=DIRECTION('',(0.E0,-1.E0,0.E0));
#4611=VECTOR('',#4610,2.3E0);
#4612=CARTESIAN_POINT('',(-1.495E1,-6.7E0,3.125E1));
#4613=LINE('',#4612,#4611);
#4614=CURVE_STYLE('',#20,POSITIVE_LENGTH_MEASURE(2.E-2),#5);
#4615=PRESENTATION_STYLE_ASSIGNMENT((#4614));
#4616=STYLED_ITEM('',(#4615),#4613);
#4617=DIRECTION('',(0.E0,1.E0,0.E0));
#4618=VECTOR('',#4617,2.5E0);
#4619=CARTESIAN_POINT('',(-1.515E1,-9.E0,3.275E1));
#4620=LINE('',#4619,#4618);
#4621=CURVE_STYLE('',#20,POSITIVE_LENGTH_MEASURE(2.E-2),#5);
#4622=PRESENTATION_STYLE_ASSIGNMENT((#4621));
#4623=STYLED_ITEM('',(#4622),#4620);
#4624=DIRECTION('',(0.E0,0.E0,-1.E0));
#4625=VECTOR('',#4624,5.25E0);
#4626=CARTESIAN_POINT('',(-1.515E1,-9.E0,3.8E1));
#4627=LINE('',#4626,#4625);
#4628=CURVE_STYLE('',#20,POSITIVE_LENGTH_MEASURE(2.E-2),#5);
#4629=PRESENTATION_STYLE_ASSIGNMENT((#4628));
#4630=STYLED_ITEM('',(#4629),#4627);
#4631=DIRECTION('',(0.E0,1.E0,0.E0));
#4632=VECTOR('',#4631,2.5E0);
#4633=CARTESIAN_POINT('',(-1.515E1,-9.E0,3.8E1));
#4634=LINE('',#4633,#4632);
#4635=CURVE_STYLE('',#20,POSITIVE_LENGTH_MEASURE(2.E-2),#5);
#4636=PRESENTATION_STYLE_ASSIGNMENT((#4635));
#4637=STYLED_ITEM('',(#4636),#4634);
#4638=DIRECTION('',(0.E0,1.E0,0.E0));
#4639=VECTOR('',#4638,2.5E0);
#4640=CARTESIAN_POINT('',(-1.515E1,-9.E0,3.125E1));
#4641=LINE('',#4640,#4639);
#4642=CURVE_STYLE('',#20,POSITIVE_LENGTH_MEASURE(2.E-2),#5);
#4643=PRESENTATION_STYLE_ASSIGNMENT((#4642));
#4644=STYLED_ITEM('',(#4643),#4641);
#4645=DIRECTION('',(0.E0,0.E0,-1.E0));
#4646=VECTOR('',#4645,5.25E0);
#4647=CARTESIAN_POINT('',(-1.515E1,-9.E0,3.125E1));
#4648=LINE('',#4647,#4646);
#4649=CURVE_STYLE('',#20,POSITIVE_LENGTH_MEASURE(2.E-2),#5);
#4650=PRESENTATION_STYLE_ASSIGNMENT((#4649));
#4651=STYLED_ITEM('',(#4650),#4648);
#4652=DIRECTION('',(-7.071067811866E-1,7.071067811865E-1,2.512147933894E-14));
#4653=VECTOR('',#4652,2.828427124746E-1);
#4654=CARTESIAN_POINT('',(-1.495E1,-6.7E0,3.275E1));
#4655=LINE('',#4654,#4653);
#4656=CURVE_STYLE('',#20,POSITIVE_LENGTH_MEASURE(2.E-2),#5);
#4657=PRESENTATION_STYLE_ASSIGNMENT((#4656));
#4658=STYLED_ITEM('',(#4657),#4655);
#4659=DIRECTION('',(0.E0,0.E0,-1.E0));
#4660=VECTOR('',#4659,1.5E0);
#4661=CARTESIAN_POINT('',(-1.495E1,-6.7E0,3.275E1));
#4662=LINE('',#4661,#4660);
#4663=CURVE_STYLE('',#20,POSITIVE_LENGTH_MEASURE(2.E-2),#5);
#4664=PRESENTATION_STYLE_ASSIGNMENT((#4663));
#4665=STYLED_ITEM('',(#4664),#4662);
#4666=DIRECTION('',(0.E0,-1.E0,0.E0));
#4667=VECTOR('',#4666,2.3E0);
#4668=CARTESIAN_POINT('',(-1.495E1,-6.7E0,3.275E1));
#4669=LINE('',#4668,#4667);
#4670=CURVE_STYLE('',#20,POSITIVE_LENGTH_MEASURE(2.E-2),#5);
#4671=PRESENTATION_STYLE_ASSIGNMENT((#4670));
#4672=STYLED_ITEM('',(#4671),#4669);
#4673=DIRECTION('',(1.E0,0.E0,0.E0));
#4674=VECTOR('',#4673,1.E1);
#4675=CARTESIAN_POINT('',(-5.E0,-9.E0,2.35E1));
#4676=LINE('',#4675,#4674);
#4677=CURVE_STYLE('',#20,POSITIVE_LENGTH_MEASURE(2.E-2),#5);
#4678=PRESENTATION_STYLE_ASSIGNMENT((#4677));
#4679=STYLED_ITEM('',(#4678),#4676);
#4680=CARTESIAN_POINT('',(-5.E0,-9.E0,3.2E1));
#4681=DIRECTION('',(0.E0,-1.E0,0.E0));
#4682=DIRECTION('',(0.E0,0.E0,1.E0));
#4683=AXIS2_PLACEMENT_3D('',#4680,#4681,#4682);
#4685=CURVE_STYLE('',#20,POSITIVE_LENGTH_MEASURE(2.E-2),#5);
#4686=PRESENTATION_STYLE_ASSIGNMENT((#4685));
#4687=STYLED_ITEM('',(#4686),#4684);
#4688=DIRECTION('',(-1.E0,0.E0,0.E0));
#4689=VECTOR('',#4688,1.E1);
#4690=CARTESIAN_POINT('',(5.E0,-9.E0,4.05E1));
#4691=LINE('',#4690,#4689);
#4692=CURVE_STYLE('',#20,POSITIVE_LENGTH_MEASURE(2.E-2),#5);
#4693=PRESENTATION_STYLE_ASSIGNMENT((#4692));
#4694=STYLED_ITEM('',(#4693),#4691);
#4695=CARTESIAN_POINT('',(5.E0,-9.E0,3.2E1));
#4696=DIRECTION('',(0.E0,-1.E0,0.E0));
#4697=DIRECTION('',(0.E0,0.E0,-1.E0));
#4698=AXIS2_PLACEMENT_3D('',#4695,#4696,#4697);
#4700=CURVE_STYLE('',#20,POSITIVE_LENGTH_MEASURE(2.E-2),#5);
#4701=PRESENTATION_STYLE_ASSIGNMENT((#4700));
#4702=STYLED_ITEM('',(#4701),#4699);
#4703=DIRECTION('',(1.E0,0.E0,0.E0));
#4704=VECTOR('',#4703,2.E-1);
#4705=CARTESIAN_POINT('',(-1.515E1,-9.E0,3.275E1));
#4706=LINE('',#4705,#4704);
#4707=CURVE_STYLE('',#20,POSITIVE_LENGTH_MEASURE(2.E-2),#5);
#4708=PRESENTATION_STYLE_ASSIGNMENT((#4707));
#4709=STYLED_ITEM('',(#4708),#4706);
#4710=DIRECTION('',(0.E0,0.E0,-1.E0));
#4711=VECTOR('',#4710,1.5E0);
#4712=CARTESIAN_POINT('',(-1.495E1,-9.E0,3.275E1));
#4713=LINE('',#4712,#4711);
#4714=CURVE_STYLE('',#20,POSITIVE_LENGTH_MEASURE(2.E-2),#5);
#4715=PRESENTATION_STYLE_ASSIGNMENT((#4714));
#4716=STYLED_ITEM('',(#4715),#4713);
#4717=DIRECTION('',(1.E0,0.E0,0.E0));
#4718=VECTOR('',#4717,2.E-1);
#4719=CARTESIAN_POINT('',(-1.515E1,-9.E0,3.125E1));
#4720=LINE('',#4719,#4718);
#4721=CURVE_STYLE('',#20,POSITIVE_LENGTH_MEASURE(2.E-2),#5);
#4722=PRESENTATION_STYLE_ASSIGNMENT((#4721));
#4723=STYLED_ITEM('',(#4722),#4720);
#4724=DIRECTION('',(0.E0,0.E0,1.E0));
#4725=VECTOR('',#4724,2.E-1);
#4726=CARTESIAN_POINT('',(-7.5E-1,-9.E0,2.185E1));
#4727=LINE('',#4726,#4725);
#4728=CURVE_STYLE('',#20,POSITIVE_LENGTH_MEASURE(2.E-2),#5);
#4729=PRESENTATION_STYLE_ASSIGNMENT((#4728));
#4730=STYLED_ITEM('',(#4729),#4727);
#4731=DIRECTION('',(1.E0,0.E0,0.E0));
#4732=VECTOR('',#4731,1.5E0);
#4733=CARTESIAN_POINT('',(-7.5E-1,-9.E0,2.205E1));
#4734=LINE('',#4733,#4732);
#4735=CURVE_STYLE('',#20,POSITIVE_LENGTH_MEASURE(2.E-2),#5);
#4736=PRESENTATION_STYLE_ASSIGNMENT((#4735));
#4737=STYLED_ITEM('',(#4736),#4734);
#4738=DIRECTION('',(0.E0,0.E0,1.E0));
#4739=VECTOR('',#4738,2.E-1);
#4740=CARTESIAN_POINT('',(7.5E-1,-9.E0,2.185E1));
#4741=LINE('',#4740,#4739);
#4742=CURVE_STYLE('',#20,POSITIVE_LENGTH_MEASURE(2.E-2),#5);
#4743=PRESENTATION_STYLE_ASSIGNMENT((#4742));
#4744=STYLED_ITEM('',(#4743),#4741);
#4745=DIRECTION('',(-1.E0,0.E0,0.E0));
#4746=VECTOR('',#4745,2.E-1);
#4747=CARTESIAN_POINT('',(1.515E1,-9.E0,3.125E1));
#4748=LINE('',#4747,#4746);
#4749=CURVE_STYLE('',#20,POSITIVE_LENGTH_MEASURE(2.E-2),#5);
#4750=PRESENTATION_STYLE_ASSIGNMENT((#4749));
#4751=STYLED_ITEM('',(#4750),#4748);
#4752=DIRECTION('',(0.E0,0.E0,1.E0));
#4753=VECTOR('',#4752,1.5E0);
#4754=CARTESIAN_POINT('',(1.495E1,-9.E0,3.125E1));
#4755=LINE('',#4754,#4753);
#4756=CURVE_STYLE('',#20,POSITIVE_LENGTH_MEASURE(2.E-2),#5);
#4757=PRESENTATION_STYLE_ASSIGNMENT((#4756));
#4758=STYLED_ITEM('',(#4757),#4755);
#4759=DIRECTION('',(-1.E0,0.E0,0.E0));
#4760=VECTOR('',#4759,2.E-1);
#4761=CARTESIAN_POINT('',(1.515E1,-9.E0,3.275E1));
#4762=LINE('',#4761,#4760);
#4763=CURVE_STYLE('',#20,POSITIVE_LENGTH_MEASURE(2.E-2),#5);
#4764=PRESENTATION_STYLE_ASSIGNMENT((#4763));
#4765=STYLED_ITEM('',(#4764),#4762);
#4766=DIRECTION('',(0.E0,0.E0,-1.E0));
#4767=VECTOR('',#4766,2.E-1);
#4768=CARTESIAN_POINT('',(7.5E-1,-9.E0,4.215E1));
#4769=LINE('',#4768,#4767);
#4770=CURVE_STYLE('',#20,POSITIVE_LENGTH_MEASURE(2.E-2),#5);
#4771=PRESENTATION_STYLE_ASSIGNMENT((#4770));
#4772=STYLED_ITEM('',(#4771),#4769);
#4773=DIRECTION('',(-1.E0,0.E0,0.E0));
#4774=VECTOR('',#4773,1.5E0);
#4775=CARTESIAN_POINT('',(7.5E-1,-9.E0,4.195E1));
#4776=LINE('',#4775,#4774);
#4777=CURVE_STYLE('',#20,POSITIVE_LENGTH_MEASURE(2.E-2),#5);
#4778=PRESENTATION_STYLE_ASSIGNMENT((#4777));
#4779=STYLED_ITEM('',(#4778),#4776);
#4780=DIRECTION('',(0.E0,0.E0,-1.E0));
#4781=VECTOR('',#4780,2.E-1);
#4782=CARTESIAN_POINT('',(-7.5E-1,-9.E0,4.215E1));
#4783=LINE('',#4782,#4781);
#4784=CURVE_STYLE('',#20,POSITIVE_LENGTH_MEASURE(2.E-2),#5);
#4785=PRESENTATION_STYLE_ASSIGNMENT((#4784));
#4786=STYLED_ITEM('',(#4785),#4783);
#4787=DIRECTION('',(0.E0,1.E0,0.E0));
#4788=VECTOR('',#4787,5.E-1);
#4789=CARTESIAN_POINT('',(-5.E0,-9.5E0,2.35E1));
#4790=LINE('',#4789,#4788);
#4791=CURVE_STYLE('',#20,POSITIVE_LENGTH_MEASURE(2.E-2),#5);
#4792=PRESENTATION_STYLE_ASSIGNMENT((#4791));
#4793=STYLED_ITEM('',(#4792),#4790);
#4794=CARTESIAN_POINT('',(-5.E0,-9.5E0,3.2E1));
#4795=DIRECTION('',(0.E0,1.E0,0.E0));
#4796=DIRECTION('',(-9.107322517718E-1,0.E0,-4.129972948855E-1));
#4797=AXIS2_PLACEMENT_3D('',#4794,#4795,#4796);
#4799=CURVE_STYLE('',#20,POSITIVE_LENGTH_MEASURE(2.E-2),#5);
#4800=PRESENTATION_STYLE_ASSIGNMENT((#4799));
#4801=STYLED_ITEM('',(#4800),#4798);
#4802=CARTESIAN_POINT('',(-5.E0,-9.5E0,3.2E1));
#4803=DIRECTION('',(0.E0,1.E0,0.E0));
#4804=DIRECTION('',(-9.271582147597E-1,0.E0,3.746700479137E-1));
#4805=AXIS2_PLACEMENT_3D('',#4802,#4803,#4804);
#4807=CURVE_STYLE('',#20,POSITIVE_LENGTH_MEASURE(2.E-2),#5);
#4808=PRESENTATION_STYLE_ASSIGNMENT((#4807));
#4809=STYLED_ITEM('',(#4808),#4806);
#4810=DIRECTION('',(0.E0,1.E0,0.E0));
#4811=VECTOR('',#4810,5.E-1);
#4812=CARTESIAN_POINT('',(-5.E0,-9.5E0,4.05E1));
#4813=LINE('',#4812,#4811);
#4814=CURVE_STYLE('',#20,POSITIVE_LENGTH_MEASURE(2.E-2),#5);
#4815=PRESENTATION_STYLE_ASSIGNMENT((#4814));
#4816=STYLED_ITEM('',(#4815),#4813);
#4817=CARTESIAN_POINT('',(-1.2E1,-9.5E0,2.9E1));
#4818=DIRECTION('',(0.E0,1.E0,0.E0));
#4819=DIRECTION('',(-8.235823778446E-1,0.E0,-5.671966739182E-1));
#4820=AXIS2_PLACEMENT_3D('',#4817,#4818,#4819);
#4822=CURVE_STYLE('',#20,POSITIVE_LENGTH_MEASURE(2.E-2),#5);
#4823=PRESENTATION_STYLE_ASSIGNMENT((#4822));
#4824=STYLED_ITEM('',(#4823),#4821);
#4825=DIRECTION('',(0.E0,-1.E0,0.E0));
#4826=VECTOR('',#4825,2.E0);
#4827=CARTESIAN_POINT('',(-1.2E1,-9.5E0,2.81E1));
#4828=LINE('',#4827,#4826);
#4829=CURVE_STYLE('',#20,POSITIVE_LENGTH_MEASURE(2.E-2),#5);
#4830=PRESENTATION_STYLE_ASSIGNMENT((#4829));
#4831=STYLED_ITEM('',(#4830),#4828);
#4832=DIRECTION('',(0.E0,-1.E0,0.E0));
#4833=VECTOR('',#4832,2.E0);
#4834=CARTESIAN_POINT('',(-1.2E1,-9.5E0,2.99E1));
#4835=LINE('',#4834,#4833);
#4836=CURVE_STYLE('',#20,POSITIVE_LENGTH_MEASURE(2.E-2),#5);
#4837=PRESENTATION_STYLE_ASSIGNMENT((#4836));
#4838=STYLED_ITEM('',(#4837),#4835);
#4839=CARTESIAN_POINT('',(-1.2E1,-9.5E0,3.5E1));
#4840=DIRECTION('',(0.E0,1.E0,0.E0));
#4841=DIRECTION('',(-9.787164727301E-1,0.E0,2.052171191852E-1));
#4842=AXIS2_PLACEMENT_3D('',#4839,#4840,#4841);
#4844=CURVE_STYLE('',#20,POSITIVE_LENGTH_MEASURE(2.E-2),#5);
#4845=PRESENTATION_STYLE_ASSIGNMENT((#4844));
#4846=STYLED_ITEM('',(#4845),#4843);
#4847=DIRECTION('',(0.E0,-1.E0,0.E0));
#4848=VECTOR('',#4847,2.E0);
#4849=CARTESIAN_POINT('',(-1.2E1,-9.5E0,3.41E1));
#4850=LINE('',#4849,#4848);
#4851=CURVE_STYLE('',#20,POSITIVE_LENGTH_MEASURE(2.E-2),#5);
#4852=PRESENTATION_STYLE_ASSIGNMENT((#4851));
#4853=STYLED_ITEM('',(#4852),#4850);
#4854=DIRECTION('',(0.E0,-1.E0,0.E0));
#4855=VECTOR('',#4854,2.E0);
#4856=CARTESIAN_POINT('',(-1.2E1,-9.5E0,3.59E1));
#4857=LINE('',#4856,#4855);
#4858=CURVE_STYLE('',#20,POSITIVE_LENGTH_MEASURE(2.E-2),#5);
#4859=PRESENTATION_STYLE_ASSIGNMENT((#4858));
#4860=STYLED_ITEM('',(#4859),#4857);
#4861=DIRECTION('',(0.E0,1.E0,0.E0));
#4862=VECTOR('',#4861,5.E-1);
#4863=CARTESIAN_POINT('',(5.E0,-9.5E0,4.05E1));
#4864=LINE('',#4863,#4862);
#4865=CURVE_STYLE('',#20,POSITIVE_LENGTH_MEASURE(2.E-2),#5);
#4866=PRESENTATION_STYLE_ASSIGNMENT((#4865));
#4867=STYLED_ITEM('',(#4866),#4864);
#4868=CARTESIAN_POINT('',(5.E0,-9.5E0,3.2E1));
#4869=DIRECTION('',(0.E0,1.E0,0.E0));
#4870=DIRECTION('',(9.107322517718E-1,0.E0,4.129972948855E-1));
#4871=AXIS2_PLACEMENT_3D('',#4868,#4869,#4870);
#4873=CURVE_STYLE('',#20,POSITIVE_LENGTH_MEASURE(2.E-2),#5);
#4874=PRESENTATION_STYLE_ASSIGNMENT((#4873));
#4875=STYLED_ITEM('',(#4874),#4872);
#4876=CARTESIAN_POINT('',(5.E0,-9.5E0,3.2E1));
#4877=DIRECTION('',(0.E0,1.E0,0.E0));
#4878=DIRECTION('',(9.271582147597E-1,0.E0,-3.746700479137E-1));
#4879=AXIS2_PLACEMENT_3D('',#4876,#4877,#4878);
#4881=CURVE_STYLE('',#20,POSITIVE_LENGTH_MEASURE(2.E-2),#5);
#4882=PRESENTATION_STYLE_ASSIGNMENT((#4881));
#4883=STYLED_ITEM('',(#4882),#4880);
#4884=DIRECTION('',(0.E0,1.E0,0.E0));
#4885=VECTOR('',#4884,5.E-1);
#4886=CARTESIAN_POINT('',(5.E0,-9.5E0,2.35E1));
#4887=LINE('',#4886,#4885);
#4888=CURVE_STYLE('',#20,POSITIVE_LENGTH_MEASURE(2.E-2),#5);
#4889=PRESENTATION_STYLE_ASSIGNMENT((#4888));
#4890=STYLED_ITEM('',(#4889),#4887);
#4891=CARTESIAN_POINT('',(1.2E1,-9.5E0,3.5E1));
#4892=DIRECTION('',(0.E0,1.E0,0.E0));
#4893=DIRECTION('',(8.235823778446E-1,0.E0,5.671966739182E-1));
#4894=AXIS2_PLACEMENT_3D('',#4891,#4892,#4893);
#4896=CURVE_STYLE('',#20,POSITIVE_LENGTH_MEASURE(2.E-2),#5);
#4897=PRESENTATION_STYLE_ASSIGNMENT((#4896));
#4898=STYLED_ITEM('',(#4897),#4895);
#4899=DIRECTION('',(0.E0,-1.E0,0.E0));
#4900=VECTOR('',#4899,2.E0);
#4901=CARTESIAN_POINT('',(1.2E1,-9.5E0,3.59E1));
#4902=LINE('',#4901,#4900);
#4903=CURVE_STYLE('',#20,POSITIVE_LENGTH_MEASURE(2.E-2),#5);
#4904=PRESENTATION_STYLE_ASSIGNMENT((#4903));
#4905=STYLED_ITEM('',(#4904),#4902);
#4906=DIRECTION('',(0.E0,-1.E0,0.E0));
#4907=VECTOR('',#4906,2.E0);
#4908=CARTESIAN_POINT('',(1.2E1,-9.5E0,3.41E1));
#4909=LINE('',#4908,#4907);
#4910=CURVE_STYLE('',#20,POSITIVE_LENGTH_MEASURE(2.E-2),#5);
#4911=PRESENTATION_STYLE_ASSIGNMENT((#4910));
#4912=STYLED_ITEM('',(#4911),#4909);
#4913=CARTESIAN_POINT('',(1.2E1,-9.5E0,2.9E1));
#4914=DIRECTION('',(0.E0,1.E0,0.E0));
#4915=DIRECTION('',(9.787164727301E-1,0.E0,-2.052171191852E-1));
#4916=AXIS2_PLACEMENT_3D('',#4913,#4914,#4915);
#4918=CURVE_STYLE('',#20,POSITIVE_LENGTH_MEASURE(2.E-2),#5);
#4919=PRESENTATION_STYLE_ASSIGNMENT((#4918));
#4920=STYLED_ITEM('',(#4919),#4917);
#4921=DIRECTION('',(0.E0,-1.E0,0.E0));
#4922=VECTOR('',#4921,2.E0);
#4923=CARTESIAN_POINT('',(1.2E1,-9.5E0,2.99E1));
#4924=LINE('',#4923,#4922);
#4925=CURVE_STYLE('',#20,POSITIVE_LENGTH_MEASURE(2.E-2),#5);
#4926=PRESENTATION_STYLE_ASSIGNMENT((#4925));
#4927=STYLED_ITEM('',(#4926),#4924);
#4928=DIRECTION('',(0.E0,-1.E0,0.E0));
#4929=VECTOR('',#4928,2.E0);
#4930=CARTESIAN_POINT('',(1.2E1,-9.5E0,2.81E1));
#4931=LINE('',#4930,#4929);
#4932=CURVE_STYLE('',#20,POSITIVE_LENGTH_MEASURE(2.E-2),#5);
#4933=PRESENTATION_STYLE_ASSIGNMENT((#4932));
#4934=STYLED_ITEM('',(#4933),#4931);
#4935=CARTESIAN_POINT('',(-1.1E1,-9.E0,2.6E1));
#4936=DIRECTION('',(0.E0,1.E0,0.E0));
#4937=DIRECTION('',(0.E0,0.E0,-1.E0));
#4938=AXIS2_PLACEMENT_3D('',#4935,#4936,#4937);
#4940=CURVE_STYLE('',#20,POSITIVE_LENGTH_MEASURE(2.E-2),#5);
#4941=PRESENTATION_STYLE_ASSIGNMENT((#4940));
#4942=STYLED_ITEM('',(#4941),#4939);
#4943=DIRECTION('',(0.E0,1.E0,0.E0));
#4944=VECTOR('',#4943,2.5E0);
#4945=CARTESIAN_POINT('',(-1.515E1,-9.E0,2.6E1));
#4946=LINE('',#4945,#4944);
#4947=CURVE_STYLE('',#20,POSITIVE_LENGTH_MEASURE(2.E-2),#5);
#4948=PRESENTATION_STYLE_ASSIGNMENT((#4947));
#4949=STYLED_ITEM('',(#4948),#4946);
#4950=DIRECTION('',(0.E0,1.E0,0.E0));
#4951=VECTOR('',#4950,2.5E0);
#4952=CARTESIAN_POINT('',(-7.5E-1,-9.E0,2.185E1));
#4953=LINE('',#4952,#4951);
#4954=CURVE_STYLE('',#20,POSITIVE_LENGTH_MEASURE(2.E-2),#5);
#4955=PRESENTATION_STYLE_ASSIGNMENT((#4954));
#4956=STYLED_ITEM('',(#4955),#4953);
#4957=DIRECTION('',(1.E0,0.E0,0.E0));
#4958=VECTOR('',#4957,1.025E1);
#4959=CARTESIAN_POINT('',(-1.1E1,-9.E0,2.185E1));
#4960=LINE('',#4959,#4958);
#4961=CURVE_STYLE('',#20,POSITIVE_LENGTH_MEASURE(2.E-2),#5);
#4962=PRESENTATION_STYLE_ASSIGNMENT((#4961));
#4963=STYLED_ITEM('',(#4962),#4960);
#4964=DIRECTION('',(0.E0,1.E0,0.E0));
#4965=VECTOR('',#4964,2.5E0);
#4966=CARTESIAN_POINT('',(-1.1E1,-9.E0,2.185E1));
#4967=LINE('',#4966,#4965);
#4968=CURVE_STYLE('',#20,POSITIVE_LENGTH_MEASURE(2.E-2),#5);
#4969=PRESENTATION_STYLE_ASSIGNMENT((#4968));
#4970=STYLED_ITEM('',(#4969),#4967);
#4971=DIRECTION('',(0.E0,1.E0,0.E0));
#4972=VECTOR('',#4971,2.5E0);
#4973=CARTESIAN_POINT('',(7.5E-1,-9.E0,2.185E1));
#4974=LINE('',#4973,#4972);
#4975=CURVE_STYLE('',#20,POSITIVE_LENGTH_MEASURE(2.E-2),#5);
#4976=PRESENTATION_STYLE_ASSIGNMENT((#4975));
#4977=STYLED_ITEM('',(#4976),#4974);
#4978=DIRECTION('',(1.E0,0.E0,0.E0));
#4979=VECTOR('',#4978,1.025E1);
#4980=CARTESIAN_POINT('',(7.5E-1,-9.E0,2.185E1));
#4981=LINE('',#4980,#4979);
#4982=CURVE_STYLE('',#20,POSITIVE_LENGTH_MEASURE(2.E-2),#5);
#4983=PRESENTATION_STYLE_ASSIGNMENT((#4982));
#4984=STYLED_ITEM('',(#4983),#4981);
#4985=DIRECTION('',(1.884110950421E-14,7.071067811865E-1,-7.071067811866E-1));
#4986=VECTOR('',#4985,2.828427124746E-1);
#4987=CARTESIAN_POINT('',(-7.5E-1,-6.7E0,2.205E1));
#4988=LINE('',#4987,#4986);
#4989=CURVE_STYLE('',#20,POSITIVE_LENGTH_MEASURE(2.E-2),#5);
#4990=PRESENTATION_STYLE_ASSIGNMENT((#4989));
#4991=STYLED_ITEM('',(#4990),#4988);
#4992=DIRECTION('',(0.E0,-7.071067811865E-1,7.071067811866E-1));
#4993=VECTOR('',#4992,2.828427124746E-1);
#4994=CARTESIAN_POINT('',(7.5E-1,-6.5E0,2.185E1));
#4995=LINE('',#4994,#4993);
#4996=CURVE_STYLE('',#20,POSITIVE_LENGTH_MEASURE(2.E-2),#5);
#4997=PRESENTATION_STYLE_ASSIGNMENT((#4996));
#4998=STYLED_ITEM('',(#4997),#4995);
#4999=DIRECTION('',(0.E0,-1.E0,0.E0));
#5000=VECTOR('',#4999,2.3E0);
#5001=CARTESIAN_POINT('',(7.5E-1,-6.7E0,2.205E1));
#5002=LINE('',#5001,#5000);
#5003=CURVE_STYLE('',#20,POSITIVE_LENGTH_MEASURE(2.E-2),#5);
#5004=PRESENTATION_STYLE_ASSIGNMENT((#5003));
#5005=STYLED_ITEM('',(#5004),#5002);
#5006=DIRECTION('',(1.E0,0.E0,0.E0));
#5007=VECTOR('',#5006,1.5E0);
#5008=CARTESIAN_POINT('',(-7.5E-1,-6.7E0,2.205E1));
#5009=LINE('',#5008,#5007);
#5010=CURVE_STYLE('',#20,POSITIVE_LENGTH_MEASURE(2.E-2),#5);
#5011=PRESENTATION_STYLE_ASSIGNMENT((#5010));
#5012=STYLED_ITEM('',(#5011),#5009);
#5013=DIRECTION('',(0.E0,-1.E0,0.E0));
#5014=VECTOR('',#5013,2.3E0);
#5015=CARTESIAN_POINT('',(-7.5E-1,-6.7E0,2.205E1));
#5016=LINE('',#5015,#5014);
#5017=CURVE_STYLE('',#20,POSITIVE_LENGTH_MEASURE(2.E-2),#5);
#5018=PRESENTATION_STYLE_ASSIGNMENT((#5017));
#5019=STYLED_ITEM('',(#5018),#5016);
#5020=CARTESIAN_POINT('',(1.1E1,-9.E0,2.6E1));
#5021=DIRECTION('',(0.E0,1.E0,0.E0));
#5022=DIRECTION('',(1.E0,0.E0,0.E0));
#5023=AXIS2_PLACEMENT_3D('',#5020,#5021,#5022);
#5025=CURVE_STYLE('',#20,POSITIVE_LENGTH_MEASURE(2.E-2),#5);
#5026=PRESENTATION_STYLE_ASSIGNMENT((#5025));
#5027=STYLED_ITEM('',(#5026),#5024);
#5028=DIRECTION('',(0.E0,1.E0,0.E0));
#5029=VECTOR('',#5028,2.5E0);
#5030=CARTESIAN_POINT('',(1.1E1,-9.E0,2.185E1));
#5031=LINE('',#5030,#5029);
#5032=CURVE_STYLE('',#20,POSITIVE_LENGTH_MEASURE(2.E-2),#5);
#5033=PRESENTATION_STYLE_ASSIGNMENT((#5032));
#5034=STYLED_ITEM('',(#5033),#5031);
#5035=DIRECTION('',(0.E0,1.E0,0.E0));
#5036=VECTOR('',#5035,2.5E0);
#5037=CARTESIAN_POINT('',(1.515E1,-9.E0,3.125E1));
#5038=LINE('',#5037,#5036);
#5039=CURVE_STYLE('',#20,POSITIVE_LENGTH_MEASURE(2.E-2),#5);
#5040=PRESENTATION_STYLE_ASSIGNMENT((#5039));
#5041=STYLED_ITEM('',(#5040),#5038);
#5042=DIRECTION('',(0.E0,0.E0,1.E0));
#5043=VECTOR('',#5042,5.25E0);
#5044=CARTESIAN_POINT('',(1.515E1,-9.E0,2.6E1));
#5045=LINE('',#5044,#5043);
#5046=CURVE_STYLE('',#20,POSITIVE_LENGTH_MEASURE(2.E-2),#5);
#5047=PRESENTATION_STYLE_ASSIGNMENT((#5046));
#5048=STYLED_ITEM('',(#5047),#5045);
#5049=DIRECTION('',(0.E0,1.E0,0.E0));
#5050=VECTOR('',#5049,2.5E0);
#5051=CARTESIAN_POINT('',(1.515E1,-9.E0,2.6E1));
#5052=LINE('',#5051,#5050);
#5053=CURVE_STYLE('',#20,POSITIVE_LENGTH_MEASURE(2.E-2),#5);
#5054=PRESENTATION_STYLE_ASSIGNMENT((#5053));
#5055=STYLED_ITEM('',(#5054),#5052);
#5056=DIRECTION('',(0.E0,1.E0,0.E0));
#5057=VECTOR('',#5056,2.5E0);
#5058=CARTESIAN_POINT('',(1.515E1,-9.E0,3.275E1));
#5059=LINE('',#5058,#5057);
#5060=CURVE_STYLE('',#20,POSITIVE_LENGTH_MEASURE(2.E-2),#5);
#5061=PRESENTATION_STYLE_ASSIGNMENT((#5060));
#5062=STYLED_ITEM('',(#5061),#5059);
#5063=DIRECTION('',(0.E0,0.E0,1.E0));
#5064=VECTOR('',#5063,5.25E0);
#5065=CARTESIAN_POINT('',(1.515E1,-9.E0,3.275E1));
#5066=LINE('',#5065,#5064);
#5067=CURVE_STYLE('',#20,POSITIVE_LENGTH_MEASURE(2.E-2),#5);
#5068=PRESENTATION_STYLE_ASSIGNMENT((#5067));
#5069=STYLED_ITEM('',(#5068),#5066);
#5070=DIRECTION('',(7.071067811866E-1,7.071067811865E-1,0.E0));
#5071=VECTOR('',#5070,2.828427124746E-1);
#5072=CARTESIAN_POINT('',(1.495E1,-6.7E0,3.125E1));
#5073=LINE('',#5072,#5071);
#5074=CURVE_STYLE('',#20,POSITIVE_LENGTH_MEASURE(2.E-2),#5);
#5075=PRESENTATION_STYLE_ASSIGNMENT((#5074));
#5076=STYLED_ITEM('',(#5075),#5073);
#5077=DIRECTION('',(-7.071067811866E-1,-7.071067811865E-1,2.512147933894E-14));
#5078=VECTOR('',#5077,2.828427124746E-1);
#5079=CARTESIAN_POINT('',(1.515E1,-6.5E0,3.275E1));
#5080=LINE('',#5079,#5078);
#5081=CURVE_STYLE('',#20,POSITIVE_LENGTH_MEASURE(2.E-2),#5);
#5082=PRESENTATION_STYLE_ASSIGNMENT((#5081));
#5083=STYLED_ITEM('',(#5082),#5080);
#5084=DIRECTION('',(0.E0,-1.E0,0.E0));
#5085=VECTOR('',#5084,2.3E0);
#5086=CARTESIAN_POINT('',(1.495E1,-6.7E0,3.275E1));
#5087=LINE('',#5086,#5085);
#5088=CURVE_STYLE('',#20,POSITIVE_LENGTH_MEASURE(2.E-2),#5);
#5089=PRESENTATION_STYLE_ASSIGNMENT((#5088));
#5090=STYLED_ITEM('',(#5089),#5087);
#5091=DIRECTION('',(0.E0,0.E0,1.E0));
#5092=VECTOR('',#5091,1.5E0);
#5093=CARTESIAN_POINT('',(1.495E1,-6.7E0,3.125E1));
#5094=LINE('',#5093,#5092);
#5095=CURVE_STYLE('',#20,POSITIVE_LENGTH_MEASURE(2.E-2),#5);
#5096=PRESENTATION_STYLE_ASSIGNMENT((#5095));
#5097=STYLED_ITEM('',(#5096),#5094);
#5098=DIRECTION('',(0.E0,-1.E0,0.E0));
#5099=VECTOR('',#5098,2.3E0);
#5100=CARTESIAN_POINT('',(1.495E1,-6.7E0,3.125E1));
#5101=LINE('',#5100,#5099);
#5102=CURVE_STYLE('',#20,POSITIVE_LENGTH_MEASURE(2.E-2),#5);
#5103=PRESENTATION_STYLE_ASSIGNMENT((#5102));
#5104=STYLED_ITEM('',(#5103),#5101);
#5105=CARTESIAN_POINT('',(1.1E1,-9.E0,3.8E1));
#5106=DIRECTION('',(0.E0,1.E0,0.E0));
#5107=DIRECTION('',(0.E0,0.E0,1.E0));
#5108=AXIS2_PLACEMENT_3D('',#5105,#5106,#5107);
#5110=CURVE_STYLE('',#20,POSITIVE_LENGTH_MEASURE(2.E-2),#5);
#5111=PRESENTATION_STYLE_ASSIGNMENT((#5110));
#5112=STYLED_ITEM('',(#5111),#5109);
#5113=DIRECTION('',(0.E0,1.E0,0.E0));
#5114=VECTOR('',#5113,2.5E0);
#5115=CARTESIAN_POINT('',(1.515E1,-9.E0,3.8E1));
#5116=LINE('',#5115,#5114);
#5117=CURVE_STYLE('',#20,POSITIVE_LENGTH_MEASURE(2.E-2),#5);
#5118=PRESENTATION_STYLE_ASSIGNMENT((#5117));
#5119=STYLED_ITEM('',(#5118),#5116);
#5120=DIRECTION('',(0.E0,1.E0,0.E0));
#5121=VECTOR('',#5120,2.5E0);
#5122=CARTESIAN_POINT('',(7.5E-1,-9.E0,4.215E1));
#5123=LINE('',#5122,#5121);
#5124=CURVE_STYLE('',#20,POSITIVE_LENGTH_MEASURE(2.E-2),#5);
#5125=PRESENTATION_STYLE_ASSIGNMENT((#5124));
#5126=STYLED_ITEM('',(#5125),#5123);
#5127=DIRECTION('',(-1.E0,0.E0,0.E0));
#5128=VECTOR('',#5127,1.025E1);
#5129=CARTESIAN_POINT('',(1.1E1,-9.E0,4.215E1));
#5130=LINE('',#5129,#5128);
#5131=CURVE_STYLE('',#20,POSITIVE_LENGTH_MEASURE(2.E-2),#5);
#5132=PRESENTATION_STYLE_ASSIGNMENT((#5131));
#5133=STYLED_ITEM('',(#5132),#5130);
#5134=DIRECTION('',(0.E0,1.E0,0.E0));
#5135=VECTOR('',#5134,2.5E0);
#5136=CARTESIAN_POINT('',(1.1E1,-9.E0,4.215E1));
#5137=LINE('',#5136,#5135);
#5138=CURVE_STYLE('',#20,POSITIVE_LENGTH_MEASURE(2.E-2),#5);
#5139=PRESENTATION_STYLE_ASSIGNMENT((#5138));
#5140=STYLED_ITEM('',(#5139),#5137);
#5141=DIRECTION('',(0.E0,1.E0,0.E0));
#5142=VECTOR('',#5141,2.5E0);
#5143=CARTESIAN_POINT('',(-7.5E-1,-9.E0,4.215E1));
#5144=LINE('',#5143,#5142);
#5145=CURVE_STYLE('',#20,POSITIVE_LENGTH_MEASURE(2.E-2),#5);
#5146=PRESENTATION_STYLE_ASSIGNMENT((#5145));
#5147=STYLED_ITEM('',(#5146),#5144);
#5148=DIRECTION('',(-1.E0,0.E0,0.E0));
#5149=VECTOR('',#5148,1.025E1);
#5150=CARTESIAN_POINT('',(-7.5E-1,-9.E0,4.215E1));
#5151=LINE('',#5150,#5149);
#5152=CURVE_STYLE('',#20,POSITIVE_LENGTH_MEASURE(2.E-2),#5);
#5153=PRESENTATION_STYLE_ASSIGNMENT((#5152));
#5154=STYLED_ITEM('',(#5153),#5151);
#5155=DIRECTION('',(1.256073966947E-14,7.071067811865E-1,7.071067811866E-1));
#5156=VECTOR('',#5155,2.828427124746E-1);
#5157=CARTESIAN_POINT('',(7.5E-1,-6.7E0,4.195E1));
#5158=LINE('',#5157,#5156);
#5159=CURVE_STYLE('',#20,POSITIVE_LENGTH_MEASURE(2.E-2),#5);
#5160=PRESENTATION_STYLE_ASSIGNMENT((#5159));
#5161=STYLED_ITEM('',(#5160),#5158);
#5162=DIRECTION('',(1.256073966947E-14,-7.071067811865E-1,-7.071067811866E-1));
#5163=VECTOR('',#5162,2.828427124746E-1);
#5164=CARTESIAN_POINT('',(-7.5E-1,-6.5E0,4.215E1));
#5165=LINE('',#5164,#5163);
#5166=CURVE_STYLE('',#20,POSITIVE_LENGTH_MEASURE(2.E-2),#5);
#5167=PRESENTATION_STYLE_ASSIGNMENT((#5166));
#5168=STYLED_ITEM('',(#5167),#5165);
#5169=DIRECTION('',(0.E0,-1.E0,0.E0));
#5170=VECTOR('',#5169,2.3E0);
#5171=CARTESIAN_POINT('',(-7.5E-1,-6.7E0,4.195E1));
#5172=LINE('',#5171,#5170);
#5173=CURVE_STYLE('',#20,POSITIVE_LENGTH_MEASURE(2.E-2),#5);
#5174=PRESENTATION_STYLE_ASSIGNMENT((#5173));
#5175=STYLED_ITEM('',(#5174),#5172);
#5176=DIRECTION('',(-1.E0,0.E0,0.E0));
#5177=VECTOR('',#5176,1.5E0);
#5178=CARTESIAN_POINT('',(7.5E-1,-6.7E0,4.195E1));
#5179=LINE('',#5178,#5177);
#5180=CURVE_STYLE('',#20,POSITIVE_LENGTH_MEASURE(2.E-2),#5);
#5181=PRESENTATION_STYLE_ASSIGNMENT((#5180));
#5182=STYLED_ITEM('',(#5181),#5179);
#5183=DIRECTION('',(0.E0,-1.E0,0.E0));
#5184=VECTOR('',#5183,2.3E0);
#5185=CARTESIAN_POINT('',(7.5E-1,-6.7E0,4.195E1));
#5186=LINE('',#5185,#5184);
#5187=CURVE_STYLE('',#20,POSITIVE_LENGTH_MEASURE(2.E-2),#5);
#5188=PRESENTATION_STYLE_ASSIGNMENT((#5187));
#5189=STYLED_ITEM('',(#5188),#5186);
#5190=CARTESIAN_POINT('',(-1.1E1,-9.E0,3.8E1));
#5191=DIRECTION('',(0.E0,1.E0,0.E0));
#5192=DIRECTION('',(-1.E0,0.E0,0.E0));
#5193=AXIS2_PLACEMENT_3D('',#5190,#5191,#5192);
#5195=CURVE_STYLE('',#20,POSITIVE_LENGTH_MEASURE(2.E-2),#5);
#5196=PRESENTATION_STYLE_ASSIGNMENT((#5195));
#5197=STYLED_ITEM('',(#5196),#5194);
#5198=DIRECTION('',(0.E0,1.E0,0.E0));
#5199=VECTOR('',#5198,2.5E0);
#5200=CARTESIAN_POINT('',(-1.1E1,-9.E0,4.215E1));
#5201=LINE('',#5200,#5199);
#5202=CURVE_STYLE('',#20,POSITIVE_LENGTH_MEASURE(2.E-2),#5);
#5203=PRESENTATION_STYLE_ASSIGNMENT((#5202));
#5204=STYLED_ITEM('',(#5203),#5201);
#5205=DIRECTION('',(0.E0,-1.E0,0.E0));
#5206=VECTOR('',#5205,2.E0);
#5207=CARTESIAN_POINT('',(0.E0,-9.5E0,3.11E1));
#5208=LINE('',#5207,#5206);
#5209=CURVE_STYLE('',#20,POSITIVE_LENGTH_MEASURE(2.E-2),#5);
#5210=PRESENTATION_STYLE_ASSIGNMENT((#5209));
#5211=STYLED_ITEM('',(#5210),#5208);
#5212=DIRECTION('',(0.E0,-1.E0,0.E0));
#5213=VECTOR('',#5212,2.E0);
#5214=CARTESIAN_POINT('',(0.E0,-9.5E0,3.29E1));
#5215=LINE('',#5214,#5213);
#5216=CURVE_STYLE('',#20,POSITIVE_LENGTH_MEASURE(2.E-2),#5);
#5217=PRESENTATION_STYLE_ASSIGNMENT((#5216));
#5218=STYLED_ITEM('',(#5217),#5215);
#5219=DIRECTION('',(0.E0,-1.E0,0.E0));
#5220=VECTOR('',#5219,2.E0);
#5221=CARTESIAN_POINT('',(0.E0,-9.5E0,2.81E1));
#5222=LINE('',#5221,#5220);
#5223=CURVE_STYLE('',#20,POSITIVE_LENGTH_MEASURE(2.E-2),#5);
#5224=PRESENTATION_STYLE_ASSIGNMENT((#5223));
#5225=STYLED_ITEM('',(#5224),#5222);
#5226=DIRECTION('',(0.E0,-1.E0,0.E0));
#5227=VECTOR('',#5226,2.E0);
#5228=CARTESIAN_POINT('',(0.E0,-9.5E0,2.99E1));
#5229=LINE('',#5228,#5227);
#5230=CURVE_STYLE('',#20,POSITIVE_LENGTH_MEASURE(2.E-2),#5);
#5231=PRESENTATION_STYLE_ASSIGNMENT((#5230));
#5232=STYLED_ITEM('',(#5231),#5229);
#5233=DIRECTION('',(0.E0,-1.E0,0.E0));
#5234=VECTOR('',#5233,2.E0);
#5235=CARTESIAN_POINT('',(3.E0,-9.5E0,2.81E1));
#5236=LINE('',#5235,#5234);
#5237=CURVE_STYLE('',#20,POSITIVE_LENGTH_MEASURE(2.E-2),#5);
#5238=PRESENTATION_STYLE_ASSIGNMENT((#5237));
#5239=STYLED_ITEM('',(#5238),#5236);
#5240=DIRECTION('',(0.E0,-1.E0,0.E0));
#5241=VECTOR('',#5240,2.E0);
#5242=CARTESIAN_POINT('',(3.E0,-9.5E0,2.99E1));
#5243=LINE('',#5242,#5241);
#5244=CURVE_STYLE('',#20,POSITIVE_LENGTH_MEASURE(2.E-2),#5);
#5245=PRESENTATION_STYLE_ASSIGNMENT((#5244));
#5246=STYLED_ITEM('',(#5245),#5243);
#5247=DIRECTION('',(0.E0,-1.E0,0.E0));
#5248=VECTOR('',#5247,2.E0);
#5249=CARTESIAN_POINT('',(3.E0,-9.5E0,3.11E1));
#5250=LINE('',#5249,#5248);
#5251=CURVE_STYLE('',#20,POSITIVE_LENGTH_MEASURE(2.E-2),#5);
#5252=PRESENTATION_STYLE_ASSIGNMENT((#5251));
#5253=STYLED_ITEM('',(#5252),#5250);
#5254=DIRECTION('',(0.E0,-1.E0,0.E0));
#5255=VECTOR('',#5254,2.E0);
#5256=CARTESIAN_POINT('',(3.E0,-9.5E0,3.29E1));
#5257=LINE('',#5256,#5255);
#5258=CURVE_STYLE('',#20,POSITIVE_LENGTH_MEASURE(2.E-2),#5);
#5259=PRESENTATION_STYLE_ASSIGNMENT((#5258));
#5260=STYLED_ITEM('',(#5259),#5257);
#5261=DIRECTION('',(0.E0,-1.E0,0.E0));
#5262=VECTOR('',#5261,2.E0);
#5263=CARTESIAN_POINT('',(3.E0,-9.5E0,3.41E1));
#5264=LINE('',#5263,#5262);
#5265=CURVE_STYLE('',#20,POSITIVE_LENGTH_MEASURE(2.E-2),#5);
#5266=PRESENTATION_STYLE_ASSIGNMENT((#5265));
#5267=STYLED_ITEM('',(#5266),#5264);
#5268=DIRECTION('',(0.E0,-1.E0,0.E0));
#5269=VECTOR('',#5268,2.E0);
#5270=CARTESIAN_POINT('',(3.E0,-9.5E0,3.59E1));
#5271=LINE('',#5270,#5269);
#5272=CURVE_STYLE('',#20,POSITIVE_LENGTH_MEASURE(2.E-2),#5);
#5273=PRESENTATION_STYLE_ASSIGNMENT((#5272));
#5274=STYLED_ITEM('',(#5273),#5271);
#5275=DIRECTION('',(0.E0,-1.E0,0.E0));
#5276=VECTOR('',#5275,2.E0);
#5277=CARTESIAN_POINT('',(0.E0,-9.5E0,3.41E1));
#5278=LINE('',#5277,#5276);
#5279=CURVE_STYLE('',#20,POSITIVE_LENGTH_MEASURE(2.E-2),#5);
#5280=PRESENTATION_STYLE_ASSIGNMENT((#5279));
#5281=STYLED_ITEM('',(#5280),#5278);
#5282=DIRECTION('',(0.E0,-1.E0,0.E0));
#5283=VECTOR('',#5282,2.E0);
#5284=CARTESIAN_POINT('',(0.E0,-9.5E0,3.59E1));
#5285=LINE('',#5284,#5283);
#5286=CURVE_STYLE('',#20,POSITIVE_LENGTH_MEASURE(2.E-2),#5);
#5287=PRESENTATION_STYLE_ASSIGNMENT((#5286));
#5288=STYLED_ITEM('',(#5287),#5285);
#5289=DIRECTION('',(0.E0,-1.E0,0.E0));
#5290=VECTOR('',#5289,2.E0);
#5291=CARTESIAN_POINT('',(-3.E0,-9.5E0,3.41E1));
#5292=LINE('',#5291,#5290);
#5293=CURVE_STYLE('',#20,POSITIVE_LENGTH_MEASURE(2.E-2),#5);
#5294=PRESENTATION_STYLE_ASSIGNMENT((#5293));
#5295=STYLED_ITEM('',(#5294),#5292);
#5296=DIRECTION('',(0.E0,-1.E0,0.E0));
#5297=VECTOR('',#5296,2.E0);
#5298=CARTESIAN_POINT('',(-3.E0,-9.5E0,3.59E1));
#5299=LINE('',#5298,#5297);
#5300=CURVE_STYLE('',#20,POSITIVE_LENGTH_MEASURE(2.E-2),#5);
#5301=PRESENTATION_STYLE_ASSIGNMENT((#5300));
#5302=STYLED_ITEM('',(#5301),#5299);
#5303=DIRECTION('',(0.E0,-1.E0,0.E0));
#5304=VECTOR('',#5303,2.E0);
#5305=CARTESIAN_POINT('',(-3.E0,-9.5E0,3.11E1));
#5306=LINE('',#5305,#5304);
#5307=CURVE_STYLE('',#20,POSITIVE_LENGTH_MEASURE(2.E-2),#5);
#5308=PRESENTATION_STYLE_ASSIGNMENT((#5307));
#5309=STYLED_ITEM('',(#5308),#5306);
#5310=DIRECTION('',(0.E0,-1.E0,0.E0));
#5311=VECTOR('',#5310,2.E0);
#5312=CARTESIAN_POINT('',(-3.E0,-9.5E0,3.29E1));
#5313=LINE('',#5312,#5311);
#5314=CURVE_STYLE('',#20,POSITIVE_LENGTH_MEASURE(2.E-2),#5);
#5315=PRESENTATION_STYLE_ASSIGNMENT((#5314));
#5316=STYLED_ITEM('',(#5315),#5313);
#5317=DIRECTION('',(0.E0,-1.E0,0.E0));
#5318=VECTOR('',#5317,2.E0);
#5319=CARTESIAN_POINT('',(-3.E0,-9.5E0,2.81E1));
#5320=LINE('',#5319,#5318);
#5321=CURVE_STYLE('',#20,POSITIVE_LENGTH_MEASURE(2.E-2),#5);
#5322=PRESENTATION_STYLE_ASSIGNMENT((#5321));
#5323=STYLED_ITEM('',(#5322),#5320);
#5324=DIRECTION('',(0.E0,-1.E0,0.E0));
#5325=VECTOR('',#5324,2.E0);
#5326=CARTESIAN_POINT('',(-3.E0,-9.5E0,2.99E1));
#5327=LINE('',#5326,#5325);
#5328=CURVE_STYLE('',#20,POSITIVE_LENGTH_MEASURE(2.E-2),#5);
#5329=PRESENTATION_STYLE_ASSIGNMENT((#5328));
#5330=STYLED_ITEM('',(#5329),#5327);
#5331=DIRECTION('',(0.E0,-1.E0,0.E0));
#5332=VECTOR('',#5331,2.E0);
#5333=CARTESIAN_POINT('',(-3.E0,-9.5E0,2.51E1));
#5334=LINE('',#5333,#5332);
#5335=CURVE_STYLE('',#20,POSITIVE_LENGTH_MEASURE(2.E-2),#5);
#5336=PRESENTATION_STYLE_ASSIGNMENT((#5335));
#5337=STYLED_ITEM('',(#5336),#5334);
#5338=DIRECTION('',(0.E0,-1.E0,0.E0));
#5339=VECTOR('',#5338,2.E0);
#5340=CARTESIAN_POINT('',(-3.E0,-9.5E0,2.69E1));
#5341=LINE('',#5340,#5339);
#5342=CURVE_STYLE('',#20,POSITIVE_LENGTH_MEASURE(2.E-2),#5);
#5343=PRESENTATION_STYLE_ASSIGNMENT((#5342));
#5344=STYLED_ITEM('',(#5343),#5341);
#5345=DIRECTION('',(0.E0,-1.E0,0.E0));
#5346=VECTOR('',#5345,2.E0);
#5347=CARTESIAN_POINT('',(0.E0,-9.5E0,2.51E1));
#5348=LINE('',#5347,#5346);
#5349=CURVE_STYLE('',#20,POSITIVE_LENGTH_MEASURE(2.E-2),#5);
#5350=PRESENTATION_STYLE_ASSIGNMENT((#5349));
#5351=STYLED_ITEM('',(#5350),#5348);
#5352=DIRECTION('',(0.E0,-1.E0,0.E0));
#5353=VECTOR('',#5352,2.E0);
#5354=CARTESIAN_POINT('',(0.E0,-9.5E0,2.69E1));
#5355=LINE('',#5354,#5353);
#5356=CURVE_STYLE('',#20,POSITIVE_LENGTH_MEASURE(2.E-2),#5);
#5357=PRESENTATION_STYLE_ASSIGNMENT((#5356));
#5358=STYLED_ITEM('',(#5357),#5355);
#5359=DIRECTION('',(0.E0,-1.E0,0.E0));
#5360=VECTOR('',#5359,2.E0);
#5361=CARTESIAN_POINT('',(3.E0,-9.5E0,2.51E1));
#5362=LINE('',#5361,#5360);
#5363=CURVE_STYLE('',#20,POSITIVE_LENGTH_MEASURE(2.E-2),#5);
#5364=PRESENTATION_STYLE_ASSIGNMENT((#5363));
#5365=STYLED_ITEM('',(#5364),#5362);
#5366=DIRECTION('',(0.E0,-1.E0,0.E0));
#5367=VECTOR('',#5366,2.E0);
#5368=CARTESIAN_POINT('',(3.E0,-9.5E0,2.69E1));
#5369=LINE('',#5368,#5367);
#5370=CURVE_STYLE('',#20,POSITIVE_LENGTH_MEASURE(2.E-2),#5);
#5371=PRESENTATION_STYLE_ASSIGNMENT((#5370));
#5372=STYLED_ITEM('',(#5371),#5369);
#5373=DIRECTION('',(0.E0,-1.E0,0.E0));
#5374=VECTOR('',#5373,2.E0);
#5375=CARTESIAN_POINT('',(6.E0,-9.5E0,2.51E1));
#5376=LINE('',#5375,#5374);
#5377=CURVE_STYLE('',#20,POSITIVE_LENGTH_MEASURE(2.E-2),#5);
#5378=PRESENTATION_STYLE_ASSIGNMENT((#5377));
#5379=STYLED_ITEM('',(#5378),#5376);
#5380=DIRECTION('',(0.E0,-1.E0,0.E0));
#5381=VECTOR('',#5380,2.E0);
#5382=CARTESIAN_POINT('',(6.E0,-9.5E0,2.69E1));
#5383=LINE('',#5382,#5381);
#5384=CURVE_STYLE('',#20,POSITIVE_LENGTH_MEASURE(2.E-2),#5);
#5385=PRESENTATION_STYLE_ASSIGNMENT((#5384));
#5386=STYLED_ITEM('',(#5385),#5383);
#5387=DIRECTION('',(0.E0,-1.E0,0.E0));
#5388=VECTOR('',#5387,2.E0);
#5389=CARTESIAN_POINT('',(6.E0,-9.5E0,2.81E1));
#5390=LINE('',#5389,#5388);
#5391=CURVE_STYLE('',#20,POSITIVE_LENGTH_MEASURE(2.E-2),#5);
#5392=PRESENTATION_STYLE_ASSIGNMENT((#5391));
#5393=STYLED_ITEM('',(#5392),#5390);
#5394=DIRECTION('',(0.E0,-1.E0,0.E0));
#5395=VECTOR('',#5394,2.E0);
#5396=CARTESIAN_POINT('',(6.E0,-9.5E0,2.99E1));
#5397=LINE('',#5396,#5395);
#5398=CURVE_STYLE('',#20,POSITIVE_LENGTH_MEASURE(2.E-2),#5);
#5399=PRESENTATION_STYLE_ASSIGNMENT((#5398));
#5400=STYLED_ITEM('',(#5399),#5397);
#5401=DIRECTION('',(0.E0,-1.E0,0.E0));
#5402=VECTOR('',#5401,2.E0);
#5403=CARTESIAN_POINT('',(6.E0,-9.5E0,3.11E1));
#5404=LINE('',#5403,#5402);
#5405=CURVE_STYLE('',#20,POSITIVE_LENGTH_MEASURE(2.E-2),#5);
#5406=PRESENTATION_STYLE_ASSIGNMENT((#5405));
#5407=STYLED_ITEM('',(#5406),#5404);
#5408=DIRECTION('',(0.E0,-1.E0,0.E0));
#5409=VECTOR('',#5408,2.E0);
#5410=CARTESIAN_POINT('',(6.E0,-9.5E0,3.29E1));
#5411=LINE('',#5410,#5409);
#5412=CURVE_STYLE('',#20,POSITIVE_LENGTH_MEASURE(2.E-2),#5);
#5413=PRESENTATION_STYLE_ASSIGNMENT((#5412));
#5414=STYLED_ITEM('',(#5413),#5411);
#5415=DIRECTION('',(0.E0,-1.E0,0.E0));
#5416=VECTOR('',#5415,2.E0);
#5417=CARTESIAN_POINT('',(6.E0,-9.5E0,3.41E1));
#5418=LINE('',#5417,#5416);
#5419=CURVE_STYLE('',#20,POSITIVE_LENGTH_MEASURE(2.E-2),#5);
#5420=PRESENTATION_STYLE_ASSIGNMENT((#5419));
#5421=STYLED_ITEM('',(#5420),#5418);
#5422=DIRECTION('',(0.E0,-1.E0,0.E0));
#5423=VECTOR('',#5422,2.E0);
#5424=CARTESIAN_POINT('',(6.E0,-9.5E0,3.59E1));
#5425=LINE('',#5424,#5423);
#5426=CURVE_STYLE('',#20,POSITIVE_LENGTH_MEASURE(2.E-2),#5);
#5427=PRESENTATION_STYLE_ASSIGNMENT((#5426));
#5428=STYLED_ITEM('',(#5427),#5425);
#5429=DIRECTION('',(0.E0,-1.E0,0.E0));
#5430=VECTOR('',#5429,2.E0);
#5431=CARTESIAN_POINT('',(6.E0,-9.5E0,3.71E1));
#5432=LINE('',#5431,#5430);
#5433=CURVE_STYLE('',#20,POSITIVE_LENGTH_MEASURE(2.E-2),#5);
#5434=PRESENTATION_STYLE_ASSIGNMENT((#5433));
#5435=STYLED_ITEM('',(#5434),#5432);
#5436=DIRECTION('',(0.E0,-1.E0,0.E0));
#5437=VECTOR('',#5436,2.E0);
#5438=CARTESIAN_POINT('',(6.E0,-9.5E0,3.89E1));
#5439=LINE('',#5438,#5437);
#5440=CURVE_STYLE('',#20,POSITIVE_LENGTH_MEASURE(2.E-2),#5);
#5441=PRESENTATION_STYLE_ASSIGNMENT((#5440));
#5442=STYLED_ITEM('',(#5441),#5439);
#5443=DIRECTION('',(0.E0,-1.E0,0.E0));
#5444=VECTOR('',#5443,2.E0);
#5445=CARTESIAN_POINT('',(3.E0,-9.5E0,3.71E1));
#5446=LINE('',#5445,#5444);
#5447=CURVE_STYLE('',#20,POSITIVE_LENGTH_MEASURE(2.E-2),#5);
#5448=PRESENTATION_STYLE_ASSIGNMENT((#5447));
#5449=STYLED_ITEM('',(#5448),#5446);
#5450=DIRECTION('',(0.E0,-1.E0,0.E0));
#5451=VECTOR('',#5450,2.E0);
#5452=CARTESIAN_POINT('',(3.E0,-9.5E0,3.89E1));
#5453=LINE('',#5452,#5451);
#5454=CURVE_STYLE('',#20,POSITIVE_LENGTH_MEASURE(2.E-2),#5);
#5455=PRESENTATION_STYLE_ASSIGNMENT((#5454));
#5456=STYLED_ITEM('',(#5455),#5453);
#5457=DIRECTION('',(0.E0,-1.E0,0.E0));
#5458=VECTOR('',#5457,2.E0);
#5459=CARTESIAN_POINT('',(0.E0,-9.5E0,3.71E1));
#5460=LINE('',#5459,#5458);
#5461=CURVE_STYLE('',#20,POSITIVE_LENGTH_MEASURE(2.E-2),#5);
#5462=PRESENTATION_STYLE_ASSIGNMENT((#5461));
#5463=STYLED_ITEM('',(#5462),#5460);
#5464=DIRECTION('',(0.E0,-1.E0,0.E0));
#5465=VECTOR('',#5464,2.E0);
#5466=CARTESIAN_POINT('',(0.E0,-9.5E0,3.89E1));
#5467=LINE('',#5466,#5465);
#5468=CURVE_STYLE('',#20,POSITIVE_LENGTH_MEASURE(2.E-2),#5);
#5469=PRESENTATION_STYLE_ASSIGNMENT((#5468));
#5470=STYLED_ITEM('',(#5469),#5467);
#5471=DIRECTION('',(0.E0,-1.E0,0.E0));
#5472=VECTOR('',#5471,2.E0);
#5473=CARTESIAN_POINT('',(-3.E0,-9.5E0,3.71E1));
#5474=LINE('',#5473,#5472);
#5475=CURVE_STYLE('',#20,POSITIVE_LENGTH_MEASURE(2.E-2),#5);
#5476=PRESENTATION_STYLE_ASSIGNMENT((#5475));
#5477=STYLED_ITEM('',(#5476),#5474);
#5478=DIRECTION('',(0.E0,-1.E0,0.E0));
#5479=VECTOR('',#5478,2.E0);
#5480=CARTESIAN_POINT('',(-3.E0,-9.5E0,3.89E1));
#5481=LINE('',#5480,#5479);
#5482=CURVE_STYLE('',#20,POSITIVE_LENGTH_MEASURE(2.E-2),#5);
#5483=PRESENTATION_STYLE_ASSIGNMENT((#5482));
#5484=STYLED_ITEM('',(#5483),#5481);
#5485=DIRECTION('',(0.E0,-1.E0,0.E0));
#5486=VECTOR('',#5485,2.E0);
#5487=CARTESIAN_POINT('',(-6.E0,-9.5E0,3.71E1));
#5488=LINE('',#5487,#5486);
#5489=CURVE_STYLE('',#20,POSITIVE_LENGTH_MEASURE(2.E-2),#5);
#5490=PRESENTATION_STYLE_ASSIGNMENT((#5489));
#5491=STYLED_ITEM('',(#5490),#5488);
#5492=DIRECTION('',(0.E0,-1.E0,0.E0));
#5493=VECTOR('',#5492,2.E0);
#5494=CARTESIAN_POINT('',(-6.E0,-9.5E0,3.89E1));
#5495=LINE('',#5494,#5493);
#5496=CURVE_STYLE('',#20,POSITIVE_LENGTH_MEASURE(2.E-2),#5);
#5497=PRESENTATION_STYLE_ASSIGNMENT((#5496));
#5498=STYLED_ITEM('',(#5497),#5495);
#5499=DIRECTION('',(0.E0,-1.E0,0.E0));
#5500=VECTOR('',#5499,2.E0);
#5501=CARTESIAN_POINT('',(-6.E0,-9.5E0,3.41E1));
#5502=LINE('',#5501,#5500);
#5503=CURVE_STYLE('',#20,POSITIVE_LENGTH_MEASURE(2.E-2),#5);
#5504=PRESENTATION_STYLE_ASSIGNMENT((#5503));
#5505=STYLED_ITEM('',(#5504),#5502);
#5506=DIRECTION('',(0.E0,-1.E0,0.E0));
#5507=VECTOR('',#5506,2.E0);
#5508=CARTESIAN_POINT('',(-6.E0,-9.5E0,3.59E1));
#5509=LINE('',#5508,#5507);
#5510=CURVE_STYLE('',#20,POSITIVE_LENGTH_MEASURE(2.E-2),#5);
#5511=PRESENTATION_STYLE_ASSIGNMENT((#5510));
#5512=STYLED_ITEM('',(#5511),#5509);
#5513=DIRECTION('',(0.E0,-1.E0,0.E0));
#5514=VECTOR('',#5513,2.E0);
#5515=CARTESIAN_POINT('',(-6.E0,-9.5E0,3.11E1));
#5516=LINE('',#5515,#5514);
#5517=CURVE_STYLE('',#20,POSITIVE_LENGTH_MEASURE(2.E-2),#5);
#5518=PRESENTATION_STYLE_ASSIGNMENT((#5517));
#5519=STYLED_ITEM('',(#5518),#5516);
#5520=DIRECTION('',(0.E0,-1.E0,0.E0));
#5521=VECTOR('',#5520,2.E0);
#5522=CARTESIAN_POINT('',(-6.E0,-9.5E0,3.29E1));
#5523=LINE('',#5522,#5521);
#5524=CURVE_STYLE('',#20,POSITIVE_LENGTH_MEASURE(2.E-2),#5);
#5525=PRESENTATION_STYLE_ASSIGNMENT((#5524));
#5526=STYLED_ITEM('',(#5525),#5523);
#5527=DIRECTION('',(0.E0,-1.E0,0.E0));
#5528=VECTOR('',#5527,2.E0);
#5529=CARTESIAN_POINT('',(-6.E0,-9.5E0,2.81E1));
#5530=LINE('',#5529,#5528);
#5531=CURVE_STYLE('',#20,POSITIVE_LENGTH_MEASURE(2.E-2),#5);
#5532=PRESENTATION_STYLE_ASSIGNMENT((#5531));
#5533=STYLED_ITEM('',(#5532),#5530);
#5534=DIRECTION('',(0.E0,-1.E0,0.E0));
#5535=VECTOR('',#5534,2.E0);
#5536=CARTESIAN_POINT('',(-6.E0,-9.5E0,2.99E1));
#5537=LINE('',#5536,#5535);
#5538=CURVE_STYLE('',#20,POSITIVE_LENGTH_MEASURE(2.E-2),#5);
#5539=PRESENTATION_STYLE_ASSIGNMENT((#5538));
#5540=STYLED_ITEM('',(#5539),#5537);
#5541=DIRECTION('',(0.E0,-1.E0,0.E0));
#5542=VECTOR('',#5541,2.E0);
#5543=CARTESIAN_POINT('',(-6.E0,-9.5E0,2.51E1));
#5544=LINE('',#5543,#5542);
#5545=CURVE_STYLE('',#20,POSITIVE_LENGTH_MEASURE(2.E-2),#5);
#5546=PRESENTATION_STYLE_ASSIGNMENT((#5545));
#5547=STYLED_ITEM('',(#5546),#5544);
#5548=DIRECTION('',(0.E0,-1.E0,0.E0));
#5549=VECTOR('',#5548,2.E0);
#5550=CARTESIAN_POINT('',(-6.E0,-9.5E0,2.69E1));
#5551=LINE('',#5550,#5549);
#5552=CURVE_STYLE('',#20,POSITIVE_LENGTH_MEASURE(2.E-2),#5);
#5553=PRESENTATION_STYLE_ASSIGNMENT((#5552));
#5554=STYLED_ITEM('',(#5553),#5551);
#5555=DIRECTION('',(0.E0,-1.E0,0.E0));
#5556=VECTOR('',#5555,2.E0);
#5557=CARTESIAN_POINT('',(9.E0,-9.5E0,2.51E1));
#5558=LINE('',#5557,#5556);
#5559=CURVE_STYLE('',#20,POSITIVE_LENGTH_MEASURE(2.E-2),#5);
#5560=PRESENTATION_STYLE_ASSIGNMENT((#5559));
#5561=STYLED_ITEM('',(#5560),#5558);
#5562=DIRECTION('',(0.E0,-1.E0,0.E0));
#5563=VECTOR('',#5562,2.E0);
#5564=CARTESIAN_POINT('',(9.E0,-9.5E0,2.69E1));
#5565=LINE('',#5564,#5563);
#5566=CURVE_STYLE('',#20,POSITIVE_LENGTH_MEASURE(2.E-2),#5);
#5567=PRESENTATION_STYLE_ASSIGNMENT((#5566));
#5568=STYLED_ITEM('',(#5567),#5565);
#5569=DIRECTION('',(0.E0,-1.E0,0.E0));
#5570=VECTOR('',#5569,2.E0);
#5571=CARTESIAN_POINT('',(9.E0,-9.5E0,2.81E1));
#5572=LINE('',#5571,#5570);
#5573=CURVE_STYLE('',#20,POSITIVE_LENGTH_MEASURE(2.E-2),#5);
#5574=PRESENTATION_STYLE_ASSIGNMENT((#5573));
#5575=STYLED_ITEM('',(#5574),#5572);
#5576=DIRECTION('',(0.E0,-1.E0,0.E0));
#5577=VECTOR('',#5576,2.E0);
#5578=CARTESIAN_POINT('',(9.E0,-9.5E0,2.99E1));
#5579=LINE('',#5578,#5577);
#5580=CURVE_STYLE('',#20,POSITIVE_LENGTH_MEASURE(2.E-2),#5);
#5581=PRESENTATION_STYLE_ASSIGNMENT((#5580));
#5582=STYLED_ITEM('',(#5581),#5579);
#5583=DIRECTION('',(0.E0,-1.E0,0.E0));
#5584=VECTOR('',#5583,2.E0);
#5585=CARTESIAN_POINT('',(9.E0,-9.5E0,3.11E1));
#5586=LINE('',#5585,#5584);
#5587=CURVE_STYLE('',#20,POSITIVE_LENGTH_MEASURE(2.E-2),#5);
#5588=PRESENTATION_STYLE_ASSIGNMENT((#5587));
#5589=STYLED_ITEM('',(#5588),#5586);
#5590=DIRECTION('',(0.E0,-1.E0,0.E0));
#5591=VECTOR('',#5590,2.E0);
#5592=CARTESIAN_POINT('',(9.E0,-9.5E0,3.29E1));
#5593=LINE('',#5592,#5591);
#5594=CURVE_STYLE('',#20,POSITIVE_LENGTH_MEASURE(2.E-2),#5);
#5595=PRESENTATION_STYLE_ASSIGNMENT((#5594));
#5596=STYLED_ITEM('',(#5595),#5593);
#5597=DIRECTION('',(0.E0,-1.E0,0.E0));
#5598=VECTOR('',#5597,2.E0);
#5599=CARTESIAN_POINT('',(9.E0,-9.5E0,3.41E1));
#5600=LINE('',#5599,#5598);
#5601=CURVE_STYLE('',#20,POSITIVE_LENGTH_MEASURE(2.E-2),#5);
#5602=PRESENTATION_STYLE_ASSIGNMENT((#5601));
#5603=STYLED_ITEM('',(#5602),#5600);
#5604=DIRECTION('',(0.E0,-1.E0,0.E0));
#5605=VECTOR('',#5604,2.E0);
#5606=CARTESIAN_POINT('',(9.E0,-9.5E0,3.59E1));
#5607=LINE('',#5606,#5605);
#5608=CURVE_STYLE('',#20,POSITIVE_LENGTH_MEASURE(2.E-2),#5);
#5609=PRESENTATION_STYLE_ASSIGNMENT((#5608));
#5610=STYLED_ITEM('',(#5609),#5607);
#5611=DIRECTION('',(0.E0,-1.E0,0.E0));
#5612=VECTOR('',#5611,2.E0);
#5613=CARTESIAN_POINT('',(9.E0,-9.5E0,3.71E1));
#5614=LINE('',#5613,#5612);
#5615=CURVE_STYLE('',#20,POSITIVE_LENGTH_MEASURE(2.E-2),#5);
#5616=PRESENTATION_STYLE_ASSIGNMENT((#5615));
#5617=STYLED_ITEM('',(#5616),#5614);
#5618=DIRECTION('',(0.E0,-1.E0,0.E0));
#5619=VECTOR('',#5618,2.E0);
#5620=CARTESIAN_POINT('',(9.E0,-9.5E0,3.89E1));
#5621=LINE('',#5620,#5619);
#5622=CURVE_STYLE('',#20,POSITIVE_LENGTH_MEASURE(2.E-2),#5);
#5623=PRESENTATION_STYLE_ASSIGNMENT((#5622));
#5624=STYLED_ITEM('',(#5623),#5621);
#5625=DIRECTION('',(0.E0,-1.E0,0.E0));
#5626=VECTOR('',#5625,2.E0);
#5627=CARTESIAN_POINT('',(-9.E0,-9.5E0,3.71E1));
#5628=LINE('',#5627,#5626);
#5629=CURVE_STYLE('',#20,POSITIVE_LENGTH_MEASURE(2.E-2),#5);
#5630=PRESENTATION_STYLE_ASSIGNMENT((#5629));
#5631=STYLED_ITEM('',(#5630),#5628);
#5632=DIRECTION('',(0.E0,-1.E0,0.E0));
#5633=VECTOR('',#5632,2.E0);
#5634=CARTESIAN_POINT('',(-9.E0,-9.5E0,3.89E1));
#5635=LINE('',#5634,#5633);
#5636=CURVE_STYLE('',#20,POSITIVE_LENGTH_MEASURE(2.E-2),#5);
#5637=PRESENTATION_STYLE_ASSIGNMENT((#5636));
#5638=STYLED_ITEM('',(#5637),#5635);
#5639=DIRECTION('',(0.E0,-1.E0,0.E0));
#5640=VECTOR('',#5639,2.E0);
#5641=CARTESIAN_POINT('',(-9.E0,-9.5E0,3.41E1));
#5642=LINE('',#5641,#5640);
#5643=CURVE_STYLE('',#20,POSITIVE_LENGTH_MEASURE(2.E-2),#5);
#5644=PRESENTATION_STYLE_ASSIGNMENT((#5643));
#5645=STYLED_ITEM('',(#5644),#5642);
#5646=DIRECTION('',(0.E0,-1.E0,0.E0));
#5647=VECTOR('',#5646,2.E0);
#5648=CARTESIAN_POINT('',(-9.E0,-9.5E0,3.59E1));
#5649=LINE('',#5648,#5647);
#5650=CURVE_STYLE('',#20,POSITIVE_LENGTH_MEASURE(2.E-2),#5);
#5651=PRESENTATION_STYLE_ASSIGNMENT((#5650));
#5652=STYLED_ITEM('',(#5651),#5649);
#5653=DIRECTION('',(0.E0,-1.E0,0.E0));
#5654=VECTOR('',#5653,2.E0);
#5655=CARTESIAN_POINT('',(-9.E0,-9.5E0,3.11E1));
#5656=LINE('',#5655,#5654);
#5657=CURVE_STYLE('',#20,POSITIVE_LENGTH_MEASURE(2.E-2),#5);
#5658=PRESENTATION_STYLE_ASSIGNMENT((#5657));
#5659=STYLED_ITEM('',(#5658),#5656);
#5660=DIRECTION('',(0.E0,-1.E0,0.E0));
#5661=VECTOR('',#5660,2.E0);
#5662=CARTESIAN_POINT('',(-9.E0,-9.5E0,3.29E1));
#5663=LINE('',#5662,#5661);
#5664=CURVE_STYLE('',#20,POSITIVE_LENGTH_MEASURE(2.E-2),#5);
#5665=PRESENTATION_STYLE_ASSIGNMENT((#5664));
#5666=STYLED_ITEM('',(#5665),#5663);
#5667=DIRECTION('',(0.E0,-1.E0,0.E0));
#5668=VECTOR('',#5667,2.E0);
#5669=CARTESIAN_POINT('',(-9.E0,-9.5E0,2.81E1));
#5670=LINE('',#5669,#5668);
#5671=CURVE_STYLE('',#20,POSITIVE_LENGTH_MEASURE(2.E-2),#5);
#5672=PRESENTATION_STYLE_ASSIGNMENT((#5671));
#5673=STYLED_ITEM('',(#5672),#5670);
#5674=DIRECTION('',(0.E0,-1.E0,0.E0));
#5675=VECTOR('',#5674,2.E0);
#5676=CARTESIAN_POINT('',(-9.E0,-9.5E0,2.99E1));
#5677=LINE('',#5676,#5675);
#5678=CURVE_STYLE('',#20,POSITIVE_LENGTH_MEASURE(2.E-2),#5);
#5679=PRESENTATION_STYLE_ASSIGNMENT((#5678));
#5680=STYLED_ITEM('',(#5679),#5677);
#5681=DIRECTION('',(0.E0,-1.E0,0.E0));
#5682=VECTOR('',#5681,2.E0);
#5683=CARTESIAN_POINT('',(-9.E0,-9.5E0,2.51E1));
#5684=LINE('',#5683,#5682);
#5685=CURVE_STYLE('',#20,POSITIVE_LENGTH_MEASURE(2.E-2),#5);
#5686=PRESENTATION_STYLE_ASSIGNMENT((#5685));
#5687=STYLED_ITEM('',(#5686),#5684);
#5688=DIRECTION('',(0.E0,-1.E0,0.E0));
#5689=VECTOR('',#5688,2.E0);
#5690=CARTESIAN_POINT('',(-9.E0,-9.5E0,2.69E1));
#5691=LINE('',#5690,#5689);
#5692=CURVE_STYLE('',#20,POSITIVE_LENGTH_MEASURE(2.E-2),#5);
#5693=PRESENTATION_STYLE_ASSIGNMENT((#5692));
#5694=STYLED_ITEM('',(#5693),#5691);
#5695=DIRECTION('',(0.E0,-1.E0,0.E0));
#5696=VECTOR('',#5695,2.E0);
#5697=CARTESIAN_POINT('',(1.2E1,-9.5E0,3.11E1));
#5698=LINE('',#5697,#5696);
#5699=CURVE_STYLE('',#20,POSITIVE_LENGTH_MEASURE(2.E-2),#5);
#5700=PRESENTATION_STYLE_ASSIGNMENT((#5699));
#5701=STYLED_ITEM('',(#5700),#5698);
#5702=DIRECTION('',(0.E0,-1.E0,0.E0));
#5703=VECTOR('',#5702,2.E0);
#5704=CARTESIAN_POINT('',(1.2E1,-9.5E0,3.29E1));
#5705=LINE('',#5704,#5703);
#5706=CURVE_STYLE('',#20,POSITIVE_LENGTH_MEASURE(2.E-2),#5);
#5707=PRESENTATION_STYLE_ASSIGNMENT((#5706));
#5708=STYLED_ITEM('',(#5707),#5705);
#5709=DIRECTION('',(0.E0,-1.E0,0.E0));
#5710=VECTOR('',#5709,2.E0);
#5711=CARTESIAN_POINT('',(-1.2E1,-9.5E0,3.11E1));
#5712=LINE('',#5711,#5710);
#5713=CURVE_STYLE('',#20,POSITIVE_LENGTH_MEASURE(2.E-2),#5);
#5714=PRESENTATION_STYLE_ASSIGNMENT((#5713));
#5715=STYLED_ITEM('',(#5714),#5712);
#5716=DIRECTION('',(0.E0,-1.E0,0.E0));
#5717=VECTOR('',#5716,2.E0);
#5718=CARTESIAN_POINT('',(-1.2E1,-9.5E0,3.29E1));
#5719=LINE('',#5718,#5717);
#5720=CURVE_STYLE('',#20,POSITIVE_LENGTH_MEASURE(2.E-2),#5);
#5721=PRESENTATION_STYLE_ASSIGNMENT((#5720));
#5722=STYLED_ITEM('',(#5721),#5719);
#5723=CARTESIAN_POINT('',(-2.4E1,-3.E0,-4.2E1));
#5724=DIRECTION('',(0.E0,1.E0,0.E0));
#5725=DIRECTION('',(-1.E0,0.E0,0.E0));
#5726=AXIS2_PLACEMENT_3D('',#5723,#5724,#5725);
#5728=CURVE_STYLE('',#20,POSITIVE_LENGTH_MEASURE(2.E-2),#5);
#5729=PRESENTATION_STYLE_ASSIGNMENT((#5728));
#5730=STYLED_ITEM('',(#5729),#5727);
#5731=DIRECTION('',(0.E0,1.E0,0.E0));
#5732=VECTOR('',#5731,1.3E0);
#5733=CARTESIAN_POINT('',(-2.74E1,-3.E0,-4.2E1));
#5734=LINE('',#5733,#5732);
#5735=CURVE_STYLE('',#20,POSITIVE_LENGTH_MEASURE(2.E-2),#5);
#5736=PRESENTATION_STYLE_ASSIGNMENT((#5735));
#5737=STYLED_ITEM('',(#5736),#5734);
#5738=DIRECTION('',(0.E0,1.E0,0.E0));
#5739=VECTOR('',#5738,6.5E0);
#5740=CARTESIAN_POINT('',(-2.724961536185E1,-9.5E0,-4.1E1));
#5741=LINE('',#5740,#5739);
#5742=CURVE_STYLE('',#20,POSITIVE_LENGTH_MEASURE(2.E-2),#5);
#5743=PRESENTATION_STYLE_ASSIGNMENT((#5742));
#5744=STYLED_ITEM('',(#5743),#5741);
#5745=CARTESIAN_POINT('',(-2.4E1,-3.E0,-4.2E1));
#5746=DIRECTION('',(0.E0,1.E0,0.E0));
#5747=DIRECTION('',(2.941176470588E-1,0.E0,-9.557692240748E-1));
#5748=AXIS2_PLACEMENT_3D('',#5745,#5746,#5747);
#5750=CURVE_STYLE('',#20,POSITIVE_LENGTH_MEASURE(2.E-2),#5);
#5751=PRESENTATION_STYLE_ASSIGNMENT((#5750));
#5752=STYLED_ITEM('',(#5751),#5749);
#5753=DIRECTION('',(0.E0,1.E0,0.E0));
#5754=VECTOR('',#5753,6.5E0);
#5755=CARTESIAN_POINT('',(-2.3E1,-9.5E0,-4.524961536185E1));
#5756=LINE('',#5755,#5754);
#5757=CURVE_STYLE('',#20,POSITIVE_LENGTH_MEASURE(2.E-2),#5);
#5758=PRESENTATION_STYLE_ASSIGNMENT((#5757));
#5759=STYLED_ITEM('',(#5758),#5756);
#5760=DIRECTION('',(0.E0,1.E0,0.E0));
#5761=VECTOR('',#5760,7.8E0);
#5762=CARTESIAN_POINT('',(-2.06E1,-9.5E0,-4.2E1));
#5763=LINE('',#5762,#5761);
#5764=CURVE_STYLE('',#20,POSITIVE_LENGTH_MEASURE(2.E-2),#5);
#5765=PRESENTATION_STYLE_ASSIGNMENT((#5764));
#5766=STYLED_ITEM('',(#5765),#5763);
#5767=CARTESIAN_POINT('',(-2.4E1,-3.E0,-4.2E1));
#5768=DIRECTION('',(0.E0,1.E0,0.E0));
#5769=DIRECTION('',(-9.557692240748E-1,0.E0,-2.941176470588E-1));
#5770=AXIS2_PLACEMENT_3D('',#5767,#5768,#5769);
#5772=CURVE_STYLE('',#20,POSITIVE_LENGTH_MEASURE(2.E-2),#5);
#5773=PRESENTATION_STYLE_ASSIGNMENT((#5772));
#5774=STYLED_ITEM('',(#5773),#5771);
#5775=DIRECTION('',(0.E0,1.E0,0.E0));
#5776=VECTOR('',#5775,6.5E0);
#5777=CARTESIAN_POINT('',(-2.724961536185E1,-9.5E0,-4.3E1));
#5778=LINE('',#5777,#5776);
#5779=CURVE_STYLE('',#20,POSITIVE_LENGTH_MEASURE(2.E-2),#5);
#5780=PRESENTATION_STYLE_ASSIGNMENT((#5779));
#5781=STYLED_ITEM('',(#5780),#5778);
#5782=DIRECTION('',(0.E0,1.E0,0.E0));
#5783=VECTOR('',#5782,6.5E0);
#5784=CARTESIAN_POINT('',(-2.5E1,-9.5E0,-4.524961536185E1));
#5785=LINE('',#5784,#5783);
#5786=CURVE_STYLE('',#20,POSITIVE_LENGTH_MEASURE(2.E-2),#5);
#5787=PRESENTATION_STYLE_ASSIGNMENT((#5786));
#5788=STYLED_ITEM('',(#5787),#5785);
#5789=DIRECTION('',(0.E0,1.E0,0.E0));
#5790=VECTOR('',#5789,6.5E0);
#5791=CARTESIAN_POINT('',(-2.3E1,-9.5E0,-4.55E1));
#5792=LINE('',#5791,#5790);
#5793=CURVE_STYLE('',#20,POSITIVE_LENGTH_MEASURE(2.E-2),#5);
#5794=PRESENTATION_STYLE_ASSIGNMENT((#5793));
#5795=STYLED_ITEM('',(#5794),#5792);
#5796=DIRECTION('',(-1.E0,0.E0,0.E0));
#5797=VECTOR('',#5796,4.6E1);
#5798=CARTESIAN_POINT('',(2.3E1,-3.E0,-4.55E1));
#5799=LINE('',#5798,#5797);
#5800=CURVE_STYLE('',#20,POSITIVE_LENGTH_MEASURE(2.E-2),#5);
#5801=PRESENTATION_STYLE_ASSIGNMENT((#5800));
#5802=STYLED_ITEM('',(#5801),#5799);
#5803=DIRECTION('',(0.E0,1.E0,0.E0));
#5804=VECTOR('',#5803,6.5E0);
#5805=CARTESIAN_POINT('',(2.3E1,-9.5E0,-4.55E1));
#5806=LINE('',#5805,#5804);
#5807=CURVE_STYLE('',#20,POSITIVE_LENGTH_MEASURE(2.E-2),#5);
#5808=PRESENTATION_STYLE_ASSIGNMENT((#5807));
#5809=STYLED_ITEM('',(#5808),#5806);
#5810=DIRECTION('',(0.E0,1.E0,0.E0));
#5811=VECTOR('',#5810,6.5E0);
#5812=CARTESIAN_POINT('',(-2.5E1,-9.5E0,-4.55E1));
#5813=LINE('',#5812,#5811);
#5814=CURVE_STYLE('',#20,POSITIVE_LENGTH_MEASURE(2.E-2),#5);
#5815=PRESENTATION_STYLE_ASSIGNMENT((#5814));
#5816=STYLED_ITEM('',(#5815),#5813);
#5817=DIRECTION('',(-1.E0,0.E0,0.E0));
#5818=VECTOR('',#5817,2.E0);
#5819=CARTESIAN_POINT('',(-2.5E1,-3.E0,-4.55E1));
#5820=LINE('',#5819,#5818);
#5821=CURVE_STYLE('',#20,POSITIVE_LENGTH_MEASURE(2.E-2),#5);
#5822=PRESENTATION_STYLE_ASSIGNMENT((#5821));
#5823=STYLED_ITEM('',(#5822),#5820);
#5824=DIRECTION('',(0.E0,1.E0,0.E0));
#5825=VECTOR('',#5824,6.5E0);
#5826=CARTESIAN_POINT('',(2.5E1,-9.5E0,-4.55E1));
#5827=LINE('',#5826,#5825);
#5828=CURVE_STYLE('',#20,POSITIVE_LENGTH_MEASURE(2.E-2),#5);
#5829=PRESENTATION_STYLE_ASSIGNMENT((#5828));
#5830=STYLED_ITEM('',(#5829),#5827);
#5831=DIRECTION('',(-1.E0,0.E0,0.E0));
#5832=VECTOR('',#5831,2.E0);
#5833=CARTESIAN_POINT('',(2.7E1,-3.E0,-4.55E1));
#5834=LINE('',#5833,#5832);
#5835=CURVE_STYLE('',#20,POSITIVE_LENGTH_MEASURE(2.E-2),#5);
#5836=PRESENTATION_STYLE_ASSIGNMENT((#5835));
#5837=STYLED_ITEM('',(#5836),#5834);
#5838=DIRECTION('',(0.E0,-1.E0,0.E0));
#5839=VECTOR('',#5838,6.5E0);
#5840=CARTESIAN_POINT('',(2.7E1,-3.E0,-4.55E1));
#5841=LINE('',#5840,#5839);
#5842=CURVE_STYLE('',#20,POSITIVE_LENGTH_MEASURE(2.E-2),#5);
#5843=PRESENTATION_STYLE_ASSIGNMENT((#5842));
#5844=STYLED_ITEM('',(#5843),#5841);
#5845=CARTESIAN_POINT('',(2.4E1,-3.E0,-4.2E1));
#5846=DIRECTION('',(0.E0,1.E0,0.E0));
#5847=DIRECTION('',(1.E0,0.E0,0.E0));
#5848=AXIS2_PLACEMENT_3D('',#5845,#5846,#5847);
#5850=CURVE_STYLE('',#20,POSITIVE_LENGTH_MEASURE(2.E-2),#5);
#5851=PRESENTATION_STYLE_ASSIGNMENT((#5850));
#5852=STYLED_ITEM('',(#5851),#5849);
#5853=DIRECTION('',(0.E0,1.E0,0.E0));
#5854=VECTOR('',#5853,1.3E0);
#5855=CARTESIAN_POINT('',(2.74E1,-3.E0,-4.2E1));
#5856=LINE('',#5855,#5854);
#5857=CURVE_STYLE('',#20,POSITIVE_LENGTH_MEASURE(2.E-2),#5);
#5858=PRESENTATION_STYLE_ASSIGNMENT((#5857));
#5859=STYLED_ITEM('',(#5858),#5856);
#5860=DIRECTION('',(0.E0,1.E0,0.E0));
#5861=VECTOR('',#5860,6.5E0);
#5862=CARTESIAN_POINT('',(2.3E1,-9.5E0,-4.524961536185E1));
#5863=LINE('',#5862,#5861);
#5864=CURVE_STYLE('',#20,POSITIVE_LENGTH_MEASURE(2.E-2),#5);
#5865=PRESENTATION_STYLE_ASSIGNMENT((#5864));
#5866=STYLED_ITEM('',(#5865),#5863);
#5867=CARTESIAN_POINT('',(2.4E1,-3.E0,-4.2E1));
#5868=DIRECTION('',(0.E0,1.E0,0.E0));
#5869=DIRECTION('',(2.941176470588E-1,0.E0,-9.557692240748E-1));
#5870=AXIS2_PLACEMENT_3D('',#5867,#5868,#5869);
#5872=CURVE_STYLE('',#20,POSITIVE_LENGTH_MEASURE(2.E-2),#5);
#5873=PRESENTATION_STYLE_ASSIGNMENT((#5872));
#5874=STYLED_ITEM('',(#5873),#5871);
#5875=DIRECTION('',(0.E0,1.E0,0.E0));
#5876=VECTOR('',#5875,6.5E0);
#5877=CARTESIAN_POINT('',(2.5E1,-9.5E0,-4.524961536185E1));
#5878=LINE('',#5877,#5876);
#5879=CURVE_STYLE('',#20,POSITIVE_LENGTH_MEASURE(2.E-2),#5);
#5880=PRESENTATION_STYLE_ASSIGNMENT((#5879));
#5881=STYLED_ITEM('',(#5880),#5878);
#5882=DIRECTION('',(0.E0,1.E0,0.E0));
#5883=VECTOR('',#5882,6.5E0);
#5884=CARTESIAN_POINT('',(2.724961536185E1,-9.5E0,-4.3E1));
#5885=LINE('',#5884,#5883);
#5886=CURVE_STYLE('',#20,POSITIVE_LENGTH_MEASURE(2.E-2),#5);
#5887=PRESENTATION_STYLE_ASSIGNMENT((#5886));
#5888=STYLED_ITEM('',(#5887),#5885);
#5889=CARTESIAN_POINT('',(2.4E1,-3.E0,-4.2E1));
#5890=DIRECTION('',(0.E0,1.E0,0.E0));
#5891=DIRECTION('',(9.557692240748E-1,0.E0,2.941176470588E-1));
#5892=AXIS2_PLACEMENT_3D('',#5889,#5890,#5891);
#5894=CURVE_STYLE('',#20,POSITIVE_LENGTH_MEASURE(2.E-2),#5);
#5895=PRESENTATION_STYLE_ASSIGNMENT((#5894));
#5896=STYLED_ITEM('',(#5895),#5893);
#5897=DIRECTION('',(0.E0,1.E0,0.E0));
#5898=VECTOR('',#5897,6.5E0);
#5899=CARTESIAN_POINT('',(2.724961536185E1,-9.5E0,-4.1E1));
#5900=LINE('',#5899,#5898);
#5901=CURVE_STYLE('',#20,POSITIVE_LENGTH_MEASURE(2.E-2),#5);
#5902=PRESENTATION_STYLE_ASSIGNMENT((#5901));
#5903=STYLED_ITEM('',(#5902),#5900);
#5904=DIRECTION('',(0.E0,1.E0,0.E0));
#5905=VECTOR('',#5904,7.8E0);
#5906=CARTESIAN_POINT('',(2.06E1,-9.5E0,-4.2E1));
#5907=LINE('',#5906,#5905);
#5908=CURVE_STYLE('',#20,POSITIVE_LENGTH_MEASURE(2.E-2),#5);
#5909=PRESENTATION_STYLE_ASSIGNMENT((#5908));
#5910=STYLED_ITEM('',(#5909),#5907);
#5911=DIRECTION('',(0.E0,1.E0,0.E0));
#5912=VECTOR('',#5911,6.5E0);
#5913=CARTESIAN_POINT('',(2.75E1,-9.5E0,4.3E1));
#5914=LINE('',#5913,#5912);
#5915=CURVE_STYLE('',#20,POSITIVE_LENGTH_MEASURE(2.E-2),#5);
#5916=PRESENTATION_STYLE_ASSIGNMENT((#5915));
#5917=STYLED_ITEM('',(#5916),#5914);
#5918=DIRECTION('',(0.E0,0.E0,-1.E0));
#5919=VECTOR('',#5918,2.E0);
#5920=CARTESIAN_POINT('',(2.75E1,-3.E0,4.5E1));
#5921=LINE('',#5920,#5919);
#5922=CURVE_STYLE('',#20,POSITIVE_LENGTH_MEASURE(2.E-2),#5);
#5923=PRESENTATION_STYLE_ASSIGNMENT((#5922));
#5924=STYLED_ITEM('',(#5923),#5921);
#5925=DIRECTION('',(0.E0,-1.E0,0.E0));
#5926=VECTOR('',#5925,6.5E0);
#5927=CARTESIAN_POINT('',(2.75E1,-3.E0,4.5E1));
#5928=LINE('',#5927,#5926);
#5929=CURVE_STYLE('',#20,POSITIVE_LENGTH_MEASURE(2.E-2),#5);
#5930=PRESENTATION_STYLE_ASSIGNMENT((#5929));
#5931=STYLED_ITEM('',(#5930),#5928);
#5932=DIRECTION('',(0.E0,1.E0,0.E0));
#5933=VECTOR('',#5932,6.5E0);
#5934=CARTESIAN_POINT('',(2.75E1,-9.5E0,4.1E1));
#5935=LINE('',#5934,#5933);
#5936=CURVE_STYLE('',#20,POSITIVE_LENGTH_MEASURE(2.E-2),#5);
#5937=PRESENTATION_STYLE_ASSIGNMENT((#5936));
#5938=STYLED_ITEM('',(#5937),#5935);
#5939=DIRECTION('',(0.E0,1.E0,0.E0));
#5940=VECTOR('',#5939,6.5E0);
#5941=CARTESIAN_POINT('',(2.75E1,-9.5E0,-4.1E1));
#5942=LINE('',#5941,#5940);
#5943=CURVE_STYLE('',#20,POSITIVE_LENGTH_MEASURE(2.E-2),#5);
#5944=PRESENTATION_STYLE_ASSIGNMENT((#5943));
#5945=STYLED_ITEM('',(#5944),#5942);
#5946=DIRECTION('',(0.E0,0.E0,-1.E0));
#5947=VECTOR('',#5946,8.2E1);
#5948=CARTESIAN_POINT('',(2.75E1,-3.E0,4.1E1));
#5949=LINE('',#5948,#5947);
#5950=CURVE_STYLE('',#20,POSITIVE_LENGTH_MEASURE(2.E-2),#5);
#5951=PRESENTATION_STYLE_ASSIGNMENT((#5950));
#5952=STYLED_ITEM('',(#5951),#5949);
#5953=DIRECTION('',(0.E0,1.E0,0.E0));
#5954=VECTOR('',#5953,6.5E0);
#5955=CARTESIAN_POINT('',(2.75E1,-9.5E0,-4.3E1));
#5956=LINE('',#5955,#5954);
#5957=CURVE_STYLE('',#20,POSITIVE_LENGTH_MEASURE(2.E-2),#5);
#5958=PRESENTATION_STYLE_ASSIGNMENT((#5957));
#5959=STYLED_ITEM('',(#5958),#5956);
#5960=DIRECTION('',(0.E0,0.E0,-1.E0));
#5961=VECTOR('',#5960,2.E0);
#5962=CARTESIAN_POINT('',(2.75E1,-3.E0,-4.3E1));
#5963=LINE('',#5962,#5961);
#5964=CURVE_STYLE('',#20,POSITIVE_LENGTH_MEASURE(2.E-2),#5);
#5965=PRESENTATION_STYLE_ASSIGNMENT((#5964));
#5966=STYLED_ITEM('',(#5965),#5963);
#5967=CARTESIAN_POINT('',(2.4E1,-3.E0,4.2E1));
#5968=DIRECTION('',(0.E0,1.E0,0.E0));
#5969=DIRECTION('',(-2.941176470588E-1,0.E0,9.557692240748E-1));
#5970=AXIS2_PLACEMENT_3D('',#5967,#5968,#5969);
#5972=CURVE_STYLE('',#20,POSITIVE_LENGTH_MEASURE(2.E-2),#5);
#5973=PRESENTATION_STYLE_ASSIGNMENT((#5972));
#5974=STYLED_ITEM('',(#5973),#5971);
#5975=DIRECTION('',(0.E0,1.E0,0.E0));
#5976=VECTOR('',#5975,6.5E0);
#5977=CARTESIAN_POINT('',(2.3E1,-9.5E0,4.524961536185E1));
#5978=LINE('',#5977,#5976);
#5979=CURVE_STYLE('',#20,POSITIVE_LENGTH_MEASURE(2.E-2),#5);
#5980=PRESENTATION_STYLE_ASSIGNMENT((#5979));
#5981=STYLED_ITEM('',(#5980),#5978);
#5982=DIRECTION('',(0.E0,1.E0,0.E0));
#5983=VECTOR('',#5982,7.8E0);
#5984=CARTESIAN_POINT('',(2.06E1,-9.5E0,4.2E1));
#5985=LINE('',#5984,#5983);
#5986=CURVE_STYLE('',#20,POSITIVE_LENGTH_MEASURE(2.E-2),#5);
#5987=PRESENTATION_STYLE_ASSIGNMENT((#5986));
#5988=STYLED_ITEM('',(#5987),#5985);
#5989=CARTESIAN_POINT('',(2.4E1,-3.E0,4.2E1));
#5990=DIRECTION('',(0.E0,1.E0,0.E0));
#5991=DIRECTION('',(9.557692240748E-1,0.E0,2.941176470588E-1));
#5992=AXIS2_PLACEMENT_3D('',#5989,#5990,#5991);
#5994=CURVE_STYLE('',#20,POSITIVE_LENGTH_MEASURE(2.E-2),#5);
#5995=PRESENTATION_STYLE_ASSIGNMENT((#5994));
#5996=STYLED_ITEM('',(#5995),#5993);
#5997=DIRECTION('',(0.E0,1.E0,0.E0));
#5998=VECTOR('',#5997,6.5E0);
#5999=CARTESIAN_POINT('',(2.724961536185E1,-9.5E0,4.3E1));
#6000=LINE('',#5999,#5998);
#6001=CURVE_STYLE('',#20,POSITIVE_LENGTH_MEASURE(2.E-2),#5);
#6002=PRESENTATION_STYLE_ASSIGNMENT((#6001));
#6003=STYLED_ITEM('',(#6002),#6000);
#6004=DIRECTION('',(0.E0,1.E0,0.E0));
#6005=VECTOR('',#6004,6.5E0);
#6006=CARTESIAN_POINT('',(2.5E1,-9.5E0,4.524961536185E1));
#6007=LINE('',#6006,#6005);
#6008=CURVE_STYLE('',#20,POSITIVE_LENGTH_MEASURE(2.E-2),#5);
#6009=PRESENTATION_STYLE_ASSIGNMENT((#6008));
#6010=STYLED_ITEM('',(#6009),#6007);
#6011=DIRECTION('',(0.E0,1.E0,0.E0));
#6012=VECTOR('',#6011,6.5E0);
#6013=CARTESIAN_POINT('',(-2.5E1,-9.5E0,4.55E1));
#6014=LINE('',#6013,#6012);
#6015=CURVE_STYLE('',#20,POSITIVE_LENGTH_MEASURE(2.E-2),#5);
#6016=PRESENTATION_STYLE_ASSIGNMENT((#6015));
#6017=STYLED_ITEM('',(#6016),#6014);
#6018=DIRECTION('',(1.E0,0.E0,0.E0));
#6019=VECTOR('',#6018,2.E0);
#6020=CARTESIAN_POINT('',(-2.7E1,-3.E0,4.55E1));
#6021=LINE('',#6020,#6019);
#6022=CURVE_STYLE('',#20,POSITIVE_LENGTH_MEASURE(2.E-2),#5);
#6023=PRESENTATION_STYLE_ASSIGNMENT((#6022));
#6024=STYLED_ITEM('',(#6023),#6021);
#6025=DIRECTION('',(0.E0,-1.E0,0.E0));
#6026=VECTOR('',#6025,6.5E0);
#6027=CARTESIAN_POINT('',(-2.7E1,-3.E0,4.55E1));
#6028=LINE('',#6027,#6026);
#6029=CURVE_STYLE('',#20,POSITIVE_LENGTH_MEASURE(2.E-2),#5);
#6030=PRESENTATION_STYLE_ASSIGNMENT((#6029));
#6031=STYLED_ITEM('',(#6030),#6028);
#6032=DIRECTION('',(0.E0,1.E0,0.E0));
#6033=VECTOR('',#6032,6.5E0);
#6034=CARTESIAN_POINT('',(-2.3E1,-9.5E0,4.55E1));
#6035=LINE('',#6034,#6033);
#6036=CURVE_STYLE('',#20,POSITIVE_LENGTH_MEASURE(2.E-2),#5);
#6037=PRESENTATION_STYLE_ASSIGNMENT((#6036));
#6038=STYLED_ITEM('',(#6037),#6035);
#6039=DIRECTION('',(0.E0,1.E0,0.E0));
#6040=VECTOR('',#6039,6.5E0);
#6041=CARTESIAN_POINT('',(2.3E1,-9.5E0,4.55E1));
#6042=LINE('',#6041,#6040);
#6043=CURVE_STYLE('',#20,POSITIVE_LENGTH_MEASURE(2.E-2),#5);
#6044=PRESENTATION_STYLE_ASSIGNMENT((#6043));
#6045=STYLED_ITEM('',(#6044),#6042);
#6046=DIRECTION('',(1.E0,0.E0,0.E0));
#6047=VECTOR('',#6046,4.6E1);
#6048=CARTESIAN_POINT('',(-2.3E1,-3.E0,4.55E1));
#6049=LINE('',#6048,#6047);
#6050=CURVE_STYLE('',#20,POSITIVE_LENGTH_MEASURE(2.E-2),#5);
#6051=PRESENTATION_STYLE_ASSIGNMENT((#6050));
#6052=STYLED_ITEM('',(#6051),#6049);
#6053=DIRECTION('',(0.E0,1.E0,0.E0));
#6054=VECTOR('',#6053,6.5E0);
#6055=CARTESIAN_POINT('',(2.5E1,-9.5E0,4.55E1));
#6056=LINE('',#6055,#6054);
#6057=CURVE_STYLE('',#20,POSITIVE_LENGTH_MEASURE(2.E-2),#5);
#6058=PRESENTATION_STYLE_ASSIGNMENT((#6057));
#6059=STYLED_ITEM('',(#6058),#6056);
#6060=DIRECTION('',(1.E0,0.E0,0.E0));
#6061=VECTOR('',#6060,2.E0);
#6062=CARTESIAN_POINT('',(2.5E1,-3.E0,4.55E1));
#6063=LINE('',#6062,#6061);
#6064=CURVE_STYLE('',#20,POSITIVE_LENGTH_MEASURE(2.E-2),#5);
#6065=PRESENTATION_STYLE_ASSIGNMENT((#6064));
#6066=STYLED_ITEM('',(#6065),#6063);
#6067=CARTESIAN_POINT('',(-2.4E1,-3.E0,4.2E1));
#6068=DIRECTION('',(0.E0,1.E0,0.E0));
#6069=DIRECTION('',(-1.E0,0.E0,0.E0));
#6070=AXIS2_PLACEMENT_3D('',#6067,#6068,#6069);
#6072=CURVE_STYLE('',#20,POSITIVE_LENGTH_MEASURE(2.E-2),#5);
#6073=PRESENTATION_STYLE_ASSIGNMENT((#6072));
#6074=STYLED_ITEM('',(#6073),#6071);
#6075=DIRECTION('',(0.E0,1.E0,0.E0));
#6076=VECTOR('',#6075,1.3E0);
#6077=CARTESIAN_POINT('',(-2.74E1,-3.E0,4.2E1));
#6078=LINE('',#6077,#6076);
#6079=CURVE_STYLE('',#20,POSITIVE_LENGTH_MEASURE(2.E-2),#5);
#6080=PRESENTATION_STYLE_ASSIGNMENT((#6079));
#6081=STYLED_ITEM('',(#6080),#6078);
#6082=DIRECTION('',(0.E0,1.E0,0.E0));
#6083=VECTOR('',#6082,6.5E0);
#6084=CARTESIAN_POINT('',(-2.3E1,-9.5E0,4.524961536185E1));
#6085=LINE('',#6084,#6083);
#6086=CURVE_STYLE('',#20,POSITIVE_LENGTH_MEASURE(2.E-2),#5);
#6087=PRESENTATION_STYLE_ASSIGNMENT((#6086));
#6088=STYLED_ITEM('',(#6087),#6085);
#6089=CARTESIAN_POINT('',(-2.4E1,-3.E0,4.2E1));
#6090=DIRECTION('',(0.E0,1.E0,0.E0));
#6091=DIRECTION('',(-2.941176470588E-1,0.E0,9.557692240748E-1));
#6092=AXIS2_PLACEMENT_3D('',#6089,#6090,#6091);
#6094=CURVE_STYLE('',#20,POSITIVE_LENGTH_MEASURE(2.E-2),#5);
#6095=PRESENTATION_STYLE_ASSIGNMENT((#6094));
#6096=STYLED_ITEM('',(#6095),#6093);
#6097=DIRECTION('',(0.E0,1.E0,0.E0));
#6098=VECTOR('',#6097,6.5E0);
#6099=CARTESIAN_POINT('',(-2.5E1,-9.5E0,4.524961536185E1));
#6100=LINE('',#6099,#6098);
#6101=CURVE_STYLE('',#20,POSITIVE_LENGTH_MEASURE(2.E-2),#5);
#6102=PRESENTATION_STYLE_ASSIGNMENT((#6101));
#6103=STYLED_ITEM('',(#6102),#6100);
#6104=DIRECTION('',(0.E0,1.E0,0.E0));
#6105=VECTOR('',#6104,6.5E0);
#6106=CARTESIAN_POINT('',(-2.724961536185E1,-9.5E0,4.3E1));
#6107=LINE('',#6106,#6105);
#6108=CURVE_STYLE('',#20,POSITIVE_LENGTH_MEASURE(2.E-2),#5);
#6109=PRESENTATION_STYLE_ASSIGNMENT((#6108));
#6110=STYLED_ITEM('',(#6109),#6107);
#6111=CARTESIAN_POINT('',(-2.4E1,-3.E0,4.2E1));
#6112=DIRECTION('',(0.E0,1.E0,0.E0));
#6113=DIRECTION('',(-9.557692240748E-1,0.E0,-2.941176470588E-1));
#6114=AXIS2_PLACEMENT_3D('',#6111,#6112,#6113);
#6116=CURVE_STYLE('',#20,POSITIVE_LENGTH_MEASURE(2.E-2),#5);
#6117=PRESENTATION_STYLE_ASSIGNMENT((#6116));
#6118=STYLED_ITEM('',(#6117),#6115);
#6119=DIRECTION('',(0.E0,1.E0,0.E0));
#6120=VECTOR('',#6119,6.5E0);
#6121=CARTESIAN_POINT('',(-2.724961536185E1,-9.5E0,4.1E1));
#6122=LINE('',#6121,#6120);
#6123=CURVE_STYLE('',#20,POSITIVE_LENGTH_MEASURE(2.E-2),#5);
#6124=PRESENTATION_STYLE_ASSIGNMENT((#6123));
#6125=STYLED_ITEM('',(#6124),#6122);
#6126=DIRECTION('',(0.E0,1.E0,0.E0));
#6127=VECTOR('',#6126,7.8E0);
#6128=CARTESIAN_POINT('',(-2.06E1,-9.5E0,4.2E1));
#6129=LINE('',#6128,#6127);
#6130=CURVE_STYLE('',#20,POSITIVE_LENGTH_MEASURE(2.E-2),#5);
#6131=PRESENTATION_STYLE_ASSIGNMENT((#6130));
#6132=STYLED_ITEM('',(#6131),#6129);
#6133=CARTESIAN_POINT('',(2.4E1,-1.7E0,4.2E1));
#6134=DIRECTION('',(0.E0,1.E0,0.E0));
#6135=DIRECTION('',(-1.E0,0.E0,0.E0));
#6136=AXIS2_PLACEMENT_3D('',#6133,#6134,#6135);
#6138=CURVE_STYLE('',#20,POSITIVE_LENGTH_MEASURE(2.E-2),#5);
#6139=PRESENTATION_STYLE_ASSIGNMENT((#6138));
#6140=STYLED_ITEM('',(#6139),#6137);
#6141=CARTESIAN_POINT('',(2.4E1,-1.7E0,4.2E1));
#6142=DIRECTION('',(0.E0,1.E0,0.E0));
#6143=DIRECTION('',(1.E0,0.E0,0.E0));
#6144=AXIS2_PLACEMENT_3D('',#6141,#6142,#6143);
#6146=CURVE_STYLE('',#20,POSITIVE_LENGTH_MEASURE(2.E-2),#5);
#6147=PRESENTATION_STYLE_ASSIGNMENT((#6146));
#6148=STYLED_ITEM('',(#6147),#6145);
#6149=CARTESIAN_POINT('',(2.4E1,-1.7E0,4.2E1));
#6150=DIRECTION('',(0.E0,-1.E0,0.E0));
#6151=DIRECTION('',(-1.E0,0.E0,0.E0));
#6152=AXIS2_PLACEMENT_3D('',#6149,#6150,#6151);
#6154=CURVE_STYLE('',#20,POSITIVE_LENGTH_MEASURE(2.E-2),#5);
#6155=PRESENTATION_STYLE_ASSIGNMENT((#6154));
#6156=STYLED_ITEM('',(#6155),#6153);
#6157=CARTESIAN_POINT('',(2.4E1,-1.7E0,4.2E1));
#6158=DIRECTION('',(0.E0,-1.E0,0.E0));
#6159=DIRECTION('',(1.E0,0.E0,0.E0));
#6160=AXIS2_PLACEMENT_3D('',#6157,#6158,#6159);
#6162=CURVE_STYLE('',#20,POSITIVE_LENGTH_MEASURE(2.E-2),#5);
#6163=PRESENTATION_STYLE_ASSIGNMENT((#6162));
#6164=STYLED_ITEM('',(#6163),#6161);
#6165=CARTESIAN_POINT('',(-2.4E1,-1.7E0,4.2E1));
#6166=DIRECTION('',(0.E0,1.E0,0.E0));
#6167=DIRECTION('',(-1.E0,0.E0,0.E0));
#6168=AXIS2_PLACEMENT_3D('',#6165,#6166,#6167);
#6170=CURVE_STYLE('',#20,POSITIVE_LENGTH_MEASURE(2.E-2),#5);
#6171=PRESENTATION_STYLE_ASSIGNMENT((#6170));
#6172=STYLED_ITEM('',(#6171),#6169);
#6173=CARTESIAN_POINT('',(-2.4E1,-1.7E0,4.2E1));
#6174=DIRECTION('',(0.E0,1.E0,0.E0));
#6175=DIRECTION('',(1.E0,0.E0,0.E0));
#6176=AXIS2_PLACEMENT_3D('',#6173,#6174,#6175);
#6178=CURVE_STYLE('',#20,POSITIVE_LENGTH_MEASURE(2.E-2),#5);
#6179=PRESENTATION_STYLE_ASSIGNMENT((#6178));
#6180=STYLED_ITEM('',(#6179),#6177);
#6181=CARTESIAN_POINT('',(-2.4E1,-1.7E0,4.2E1));
#6182=DIRECTION('',(0.E0,-1.E0,0.E0));
#6183=DIRECTION('',(-1.E0,0.E0,0.E0));
#6184=AXIS2_PLACEMENT_3D('',#6181,#6182,#6183);
#6186=CURVE_STYLE('',#20,POSITIVE_LENGTH_MEASURE(2.E-2),#5);
#6187=PRESENTATION_STYLE_ASSIGNMENT((#6186));
#6188=STYLED_ITEM('',(#6187),#6185);
#6189=CARTESIAN_POINT('',(-2.4E1,-1.7E0,4.2E1));
#6190=DIRECTION('',(0.E0,-1.E0,0.E0));
#6191=DIRECTION('',(1.E0,0.E0,0.E0));
#6192=AXIS2_PLACEMENT_3D('',#6189,#6190,#6191);
#6194=CURVE_STYLE('',#20,POSITIVE_LENGTH_MEASURE(2.E-2),#5);
#6195=PRESENTATION_STYLE_ASSIGNMENT((#6194));
#6196=STYLED_ITEM('',(#6195),#6193);
#6197=CARTESIAN_POINT('',(2.4E1,-1.7E0,-4.2E1));
#6198=DIRECTION('',(0.E0,1.E0,0.E0));
#6199=DIRECTION('',(-1.E0,0.E0,0.E0));
#6200=AXIS2_PLACEMENT_3D('',#6197,#6198,#6199);
#6202=CURVE_STYLE('',#20,POSITIVE_LENGTH_MEASURE(2.E-2),#5);
#6203=PRESENTATION_STYLE_ASSIGNMENT((#6202));
#6204=STYLED_ITEM('',(#6203),#6201);
#6205=CARTESIAN_POINT('',(2.4E1,-1.7E0,-4.2E1));
#6206=DIRECTION('',(0.E0,1.E0,0.E0));
#6207=DIRECTION('',(1.E0,0.E0,0.E0));
#6208=AXIS2_PLACEMENT_3D('',#6205,#6206,#6207);
#6210=CURVE_STYLE('',#20,POSITIVE_LENGTH_MEASURE(2.E-2),#5);
#6211=PRESENTATION_STYLE_ASSIGNMENT((#6210));
#6212=STYLED_ITEM('',(#6211),#6209);
#6213=CARTESIAN_POINT('',(-2.4E1,-1.7E0,-4.2E1));
#6214=DIRECTION('',(0.E0,-1.E0,0.E0));
#6215=DIRECTION('',(-1.E0,0.E0,0.E0));
#6216=AXIS2_PLACEMENT_3D('',#6213,#6214,#6215);
#6218=CURVE_STYLE('',#20,POSITIVE_LENGTH_MEASURE(2.E-2),#5);
#6219=PRESENTATION_STYLE_ASSIGNMENT((#6218));
#6220=STYLED_ITEM('',(#6219),#6217);
#6221=CARTESIAN_POINT('',(-2.4E1,-1.7E0,-4.2E1));
#6222=DIRECTION('',(0.E0,-1.E0,0.E0));
#6223=DIRECTION('',(1.E0,0.E0,0.E0));
#6224=AXIS2_PLACEMENT_3D('',#6221,#6222,#6223);
#6226=CURVE_STYLE('',#20,POSITIVE_LENGTH_MEASURE(2.E-2),#5);
#6227=PRESENTATION_STYLE_ASSIGNMENT((#6226));
#6228=STYLED_ITEM('',(#6227),#6225);
#6229=CARTESIAN_POINT('',(-2.4E1,-1.7E0,-4.2E1));
#6230=DIRECTION('',(0.E0,1.E0,0.E0));
#6231=DIRECTION('',(-1.E0,0.E0,0.E0));
#6232=AXIS2_PLACEMENT_3D('',#6229,#6230,#6231);
#6234=CURVE_STYLE('',#20,POSITIVE_LENGTH_MEASURE(2.E-2),#5);
#6235=PRESENTATION_STYLE_ASSIGNMENT((#6234));
#6236=STYLED_ITEM('',(#6235),#6233);
#6237=CARTESIAN_POINT('',(-2.4E1,-1.7E0,-4.2E1));
#6238=DIRECTION('',(0.E0,1.E0,0.E0));
#6239=DIRECTION('',(1.E0,0.E0,0.E0));
#6240=AXIS2_PLACEMENT_3D('',#6237,#6238,#6239);
#6242=CURVE_STYLE('',#20,POSITIVE_LENGTH_MEASURE(2.E-2),#5);
#6243=PRESENTATION_STYLE_ASSIGNMENT((#6242));
#6244=STYLED_ITEM('',(#6243),#6241);
#6245=CARTESIAN_POINT('',(2.4E1,-3.E0,4.2E1));
#6246=DIRECTION('',(0.E0,1.E0,0.E0));
#6247=DIRECTION('',(1.E0,0.E0,0.E0));
#6248=AXIS2_PLACEMENT_3D('',#6245,#6246,#6247);
#6250=CURVE_STYLE('',#20,POSITIVE_LENGTH_MEASURE(2.E-2),#5);
#6251=PRESENTATION_STYLE_ASSIGNMENT((#6250));
#6252=STYLED_ITEM('',(#6251),#6249);
#6253=DIRECTION('',(0.E0,1.E0,0.E0));
#6254=VECTOR('',#6253,1.3E0);
#6255=CARTESIAN_POINT('',(2.74E1,-3.E0,4.2E1));
#6256=LINE('',#6255,#6254);
#6257=CURVE_STYLE('',#20,POSITIVE_LENGTH_MEASURE(2.E-2),#5);
#6258=PRESENTATION_STYLE_ASSIGNMENT((#6257));
#6259=STYLED_ITEM('',(#6258),#6256);
#6260=DIRECTION('',(0.E0,1.E0,0.E0));
#6261=VECTOR('',#6260,6.5E0);
#6262=CARTESIAN_POINT('',(2.724961536185E1,-9.5E0,4.1E1));
#6263=LINE('',#6262,#6261);
#6264=CURVE_STYLE('',#20,POSITIVE_LENGTH_MEASURE(2.E-2),#5);
#6265=PRESENTATION_STYLE_ASSIGNMENT((#6264));
#6266=STYLED_ITEM('',(#6265),#6263);
#6267=CARTESIAN_POINT('',(2.4E1,-3.7E0,4.2E1));
#6268=DIRECTION('',(0.E0,1.E0,0.E0));
#6269=DIRECTION('',(1.E0,0.E0,0.E0));
#6270=AXIS2_PLACEMENT_3D('',#6267,#6268,#6269);
#6272=CURVE_STYLE('',#20,POSITIVE_LENGTH_MEASURE(2.E-2),#5);
#6273=PRESENTATION_STYLE_ASSIGNMENT((#6272));
#6274=STYLED_ITEM('',(#6273),#6271);
#6275=DIRECTION('',(0.E0,1.E0,0.E0));
#6276=VECTOR('',#6275,2.E0);
#6277=CARTESIAN_POINT('',(2.24E1,-3.7E0,4.2E1));
#6278=LINE('',#6277,#6276);
#6279=CURVE_STYLE('',#20,POSITIVE_LENGTH_MEASURE(2.E-2),#5);
#6280=PRESENTATION_STYLE_ASSIGNMENT((#6279));
#6281=STYLED_ITEM('',(#6280),#6278);
#6282=CARTESIAN_POINT('',(2.4E1,-3.7E0,4.2E1));
#6283=DIRECTION('',(0.E0,-1.E0,0.E0));
#6284=DIRECTION('',(0.E0,0.E0,-1.E0));
#6285=AXIS2_PLACEMENT_3D('',#6282,#6283,#6284);
#6287=CURVE_STYLE('',#20,POSITIVE_LENGTH_MEASURE(2.E-2),#5);
#6288=PRESENTATION_STYLE_ASSIGNMENT((#6287));
#6289=STYLED_ITEM('',(#6288),#6286);
#6290=CARTESIAN_POINT('',(2.4E1,-3.7E0,4.2E1));
#6291=DIRECTION('',(0.E0,-1.E0,0.E0));
#6292=DIRECTION('',(0.E0,0.E0,1.E0));
#6293=AXIS2_PLACEMENT_3D('',#6290,#6291,#6292);
#6295=CURVE_STYLE('',#20,POSITIVE_LENGTH_MEASURE(2.E-2),#5);
#6296=PRESENTATION_STYLE_ASSIGNMENT((#6295));
#6297=STYLED_ITEM('',(#6296),#6294);
#6298=CARTESIAN_POINT('',(-2.4E1,-3.7E0,4.2E1));
#6299=DIRECTION('',(0.E0,-1.E0,0.E0));
#6300=DIRECTION('',(0.E0,0.E0,-1.E0));
#6301=AXIS2_PLACEMENT_3D('',#6298,#6299,#6300);
#6303=CURVE_STYLE('',#20,POSITIVE_LENGTH_MEASURE(2.E-2),#5);
#6304=PRESENTATION_STYLE_ASSIGNMENT((#6303));
#6305=STYLED_ITEM('',(#6304),#6302);
#6306=CARTESIAN_POINT('',(-2.4E1,-3.7E0,4.2E1));
#6307=DIRECTION('',(0.E0,-1.E0,0.E0));
#6308=DIRECTION('',(0.E0,0.E0,1.E0));
#6309=AXIS2_PLACEMENT_3D('',#6306,#6307,#6308);
#6311=CURVE_STYLE('',#20,POSITIVE_LENGTH_MEASURE(2.E-2),#5);
#6312=PRESENTATION_STYLE_ASSIGNMENT((#6311));
#6313=STYLED_ITEM('',(#6312),#6310);
#6314=CARTESIAN_POINT('',(-2.4E1,-3.7E0,-4.2E1));
#6315=DIRECTION('',(0.E0,-1.E0,0.E0));
#6316=DIRECTION('',(0.E0,0.E0,-1.E0));
#6317=AXIS2_PLACEMENT_3D('',#6314,#6315,#6316);
#6319=CURVE_STYLE('',#20,POSITIVE_LENGTH_MEASURE(2.E-2),#5);
#6320=PRESENTATION_STYLE_ASSIGNMENT((#6319));
#6321=STYLED_ITEM('',(#6320),#6318);
#6322=CARTESIAN_POINT('',(-2.4E1,-3.7E0,-4.2E1));
#6323=DIRECTION('',(0.E0,-1.E0,0.E0));
#6324=DIRECTION('',(0.E0,0.E0,1.E0));
#6325=AXIS2_PLACEMENT_3D('',#6322,#6323,#6324);
#6327=CURVE_STYLE('',#20,POSITIVE_LENGTH_MEASURE(2.E-2),#5);
#6328=PRESENTATION_STYLE_ASSIGNMENT((#6327));
#6329=STYLED_ITEM('',(#6328),#6326);
#6330=DIRECTION('',(0.E0,9.998476951564E-1,1.745240643728E-2));
#6331=VECTOR('',#6330,7.801188158742E0);
#6332=CARTESIAN_POINT('',(2.4E1,-1.15E1,3.936385049356E1));
#6333=LINE('',#6332,#6331);
#6334=CURVE_STYLE('',#20,POSITIVE_LENGTH_MEASURE(2.E-2),#5);
#6335=PRESENTATION_STYLE_ASSIGNMENT((#6334));
#6336=STYLED_ITEM('',(#6335),#6333);
#6337=DIRECTION('',(0.E0,9.998476951564E-1,-1.745240643728E-2));
#6338=VECTOR('',#6337,7.801188158742E0);
#6339=CARTESIAN_POINT('',(2.4E1,-1.15E1,4.463614950644E1));
#6340=LINE('',#6339,#6338);
#6341=CURVE_STYLE('',#20,POSITIVE_LENGTH_MEASURE(2.E-2),#5);
#6342=PRESENTATION_STYLE_ASSIGNMENT((#6341));
#6343=STYLED_ITEM('',(#6342),#6340);
#6344=DIRECTION('',(0.E0,9.998476951564E-1,1.745240643728E-2));
#6345=VECTOR('',#6344,7.801188158742E0);
#6346=CARTESIAN_POINT('',(-2.4E1,-1.15E1,3.936385049356E1));
#6347=LINE('',#6346,#6345);
#6348=CURVE_STYLE('',#20,POSITIVE_LENGTH_MEASURE(2.E-2),#5);
#6349=PRESENTATION_STYLE_ASSIGNMENT((#6348));
#6350=STYLED_ITEM('',(#6349),#6347);
#6351=DIRECTION('',(0.E0,9.998476951564E-1,-1.745240643728E-2));
#6352=VECTOR('',#6351,7.801188158742E0);
#6353=CARTESIAN_POINT('',(-2.4E1,-1.15E1,4.463614950644E1));
#6354=LINE('',#6353,#6352);
#6355=CURVE_STYLE('',#20,POSITIVE_LENGTH_MEASURE(2.E-2),#5);
#6356=PRESENTATION_STYLE_ASSIGNMENT((#6355));
#6357=STYLED_ITEM('',(#6356),#6354);
#6358=DIRECTION('',(0.E0,9.998476951564E-1,1.745240643728E-2));
#6359=VECTOR('',#6358,7.801188158742E0);
#6360=CARTESIAN_POINT('',(-2.4E1,-1.15E1,-4.463614950644E1));
#6361=LINE('',#6360,#6359);
#6362=CURVE_STYLE('',#20,POSITIVE_LENGTH_MEASURE(2.E-2),#5);
#6363=PRESENTATION_STYLE_ASSIGNMENT((#6362));
#6364=STYLED_ITEM('',(#6363),#6361);
#6365=DIRECTION('',(0.E0,9.998476951564E-1,-1.745240643728E-2));
#6366=VECTOR('',#6365,7.801188158742E0);
#6367=CARTESIAN_POINT('',(-2.4E1,-1.15E1,-3.936385049356E1));
#6368=LINE('',#6367,#6366);
#6369=CURVE_STYLE('',#20,POSITIVE_LENGTH_MEASURE(2.E-2),#5);
#6370=PRESENTATION_STYLE_ASSIGNMENT((#6369));
#6371=STYLED_ITEM('',(#6370),#6368);
#6372=CARTESIAN_POINT('',(2.4E1,-3.7E0,4.2E1));
#6373=DIRECTION('',(0.E0,1.E0,0.E0));
#6374=DIRECTION('',(-1.E0,0.E0,0.E0));
#6375=AXIS2_PLACEMENT_3D('',#6372,#6373,#6374);
#6377=CURVE_STYLE('',#20,POSITIVE_LENGTH_MEASURE(2.E-2),#5);
#6378=PRESENTATION_STYLE_ASSIGNMENT((#6377));
#6379=STYLED_ITEM('',(#6378),#6376);
#6380=DIRECTION('',(0.E0,1.E0,0.E0));
#6381=VECTOR('',#6380,2.E0);
#6382=CARTESIAN_POINT('',(2.56E1,-3.7E0,4.2E1));
#6383=LINE('',#6382,#6381);
#6384=CURVE_STYLE('',#20,POSITIVE_LENGTH_MEASURE(2.E-2),#5);
#6385=PRESENTATION_STYLE_ASSIGNMENT((#6384));
#6386=STYLED_ITEM('',(#6385),#6383);
#6387=CARTESIAN_POINT('',(-2.4E1,-3.7E0,4.2E1));
#6388=DIRECTION('',(0.E0,1.E0,0.E0));
#6389=DIRECTION('',(1.E0,0.E0,0.E0));
#6390=AXIS2_PLACEMENT_3D('',#6387,#6388,#6389);
#6392=CURVE_STYLE('',#20,POSITIVE_LENGTH_MEASURE(2.E-2),#5);
#6393=PRESENTATION_STYLE_ASSIGNMENT((#6392));
#6394=STYLED_ITEM('',(#6393),#6391);
#6395=DIRECTION('',(0.E0,1.E0,0.E0));
#6396=VECTOR('',#6395,2.E0);
#6397=CARTESIAN_POINT('',(-2.56E1,-3.7E0,4.2E1));
#6398=LINE('',#6397,#6396);
#6399=CURVE_STYLE('',#20,POSITIVE_LENGTH_MEASURE(2.E-2),#5);
#6400=PRESENTATION_STYLE_ASSIGNMENT((#6399));
#6401=STYLED_ITEM('',(#6400),#6398);
#6402=CARTESIAN_POINT('',(-2.4E1,-3.7E0,4.2E1));
#6403=DIRECTION('',(0.E0,1.E0,0.E0));
#6404=DIRECTION('',(-1.E0,0.E0,0.E0));
#6405=AXIS2_PLACEMENT_3D('',#6402,#6403,#6404);
#6407=CURVE_STYLE('',#20,POSITIVE_LENGTH_MEASURE(2.E-2),#5);
#6408=PRESENTATION_STYLE_ASSIGNMENT((#6407));
#6409=STYLED_ITEM('',(#6408),#6406);
#6410=DIRECTION('',(0.E0,1.E0,0.E0));
#6411=VECTOR('',#6410,2.E0);
#6412=CARTESIAN_POINT('',(-2.24E1,-3.7E0,4.2E1));
#6413=LINE('',#6412,#6411);
#6414=CURVE_STYLE('',#20,POSITIVE_LENGTH_MEASURE(2.E-2),#5);
#6415=PRESENTATION_STYLE_ASSIGNMENT((#6414));
#6416=STYLED_ITEM('',(#6415),#6413);
#6417=CARTESIAN_POINT('',(-2.4E1,-3.7E0,-4.2E1));
#6418=DIRECTION('',(0.E0,1.E0,0.E0));
#6419=DIRECTION('',(1.E0,0.E0,0.E0));
#6420=AXIS2_PLACEMENT_3D('',#6417,#6418,#6419);
#6422=CURVE_STYLE('',#20,POSITIVE_LENGTH_MEASURE(2.E-2),#5);
#6423=PRESENTATION_STYLE_ASSIGNMENT((#6422));
#6424=STYLED_ITEM('',(#6423),#6421);
#6425=DIRECTION('',(0.E0,1.E0,0.E0));
#6426=VECTOR('',#6425,2.E0);
#6427=CARTESIAN_POINT('',(-2.56E1,-3.7E0,-4.2E1));
#6428=LINE('',#6427,#6426);
#6429=CURVE_STYLE('',#20,POSITIVE_LENGTH_MEASURE(2.E-2),#5);
#6430=PRESENTATION_STYLE_ASSIGNMENT((#6429));
#6431=STYLED_ITEM('',(#6430),#6428);
#6432=CARTESIAN_POINT('',(-2.4E1,-3.7E0,-4.2E1));
#6433=DIRECTION('',(0.E0,1.E0,0.E0));
#6434=DIRECTION('',(-1.E0,0.E0,0.E0));
#6435=AXIS2_PLACEMENT_3D('',#6432,#6433,#6434);
#6437=CURVE_STYLE('',#20,POSITIVE_LENGTH_MEASURE(2.E-2),#5);
#6438=PRESENTATION_STYLE_ASSIGNMENT((#6437));
#6439=STYLED_ITEM('',(#6438),#6436);
#6440=DIRECTION('',(0.E0,1.E0,0.E0));
#6441=VECTOR('',#6440,2.E0);
#6442=CARTESIAN_POINT('',(-2.24E1,-3.7E0,-4.2E1));
#6443=LINE('',#6442,#6441);
#6444=CURVE_STYLE('',#20,POSITIVE_LENGTH_MEASURE(2.E-2),#5);
#6445=PRESENTATION_STYLE_ASSIGNMENT((#6444));
#6446=STYLED_ITEM('',(#6445),#6443);
#6447=CARTESIAN_POINT('',(-2.7E1,-3.E0,4.5E1));
#6448=DIRECTION('',(0.E0,1.E0,0.E0));
#6449=DIRECTION('',(-1.E0,0.E0,0.E0));
#6450=AXIS2_PLACEMENT_3D('',#6447,#6448,#6449);
#6452=CURVE_STYLE('',#20,POSITIVE_LENGTH_MEASURE(2.E-2),#5);
#6453=PRESENTATION_STYLE_ASSIGNMENT((#6452));
#6454=STYLED_ITEM('',(#6453),#6451);
#6455=DIRECTION('',(0.E0,-1.E0,0.E0));
#6456=VECTOR('',#6455,6.5E0);
#6457=CARTESIAN_POINT('',(-2.75E1,-3.E0,4.5E1));
#6458=LINE('',#6457,#6456);
#6459=CURVE_STYLE('',#20,POSITIVE_LENGTH_MEASURE(2.E-2),#5);
#6460=PRESENTATION_STYLE_ASSIGNMENT((#6459));
#6461=STYLED_ITEM('',(#6460),#6458);
#6462=CARTESIAN_POINT('',(2.7E1,-3.E0,4.5E1));
#6463=DIRECTION('',(0.E0,1.E0,0.E0));
#6464=DIRECTION('',(0.E0,0.E0,1.E0));
#6465=AXIS2_PLACEMENT_3D('',#6462,#6463,#6464);
#6467=CURVE_STYLE('',#20,POSITIVE_LENGTH_MEASURE(2.E-2),#5);
#6468=PRESENTATION_STYLE_ASSIGNMENT((#6467));
#6469=STYLED_ITEM('',(#6468),#6466);
#6470=DIRECTION('',(0.E0,-1.E0,0.E0));
#6471=VECTOR('',#6470,6.5E0);
#6472=CARTESIAN_POINT('',(2.7E1,-3.E0,4.55E1));
#6473=LINE('',#6472,#6471);
#6474=CURVE_STYLE('',#20,POSITIVE_LENGTH_MEASURE(2.E-2),#5);
#6475=PRESENTATION_STYLE_ASSIGNMENT((#6474));
#6476=STYLED_ITEM('',(#6475),#6473);
#6477=CARTESIAN_POINT('',(2.7E1,-3.E0,-4.5E1));
#6478=DIRECTION('',(0.E0,1.E0,0.E0));
#6479=DIRECTION('',(1.E0,0.E0,0.E0));
#6480=AXIS2_PLACEMENT_3D('',#6477,#6478,#6479);
#6482=CURVE_STYLE('',#20,POSITIVE_LENGTH_MEASURE(2.E-2),#5);
#6483=PRESENTATION_STYLE_ASSIGNMENT((#6482));
#6484=STYLED_ITEM('',(#6483),#6481);
#6485=DIRECTION('',(0.E0,-1.E0,0.E0));
#6486=VECTOR('',#6485,6.5E0);
#6487=CARTESIAN_POINT('',(2.75E1,-3.E0,-4.5E1));
#6488=LINE('',#6487,#6486);
#6489=CURVE_STYLE('',#20,POSITIVE_LENGTH_MEASURE(2.E-2),#5);
#6490=PRESENTATION_STYLE_ASSIGNMENT((#6489));
#6491=STYLED_ITEM('',(#6490),#6488);
#6492=CARTESIAN_POINT('',(-2.7E1,-3.E0,-4.5E1));
#6493=DIRECTION('',(0.E0,1.E0,0.E0));
#6494=DIRECTION('',(0.E0,0.E0,-1.E0));
#6495=AXIS2_PLACEMENT_3D('',#6492,#6493,#6494);
#6497=CURVE_STYLE('',#20,POSITIVE_LENGTH_MEASURE(2.E-2),#5);
#6498=PRESENTATION_STYLE_ASSIGNMENT((#6497));
#6499=STYLED_ITEM('',(#6498),#6496);
#6500=DIRECTION('',(0.E0,-1.E0,0.E0));
#6501=VECTOR('',#6500,6.5E0);
#6502=CARTESIAN_POINT('',(-2.7E1,-3.E0,-4.55E1));
#6503=LINE('',#6502,#6501);
#6504=CURVE_STYLE('',#20,POSITIVE_LENGTH_MEASURE(2.E-2),#5);
#6505=PRESENTATION_STYLE_ASSIGNMENT((#6504));
#6506=STYLED_ITEM('',(#6505),#6503);
#6507=DIRECTION('',(-1.274585568525E-9,-1.E0,-1.274580190913E-9));
#6508=VECTOR('',#6507,3.303244438043E-1);
#6509=CARTESIAN_POINT('',(4.770002775566E0,0.E0,4.7E1));
#6510=LINE('',#6509,#6508);
#6511=CURVE_STYLE('',#20,POSITIVE_LENGTH_MEASURE(2.E-2),#5);
#6512=PRESENTATION_STYLE_ASSIGNMENT((#6511));
#6513=STYLED_ITEM('',(#6512),#6510);
#6514=DIRECTION('',(-6.950351466554E-10,-6.280186498358E-9,1.E0));
#6515=VECTOR('',#6514,6.057658341266E-1);
#6516=CARTESIAN_POINT('',(4.770002775566E0,-3.3032444E-1,4.639423416545E1));
#6517=LINE('',#6516,#6515);
#6518=CURVE_STYLE('',#20,POSITIVE_LENGTH_MEASURE(2.E-2),#5);
#6519=PRESENTATION_STYLE_ASSIGNMENT((#6518));
#6520=STYLED_ITEM('',(#6519),#6517);
#6521=DIRECTION('',(-7.071067811865E-1,4.063476612712E-9,-7.071067811866E-1));
#6522=VECTOR('',#6521,7.071067807368E-1);
#6523=CARTESIAN_POINT('',(5.270002774827E0,-3.303244466777E-1,
4.749999999926E1));
#6524=LINE('',#6523,#6522);
#6525=CURVE_STYLE('',#20,POSITIVE_LENGTH_MEASURE(2.E-2),#5);
#6526=PRESENTATION_STYLE_ASSIGNMENT((#6525));
#6527=STYLED_ITEM('',(#6526),#6524);
#6528=DIRECTION('',(-9.396183822248E-9,7.071067811865E-1,-7.071067811865E-1));
#6529=VECTOR('',#6528,7.071067777783E-1);
#6530=CARTESIAN_POINT('',(3.190002791008E0,-2.410324434399E0,4.749999999440E1));
#6531=LINE('',#6530,#6529);
#6532=CURVE_STYLE('',#20,POSITIVE_LENGTH_MEASURE(2.E-2),#5);
#6533=PRESENTATION_STYLE_ASSIGNMENT((#6532));
#6534=STYLED_ITEM('',(#6533),#6531);
#6535=DIRECTION('',(4.063477790281E-9,7.071067811865E-1,-7.071067811865E-1));
#6536=VECTOR('',#6535,7.071067807368E-1);
#6537=CARTESIAN_POINT('',(-3.189997231111E0,-2.410324439261E0,
4.749999999926E1));
#6538=LINE('',#6537,#6536);
#6539=CURVE_STYLE('',#20,POSITIVE_LENGTH_MEASURE(2.E-2),#5);
#6540=PRESENTATION_STYLE_ASSIGNMENT((#6539));
#6541=STYLED_ITEM('',(#6540),#6538);
#6542=CARTESIAN_POINT('',(-3.189997224434E0,-3.3032444E-1,4.7E1));
#6543=DIRECTION('',(0.E0,0.E0,-1.E0));
#6544=DIRECTION('',(1.039955744586E-14,-1.E0,0.E0));
#6545=AXIS2_PLACEMENT_3D('',#6542,#6543,#6544);
#6547=CURVE_STYLE('',#20,POSITIVE_LENGTH_MEASURE(2.E-2),#5);
#6548=PRESENTATION_STYLE_ASSIGNMENT((#6547));
#6549=STYLED_ITEM('',(#6548),#6546);
#6550=DIRECTION('',(5.267470758885E-9,-1.452197452890E-8,1.E0));
#6551=VECTOR('',#6550,6.057658313567E-1);
#6552=CARTESIAN_POINT('',(-4.769997224434E0,-3.3032444E-1,4.639423416545E1));
#6553=LINE('',#6552,#6551);
#6554=CURVE_STYLE('',#20,POSITIVE_LENGTH_MEASURE(2.E-2),#5);
#6555=PRESENTATION_STYLE_ASSIGNMENT((#6554));
#6556=STYLED_ITEM('',(#6555),#6553);
#6557=DIRECTION('',(-1.E0,-4.341467615699E-10,4.341427243953E-10));
#6558=VECTOR('',#6557,6.380000012601E0);
#6559=CARTESIAN_POINT('',(3.190002784363E0,-1.910324436809E0,4.699999999681E1));
#6560=LINE('',#6559,#6558);
#6561=CURVE_STYLE('',#20,POSITIVE_LENGTH_MEASURE(2.E-2),#5);
#6562=PRESENTATION_STYLE_ASSIGNMENT((#6561));
#6563=STYLED_ITEM('',(#6562),#6560);
#6564=DIRECTION('',(-6.006742054987E-9,6.647726440825E-10,1.E0));
#6565=VECTOR('',#6564,6.333448367131E-1);
#6566=CARTESIAN_POINT('',(-3.189997224434E0,-1.91032444E0,4.636665516287E1));
#6567=LINE('',#6566,#6565);
#6568=CURVE_STYLE('',#20,POSITIVE_LENGTH_MEASURE(2.E-2),#5);
#6569=PRESENTATION_STYLE_ASSIGNMENT((#6568));
#6570=STYLED_ITEM('',(#6569),#6567);
#6571=CARTESIAN_POINT('',(3.190002775566E0,-3.3032444E-1,4.7E1));
#6572=DIRECTION('',(0.E0,0.E0,-1.E0));
#6573=DIRECTION('',(1.E0,0.E0,0.E0));
#6574=AXIS2_PLACEMENT_3D('',#6571,#6572,#6573);
#6576=CURVE_STYLE('',#20,POSITIVE_LENGTH_MEASURE(2.E-2),#5);
#6577=PRESENTATION_STYLE_ASSIGNMENT((#6576));
#6578=STYLED_ITEM('',(#6577),#6575);
#6579=DIRECTION('',(1.388938529495E-8,5.038081200262E-9,1.E0));
#6580=VECTOR('',#6579,6.333448339433E-1);
#6581=CARTESIAN_POINT('',(3.190002775567E0,-1.91032444E0,4.636665516287E1));
#6582=LINE('',#6581,#6580);
#6583=CURVE_STYLE('',#20,POSITIVE_LENGTH_MEASURE(2.E-2),#5);
#6584=PRESENTATION_STYLE_ASSIGNMENT((#6583));
#6585=STYLED_ITEM('',(#6584),#6582);
#6586=CARTESIAN_POINT('',(2.7E1,-1.05E1,4.5E1));
#6587=DIRECTION('',(0.E0,-1.E0,0.E0));
#6588=DIRECTION('',(1.E0,0.E0,0.E0));
#6589=AXIS2_PLACEMENT_3D('',#6586,#6587,#6588);
#6591=CURVE_STYLE('',#20,POSITIVE_LENGTH_MEASURE(2.E-2),#5);
#6592=PRESENTATION_STYLE_ASSIGNMENT((#6591));
#6593=STYLED_ITEM('',(#6592),#6590);
#6594=DIRECTION('',(-1.534061766506E-10,-1.E0,0.E0));
#6595=VECTOR('',#6594,1.05E1);
#6596=CARTESIAN_POINT('',(2.7E1,0.E0,4.75E1));
#6597=LINE('',#6596,#6595);
#6598=CURVE_STYLE('',#20,POSITIVE_LENGTH_MEASURE(2.E-2),#5);
#6599=PRESENTATION_STYLE_ASSIGNMENT((#6598));
#6600=STYLED_ITEM('',(#6599),#6597);
#6601=CARTESIAN_POINT('',(2.95E1,1.75E0,-2.342916890667E1));
#6602=DIRECTION('',(1.E0,0.E0,0.E0));
#6603=DIRECTION('',(0.E0,-8.134790419757E-1,5.815942299114E-1));
#6604=AXIS2_PLACEMENT_3D('',#6601,#6602,#6603);
#6606=CURVE_STYLE('',#20,POSITIVE_LENGTH_MEASURE(2.E-2),#5);
#6607=PRESENTATION_STYLE_ASSIGNMENT((#6606));
#6608=STYLED_ITEM('',(#6607),#6605);
#6609=DIRECTION('',(0.E0,0.E0,-1.E0));
#6610=VECTOR('',#6609,3.E0);
#6611=CARTESIAN_POINT('',(2.95E1,-4.E-1,-2.350260966691E1));
#6612=LINE('',#6611,#6610);
#6613=CURVE_STYLE('',#20,POSITIVE_LENGTH_MEASURE(2.E-2),#5);
#6614=PRESENTATION_STYLE_ASSIGNMENT((#6613));
#6615=STYLED_ITEM('',(#6614),#6612);
#6616=CARTESIAN_POINT('',(2.95E1,1.75E0,-2.642916890667E1));
#6617=DIRECTION('',(1.E0,0.E0,0.E0));
#6618=DIRECTION('',(0.E0,-9.994171087130E-1,-3.413858244989E-2));
#6619=AXIS2_PLACEMENT_3D('',#6616,#6617,#6618);
#6621=CURVE_STYLE('',#20,POSITIVE_LENGTH_MEASURE(2.E-2),#5);
#6622=PRESENTATION_STYLE_ASSIGNMENT((#6621));
#6623=STYLED_ITEM('',(#6622),#6620);
#6624=DIRECTION('',(0.E0,0.E0,1.E0));
#6625=VECTOR('',#6624,8.999999999665E1);
#6626=CARTESIAN_POINT('',(2.95E1,-1.05E1,-4.499999999839E1));
#6627=LINE('',#6626,#6625);
#6628=CURVE_STYLE('',#20,POSITIVE_LENGTH_MEASURE(2.E-2),#5);
#6629=PRESENTATION_STYLE_ASSIGNMENT((#6628));
#6630=STYLED_ITEM('',(#6629),#6627);
#6631=DIRECTION('',(0.E0,-1.E0,-1.653033688767E-10));
#6632=VECTOR('',#6631,1.05E1);
#6633=CARTESIAN_POINT('',(2.95E1,0.E0,4.5E1));
#6634=LINE('',#6633,#6632);
#6635=CURVE_STYLE('',#20,POSITIVE_LENGTH_MEASURE(2.E-2),#5);
#6636=PRESENTATION_STYLE_ASSIGNMENT((#6635));
#6637=STYLED_ITEM('',(#6636),#6634);
#6638=CARTESIAN_POINT('',(2.95E1,1.75E0,2.84999979E1));
#6639=DIRECTION('',(1.E0,0.E0,0.E0));
#6640=DIRECTION('',(0.E0,-8.139534883721E-1,5.809300463626E-1));
#6641=AXIS2_PLACEMENT_3D('',#6638,#6639,#6640);
#6643=CURVE_STYLE('',#20,POSITIVE_LENGTH_MEASURE(2.E-2),#5);
#6644=PRESENTATION_STYLE_ASSIGNMENT((#6643));
#6645=STYLED_ITEM('',(#6644),#6642);
#6646=DIRECTION('',(0.E0,0.E0,-1.E0));
#6647=VECTOR('',#6646,2.997392573086E0);
#6648=CARTESIAN_POINT('',(2.95E1,-4.E-1,2.84999979E1));
#6649=LINE('',#6648,#6647);
#6650=CURVE_STYLE('',#20,POSITIVE_LENGTH_MEASURE(2.E-2),#5);
#6651=PRESENTATION_STYLE_ASSIGNMENT((#6650));
#6652=STYLED_ITEM('',(#6651),#6649);
#6653=CARTESIAN_POINT('',(2.95E1,1.75E0,2.542916456667E1));
#6654=DIRECTION('',(1.E0,0.E0,0.E0));
#6655=DIRECTION('',(0.E0,-9.994171087130E-1,3.413858244989E-2));
#6656=AXIS2_PLACEMENT_3D('',#6653,#6654,#6655);
#6658=CURVE_STYLE('',#20,POSITIVE_LENGTH_MEASURE(2.E-2),#5);
#6659=PRESENTATION_STYLE_ASSIGNMENT((#6658));
#6660=STYLED_ITEM('',(#6659),#6657);
#6661=CARTESIAN_POINT('',(2.95E1,1.75E0,1.457083129333E1));
#6662=DIRECTION('',(1.E0,0.E0,0.E0));
#6663=DIRECTION('',(0.E0,-8.134790419757E-1,5.815942299114E-1));
#6664=AXIS2_PLACEMENT_3D('',#6661,#6662,#6663);
#6666=CURVE_STYLE('',#20,POSITIVE_LENGTH_MEASURE(2.E-2),#5);
#6667=PRESENTATION_STYLE_ASSIGNMENT((#6666));
#6668=STYLED_ITEM('',(#6667),#6665);
#6669=DIRECTION('',(0.E0,0.E0,-1.E0));
#6670=VECTOR('',#6669,2.994785146172E0);
#6671=CARTESIAN_POINT('',(2.95E1,-4.E-1,1.449739053309E1));
#6672=LINE('',#6671,#6670);
#6673=CURVE_STYLE('',#20,POSITIVE_LENGTH_MEASURE(2.E-2),#5);
#6674=PRESENTATION_STYLE_ASSIGNMENT((#6673));
#6675=STYLED_ITEM('',(#6674),#6672);
#6676=CARTESIAN_POINT('',(2.95E1,1.75E0,1.142916462667E1));
#6677=DIRECTION('',(1.E0,0.E0,0.E0));
#6678=DIRECTION('',(0.E0,-9.994171087130E-1,3.413858244989E-2));
#6679=AXIS2_PLACEMENT_3D('',#6676,#6677,#6678);
#6681=CURVE_STYLE('',#20,POSITIVE_LENGTH_MEASURE(2.E-2),#5);
#6682=PRESENTATION_STYLE_ASSIGNMENT((#6681));
#6683=STYLED_ITEM('',(#6682),#6680);
#6684=CARTESIAN_POINT('',(2.95E1,1.75E0,-1.429167186667E0));
#6685=DIRECTION('',(1.E0,0.E0,0.E0));
#6686=DIRECTION('',(0.E0,-8.134790419757E-1,5.815942299114E-1));
#6687=AXIS2_PLACEMENT_3D('',#6684,#6685,#6686);
#6689=CURVE_STYLE('',#20,POSITIVE_LENGTH_MEASURE(2.E-2),#5);
#6690=PRESENTATION_STYLE_ASSIGNMENT((#6689));
#6691=STYLED_ITEM('',(#6690),#6688);
#6692=DIRECTION('',(0.E0,0.E0,-1.E0));
#6693=VECTOR('',#6692,3.E0);
#6694=CARTESIAN_POINT('',(2.95E1,-4.E-1,-1.502607946913E0));
#6695=LINE('',#6694,#6693);
#6696=CURVE_STYLE('',#20,POSITIVE_LENGTH_MEASURE(2.E-2),#5);
#6697=PRESENTATION_STYLE_ASSIGNMENT((#6696));
#6698=STYLED_ITEM('',(#6697),#6695);
#6699=CARTESIAN_POINT('',(2.95E1,1.75E0,-4.429167186667E0));
#6700=DIRECTION('',(1.E0,0.E0,0.E0));
#6701=DIRECTION('',(0.E0,-9.994171087130E-1,-3.413858244990E-2));
#6702=AXIS2_PLACEMENT_3D('',#6699,#6700,#6701);
#6704=CURVE_STYLE('',#20,POSITIVE_LENGTH_MEASURE(2.E-2),#5);
#6705=PRESENTATION_STYLE_ASSIGNMENT((#6704));
#6706=STYLED_ITEM('',(#6705),#6703);
#6707=CARTESIAN_POINT('',(2.95E1,1.75E0,-1.257083217333E1));
#6708=DIRECTION('',(1.E0,0.E0,0.E0));
#6709=DIRECTION('',(0.E0,-8.134790419757E-1,5.815942299114E-1));
#6710=AXIS2_PLACEMENT_3D('',#6707,#6708,#6709);
#6712=CURVE_STYLE('',#20,POSITIVE_LENGTH_MEASURE(2.E-2),#5);
#6713=PRESENTATION_STYLE_ASSIGNMENT((#6712));
#6714=STYLED_ITEM('',(#6713),#6711);
#6715=DIRECTION('',(0.E0,0.E0,-1.E0));
#6716=VECTOR('',#6715,3.002607426914E0);
#6717=CARTESIAN_POINT('',(2.95E1,-4.E-1,-1.249739141309E1));
#6718=LINE('',#6717,#6716);
#6719=CURVE_STYLE('',#20,POSITIVE_LENGTH_MEASURE(2.E-2),#5);
#6720=PRESENTATION_STYLE_ASSIGNMENT((#6719));
#6721=STYLED_ITEM('',(#6720),#6718);
#6722=CARTESIAN_POINT('',(2.95E1,1.75E0,-1.549999884E1));
#6723=DIRECTION('',(1.E0,0.E0,0.E0));
#6724=DIRECTION('',(0.E0,-1.E0,0.E0));
#6725=AXIS2_PLACEMENT_3D('',#6722,#6723,#6724);
#6727=CURVE_STYLE('',#20,POSITIVE_LENGTH_MEASURE(2.E-2),#5);
#6728=PRESENTATION_STYLE_ASSIGNMENT((#6727));
#6729=STYLED_ITEM('',(#6728),#6726);
#6730=CARTESIAN_POINT('',(2.865E1,1.75E0,-2.342916890667E1));
#6731=DIRECTION('',(1.E0,0.E0,0.E0));
#6732=DIRECTION('',(0.E0,-8.134790419757E-1,5.815942299114E-1));
#6733=AXIS2_PLACEMENT_3D('',#6730,#6731,#6732);
#6735=CURVE_STYLE('',#20,POSITIVE_LENGTH_MEASURE(2.E-2),#5);
#6736=PRESENTATION_STYLE_ASSIGNMENT((#6735));
#6737=STYLED_ITEM('',(#6736),#6734);
#6738=DIRECTION('',(1.E0,0.E0,0.E0));
#6739=VECTOR('',#6738,8.5E-1);
#6740=CARTESIAN_POINT('',(2.865E1,-4.E-1,-2.350260966691E1));
#6741=LINE('',#6740,#6739);
#6742=CURVE_STYLE('',#20,POSITIVE_LENGTH_MEASURE(2.E-2),#5);
#6743=PRESENTATION_STYLE_ASSIGNMENT((#6742));
#6744=STYLED_ITEM('',(#6743),#6741);
#6745=DIRECTION('',(0.E0,0.E0,-1.E0));
#6746=VECTOR('',#6745,3.E0);
#6747=CARTESIAN_POINT('',(2.865E1,-4.E-1,-2.350260966691E1));
#6748=LINE('',#6747,#6746);
#6749=CURVE_STYLE('',#20,POSITIVE_LENGTH_MEASURE(2.E-2),#5);
#6750=PRESENTATION_STYLE_ASSIGNMENT((#6749));
#6751=STYLED_ITEM('',(#6750),#6748);
#6752=DIRECTION('',(1.E0,0.E0,0.E0));
#6753=VECTOR('',#6752,8.5E-1);
#6754=CARTESIAN_POINT('',(2.865E1,-4.E-1,-2.650260966691E1));
#6755=LINE('',#6754,#6753);
#6756=CURVE_STYLE('',#20,POSITIVE_LENGTH_MEASURE(2.E-2),#5);
#6757=PRESENTATION_STYLE_ASSIGNMENT((#6756));
#6758=STYLED_ITEM('',(#6757),#6755);
#6759=CARTESIAN_POINT('',(2.865E1,1.75E0,-2.642916890667E1));
#6760=DIRECTION('',(1.E0,0.E0,0.E0));
#6761=DIRECTION('',(0.E0,-9.994171087130E-1,-3.413858244989E-2));
#6762=AXIS2_PLACEMENT_3D('',#6759,#6760,#6761);
#6764=CURVE_STYLE('',#20,POSITIVE_LENGTH_MEASURE(2.E-2),#5);
#6765=PRESENTATION_STYLE_ASSIGNMENT((#6764));
#6766=STYLED_ITEM('',(#6765),#6763);
#6767=CARTESIAN_POINT('',(2.7E1,-1.05E1,-4.5E1));
#6768=DIRECTION('',(0.E0,-1.E0,0.E0));
#6769=DIRECTION('',(0.E0,0.E0,-1.E0));
#6770=AXIS2_PLACEMENT_3D('',#6767,#6768,#6769);
#6772=CURVE_STYLE('',#20,POSITIVE_LENGTH_MEASURE(2.E-2),#5);
#6773=PRESENTATION_STYLE_ASSIGNMENT((#6772));
#6774=STYLED_ITEM('',(#6773),#6771);
#6775=DIRECTION('',(0.E0,-1.E0,1.534048232359E-10));
#6776=VECTOR('',#6775,1.05E1);
#6777=CARTESIAN_POINT('',(2.95E1,0.E0,-4.5E1));
#6778=LINE('',#6777,#6776);
#6779=CURVE_STYLE('',#20,POSITIVE_LENGTH_MEASURE(2.E-2),#5);
#6780=PRESENTATION_STYLE_ASSIGNMENT((#6779));
#6781=STYLED_ITEM('',(#6780),#6778);
#6782=CARTESIAN_POINT('',(2.7E1,-1.05E1,-4.65E1));
#6783=DIRECTION('',(1.E0,0.E0,0.E0));
#6784=DIRECTION('',(0.E0,-1.E0,0.E0));
#6785=AXIS2_PLACEMENT_3D('',#6782,#6783,#6784);
#6787=CURVE_STYLE('',#20,POSITIVE_LENGTH_MEASURE(2.E-2),#5);
#6788=PRESENTATION_STYLE_ASSIGNMENT((#6787));
#6789=STYLED_ITEM('',(#6788),#6786);
#6790=CARTESIAN_POINT('',(2.85E1,-1.05E1,-4.5E1));
#6791=DIRECTION('',(0.E0,0.E0,1.E0));
#6792=DIRECTION('',(0.E0,-1.E0,0.E0));
#6793=AXIS2_PLACEMENT_3D('',#6790,#6791,#6792);
#6795=CURVE_STYLE('',#20,POSITIVE_LENGTH_MEASURE(2.E-2),#5);
#6796=PRESENTATION_STYLE_ASSIGNMENT((#6795));
#6797=STYLED_ITEM('',(#6796),#6794);
#6798=CARTESIAN_POINT('',(-2.7E1,-1.05E1,-4.65E1));
#6799=DIRECTION('',(1.E0,0.E0,0.E0));
#6800=DIRECTION('',(0.E0,-1.E0,0.E0));
#6801=AXIS2_PLACEMENT_3D('',#6798,#6799,#6800);
#6803=CURVE_STYLE('',#20,POSITIVE_LENGTH_MEASURE(2.E-2),#5);
#6804=PRESENTATION_STYLE_ASSIGNMENT((#6803));
#6805=STYLED_ITEM('',(#6804),#6802);
#6806=CARTESIAN_POINT('',(2.865E1,1.75E0,2.84999979E1));
#6807=DIRECTION('',(1.E0,0.E0,0.E0));
#6808=DIRECTION('',(0.E0,-8.139534883721E-1,5.809300463626E-1));
#6809=AXIS2_PLACEMENT_3D('',#6806,#6807,#6808);
#6811=CURVE_STYLE('',#20,POSITIVE_LENGTH_MEASURE(2.E-2),#5);
#6812=PRESENTATION_STYLE_ASSIGNMENT((#6811));
#6813=STYLED_ITEM('',(#6812),#6810);
#6814=DIRECTION('',(1.E0,0.E0,0.E0));
#6815=VECTOR('',#6814,8.5E-1);
#6816=CARTESIAN_POINT('',(2.865E1,-4.E-1,2.84999979E1));
#6817=LINE('',#6816,#6815);
#6818=CURVE_STYLE('',#20,POSITIVE_LENGTH_MEASURE(2.E-2),#5);
#6819=PRESENTATION_STYLE_ASSIGNMENT((#6818));
#6820=STYLED_ITEM('',(#6819),#6817);
#6821=DIRECTION('',(0.E0,0.E0,-1.E0));
#6822=VECTOR('',#6821,2.997392573086E0);
#6823=CARTESIAN_POINT('',(2.865E1,-4.E-1,2.84999979E1));
#6824=LINE('',#6823,#6822);
#6825=CURVE_STYLE('',#20,POSITIVE_LENGTH_MEASURE(2.E-2),#5);
#6826=PRESENTATION_STYLE_ASSIGNMENT((#6825));
#6827=STYLED_ITEM('',(#6826),#6824);
#6828=DIRECTION('',(1.E0,0.E0,0.E0));
#6829=VECTOR('',#6828,8.5E-1);
#6830=CARTESIAN_POINT('',(2.865E1,-4.E-1,2.550260532691E1));
#6831=LINE('',#6830,#6829);
#6832=CURVE_STYLE('',#20,POSITIVE_LENGTH_MEASURE(2.E-2),#5);
#6833=PRESENTATION_STYLE_ASSIGNMENT((#6832));
#6834=STYLED_ITEM('',(#6833),#6831);
#6835=CARTESIAN_POINT('',(2.865E1,1.75E0,2.542916456667E1));
#6836=DIRECTION('',(1.E0,0.E0,0.E0));
#6837=DIRECTION('',(0.E0,-9.994171087130E-1,3.413858244989E-2));
#6838=AXIS2_PLACEMENT_3D('',#6835,#6836,#6837);
#6840=CURVE_STYLE('',#20,POSITIVE_LENGTH_MEASURE(2.E-2),#5);
#6841=PRESENTATION_STYLE_ASSIGNMENT((#6840));
#6842=STYLED_ITEM('',(#6841),#6839);
#6843=CARTESIAN_POINT('',(2.865E1,1.75E0,1.457083129333E1));
#6844=DIRECTION('',(1.E0,0.E0,0.E0));
#6845=DIRECTION('',(0.E0,-8.134790419757E-1,5.815942299114E-1));
#6846=AXIS2_PLACEMENT_3D('',#6843,#6844,#6845);
#6848=CURVE_STYLE('',#20,POSITIVE_LENGTH_MEASURE(2.E-2),#5);
#6849=PRESENTATION_STYLE_ASSIGNMENT((#6848));
#6850=STYLED_ITEM('',(#6849),#6847);
#6851=DIRECTION('',(1.E0,0.E0,0.E0));
#6852=VECTOR('',#6851,8.5E-1);
#6853=CARTESIAN_POINT('',(2.865E1,-4.E-1,1.449739053309E1));
#6854=LINE('',#6853,#6852);
#6855=CURVE_STYLE('',#20,POSITIVE_LENGTH_MEASURE(2.E-2),#5);
#6856=PRESENTATION_STYLE_ASSIGNMENT((#6855));
#6857=STYLED_ITEM('',(#6856),#6854);
#6858=DIRECTION('',(0.E0,0.E0,-1.E0));
#6859=VECTOR('',#6858,2.994785146172E0);
#6860=CARTESIAN_POINT('',(2.865E1,-4.E-1,1.449739053309E1));
#6861=LINE('',#6860,#6859);
#6862=CURVE_STYLE('',#20,POSITIVE_LENGTH_MEASURE(2.E-2),#5);
#6863=PRESENTATION_STYLE_ASSIGNMENT((#6862));
#6864=STYLED_ITEM('',(#6863),#6861);
#6865=DIRECTION('',(1.E0,0.E0,0.E0));
#6866=VECTOR('',#6865,8.5E-1);
#6867=CARTESIAN_POINT('',(2.865E1,-4.E-1,1.150260538691E1));
#6868=LINE('',#6867,#6866);
#6869=CURVE_STYLE('',#20,POSITIVE_LENGTH_MEASURE(2.E-2),#5);
#6870=PRESENTATION_STYLE_ASSIGNMENT((#6869));
#6871=STYLED_ITEM('',(#6870),#6868);
#6872=CARTESIAN_POINT('',(2.865E1,1.75E0,1.142916462667E1));
#6873=DIRECTION('',(1.E0,0.E0,0.E0));
#6874=DIRECTION('',(0.E0,-9.994171087130E-1,3.413858244989E-2));
#6875=AXIS2_PLACEMENT_3D('',#6872,#6873,#6874);
#6877=CURVE_STYLE('',#20,POSITIVE_LENGTH_MEASURE(2.E-2),#5);
#6878=PRESENTATION_STYLE_ASSIGNMENT((#6877));
#6879=STYLED_ITEM('',(#6878),#6876);
#6880=CARTESIAN_POINT('',(2.865E1,1.75E0,-1.429167186667E0));
#6881=DIRECTION('',(1.E0,0.E0,0.E0));
#6882=DIRECTION('',(0.E0,-8.134790419757E-1,5.815942299114E-1));
#6883=AXIS2_PLACEMENT_3D('',#6880,#6881,#6882);
#6885=CURVE_STYLE('',#20,POSITIVE_LENGTH_MEASURE(2.E-2),#5);
#6886=PRESENTATION_STYLE_ASSIGNMENT((#6885));
#6887=STYLED_ITEM('',(#6886),#6884);
#6888=DIRECTION('',(1.E0,0.E0,0.E0));
#6889=VECTOR('',#6888,8.5E-1);
#6890=CARTESIAN_POINT('',(2.865E1,-4.E-1,-1.502607946913E0));
#6891=LINE('',#6890,#6889);
#6892=CURVE_STYLE('',#20,POSITIVE_LENGTH_MEASURE(2.E-2),#5);
#6893=PRESENTATION_STYLE_ASSIGNMENT((#6892));
#6894=STYLED_ITEM('',(#6893),#6891);
#6895=DIRECTION('',(0.E0,0.E0,-1.E0));
#6896=VECTOR('',#6895,3.E0);
#6897=CARTESIAN_POINT('',(2.865E1,-4.E-1,-1.502607946913E0));
#6898=LINE('',#6897,#6896);
#6899=CURVE_STYLE('',#20,POSITIVE_LENGTH_MEASURE(2.E-2),#5);
#6900=PRESENTATION_STYLE_ASSIGNMENT((#6899));
#6901=STYLED_ITEM('',(#6900),#6898);
#6902=DIRECTION('',(1.E0,0.E0,0.E0));
#6903=VECTOR('',#6902,8.5E-1);
#6904=CARTESIAN_POINT('',(2.865E1,-4.E-1,-4.502607946913E0));
#6905=LINE('',#6904,#6903);
#6906=CURVE_STYLE('',#20,POSITIVE_LENGTH_MEASURE(2.E-2),#5);
#6907=PRESENTATION_STYLE_ASSIGNMENT((#6906));
#6908=STYLED_ITEM('',(#6907),#6905);
#6909=CARTESIAN_POINT('',(2.865E1,1.75E0,-4.429167186667E0));
#6910=DIRECTION('',(1.E0,0.E0,0.E0));
#6911=DIRECTION('',(0.E0,-9.994171087130E-1,-3.413858244990E-2));
#6912=AXIS2_PLACEMENT_3D('',#6909,#6910,#6911);
#6914=CURVE_STYLE('',#20,POSITIVE_LENGTH_MEASURE(2.E-2),#5);
#6915=PRESENTATION_STYLE_ASSIGNMENT((#6914));
#6916=STYLED_ITEM('',(#6915),#6913);
#6917=CARTESIAN_POINT('',(2.865E1,1.75E0,-1.257083217333E1));
#6918=DIRECTION('',(1.E0,0.E0,0.E0));
#6919=DIRECTION('',(0.E0,-8.134790419757E-1,5.815942299114E-1));
#6920=AXIS2_PLACEMENT_3D('',#6917,#6918,#6919);
#6922=CURVE_STYLE('',#20,POSITIVE_LENGTH_MEASURE(2.E-2),#5);
#6923=PRESENTATION_STYLE_ASSIGNMENT((#6922));
#6924=STYLED_ITEM('',(#6923),#6921);
#6925=DIRECTION('',(1.E0,0.E0,0.E0));
#6926=VECTOR('',#6925,8.5E-1);
#6927=CARTESIAN_POINT('',(2.865E1,-4.E-1,-1.249739141309E1));
#6928=LINE('',#6927,#6926);
#6929=CURVE_STYLE('',#20,POSITIVE_LENGTH_MEASURE(2.E-2),#5);
#6930=PRESENTATION_STYLE_ASSIGNMENT((#6929));
#6931=STYLED_ITEM('',(#6930),#6928);
#6932=DIRECTION('',(0.E0,0.E0,-1.E0));
#6933=VECTOR('',#6932,3.002607426914E0);
#6934=CARTESIAN_POINT('',(2.865E1,-4.E-1,-1.249739141309E1));
#6935=LINE('',#6934,#6933);
#6936=CURVE_STYLE('',#20,POSITIVE_LENGTH_MEASURE(2.E-2),#5);
#6937=PRESENTATION_STYLE_ASSIGNMENT((#6936));
#6938=STYLED_ITEM('',(#6937),#6935);
#6939=DIRECTION('',(1.E0,0.E0,0.E0));
#6940=VECTOR('',#6939,8.5E-1);
#6941=CARTESIAN_POINT('',(2.865E1,-4.E-1,-1.549999884E1));
#6942=LINE('',#6941,#6940);
#6943=CURVE_STYLE('',#20,POSITIVE_LENGTH_MEASURE(2.E-2),#5);
#6944=PRESENTATION_STYLE_ASSIGNMENT((#6943));
#6945=STYLED_ITEM('',(#6944),#6942);
#6946=CARTESIAN_POINT('',(2.865E1,1.75E0,-1.549999884E1));
#6947=DIRECTION('',(1.E0,0.E0,0.E0));
#6948=DIRECTION('',(0.E0,-1.E0,0.E0));
#6949=AXIS2_PLACEMENT_3D('',#6946,#6947,#6948);
#6951=CURVE_STYLE('',#20,POSITIVE_LENGTH_MEASURE(2.E-2),#5);
#6952=PRESENTATION_STYLE_ASSIGNMENT((#6951));
#6953=STYLED_ITEM('',(#6952),#6950);
#6954=DIRECTION('',(0.E0,1.E0,0.E0));
#6955=VECTOR('',#6954,3.5E-1);
#6956=CARTESIAN_POINT('',(-1.545584787045E0,-1.15E1,1.635783625741E1));
#6957=LINE('',#6956,#6955);
#6958=CURVE_STYLE('',#20,POSITIVE_LENGTH_MEASURE(2.E-2),#5);
#6959=PRESENTATION_STYLE_ASSIGNMENT((#6958));
#6960=STYLED_ITEM('',(#6959),#6957);
#6961=DIRECTION('',(0.E0,1.E0,0.E0));
#6962=VECTOR('',#6961,3.5E-1);
#6963=CARTESIAN_POINT('',(-1.545584787045E0,-1.15E1,1.388932321338E1));
#6964=LINE('',#6963,#6962);
#6965=CURVE_STYLE('',#20,POSITIVE_LENGTH_MEASURE(2.E-2),#5);
#6966=PRESENTATION_STYLE_ASSIGNMENT((#6965));
#6967=STYLED_ITEM('',(#6966),#6964);
#6968=DIRECTION('',(0.E0,1.E0,0.E0));
#6969=VECTOR('',#6968,3.5E-1);
#6970=CARTESIAN_POINT('',(-2.920699812074E0,-1.15E1,1.403385362654E1));
#6971=LINE('',#6970,#6969);
#6972=CURVE_STYLE('',#20,POSITIVE_LENGTH_MEASURE(2.E-2),#5);
#6973=PRESENTATION_STYLE_ASSIGNMENT((#6972));
#6974=STYLED_ITEM('',(#6973),#6971);
#6975=DIRECTION('',(0.E0,1.E0,0.E0));
#6976=VECTOR('',#6975,3.5E-1);
#6977=CARTESIAN_POINT('',(-2.920699812074E0,-1.15E1,1.800156936994E1));
#6978=LINE('',#6977,#6976);
#6979=CURVE_STYLE('',#20,POSITIVE_LENGTH_MEASURE(2.E-2),#5);
#6980=PRESENTATION_STYLE_ASSIGNMENT((#6979));
#6981=STYLED_ITEM('',(#6980),#6978);
#6982=DIRECTION('',(0.E0,1.E0,0.E0));
#6983=VECTOR('',#6982,3.5E-1);
#6984=CARTESIAN_POINT('',(5.450850813908E0,-1.15E1,1.712168419199E1));
#6985=LINE('',#6984,#6983);
#6986=CURVE_STYLE('',#20,POSITIVE_LENGTH_MEASURE(2.E-2),#5);
#6987=PRESENTATION_STYLE_ASSIGNMENT((#6986));
#6988=STYLED_ITEM('',(#6987),#6985);
#6989=DIRECTION('',(0.E0,1.E0,0.E0));
#6990=VECTOR('',#6989,3.5E-1);
#6991=CARTESIAN_POINT('',(5.450850813908E0,-1.15E1,1.562243746327E1));
#6992=LINE('',#6991,#6990);
#6993=CURVE_STYLE('',#20,POSITIVE_LENGTH_MEASURE(2.E-2),#5);
#6994=PRESENTATION_STYLE_ASSIGNMENT((#6993));
#6995=STYLED_ITEM('',(#6994),#6992);
#6996=DIRECTION('',(9.945212484016E-1,0.E0,-1.045346185607E-1));
#6997=VECTOR('',#6996,7.034978500657E0);
#6998=CARTESIAN_POINT('',(-1.545584787045E0,-1.115E1,1.635783625741E1));
#6999=LINE('',#6998,#6997);
#7000=CURVE_STYLE('',#20,POSITIVE_LENGTH_MEASURE(2.E-2),#5);
#7001=PRESENTATION_STYLE_ASSIGNMENT((#7000));
#7002=STYLED_ITEM('',(#7001),#6999);
#7003=DIRECTION('',(0.E0,0.E0,1.E0));
#7004=VECTOR('',#7003,2.468513044037E0);
#7005=CARTESIAN_POINT('',(-1.545584787045E0,-1.115E1,1.388932321338E1));
#7006=LINE('',#7005,#7004);
#7007=CURVE_STYLE('',#20,POSITIVE_LENGTH_MEASURE(2.E-2),#5);
#7008=PRESENTATION_STYLE_ASSIGNMENT((#7007));
#7009=STYLED_ITEM('',(#7008),#7006);
#7010=DIRECTION('',(9.945218953638E-1,0.E0,-1.045284633098E-1));
#7011=VECTOR('',#7010,1.382689543025E0);
#7012=CARTESIAN_POINT('',(-2.920699812074E0,-1.115E1,1.403385362654E1));
#7013=LINE('',#7012,#7011);
#7014=CURVE_STYLE('',#20,POSITIVE_LENGTH_MEASURE(2.E-2),#5);
#7015=PRESENTATION_STYLE_ASSIGNMENT((#7014));
#7016=STYLED_ITEM('',(#7015),#7013);
#7017=DIRECTION('',(0.E0,0.E0,-1.E0));
#7018=VECTOR('',#7017,3.967715743400E0);
#7019=CARTESIAN_POINT('',(-2.920699812074E0,-1.115E1,1.800156936994E1));
#7020=LINE('',#7019,#7018);
#7021=CURVE_STYLE('',#20,POSITIVE_LENGTH_MEASURE(2.E-2),#5);
#7022=PRESENTATION_STYLE_ASSIGNMENT((#7021));
#7023=STYLED_ITEM('',(#7022),#7020);
#7024=DIRECTION('',(-9.945218984381E-1,0.E0,1.045284340597E-1));
#7025=VECTOR('',#7024,8.417663441226E0);
#7026=CARTESIAN_POINT('',(5.450850813908E0,-1.115E1,1.712168419199E1));
#7027=LINE('',#7026,#7025);
#7028=CURVE_STYLE('',#20,POSITIVE_LENGTH_MEASURE(2.E-2),#5);
#7029=PRESENTATION_STYLE_ASSIGNMENT((#7028));
#7030=STYLED_ITEM('',(#7029),#7027);
#7031=DIRECTION('',(0.E0,0.E0,1.E0));
#7032=VECTOR('',#7031,1.499246728725E0);
#7033=CARTESIAN_POINT('',(5.450850813908E0,-1.115E1,1.562243746327E1));
#7034=LINE('',#7033,#7032);
#7035=CURVE_STYLE('',#20,POSITIVE_LENGTH_MEASURE(2.E-2),#5);
#7036=PRESENTATION_STYLE_ASSIGNMENT((#7035));
#7037=STYLED_ITEM('',(#7036),#7034);
#7038=DIRECTION('',(8.289919881573E-4,0.E0,9.999996563861E-1));
#7039=VECTOR('',#7038,3.359005055847E0);
#7040=CARTESIAN_POINT('',(2.134742660034E0,-1.115E1,1.084044176714E1));
#7041=LINE('',#7040,#7039);
#7042=CURVE_STYLE('',#20,POSITIVE_LENGTH_MEASURE(2.E-2),#5);
#7043=PRESENTATION_STYLE_ASSIGNMENT((#7042));
#7044=STYLED_ITEM('',(#7043),#7041);
#7045=DIRECTION('',(9.945159135717E-1,0.E0,-1.045853606036E-1));
#7046=VECTOR('',#7045,5.083319837439E0);
#7047=CARTESIAN_POINT('',(-2.920699812074E0,-1.115E1,1.137208260540E1));
#7048=LINE('',#7047,#7046);
#7049=CURVE_STYLE('',#20,POSITIVE_LENGTH_MEASURE(2.E-2),#5);
#7050=PRESENTATION_STYLE_ASSIGNMENT((#7049));
#7051=STYLED_ITEM('',(#7050),#7048);
#7052=DIRECTION('',(0.E0,0.E0,-1.E0));
#7053=VECTOR('',#7052,1.460424965353E0);
#7054=CARTESIAN_POINT('',(-2.920699812074E0,-1.115E1,1.283250757075E1));
#7055=LINE('',#7054,#7053);
#7056=CURVE_STYLE('',#20,POSITIVE_LENGTH_MEASURE(2.E-2),#5);
#7057=PRESENTATION_STYLE_ASSIGNMENT((#7056));
#7058=STYLED_ITEM('',(#7057),#7055);
#7059=DIRECTION('',(-9.945268775604E-1,0.E0,1.044810500043E-1));
#7060=VECTOR('',#7059,3.703426253407E0);
#7061=CARTESIAN_POINT('',(7.624571360020E-1,-1.115E1,1.244556970718E1));
#7062=LINE('',#7061,#7060);
#7063=CURVE_STYLE('',#20,POSITIVE_LENGTH_MEASURE(2.E-2),#5);
#7064=PRESENTATION_STYLE_ASSIGNMENT((#7063));
#7065=STYLED_ITEM('',(#7064),#7062);
#7066=DIRECTION('',(0.E0,0.E0,-1.E0));
#7067=VECTOR('',#7066,1.899489681040E0);
#7068=CARTESIAN_POINT('',(7.624571360020E-1,-1.115E1,1.434505938822E1));
#7069=LINE('',#7068,#7067);
#7070=CURVE_STYLE('',#20,POSITIVE_LENGTH_MEASURE(2.E-2),#5);
#7071=PRESENTATION_STYLE_ASSIGNMENT((#7070));
#7072=STYLED_ITEM('',(#7071),#7069);
#7073=DIRECTION('',(-9.944397929550E-1,0.E0,1.053066863385E-1));
#7074=VECTOR('',#7073,1.382758536065E0);
#7075=CARTESIAN_POINT('',(2.137527248313E0,-1.115E1,1.419944566878E1));
#7076=LINE('',#7075,#7074);
#7077=CURVE_STYLE('',#20,POSITIVE_LENGTH_MEASURE(2.E-2),#5);
#7078=PRESENTATION_STYLE_ASSIGNMENT((#7077));
#7079=STYLED_ITEM('',(#7078),#7076);
#7080=CARTESIAN_POINT('',(1.225479227041E0,-1.115E1,7.331493253091E0));
#7081=CARTESIAN_POINT('',(1.225479180955E0,-1.115E1,7.192435788629E0));
#7082=CARTESIAN_POINT('',(1.189827940296E0,-1.115E1,6.915471054234E0));
#7083=CARTESIAN_POINT('',(1.000497337430E0,-1.115E1,6.533214128898E0));
#7084=CARTESIAN_POINT('',(6.468068560555E-1,-1.115E1,6.241159756453E0));
#7085=CARTESIAN_POINT('',(3.394814191787E-1,-1.115E1,6.158589343400E0));
#7086=CARTESIAN_POINT('',(1.733054934827E-1,-1.115E1,6.138654303228E0));
#7088=CURVE_STYLE('',#20,POSITIVE_LENGTH_MEASURE(2.E-2),#5);
#7089=PRESENTATION_STYLE_ASSIGNMENT((#7088));
#7090=STYLED_ITEM('',(#7089),#7087);
#7091=CARTESIAN_POINT('',(1.733063810825E-1,-1.115E1,8.816885E0));
#7092=CARTESIAN_POINT('',(3.309780464039E-1,-1.115E1,8.763213966810E0));
#7093=CARTESIAN_POINT('',(6.253198456556E-1,-1.115E1,8.618946771042E0));
#7094=CARTESIAN_POINT('',(9.724456296269E-1,-1.115E1,8.275743224023E0));
#7095=CARTESIAN_POINT('',(1.184214013407E0,-1.115E1,7.831821553612E0));
#7096=CARTESIAN_POINT('',(1.225479258745E0,-1.115E1,7.501766072106E0));
#7097=CARTESIAN_POINT('',(1.225479227041E0,-1.115E1,7.331493253091E0));
#7099=CURVE_STYLE('',#20,POSITIVE_LENGTH_MEASURE(2.E-2),#5);
#7100=PRESENTATION_STYLE_ASSIGNMENT((#7099));
#7101=STYLED_ITEM('',(#7100),#7098);
#7102=DIRECTION('',(3.314127460832E-7,0.E0,9.999999999999E-1));
#7103=VECTOR('',#7102,2.678230696772E0);
#7104=CARTESIAN_POINT('',(1.733054934827E-1,-1.115E1,6.138654303228E0));
#7105=LINE('',#7104,#7103);
#7106=CURVE_STYLE('',#20,POSITIVE_LENGTH_MEASURE(2.E-2),#5);
#7107=PRESENTATION_STYLE_ASSIGNMENT((#7106));
#7108=STYLED_ITEM('',(#7107),#7105);
#7109=CARTESIAN_POINT('',(-8.684451816360E-1,-1.115E1,4.944730539050E0));
#7110=CARTESIAN_POINT('',(-8.242477235074E-1,-1.115E1,4.932268771627E0));
#7111=CARTESIAN_POINT('',(-7.352542774997E-1,-1.115E1,4.908494277512E0));
#7112=CARTESIAN_POINT('',(-5.995196831738E-1,-1.115E1,4.877547138137E0));
#7113=CARTESIAN_POINT('',(-4.839944205639E-1,-1.115E1,4.856586463088E0));
#7114=CARTESIAN_POINT('',(-3.891723882353E-1,-1.115E1,4.842980911933E0));
#7115=CARTESIAN_POINT('',(-2.934158620531E-1,-1.115E1,4.831798821524E0));
#7116=CARTESIAN_POINT('',(-1.745626451194E-1,-1.115E1,4.822127797868E0));
#7117=CARTESIAN_POINT('',(1.156219147349E-2,-1.115E1,4.815336142401E0));
#7118=CARTESIAN_POINT('',(3.256263344415E-1,-1.115E1,4.825393049543E0));
#7119=CARTESIAN_POINT('',(7.566909272950E-1,-1.115E1,4.900493081540E0));
#7120=CARTESIAN_POINT('',(1.230931188873E0,-1.115E1,5.087140039864E0));
#7121=CARTESIAN_POINT('',(1.644004744352E0,-1.115E1,5.362973745437E0));
#7122=CARTESIAN_POINT('',(1.984294917813E0,-1.115E1,5.721598429891E0));
#7123=CARTESIAN_POINT('',(2.195373868402E0,-1.115E1,6.080488576316E0));
#7124=CARTESIAN_POINT('',(2.316592516103E0,-1.115E1,6.397026830222E0));
#7125=CARTESIAN_POINT('',(2.383846877645E0,-1.115E1,6.653204233741E0));
#7126=CARTESIAN_POINT('',(2.417746414568E0,-1.115E1,6.877053817239E0));
#7127=CARTESIAN_POINT('',(2.431604266234E0,-1.115E1,7.062694951356E0));
#7128=CARTESIAN_POINT('',(2.435048889280E0,-1.115E1,7.208850864448E0));
#7129=CARTESIAN_POINT('',(2.431576074660E0,-1.115E1,7.358454484362E0));
#7130=CARTESIAN_POINT('',(2.417922245149E0,-1.115E1,7.558523917289E0));
#7131=CARTESIAN_POINT('',(2.384255342714E0,-1.115E1,7.802660263767E0));
#7132=CARTESIAN_POINT('',(2.317882091958E0,-1.115E1,8.086042012124E0));
#7133=CARTESIAN_POINT('',(2.197706101657E0,-1.115E1,8.444566501170E0));
#7134=CARTESIAN_POINT('',(1.989173651251E0,-1.115E1,8.862348382752E0));
#7135=CARTESIAN_POINT('',(1.653823819934E0,-1.115E1,9.303848276545E0));
#7136=CARTESIAN_POINT('',(1.245206167173E0,-1.115E1,9.674675810954E0));
#7137=CARTESIAN_POINT('',(8.529578019119E-1,-1.115E1,9.917403427106E0));
#7138=CARTESIAN_POINT('',(5.144920033127E-1,-1.115E1,1.006800271652E1));
#7139=CARTESIAN_POINT('',(2.474788378913E-1,-1.115E1,1.015896131420E1));
#7140=CARTESIAN_POINT('',(1.684064744467E-2,-1.115E1,1.021492211227E1));
#7141=CARTESIAN_POINT('',(-1.721364959610E-1,-1.115E1,1.024752987885E1));
#7142=CARTESIAN_POINT('',(-3.159965810057E-1,-1.115E1,1.026574457116E1));
#7143=CARTESIAN_POINT('',(-4.598534457948E-1,-1.115E1,1.027752288494E1));
#7144=CARTESIAN_POINT('',(-6.479679546707E-1,-1.115E1,1.028435431683E1));
#7145=CARTESIAN_POINT('',(-8.776550549121E-1,-1.115E1,1.027677985022E1));
#7146=CARTESIAN_POINT('',(-1.144991964167E0,-1.115E1,1.024160936813E1));
#7147=CARTESIAN_POINT('',(-1.481802120234E0,-1.115E1,1.016172572715E1));
#7148=CARTESIAN_POINT('',(-1.875356932768E0,-1.115E1,9.999276431353E0));
#7149=CARTESIAN_POINT('',(-2.288452325506E0,-1.115E1,9.704261291464E0));
#7150=CARTESIAN_POINT('',(-2.626564468892E0,-1.115E1,9.315852188485E0));
#7151=CARTESIAN_POINT('',(-2.832921640578E0,-1.115E1,8.925834794933E0));
#7152=CARTESIAN_POINT('',(-2.951524943930E0,-1.115E1,8.578791969141E0));
#7153=CARTESIAN_POINT('',(-3.017620327217E0,-1.115E1,8.293897864520E0));
#7154=CARTESIAN_POINT('',(-3.050765659083E0,-1.115E1,8.043772162574E0));
#7155=CARTESIAN_POINT('',(-3.064303041571E0,-1.115E1,7.834934735509E0));
#7156=CARTESIAN_POINT('',(-3.067223166762E0,-1.115E1,7.696237676934E0));
#7157=CARTESIAN_POINT('',(-3.065775625676E0,-1.115E1,7.579506792639E0));
#7158=CARTESIAN_POINT('',(-3.061075905682E0,-1.115E1,7.456185075884E0));
#7159=CARTESIAN_POINT('',(-3.049429358049E0,-1.115E1,7.304583413918E0));
#7160=CARTESIAN_POINT('',(-3.026140729710E0,-1.115E1,7.126148775524E0));
#7161=CARTESIAN_POINT('',(-2.983312059374E0,-1.115E1,6.896049089513E0));
#7162=CARTESIAN_POINT('',(-2.907637782153E0,-1.115E1,6.618886413543E0));
#7163=CARTESIAN_POINT('',(-2.781413563121E0,-1.115E1,6.303658000003E0));
#7164=CARTESIAN_POINT('',(-2.621593049270E0,-1.115E1,6.009184283788E0));
#7165=CARTESIAN_POINT('',(-2.365125923646E0,-1.115E1,5.644973835580E0));
#7166=CARTESIAN_POINT('',(-2.125987195260E0,-1.115E1,5.407007918945E0));
#7167=CARTESIAN_POINT('',(-1.951865365271E0,-1.115E1,5.267547116517E0));
#7169=CURVE_STYLE('',#20,POSITIVE_LENGTH_MEASURE(2.E-2),#5);
#7170=PRESENTATION_STYLE_ASSIGNMENT((#7169));
#7171=STYLED_ITEM('',(#7170),#7168);
#7172=DIRECTION('',(-3.314126647222E-7,0.E0,-9.999999999999E-1));
#7173=VECTOR('',#7172,3.959561718346E0);
#7174=CARTESIAN_POINT('',(-8.684438693871E-1,-1.115E1,8.904292257396E0));
#7175=LINE('',#7174,#7173);
#7176=CURVE_STYLE('',#20,POSITIVE_LENGTH_MEASURE(2.E-2),#5);
#7177=PRESENTATION_STYLE_ASSIGNMENT((#7176));
#7178=STYLED_ITEM('',(#7177),#7175);
#7179=CARTESIAN_POINT('',(-1.847700701073E0,-1.115E1,7.525311008583E0));
#7180=CARTESIAN_POINT('',(-1.847700645462E0,-1.115E1,7.693111607247E0));
#7181=CARTESIAN_POINT('',(-1.818049140329E0,-1.115E1,8.012292590134E0));
#7182=CARTESIAN_POINT('',(-1.645584800670E0,-1.115E1,8.448739875311E0));
#7183=CARTESIAN_POINT('',(-1.317657269610E0,-1.115E1,8.777423357296E0));
#7184=CARTESIAN_POINT('',(-1.023746817238E0,-1.115E1,8.877751931239E0));
#7185=CARTESIAN_POINT('',(-8.684438693871E-1,-1.115E1,8.904292257396E0));
#7187=CURVE_STYLE('',#20,POSITIVE_LENGTH_MEASURE(2.E-2),#5);
#7188=PRESENTATION_STYLE_ASSIGNMENT((#7187));
#7189=STYLED_ITEM('',(#7188),#7186);
#7190=CARTESIAN_POINT('',(-1.326814857165E0,-1.115E1,6.294784295604E0));
#7191=CARTESIAN_POINT('',(-1.487285197540E0,-1.115E1,6.434222407019E0));
#7192=CARTESIAN_POINT('',(-1.758007055196E0,-1.115E1,6.821138787852E0));
#7193=CARTESIAN_POINT('',(-1.847700781582E0,-1.115E1,7.282392995518E0));
#7194=CARTESIAN_POINT('',(-1.847700701073E0,-1.115E1,7.525311008583E0));
#7196=CURVE_STYLE('',#20,POSITIVE_LENGTH_MEASURE(2.E-2),#5);
#7197=PRESENTATION_STYLE_ASSIGNMENT((#7196));
#7198=STYLED_ITEM('',(#7197),#7195);
#7199=DIRECTION('',(5.198108364219E-1,0.E0,8.542813906075E-1));
#7200=VECTOR('',#7199,1.202457633258E0);
#7201=CARTESIAN_POINT('',(-1.951865365271E0,-1.115E1,5.267547116517E0));
#7202=LINE('',#7201,#7200);
#7203=CURVE_STYLE('',#20,POSITIVE_LENGTH_MEASURE(2.E-2),#5);
#7204=PRESENTATION_STYLE_ASSIGNMENT((#7203));
#7205=STYLED_ITEM('',(#7204),#7202);
#7206=DIRECTION('',(9.945218953638E-1,0.E0,-1.045284633098E-1));
#7207=VECTOR('',#7206,1.351265677534E0);
#7208=CARTESIAN_POINT('',(3.126239278494E0,-1.115E1,1.073559870078E1));
#7209=LINE('',#7208,#7207);
#7210=CURVE_STYLE('',#20,POSITIVE_LENGTH_MEASURE(2.E-2),#5);
#7211=PRESENTATION_STYLE_ASSIGNMENT((#7210));
#7212=STYLED_ITEM('',(#7211),#7209);
#7213=DIRECTION('',(0.E0,0.E0,-1.E0));
#7214=VECTOR('',#7213,1.461527491703E0);
#7215=CARTESIAN_POINT('',(3.126239278494E0,-1.115E1,1.219712619248E1));
#7216=LINE('',#7215,#7214);
#7217=CURVE_STYLE('',#20,POSITIVE_LENGTH_MEASURE(2.E-2),#5);
#7218=PRESENTATION_STYLE_ASSIGNMENT((#7217));
#7219=STYLED_ITEM('',(#7218),#7216);
#7220=DIRECTION('',(-9.945218953638E-1,0.E0,1.045284633098E-1));
#7221=VECTOR('',#7220,1.351265677534E0);
#7222=CARTESIAN_POINT('',(4.470102581255E0,-1.115E1,1.205588046769E1));
#7223=LINE('',#7222,#7221);
#7224=CURVE_STYLE('',#20,POSITIVE_LENGTH_MEASURE(2.E-2),#5);
#7225=PRESENTATION_STYLE_ASSIGNMENT((#7224));
#7226=STYLED_ITEM('',(#7225),#7223);
#7227=DIRECTION('',(0.E0,0.E0,1.E0));
#7228=VECTOR('',#7227,1.461527491703E0);
#7229=CARTESIAN_POINT('',(4.470102581255E0,-1.115E1,1.059435297599E1));
#7230=LINE('',#7229,#7228);
#7231=CURVE_STYLE('',#20,POSITIVE_LENGTH_MEASURE(2.E-2),#5);
#7232=PRESENTATION_STYLE_ASSIGNMENT((#7231));
#7233=STYLED_ITEM('',(#7232),#7230);
#7234=DIRECTION('',(-9.945218953638E-1,0.E0,1.045284633099E-1));
#7235=VECTOR('',#7234,5.232760362713E0);
#7236=CARTESIAN_POINT('',(2.283397310266E0,-1.115E1,3.724080466055E0));
#7237=LINE('',#7236,#7235);
#7238=CURVE_STYLE('',#20,POSITIVE_LENGTH_MEASURE(2.E-2),#5);
#7239=PRESENTATION_STYLE_ASSIGNMENT((#7238));
#7240=STYLED_ITEM('',(#7239),#7237);
#7241=DIRECTION('',(0.E0,0.E0,1.E0));
#7242=VECTOR('',#7241,2.447921546357E0);
#7243=CARTESIAN_POINT('',(2.283397310266E0,-1.115E1,1.276158919698E0));
#7244=LINE('',#7243,#7242);
#7245=CURVE_STYLE('',#20,POSITIVE_LENGTH_MEASURE(2.E-2),#5);
#7246=PRESENTATION_STYLE_ASSIGNMENT((#7245));
#7247=STYLED_ITEM('',(#7246),#7244);
#7248=DIRECTION('',(9.945218953638E-1,0.E0,-1.045284633098E-1));
#7249=VECTOR('',#7248,1.382681689332E0);
#7250=CARTESIAN_POINT('',(9.082900959065E-1,-1.115E1,1.420688511931E0));
#7251=LINE('',#7250,#7249);
#7252=CURVE_STYLE('',#20,POSITIVE_LENGTH_MEASURE(2.E-2),#5);
#7253=PRESENTATION_STYLE_ASSIGNMENT((#7252));
#7254=STYLED_ITEM('',(#7253),#7251);
#7255=DIRECTION('',(0.E0,0.E0,-1.E0));
#7256=VECTOR('',#7255,9.868121874954E-1);
#7257=CARTESIAN_POINT('',(9.082900959065E-1,-1.115E1,2.407500699426E0));
#7258=LINE('',#7257,#7256);
#7259=CURVE_STYLE('',#20,POSITIVE_LENGTH_MEASURE(2.E-2),#5);
#7260=PRESENTATION_STYLE_ASSIGNMENT((#7259));
#7261=STYLED_ITEM('',(#7260),#7258);
#7262=DIRECTION('',(9.945033479658E-1,0.E0,-1.047047796655E-1));
#7263=VECTOR('',#7262,3.850150477002E0);
#7264=CARTESIAN_POINT('',(-2.920697443644E0,-1.115E1,2.810629856799E0));
#7265=LINE('',#7264,#7263);
#7266=CURVE_STYLE('',#20,POSITIVE_LENGTH_MEASURE(2.E-2),#5);
#7267=PRESENTATION_STYLE_ASSIGNMENT((#7266));
#7268=STYLED_ITEM('',(#7267),#7265);
#7269=DIRECTION('',(0.E0,0.E0,-1.E0));
#7270=VECTOR('',#7269,1.460423008839E0);
#7271=CARTESIAN_POINT('',(-2.920697443644E0,-1.115E1,4.271052865638E0));
#7272=LINE('',#7271,#7270);
#7273=CURVE_STYLE('',#20,POSITIVE_LENGTH_MEASURE(2.E-2),#5);
#7274=PRESENTATION_STYLE_ASSIGNMENT((#7273));
#7275=STYLED_ITEM('',(#7274),#7272);
#7276=CARTESIAN_POINT('',(-3.204866483267E-1,-1.115E1,-3.425662971359E0));
#7277=CARTESIAN_POINT('',(-3.476317030387E-1,-1.115E1,-3.422650441917E0));
#7278=CARTESIAN_POINT('',(-4.019218635395E-1,-1.115E1,-3.415415129024E0));
#7279=CARTESIAN_POINT('',(-5.076572573829E-1,-1.115E1,-3.396518981018E0));
#7280=CARTESIAN_POINT('',(-6.356244192903E-1,-1.115E1,-3.364663045396E0));
#7281=CARTESIAN_POINT('',(-7.816045705349E-1,-1.115E1,-3.313954135876E0));
#7282=CARTESIAN_POINT('',(-9.656700305494E-1,-1.115E1,-3.230552221268E0));
#7283=CARTESIAN_POINT('',(-1.174715940508E0,-1.115E1,-3.098328441691E0));
#7284=CARTESIAN_POINT('',(-1.388276558448E0,-1.115E1,-2.900101380753E0));
#7285=CARTESIAN_POINT('',(-1.560879663465E0,-1.115E1,-2.667514372773E0));
#7286=CARTESIAN_POINT('',(-1.688872235558E0,-1.115E1,-2.405852684425E0));
#7287=CARTESIAN_POINT('',(-1.755299842129E0,-1.115E1,-2.167641227841E0));
#7288=CARTESIAN_POINT('',(-1.782494753324E0,-1.115E1,-1.968185916667E0));
#7289=CARTESIAN_POINT('',(-1.789435497457E0,-1.115E1,-1.812600223175E0));
#7290=CARTESIAN_POINT('',(-1.782479479884E0,-1.115E1,-1.657997516526E0));
#7291=CARTESIAN_POINT('',(-1.755308659970E0,-1.115E1,-1.462424961777E0));
#7292=CARTESIAN_POINT('',(-1.688869242193E0,-1.115E1,-1.236801587300E0));
#7293=CARTESIAN_POINT('',(-1.560880456844E0,-1.115E1,-1.001702128820E0));
#7294=CARTESIAN_POINT('',(-1.388276378300E0,-1.115E1,-8.061926915660E-1));
#7295=CARTESIAN_POINT('',(-1.174715867723E0,-1.115E1,-6.546327998616E-1));
#7296=CARTESIAN_POINT('',(-9.656700268589E-1,-1.115E1,-5.684963435613E-1));
#7297=CARTESIAN_POINT('',(-7.816045917347E-1,-1.115E1,-5.258253543532E-1));
#7298=CARTESIAN_POINT('',(-6.356244357202E-1,-1.115E1,-5.074716049940E-1));
#7299=CARTESIAN_POINT('',(-5.076572645488E-1,-1.115E1,-5.040062785921E-1));
#7300=CARTESIAN_POINT('',(-4.018791667445E-1,-1.115E1,-5.085782421202E-1));
#7301=CARTESIAN_POINT('',(-3.475440090079E-1,-1.115E1,-5.133989577096E-1));
#7302=CARTESIAN_POINT('',(-3.203551082432E-1,-1.115E1,-5.164182754166E-1));
#7304=CURVE_STYLE('',#20,POSITIVE_LENGTH_MEASURE(2.E-2),#5);
#7305=PRESENTATION_STYLE_ASSIGNMENT((#7304));
#7306=STYLED_ITEM('',(#7305),#7303);
#7307=CARTESIAN_POINT('',(-3.203551082432E-1,-1.115E1,-5.164182754166E-1));
#7308=CARTESIAN_POINT('',(-2.932525220339E-1,-1.115E1,-5.194280079232E-1));
#7309=CARTESIAN_POINT('',(-2.390047000028E-1,-1.115E1,-5.266595732698E-1));
#7310=CARTESIAN_POINT('',(-1.333072143788E-1,-1.115E1,-5.455509960629E-1));
#7311=CARTESIAN_POINT('',(-5.334947853226E-3,-1.115E1,-5.774200549533E-1));
#7312=CARTESIAN_POINT('',(1.406500180771E-1,-1.115E1,-6.281755890164E-1));
#7313=CARTESIAN_POINT('',(3.247203076552E-1,-1.115E1,-7.117016511283E-1));
#7314=CARTESIAN_POINT('',(5.337696156288E-1,-1.115E1,-8.442375896271E-1));
#7315=CARTESIAN_POINT('',(7.473311664331E-1,-1.115E1,-1.043198755654E0));
#7316=CARTESIAN_POINT('',(9.199342047681E-1,-1.115E1,-1.277018686864E0));
#7317=CARTESIAN_POINT('',(1.047920909837E0,-1.115E1,-1.540525866444E0));
#7318=CARTESIAN_POINT('',(1.114358593763E0,-1.115E1,-1.780895713861E0));
#7319=CARTESIAN_POINT('',(1.141528547317E0,-1.115E1,-1.982498914489E0));
#7320=CARTESIAN_POINT('',(1.148484304549E0,-1.115E1,-2.138645526056E0));
#7321=CARTESIAN_POINT('',(1.141543820185E0,-1.115E1,-2.292690704608E0));
#7322=CARTESIAN_POINT('',(1.114349776252E0,-1.115E1,-2.486110022786E0));
#7323=CARTESIAN_POINT('',(1.047923903090E0,-1.115E1,-2.709577627949E0));
#7324=CARTESIAN_POINT('',(9.199334114195E-1,-1.115E1,-2.942830754750E0));
#7325=CARTESIAN_POINT('',(7.473313465747E-1,-1.115E1,-3.137107484740E0));
#7326=CARTESIAN_POINT('',(5.337696884113E-1,-1.115E1,-3.287933247935E0));
#7327=CARTESIAN_POINT('',(3.247203113455E-1,-1.115E1,-3.373757528698E0));
#7328=CARTESIAN_POINT('',(1.406499968781E-1,-1.115E1,-3.416304367486E0));
#7329=CARTESIAN_POINT('',(-5.334964282424E-3,-1.115E1,-3.434611485395E0));
#7330=CARTESIAN_POINT('',(-1.333072215444E-1,-1.115E1,-3.438063715510E0));
#7331=CARTESIAN_POINT('',(-2.390473987787E-1,-1.115E1,-3.433490641786E0));
#7332=CARTESIAN_POINT('',(-2.933402147833E-1,-1.115E1,-3.428675653822E0));
#7333=CARTESIAN_POINT('',(-3.204866483267E-1,-1.115E1,-3.425662971359E0));
#7335=CURVE_STYLE('',#20,POSITIVE_LENGTH_MEASURE(2.E-2),#5);
#7336=PRESENTATION_STYLE_ASSIGNMENT((#7335));
#7337=STYLED_ITEM('',(#7336),#7334);
#7338=CARTESIAN_POINT('',(2.425580012555E0,-1.115E1,-2.028974050269E0));
#7339=CARTESIAN_POINT('',(2.425580012555E0,-1.115E1,-1.682553729264E0));
#7340=CARTESIAN_POINT('',(2.311681805760E0,-1.115E1,-1.154720609196E0));
#7341=CARTESIAN_POINT('',(1.977204053994E0,-1.115E1,-5.382267064683E-1));
#7342=CARTESIAN_POINT('',(1.643080678552E0,-1.115E1,-1.193228119066E-1));
#7343=CARTESIAN_POINT('',(1.236465114143E0,-1.115E1,2.408972516468E-1));
#7344=CARTESIAN_POINT('',(8.464954712057E-1,-1.115E1,4.822451250513E-1));
#7345=CARTESIAN_POINT('',(5.090556531678E-1,-1.115E1,6.347659945341E-1));
#7346=CARTESIAN_POINT('',(2.425567580698E-1,-1.115E1,7.279963061279E-1));
#7347=CARTESIAN_POINT('',(1.226020062737E-2,-1.115E1,7.860719409335E-1));
#7348=CARTESIAN_POINT('',(-1.764731074610E-1,-1.115E1,8.202526910527E-1));
#7349=CARTESIAN_POINT('',(-3.201183094839E-1,-1.115E1,8.395355241421E-1));
#7350=CARTESIAN_POINT('',(-4.637675870414E-1,-1.115E1,8.521701765634E-1));
#7351=CARTESIAN_POINT('',(-6.515878203226E-1,-1.115E1,8.598873778741E-1));
#7352=CARTESIAN_POINT('',(-8.808992238903E-1,-1.115E1,8.531768924282E-1));
#7353=CARTESIAN_POINT('',(-1.147734338808E0,-1.115E1,8.192964473279E-1));
#7354=CARTESIAN_POINT('',(-1.483241298938E0,-1.115E1,7.424285899731E-1));
#7355=CARTESIAN_POINT('',(-1.873468111670E0,-1.115E1,5.887254873297E-1));
#7356=CARTESIAN_POINT('',(-2.283643192147E0,-1.115E1,3.170778121936E-1));
#7357=CARTESIAN_POINT('',(-2.620381987903E0,-1.115E1,-3.074703569139E-2));
#7358=CARTESIAN_POINT('',(-2.962088015867E0,-1.115E1,-5.878060644609E-1));
#7359=CARTESIAN_POINT('',(-3.066553309204E0,-1.115E1,-1.088325188673E0));
#7360=CARTESIAN_POINT('',(-3.066553309204E0,-1.115E1,-1.419466509889E0));
#7362=CURVE_STYLE('',#20,POSITIVE_LENGTH_MEASURE(2.E-2),#5);
#7363=PRESENTATION_STYLE_ASSIGNMENT((#7362));
#7364=STYLED_ITEM('',(#7363),#7361);
#7365=CARTESIAN_POINT('',(1.697230107400E0,-1.115E1,-3.630113418026E0));
#7366=CARTESIAN_POINT('',(1.813481267365E0,-1.115E1,-3.551155221098E0));
#7367=CARTESIAN_POINT('',(2.028639545829E0,-1.115E1,-3.363766781882E0));
#7368=CARTESIAN_POINT('',(2.359452741438E0,-1.115E1,-2.842845525473E0));
#7369=CARTESIAN_POINT('',(2.425580012552E0,-1.115E1,-2.356881758634E0));
#7370=CARTESIAN_POINT('',(2.425580012555E0,-1.115E1,-2.028974050269E0));
#7372=CURVE_STYLE('',#20,POSITIVE_LENGTH_MEASURE(2.E-2),#5);
#7373=PRESENTATION_STYLE_ASSIGNMENT((#7372));
#7374=STYLED_ITEM('',(#7373),#7371);
#7375=DIRECTION('',(-9.945194398532E-1,0.E0,1.045518232936E-1));
#7376=VECTOR('',#7375,2.677765438723E0);
#7377=CARTESIAN_POINT('',(4.360319891578E0,-1.115E1,-3.910078676998E0));
#7378=LINE('',#7377,#7376);
#7379=CURVE_STYLE('',#20,POSITIVE_LENGTH_MEASURE(2.E-2),#5);
#7380=PRESENTATION_STYLE_ASSIGNMENT((#7379));
#7381=STYLED_ITEM('',(#7380),#7378);
#7382=DIRECTION('',(0.E0,0.E0,1.E0));
#7383=VECTOR('',#7382,1.347470459591E0);
#7384=CARTESIAN_POINT('',(4.360319891578E0,-1.115E1,-5.257549136589E0));
#7385=LINE('',#7384,#7383);
#7386=CURVE_STYLE('',#20,POSITIVE_LENGTH_MEASURE(2.E-2),#5);
#7387=PRESENTATION_STYLE_ASSIGNMENT((#7386));
#7388=STYLED_ITEM('',(#7387),#7385);
#7389=DIRECTION('',(9.945173280506E-1,0.E0,-1.045719092634E-1));
#7390=VECTOR('',#7389,7.321378072588E0);
#7391=CARTESIAN_POINT('',(-2.920917466821E0,-1.115E1,-4.491938653099E0));
#7392=LINE('',#7391,#7390);
#7393=CURVE_STYLE('',#20,POSITIVE_LENGTH_MEASURE(2.E-2),#5);
#7394=PRESENTATION_STYLE_ASSIGNMENT((#7393));
#7395=STYLED_ITEM('',(#7394),#7392);
#7396=DIRECTION('',(-1.633278679481E-4,0.E0,-9.999999866620E-1));
#7397=VECTOR('',#7396,1.347125753022E0);
#7398=CARTESIAN_POINT('',(-2.920697443644E0,-1.115E1,-3.144812918045E0));
#7399=LINE('',#7398,#7397);
#7400=CURVE_STYLE('',#20,POSITIVE_LENGTH_MEASURE(2.E-2),#5);
#7401=PRESENTATION_STYLE_ASSIGNMENT((#7400));
#7402=STYLED_ITEM('',(#7401),#7399);
#7403=DIRECTION('',(-9.945218953686E-1,0.E0,1.045284632645E-1));
#7404=VECTOR('',#7403,6.171205062948E-1);
#7405=CARTESIAN_POINT('',(-2.306957588053E0,-1.115E1,-3.209319576217E0));
#7406=LINE('',#7405,#7404);
#7407=CURVE_STYLE('',#20,POSITIVE_LENGTH_MEASURE(2.E-2),#5);
#7408=PRESENTATION_STYLE_ASSIGNMENT((#7407));
#7409=STYLED_ITEM('',(#7408),#7406);
#7410=CARTESIAN_POINT('',(-3.066553309204E0,-1.115E1,-1.419466509889E0));
#7411=CARTESIAN_POINT('',(-3.066553309204E0,-1.115E1,-1.766210302934E0));
#7412=CARTESIAN_POINT('',(-2.951679050546E0,-1.115E1,-2.443680983898E0));
#7413=CARTESIAN_POINT('',(-2.542426247444E0,-1.115E1,-2.997124617890E0));
#7414=CARTESIAN_POINT('',(-2.306957588053E0,-1.115E1,-3.209319576217E0));
#7416=CURVE_STYLE('',#20,POSITIVE_LENGTH_MEASURE(2.E-2),#5);
#7417=PRESENTATION_STYLE_ASSIGNMENT((#7416));
#7418=STYLED_ITEM('',(#7417),#7415);
#7419=CARTESIAN_POINT('',(2.433887388210E0,-1.115E1,-8.467746848238E0));
#7420=CARTESIAN_POINT('',(2.433887388210E0,-1.115E1,-8.123061382543E0));
#7421=CARTESIAN_POINT('',(2.319176072908E0,-1.115E1,-7.597363013283E0));
#7422=CARTESIAN_POINT('',(1.984569785189E0,-1.115E1,-6.983202782777E0));
#7423=CARTESIAN_POINT('',(1.649977593873E0,-1.115E1,-6.564581722127E0));
#7424=CARTESIAN_POINT('',(1.242829105613E0,-1.115E1,-6.203894816511E0));
#7425=CARTESIAN_POINT('',(8.523835088706E-1,-1.115E1,-5.961659138812E0));
#7426=CARTESIAN_POINT('',(5.144681963445E-1,-1.115E1,-5.808169052848E0));
#7427=CARTESIAN_POINT('',(2.475793299751E-1,-1.115E1,-5.714114217793E0));
#7428=CARTESIAN_POINT('',(1.693312690305E-2,-1.115E1,-5.655293510204E0));
#7429=CARTESIAN_POINT('',(-1.720932997290E-1,-1.115E1,-5.620494267859E0));
#7430=CARTESIAN_POINT('',(-3.159548192237E-1,-1.115E1,-5.600739942596E0));
#7431=CARTESIAN_POINT('',(-4.598206798468E-1,-1.115E1,-5.587633679165E0));
#7432=CARTESIAN_POINT('',(-6.479099048369E-1,-1.115E1,-5.579297891569E0));
#7433=CARTESIAN_POINT('',(-8.775449224686E-1,-1.115E1,-5.585239577308E0));
#7434=CARTESIAN_POINT('',(-1.144778307234E0,-1.115E1,-5.618193177121E0));
#7435=CARTESIAN_POINT('',(-1.480704697377E0,-1.115E1,-5.693812427360E0));
#7436=CARTESIAN_POINT('',(-1.871390103314E0,-1.115E1,-5.845834155961E0));
#7437=CARTESIAN_POINT('',(-2.282181847336E0,-1.115E1,-6.115306743949E0));
#7438=CARTESIAN_POINT('',(-2.619467431544E0,-1.115E1,-6.460714090022E0));
#7439=CARTESIAN_POINT('',(-2.961549168421E0,-1.115E1,-7.013632626597E0));
#7440=CARTESIAN_POINT('',(-3.066553723607E0,-1.115E1,-7.511263046841E0));
#7441=CARTESIAN_POINT('',(-3.066553723607E0,-1.115E1,-7.840223122701E0));
#7443=CURVE_STYLE('',#20,POSITIVE_LENGTH_MEASURE(2.E-2),#5);
#7444=PRESENTATION_STYLE_ASSIGNMENT((#7443));
#7445=STYLED_ITEM('',(#7444),#7442);
#7446=CARTESIAN_POINT('',(1.725751182222E0,-1.115E1,-1.005713172174E1));
#7447=CARTESIAN_POINT('',(1.839442646183E0,-1.115E1,-9.978405517134E0));
#7448=CARTESIAN_POINT('',(2.049768252361E0,-1.115E1,-9.792573185517E0));
#7449=CARTESIAN_POINT('',(2.279361861016E0,-1.115E1,-9.424289541884E0));
#7450=CARTESIAN_POINT('',(2.410994418523E0,-1.115E1,-8.972479700636E0));
#7451=CARTESIAN_POINT('',(2.433887388210E0,-1.115E1,-8.643761867994E0));
#7452=CARTESIAN_POINT('',(2.433887388210E0,-1.115E1,-8.467746848238E0));
#7454=CURVE_STYLE('',#20,POSITIVE_LENGTH_MEASURE(2.E-2),#5);
#7455=PRESENTATION_STYLE_ASSIGNMENT((#7454));
#7456=STYLED_ITEM('',(#7455),#7453);
#7457=DIRECTION('',(-9.945228752002E-1,0.E0,1.045191403688E-1));
#7458=VECTOR('',#7457,5.607172463838E-1);
#7459=CARTESIAN_POINT('',(2.283397310270E0,-1.115E1,-1.011573740632E1));
#7460=LINE('',#7459,#7458);
#7461=CURVE_STYLE('',#20,POSITIVE_LENGTH_MEASURE(2.E-2),#5);
#7462=PRESENTATION_STYLE_ASSIGNMENT((#7461));
#7463=STYLED_ITEM('',(#7462),#7460);
#7464=DIRECTION('',(0.E0,0.E0,1.E0));
#7465=VECTOR('',#7464,1.350896736993E0);
#7466=CARTESIAN_POINT('',(2.283397310270E0,-1.115E1,-1.146663414332E1));
#7467=LINE('',#7466,#7465);
#7468=CURVE_STYLE('',#20,POSITIVE_LENGTH_MEASURE(2.E-2),#5);
#7469=PRESENTATION_STYLE_ASSIGNMENT((#7468));
#7470=STYLED_ITEM('',(#7469),#7467);
#7471=DIRECTION('',(9.944481815213E-1,0.E0,-1.052274406651E-1));
#7472=VECTOR('',#7471,5.233369494557E0);
#7473=CARTESIAN_POINT('',(-2.920917466821E0,-1.115E1,-1.091594006535E1));
#7474=LINE('',#7473,#7472);
#7475=CURVE_STYLE('',#20,POSITIVE_LENGTH_MEASURE(2.E-2),#5);
#7476=PRESENTATION_STYLE_ASSIGNMENT((#7475));
#7477=STYLED_ITEM('',(#7476),#7474);
#7478=DIRECTION('',(-1.632250676751E-4,0.E0,-9.999999866788E-1));
#7479=VECTOR('',#7478,1.347125753E0);
#7480=CARTESIAN_POINT('',(-2.920697582129E0,-1.115E1,-9.568814330294E0));
#7481=LINE('',#7480,#7479);
#7482=CURVE_STYLE('',#20,POSITIVE_LENGTH_MEASURE(2.E-2),#5);
#7483=PRESENTATION_STYLE_ASSIGNMENT((#7482));
#7484=STYLED_ITEM('',(#7483),#7481);
#7485=DIRECTION('',(-9.945228775812E-1,0.E0,1.045191177134E-1));
#7486=VECTOR('',#7485,6.160429318065E-1);
#7487=CARTESIAN_POINT('',(-2.308028792875E0,-1.115E1,-9.633202594E0));
#7488=LINE('',#7487,#7486);
#7489=CURVE_STYLE('',#20,POSITIVE_LENGTH_MEASURE(2.E-2),#5);
#7490=PRESENTATION_STYLE_ASSIGNMENT((#7489));
#7491=STYLED_ITEM('',(#7490),#7488);
#7492=CARTESIAN_POINT('',(-3.066553723607E0,-1.115E1,-7.840223122701E0));
#7493=CARTESIAN_POINT('',(-3.066553723638E0,-1.115E1,-8.187629202018E0));
#7494=CARTESIAN_POINT('',(-2.947077439076E0,-1.115E1,-8.864639789587E0));
#7495=CARTESIAN_POINT('',(-2.540962829755E0,-1.115E1,-9.418748326680E0));
#7496=CARTESIAN_POINT('',(-2.308028792875E0,-1.115E1,-9.633202594E0));
#7498=CURVE_STYLE('',#20,POSITIVE_LENGTH_MEASURE(2.E-2),#5);
#7499=PRESENTATION_STYLE_ASSIGNMENT((#7498));
#7500=STYLED_ITEM('',(#7499),#7497);
#7501=CARTESIAN_POINT('',(-3.163331676962E-1,-1.115E1,-9.865936038700E0));
#7502=CARTESIAN_POINT('',(-3.435192846894E-1,-1.115E1,-9.862834463568E0));
#7503=CARTESIAN_POINT('',(-3.978915698305E-1,-1.115E1,-9.855421058689E0));
#7504=CARTESIAN_POINT('',(-5.037869186766E-1,-1.115E1,-9.836175491474E0));
#7505=CARTESIAN_POINT('',(-6.319476718861E-1,-1.115E1,-9.803886944341E0));
#7506=CARTESIAN_POINT('',(-7.781486508824E-1,-1.115E1,-9.752652986119E0));
#7507=CARTESIAN_POINT('',(-9.624925000144E-1,-1.115E1,-9.668524138560E0));
#7508=CARTESIAN_POINT('',(-1.171854421075E0,-1.115E1,-9.535306813005E0));
#7509=CARTESIAN_POINT('',(-1.385738147906E0,-1.115E1,-9.335640309771E0));
#7510=CARTESIAN_POINT('',(-1.558603274176E0,-1.115E1,-9.101255378277E0));
#7511=CARTESIAN_POINT('',(-1.686785676679E0,-1.115E1,-8.837327770157E0));
#7512=CARTESIAN_POINT('',(-1.753325592465E0,-1.115E1,-8.596739876300E0));
#7513=CARTESIAN_POINT('',(-1.780537513282E0,-1.115E1,-8.395047442775E0));
#7514=CARTESIAN_POINT('',(-1.787504052921E0,-1.115E1,-8.238877990668E0));
#7515=CARTESIAN_POINT('',(-1.780552809825E0,-1.115E1,-8.084855610016E0));
#7516=CARTESIAN_POINT('',(-1.753316761290E0,-1.115E1,-7.891525613267E0));
#7517=CARTESIAN_POINT('',(-1.686788674539E0,-1.115E1,-7.668276028032E0));
#7518=CARTESIAN_POINT('',(-1.558602479718E0,-1.115E1,-7.435443349818E0));
#7519=CARTESIAN_POINT('',(-1.385738327879E0,-1.115E1,-7.241731643585E0));
#7520=CARTESIAN_POINT('',(-1.171854495641E0,-1.115E1,-7.091611165517E0));
#7521=CARTESIAN_POINT('',(-9.624925036643E-1,-1.115E1,-7.006468325714E0));
#7522=CARTESIAN_POINT('',(-7.781486293993E-1,-1.115E1,-6.964524284044E0));
#7523=CARTESIAN_POINT('',(-6.319476552183E-1,-1.115E1,-6.946695582892E0));
#7524=CARTESIAN_POINT('',(-5.037869114097E-1,-1.115E1,-6.943662863169E0));
#7525=CARTESIAN_POINT('',(-3.978482646244E-1,-1.115E1,-6.948584409043E0));
#7526=CARTESIAN_POINT('',(-3.434303449153E-1,-1.115E1,-6.953583439636E0));
#7527=CARTESIAN_POINT('',(-3.161997601539E-1,-1.115E1,-6.956692035062E0));
#7529=CURVE_STYLE('',#20,POSITIVE_LENGTH_MEASURE(2.E-2),#5);
#7530=PRESENTATION_STYLE_ASSIGNMENT((#7529));
#7531=STYLED_ITEM('',(#7530),#7528);
#7532=CARTESIAN_POINT('',(-3.161997601539E-1,-1.115E1,-6.956692035062E0));
#7533=CARTESIAN_POINT('',(-2.890567328347E-1,-1.115E1,-6.959790635086E0));
#7534=CARTESIAN_POINT('',(-2.347274224088E-1,-1.115E1,-6.967200098579E0));
#7535=CARTESIAN_POINT('',(-1.288705929191E-1,-1.115E1,-6.986435584287E0));
#7536=CARTESIAN_POINT('',(-7.047460491153E-4,-1.115E1,-7.018711610589E0));
#7537=CARTESIAN_POINT('',(1.455010453232E-1,-1.115E1,-7.069899847317E0));
#7538=CARTESIAN_POINT('',(3.298497813846E-1,-1.115E1,-7.153906582303E0));
#7539=CARTESIAN_POINT('',(5.392152457176E-1,-1.115E1,-7.286820392561E0));
#7540=CARTESIAN_POINT('',(7.531001197462E-1,-1.115E1,-7.485743322632E0));
#7541=CARTESIAN_POINT('',(9.259632298406E-1,-1.115E1,-7.718897694409E0));
#7542=CARTESIAN_POINT('',(1.054147341093E0,-1.115E1,-7.980978654060E0));
#7543=CARTESIAN_POINT('',(1.120673691813E0,-1.115E1,-8.219407897543E0));
#7544=CARTESIAN_POINT('',(1.147908871773E0,-1.115E1,-8.418952302836E0));
#7545=CARTESIAN_POINT('',(1.154859854709E0,-1.115E1,-8.574560733861E0));
#7546=CARTESIAN_POINT('',(1.147893575803E0,-1.115E1,-8.729140645417E0));
#7547=CARTESIAN_POINT('',(1.120682522657E0,-1.115E1,-8.924624175569E0));
#7548=CARTESIAN_POINT('',(1.054144343346E0,-1.115E1,-9.150029712167E0));
#7549=CARTESIAN_POINT('',(9.259640242691E-1,-1.115E1,-9.384709904165E0));
#7550=CARTESIAN_POINT('',(7.530999397799E-1,-1.115E1,-9.579651947669E0));
#7551=CARTESIAN_POINT('',(5.392151711541E-1,-1.115E1,-9.730516023361E0));
#7552=CARTESIAN_POINT('',(3.298497777348E-1,-1.115E1,-9.815962393362E0));
#7553=CARTESIAN_POINT('',(1.455010668055E-1,-1.115E1,-9.858028555948E0));
#7554=CARTESIAN_POINT('',(-7.047293819643E-4,-1.115E1,-9.875902969527E0));
#7555=CARTESIAN_POINT('',(-1.288705856525E-1,-1.115E1,-9.878948232864E0));
#7556=CARTESIAN_POINT('',(-2.347707251245E-1,-1.115E1,-9.874030859160E0));
#7557=CARTESIAN_POINT('',(-2.891456697857E-1,-1.115E1,-9.869037771376E0));
#7558=CARTESIAN_POINT('',(-3.163331676962E-1,-1.115E1,-9.865936038700E0));
#7560=CURVE_STYLE('',#20,POSITIVE_LENGTH_MEASURE(2.E-2),#5);
#7561=PRESENTATION_STYLE_ASSIGNMENT((#7560));
#7562=STYLED_ITEM('',(#7561),#7559);
#7563=DIRECTION('',(0.E0,1.E0,-1.015061051086E-14));
#7564=VECTOR('',#7563,3.5E-1);
#7565=CARTESIAN_POINT('',(2.134742660034E0,-1.15E1,1.084044176714E1));
#7566=LINE('',#7565,#7564);
#7567=CURVE_STYLE('',#20,POSITIVE_LENGTH_MEASURE(2.E-2),#5);
#7568=PRESENTATION_STYLE_ASSIGNMENT((#7567));
#7569=STYLED_ITEM('',(#7568),#7566);
#7570=DIRECTION('',(0.E0,1.E0,-1.015061051086E-14));
#7571=VECTOR('',#7570,3.5E-1);
#7572=CARTESIAN_POINT('',(-2.920699812074E0,-1.15E1,1.137208260540E1));
#7573=LINE('',#7572,#7571);
#7574=CURVE_STYLE('',#20,POSITIVE_LENGTH_MEASURE(2.E-2),#5);
#7575=PRESENTATION_STYLE_ASSIGNMENT((#7574));
#7576=STYLED_ITEM('',(#7575),#7573);
#7577=DIRECTION('',(0.E0,1.E0,0.E0));
#7578=VECTOR('',#7577,3.5E-1);
#7579=CARTESIAN_POINT('',(-2.920699812074E0,-1.15E1,1.283250757075E1));
#7580=LINE('',#7579,#7578);
#7581=CURVE_STYLE('',#20,POSITIVE_LENGTH_MEASURE(2.E-2),#5);
#7582=PRESENTATION_STYLE_ASSIGNMENT((#7581));
#7583=STYLED_ITEM('',(#7582),#7580);
#7584=DIRECTION('',(0.E0,1.E0,0.E0));
#7585=VECTOR('',#7584,3.5E-1);
#7586=CARTESIAN_POINT('',(7.624571360020E-1,-1.15E1,1.244556970718E1));
#7587=LINE('',#7586,#7585);
#7588=CURVE_STYLE('',#20,POSITIVE_LENGTH_MEASURE(2.E-2),#5);
#7589=PRESENTATION_STYLE_ASSIGNMENT((#7588));
#7590=STYLED_ITEM('',(#7589),#7587);
#7591=DIRECTION('',(0.E0,1.E0,0.E0));
#7592=VECTOR('',#7591,3.5E-1);
#7593=CARTESIAN_POINT('',(7.624571360020E-1,-1.15E1,1.434505938822E1));
#7594=LINE('',#7593,#7592);
#7595=CURVE_STYLE('',#20,POSITIVE_LENGTH_MEASURE(2.E-2),#5);
#7596=PRESENTATION_STYLE_ASSIGNMENT((#7595));
#7597=STYLED_ITEM('',(#7596),#7594);
#7598=DIRECTION('',(0.E0,1.E0,0.E0));
#7599=VECTOR('',#7598,3.5E-1);
#7600=CARTESIAN_POINT('',(2.137527248313E0,-1.15E1,1.419944566878E1));
#7601=LINE('',#7600,#7599);
#7602=CURVE_STYLE('',#20,POSITIVE_LENGTH_MEASURE(2.E-2),#5);
#7603=PRESENTATION_STYLE_ASSIGNMENT((#7602));
#7604=STYLED_ITEM('',(#7603),#7601);
#7605=DIRECTION('',(0.E0,1.E0,0.E0));
#7606=VECTOR('',#7605,3.5E-1);
#7607=CARTESIAN_POINT('',(1.225479227041E0,-1.15E1,7.331493253091E0));
#7608=LINE('',#7607,#7606);
#7609=CURVE_STYLE('',#20,POSITIVE_LENGTH_MEASURE(2.E-2),#5);
#7610=PRESENTATION_STYLE_ASSIGNMENT((#7609));
#7611=STYLED_ITEM('',(#7610),#7608);
#7612=DIRECTION('',(0.E0,1.E0,0.E0));
#7613=VECTOR('',#7612,3.5E-1);
#7614=CARTESIAN_POINT('',(1.733063810825E-1,-1.15E1,8.816885E0));
#7615=LINE('',#7614,#7613);
#7616=CURVE_STYLE('',#20,POSITIVE_LENGTH_MEASURE(2.E-2),#5);
#7617=PRESENTATION_STYLE_ASSIGNMENT((#7616));
#7618=STYLED_ITEM('',(#7617),#7615);
#7619=DIRECTION('',(0.E0,1.E0,0.E0));
#7620=VECTOR('',#7619,3.5E-1);
#7621=CARTESIAN_POINT('',(1.733054934827E-1,-1.15E1,6.138654303228E0));
#7622=LINE('',#7621,#7620);
#7623=CURVE_STYLE('',#20,POSITIVE_LENGTH_MEASURE(2.E-2),#5);
#7624=PRESENTATION_STYLE_ASSIGNMENT((#7623));
#7625=STYLED_ITEM('',(#7624),#7622);
#7626=DIRECTION('',(0.E0,1.E0,0.E0));
#7627=VECTOR('',#7626,3.5E-1);
#7628=CARTESIAN_POINT('',(-8.684451816360E-1,-1.15E1,4.944730539050E0));
#7629=LINE('',#7628,#7627);
#7630=CURVE_STYLE('',#20,POSITIVE_LENGTH_MEASURE(2.E-2),#5);
#7631=PRESENTATION_STYLE_ASSIGNMENT((#7630));
#7632=STYLED_ITEM('',(#7631),#7629);
#7633=DIRECTION('',(0.E0,1.E0,0.E0));
#7634=VECTOR('',#7633,3.5E-1);
#7635=CARTESIAN_POINT('',(-8.684438693871E-1,-1.15E1,8.904292257396E0));
#7636=LINE('',#7635,#7634);
#7637=CURVE_STYLE('',#20,POSITIVE_LENGTH_MEASURE(2.E-2),#5);
#7638=PRESENTATION_STYLE_ASSIGNMENT((#7637));
#7639=STYLED_ITEM('',(#7638),#7636);
#7640=DIRECTION('',(0.E0,1.E0,0.E0));
#7641=VECTOR('',#7640,3.5E-1);
#7642=CARTESIAN_POINT('',(-1.847700701073E0,-1.15E1,7.525311008583E0));
#7643=LINE('',#7642,#7641);
#7644=CURVE_STYLE('',#20,POSITIVE_LENGTH_MEASURE(2.E-2),#5);
#7645=PRESENTATION_STYLE_ASSIGNMENT((#7644));
#7646=STYLED_ITEM('',(#7645),#7643);
#7647=DIRECTION('',(0.E0,1.E0,0.E0));
#7648=VECTOR('',#7647,3.5E-1);
#7649=CARTESIAN_POINT('',(-1.326814857165E0,-1.15E1,6.294784295604E0));
#7650=LINE('',#7649,#7648);
#7651=CURVE_STYLE('',#20,POSITIVE_LENGTH_MEASURE(2.E-2),#5);
#7652=PRESENTATION_STYLE_ASSIGNMENT((#7651));
#7653=STYLED_ITEM('',(#7652),#7650);
#7654=DIRECTION('',(0.E0,1.E0,0.E0));
#7655=VECTOR('',#7654,3.5E-1);
#7656=CARTESIAN_POINT('',(-1.951865365271E0,-1.15E1,5.267547116517E0));
#7657=LINE('',#7656,#7655);
#7658=CURVE_STYLE('',#20,POSITIVE_LENGTH_MEASURE(2.E-2),#5);
#7659=PRESENTATION_STYLE_ASSIGNMENT((#7658));
#7660=STYLED_ITEM('',(#7659),#7657);
#7661=DIRECTION('',(0.E0,1.E0,0.E0));
#7662=VECTOR('',#7661,3.5E-1);
#7663=CARTESIAN_POINT('',(3.126239278494E0,-1.15E1,1.073559870078E1));
#7664=LINE('',#7663,#7662);
#7665=CURVE_STYLE('',#20,POSITIVE_LENGTH_MEASURE(2.E-2),#5);
#7666=PRESENTATION_STYLE_ASSIGNMENT((#7665));
#7667=STYLED_ITEM('',(#7666),#7664);
#7668=DIRECTION('',(0.E0,1.E0,0.E0));
#7669=VECTOR('',#7668,3.5E-1);
#7670=CARTESIAN_POINT('',(3.126239278494E0,-1.15E1,1.219712619248E1));
#7671=LINE('',#7670,#7669);
#7672=CURVE_STYLE('',#20,POSITIVE_LENGTH_MEASURE(2.E-2),#5);
#7673=PRESENTATION_STYLE_ASSIGNMENT((#7672));
#7674=STYLED_ITEM('',(#7673),#7671);
#7675=DIRECTION('',(0.E0,1.E0,0.E0));
#7676=VECTOR('',#7675,3.5E-1);
#7677=CARTESIAN_POINT('',(4.470102581255E0,-1.15E1,1.205588046769E1));
#7678=LINE('',#7677,#7676);
#7679=CURVE_STYLE('',#20,POSITIVE_LENGTH_MEASURE(2.E-2),#5);
#7680=PRESENTATION_STYLE_ASSIGNMENT((#7679));
#7681=STYLED_ITEM('',(#7680),#7678);
#7682=DIRECTION('',(0.E0,1.E0,0.E0));
#7683=VECTOR('',#7682,3.5E-1);
#7684=CARTESIAN_POINT('',(4.470102581255E0,-1.15E1,1.059435297599E1));
#7685=LINE('',#7684,#7683);
#7686=CURVE_STYLE('',#20,POSITIVE_LENGTH_MEASURE(2.E-2),#5);
#7687=PRESENTATION_STYLE_ASSIGNMENT((#7686));
#7688=STYLED_ITEM('',(#7687),#7685);
#7689=DIRECTION('',(0.E0,1.E0,0.E0));
#7690=VECTOR('',#7689,3.5E-1);
#7691=CARTESIAN_POINT('',(2.283397310266E0,-1.15E1,3.724080466055E0));
#7692=LINE('',#7691,#7690);
#7693=CURVE_STYLE('',#20,POSITIVE_LENGTH_MEASURE(2.E-2),#5);
#7694=PRESENTATION_STYLE_ASSIGNMENT((#7693));
#7695=STYLED_ITEM('',(#7694),#7692);
#7696=DIRECTION('',(0.E0,1.E0,0.E0));
#7697=VECTOR('',#7696,3.5E-1);
#7698=CARTESIAN_POINT('',(2.283397310266E0,-1.15E1,1.276158919698E0));
#7699=LINE('',#7698,#7697);
#7700=CURVE_STYLE('',#20,POSITIVE_LENGTH_MEASURE(2.E-2),#5);
#7701=PRESENTATION_STYLE_ASSIGNMENT((#7700));
#7702=STYLED_ITEM('',(#7701),#7699);
#7703=DIRECTION('',(0.E0,1.E0,0.E0));
#7704=VECTOR('',#7703,3.5E-1);
#7705=CARTESIAN_POINT('',(9.082900959065E-1,-1.15E1,1.420688511931E0));
#7706=LINE('',#7705,#7704);
#7707=CURVE_STYLE('',#20,POSITIVE_LENGTH_MEASURE(2.E-2),#5);
#7708=PRESENTATION_STYLE_ASSIGNMENT((#7707));
#7709=STYLED_ITEM('',(#7708),#7706);
#7710=DIRECTION('',(0.E0,1.E0,0.E0));
#7711=VECTOR('',#7710,3.5E-1);
#7712=CARTESIAN_POINT('',(9.082900959065E-1,-1.15E1,2.407500699426E0));
#7713=LINE('',#7712,#7711);
#7714=CURVE_STYLE('',#20,POSITIVE_LENGTH_MEASURE(2.E-2),#5);
#7715=PRESENTATION_STYLE_ASSIGNMENT((#7714));
#7716=STYLED_ITEM('',(#7715),#7713);
#7717=DIRECTION('',(0.E0,1.E0,0.E0));
#7718=VECTOR('',#7717,3.5E-1);
#7719=CARTESIAN_POINT('',(-2.920697443644E0,-1.15E1,2.810629856799E0));
#7720=LINE('',#7719,#7718);
#7721=CURVE_STYLE('',#20,POSITIVE_LENGTH_MEASURE(2.E-2),#5);
#7722=PRESENTATION_STYLE_ASSIGNMENT((#7721));
#7723=STYLED_ITEM('',(#7722),#7720);
#7724=DIRECTION('',(0.E0,1.E0,0.E0));
#7725=VECTOR('',#7724,3.5E-1);
#7726=CARTESIAN_POINT('',(-2.920697443644E0,-1.15E1,4.271052865638E0));
#7727=LINE('',#7726,#7725);
#7728=CURVE_STYLE('',#20,POSITIVE_LENGTH_MEASURE(2.E-2),#5);
#7729=PRESENTATION_STYLE_ASSIGNMENT((#7728));
#7730=STYLED_ITEM('',(#7729),#7727);
#7731=DIRECTION('',(0.E0,1.E0,0.E0));
#7732=VECTOR('',#7731,3.5E-1);
#7733=CARTESIAN_POINT('',(-3.204866483267E-1,-1.15E1,-3.425662971359E0));
#7734=LINE('',#7733,#7732);
#7735=CURVE_STYLE('',#20,POSITIVE_LENGTH_MEASURE(2.E-2),#5);
#7736=PRESENTATION_STYLE_ASSIGNMENT((#7735));
#7737=STYLED_ITEM('',(#7736),#7734);
#7738=DIRECTION('',(0.E0,1.E0,0.E0));
#7739=VECTOR('',#7738,3.5E-1);
#7740=CARTESIAN_POINT('',(-3.203551082432E-1,-1.15E1,-5.164182754166E-1));
#7741=LINE('',#7740,#7739);
#7742=CURVE_STYLE('',#20,POSITIVE_LENGTH_MEASURE(2.E-2),#5);
#7743=PRESENTATION_STYLE_ASSIGNMENT((#7742));
#7744=STYLED_ITEM('',(#7743),#7741);
#7745=DIRECTION('',(0.E0,1.E0,0.E0));
#7746=VECTOR('',#7745,3.5E-1);
#7747=CARTESIAN_POINT('',(2.425580012555E0,-1.15E1,-2.028974050269E0));
#7748=LINE('',#7747,#7746);
#7749=CURVE_STYLE('',#20,POSITIVE_LENGTH_MEASURE(2.E-2),#5);
#7750=PRESENTATION_STYLE_ASSIGNMENT((#7749));
#7751=STYLED_ITEM('',(#7750),#7748);
#7752=DIRECTION('',(0.E0,1.E0,0.E0));
#7753=VECTOR('',#7752,3.5E-1);
#7754=CARTESIAN_POINT('',(1.697230107400E0,-1.15E1,-3.630113418026E0));
#7755=LINE('',#7754,#7753);
#7756=CURVE_STYLE('',#20,POSITIVE_LENGTH_MEASURE(2.E-2),#5);
#7757=PRESENTATION_STYLE_ASSIGNMENT((#7756));
#7758=STYLED_ITEM('',(#7757),#7755);
#7759=DIRECTION('',(0.E0,1.E0,0.E0));
#7760=VECTOR('',#7759,3.5E-1);
#7761=CARTESIAN_POINT('',(4.360319891578E0,-1.15E1,-3.910078676998E0));
#7762=LINE('',#7761,#7760);
#7763=CURVE_STYLE('',#20,POSITIVE_LENGTH_MEASURE(2.E-2),#5);
#7764=PRESENTATION_STYLE_ASSIGNMENT((#7763));
#7765=STYLED_ITEM('',(#7764),#7762);
#7766=DIRECTION('',(0.E0,1.E0,0.E0));
#7767=VECTOR('',#7766,3.5E-1);
#7768=CARTESIAN_POINT('',(4.360319891578E0,-1.15E1,-5.257549136589E0));
#7769=LINE('',#7768,#7767);
#7770=CURVE_STYLE('',#20,POSITIVE_LENGTH_MEASURE(2.E-2),#5);
#7771=PRESENTATION_STYLE_ASSIGNMENT((#7770));
#7772=STYLED_ITEM('',(#7771),#7769);
#7773=DIRECTION('',(0.E0,1.E0,0.E0));
#7774=VECTOR('',#7773,3.5E-1);
#7775=CARTESIAN_POINT('',(-2.920917466821E0,-1.15E1,-4.491938653099E0));
#7776=LINE('',#7775,#7774);
#7777=CURVE_STYLE('',#20,POSITIVE_LENGTH_MEASURE(2.E-2),#5);
#7778=PRESENTATION_STYLE_ASSIGNMENT((#7777));
#7779=STYLED_ITEM('',(#7778),#7776);
#7780=DIRECTION('',(0.E0,1.E0,0.E0));
#7781=VECTOR('',#7780,3.5E-1);
#7782=CARTESIAN_POINT('',(-2.920697443644E0,-1.15E1,-3.144812918045E0));
#7783=LINE('',#7782,#7781);
#7784=CURVE_STYLE('',#20,POSITIVE_LENGTH_MEASURE(2.E-2),#5);
#7785=PRESENTATION_STYLE_ASSIGNMENT((#7784));
#7786=STYLED_ITEM('',(#7785),#7783);
#7787=DIRECTION('',(0.E0,1.E0,0.E0));
#7788=VECTOR('',#7787,3.5E-1);
#7789=CARTESIAN_POINT('',(-2.306957588053E0,-1.15E1,-3.209319576217E0));
#7790=LINE('',#7789,#7788);
#7791=CURVE_STYLE('',#20,POSITIVE_LENGTH_MEASURE(2.E-2),#5);
#7792=PRESENTATION_STYLE_ASSIGNMENT((#7791));
#7793=STYLED_ITEM('',(#7792),#7790);
#7794=DIRECTION('',(0.E0,1.E0,0.E0));
#7795=VECTOR('',#7794,3.5E-1);
#7796=CARTESIAN_POINT('',(-3.066553309204E0,-1.15E1,-1.419466509889E0));
#7797=LINE('',#7796,#7795);
#7798=CURVE_STYLE('',#20,POSITIVE_LENGTH_MEASURE(2.E-2),#5);
#7799=PRESENTATION_STYLE_ASSIGNMENT((#7798));
#7800=STYLED_ITEM('',(#7799),#7797);
#7801=DIRECTION('',(0.E0,1.E0,0.E0));
#7802=VECTOR('',#7801,3.5E-1);
#7803=CARTESIAN_POINT('',(2.433887388210E0,-1.15E1,-8.467746848238E0));
#7804=LINE('',#7803,#7802);
#7805=CURVE_STYLE('',#20,POSITIVE_LENGTH_MEASURE(2.E-2),#5);
#7806=PRESENTATION_STYLE_ASSIGNMENT((#7805));
#7807=STYLED_ITEM('',(#7806),#7804);
#7808=DIRECTION('',(0.E0,1.E0,0.E0));
#7809=VECTOR('',#7808,3.5E-1);
#7810=CARTESIAN_POINT('',(1.725751182222E0,-1.15E1,-1.005713172174E1));
#7811=LINE('',#7810,#7809);
#7812=CURVE_STYLE('',#20,POSITIVE_LENGTH_MEASURE(2.E-2),#5);
#7813=PRESENTATION_STYLE_ASSIGNMENT((#7812));
#7814=STYLED_ITEM('',(#7813),#7811);
#7815=DIRECTION('',(0.E0,1.E0,0.E0));
#7816=VECTOR('',#7815,3.5E-1);
#7817=CARTESIAN_POINT('',(2.283397310270E0,-1.15E1,-1.011573740632E1));
#7818=LINE('',#7817,#7816);
#7819=CURVE_STYLE('',#20,POSITIVE_LENGTH_MEASURE(2.E-2),#5);
#7820=PRESENTATION_STYLE_ASSIGNMENT((#7819));
#7821=STYLED_ITEM('',(#7820),#7818);
#7822=DIRECTION('',(0.E0,1.E0,0.E0));
#7823=VECTOR('',#7822,3.5E-1);
#7824=CARTESIAN_POINT('',(2.283397310270E0,-1.15E1,-1.146663414332E1));
#7825=LINE('',#7824,#7823);
#7826=CURVE_STYLE('',#20,POSITIVE_LENGTH_MEASURE(2.E-2),#5);
#7827=PRESENTATION_STYLE_ASSIGNMENT((#7826));
#7828=STYLED_ITEM('',(#7827),#7825);
#7829=DIRECTION('',(0.E0,1.E0,0.E0));
#7830=VECTOR('',#7829,3.5E-1);
#7831=CARTESIAN_POINT('',(-2.920917466821E0,-1.15E1,-1.091594006535E1));
#7832=LINE('',#7831,#7830);
#7833=CURVE_STYLE('',#20,POSITIVE_LENGTH_MEASURE(2.E-2),#5);
#7834=PRESENTATION_STYLE_ASSIGNMENT((#7833));
#7835=STYLED_ITEM('',(#7834),#7832);
#7836=DIRECTION('',(0.E0,1.E0,0.E0));
#7837=VECTOR('',#7836,3.5E-1);
#7838=CARTESIAN_POINT('',(-2.920697582129E0,-1.15E1,-9.568814330294E0));
#7839=LINE('',#7838,#7837);
#7840=CURVE_STYLE('',#20,POSITIVE_LENGTH_MEASURE(2.E-2),#5);
#7841=PRESENTATION_STYLE_ASSIGNMENT((#7840));
#7842=STYLED_ITEM('',(#7841),#7839);
#7843=DIRECTION('',(0.E0,1.E0,0.E0));
#7844=VECTOR('',#7843,3.5E-1);
#7845=CARTESIAN_POINT('',(-2.308028792875E0,-1.15E1,-9.633202594E0));
#7846=LINE('',#7845,#7844);
#7847=CURVE_STYLE('',#20,POSITIVE_LENGTH_MEASURE(2.E-2),#5);
#7848=PRESENTATION_STYLE_ASSIGNMENT((#7847));
#7849=STYLED_ITEM('',(#7848),#7846);
#7850=DIRECTION('',(0.E0,1.E0,0.E0));
#7851=VECTOR('',#7850,3.5E-1);
#7852=CARTESIAN_POINT('',(-3.066553723607E0,-1.15E1,-7.840223122701E0));
#7853=LINE('',#7852,#7851);
#7854=CURVE_STYLE('',#20,POSITIVE_LENGTH_MEASURE(2.E-2),#5);
#7855=PRESENTATION_STYLE_ASSIGNMENT((#7854));
#7856=STYLED_ITEM('',(#7855),#7853);
#7857=DIRECTION('',(0.E0,1.E0,0.E0));
#7858=VECTOR('',#7857,3.5E-1);
#7859=CARTESIAN_POINT('',(-3.163331676962E-1,-1.15E1,-9.865936038700E0));
#7860=LINE('',#7859,#7858);
#7861=CURVE_STYLE('',#20,POSITIVE_LENGTH_MEASURE(2.E-2),#5);
#7862=PRESENTATION_STYLE_ASSIGNMENT((#7861));
#7863=STYLED_ITEM('',(#7862),#7860);
#7864=DIRECTION('',(0.E0,1.E0,0.E0));
#7865=VECTOR('',#7864,3.5E-1);
#7866=CARTESIAN_POINT('',(-3.161997601539E-1,-1.15E1,-6.956692035062E0));
#7867=LINE('',#7866,#7865);
#7868=CURVE_STYLE('',#20,POSITIVE_LENGTH_MEASURE(2.E-2),#5);
#7869=PRESENTATION_STYLE_ASSIGNMENT((#7868));
#7870=STYLED_ITEM('',(#7869),#7867);
#7871=CARTESIAN_POINT('',(2.865E1,1.75E0,-2.642916890667E1));
#7872=DIRECTION('',(1.E0,0.E0,0.E0));
#7873=DIRECTION('',(0.E0,-9.995751137637E-1,-2.914776053509E-2));
#7874=AXIS2_PLACEMENT_3D('',#7871,#7872,#7873);
#7876=CURVE_STYLE('',#20,POSITIVE_LENGTH_MEASURE(2.E-2),#5);
#7877=PRESENTATION_STYLE_ASSIGNMENT((#7876));
#7878=STYLED_ITEM('',(#7877),#7875);
#7879=DIRECTION('',(1.E0,0.E0,3.933676072547E-14));
#7880=VECTOR('',#7879,2.709460779139E-1);
#7881=CARTESIAN_POINT('',(2.837905392209E1,-1.2E0,-2.651519135E1));
#7882=LINE('',#7881,#7880);
#7883=CURVE_STYLE('',#20,POSITIVE_LENGTH_MEASURE(2.E-2),#5);
#7884=PRESENTATION_STYLE_ASSIGNMENT((#7883));
#7885=STYLED_ITEM('',(#7884),#7882);
#7886=DIRECTION('',(0.E0,0.E0,-1.E0));
#7887=VECTOR('',#7886,3.E0);
#7888=CARTESIAN_POINT('',(2.865E1,-1.2E0,-2.351519135E1));
#7889=LINE('',#7888,#7887);
#7890=CURVE_STYLE('',#20,POSITIVE_LENGTH_MEASURE(2.E-2),#5);
#7891=PRESENTATION_STYLE_ASSIGNMENT((#7890));
#7892=STYLED_ITEM('',(#7891),#7889);
#7893=DIRECTION('',(1.E0,0.E0,0.E0));
#7894=VECTOR('',#7893,2.709460779139E-1);
#7895=CARTESIAN_POINT('',(2.837905392209E1,-1.2E0,-2.351519135E1));
#7896=LINE('',#7895,#7894);
#7897=CURVE_STYLE('',#20,POSITIVE_LENGTH_MEASURE(2.E-2),#5);
#7898=PRESENTATION_STYLE_ASSIGNMENT((#7897));
#7899=STYLED_ITEM('',(#7898),#7896);
#7900=CARTESIAN_POINT('',(2.865E1,1.75E0,-2.342916890667E1));
#7901=DIRECTION('',(1.E0,0.E0,0.E0));
#7902=DIRECTION('',(0.E0,-5.929682878260E-1,8.052258128207E-1));
#7903=AXIS2_PLACEMENT_3D('',#7900,#7901,#7902);
#7905=CURVE_STYLE('',#20,POSITIVE_LENGTH_MEASURE(2.E-2),#5);
#7906=PRESENTATION_STYLE_ASSIGNMENT((#7905));
#7907=STYLED_ITEM('',(#7906),#7904);
#7908=CARTESIAN_POINT('',(2.865E1,1.75E0,-1.549999884E1));
#7909=DIRECTION('',(1.E0,0.E0,0.E0));
#7910=DIRECTION('',(0.E0,-1.E0,0.E0));
#7911=AXIS2_PLACEMENT_3D('',#7908,#7909,#7910);
#7913=CURVE_STYLE('',#20,POSITIVE_LENGTH_MEASURE(2.E-2),#5);
#7914=PRESENTATION_STYLE_ASSIGNMENT((#7913));
#7915=STYLED_ITEM('',(#7914),#7912);
#7916=DIRECTION('',(1.E0,0.E0,0.E0));
#7917=VECTOR('',#7916,2.709460779139E-1);
#7918=CARTESIAN_POINT('',(2.837905392209E1,-1.2E0,-1.549999884E1));
#7919=LINE('',#7918,#7917);
#7920=CURVE_STYLE('',#20,POSITIVE_LENGTH_MEASURE(2.E-2),#5);
#7921=PRESENTATION_STYLE_ASSIGNMENT((#7920));
#7922=STYLED_ITEM('',(#7921),#7919);
#7923=DIRECTION('',(0.E0,0.E0,-1.E0));
#7924=VECTOR('',#7923,3.015189109998E0);
#7925=CARTESIAN_POINT('',(2.865E1,-1.2E0,-1.248480973E1));
#7926=LINE('',#7925,#7924);
#7927=CURVE_STYLE('',#20,POSITIVE_LENGTH_MEASURE(2.E-2),#5);
#7928=PRESENTATION_STYLE_ASSIGNMENT((#7927));
#7929=STYLED_ITEM('',(#7928),#7926);
#7930=DIRECTION('',(1.E0,0.E0,-3.278063393789E-14));
#7931=VECTOR('',#7930,2.709460779139E-1);
#7932=CARTESIAN_POINT('',(2.837905392209E1,-1.2E0,-1.248480973E1));
#7933=LINE('',#7932,#7931);
#7934=CURVE_STYLE('',#20,POSITIVE_LENGTH_MEASURE(2.E-2),#5);
#7935=PRESENTATION_STYLE_ASSIGNMENT((#7934));
#7936=STYLED_ITEM('',(#7935),#7933);
#7937=CARTESIAN_POINT('',(2.865E1,1.75E0,-1.257083217333E1));
#7938=DIRECTION('',(1.E0,0.E0,0.E0));
#7939=DIRECTION('',(0.E0,-5.929682878260E-1,8.052258128207E-1));
#7940=AXIS2_PLACEMENT_3D('',#7937,#7938,#7939);
#7942=CURVE_STYLE('',#20,POSITIVE_LENGTH_MEASURE(2.E-2),#5);
#7943=PRESENTATION_STYLE_ASSIGNMENT((#7942));
#7944=STYLED_ITEM('',(#7943),#7941);
#7945=CARTESIAN_POINT('',(2.865E1,1.75E0,-4.429167186667E0));
#7946=DIRECTION('',(1.E0,0.E0,0.E0));
#7947=DIRECTION('',(0.E0,-9.995751137637E-1,-2.914776053509E-2));
#7948=AXIS2_PLACEMENT_3D('',#7945,#7946,#7947);
#7950=CURVE_STYLE('',#20,POSITIVE_LENGTH_MEASURE(2.E-2),#5);
#7951=PRESENTATION_STYLE_ASSIGNMENT((#7950));
#7952=STYLED_ITEM('',(#7951),#7949);
#7953=DIRECTION('',(1.E0,0.E0,0.E0));
#7954=VECTOR('',#7953,2.709460779139E-1);
#7955=CARTESIAN_POINT('',(2.837905392209E1,-1.2E0,-4.515189629997E0));
#7956=LINE('',#7955,#7954);
#7957=CURVE_STYLE('',#20,POSITIVE_LENGTH_MEASURE(2.E-2),#5);
#7958=PRESENTATION_STYLE_ASSIGNMENT((#7957));
#7959=STYLED_ITEM('',(#7958),#7956);
#7960=DIRECTION('',(0.E0,0.E0,-1.E0));
#7961=VECTOR('',#7960,3.E0);
#7962=CARTESIAN_POINT('',(2.865E1,-1.2E0,-1.515189629997E0));
#7963=LINE('',#7962,#7961);
#7964=CURVE_STYLE('',#20,POSITIVE_LENGTH_MEASURE(2.E-2),#5);
#7965=PRESENTATION_STYLE_ASSIGNMENT((#7964));
#7966=STYLED_ITEM('',(#7965),#7963);
#7967=DIRECTION('',(1.E0,0.E0,-4.507337166460E-14));
#7968=VECTOR('',#7967,2.709460779139E-1);
#7969=CARTESIAN_POINT('',(2.837905392209E1,-1.2E0,-1.515189629997E0));
#7970=LINE('',#7969,#7968);
#7971=CURVE_STYLE('',#20,POSITIVE_LENGTH_MEASURE(2.E-2),#5);
#7972=PRESENTATION_STYLE_ASSIGNMENT((#7971));
#7973=STYLED_ITEM('',(#7972),#7970);
#7974=CARTESIAN_POINT('',(2.865E1,1.75E0,-1.429167186667E0));
#7975=DIRECTION('',(1.E0,0.E0,0.E0));
#7976=DIRECTION('',(0.E0,-5.929682878260E-1,8.052258128207E-1));
#7977=AXIS2_PLACEMENT_3D('',#7974,#7975,#7976);
#7979=CURVE_STYLE('',#20,POSITIVE_LENGTH_MEASURE(2.E-2),#5);
#7980=PRESENTATION_STYLE_ASSIGNMENT((#7979));
#7981=STYLED_ITEM('',(#7980),#7978);
#7982=CARTESIAN_POINT('',(2.865E1,1.75E0,1.142916462667E1));
#7983=DIRECTION('',(1.E0,0.E0,0.E0));
#7984=DIRECTION('',(0.E0,-9.995751137637E-1,2.914776053509E-2));
#7985=AXIS2_PLACEMENT_3D('',#7982,#7983,#7984);
#7987=CURVE_STYLE('',#20,POSITIVE_LENGTH_MEASURE(2.E-2),#5);
#7988=PRESENTATION_STYLE_ASSIGNMENT((#7987));
#7989=STYLED_ITEM('',(#7988),#7986);
#7990=DIRECTION('',(1.E0,0.E0,2.622450715031E-14));
#7991=VECTOR('',#7990,2.709460779139E-1);
#7992=CARTESIAN_POINT('',(2.837905392209E1,-1.2E0,1.151518707E1));
#7993=LINE('',#7992,#7991);
#7994=CURVE_STYLE('',#20,POSITIVE_LENGTH_MEASURE(2.E-2),#5);
#7995=PRESENTATION_STYLE_ASSIGNMENT((#7994));
#7996=STYLED_ITEM('',(#7995),#7993);
#7997=DIRECTION('',(0.E0,0.E0,-1.E0));
#7998=VECTOR('',#7997,2.969621780004E0);
#7999=CARTESIAN_POINT('',(2.865E1,-1.2E0,1.448480885E1));
#8000=LINE('',#7999,#7998);
#8001=CURVE_STYLE('',#20,POSITIVE_LENGTH_MEASURE(2.E-2),#5);
#8002=PRESENTATION_STYLE_ASSIGNMENT((#8001));
#8003=STYLED_ITEM('',(#8002),#8000);
#8004=DIRECTION('',(1.E0,0.E0,0.E0));
#8005=VECTOR('',#8004,2.709460779139E-1);
#8006=CARTESIAN_POINT('',(2.837905392209E1,-1.2E0,1.448480885E1));
#8007=LINE('',#8006,#8005);
#8008=CURVE_STYLE('',#20,POSITIVE_LENGTH_MEASURE(2.E-2),#5);
#8009=PRESENTATION_STYLE_ASSIGNMENT((#8008));
#8010=STYLED_ITEM('',(#8009),#8007);
#8011=CARTESIAN_POINT('',(2.865E1,1.75E0,1.457083129333E1));
#8012=DIRECTION('',(1.E0,0.E0,0.E0));
#8013=DIRECTION('',(0.E0,-5.929682878260E-1,8.052258128207E-1));
#8014=AXIS2_PLACEMENT_3D('',#8011,#8012,#8013);
#8016=CURVE_STYLE('',#20,POSITIVE_LENGTH_MEASURE(2.E-2),#5);
#8017=PRESENTATION_STYLE_ASSIGNMENT((#8016));
#8018=STYLED_ITEM('',(#8017),#8015);
#8019=CARTESIAN_POINT('',(2.7E1,0.E0,4.75E1));
#8020=CARTESIAN_POINT('',(2.95E1,0.E0,4.5E1));
#8021=VERTEX_POINT('',#8019);
#8022=VERTEX_POINT('',#8020);
#8023=CARTESIAN_POINT('',(2.95E1,0.E0,-4.5E1));
#8024=CARTESIAN_POINT('',(2.7E1,0.E0,-4.75E1));
#8025=VERTEX_POINT('',#8023);
#8026=VERTEX_POINT('',#8024);
#8027=CARTESIAN_POINT('',(-2.7E1,0.E0,-4.75E1));
#8028=CARTESIAN_POINT('',(-2.95E1,0.E0,-4.5E1));
#8029=VERTEX_POINT('',#8027);
#8030=VERTEX_POINT('',#8028);
#8031=CARTESIAN_POINT('',(-2.95E1,0.E0,4.5E1));
#8032=VERTEX_POINT('',#8031);
#8033=CARTESIAN_POINT('',(-2.7E1,0.E0,4.75E1));
#8034=VERTEX_POINT('',#8033);
#8035=CARTESIAN_POINT('',(2.85E1,-1.15E1,4.5E1));
#8036=CARTESIAN_POINT('',(2.7E1,-1.15E1,4.65E1));
#8037=VERTEX_POINT('',#8035);
#8038=VERTEX_POINT('',#8036);
#8039=CARTESIAN_POINT('',(2.95E1,-1.05E1,4.5E1));
#8040=CARTESIAN_POINT('',(2.7E1,-1.05E1,4.75E1));
#8041=VERTEX_POINT('',#8039);
#8042=VERTEX_POINT('',#8040);
#8043=CARTESIAN_POINT('',(-2.7E1,-1.15E1,4.65E1));
#8044=VERTEX_POINT('',#8043);
#8045=CARTESIAN_POINT('',(-2.699999999826E1,-1.05E1,4.75E1));
#8046=VERTEX_POINT('',#8045);
#8047=CARTESIAN_POINT('',(-2.85E1,-1.15E1,4.5E1));
#8048=VERTEX_POINT('',#8047);
#8049=CARTESIAN_POINT('',(-2.95E1,-1.05E1,4.5E1));
#8050=VERTEX_POINT('',#8049);
#8051=CARTESIAN_POINT('',(-2.85E1,-1.15E1,-4.5E1));
#8052=VERTEX_POINT('',#8051);
#8053=CARTESIAN_POINT('',(-2.95E1,-1.05E1,-4.499999999826E1));
#8054=VERTEX_POINT('',#8053);
#8055=CARTESIAN_POINT('',(-2.7E1,-1.15E1,-4.65E1));
#8056=VERTEX_POINT('',#8055);
#8057=CARTESIAN_POINT('',(-2.7E1,-1.05E1,-4.75E1));
#8058=VERTEX_POINT('',#8057);
#8059=CARTESIAN_POINT('',(2.7E1,-1.15E1,-4.65E1));
#8060=VERTEX_POINT('',#8059);
#8061=CARTESIAN_POINT('',(2.699999999826E1,-1.05E1,-4.75E1));
#8062=VERTEX_POINT('',#8061);
#8063=CARTESIAN_POINT('',(2.85E1,-1.15E1,-4.5E1));
#8064=VERTEX_POINT('',#8063);
#8065=CARTESIAN_POINT('',(2.95E1,-1.05E1,-4.5E1));
#8066=VERTEX_POINT('',#8065);
#8067=CARTESIAN_POINT('',(2.75E1,-9.5E0,4.5E1));
#8068=CARTESIAN_POINT('',(2.7E1,-9.5E0,4.55E1));
#8069=VERTEX_POINT('',#8067);
#8070=VERTEX_POINT('',#8068);
#8071=CARTESIAN_POINT('',(-2.7E1,-9.5E0,4.55E1));
#8072=CARTESIAN_POINT('',(-2.75E1,-9.5E0,4.5E1));
#8073=VERTEX_POINT('',#8071);
#8074=VERTEX_POINT('',#8072);
#8075=CARTESIAN_POINT('',(-2.75E1,-9.5E0,-4.5E1));
#8076=CARTESIAN_POINT('',(-2.7E1,-9.5E0,-4.55E1));
#8077=VERTEX_POINT('',#8075);
#8078=VERTEX_POINT('',#8076);
#8079=CARTESIAN_POINT('',(2.7E1,-9.5E0,-4.55E1));
#8080=CARTESIAN_POINT('',(2.75E1,-9.5E0,-4.5E1));
#8081=VERTEX_POINT('',#8079);
#8082=VERTEX_POINT('',#8080);
#8083=CARTESIAN_POINT('',(2.7E1,-3.E0,4.55E1));
#8084=CARTESIAN_POINT('',(2.75E1,-3.E0,4.5E1));
#8085=VERTEX_POINT('',#8083);
#8086=VERTEX_POINT('',#8084);
#8087=CARTESIAN_POINT('',(2.75E1,-3.E0,-4.5E1));
#8088=CARTESIAN_POINT('',(2.7E1,-3.E0,-4.55E1));
#8089=VERTEX_POINT('',#8087);
#8090=VERTEX_POINT('',#8088);
#8091=CARTESIAN_POINT('',(-2.7E1,-3.E0,-4.55E1));
#8092=CARTESIAN_POINT('',(-2.75E1,-3.E0,-4.5E1));
#8093=VERTEX_POINT('',#8091);
#8094=VERTEX_POINT('',#8092);
#8095=CARTESIAN_POINT('',(-2.75E1,-3.E0,4.5E1));
#8096=CARTESIAN_POINT('',(-2.7E1,-3.E0,4.55E1));
#8097=VERTEX_POINT('',#8095);
#8098=VERTEX_POINT('',#8096);
#8099=CARTESIAN_POINT('',(-2.7E1,-3.E0,4.634763480522E1));
#8100=CARTESIAN_POINT('',(2.7E1,-3.E0,4.634763480522E1));
#8101=VERTEX_POINT('',#8099);
#8102=VERTEX_POINT('',#8100);
#8103=CARTESIAN_POINT('',(2.834763480522E1,-3.E0,4.5E1));
#8104=VERTEX_POINT('',#8103);
#8105=CARTESIAN_POINT('',(2.834763480522E1,-3.E0,-4.5E1));
#8106=VERTEX_POINT('',#8105);
#8107=CARTESIAN_POINT('',(2.7E1,-3.E0,-4.634763480522E1));
#8108=VERTEX_POINT('',#8107);
#8109=CARTESIAN_POINT('',(-2.7E1,-3.E0,-4.634763480522E1));
#8110=VERTEX_POINT('',#8109);
#8111=CARTESIAN_POINT('',(-2.834763480522E1,-3.E0,-4.5E1));
#8112=VERTEX_POINT('',#8111);
#8113=CARTESIAN_POINT('',(-2.834763480522E1,-3.E0,4.5E1));
#8114=VERTEX_POINT('',#8113);
#8115=CARTESIAN_POINT('',(2.7E1,0.E0,4.64E1));
#8116=CARTESIAN_POINT('',(2.84E1,0.E0,4.5E1));
#8117=VERTEX_POINT('',#8115);
#8118=VERTEX_POINT('',#8116);
#8119=CARTESIAN_POINT('',(2.84E1,0.E0,-4.5E1));
#8120=CARTESIAN_POINT('',(2.7E1,0.E0,-4.64E1));
#8121=VERTEX_POINT('',#8119);
#8122=VERTEX_POINT('',#8120);
#8123=CARTESIAN_POINT('',(-2.7E1,0.E0,-4.64E1));
#8124=CARTESIAN_POINT('',(-2.84E1,0.E0,-4.5E1));
#8125=VERTEX_POINT('',#8123);
#8126=VERTEX_POINT('',#8124);
#8127=CARTESIAN_POINT('',(-2.84E1,0.E0,4.5E1));
#8128=CARTESIAN_POINT('',(-2.7E1,0.E0,4.64E1));
#8129=VERTEX_POINT('',#8127);
#8130=VERTEX_POINT('',#8128);
#8131=CARTESIAN_POINT('',(-4.675E0,-7.3E0,-2.503491162434E1));
#8132=CARTESIAN_POINT('',(-4.675E0,-7.3E0,-1.568491162434E1));
#8133=VERTEX_POINT('',#8131);
#8134=VERTEX_POINT('',#8132);
#8135=CARTESIAN_POINT('',(4.675E0,-7.3E0,-1.568491162434E1));
#8136=VERTEX_POINT('',#8135);
#8137=CARTESIAN_POINT('',(4.675E0,-7.3E0,-2.503491162434E1));
#8138=VERTEX_POINT('',#8137);
#8139=CARTESIAN_POINT('',(-3.675E0,-7.3E0,-2.403491162434E1));
#8140=CARTESIAN_POINT('',(3.675E0,-7.3E0,-2.403491162434E1));
#8141=VERTEX_POINT('',#8139);
#8142=VERTEX_POINT('',#8140);
#8143=CARTESIAN_POINT('',(3.675E0,-7.3E0,-1.668491162434E1));
#8144=VERTEX_POINT('',#8143);
#8145=CARTESIAN_POINT('',(-3.675E0,-7.3E0,-1.668491162434E1));
#8146=VERTEX_POINT('',#8145);
#8147=CARTESIAN_POINT('',(-4.675E0,-9.5E0,-2.503491162434E1));
#8148=CARTESIAN_POINT('',(-4.675E0,-9.5E0,-1.568491162434E1));
#8149=VERTEX_POINT('',#8147);
#8150=VERTEX_POINT('',#8148);
#8151=CARTESIAN_POINT('',(4.675E0,-9.5E0,-1.568491162434E1));
#8152=VERTEX_POINT('',#8151);
#8153=CARTESIAN_POINT('',(4.675E0,-9.5E0,-2.503491162434E1));
#8154=VERTEX_POINT('',#8153);
#8155=CARTESIAN_POINT('',(-4.25E0,-1.12E1,-2.035991162434E1));
#8156=CARTESIAN_POINT('',(4.25E0,-1.12E1,-2.035991162434E1));
#8157=VERTEX_POINT('',#8155);
#8158=VERTEX_POINT('',#8156);
#8159=CARTESIAN_POINT('',(-4.25E0,-1.15E1,-2.035991162434E1));
#8160=CARTESIAN_POINT('',(4.25E0,-1.15E1,-2.035991162434E1));
#8161=VERTEX_POINT('',#8159);
#8162=VERTEX_POINT('',#8160);
#8163=CARTESIAN_POINT('',(-3.675E0,-1.E1,-2.403491162434E1));
#8164=CARTESIAN_POINT('',(-3.675E0,-1.E1,-1.668491162434E1));
#8165=VERTEX_POINT('',#8163);
#8166=VERTEX_POINT('',#8164);
#8167=CARTESIAN_POINT('',(3.675E0,-1.E1,-1.668491162434E1));
#8168=VERTEX_POINT('',#8167);
#8169=CARTESIAN_POINT('',(3.675E0,-1.E1,-2.403491162434E1));
#8170=VERTEX_POINT('',#8169);
#8171=CARTESIAN_POINT('',(-2.75E0,-1.E1,-2.035991162434E1));
#8172=CARTESIAN_POINT('',(2.75E0,-1.E1,-2.035991162434E1));
#8173=VERTEX_POINT('',#8171);
#8174=VERTEX_POINT('',#8172);
#8175=CARTESIAN_POINT('',(-3.5E0,-1.09E1,-2.035991162434E1));
#8176=CARTESIAN_POINT('',(3.5E0,-1.09E1,-2.035991162434E1));
#8177=VERTEX_POINT('',#8175);
#8178=VERTEX_POINT('',#8176);
#8179=CARTESIAN_POINT('',(-2.75E0,-1.09E1,-2.035991162434E1));
#8180=CARTESIAN_POINT('',(2.75E0,-1.09E1,-2.035991162434E1));
#8181=VERTEX_POINT('',#8179);
#8182=VERTEX_POINT('',#8180);
#8183=CARTESIAN_POINT('',(-3.5E0,-1.12E1,-2.035991162434E1));
#8184=CARTESIAN_POINT('',(3.5E0,-1.12E1,-2.035991162434E1));
#8185=VERTEX_POINT('',#8183);
#8186=VERTEX_POINT('',#8184);
#8187=CARTESIAN_POINT('',(2.06E1,-1.7E0,4.2E1));
#8188=CARTESIAN_POINT('',(2.74E1,-1.7E0,4.2E1));
#8189=VERTEX_POINT('',#8187);
#8190=VERTEX_POINT('',#8188);
#8191=CARTESIAN_POINT('',(2.24E1,-1.7E0,4.2E1));
#8192=CARTESIAN_POINT('',(2.56E1,-1.7E0,4.2E1));
#8193=VERTEX_POINT('',#8191);
#8194=VERTEX_POINT('',#8192);
#8195=CARTESIAN_POINT('',(-2.74E1,-1.7E0,4.2E1));
#8196=CARTESIAN_POINT('',(-2.06E1,-1.7E0,4.2E1));
#8197=VERTEX_POINT('',#8195);
#8198=VERTEX_POINT('',#8196);
#8199=CARTESIAN_POINT('',(-2.56E1,-1.7E0,4.2E1));
#8200=CARTESIAN_POINT('',(-2.24E1,-1.7E0,4.2E1));
#8201=VERTEX_POINT('',#8199);
#8202=VERTEX_POINT('',#8200);
#8203=CARTESIAN_POINT('',(2.06E1,-9.5E0,4.2E1));
#8204=VERTEX_POINT('',#8203);
#8205=CARTESIAN_POINT('',(-2.06E1,-9.5E0,4.2E1));
#8206=VERTEX_POINT('',#8205);
#8207=CARTESIAN_POINT('',(2.56E1,-3.7E0,4.2E1));
#8208=CARTESIAN_POINT('',(2.24E1,-3.7E0,4.2E1));
#8209=VERTEX_POINT('',#8207);
#8210=VERTEX_POINT('',#8208);
#8211=CARTESIAN_POINT('',(-2.24E1,-3.7E0,4.2E1));
#8212=CARTESIAN_POINT('',(-2.56E1,-3.7E0,4.2E1));
#8213=VERTEX_POINT('',#8211);
#8214=VERTEX_POINT('',#8212);
#8215=CARTESIAN_POINT('',(2.4E1,-3.7E0,3.95E1));
#8216=CARTESIAN_POINT('',(2.4E1,-3.7E0,4.45E1));
#8217=VERTEX_POINT('',#8215);
#8218=VERTEX_POINT('',#8216);
#8219=CARTESIAN_POINT('',(-2.4E1,-3.7E0,3.95E1));
#8220=CARTESIAN_POINT('',(-2.4E1,-3.7E0,4.45E1));
#8221=VERTEX_POINT('',#8219);
#8222=VERTEX_POINT('',#8220);
#8223=CARTESIAN_POINT('',(2.4E1,-1.15E1,3.936385049356E1));
#8224=CARTESIAN_POINT('',(2.4E1,-1.15E1,4.463614950644E1));
#8225=VERTEX_POINT('',#8223);
#8226=VERTEX_POINT('',#8224);
#8227=CARTESIAN_POINT('',(-2.4E1,-1.15E1,3.936385049356E1));
#8228=CARTESIAN_POINT('',(-2.4E1,-1.15E1,4.463614950644E1));
#8229=VERTEX_POINT('',#8227);
#8230=VERTEX_POINT('',#8228);
#8231=CARTESIAN_POINT('',(2.06E1,-1.7E0,-4.2E1));
#8232=CARTESIAN_POINT('',(2.74E1,-1.7E0,-4.2E1));
#8233=VERTEX_POINT('',#8231);
#8234=VERTEX_POINT('',#8232);
#8235=CARTESIAN_POINT('',(-2.56E1,-1.7E0,-4.2E1));
#8236=CARTESIAN_POINT('',(-2.24E1,-1.7E0,-4.2E1));
#8237=VERTEX_POINT('',#8235);
#8238=VERTEX_POINT('',#8236);
#8239=CARTESIAN_POINT('',(-2.74E1,-1.7E0,-4.2E1));
#8240=CARTESIAN_POINT('',(-2.06E1,-1.7E0,-4.2E1));
#8241=VERTEX_POINT('',#8239);
#8242=VERTEX_POINT('',#8240);
#8243=CARTESIAN_POINT('',(2.06E1,-9.5E0,-4.2E1));
#8244=VERTEX_POINT('',#8243);
#8245=CARTESIAN_POINT('',(-2.06E1,-9.5E0,-4.2E1));
#8246=VERTEX_POINT('',#8245);
#8247=CARTESIAN_POINT('',(-2.24E1,-3.7E0,-4.2E1));
#8248=CARTESIAN_POINT('',(-2.56E1,-3.7E0,-4.2E1));
#8249=VERTEX_POINT('',#8247);
#8250=VERTEX_POINT('',#8248);
#8251=CARTESIAN_POINT('',(-2.4E1,-3.7E0,-4.45E1));
#8252=CARTESIAN_POINT('',(-2.4E1,-3.7E0,-3.95E1));
#8253=VERTEX_POINT('',#8251);
#8254=VERTEX_POINT('',#8252);
#8255=CARTESIAN_POINT('',(-2.4E1,-1.15E1,-4.463614950644E1));
#8256=CARTESIAN_POINT('',(-2.4E1,-1.15E1,-3.936385049356E1));
#8257=VERTEX_POINT('',#8255);
#8258=VERTEX_POINT('',#8256);
#8259=CARTESIAN_POINT('',(0.E0,-1.15E1,3.11E1));
#8260=CARTESIAN_POINT('',(0.E0,-1.15E1,3.29E1));
#8261=VERTEX_POINT('',#8259);
#8262=VERTEX_POINT('',#8260);
#8263=CARTESIAN_POINT('',(0.E0,-9.5E0,3.11E1));
#8264=CARTESIAN_POINT('',(0.E0,-9.5E0,3.29E1));
#8265=VERTEX_POINT('',#8263);
#8266=VERTEX_POINT('',#8264);
#8267=CARTESIAN_POINT('',(-5.E0,-9.E0,4.05E1));
#8268=CARTESIAN_POINT('',(-5.E0,-9.E0,2.35E1));
#8269=VERTEX_POINT('',#8267);
#8270=VERTEX_POINT('',#8268);
#8271=CARTESIAN_POINT('',(0.E0,-1.15E1,2.81E1));
#8272=CARTESIAN_POINT('',(0.E0,-1.15E1,2.99E1));
#8273=VERTEX_POINT('',#8271);
#8274=VERTEX_POINT('',#8272);
#8275=CARTESIAN_POINT('',(0.E0,-9.5E0,2.81E1));
#8276=CARTESIAN_POINT('',(0.E0,-9.5E0,2.99E1));
#8277=VERTEX_POINT('',#8275);
#8278=VERTEX_POINT('',#8276);
#8279=CARTESIAN_POINT('',(3.E0,-1.15E1,2.81E1));
#8280=CARTESIAN_POINT('',(3.E0,-1.15E1,2.99E1));
#8281=VERTEX_POINT('',#8279);
#8282=VERTEX_POINT('',#8280);
#8283=CARTESIAN_POINT('',(3.E0,-9.5E0,2.81E1));
#8284=CARTESIAN_POINT('',(3.E0,-9.5E0,2.99E1));
#8285=VERTEX_POINT('',#8283);
#8286=VERTEX_POINT('',#8284);
#8287=CARTESIAN_POINT('',(3.E0,-1.15E1,3.11E1));
#8288=CARTESIAN_POINT('',(3.E0,-1.15E1,3.29E1));
#8289=VERTEX_POINT('',#8287);
#8290=VERTEX_POINT('',#8288);
#8291=CARTESIAN_POINT('',(3.E0,-9.5E0,3.11E1));
#8292=CARTESIAN_POINT('',(3.E0,-9.5E0,3.29E1));
#8293=VERTEX_POINT('',#8291);
#8294=VERTEX_POINT('',#8292);
#8295=CARTESIAN_POINT('',(3.E0,-1.15E1,3.41E1));
#8296=CARTESIAN_POINT('',(3.E0,-1.15E1,3.59E1));
#8297=VERTEX_POINT('',#8295);
#8298=VERTEX_POINT('',#8296);
#8299=CARTESIAN_POINT('',(3.E0,-9.5E0,3.41E1));
#8300=CARTESIAN_POINT('',(3.E0,-9.5E0,3.59E1));
#8301=VERTEX_POINT('',#8299);
#8302=VERTEX_POINT('',#8300);
#8303=CARTESIAN_POINT('',(0.E0,-1.15E1,3.41E1));
#8304=CARTESIAN_POINT('',(0.E0,-1.15E1,3.59E1));
#8305=VERTEX_POINT('',#8303);
#8306=VERTEX_POINT('',#8304);
#8307=CARTESIAN_POINT('',(0.E0,-9.5E0,3.41E1));
#8308=CARTESIAN_POINT('',(0.E0,-9.5E0,3.59E1));
#8309=VERTEX_POINT('',#8307);
#8310=VERTEX_POINT('',#8308);
#8311=CARTESIAN_POINT('',(-3.E0,-1.15E1,3.41E1));
#8312=CARTESIAN_POINT('',(-3.E0,-1.15E1,3.59E1));
#8313=VERTEX_POINT('',#8311);
#8314=VERTEX_POINT('',#8312);
#8315=CARTESIAN_POINT('',(-3.E0,-9.5E0,3.41E1));
#8316=CARTESIAN_POINT('',(-3.E0,-9.5E0,3.59E1));
#8317=VERTEX_POINT('',#8315);
#8318=VERTEX_POINT('',#8316);
#8319=CARTESIAN_POINT('',(-3.E0,-1.15E1,3.11E1));
#8320=CARTESIAN_POINT('',(-3.E0,-1.15E1,3.29E1));
#8321=VERTEX_POINT('',#8319);
#8322=VERTEX_POINT('',#8320);
#8323=CARTESIAN_POINT('',(-3.E0,-9.5E0,3.11E1));
#8324=CARTESIAN_POINT('',(-3.E0,-9.5E0,3.29E1));
#8325=VERTEX_POINT('',#8323);
#8326=VERTEX_POINT('',#8324);
#8327=CARTESIAN_POINT('',(-3.E0,-1.15E1,2.81E1));
#8328=CARTESIAN_POINT('',(-3.E0,-1.15E1,2.99E1));
#8329=VERTEX_POINT('',#8327);
#8330=VERTEX_POINT('',#8328);
#8331=CARTESIAN_POINT('',(-3.E0,-9.5E0,2.81E1));
#8332=CARTESIAN_POINT('',(-3.E0,-9.5E0,2.99E1));
#8333=VERTEX_POINT('',#8331);
#8334=VERTEX_POINT('',#8332);
#8335=CARTESIAN_POINT('',(-3.E0,-1.15E1,2.51E1));
#8336=CARTESIAN_POINT('',(-3.E0,-1.15E1,2.69E1));
#8337=VERTEX_POINT('',#8335);
#8338=VERTEX_POINT('',#8336);
#8339=CARTESIAN_POINT('',(-3.E0,-9.5E0,2.51E1));
#8340=CARTESIAN_POINT('',(-3.E0,-9.5E0,2.69E1));
#8341=VERTEX_POINT('',#8339);
#8342=VERTEX_POINT('',#8340);
#8343=CARTESIAN_POINT('',(0.E0,-1.15E1,2.51E1));
#8344=CARTESIAN_POINT('',(0.E0,-1.15E1,2.69E1));
#8345=VERTEX_POINT('',#8343);
#8346=VERTEX_POINT('',#8344);
#8347=CARTESIAN_POINT('',(0.E0,-9.5E0,2.51E1));
#8348=CARTESIAN_POINT('',(0.E0,-9.5E0,2.69E1));
#8349=VERTEX_POINT('',#8347);
#8350=VERTEX_POINT('',#8348);
#8351=CARTESIAN_POINT('',(3.E0,-1.15E1,2.51E1));
#8352=CARTESIAN_POINT('',(3.E0,-1.15E1,2.69E1));
#8353=VERTEX_POINT('',#8351);
#8354=VERTEX_POINT('',#8352);
#8355=CARTESIAN_POINT('',(3.E0,-9.5E0,2.51E1));
#8356=CARTESIAN_POINT('',(3.E0,-9.5E0,2.69E1));
#8357=VERTEX_POINT('',#8355);
#8358=VERTEX_POINT('',#8356);
#8359=CARTESIAN_POINT('',(6.E0,-1.15E1,2.51E1));
#8360=CARTESIAN_POINT('',(6.E0,-1.15E1,2.69E1));
#8361=VERTEX_POINT('',#8359);
#8362=VERTEX_POINT('',#8360);
#8363=CARTESIAN_POINT('',(6.E0,-9.5E0,2.51E1));
#8364=CARTESIAN_POINT('',(6.E0,-9.5E0,2.69E1));
#8365=VERTEX_POINT('',#8363);
#8366=VERTEX_POINT('',#8364);
#8367=CARTESIAN_POINT('',(6.E0,-1.15E1,2.81E1));
#8368=CARTESIAN_POINT('',(6.E0,-1.15E1,2.99E1));
#8369=VERTEX_POINT('',#8367);
#8370=VERTEX_POINT('',#8368);
#8371=CARTESIAN_POINT('',(6.E0,-9.5E0,2.81E1));
#8372=CARTESIAN_POINT('',(6.E0,-9.5E0,2.99E1));
#8373=VERTEX_POINT('',#8371);
#8374=VERTEX_POINT('',#8372);
#8375=CARTESIAN_POINT('',(6.E0,-1.15E1,3.11E1));
#8376=CARTESIAN_POINT('',(6.E0,-1.15E1,3.29E1));
#8377=VERTEX_POINT('',#8375);
#8378=VERTEX_POINT('',#8376);
#8379=CARTESIAN_POINT('',(6.E0,-9.5E0,3.11E1));
#8380=CARTESIAN_POINT('',(6.E0,-9.5E0,3.29E1));
#8381=VERTEX_POINT('',#8379);
#8382=VERTEX_POINT('',#8380);
#8383=CARTESIAN_POINT('',(6.E0,-1.15E1,3.41E1));
#8384=CARTESIAN_POINT('',(6.E0,-1.15E1,3.59E1));
#8385=VERTEX_POINT('',#8383);
#8386=VERTEX_POINT('',#8384);
#8387=CARTESIAN_POINT('',(6.E0,-9.5E0,3.41E1));
#8388=CARTESIAN_POINT('',(6.E0,-9.5E0,3.59E1));
#8389=VERTEX_POINT('',#8387);
#8390=VERTEX_POINT('',#8388);
#8391=CARTESIAN_POINT('',(6.E0,-1.15E1,3.71E1));
#8392=CARTESIAN_POINT('',(6.E0,-1.15E1,3.89E1));
#8393=VERTEX_POINT('',#8391);
#8394=VERTEX_POINT('',#8392);
#8395=CARTESIAN_POINT('',(6.E0,-9.5E0,3.71E1));
#8396=CARTESIAN_POINT('',(6.E0,-9.5E0,3.89E1));
#8397=VERTEX_POINT('',#8395);
#8398=VERTEX_POINT('',#8396);
#8399=CARTESIAN_POINT('',(3.E0,-1.15E1,3.71E1));
#8400=CARTESIAN_POINT('',(3.E0,-1.15E1,3.89E1));
#8401=VERTEX_POINT('',#8399);
#8402=VERTEX_POINT('',#8400);
#8403=CARTESIAN_POINT('',(3.E0,-9.5E0,3.71E1));
#8404=CARTESIAN_POINT('',(3.E0,-9.5E0,3.89E1));
#8405=VERTEX_POINT('',#8403);
#8406=VERTEX_POINT('',#8404);
#8407=CARTESIAN_POINT('',(0.E0,-1.15E1,3.71E1));
#8408=CARTESIAN_POINT('',(0.E0,-1.15E1,3.89E1));
#8409=VERTEX_POINT('',#8407);
#8410=VERTEX_POINT('',#8408);
#8411=CARTESIAN_POINT('',(0.E0,-9.5E0,3.71E1));
#8412=CARTESIAN_POINT('',(0.E0,-9.5E0,3.89E1));
#8413=VERTEX_POINT('',#8411);
#8414=VERTEX_POINT('',#8412);
#8415=CARTESIAN_POINT('',(-3.E0,-1.15E1,3.71E1));
#8416=CARTESIAN_POINT('',(-3.E0,-1.15E1,3.89E1));
#8417=VERTEX_POINT('',#8415);
#8418=VERTEX_POINT('',#8416);
#8419=CARTESIAN_POINT('',(-3.E0,-9.5E0,3.71E1));
#8420=CARTESIAN_POINT('',(-3.E0,-9.5E0,3.89E1));
#8421=VERTEX_POINT('',#8419);
#8422=VERTEX_POINT('',#8420);
#8423=CARTESIAN_POINT('',(-6.E0,-1.15E1,3.71E1));
#8424=CARTESIAN_POINT('',(-6.E0,-1.15E1,3.89E1));
#8425=VERTEX_POINT('',#8423);
#8426=VERTEX_POINT('',#8424);
#8427=CARTESIAN_POINT('',(-6.E0,-9.5E0,3.71E1));
#8428=CARTESIAN_POINT('',(-6.E0,-9.5E0,3.89E1));
#8429=VERTEX_POINT('',#8427);
#8430=VERTEX_POINT('',#8428);
#8431=CARTESIAN_POINT('',(-6.E0,-1.15E1,3.41E1));
#8432=CARTESIAN_POINT('',(-6.E0,-1.15E1,3.59E1));
#8433=VERTEX_POINT('',#8431);
#8434=VERTEX_POINT('',#8432);
#8435=CARTESIAN_POINT('',(-6.E0,-9.5E0,3.41E1));
#8436=CARTESIAN_POINT('',(-6.E0,-9.5E0,3.59E1));
#8437=VERTEX_POINT('',#8435);
#8438=VERTEX_POINT('',#8436);
#8439=CARTESIAN_POINT('',(-6.E0,-1.15E1,3.11E1));
#8440=CARTESIAN_POINT('',(-6.E0,-1.15E1,3.29E1));
#8441=VERTEX_POINT('',#8439);
#8442=VERTEX_POINT('',#8440);
#8443=CARTESIAN_POINT('',(-6.E0,-9.5E0,3.11E1));
#8444=CARTESIAN_POINT('',(-6.E0,-9.5E0,3.29E1));
#8445=VERTEX_POINT('',#8443);
#8446=VERTEX_POINT('',#8444);
#8447=CARTESIAN_POINT('',(-6.E0,-1.15E1,2.81E1));
#8448=CARTESIAN_POINT('',(-6.E0,-1.15E1,2.99E1));
#8449=VERTEX_POINT('',#8447);
#8450=VERTEX_POINT('',#8448);
#8451=CARTESIAN_POINT('',(-6.E0,-9.5E0,2.81E1));
#8452=CARTESIAN_POINT('',(-6.E0,-9.5E0,2.99E1));
#8453=VERTEX_POINT('',#8451);
#8454=VERTEX_POINT('',#8452);
#8455=CARTESIAN_POINT('',(-6.E0,-1.15E1,2.51E1));
#8456=CARTESIAN_POINT('',(-6.E0,-1.15E1,2.69E1));
#8457=VERTEX_POINT('',#8455);
#8458=VERTEX_POINT('',#8456);
#8459=CARTESIAN_POINT('',(-6.E0,-9.5E0,2.51E1));
#8460=CARTESIAN_POINT('',(-6.E0,-9.5E0,2.69E1));
#8461=VERTEX_POINT('',#8459);
#8462=VERTEX_POINT('',#8460);
#8463=CARTESIAN_POINT('',(9.E0,-1.15E1,2.51E1));
#8464=CARTESIAN_POINT('',(9.E0,-1.15E1,2.69E1));
#8465=VERTEX_POINT('',#8463);
#8466=VERTEX_POINT('',#8464);
#8467=CARTESIAN_POINT('',(9.E0,-9.5E0,2.51E1));
#8468=CARTESIAN_POINT('',(9.E0,-9.5E0,2.69E1));
#8469=VERTEX_POINT('',#8467);
#8470=VERTEX_POINT('',#8468);
#8471=CARTESIAN_POINT('',(9.E0,-1.15E1,2.81E1));
#8472=CARTESIAN_POINT('',(9.E0,-1.15E1,2.99E1));
#8473=VERTEX_POINT('',#8471);
#8474=VERTEX_POINT('',#8472);
#8475=CARTESIAN_POINT('',(9.E0,-9.5E0,2.81E1));
#8476=CARTESIAN_POINT('',(9.E0,-9.5E0,2.99E1));
#8477=VERTEX_POINT('',#8475);
#8478=VERTEX_POINT('',#8476);
#8479=CARTESIAN_POINT('',(9.E0,-1.15E1,3.11E1));
#8480=CARTESIAN_POINT('',(9.E0,-1.15E1,3.29E1));
#8481=VERTEX_POINT('',#8479);
#8482=VERTEX_POINT('',#8480);
#8483=CARTESIAN_POINT('',(9.E0,-9.5E0,3.11E1));
#8484=CARTESIAN_POINT('',(9.E0,-9.5E0,3.29E1));
#8485=VERTEX_POINT('',#8483);
#8486=VERTEX_POINT('',#8484);
#8487=CARTESIAN_POINT('',(9.E0,-1.15E1,3.41E1));
#8488=CARTESIAN_POINT('',(9.E0,-1.15E1,3.59E1));
#8489=VERTEX_POINT('',#8487);
#8490=VERTEX_POINT('',#8488);
#8491=CARTESIAN_POINT('',(9.E0,-9.5E0,3.41E1));
#8492=CARTESIAN_POINT('',(9.E0,-9.5E0,3.59E1));
#8493=VERTEX_POINT('',#8491);
#8494=VERTEX_POINT('',#8492);
#8495=CARTESIAN_POINT('',(9.E0,-1.15E1,3.71E1));
#8496=CARTESIAN_POINT('',(9.E0,-1.15E1,3.89E1));
#8497=VERTEX_POINT('',#8495);
#8498=VERTEX_POINT('',#8496);
#8499=CARTESIAN_POINT('',(9.E0,-9.5E0,3.71E1));
#8500=CARTESIAN_POINT('',(9.E0,-9.5E0,3.89E1));
#8501=VERTEX_POINT('',#8499);
#8502=VERTEX_POINT('',#8500);
#8503=CARTESIAN_POINT('',(-9.E0,-1.15E1,3.71E1));
#8504=CARTESIAN_POINT('',(-9.E0,-1.15E1,3.89E1));
#8505=VERTEX_POINT('',#8503);
#8506=VERTEX_POINT('',#8504);
#8507=CARTESIAN_POINT('',(-9.E0,-9.5E0,3.71E1));
#8508=CARTESIAN_POINT('',(-9.E0,-9.5E0,3.89E1));
#8509=VERTEX_POINT('',#8507);
#8510=VERTEX_POINT('',#8508);
#8511=CARTESIAN_POINT('',(-9.E0,-1.15E1,3.41E1));
#8512=CARTESIAN_POINT('',(-9.E0,-1.15E1,3.59E1));
#8513=VERTEX_POINT('',#8511);
#8514=VERTEX_POINT('',#8512);
#8515=CARTESIAN_POINT('',(-9.E0,-9.5E0,3.41E1));
#8516=CARTESIAN_POINT('',(-9.E0,-9.5E0,3.59E1));
#8517=VERTEX_POINT('',#8515);
#8518=VERTEX_POINT('',#8516);
#8519=CARTESIAN_POINT('',(-9.E0,-1.15E1,3.11E1));
#8520=CARTESIAN_POINT('',(-9.E0,-1.15E1,3.29E1));
#8521=VERTEX_POINT('',#8519);
#8522=VERTEX_POINT('',#8520);
#8523=CARTESIAN_POINT('',(-9.E0,-9.5E0,3.11E1));
#8524=CARTESIAN_POINT('',(-9.E0,-9.5E0,3.29E1));
#8525=VERTEX_POINT('',#8523);
#8526=VERTEX_POINT('',#8524);
#8527=CARTESIAN_POINT('',(-9.E0,-1.15E1,2.81E1));
#8528=CARTESIAN_POINT('',(-9.E0,-1.15E1,2.99E1));
#8529=VERTEX_POINT('',#8527);
#8530=VERTEX_POINT('',#8528);
#8531=CARTESIAN_POINT('',(-9.E0,-9.5E0,2.81E1));
#8532=CARTESIAN_POINT('',(-9.E0,-9.5E0,2.99E1));
#8533=VERTEX_POINT('',#8531);
#8534=VERTEX_POINT('',#8532);
#8535=CARTESIAN_POINT('',(-9.E0,-1.15E1,2.51E1));
#8536=CARTESIAN_POINT('',(-9.E0,-1.15E1,2.69E1));
#8537=VERTEX_POINT('',#8535);
#8538=VERTEX_POINT('',#8536);
#8539=CARTESIAN_POINT('',(-9.E0,-9.5E0,2.51E1));
#8540=CARTESIAN_POINT('',(-9.E0,-9.5E0,2.69E1));
#8541=VERTEX_POINT('',#8539);
#8542=VERTEX_POINT('',#8540);
#8543=CARTESIAN_POINT('',(1.2E1,-1.15E1,2.81E1));
#8544=CARTESIAN_POINT('',(1.2E1,-1.15E1,2.99E1));
#8545=VERTEX_POINT('',#8543);
#8546=VERTEX_POINT('',#8544);
#8547=CARTESIAN_POINT('',(1.2E1,-9.5E0,2.81E1));
#8548=CARTESIAN_POINT('',(1.2E1,-9.5E0,2.99E1));
#8549=VERTEX_POINT('',#8547);
#8550=VERTEX_POINT('',#8548);
#8551=CARTESIAN_POINT('',(1.288084482546E1,-9.5E0,2.881530459273E1));
#8552=VERTEX_POINT('',#8551);
#8553=CARTESIAN_POINT('',(1.2E1,-1.15E1,3.11E1));
#8554=CARTESIAN_POINT('',(1.2E1,-1.15E1,3.29E1));
#8555=VERTEX_POINT('',#8553);
#8556=VERTEX_POINT('',#8554);
#8557=CARTESIAN_POINT('',(1.2E1,-9.5E0,3.11E1));
#8558=CARTESIAN_POINT('',(1.2E1,-9.5E0,3.29E1));
#8559=VERTEX_POINT('',#8557);
#8560=VERTEX_POINT('',#8558);
#8561=CARTESIAN_POINT('',(1.2E1,-1.15E1,3.41E1));
#8562=CARTESIAN_POINT('',(1.2E1,-1.15E1,3.59E1));
#8563=VERTEX_POINT('',#8561);
#8564=VERTEX_POINT('',#8562);
#8565=CARTESIAN_POINT('',(1.2E1,-9.5E0,3.41E1));
#8566=CARTESIAN_POINT('',(1.2E1,-9.5E0,3.59E1));
#8567=VERTEX_POINT('',#8565);
#8568=VERTEX_POINT('',#8566);
#8569=CARTESIAN_POINT('',(1.274122414006E1,-9.5E0,3.551047700653E1));
#8570=VERTEX_POINT('',#8569);
#8571=CARTESIAN_POINT('',(-1.2E1,-1.15E1,3.41E1));
#8572=CARTESIAN_POINT('',(-1.2E1,-1.15E1,3.59E1));
#8573=VERTEX_POINT('',#8571);
#8574=VERTEX_POINT('',#8572);
#8575=CARTESIAN_POINT('',(-1.2E1,-9.5E0,3.41E1));
#8576=CARTESIAN_POINT('',(-1.288084482546E1,-9.5E0,3.518469540727E1));
#8577=VERTEX_POINT('',#8575);
#8578=VERTEX_POINT('',#8576);
#8579=CARTESIAN_POINT('',(-1.2E1,-9.5E0,3.59E1));
#8580=VERTEX_POINT('',#8579);
#8581=CARTESIAN_POINT('',(-1.2E1,-1.15E1,3.11E1));
#8582=CARTESIAN_POINT('',(-1.2E1,-1.15E1,3.29E1));
#8583=VERTEX_POINT('',#8581);
#8584=VERTEX_POINT('',#8582);
#8585=CARTESIAN_POINT('',(-1.2E1,-9.5E0,3.11E1));
#8586=CARTESIAN_POINT('',(-1.2E1,-9.5E0,3.29E1));
#8587=VERTEX_POINT('',#8585);
#8588=VERTEX_POINT('',#8586);
#8589=CARTESIAN_POINT('',(-1.2E1,-1.15E1,2.81E1));
#8590=CARTESIAN_POINT('',(-1.2E1,-1.15E1,2.99E1));
#8591=VERTEX_POINT('',#8589);
#8592=VERTEX_POINT('',#8590);
#8593=CARTESIAN_POINT('',(-1.2E1,-9.5E0,2.81E1));
#8594=CARTESIAN_POINT('',(-1.274122414006E1,-9.5E0,2.848952299347E1));
#8595=VERTEX_POINT('',#8593);
#8596=VERTEX_POINT('',#8594);
#8597=CARTESIAN_POINT('',(-1.2E1,-9.5E0,2.99E1));
#8598=VERTEX_POINT('',#8597);
#8599=CARTESIAN_POINT('',(-1.545584787045E0,-1.115E1,1.635783625741E1));
#8600=CARTESIAN_POINT('',(5.450850813908E0,-1.115E1,1.562243746327E1));
#8601=VERTEX_POINT('',#8599);
#8602=VERTEX_POINT('',#8600);
#8603=CARTESIAN_POINT('',(5.450850813908E0,-1.115E1,1.712168419199E1));
#8604=VERTEX_POINT('',#8603);
#8605=CARTESIAN_POINT('',(-2.920699812074E0,-1.115E1,1.800156936994E1));
#8606=VERTEX_POINT('',#8605);
#8607=CARTESIAN_POINT('',(-2.920699812074E0,-1.115E1,1.403385362654E1));
#8608=VERTEX_POINT('',#8607);
#8609=CARTESIAN_POINT('',(-1.545584787045E0,-1.115E1,1.388932321338E1));
#8610=VERTEX_POINT('',#8609);
#8611=CARTESIAN_POINT('',(2.134742660034E0,-1.115E1,1.084044176714E1));
#8612=CARTESIAN_POINT('',(2.137527248313E0,-1.115E1,1.419944566878E1));
#8613=VERTEX_POINT('',#8611);
#8614=VERTEX_POINT('',#8612);
#8615=CARTESIAN_POINT('',(7.624571360020E-1,-1.115E1,1.434505938822E1));
#8616=VERTEX_POINT('',#8615);
#8617=CARTESIAN_POINT('',(7.624571360020E-1,-1.115E1,1.244556970718E1));
#8618=VERTEX_POINT('',#8617);
#8619=CARTESIAN_POINT('',(-2.920699812074E0,-1.115E1,1.283250757075E1));
#8620=VERTEX_POINT('',#8619);
#8621=CARTESIAN_POINT('',(-2.920699812074E0,-1.115E1,1.137208260540E1));
#8622=VERTEX_POINT('',#8621);
#8623=VERTEX_POINT('',#7080);
#8624=VERTEX_POINT('',#7086);
#8625=CARTESIAN_POINT('',(1.733063810825E-1,-1.115E1,8.816885E0));
#8626=VERTEX_POINT('',#8625);
#8627=VERTEX_POINT('',#7109);
#8628=VERTEX_POINT('',#7167);
#8629=CARTESIAN_POINT('',(-1.326814857165E0,-1.115E1,6.294784295604E0));
#8630=VERTEX_POINT('',#8629);
#8631=VERTEX_POINT('',#7194);
#8632=VERTEX_POINT('',#7185);
#8633=CARTESIAN_POINT('',(3.126239278494E0,-1.115E1,1.073559870078E1));
#8634=CARTESIAN_POINT('',(4.470102581255E0,-1.115E1,1.059435297599E1));
#8635=VERTEX_POINT('',#8633);
#8636=VERTEX_POINT('',#8634);
#8637=CARTESIAN_POINT('',(4.470102581255E0,-1.115E1,1.205588046769E1));
#8638=VERTEX_POINT('',#8637);
#8639=CARTESIAN_POINT('',(3.126239278494E0,-1.115E1,1.219712619248E1));
#8640=VERTEX_POINT('',#8639);
#8641=CARTESIAN_POINT('',(2.283397310266E0,-1.115E1,3.724080466055E0));
#8642=CARTESIAN_POINT('',(-2.920697443644E0,-1.115E1,4.271052865638E0));
#8643=VERTEX_POINT('',#8641);
#8644=VERTEX_POINT('',#8642);
#8645=CARTESIAN_POINT('',(-2.920697443644E0,-1.115E1,2.810629856799E0));
#8646=VERTEX_POINT('',#8645);
#8647=CARTESIAN_POINT('',(9.082900959065E-1,-1.115E1,2.407500699426E0));
#8648=VERTEX_POINT('',#8647);
#8649=CARTESIAN_POINT('',(9.082900959065E-1,-1.115E1,1.420688511931E0));
#8650=VERTEX_POINT('',#8649);
#8651=CARTESIAN_POINT('',(2.283397310266E0,-1.115E1,1.276158919698E0));
#8652=VERTEX_POINT('',#8651);
#8653=VERTEX_POINT('',#7276);
#8654=VERTEX_POINT('',#7302);
#8655=VERTEX_POINT('',#7338);
#8656=VERTEX_POINT('',#7360);
#8657=VERTEX_POINT('',#7414);
#8658=CARTESIAN_POINT('',(-2.920697443644E0,-1.115E1,-3.144812918045E0));
#8659=VERTEX_POINT('',#8658);
#8660=CARTESIAN_POINT('',(-2.920917466821E0,-1.115E1,-4.491938653099E0));
#8661=VERTEX_POINT('',#8660);
#8662=CARTESIAN_POINT('',(4.360319891578E0,-1.115E1,-5.257549136589E0));
#8663=VERTEX_POINT('',#8662);
#8664=CARTESIAN_POINT('',(4.360319891578E0,-1.115E1,-3.910078676998E0));
#8665=VERTEX_POINT('',#8664);
#8666=CARTESIAN_POINT('',(1.697230107400E0,-1.115E1,-3.630113418026E0));
#8667=VERTEX_POINT('',#8666);
#8668=VERTEX_POINT('',#7419);
#8669=VERTEX_POINT('',#7441);
#8670=VERTEX_POINT('',#7496);
#8671=CARTESIAN_POINT('',(-2.920697582129E0,-1.115E1,-9.568814330294E0));
#8672=VERTEX_POINT('',#8671);
#8673=CARTESIAN_POINT('',(-2.920917466821E0,-1.115E1,-1.091594006535E1));
#8674=VERTEX_POINT('',#8673);
#8675=CARTESIAN_POINT('',(2.283397310270E0,-1.115E1,-1.146663414332E1));
#8676=VERTEX_POINT('',#8675);
#8677=CARTESIAN_POINT('',(2.283397310270E0,-1.115E1,-1.011573740632E1));
#8678=VERTEX_POINT('',#8677);
#8679=CARTESIAN_POINT('',(1.725751182222E0,-1.115E1,-1.005713172174E1));
#8680=VERTEX_POINT('',#8679);
#8681=VERTEX_POINT('',#7501);
#8682=VERTEX_POINT('',#7527);
#8683=CARTESIAN_POINT('',(-1.545584787045E0,-1.15E1,1.635783625741E1));
#8684=CARTESIAN_POINT('',(5.450850813908E0,-1.15E1,1.562243746327E1));
#8685=VERTEX_POINT('',#8683);
#8686=VERTEX_POINT('',#8684);
#8687=CARTESIAN_POINT('',(5.450850813908E0,-1.15E1,1.712168419199E1));
#8688=VERTEX_POINT('',#8687);
#8689=CARTESIAN_POINT('',(-2.920699812074E0,-1.15E1,1.800156936994E1));
#8690=VERTEX_POINT('',#8689);
#8691=CARTESIAN_POINT('',(-2.920699812074E0,-1.15E1,1.403385362654E1));
#8692=VERTEX_POINT('',#8691);
#8693=CARTESIAN_POINT('',(-1.545584787045E0,-1.15E1,1.388932321338E1));
#8694=VERTEX_POINT('',#8693);
#8695=CARTESIAN_POINT('',(2.134742660034E0,-1.15E1,1.084044176714E1));
#8696=CARTESIAN_POINT('',(2.137527248313E0,-1.15E1,1.419944566878E1));
#8697=VERTEX_POINT('',#8695);
#8698=VERTEX_POINT('',#8696);
#8699=CARTESIAN_POINT('',(7.624571360020E-1,-1.15E1,1.434505938822E1));
#8700=VERTEX_POINT('',#8699);
#8701=CARTESIAN_POINT('',(7.624571360020E-1,-1.15E1,1.244556970718E1));
#8702=VERTEX_POINT('',#8701);
#8703=CARTESIAN_POINT('',(-2.920699812074E0,-1.15E1,1.283250757075E1));
#8704=VERTEX_POINT('',#8703);
#8705=CARTESIAN_POINT('',(-2.920699812074E0,-1.15E1,1.137208260540E1));
#8706=VERTEX_POINT('',#8705);
#8707=VERTEX_POINT('',#2039);
#8708=VERTEX_POINT('',#2045);
#8709=CARTESIAN_POINT('',(1.733063810825E-1,-1.15E1,8.816885E0));
#8710=VERTEX_POINT('',#8709);
#8711=VERTEX_POINT('',#2068);
#8712=VERTEX_POINT('',#2126);
#8713=CARTESIAN_POINT('',(-1.326814857165E0,-1.15E1,6.294784295604E0));
#8714=VERTEX_POINT('',#8713);
#8715=VERTEX_POINT('',#2142);
#8716=VERTEX_POINT('',#2153);
#8717=CARTESIAN_POINT('',(3.126239278494E0,-1.15E1,1.073559870078E1));
#8718=CARTESIAN_POINT('',(4.470102581255E0,-1.15E1,1.059435297599E1));
#8719=VERTEX_POINT('',#8717);
#8720=VERTEX_POINT('',#8718);
#8721=CARTESIAN_POINT('',(4.470102581255E0,-1.15E1,1.205588046769E1));
#8722=VERTEX_POINT('',#8721);
#8723=CARTESIAN_POINT('',(3.126239278494E0,-1.15E1,1.219712619248E1));
#8724=VERTEX_POINT('',#8723);
#8725=CARTESIAN_POINT('',(2.283397310266E0,-1.15E1,3.724080466055E0));
#8726=CARTESIAN_POINT('',(-2.920697443644E0,-1.15E1,4.271052865638E0));
#8727=VERTEX_POINT('',#8725);
#8728=VERTEX_POINT('',#8726);
#8729=CARTESIAN_POINT('',(-2.920697443644E0,-1.15E1,2.810629856799E0));
#8730=VERTEX_POINT('',#8729);
#8731=CARTESIAN_POINT('',(9.082900959065E-1,-1.15E1,2.407500699426E0));
#8732=VERTEX_POINT('',#8731);
#8733=CARTESIAN_POINT('',(9.082900959065E-1,-1.15E1,1.420688511931E0));
#8734=VERTEX_POINT('',#8733);
#8735=CARTESIAN_POINT('',(2.283397310266E0,-1.15E1,1.276158919698E0));
#8736=VERTEX_POINT('',#8735);
#8737=VERTEX_POINT('',#2235);
#8738=VERTEX_POINT('',#2261);
#8739=VERTEX_POINT('',#2297);
#8740=VERTEX_POINT('',#2319);
#8741=VERTEX_POINT('',#2328);
#8742=CARTESIAN_POINT('',(-2.920697443644E0,-1.15E1,-3.144812918045E0));
#8743=VERTEX_POINT('',#8742);
#8744=CARTESIAN_POINT('',(-2.920917466821E0,-1.15E1,-4.491938653099E0));
#8745=VERTEX_POINT('',#8744);
#8746=CARTESIAN_POINT('',(4.360319891578E0,-1.15E1,-5.257549136589E0));
#8747=VERTEX_POINT('',#8746);
#8748=CARTESIAN_POINT('',(4.360319891578E0,-1.15E1,-3.910078676998E0));
#8749=VERTEX_POINT('',#8748);
#8750=CARTESIAN_POINT('',(1.697230107400E0,-1.15E1,-3.630113418026E0));
#8751=VERTEX_POINT('',#8750);
#8752=VERTEX_POINT('',#2378);
#8753=VERTEX_POINT('',#2400);
#8754=VERTEX_POINT('',#2409);
#8755=CARTESIAN_POINT('',(-2.920697582129E0,-1.15E1,-9.568814330294E0));
#8756=VERTEX_POINT('',#8755);
#8757=CARTESIAN_POINT('',(-2.920917466821E0,-1.15E1,-1.091594006535E1));
#8758=VERTEX_POINT('',#8757);
#8759=CARTESIAN_POINT('',(2.283397310270E0,-1.15E1,-1.146663414332E1));
#8760=VERTEX_POINT('',#8759);
#8761=CARTESIAN_POINT('',(2.283397310270E0,-1.15E1,-1.011573740632E1));
#8762=VERTEX_POINT('',#8761);
#8763=CARTESIAN_POINT('',(1.725751182222E0,-1.15E1,-1.005713172174E1));
#8764=VERTEX_POINT('',#8763);
#8765=VERTEX_POINT('',#2460);
#8766=VERTEX_POINT('',#2486);
#8767=CARTESIAN_POINT('',(-4.769997224434E0,0.E0,4.64E1));
#8768=CARTESIAN_POINT('',(-4.769997224434E0,-3.3032444E-1,4.639423416545E1));
#8769=VERTEX_POINT('',#8767);
#8770=VERTEX_POINT('',#8768);
#8771=VERTEX_POINT('',#2693);
#8772=CARTESIAN_POINT('',(3.190002775567E0,-1.91032444E0,4.636665516287E1));
#8773=VERTEX_POINT('',#8772);
#8774=VERTEX_POINT('',#2675);
#8775=CARTESIAN_POINT('',(4.770002775566E0,0.E0,4.64E1));
#8776=VERTEX_POINT('',#8775);
#8777=CARTESIAN_POINT('',(-1.669065296467E1,0.E0,-4.75E1));
#8778=CARTESIAN_POINT('',(-1.669065296467E1,0.E0,-4.64E1));
#8779=VERTEX_POINT('',#8777);
#8780=VERTEX_POINT('',#8778);
#8781=CARTESIAN_POINT('',(-1.080911382604E1,0.E0,-4.75E1));
#8782=CARTESIAN_POINT('',(-1.080911382604E1,0.E0,-4.64E1));
#8783=VERTEX_POINT('',#8781);
#8784=VERTEX_POINT('',#8782);
#8785=CARTESIAN_POINT('',(-2.78E1,-9.E-1,3.75E1));
#8786=CARTESIAN_POINT('',(-2.78E1,-9.E-1,3.25E1));
#8787=VERTEX_POINT('',#8785);
#8788=VERTEX_POINT('',#8786);
#8789=CARTESIAN_POINT('',(-2.78E1,-9.E-1,-3.25E1));
#8790=CARTESIAN_POINT('',(-2.78E1,-9.E-1,-3.75E1));
#8791=VERTEX_POINT('',#8789);
#8792=VERTEX_POINT('',#8790);
#8793=CARTESIAN_POINT('',(2.78E1,-9.E-1,3.25E1));
#8794=CARTESIAN_POINT('',(2.78E1,-9.E-1,3.75E1));
#8795=VERTEX_POINT('',#8793);
#8796=VERTEX_POINT('',#8794);
#8797=CARTESIAN_POINT('',(2.78E1,-9.E-1,-3.75E1));
#8798=CARTESIAN_POINT('',(2.78E1,-9.E-1,-3.25E1));
#8799=VERTEX_POINT('',#8797);
#8800=VERTEX_POINT('',#8798);
#8801=CARTESIAN_POINT('',(2.838429044156E1,-9.E-1,3.75E1));
#8802=CARTESIAN_POINT('',(2.838429044156E1,-9.E-1,3.25E1));
#8803=VERTEX_POINT('',#8801);
#8804=VERTEX_POINT('',#8802);
#8805=CARTESIAN_POINT('',(2.838429044156E1,-9.E-1,-3.25E1));
#8806=CARTESIAN_POINT('',(2.838429044156E1,-9.E-1,-3.75E1));
#8807=VERTEX_POINT('',#8805);
#8808=VERTEX_POINT('',#8806);
#8809=CARTESIAN_POINT('',(2.84E1,0.E0,3.25E1));
#8810=VERTEX_POINT('',#8809);
#8811=CARTESIAN_POINT('',(2.84E1,0.E0,3.75E1));
#8812=VERTEX_POINT('',#8811);
#8813=CARTESIAN_POINT('',(2.84E1,0.E0,-3.75E1));
#8814=VERTEX_POINT('',#8813);
#8815=CARTESIAN_POINT('',(2.84E1,0.E0,-3.25E1));
#8816=VERTEX_POINT('',#8815);
#8817=CARTESIAN_POINT('',(-2.838429044156E1,-9.E-1,3.75E1));
#8818=CARTESIAN_POINT('',(-2.838429044156E1,-9.E-1,3.25E1));
#8819=VERTEX_POINT('',#8817);
#8820=VERTEX_POINT('',#8818);
#8821=CARTESIAN_POINT('',(-2.838429044156E1,-9.E-1,-3.25E1));
#8822=CARTESIAN_POINT('',(-2.838429044156E1,-9.E-1,-3.75E1));
#8823=VERTEX_POINT('',#8821);
#8824=VERTEX_POINT('',#8822);
#8825=CARTESIAN_POINT('',(-2.84E1,0.E0,3.75E1));
#8826=VERTEX_POINT('',#8825);
#8827=CARTESIAN_POINT('',(-2.84E1,0.E0,3.25E1));
#8828=VERTEX_POINT('',#8827);
#8829=CARTESIAN_POINT('',(-2.84E1,0.E0,-3.25E1));
#8830=VERTEX_POINT('',#8829);
#8831=CARTESIAN_POINT('',(-2.84E1,0.E0,-3.75E1));
#8832=VERTEX_POINT('',#8831);
#8833=CARTESIAN_POINT('',(-2.83E1,0.E0,3.25E1));
#8834=CARTESIAN_POINT('',(-2.78E1,-5.E-1,3.25E1));
#8835=VERTEX_POINT('',#8833);
#8836=VERTEX_POINT('',#8834);
#8837=CARTESIAN_POINT('',(-2.78E1,-5.E-1,3.75E1));
#8838=VERTEX_POINT('',#8837);
#8839=CARTESIAN_POINT('',(-2.83E1,0.E0,3.75E1));
#8840=VERTEX_POINT('',#8839);
#8841=CARTESIAN_POINT('',(-2.83E1,0.E0,-3.75E1));
#8842=CARTESIAN_POINT('',(-2.78E1,-5.E-1,-3.75E1));
#8843=VERTEX_POINT('',#8841);
#8844=VERTEX_POINT('',#8842);
#8845=CARTESIAN_POINT('',(-2.78E1,-5.E-1,-3.25E1));
#8846=VERTEX_POINT('',#8845);
#8847=CARTESIAN_POINT('',(-2.83E1,0.E0,-3.25E1));
#8848=VERTEX_POINT('',#8847);
#8849=CARTESIAN_POINT('',(2.83E1,0.E0,-3.25E1));
#8850=CARTESIAN_POINT('',(2.78E1,-5.E-1,-3.25E1));
#8851=VERTEX_POINT('',#8849);
#8852=VERTEX_POINT('',#8850);
#8853=CARTESIAN_POINT('',(2.78E1,-5.E-1,-3.75E1));
#8854=VERTEX_POINT('',#8853);
#8855=CARTESIAN_POINT('',(2.83E1,0.E0,-3.75E1));
#8856=VERTEX_POINT('',#8855);
#8857=CARTESIAN_POINT('',(2.83E1,0.E0,3.75E1));
#8858=CARTESIAN_POINT('',(2.78E1,-5.E-1,3.75E1));
#8859=VERTEX_POINT('',#8857);
#8860=VERTEX_POINT('',#8858);
#8861=CARTESIAN_POINT('',(2.78E1,-5.E-1,3.25E1));
#8862=VERTEX_POINT('',#8861);
#8863=CARTESIAN_POINT('',(2.83E1,0.E0,3.25E1));
#8864=VERTEX_POINT('',#8863);
#8865=CARTESIAN_POINT('',(2.865E1,-4.E-1,-2.350260966691E1));
#8866=CARTESIAN_POINT('',(2.865E1,-4.E-1,-2.650260966691E1));
#8867=VERTEX_POINT('',#8865);
#8868=VERTEX_POINT('',#8866);
#8869=CARTESIAN_POINT('',(2.865E1,-4.E-1,-1.249739141309E1));
#8870=CARTESIAN_POINT('',(2.865E1,-4.E-1,-1.549999884E1));
#8871=VERTEX_POINT('',#8869);
#8872=VERTEX_POINT('',#8870);
#8873=CARTESIAN_POINT('',(2.865E1,-4.E-1,-1.502607946913E0));
#8874=CARTESIAN_POINT('',(2.865E1,-4.E-1,-4.502607946913E0));
#8875=VERTEX_POINT('',#8873);
#8876=VERTEX_POINT('',#8874);
#8877=CARTESIAN_POINT('',(2.865E1,-4.E-1,1.449739053309E1));
#8878=CARTESIAN_POINT('',(2.865E1,-4.E-1,1.150260538691E1));
#8879=VERTEX_POINT('',#8877);
#8880=VERTEX_POINT('',#8878);
#8881=CARTESIAN_POINT('',(2.865E1,-4.E-1,2.84999979E1));
#8882=CARTESIAN_POINT('',(2.865E1,-4.E-1,2.550260532691E1));
#8883=VERTEX_POINT('',#8881);
#8884=VERTEX_POINT('',#8882);
#8885=CARTESIAN_POINT('',(2.865E1,-1.2E0,2.84999979E1));
#8886=CARTESIAN_POINT('',(2.865E1,-1.2E0,2.551518701E1));
#8887=VERTEX_POINT('',#8885);
#8888=VERTEX_POINT('',#8886);
#8889=CARTESIAN_POINT('',(2.865E1,-1.2E0,1.448480885E1));
#8890=CARTESIAN_POINT('',(2.865E1,-1.2E0,1.151518707E1));
#8891=VERTEX_POINT('',#8889);
#8892=VERTEX_POINT('',#8890);
#8893=CARTESIAN_POINT('',(2.865E1,-1.2E0,-1.515189629997E0));
#8894=CARTESIAN_POINT('',(2.865E1,-1.2E0,-4.515189629997E0));
#8895=VERTEX_POINT('',#8893);
#8896=VERTEX_POINT('',#8894);
#8897=CARTESIAN_POINT('',(2.865E1,-1.2E0,-1.248480973E1));
#8898=CARTESIAN_POINT('',(2.865E1,-1.2E0,-1.549999884E1));
#8899=VERTEX_POINT('',#8897);
#8900=VERTEX_POINT('',#8898);
#8901=CARTESIAN_POINT('',(2.865E1,-1.2E0,-2.351519135E1));
#8902=CARTESIAN_POINT('',(2.865E1,-1.2E0,-2.651519135E1));
#8903=VERTEX_POINT('',#8901);
#8904=VERTEX_POINT('',#8902);
#8905=CARTESIAN_POINT('',(2.865E1,0.E0,3.087486631741E1));
#8906=CARTESIAN_POINT('',(2.865E1,0.E0,2.974899749968E1));
#8907=VERTEX_POINT('',#8905);
#8908=VERTEX_POINT('',#8906);
#8909=CARTESIAN_POINT('',(2.865E1,0.E0,2.417800768391E1));
#8910=CARTESIAN_POINT('',(2.865E1,0.E0,2.305273870821E1));
#8911=VERTEX_POINT('',#8909);
#8912=VERTEX_POINT('',#8910);
#8913=CARTESIAN_POINT('',(2.865E1,0.E0,1.694725715179E1));
#8914=CARTESIAN_POINT('',(2.865E1,0.E0,1.582198817609E1));
#8915=VERTEX_POINT('',#8913);
#8916=VERTEX_POINT('',#8914);
#8917=CARTESIAN_POINT('',(2.865E1,0.E0,1.017800774391E1));
#8918=CARTESIAN_POINT('',(2.865E1,0.E0,9.052738768208E0));
#8919=VERTEX_POINT('',#8917);
#8920=VERTEX_POINT('',#8918);
#8921=CARTESIAN_POINT('',(2.865E1,0.E0,9.472586717930E-1));
#8922=CARTESIAN_POINT('',(2.865E1,0.E0,-1.780103039117E-1));
#8923=VERTEX_POINT('',#8921);
#8924=VERTEX_POINT('',#8922);
#8925=CARTESIAN_POINT('',(2.865E1,0.E0,-5.680324069422E0));
#8926=CARTESIAN_POINT('',(2.865E1,0.E0,-6.805593045127E0));
#8927=VERTEX_POINT('',#8925);
#8928=VERTEX_POINT('',#8926);
#8929=CARTESIAN_POINT('',(2.865E1,0.E0,-1.019440631487E1));
#8930=CARTESIAN_POINT('',(2.865E1,0.E0,-1.131967529058E1));
#8931=VERTEX_POINT('',#8929);
#8932=VERTEX_POINT('',#8930);
#8933=CARTESIAN_POINT('',(2.865E1,0.E0,-1.674899843968E1));
#8934=CARTESIAN_POINT('',(2.865E1,0.E0,-1.787486725741E1));
#8935=VERTEX_POINT('',#8933);
#8936=VERTEX_POINT('',#8934);
#8937=CARTESIAN_POINT('',(2.865E1,0.E0,-2.105274304821E1));
#8938=CARTESIAN_POINT('',(2.865E1,0.E0,-2.217801202391E1));
#8939=VERTEX_POINT('',#8937);
#8940=VERTEX_POINT('',#8938);
#8941=CARTESIAN_POINT('',(2.865E1,0.E0,-2.768032578942E1));
#8942=CARTESIAN_POINT('',(2.865E1,0.E0,-2.880559476513E1));
#8943=VERTEX_POINT('',#8941);
#8944=VERTEX_POINT('',#8942);
#8945=CARTESIAN_POINT('',(2.95E1,0.E0,-2.217801202391E1));
#8946=VERTEX_POINT('',#8945);
#8947=CARTESIAN_POINT('',(2.95E1,0.E0,-2.768032578942E1));
#8948=VERTEX_POINT('',#8947);
#8949=CARTESIAN_POINT('',(2.95E1,0.E0,-1.131967529058E1));
#8950=VERTEX_POINT('',#8949);
#8951=CARTESIAN_POINT('',(2.95E1,0.E0,-1.674899843968E1));
#8952=VERTEX_POINT('',#8951);
#8953=CARTESIAN_POINT('',(2.95E1,0.E0,-1.780103039117E-1));
#8954=VERTEX_POINT('',#8953);
#8955=CARTESIAN_POINT('',(2.95E1,0.E0,-5.680324069422E0));
#8956=VERTEX_POINT('',#8955);
#8957=CARTESIAN_POINT('',(2.95E1,0.E0,1.582198817609E1));
#8958=VERTEX_POINT('',#8957);
#8959=CARTESIAN_POINT('',(2.95E1,0.E0,1.017800774391E1));
#8960=VERTEX_POINT('',#8959);
#8961=CARTESIAN_POINT('',(2.95E1,0.E0,2.974899749968E1));
#8962=VERTEX_POINT('',#8961);
#8963=CARTESIAN_POINT('',(2.95E1,0.E0,2.417800768391E1));
#8964=VERTEX_POINT('',#8963);
#8965=CARTESIAN_POINT('',(2.84E1,0.E0,2.305273870821E1));
#8966=VERTEX_POINT('',#8965);
#8967=CARTESIAN_POINT('',(2.84E1,0.E0,3.087486631741E1));
#8968=VERTEX_POINT('',#8967);
#8969=CARTESIAN_POINT('',(2.84E1,0.E0,9.052738768208E0));
#8970=VERTEX_POINT('',#8969);
#8971=CARTESIAN_POINT('',(2.84E1,0.E0,1.694725715179E1));
#8972=VERTEX_POINT('',#8971);
#8973=CARTESIAN_POINT('',(2.84E1,0.E0,-6.805593045127E0));
#8974=VERTEX_POINT('',#8973);
#8975=CARTESIAN_POINT('',(2.84E1,0.E0,9.472586717930E-1));
#8976=VERTEX_POINT('',#8975);
#8977=CARTESIAN_POINT('',(2.84E1,0.E0,-1.787486725741E1));
#8978=VERTEX_POINT('',#8977);
#8979=CARTESIAN_POINT('',(2.84E1,0.E0,-1.019440631487E1));
#8980=VERTEX_POINT('',#8979);
#8981=CARTESIAN_POINT('',(2.84E1,0.E0,-2.880559476513E1));
#8982=VERTEX_POINT('',#8981);
#8983=CARTESIAN_POINT('',(2.84E1,0.E0,-2.105274304821E1));
#8984=VERTEX_POINT('',#8983);
#8985=CARTESIAN_POINT('',(2.95E1,-4.E-1,-2.350260966691E1));
#8986=VERTEX_POINT('',#8985);
#8987=CARTESIAN_POINT('',(2.95E1,-4.E-1,-2.650260966691E1));
#8988=VERTEX_POINT('',#8987);
#8989=CARTESIAN_POINT('',(2.95E1,-4.E-1,-1.249739141309E1));
#8990=VERTEX_POINT('',#8989);
#8991=CARTESIAN_POINT('',(2.95E1,-4.E-1,-1.549999884E1));
#8992=VERTEX_POINT('',#8991);
#8993=CARTESIAN_POINT('',(2.95E1,-4.E-1,-1.502607946913E0));
#8994=VERTEX_POINT('',#8993);
#8995=CARTESIAN_POINT('',(2.95E1,-4.E-1,-4.502607946913E0));
#8996=VERTEX_POINT('',#8995);
#8997=CARTESIAN_POINT('',(2.95E1,-4.E-1,1.449739053309E1));
#8998=VERTEX_POINT('',#8997);
#8999=CARTESIAN_POINT('',(2.95E1,-4.E-1,1.150260538691E1));
#9000=VERTEX_POINT('',#8999);
#9001=CARTESIAN_POINT('',(2.95E1,-4.E-1,2.84999979E1));
#9002=VERTEX_POINT('',#9001);
#9003=CARTESIAN_POINT('',(2.95E1,-4.E-1,2.550260532691E1));
#9004=VERTEX_POINT('',#9003);
#9005=VERTEX_POINT('',#607);
#9006=CARTESIAN_POINT('',(2.837905392209E1,-1.2E0,2.84999979E1));
#9007=VERTEX_POINT('',#9006);
#9008=VERTEX_POINT('',#756);
#9009=CARTESIAN_POINT('',(2.837905392209E1,-1.2E0,1.448480885E1));
#9010=VERTEX_POINT('',#9009);
#9011=VERTEX_POINT('',#731);
#9012=CARTESIAN_POINT('',(2.837905392209E1,-1.2E0,-1.515189629997E0));
#9013=VERTEX_POINT('',#9012);
#9014=VERTEX_POINT('',#706);
#9015=CARTESIAN_POINT('',(2.837905392209E1,-1.2E0,-1.248480973E1));
#9016=VERTEX_POINT('',#9015);
#9017=VERTEX_POINT('',#681);
#9018=CARTESIAN_POINT('',(2.837905392209E1,-1.2E0,-2.351519135E1));
#9019=VERTEX_POINT('',#9018);
#9020=CARTESIAN_POINT('',(-5.269997218833E0,-3.303244554410E-1,
4.749999999440E1));
#9021=CARTESIAN_POINT('',(-5.269997224434E0,0.E0,4.75E1));
#9022=VERTEX_POINT('',#9020);
#9023=VERTEX_POINT('',#9021);
#9024=CARTESIAN_POINT('',(-4.769997221243E0,-3.303244487969E-1,
4.699999999681E1));
#9025=CARTESIAN_POINT('',(-4.769997224434E0,0.E0,4.7E1));
#9026=VERTEX_POINT('',#9024);
#9027=VERTEX_POINT('',#9025);
#9028=CARTESIAN_POINT('',(-3.189997224434E0,-2.41032444E0,4.75E1));
#9029=VERTEX_POINT('',#9028);
#9030=CARTESIAN_POINT('',(-3.189997224434E0,-1.91032444E0,4.7E1));
#9031=VERTEX_POINT('',#9030);
#9032=CARTESIAN_POINT('',(3.190002791008E0,-2.410324434399E0,4.749999999440E1));
#9033=VERTEX_POINT('',#9032);
#9034=CARTESIAN_POINT('',(3.190002784363E0,-1.910324436809E0,4.699999999681E1));
#9035=VERTEX_POINT('',#9034);
#9036=CARTESIAN_POINT('',(5.270002775566E0,-3.3032444E-1,4.75E1));
#9037=VERTEX_POINT('',#9036);
#9038=CARTESIAN_POINT('',(4.770002775566E0,-3.3032444E-1,4.7E1));
#9039=VERTEX_POINT('',#9038);
#9040=CARTESIAN_POINT('',(5.270002775566E0,0.E0,4.75E1));
#9041=VERTEX_POINT('',#9040);
#9042=CARTESIAN_POINT('',(4.770002775566E0,0.E0,4.7E1));
#9043=VERTEX_POINT('',#9042);
#9044=CARTESIAN_POINT('',(1.1E1,-6.5E0,2.185E1));
#9045=CARTESIAN_POINT('',(1.515E1,-6.5E0,2.6E1));
#9046=VERTEX_POINT('',#9044);
#9047=VERTEX_POINT('',#9045);
#9048=CARTESIAN_POINT('',(1.515E1,-6.5E0,3.8E1));
#9049=CARTESIAN_POINT('',(1.1E1,-6.5E0,4.215E1));
#9050=VERTEX_POINT('',#9048);
#9051=VERTEX_POINT('',#9049);
#9052=CARTESIAN_POINT('',(-1.1E1,-6.5E0,4.215E1));
#9053=CARTESIAN_POINT('',(-1.515E1,-6.5E0,3.8E1));
#9054=VERTEX_POINT('',#9052);
#9055=VERTEX_POINT('',#9053);
#9056=CARTESIAN_POINT('',(-1.515E1,-6.5E0,2.6E1));
#9057=CARTESIAN_POINT('',(-1.1E1,-6.5E0,2.185E1));
#9058=VERTEX_POINT('',#9056);
#9059=VERTEX_POINT('',#9057);
#9060=CARTESIAN_POINT('',(-1.1E1,-6.5E0,2.08E1));
#9061=CARTESIAN_POINT('',(-1.62E1,-6.5E0,2.6E1));
#9062=VERTEX_POINT('',#9060);
#9063=VERTEX_POINT('',#9061);
#9064=CARTESIAN_POINT('',(-1.62E1,-6.5E0,3.8E1));
#9065=VERTEX_POINT('',#9064);
#9066=CARTESIAN_POINT('',(-1.1E1,-6.5E0,4.32E1));
#9067=VERTEX_POINT('',#9066);
#9068=CARTESIAN_POINT('',(1.1E1,-6.5E0,4.32E1));
#9069=VERTEX_POINT('',#9068);
#9070=CARTESIAN_POINT('',(1.62E1,-6.5E0,3.8E1));
#9071=VERTEX_POINT('',#9070);
#9072=CARTESIAN_POINT('',(1.62E1,-6.5E0,2.6E1));
#9073=VERTEX_POINT('',#9072);
#9074=CARTESIAN_POINT('',(1.1E1,-6.5E0,2.08E1));
#9075=VERTEX_POINT('',#9074);
#9076=CARTESIAN_POINT('',(-1.1E1,-9.5E0,2.08E1));
#9077=CARTESIAN_POINT('',(-1.62E1,-9.5E0,2.6E1));
#9078=VERTEX_POINT('',#9076);
#9079=VERTEX_POINT('',#9077);
#9080=CARTESIAN_POINT('',(-1.62E1,-9.5E0,3.8E1));
#9081=VERTEX_POINT('',#9080);
#9082=CARTESIAN_POINT('',(-1.1E1,-9.5E0,4.32E1));
#9083=VERTEX_POINT('',#9082);
#9084=CARTESIAN_POINT('',(1.1E1,-9.5E0,4.32E1));
#9085=VERTEX_POINT('',#9084);
#9086=CARTESIAN_POINT('',(1.62E1,-9.5E0,3.8E1));
#9087=VERTEX_POINT('',#9086);
#9088=CARTESIAN_POINT('',(1.62E1,-9.5E0,2.6E1));
#9089=VERTEX_POINT('',#9088);
#9090=CARTESIAN_POINT('',(1.1E1,-9.5E0,2.08E1));
#9091=VERTEX_POINT('',#9090);
#9092=CARTESIAN_POINT('',(1.515E1,-9.E0,2.6E1));
#9093=CARTESIAN_POINT('',(1.1E1,-9.E0,2.185E1));
#9094=VERTEX_POINT('',#9092);
#9095=VERTEX_POINT('',#9093);
#9096=CARTESIAN_POINT('',(1.1E1,-9.E0,4.215E1));
#9097=CARTESIAN_POINT('',(1.515E1,-9.E0,3.8E1));
#9098=VERTEX_POINT('',#9096);
#9099=VERTEX_POINT('',#9097);
#9100=CARTESIAN_POINT('',(-1.515E1,-9.E0,3.8E1));
#9101=CARTESIAN_POINT('',(-1.1E1,-9.E0,4.215E1));
#9102=VERTEX_POINT('',#9100);
#9103=VERTEX_POINT('',#9101);
#9104=CARTESIAN_POINT('',(-1.1E1,-9.E0,2.185E1));
#9105=CARTESIAN_POINT('',(-1.515E1,-9.E0,2.6E1));
#9106=VERTEX_POINT('',#9104);
#9107=VERTEX_POINT('',#9105);
#9108=CARTESIAN_POINT('',(5.E0,-9.E0,2.35E1));
#9109=VERTEX_POINT('',#9108);
#9110=CARTESIAN_POINT('',(5.E0,-9.E0,4.05E1));
#9111=VERTEX_POINT('',#9110);
#9112=CARTESIAN_POINT('',(-5.E0,-9.5E0,2.35E1));
#9113=CARTESIAN_POINT('',(5.E0,-9.5E0,2.35E1));
#9114=VERTEX_POINT('',#9112);
#9115=VERTEX_POINT('',#9113);
#9116=CARTESIAN_POINT('',(5.E0,-9.5E0,4.05E1));
#9117=CARTESIAN_POINT('',(-5.E0,-9.5E0,4.05E1));
#9118=VERTEX_POINT('',#9116);
#9119=VERTEX_POINT('',#9117);
#9120=CARTESIAN_POINT('',(1.274122414006E1,-9.5E0,2.848952299347E1));
#9121=VERTEX_POINT('',#9120);
#9122=CARTESIAN_POINT('',(1.288084482546E1,-9.5E0,3.518469540727E1));
#9123=VERTEX_POINT('',#9122);
#9124=CARTESIAN_POINT('',(-1.274122414006E1,-9.5E0,3.551047700653E1));
#9125=VERTEX_POINT('',#9124);
#9126=CARTESIAN_POINT('',(-1.288084482546E1,-9.5E0,2.881530459273E1));
#9127=VERTEX_POINT('',#9126);
#9128=CARTESIAN_POINT('',(-2.75E1,-9.5E0,4.1E1));
#9129=CARTESIAN_POINT('',(-2.724961536185E1,-9.5E0,4.1E1));
#9130=VERTEX_POINT('',#9128);
#9131=VERTEX_POINT('',#9129);
#9132=CARTESIAN_POINT('',(-2.75E1,-9.5E0,4.3E1));
#9133=CARTESIAN_POINT('',(-2.724961536185E1,-9.5E0,4.3E1));
#9134=VERTEX_POINT('',#9132);
#9135=VERTEX_POINT('',#9133);
#9136=CARTESIAN_POINT('',(-2.5E1,-9.5E0,4.55E1));
#9137=CARTESIAN_POINT('',(-2.5E1,-9.5E0,4.524961536185E1));
#9138=VERTEX_POINT('',#9136);
#9139=VERTEX_POINT('',#9137);
#9140=CARTESIAN_POINT('',(-2.3E1,-9.5E0,4.55E1));
#9141=CARTESIAN_POINT('',(-2.3E1,-9.5E0,4.524961536185E1));
#9142=VERTEX_POINT('',#9140);
#9143=VERTEX_POINT('',#9141);
#9144=CARTESIAN_POINT('',(-2.75E1,-9.5E0,-4.3E1));
#9145=CARTESIAN_POINT('',(-2.724961536185E1,-9.5E0,-4.3E1));
#9146=VERTEX_POINT('',#9144);
#9147=VERTEX_POINT('',#9145);
#9148=CARTESIAN_POINT('',(-2.75E1,-9.5E0,-4.1E1));
#9149=CARTESIAN_POINT('',(-2.724961536185E1,-9.5E0,-4.1E1));
#9150=VERTEX_POINT('',#9148);
#9151=VERTEX_POINT('',#9149);
#9152=CARTESIAN_POINT('',(-2.3E1,-9.5E0,-4.55E1));
#9153=CARTESIAN_POINT('',(-2.3E1,-9.5E0,-4.524961536185E1));
#9154=VERTEX_POINT('',#9152);
#9155=VERTEX_POINT('',#9153);
#9156=CARTESIAN_POINT('',(-2.5E1,-9.5E0,-4.55E1));
#9157=CARTESIAN_POINT('',(-2.5E1,-9.5E0,-4.524961536185E1));
#9158=VERTEX_POINT('',#9156);
#9159=VERTEX_POINT('',#9157);
#9160=CARTESIAN_POINT('',(2.75E1,-9.5E0,4.3E1));
#9161=CARTESIAN_POINT('',(2.724961536185E1,-9.5E0,4.3E1));
#9162=VERTEX_POINT('',#9160);
#9163=VERTEX_POINT('',#9161);
#9164=CARTESIAN_POINT('',(2.75E1,-9.5E0,4.1E1));
#9165=CARTESIAN_POINT('',(2.724961536185E1,-9.5E0,4.1E1));
#9166=VERTEX_POINT('',#9164);
#9167=VERTEX_POINT('',#9165);
#9168=CARTESIAN_POINT('',(2.3E1,-9.5E0,4.55E1));
#9169=CARTESIAN_POINT('',(2.3E1,-9.5E0,4.524961536185E1));
#9170=VERTEX_POINT('',#9168);
#9171=VERTEX_POINT('',#9169);
#9172=CARTESIAN_POINT('',(2.5E1,-9.5E0,4.55E1));
#9173=CARTESIAN_POINT('',(2.5E1,-9.5E0,4.524961536185E1));
#9174=VERTEX_POINT('',#9172);
#9175=VERTEX_POINT('',#9173);
#9176=CARTESIAN_POINT('',(2.75E1,-9.5E0,-4.1E1));
#9177=CARTESIAN_POINT('',(2.724961536185E1,-9.5E0,-4.1E1));
#9178=VERTEX_POINT('',#9176);
#9179=VERTEX_POINT('',#9177);
#9180=CARTESIAN_POINT('',(2.75E1,-9.5E0,-4.3E1));
#9181=CARTESIAN_POINT('',(2.724961536185E1,-9.5E0,-4.3E1));
#9182=VERTEX_POINT('',#9180);
#9183=VERTEX_POINT('',#9181);
#9184=CARTESIAN_POINT('',(2.5E1,-9.5E0,-4.55E1));
#9185=CARTESIAN_POINT('',(2.5E1,-9.5E0,-4.524961536185E1));
#9186=VERTEX_POINT('',#9184);
#9187=VERTEX_POINT('',#9185);
#9188=CARTESIAN_POINT('',(2.3E1,-9.5E0,-4.55E1));
#9189=CARTESIAN_POINT('',(2.3E1,-9.5E0,-4.524961536185E1));
#9190=VERTEX_POINT('',#9188);
#9191=VERTEX_POINT('',#9189);
#9192=CARTESIAN_POINT('',(-2.5E1,-3.E0,4.55E1));
#9193=VERTEX_POINT('',#9192);
#9194=CARTESIAN_POINT('',(-2.3E1,-3.E0,4.55E1));
#9195=VERTEX_POINT('',#9194);
#9196=CARTESIAN_POINT('',(2.3E1,-3.E0,4.55E1));
#9197=VERTEX_POINT('',#9196);
#9198=CARTESIAN_POINT('',(2.5E1,-3.E0,4.55E1));
#9199=VERTEX_POINT('',#9198);
#9200=CARTESIAN_POINT('',(2.75E1,-3.E0,4.3E1));
#9201=VERTEX_POINT('',#9200);
#9202=CARTESIAN_POINT('',(2.75E1,-3.E0,4.1E1));
#9203=VERTEX_POINT('',#9202);
#9204=CARTESIAN_POINT('',(2.75E1,-3.E0,-4.1E1));
#9205=VERTEX_POINT('',#9204);
#9206=CARTESIAN_POINT('',(2.75E1,-3.E0,-4.3E1));
#9207=VERTEX_POINT('',#9206);
#9208=CARTESIAN_POINT('',(-2.3E1,-3.E0,-4.55E1));
#9209=VERTEX_POINT('',#9208);
#9210=CARTESIAN_POINT('',(-2.5E1,-3.E0,-4.55E1));
#9211=VERTEX_POINT('',#9210);
#9212=CARTESIAN_POINT('',(2.5E1,-3.E0,-4.55E1));
#9213=VERTEX_POINT('',#9212);
#9214=CARTESIAN_POINT('',(2.3E1,-3.E0,-4.55E1));
#9215=VERTEX_POINT('',#9214);
#9216=CARTESIAN_POINT('',(-2.75E1,-3.E0,4.1E1));
#9217=VERTEX_POINT('',#9216);
#9218=CARTESIAN_POINT('',(-2.75E1,-3.E0,4.3E1));
#9219=VERTEX_POINT('',#9218);
#9220=CARTESIAN_POINT('',(-2.75E1,-3.E0,-4.3E1));
#9221=VERTEX_POINT('',#9220);
#9222=CARTESIAN_POINT('',(-2.75E1,-3.E0,-4.1E1));
#9223=VERTEX_POINT('',#9222);
#9224=CARTESIAN_POINT('',(2.3E1,-3.E0,4.524961536185E1));
#9225=CARTESIAN_POINT('',(2.5E1,-3.E0,4.524961536185E1));
#9226=VERTEX_POINT('',#9224);
#9227=VERTEX_POINT('',#9225);
#9228=CARTESIAN_POINT('',(2.724961536185E1,-3.E0,4.3E1));
#9229=CARTESIAN_POINT('',(2.74E1,-3.E0,4.2E1));
#9230=VERTEX_POINT('',#9228);
#9231=VERTEX_POINT('',#9229);
#9232=CARTESIAN_POINT('',(2.724961536185E1,-3.E0,4.1E1));
#9233=VERTEX_POINT('',#9232);
#9234=CARTESIAN_POINT('',(-2.74E1,-3.E0,4.2E1));
#9235=CARTESIAN_POINT('',(-2.724961536185E1,-3.E0,4.3E1));
#9236=VERTEX_POINT('',#9234);
#9237=VERTEX_POINT('',#9235);
#9238=CARTESIAN_POINT('',(-2.5E1,-3.E0,4.524961536185E1));
#9239=CARTESIAN_POINT('',(-2.3E1,-3.E0,4.524961536185E1));
#9240=VERTEX_POINT('',#9238);
#9241=VERTEX_POINT('',#9239);
#9242=CARTESIAN_POINT('',(-2.724961536185E1,-3.E0,4.1E1));
#9243=VERTEX_POINT('',#9242);
#9244=CARTESIAN_POINT('',(2.724961536185E1,-3.E0,-4.1E1));
#9245=CARTESIAN_POINT('',(2.74E1,-3.E0,-4.2E1));
#9246=VERTEX_POINT('',#9244);
#9247=VERTEX_POINT('',#9245);
#9248=CARTESIAN_POINT('',(2.724961536185E1,-3.E0,-4.3E1));
#9249=VERTEX_POINT('',#9248);
#9250=CARTESIAN_POINT('',(2.5E1,-3.E0,-4.524961536185E1));
#9251=CARTESIAN_POINT('',(2.3E1,-3.E0,-4.524961536185E1));
#9252=VERTEX_POINT('',#9250);
#9253=VERTEX_POINT('',#9251);
#9254=CARTESIAN_POINT('',(-2.74E1,-3.E0,-4.2E1));
#9255=CARTESIAN_POINT('',(-2.724961536185E1,-3.E0,-4.1E1));
#9256=VERTEX_POINT('',#9254);
#9257=VERTEX_POINT('',#9255);
#9258=CARTESIAN_POINT('',(-2.3E1,-3.E0,-4.524961536185E1));
#9259=CARTESIAN_POINT('',(-2.5E1,-3.E0,-4.524961536185E1));
#9260=VERTEX_POINT('',#9258);
#9261=VERTEX_POINT('',#9259);
#9262=CARTESIAN_POINT('',(-2.724961536185E1,-3.E0,-4.3E1));
#9263=VERTEX_POINT('',#9262);
#9264=CARTESIAN_POINT('',(-1.515E1,-9.E0,3.275E1));
#9265=CARTESIAN_POINT('',(-1.495E1,-9.E0,3.275E1));
#9266=VERTEX_POINT('',#9264);
#9267=VERTEX_POINT('',#9265);
#9268=CARTESIAN_POINT('',(-1.495E1,-9.E0,3.125E1));
#9269=VERTEX_POINT('',#9268);
#9270=CARTESIAN_POINT('',(-1.515E1,-9.E0,3.125E1));
#9271=VERTEX_POINT('',#9270);
#9272=CARTESIAN_POINT('',(7.5E-1,-9.E0,4.215E1));
#9273=CARTESIAN_POINT('',(7.5E-1,-9.E0,4.195E1));
#9274=VERTEX_POINT('',#9272);
#9275=VERTEX_POINT('',#9273);
#9276=CARTESIAN_POINT('',(-7.5E-1,-9.E0,4.195E1));
#9277=VERTEX_POINT('',#9276);
#9278=CARTESIAN_POINT('',(-7.5E-1,-9.E0,4.215E1));
#9279=VERTEX_POINT('',#9278);
#9280=CARTESIAN_POINT('',(-7.5E-1,-9.E0,2.185E1));
#9281=CARTESIAN_POINT('',(-7.5E-1,-9.E0,2.205E1));
#9282=VERTEX_POINT('',#9280);
#9283=VERTEX_POINT('',#9281);
#9284=CARTESIAN_POINT('',(7.5E-1,-9.E0,2.205E1));
#9285=VERTEX_POINT('',#9284);
#9286=CARTESIAN_POINT('',(7.5E-1,-9.E0,2.185E1));
#9287=VERTEX_POINT('',#9286);
#9288=CARTESIAN_POINT('',(1.515E1,-9.E0,3.125E1));
#9289=CARTESIAN_POINT('',(1.495E1,-9.E0,3.125E1));
#9290=VERTEX_POINT('',#9288);
#9291=VERTEX_POINT('',#9289);
#9292=CARTESIAN_POINT('',(1.495E1,-9.E0,3.275E1));
#9293=VERTEX_POINT('',#9292);
#9294=CARTESIAN_POINT('',(1.515E1,-9.E0,3.275E1));
#9295=VERTEX_POINT('',#9294);
#9296=CARTESIAN_POINT('',(-1.515E1,-6.5E0,3.125E1));
#9297=CARTESIAN_POINT('',(-1.495E1,-6.7E0,3.125E1));
#9298=VERTEX_POINT('',#9296);
#9299=VERTEX_POINT('',#9297);
#9300=CARTESIAN_POINT('',(-1.495E1,-6.7E0,3.275E1));
#9301=VERTEX_POINT('',#9300);
#9302=CARTESIAN_POINT('',(-1.515E1,-6.5E0,3.275E1));
#9303=VERTEX_POINT('',#9302);
#9304=CARTESIAN_POINT('',(-7.5E-1,-6.5E0,4.215E1));
#9305=CARTESIAN_POINT('',(-7.5E-1,-6.7E0,4.195E1));
#9306=VERTEX_POINT('',#9304);
#9307=VERTEX_POINT('',#9305);
#9308=CARTESIAN_POINT('',(7.5E-1,-6.7E0,4.195E1));
#9309=VERTEX_POINT('',#9308);
#9310=CARTESIAN_POINT('',(7.5E-1,-6.5E0,4.215E1));
#9311=VERTEX_POINT('',#9310);
#9312=CARTESIAN_POINT('',(7.5E-1,-6.5E0,2.185E1));
#9313=CARTESIAN_POINT('',(7.5E-1,-6.7E0,2.205E1));
#9314=VERTEX_POINT('',#9312);
#9315=VERTEX_POINT('',#9313);
#9316=CARTESIAN_POINT('',(-7.5E-1,-6.7E0,2.205E1));
#9317=VERTEX_POINT('',#9316);
#9318=CARTESIAN_POINT('',(-7.5E-1,-6.5E0,2.185E1));
#9319=VERTEX_POINT('',#9318);
#9320=CARTESIAN_POINT('',(1.515E1,-6.5E0,3.275E1));
#9321=CARTESIAN_POINT('',(1.495E1,-6.7E0,3.275E1));
#9322=VERTEX_POINT('',#9320);
#9323=VERTEX_POINT('',#9321);
#9324=CARTESIAN_POINT('',(1.495E1,-6.7E0,3.125E1));
#9325=VERTEX_POINT('',#9324);
#9326=CARTESIAN_POINT('',(1.515E1,-6.5E0,3.125E1));
#9327=VERTEX_POINT('',#9326);
#9328=CARTESIAN_POINT('',(0.E0,0.E0,0.E0));
#9329=DIRECTION('',(0.E0,1.E0,0.E0));
#9330=DIRECTION('',(1.E0,0.E0,0.E0));
#9331=AXIS2_PLACEMENT_3D('',#9328,#9329,#9330);
#9332=PLANE('',#9331);
#9334=ORIENTED_EDGE('',*,*,#9333,.T.);
#9336=ORIENTED_EDGE('',*,*,#9335,.F.);
#9338=ORIENTED_EDGE('',*,*,#9337,.T.);
#9340=ORIENTED_EDGE('',*,*,#9339,.T.);
#9342=ORIENTED_EDGE('',*,*,#9341,.T.);
#9344=ORIENTED_EDGE('',*,*,#9343,.T.);
#9346=ORIENTED_EDGE('',*,*,#9345,.F.);
#9348=ORIENTED_EDGE('',*,*,#9347,.F.);
#9349=EDGE_LOOP('',(#9334,#9336,#9338,#9340,#9342,#9344,#9346,#9348));
#9350=FACE_OUTER_BOUND('',#9349,.F.);
#9352=CARTESIAN_POINT('',(0.E0,0.E0,0.E0));
#9353=DIRECTION('',(0.E0,1.E0,0.E0));
#9354=DIRECTION('',(1.E0,0.E0,0.E0));
#9355=AXIS2_PLACEMENT_3D('',#9352,#9353,#9354);
#9356=PLANE('',#9355);
#9358=ORIENTED_EDGE('',*,*,#9357,.T.);
#9360=ORIENTED_EDGE('',*,*,#9359,.F.);
#9362=ORIENTED_EDGE('',*,*,#9361,.T.);
#9364=ORIENTED_EDGE('',*,*,#9363,.T.);
#9366=ORIENTED_EDGE('',*,*,#9365,.T.);
#9368=ORIENTED_EDGE('',*,*,#9367,.T.);
#9370=ORIENTED_EDGE('',*,*,#9369,.F.);
#9372=ORIENTED_EDGE('',*,*,#9371,.F.);
#9373=EDGE_LOOP('',(#9358,#9360,#9362,#9364,#9366,#9368,#9370,#9372));
#9374=FACE_OUTER_BOUND('',#9373,.F.);
#9376=CARTESIAN_POINT('',(0.E0,0.E0,0.E0));
#9377=DIRECTION('',(0.E0,1.E0,0.E0));
#9378=DIRECTION('',(1.E0,0.E0,0.E0));
#9379=AXIS2_PLACEMENT_3D('',#9376,#9377,#9378);
#9380=PLANE('',#9379);
#9382=ORIENTED_EDGE('',*,*,#9381,.T.);
#9384=ORIENTED_EDGE('',*,*,#9383,.F.);
#9386=ORIENTED_EDGE('',*,*,#9385,.T.);
#9388=ORIENTED_EDGE('',*,*,#9387,.T.);
#9390=ORIENTED_EDGE('',*,*,#9389,.T.);
#9392=ORIENTED_EDGE('',*,*,#9391,.T.);
#9394=ORIENTED_EDGE('',*,*,#9393,.F.);
#9396=ORIENTED_EDGE('',*,*,#9395,.F.);
#9397=EDGE_LOOP('',(#9382,#9384,#9386,#9388,#9390,#9392,#9394,#9396));
#9398=FACE_OUTER_BOUND('',#9397,.F.);
#9400=CARTESIAN_POINT('',(0.E0,0.E0,0.E0));
#9401=DIRECTION('',(0.E0,1.E0,0.E0));
#9402=DIRECTION('',(1.E0,0.E0,0.E0));
#9403=AXIS2_PLACEMENT_3D('',#9400,#9401,#9402);
#9404=PLANE('',#9403);
#9406=ORIENTED_EDGE('',*,*,#9405,.T.);
#9408=ORIENTED_EDGE('',*,*,#9407,.F.);
#9410=ORIENTED_EDGE('',*,*,#9409,.T.);
#9412=ORIENTED_EDGE('',*,*,#9411,.T.);
#9414=ORIENTED_EDGE('',*,*,#9413,.T.);
#9416=ORIENTED_EDGE('',*,*,#9415,.T.);
#9418=ORIENTED_EDGE('',*,*,#9417,.F.);
#9420=ORIENTED_EDGE('',*,*,#9419,.F.);
#9421=EDGE_LOOP('',(#9406,#9408,#9410,#9412,#9414,#9416,#9418,#9420));
#9422=FACE_OUTER_BOUND('',#9421,.F.);
#9424=CARTESIAN_POINT('',(0.E0,0.E0,0.E0));
#9425=DIRECTION('',(0.E0,1.E0,0.E0));
#9426=DIRECTION('',(1.E0,0.E0,0.E0));
#9427=AXIS2_PLACEMENT_3D('',#9424,#9425,#9426);
#9428=PLANE('',#9427);
#9430=ORIENTED_EDGE('',*,*,#9429,.T.);
#9432=ORIENTED_EDGE('',*,*,#9431,.F.);
#9434=ORIENTED_EDGE('',*,*,#9433,.T.);
#9436=ORIENTED_EDGE('',*,*,#9435,.F.);
#9438=ORIENTED_EDGE('',*,*,#9437,.F.);
#9440=ORIENTED_EDGE('',*,*,#9439,.F.);
#9442=ORIENTED_EDGE('',*,*,#9441,.T.);
#9444=ORIENTED_EDGE('',*,*,#9443,.T.);
#9446=ORIENTED_EDGE('',*,*,#9445,.T.);
#9448=ORIENTED_EDGE('',*,*,#9447,.F.);
#9450=ORIENTED_EDGE('',*,*,#9449,.F.);
#9452=ORIENTED_EDGE('',*,*,#9451,.F.);
#9454=ORIENTED_EDGE('',*,*,#9453,.F.);
#9456=ORIENTED_EDGE('',*,*,#9455,.F.);
#9457=EDGE_LOOP('',(#9430,#9432,#9434,#9436,#9438,#9440,#9442,#9444,#9446,#9448,
#9450,#9452,#9454,#9456));
#9458=FACE_OUTER_BOUND('',#9457,.F.);
#9460=CARTESIAN_POINT('',(0.E0,0.E0,0.E0));
#9461=DIRECTION('',(0.E0,1.E0,0.E0));
#9462=DIRECTION('',(1.E0,0.E0,0.E0));
#9463=AXIS2_PLACEMENT_3D('',#9460,#9461,#9462);
#9464=PLANE('',#9463);
#9466=ORIENTED_EDGE('',*,*,#9465,.F.);
#9468=ORIENTED_EDGE('',*,*,#9467,.F.);
#9470=ORIENTED_EDGE('',*,*,#9469,.F.);
#9472=ORIENTED_EDGE('',*,*,#9471,.F.);
#9474=ORIENTED_EDGE('',*,*,#9473,.F.);
#9476=ORIENTED_EDGE('',*,*,#9475,.T.);
#9478=ORIENTED_EDGE('',*,*,#9477,.T.);
#9480=ORIENTED_EDGE('',*,*,#9479,.T.);
#9482=ORIENTED_EDGE('',*,*,#9481,.T.);
#9484=ORIENTED_EDGE('',*,*,#9483,.F.);
#9486=ORIENTED_EDGE('',*,*,#9485,.F.);
#9488=ORIENTED_EDGE('',*,*,#9487,.F.);
#9490=ORIENTED_EDGE('',*,*,#9489,.T.);
#9492=ORIENTED_EDGE('',*,*,#9491,.F.);
#9494=ORIENTED_EDGE('',*,*,#9493,.F.);
#9496=ORIENTED_EDGE('',*,*,#9495,.F.);
#9498=ORIENTED_EDGE('',*,*,#9497,.T.);
#9500=ORIENTED_EDGE('',*,*,#9499,.T.);
#9502=ORIENTED_EDGE('',*,*,#9501,.T.);
#9504=ORIENTED_EDGE('',*,*,#9503,.F.);
#9506=ORIENTED_EDGE('',*,*,#9505,.F.);
#9507=EDGE_LOOP('',(#9466,#9468,#9470,#9472,#9474,#9476,#9478,#9480,#9482,#9484,
#9486,#9488,#9490,#9492,#9494,#9496,#9498,#9500,#9502,#9504,#9506));
#9508=FACE_OUTER_BOUND('',#9507,.F.);
#9510=CARTESIAN_POINT('',(0.E0,0.E0,0.E0));
#9511=DIRECTION('',(0.E0,1.E0,0.E0));
#9512=DIRECTION('',(1.E0,0.E0,0.E0));
#9513=AXIS2_PLACEMENT_3D('',#9510,#9511,#9512);
#9514=PLANE('',#9513);
#9516=ORIENTED_EDGE('',*,*,#9515,.F.);
#9518=ORIENTED_EDGE('',*,*,#9517,.F.);
#9520=ORIENTED_EDGE('',*,*,#9519,.T.);
#9522=ORIENTED_EDGE('',*,*,#9521,.T.);
#9524=ORIENTED_EDGE('',*,*,#9523,.T.);
#9526=ORIENTED_EDGE('',*,*,#9525,.T.);
#9528=ORIENTED_EDGE('',*,*,#9527,.F.);
#9530=ORIENTED_EDGE('',*,*,#9529,.F.);
#9532=ORIENTED_EDGE('',*,*,#9531,.F.);
#9534=ORIENTED_EDGE('',*,*,#9533,.T.);
#9536=ORIENTED_EDGE('',*,*,#9535,.T.);
#9538=ORIENTED_EDGE('',*,*,#9537,.T.);
#9540=ORIENTED_EDGE('',*,*,#9539,.T.);
#9542=ORIENTED_EDGE('',*,*,#9541,.F.);
#9544=ORIENTED_EDGE('',*,*,#9543,.F.);
#9545=EDGE_LOOP('',(#9516,#9518,#9520,#9522,#9524,#9526,#9528,#9530,#9532,#9534,
#9536,#9538,#9540,#9542,#9544));
#9546=FACE_OUTER_BOUND('',#9545,.F.);
#9548=CARTESIAN_POINT('',(2.865E1,0.E0,4.5E1));
#9549=DIRECTION('',(1.E0,0.E0,0.E0));
#9550=DIRECTION('',(0.E0,0.E0,-1.E0));
#9551=AXIS2_PLACEMENT_3D('',#9548,#9549,#9550);
#9552=PLANE('',#9551);
#9553=ORIENTED_EDGE('',*,*,#9537,.F.);
#9555=ORIENTED_EDGE('',*,*,#9554,.T.);
#9557=ORIENTED_EDGE('',*,*,#9556,.T.);
#9559=ORIENTED_EDGE('',*,*,#9558,.T.);
#9560=ORIENTED_EDGE('',*,*,#9333,.F.);
#9562=ORIENTED_EDGE('',*,*,#9561,.F.);
#9564=ORIENTED_EDGE('',*,*,#9563,.F.);
#9566=ORIENTED_EDGE('',*,*,#9565,.F.);
#9567=EDGE_LOOP('',(#9553,#9555,#9557,#9559,#9560,#9562,#9564,#9566));
#9568=FACE_OUTER_BOUND('',#9567,.F.);
#9570=CARTESIAN_POINT('',(2.865E1,0.E0,4.5E1));
#9571=DIRECTION('',(1.E0,0.E0,0.E0));
#9572=DIRECTION('',(0.E0,0.E0,-1.E0));
#9573=AXIS2_PLACEMENT_3D('',#9570,#9571,#9572);
#9574=PLANE('',#9573);
#9575=ORIENTED_EDGE('',*,*,#9341,.F.);
#9577=ORIENTED_EDGE('',*,*,#9576,.T.);
#9579=ORIENTED_EDGE('',*,*,#9578,.T.);
#9581=ORIENTED_EDGE('',*,*,#9580,.T.);
#9582=ORIENTED_EDGE('',*,*,#9357,.F.);
#9584=ORIENTED_EDGE('',*,*,#9583,.F.);
#9586=ORIENTED_EDGE('',*,*,#9585,.F.);
#9588=ORIENTED_EDGE('',*,*,#9587,.F.);
#9589=EDGE_LOOP('',(#9575,#9577,#9579,#9581,#9582,#9584,#9586,#9588));
#9590=FACE_OUTER_BOUND('',#9589,.F.);
#9592=CARTESIAN_POINT('',(2.865E1,0.E0,4.5E1));
#9593=DIRECTION('',(1.E0,0.E0,0.E0));
#9594=DIRECTION('',(0.E0,0.E0,-1.E0));
#9595=AXIS2_PLACEMENT_3D('',#9592,#9593,#9594);
#9596=PLANE('',#9595);
#9597=ORIENTED_EDGE('',*,*,#9365,.F.);
#9599=ORIENTED_EDGE('',*,*,#9598,.T.);
#9601=ORIENTED_EDGE('',*,*,#9600,.T.);
#9603=ORIENTED_EDGE('',*,*,#9602,.T.);
#9604=ORIENTED_EDGE('',*,*,#9381,.F.);
#9606=ORIENTED_EDGE('',*,*,#9605,.F.);
#9608=ORIENTED_EDGE('',*,*,#9607,.F.);
#9610=ORIENTED_EDGE('',*,*,#9609,.F.);
#9611=EDGE_LOOP('',(#9597,#9599,#9601,#9603,#9604,#9606,#9608,#9610));
#9612=FACE_OUTER_BOUND('',#9611,.F.);
#9614=CARTESIAN_POINT('',(2.865E1,0.E0,4.5E1));
#9615=DIRECTION('',(1.E0,0.E0,0.E0));
#9616=DIRECTION('',(0.E0,0.E0,-1.E0));
#9617=AXIS2_PLACEMENT_3D('',#9614,#9615,#9616);
#9618=PLANE('',#9617);
#9619=ORIENTED_EDGE('',*,*,#9389,.F.);
#9621=ORIENTED_EDGE('',*,*,#9620,.T.);
#9623=ORIENTED_EDGE('',*,*,#9622,.T.);
#9625=ORIENTED_EDGE('',*,*,#9624,.T.);
#9626=ORIENTED_EDGE('',*,*,#9405,.F.);
#9628=ORIENTED_EDGE('',*,*,#9627,.F.);
#9630=ORIENTED_EDGE('',*,*,#9629,.F.);
#9632=ORIENTED_EDGE('',*,*,#9631,.F.);
#9633=EDGE_LOOP('',(#9619,#9621,#9623,#9625,#9626,#9628,#9630,#9632));
#9634=FACE_OUTER_BOUND('',#9633,.F.);
#9636=CARTESIAN_POINT('',(2.865E1,0.E0,4.5E1));
#9637=DIRECTION('',(1.E0,0.E0,0.E0));
#9638=DIRECTION('',(0.E0,0.E0,-1.E0));
#9639=AXIS2_PLACEMENT_3D('',#9636,#9637,#9638);
#9640=PLANE('',#9639);
#9641=ORIENTED_EDGE('',*,*,#9413,.F.);
#9643=ORIENTED_EDGE('',*,*,#9642,.T.);
#9645=ORIENTED_EDGE('',*,*,#9644,.T.);
#9647=ORIENTED_EDGE('',*,*,#9646,.T.);
#9648=ORIENTED_EDGE('',*,*,#9429,.F.);
#9650=ORIENTED_EDGE('',*,*,#9649,.F.);
#9652=ORIENTED_EDGE('',*,*,#9651,.F.);
#9654=ORIENTED_EDGE('',*,*,#9653,.F.);
#9655=EDGE_LOOP('',(#9641,#9643,#9645,#9647,#9648,#9650,#9652,#9654));
#9656=FACE_OUTER_BOUND('',#9655,.F.);
#9658=CARTESIAN_POINT('',(0.E0,1.75E0,2.84999979E1));
#9659=DIRECTION('',(1.E0,0.E0,0.E0));
#9660=DIRECTION('',(0.E0,0.E0,-1.E0));
#9661=AXIS2_PLACEMENT_3D('',#9658,#9659,#9660);
#9662=CYLINDRICAL_SURFACE('',#9661,2.95E0);
#9663=ORIENTED_EDGE('',*,*,#9535,.F.);
#9665=ORIENTED_EDGE('',*,*,#9664,.T.);
#9667=ORIENTED_EDGE('',*,*,#9666,.T.);
#9668=ORIENTED_EDGE('',*,*,#9554,.F.);
#9669=EDGE_LOOP('',(#9663,#9665,#9667,#9668));
#9670=FACE_OUTER_BOUND('',#9669,.F.);
#9672=CARTESIAN_POINT('',(2.84E1,0.E0,4.720004800192E1));
#9673=DIRECTION('',(9.998476951564E-1,-1.745240643728E-2,0.E0));
#9674=DIRECTION('',(0.E0,0.E0,-1.E0));
#9675=AXIS2_PLACEMENT_3D('',#9672,#9673,#9674);
#9676=PLANE('',#9675);
#9678=ORIENTED_EDGE('',*,*,#9677,.F.);
#9680=ORIENTED_EDGE('',*,*,#9679,.F.);
#9681=ORIENTED_EDGE('',*,*,#9664,.F.);
#9682=ORIENTED_EDGE('',*,*,#9533,.F.);
#9684=ORIENTED_EDGE('',*,*,#9683,.T.);
#9686=ORIENTED_EDGE('',*,*,#9685,.F.);
#9688=ORIENTED_EDGE('',*,*,#9687,.F.);
#9689=ORIENTED_EDGE('',*,*,#9525,.F.);
#9691=ORIENTED_EDGE('',*,*,#9690,.T.);
#9693=ORIENTED_EDGE('',*,*,#9692,.T.);
#9695=ORIENTED_EDGE('',*,*,#9694,.F.);
#9696=ORIENTED_EDGE('',*,*,#9441,.F.);
#9698=ORIENTED_EDGE('',*,*,#9697,.T.);
#9700=ORIENTED_EDGE('',*,*,#9699,.F.);
#9702=ORIENTED_EDGE('',*,*,#9701,.F.);
#9703=ORIENTED_EDGE('',*,*,#9433,.F.);
#9705=ORIENTED_EDGE('',*,*,#9704,.F.);
#9707=ORIENTED_EDGE('',*,*,#9706,.F.);
#9709=ORIENTED_EDGE('',*,*,#9708,.F.);
#9710=ORIENTED_EDGE('',*,*,#9409,.F.);
#9712=ORIENTED_EDGE('',*,*,#9711,.F.);
#9714=ORIENTED_EDGE('',*,*,#9713,.F.);
#9716=ORIENTED_EDGE('',*,*,#9715,.F.);
#9717=ORIENTED_EDGE('',*,*,#9385,.F.);
#9719=ORIENTED_EDGE('',*,*,#9718,.F.);
#9721=ORIENTED_EDGE('',*,*,#9720,.F.);
#9723=ORIENTED_EDGE('',*,*,#9722,.F.);
#9724=ORIENTED_EDGE('',*,*,#9361,.F.);
#9726=ORIENTED_EDGE('',*,*,#9725,.F.);
#9728=ORIENTED_EDGE('',*,*,#9727,.F.);
#9730=ORIENTED_EDGE('',*,*,#9729,.F.);
#9731=ORIENTED_EDGE('',*,*,#9337,.F.);
#9732=EDGE_LOOP('',(#9678,#9680,#9681,#9682,#9684,#9686,#9688,#9689,#9691,#9693,
#9695,#9696,#9698,#9700,#9702,#9703,#9705,#9707,#9709,#9710,#9712,#9714,#9716,
#9717,#9719,#9721,#9723,#9724,#9726,#9728,#9730,#9731));
#9733=FACE_OUTER_BOUND('',#9732,.F.);
#9735=CARTESIAN_POINT('',(0.E0,1.75E0,2.542916456667E1));
#9736=DIRECTION('',(1.E0,0.E0,0.E0));
#9737=DIRECTION('',(0.E0,0.E0,-1.E0));
#9738=AXIS2_PLACEMENT_3D('',#9735,#9736,#9737);
#9739=CYLINDRICAL_SURFACE('',#9738,2.951253947182E0);
#9740=ORIENTED_EDGE('',*,*,#9335,.T.);
#9741=ORIENTED_EDGE('',*,*,#9558,.F.);
#9743=ORIENTED_EDGE('',*,*,#9742,.F.);
#9744=ORIENTED_EDGE('',*,*,#9677,.T.);
#9745=EDGE_LOOP('',(#9740,#9741,#9743,#9744));
#9746=FACE_OUTER_BOUND('',#9745,.F.);
#9748=CARTESIAN_POINT('',(0.E0,-1.2E0,2.84999979E1));
#9749=DIRECTION('',(0.E0,-1.E0,0.E0));
#9750=DIRECTION('',(0.E0,0.E0,-1.E0));
#9751=AXIS2_PLACEMENT_3D('',#9748,#9749,#9750);
#9752=PLANE('',#9751);
#9753=ORIENTED_EDGE('',*,*,#9679,.T.);
#9754=ORIENTED_EDGE('',*,*,#9742,.T.);
#9755=ORIENTED_EDGE('',*,*,#9556,.F.);
#9756=ORIENTED_EDGE('',*,*,#9666,.F.);
#9757=EDGE_LOOP('',(#9753,#9754,#9755,#9756));
#9758=FACE_OUTER_BOUND('',#9757,.F.);
#9760=CARTESIAN_POINT('',(2.84E1,0.E0,3.25E1));
#9761=DIRECTION('',(0.E0,0.E0,-1.E0));
#9762=DIRECTION('',(-1.E0,0.E0,0.E0));
#9763=AXIS2_PLACEMENT_3D('',#9760,#9761,#9762);
#9764=PLANE('',#9763);
#9766=ORIENTED_EDGE('',*,*,#9765,.F.);
#9768=ORIENTED_EDGE('',*,*,#9767,.T.);
#9770=ORIENTED_EDGE('',*,*,#9769,.F.);
#9771=ORIENTED_EDGE('',*,*,#9683,.F.);
#9772=ORIENTED_EDGE('',*,*,#9531,.T.);
#9773=EDGE_LOOP('',(#9766,#9768,#9770,#9771,#9772));
#9774=FACE_OUTER_BOUND('',#9773,.F.);
#9776=CARTESIAN_POINT('',(2.805E1,-2.5E-1,3.5E1));
#9777=DIRECTION('',(-7.071067811865E-1,7.071067811865E-1,0.E0));
#9778=DIRECTION('',(-7.071067811865E-1,-7.071067811865E-1,0.E0));
#9779=AXIS2_PLACEMENT_3D('',#9776,#9777,#9778);
#9780=PLANE('',#9779);
#9782=ORIENTED_EDGE('',*,*,#9781,.T.);
#9784=ORIENTED_EDGE('',*,*,#9783,.F.);
#9785=ORIENTED_EDGE('',*,*,#9765,.T.);
#9786=ORIENTED_EDGE('',*,*,#9529,.T.);
#9787=EDGE_LOOP('',(#9782,#9784,#9785,#9786));
#9788=FACE_OUTER_BOUND('',#9787,.F.);
#9790=CARTESIAN_POINT('',(2.78E1,0.E0,3.75E1));
#9791=DIRECTION('',(0.E0,0.E0,1.E0));
#9792=DIRECTION('',(1.E0,0.E0,0.E0));
#9793=AXIS2_PLACEMENT_3D('',#9790,#9791,#9792);
#9794=PLANE('',#9793);
#9795=ORIENTED_EDGE('',*,*,#9781,.F.);
#9796=ORIENTED_EDGE('',*,*,#9527,.T.);
#9797=ORIENTED_EDGE('',*,*,#9687,.T.);
#9799=ORIENTED_EDGE('',*,*,#9798,.F.);
#9801=ORIENTED_EDGE('',*,*,#9800,.F.);
#9802=EDGE_LOOP('',(#9795,#9796,#9797,#9799,#9801));
#9803=FACE_OUTER_BOUND('',#9802,.F.);
#9805=CARTESIAN_POINT('',(0.E0,-9.E-1,0.E0));
#9806=DIRECTION('',(0.E0,1.E0,0.E0));
#9807=DIRECTION('',(0.E0,0.E0,-1.E0));
#9808=AXIS2_PLACEMENT_3D('',#9805,#9806,#9807);
#9809=PLANE('',#9808);
#9810=ORIENTED_EDGE('',*,*,#9685,.T.);
#9811=ORIENTED_EDGE('',*,*,#9769,.T.);
#9813=ORIENTED_EDGE('',*,*,#9812,.T.);
#9814=ORIENTED_EDGE('',*,*,#9798,.T.);
#9815=EDGE_LOOP('',(#9810,#9811,#9813,#9814));
#9816=FACE_OUTER_BOUND('',#9815,.F.);
#9818=CARTESIAN_POINT('',(0.E0,-9.E-1,0.E0));
#9819=DIRECTION('',(0.E0,1.E0,0.E0));
#9820=DIRECTION('',(0.E0,0.E0,-1.E0));
#9821=AXIS2_PLACEMENT_3D('',#9818,#9819,#9820);
#9822=PLANE('',#9821);
#9823=ORIENTED_EDGE('',*,*,#9699,.T.);
#9825=ORIENTED_EDGE('',*,*,#9824,.T.);
#9827=ORIENTED_EDGE('',*,*,#9826,.T.);
#9829=ORIENTED_EDGE('',*,*,#9828,.T.);
#9830=EDGE_LOOP('',(#9823,#9825,#9827,#9829));
#9831=FACE_OUTER_BOUND('',#9830,.F.);
#9833=CARTESIAN_POINT('',(0.E0,-9.E-1,0.E0));
#9834=DIRECTION('',(0.E0,1.E0,0.E0));
#9835=DIRECTION('',(0.E0,0.E0,-1.E0));
#9836=AXIS2_PLACEMENT_3D('',#9833,#9834,#9835);
#9837=PLANE('',#9836);
#9839=ORIENTED_EDGE('',*,*,#9838,.F.);
#9841=ORIENTED_EDGE('',*,*,#9840,.T.);
#9843=ORIENTED_EDGE('',*,*,#9842,.T.);
#9845=ORIENTED_EDGE('',*,*,#9844,.T.);
#9846=EDGE_LOOP('',(#9839,#9841,#9843,#9845));
#9847=FACE_OUTER_BOUND('',#9846,.F.);
#9849=CARTESIAN_POINT('',(0.E0,-9.E-1,0.E0));
#9850=DIRECTION('',(0.E0,1.E0,0.E0));
#9851=DIRECTION('',(0.E0,0.E0,-1.E0));
#9852=AXIS2_PLACEMENT_3D('',#9849,#9850,#9851);
#9853=PLANE('',#9852);
#9855=ORIENTED_EDGE('',*,*,#9854,.F.);
#9857=ORIENTED_EDGE('',*,*,#9856,.T.);
#9859=ORIENTED_EDGE('',*,*,#9858,.T.);
#9861=ORIENTED_EDGE('',*,*,#9860,.T.);
#9862=EDGE_LOOP('',(#9855,#9857,#9859,#9861));
#9863=FACE_OUTER_BOUND('',#9862,.F.);
#9865=CARTESIAN_POINT('',(2.78E1,0.E0,3.25E1));
#9866=DIRECTION('',(-1.E0,0.E0,0.E0));
#9867=DIRECTION('',(0.E0,0.E0,1.E0));
#9868=AXIS2_PLACEMENT_3D('',#9865,#9866,#9867);
#9869=PLANE('',#9868);
#9870=ORIENTED_EDGE('',*,*,#9783,.T.);
#9871=ORIENTED_EDGE('',*,*,#9800,.T.);
#9872=ORIENTED_EDGE('',*,*,#9812,.F.);
#9873=ORIENTED_EDGE('',*,*,#9767,.F.);
#9874=EDGE_LOOP('',(#9870,#9871,#9872,#9873));
#9875=FACE_OUTER_BOUND('',#9874,.F.);
#9877=CARTESIAN_POINT('',(2.84E1,0.E0,-3.75E1));
#9878=DIRECTION('',(0.E0,0.E0,-1.E0));
#9879=DIRECTION('',(-1.E0,0.E0,0.E0));
#9880=AXIS2_PLACEMENT_3D('',#9877,#9878,#9879);
#9881=PLANE('',#9880);
#9883=ORIENTED_EDGE('',*,*,#9882,.F.);
#9885=ORIENTED_EDGE('',*,*,#9884,.T.);
#9886=ORIENTED_EDGE('',*,*,#9824,.F.);
#9887=ORIENTED_EDGE('',*,*,#9697,.F.);
#9888=ORIENTED_EDGE('',*,*,#9439,.T.);
#9889=EDGE_LOOP('',(#9883,#9885,#9886,#9887,#9888));
#9890=FACE_OUTER_BOUND('',#9889,.F.);
#9892=CARTESIAN_POINT('',(2.805E1,-2.5E-1,-3.5E1));
#9893=DIRECTION('',(-7.071067811865E-1,7.071067811865E-1,0.E0));
#9894=DIRECTION('',(-7.071067811865E-1,-7.071067811865E-1,0.E0));
#9895=AXIS2_PLACEMENT_3D('',#9892,#9893,#9894);
#9896=PLANE('',#9895);
#9898=ORIENTED_EDGE('',*,*,#9897,.T.);
#9900=ORIENTED_EDGE('',*,*,#9899,.F.);
#9901=ORIENTED_EDGE('',*,*,#9882,.T.);
#9902=ORIENTED_EDGE('',*,*,#9437,.T.);
#9903=EDGE_LOOP('',(#9898,#9900,#9901,#9902));
#9904=FACE_OUTER_BOUND('',#9903,.F.);
#9906=CARTESIAN_POINT('',(2.78E1,0.E0,-3.25E1));
#9907=DIRECTION('',(0.E0,0.E0,1.E0));
#9908=DIRECTION('',(1.E0,0.E0,0.E0));
#9909=AXIS2_PLACEMENT_3D('',#9906,#9907,#9908);
#9910=PLANE('',#9909);
#9911=ORIENTED_EDGE('',*,*,#9897,.F.);
#9912=ORIENTED_EDGE('',*,*,#9435,.T.);
#9913=ORIENTED_EDGE('',*,*,#9701,.T.);
#9914=ORIENTED_EDGE('',*,*,#9828,.F.);
#9916=ORIENTED_EDGE('',*,*,#9915,.F.);
#9917=EDGE_LOOP('',(#9911,#9912,#9913,#9914,#9916));
#9918=FACE_OUTER_BOUND('',#9917,.F.);
#9920=CARTESIAN_POINT('',(2.78E1,0.E0,-3.75E1));
#9921=DIRECTION('',(-1.E0,0.E0,0.E0));
#9922=DIRECTION('',(0.E0,0.E0,1.E0));
#9923=AXIS2_PLACEMENT_3D('',#9920,#9921,#9922);
#9924=PLANE('',#9923);
#9925=ORIENTED_EDGE('',*,*,#9899,.T.);
#9926=ORIENTED_EDGE('',*,*,#9915,.T.);
#9927=ORIENTED_EDGE('',*,*,#9826,.F.);
#9928=ORIENTED_EDGE('',*,*,#9884,.F.);
#9929=EDGE_LOOP('',(#9925,#9926,#9927,#9928));
#9930=FACE_OUTER_BOUND('',#9929,.F.);
#9932=CARTESIAN_POINT('',(-2.84E1,0.E0,-4.720004800192E1));
#9933=DIRECTION('',(-9.998476951564E-1,-1.745240643728E-2,0.E0));
#9934=DIRECTION('',(0.E0,0.E0,1.E0));
#9935=AXIS2_PLACEMENT_3D('',#9932,#9933,#9934);
#9936=PLANE('',#9935);
#9937=ORIENTED_EDGE('',*,*,#9838,.T.);
#9939=ORIENTED_EDGE('',*,*,#9938,.F.);
#9940=ORIENTED_EDGE('',*,*,#9489,.F.);
#9942=ORIENTED_EDGE('',*,*,#9941,.T.);
#9943=ORIENTED_EDGE('',*,*,#9854,.T.);
#9945=ORIENTED_EDGE('',*,*,#9944,.F.);
#9946=ORIENTED_EDGE('',*,*,#9481,.F.);
#9948=ORIENTED_EDGE('',*,*,#9947,.T.);
#9950=ORIENTED_EDGE('',*,*,#9949,.T.);
#9952=ORIENTED_EDGE('',*,*,#9951,.F.);
#9953=ORIENTED_EDGE('',*,*,#9497,.F.);
#9955=ORIENTED_EDGE('',*,*,#9954,.T.);
#9956=EDGE_LOOP('',(#9937,#9939,#9940,#9942,#9943,#9945,#9946,#9948,#9950,#9952,
#9953,#9955));
#9957=FACE_OUTER_BOUND('',#9956,.F.);
#9959=CARTESIAN_POINT('',(-2.78E1,0.E0,3.25E1));
#9960=DIRECTION('',(0.E0,0.E0,-1.E0));
#9961=DIRECTION('',(-1.E0,0.E0,0.E0));
#9962=AXIS2_PLACEMENT_3D('',#9959,#9960,#9961);
#9963=PLANE('',#9962);
#9965=ORIENTED_EDGE('',*,*,#9964,.F.);
#9966=ORIENTED_EDGE('',*,*,#9491,.T.);
#9967=ORIENTED_EDGE('',*,*,#9938,.T.);
#9968=ORIENTED_EDGE('',*,*,#9844,.F.);
#9970=ORIENTED_EDGE('',*,*,#9969,.F.);
#9971=EDGE_LOOP('',(#9965,#9966,#9967,#9968,#9970));
#9972=FACE_OUTER_BOUND('',#9971,.F.);
#9974=CARTESIAN_POINT('',(-2.805E1,-2.5E-1,3.5E1));
#9975=DIRECTION('',(7.071067811865E-1,7.071067811865E-1,0.E0));
#9976=DIRECTION('',(7.071067811865E-1,-7.071067811865E-1,0.E0));
#9977=AXIS2_PLACEMENT_3D('',#9974,#9975,#9976);
#9978=PLANE('',#9977);
#9979=ORIENTED_EDGE('',*,*,#9964,.T.);
#9981=ORIENTED_EDGE('',*,*,#9980,.F.);
#9983=ORIENTED_EDGE('',*,*,#9982,.T.);
#9984=ORIENTED_EDGE('',*,*,#9493,.T.);
#9985=EDGE_LOOP('',(#9979,#9981,#9983,#9984));
#9986=FACE_OUTER_BOUND('',#9985,.F.);
#9988=CARTESIAN_POINT('',(-2.78E1,0.E0,3.75E1));
#9989=DIRECTION('',(1.E0,0.E0,0.E0));
#9990=DIRECTION('',(0.E0,0.E0,-1.E0));
#9991=AXIS2_PLACEMENT_3D('',#9988,#9989,#9990);
#9992=PLANE('',#9991);
#9993=ORIENTED_EDGE('',*,*,#9980,.T.);
#9994=ORIENTED_EDGE('',*,*,#9969,.T.);
#9995=ORIENTED_EDGE('',*,*,#9842,.F.);
#9997=ORIENTED_EDGE('',*,*,#9996,.F.);
#9998=EDGE_LOOP('',(#9993,#9994,#9995,#9997));
#9999=FACE_OUTER_BOUND('',#9998,.F.);
#10001=CARTESIAN_POINT('',(-2.84E1,0.E0,3.75E1));
#10002=DIRECTION('',(0.E0,0.E0,1.E0));
#10003=DIRECTION('',(1.E0,0.E0,0.E0));
#10004=AXIS2_PLACEMENT_3D('',#10001,#10002,#10003);
#10005=PLANE('',#10004);
#10006=ORIENTED_EDGE('',*,*,#9982,.F.);
#10007=ORIENTED_EDGE('',*,*,#9996,.T.);
#10008=ORIENTED_EDGE('',*,*,#9840,.F.);
#10009=ORIENTED_EDGE('',*,*,#9954,.F.);
#10010=ORIENTED_EDGE('',*,*,#9495,.T.);
#10011=EDGE_LOOP('',(#10006,#10007,#10008,#10009,#10010));
#10012=FACE_OUTER_BOUND('',#10011,.F.);
#10014=CARTESIAN_POINT('',(-2.84E1,0.E0,-3.25E1));
#10015=DIRECTION('',(0.E0,0.E0,1.E0));
#10016=DIRECTION('',(1.E0,0.E0,0.E0));
#10017=AXIS2_PLACEMENT_3D('',#10014,#10015,#10016);
#10018=PLANE('',#10017);
#10020=ORIENTED_EDGE('',*,*,#10019,.F.);
#10022=ORIENTED_EDGE('',*,*,#10021,.T.);
#10023=ORIENTED_EDGE('',*,*,#9856,.F.);
#10024=ORIENTED_EDGE('',*,*,#9941,.F.);
#10025=ORIENTED_EDGE('',*,*,#9487,.T.);
#10026=EDGE_LOOP('',(#10020,#10022,#10023,#10024,#10025));
#10027=FACE_OUTER_BOUND('',#10026,.F.);
#10029=CARTESIAN_POINT('',(-2.805E1,-2.5E-1,-3.5E1));
#10030=DIRECTION('',(7.071067811865E-1,7.071067811865E-1,0.E0));
#10031=DIRECTION('',(7.071067811865E-1,-7.071067811865E-1,0.E0));
#10032=AXIS2_PLACEMENT_3D('',#10029,#10030,#10031);
#10033=PLANE('',#10032);
#10035=ORIENTED_EDGE('',*,*,#10034,.T.);
#10037=ORIENTED_EDGE('',*,*,#10036,.F.);
#10038=ORIENTED_EDGE('',*,*,#10019,.T.);
#10039=ORIENTED_EDGE('',*,*,#9485,.T.);
#10040=EDGE_LOOP('',(#10035,#10037,#10038,#10039));
#10041=FACE_OUTER_BOUND('',#10040,.F.);
#10043=CARTESIAN_POINT('',(-2.78E1,0.E0,-3.75E1));
#10044=DIRECTION('',(0.E0,0.E0,-1.E0));
#10045=DIRECTION('',(-1.E0,0.E0,0.E0));
#10046=AXIS2_PLACEMENT_3D('',#10043,#10044,#10045);
#10047=PLANE('',#10046);
#10048=ORIENTED_EDGE('',*,*,#10034,.F.);
#10049=ORIENTED_EDGE('',*,*,#9483,.T.);
#10050=ORIENTED_EDGE('',*,*,#9944,.T.);
#10051=ORIENTED_EDGE('',*,*,#9860,.F.);
#10053=ORIENTED_EDGE('',*,*,#10052,.F.);
#10054=EDGE_LOOP('',(#10048,#10049,#10050,#10051,#10053));
#10055=FACE_OUTER_BOUND('',#10054,.F.);
#10057=CARTESIAN_POINT('',(-2.78E1,0.E0,-3.25E1));
#10058=DIRECTION('',(1.E0,0.E0,0.E0));
#10059=DIRECTION('',(0.E0,0.E0,-1.E0));
#10060=AXIS2_PLACEMENT_3D('',#10057,#10058,#10059);
#10061=PLANE('',#10060);
#10062=ORIENTED_EDGE('',*,*,#10036,.T.);
#10063=ORIENTED_EDGE('',*,*,#10052,.T.);
#10064=ORIENTED_EDGE('',*,*,#9858,.F.);
#10065=ORIENTED_EDGE('',*,*,#10021,.F.);
#10066=EDGE_LOOP('',(#10062,#10063,#10064,#10065));
#10067=FACE_OUTER_BOUND('',#10066,.F.);
#10069=CARTESIAN_POINT('',(-2.7E1,-1.5E0,-4.5E1));
#10070=DIRECTION('',(0.E0,1.E0,0.E0));
#10071=DIRECTION('',(0.E0,0.E0,-1.E0));
#10072=AXIS2_PLACEMENT_3D('',#10069,#10070,#10071);
#10073=CONICAL_SURFACE('',#10072,1.373817402608E0,1.E0);
#10074=ORIENTED_EDGE('',*,*,#9479,.F.);
#10076=ORIENTED_EDGE('',*,*,#10075,.T.);
#10078=ORIENTED_EDGE('',*,*,#10077,.T.);
#10079=ORIENTED_EDGE('',*,*,#9947,.F.);
#10080=EDGE_LOOP('',(#10074,#10076,#10078,#10079));
#10081=FACE_OUTER_BOUND('',#10080,.F.);
#10083=CARTESIAN_POINT('',(2.920004800192E1,0.E0,-4.64E1));
#10084=DIRECTION('',(0.E0,-1.745240643728E-2,-9.998476951564E-1));
#10085=DIRECTION('',(-1.E0,0.E0,0.E0));
#10086=AXIS2_PLACEMENT_3D('',#10083,#10084,#10085);
#10087=PLANE('',#10086);
#10089=ORIENTED_EDGE('',*,*,#10088,.T.);
#10090=ORIENTED_EDGE('',*,*,#9445,.F.);
#10092=ORIENTED_EDGE('',*,*,#10091,.T.);
#10094=ORIENTED_EDGE('',*,*,#10093,.T.);
#10095=ORIENTED_EDGE('',*,*,#10075,.F.);
#10096=ORIENTED_EDGE('',*,*,#9477,.F.);
#10097=EDGE_LOOP('',(#10089,#10090,#10092,#10094,#10095,#10096));
#10098=FACE_OUTER_BOUND('',#10097,.F.);
#10100=CARTESIAN_POINT('',(-1.374988339536E1,4.499992668630E-1,0.E0));
#10101=DIRECTION('',(0.E0,0.E0,1.E0));
#10102=DIRECTION('',(-1.E0,0.E0,0.E0));
#10103=AXIS2_PLACEMENT_3D('',#10100,#10101,#10102);
#10104=CYLINDRICAL_SURFACE('',#10103,2.975E0);
#10105=ORIENTED_EDGE('',*,*,#9475,.F.);
#10107=ORIENTED_EDGE('',*,*,#10106,.T.);
#10108=ORIENTED_EDGE('',*,*,#9447,.T.);
#10109=ORIENTED_EDGE('',*,*,#10088,.F.);
#10110=EDGE_LOOP('',(#10105,#10107,#10108,#10109));
#10111=FACE_OUTER_BOUND('',#10110,.F.);
#10113=CARTESIAN_POINT('',(2.7E1,0.E0,-4.75E1));
#10114=DIRECTION('',(0.E0,0.E0,-1.E0));
#10115=DIRECTION('',(-1.E0,0.E0,0.E0));
#10116=AXIS2_PLACEMENT_3D('',#10113,#10114,#10115);
#10117=PLANE('',#10116);
#10118=ORIENTED_EDGE('',*,*,#10106,.F.);
#10119=ORIENTED_EDGE('',*,*,#9473,.T.);
#10121=ORIENTED_EDGE('',*,*,#10120,.T.);
#10123=ORIENTED_EDGE('',*,*,#10122,.T.);
#10125=ORIENTED_EDGE('',*,*,#10124,.F.);
#10126=ORIENTED_EDGE('',*,*,#9449,.T.);
#10127=EDGE_LOOP('',(#10118,#10119,#10121,#10123,#10125,#10126));
#10128=FACE_OUTER_BOUND('',#10127,.F.);
#10130=CARTESIAN_POINT('',(-2.7E1,0.E0,-4.5E1));
#10131=DIRECTION('',(0.E0,1.E0,0.E0));
#10132=DIRECTION('',(1.E0,0.E0,0.E0));
#10133=AXIS2_PLACEMENT_3D('',#10130,#10131,#10132);
#10134=CYLINDRICAL_SURFACE('',#10133,2.5E0);
#10136=ORIENTED_EDGE('',*,*,#10135,.T.);
#10137=ORIENTED_EDGE('',*,*,#10120,.F.);
#10138=ORIENTED_EDGE('',*,*,#9471,.T.);
#10140=ORIENTED_EDGE('',*,*,#10139,.T.);
#10141=EDGE_LOOP('',(#10136,#10137,#10138,#10140));
#10142=FACE_OUTER_BOUND('',#10141,.F.);
#10144=CARTESIAN_POINT('',(-2.7E1,-1.05E1,-4.5E1));
#10145=DIRECTION('',(0.E0,1.E0,0.E0));
#10146=DIRECTION('',(-9.961852849244E-1,0.E0,8.726326890563E-2));
#10147=AXIS2_PLACEMENT_3D('',#10144,#10145,#10146);
#10148=TOROIDAL_SURFACE('',#10147,1.5E0,1.E0);
#10150=ORIENTED_EDGE('',*,*,#10149,.T.);
#10152=ORIENTED_EDGE('',*,*,#10151,.T.);
#10153=ORIENTED_EDGE('',*,*,#10135,.F.);
#10155=ORIENTED_EDGE('',*,*,#10154,.F.);
#10156=EDGE_LOOP('',(#10150,#10152,#10153,#10155));
#10157=FACE_OUTER_BOUND('',#10156,.F.);
#10159=CARTESIAN_POINT('',(0.E0,-1.15E1,0.E0));
#10160=DIRECTION('',(0.E0,1.E0,0.E0));
#10161=DIRECTION('',(1.E0,0.E0,0.E0));
#10162=AXIS2_PLACEMENT_3D('',#10159,#10160,#10161);
#10163=PLANE('',#10162);
#10165=ORIENTED_EDGE('',*,*,#10164,.F.);
#10167=ORIENTED_EDGE('',*,*,#10166,.F.);
#10169=ORIENTED_EDGE('',*,*,#10168,.F.);
#10171=ORIENTED_EDGE('',*,*,#10170,.F.);
#10172=ORIENTED_EDGE('',*,*,#10149,.F.);
#10174=ORIENTED_EDGE('',*,*,#10173,.F.);
#10176=ORIENTED_EDGE('',*,*,#10175,.F.);
#10178=ORIENTED_EDGE('',*,*,#10177,.F.);
#10179=EDGE_LOOP('',(#10165,#10167,#10169,#10171,#10172,#10174,#10176,#10178));
#10180=FACE_OUTER_BOUND('',#10179,.F.);
#10182=ORIENTED_EDGE('',*,*,#10181,.T.);
#10184=ORIENTED_EDGE('',*,*,#10183,.T.);
#10185=EDGE_LOOP('',(#10182,#10184));
#10186=FACE_BOUND('',#10185,.F.);
#10188=ORIENTED_EDGE('',*,*,#10187,.T.);
#10190=ORIENTED_EDGE('',*,*,#10189,.T.);
#10191=EDGE_LOOP('',(#10188,#10190));
#10192=FACE_BOUND('',#10191,.F.);
#10194=ORIENTED_EDGE('',*,*,#10193,.T.);
#10196=ORIENTED_EDGE('',*,*,#10195,.T.);
#10197=EDGE_LOOP('',(#10194,#10196));
#10198=FACE_BOUND('',#10197,.F.);
#10200=ORIENTED_EDGE('',*,*,#10199,.T.);
#10202=ORIENTED_EDGE('',*,*,#10201,.T.);
#10203=EDGE_LOOP('',(#10200,#10202));
#10204=FACE_BOUND('',#10203,.F.);
#10206=ORIENTED_EDGE('',*,*,#10205,.F.);
#10208=ORIENTED_EDGE('',*,*,#10207,.F.);
#10209=EDGE_LOOP('',(#10206,#10208));
#10210=FACE_BOUND('',#10209,.F.);
#10212=ORIENTED_EDGE('',*,*,#10211,.F.);
#10214=ORIENTED_EDGE('',*,*,#10213,.F.);
#10215=EDGE_LOOP('',(#10212,#10214));
#10216=FACE_BOUND('',#10215,.F.);
#10218=ORIENTED_EDGE('',*,*,#10217,.F.);
#10220=ORIENTED_EDGE('',*,*,#10219,.F.);
#10221=EDGE_LOOP('',(#10218,#10220));
#10222=FACE_BOUND('',#10221,.F.);
#10224=ORIENTED_EDGE('',*,*,#10223,.F.);
#10226=ORIENTED_EDGE('',*,*,#10225,.F.);
#10227=EDGE_LOOP('',(#10224,#10226));
#10228=FACE_BOUND('',#10227,.F.);
#10230=ORIENTED_EDGE('',*,*,#10229,.F.);
#10232=ORIENTED_EDGE('',*,*,#10231,.F.);
#10233=EDGE_LOOP('',(#10230,#10232));
#10234=FACE_BOUND('',#10233,.F.);
#10236=ORIENTED_EDGE('',*,*,#10235,.F.);
#10238=ORIENTED_EDGE('',*,*,#10237,.F.);
#10239=EDGE_LOOP('',(#10236,#10238));
#10240=FACE_BOUND('',#10239,.F.);
#10242=ORIENTED_EDGE('',*,*,#10241,.F.);
#10244=ORIENTED_EDGE('',*,*,#10243,.F.);
#10245=EDGE_LOOP('',(#10242,#10244));
#10246=FACE_BOUND('',#10245,.F.);
#10248=ORIENTED_EDGE('',*,*,#10247,.F.);
#10250=ORIENTED_EDGE('',*,*,#10249,.F.);
#10251=EDGE_LOOP('',(#10248,#10250));
#10252=FACE_BOUND('',#10251,.F.);
#10254=ORIENTED_EDGE('',*,*,#10253,.F.);
#10256=ORIENTED_EDGE('',*,*,#10255,.F.);
#10257=EDGE_LOOP('',(#10254,#10256));
#10258=FACE_BOUND('',#10257,.F.);
#10260=ORIENTED_EDGE('',*,*,#10259,.F.);
#10262=ORIENTED_EDGE('',*,*,#10261,.F.);
#10263=EDGE_LOOP('',(#10260,#10262));
#10264=FACE_BOUND('',#10263,.F.);
#10266=ORIENTED_EDGE('',*,*,#10265,.F.);
#10268=ORIENTED_EDGE('',*,*,#10267,.F.);
#10269=EDGE_LOOP('',(#10266,#10268));
#10270=FACE_BOUND('',#10269,.F.);
#10272=ORIENTED_EDGE('',*,*,#10271,.F.);
#10274=ORIENTED_EDGE('',*,*,#10273,.F.);
#10275=EDGE_LOOP('',(#10272,#10274));
#10276=FACE_BOUND('',#10275,.F.);
#10278=ORIENTED_EDGE('',*,*,#10277,.F.);
#10280=ORIENTED_EDGE('',*,*,#10279,.F.);
#10281=EDGE_LOOP('',(#10278,#10280));
#10282=FACE_BOUND('',#10281,.F.);
#10284=ORIENTED_EDGE('',*,*,#10283,.F.);
#10286=ORIENTED_EDGE('',*,*,#10285,.F.);
#10287=EDGE_LOOP('',(#10284,#10286));
#10288=FACE_BOUND('',#10287,.F.);
#10290=ORIENTED_EDGE('',*,*,#10289,.F.);
#10292=ORIENTED_EDGE('',*,*,#10291,.F.);
#10293=EDGE_LOOP('',(#10290,#10292));
#10294=FACE_BOUND('',#10293,.F.);
#10296=ORIENTED_EDGE('',*,*,#10295,.F.);
#10298=ORIENTED_EDGE('',*,*,#10297,.F.);
#10299=EDGE_LOOP('',(#10296,#10298));
#10300=FACE_BOUND('',#10299,.F.);
#10302=ORIENTED_EDGE('',*,*,#10301,.F.);
#10304=ORIENTED_EDGE('',*,*,#10303,.F.);
#10305=EDGE_LOOP('',(#10302,#10304));
#10306=FACE_BOUND('',#10305,.F.);
#10308=ORIENTED_EDGE('',*,*,#10307,.F.);
#10310=ORIENTED_EDGE('',*,*,#10309,.F.);
#10311=EDGE_LOOP('',(#10308,#10310));
#10312=FACE_BOUND('',#10311,.F.);
#10314=ORIENTED_EDGE('',*,*,#10313,.F.);
#10316=ORIENTED_EDGE('',*,*,#10315,.F.);
#10317=EDGE_LOOP('',(#10314,#10316));
#10318=FACE_BOUND('',#10317,.F.);
#10320=ORIENTED_EDGE('',*,*,#10319,.F.);
#10322=ORIENTED_EDGE('',*,*,#10321,.F.);
#10323=EDGE_LOOP('',(#10320,#10322));
#10324=FACE_BOUND('',#10323,.F.);
#10326=ORIENTED_EDGE('',*,*,#10325,.F.);
#10328=ORIENTED_EDGE('',*,*,#10327,.F.);
#10329=EDGE_LOOP('',(#10326,#10328));
#10330=FACE_BOUND('',#10329,.F.);
#10332=ORIENTED_EDGE('',*,*,#10331,.F.);
#10334=ORIENTED_EDGE('',*,*,#10333,.F.);
#10335=EDGE_LOOP('',(#10332,#10334));
#10336=FACE_BOUND('',#10335,.F.);
#10338=ORIENTED_EDGE('',*,*,#10337,.F.);
#10340=ORIENTED_EDGE('',*,*,#10339,.F.);
#10341=EDGE_LOOP('',(#10338,#10340));
#10342=FACE_BOUND('',#10341,.F.);
#10344=ORIENTED_EDGE('',*,*,#10343,.F.);
#10346=ORIENTED_EDGE('',*,*,#10345,.F.);
#10347=EDGE_LOOP('',(#10344,#10346));
#10348=FACE_BOUND('',#10347,.F.);
#10350=ORIENTED_EDGE('',*,*,#10349,.F.);
#10352=ORIENTED_EDGE('',*,*,#10351,.F.);
#10353=EDGE_LOOP('',(#10350,#10352));
#10354=FACE_BOUND('',#10353,.F.);
#10356=ORIENTED_EDGE('',*,*,#10355,.F.);
#10358=ORIENTED_EDGE('',*,*,#10357,.F.);
#10359=EDGE_LOOP('',(#10356,#10358));
#10360=FACE_BOUND('',#10359,.F.);
#10362=ORIENTED_EDGE('',*,*,#10361,.F.);
#10364=ORIENTED_EDGE('',*,*,#10363,.F.);
#10365=EDGE_LOOP('',(#10362,#10364));
#10366=FACE_BOUND('',#10365,.F.);
#10368=ORIENTED_EDGE('',*,*,#10367,.F.);
#10370=ORIENTED_EDGE('',*,*,#10369,.F.);
#10371=EDGE_LOOP('',(#10368,#10370));
#10372=FACE_BOUND('',#10371,.F.);
#10374=ORIENTED_EDGE('',*,*,#10373,.F.);
#10376=ORIENTED_EDGE('',*,*,#10375,.F.);
#10377=EDGE_LOOP('',(#10374,#10376));
#10378=FACE_BOUND('',#10377,.F.);
#10380=ORIENTED_EDGE('',*,*,#10379,.F.);
#10382=ORIENTED_EDGE('',*,*,#10381,.F.);
#10383=EDGE_LOOP('',(#10380,#10382));
#10384=FACE_BOUND('',#10383,.F.);
#10386=ORIENTED_EDGE('',*,*,#10385,.F.);
#10388=ORIENTED_EDGE('',*,*,#10387,.F.);
#10389=EDGE_LOOP('',(#10386,#10388));
#10390=FACE_BOUND('',#10389,.F.);
#10392=ORIENTED_EDGE('',*,*,#10391,.F.);
#10394=ORIENTED_EDGE('',*,*,#10393,.F.);
#10395=EDGE_LOOP('',(#10392,#10394));
#10396=FACE_BOUND('',#10395,.F.);
#10398=ORIENTED_EDGE('',*,*,#10397,.F.);
#10400=ORIENTED_EDGE('',*,*,#10399,.F.);
#10401=EDGE_LOOP('',(#10398,#10400));
#10402=FACE_BOUND('',#10401,.F.);
#10404=ORIENTED_EDGE('',*,*,#10403,.F.);
#10406=ORIENTED_EDGE('',*,*,#10405,.F.);
#10407=EDGE_LOOP('',(#10404,#10406));
#10408=FACE_BOUND('',#10407,.F.);
#10410=ORIENTED_EDGE('',*,*,#10409,.F.);
#10412=ORIENTED_EDGE('',*,*,#10411,.F.);
#10413=EDGE_LOOP('',(#10410,#10412));
#10414=FACE_BOUND('',#10413,.F.);
#10416=ORIENTED_EDGE('',*,*,#10415,.F.);
#10418=ORIENTED_EDGE('',*,*,#10417,.F.);
#10419=EDGE_LOOP('',(#10416,#10418));
#10420=FACE_BOUND('',#10419,.F.);
#10422=ORIENTED_EDGE('',*,*,#10421,.F.);
#10424=ORIENTED_EDGE('',*,*,#10423,.F.);
#10425=EDGE_LOOP('',(#10422,#10424));
#10426=FACE_BOUND('',#10425,.F.);
#10428=ORIENTED_EDGE('',*,*,#10427,.F.);
#10430=ORIENTED_EDGE('',*,*,#10429,.F.);
#10431=EDGE_LOOP('',(#10428,#10430));
#10432=FACE_BOUND('',#10431,.F.);
#10434=ORIENTED_EDGE('',*,*,#10433,.F.);
#10436=ORIENTED_EDGE('',*,*,#10435,.F.);
#10437=EDGE_LOOP('',(#10434,#10436));
#10438=FACE_BOUND('',#10437,.F.);
#10440=ORIENTED_EDGE('',*,*,#10439,.F.);
#10442=ORIENTED_EDGE('',*,*,#10441,.F.);
#10443=EDGE_LOOP('',(#10440,#10442));
#10444=FACE_BOUND('',#10443,.F.);
#10446=ORIENTED_EDGE('',*,*,#10445,.F.);
#10448=ORIENTED_EDGE('',*,*,#10447,.F.);
#10449=EDGE_LOOP('',(#10446,#10448));
#10450=FACE_BOUND('',#10449,.F.);
#10452=ORIENTED_EDGE('',*,*,#10451,.T.);
#10454=ORIENTED_EDGE('',*,*,#10453,.T.);
#10456=ORIENTED_EDGE('',*,*,#10455,.T.);
#10458=ORIENTED_EDGE('',*,*,#10457,.T.);
#10460=ORIENTED_EDGE('',*,*,#10459,.T.);
#10462=ORIENTED_EDGE('',*,*,#10461,.T.);
#10463=EDGE_LOOP('',(#10452,#10454,#10456,#10458,#10460,#10462));
#10464=FACE_BOUND('',#10463,.F.);
#10466=ORIENTED_EDGE('',*,*,#10465,.T.);
#10468=ORIENTED_EDGE('',*,*,#10467,.T.);
#10470=ORIENTED_EDGE('',*,*,#10469,.T.);
#10472=ORIENTED_EDGE('',*,*,#10471,.T.);
#10474=ORIENTED_EDGE('',*,*,#10473,.T.);
#10476=ORIENTED_EDGE('',*,*,#10475,.T.);
#10477=EDGE_LOOP('',(#10466,#10468,#10470,#10472,#10474,#10476));
#10478=FACE_BOUND('',#10477,.F.);
#10480=ORIENTED_EDGE('',*,*,#10479,.T.);
#10482=ORIENTED_EDGE('',*,*,#10481,.T.);
#10484=ORIENTED_EDGE('',*,*,#10483,.T.);
#10486=ORIENTED_EDGE('',*,*,#10485,.T.);
#10488=ORIENTED_EDGE('',*,*,#10487,.T.);
#10489=EDGE_LOOP('',(#10480,#10482,#10484,#10486,#10488));
#10490=FACE_BOUND('',#10489,.F.);
#10492=ORIENTED_EDGE('',*,*,#10491,.T.);
#10494=ORIENTED_EDGE('',*,*,#10493,.T.);
#10496=ORIENTED_EDGE('',*,*,#10495,.T.);
#10498=ORIENTED_EDGE('',*,*,#10497,.T.);
#10499=EDGE_LOOP('',(#10492,#10494,#10496,#10498));
#10500=FACE_BOUND('',#10499,.F.);
#10502=ORIENTED_EDGE('',*,*,#10501,.T.);
#10504=ORIENTED_EDGE('',*,*,#10503,.T.);
#10506=ORIENTED_EDGE('',*,*,#10505,.T.);
#10508=ORIENTED_EDGE('',*,*,#10507,.T.);
#10510=ORIENTED_EDGE('',*,*,#10509,.T.);
#10512=ORIENTED_EDGE('',*,*,#10511,.T.);
#10513=EDGE_LOOP('',(#10502,#10504,#10506,#10508,#10510,#10512));
#10514=FACE_BOUND('',#10513,.F.);
#10516=ORIENTED_EDGE('',*,*,#10515,.T.);
#10518=ORIENTED_EDGE('',*,*,#10517,.T.);
#10520=ORIENTED_EDGE('',*,*,#10519,.T.);
#10522=ORIENTED_EDGE('',*,*,#10521,.T.);
#10524=ORIENTED_EDGE('',*,*,#10523,.T.);
#10526=ORIENTED_EDGE('',*,*,#10525,.T.);
#10528=ORIENTED_EDGE('',*,*,#10527,.T.);
#10530=ORIENTED_EDGE('',*,*,#10529,.T.);
#10531=EDGE_LOOP('',(#10516,#10518,#10520,#10522,#10524,#10526,#10528,#10530));
#10532=FACE_BOUND('',#10531,.F.);
#10534=ORIENTED_EDGE('',*,*,#10533,.T.);
#10536=ORIENTED_EDGE('',*,*,#10535,.T.);
#10538=ORIENTED_EDGE('',*,*,#10537,.T.);
#10540=ORIENTED_EDGE('',*,*,#10539,.T.);
#10542=ORIENTED_EDGE('',*,*,#10541,.T.);
#10544=ORIENTED_EDGE('',*,*,#10543,.T.);
#10546=ORIENTED_EDGE('',*,*,#10545,.T.);
#10548=ORIENTED_EDGE('',*,*,#10547,.T.);
#10549=EDGE_LOOP('',(#10534,#10536,#10538,#10540,#10542,#10544,#10546,#10548));
#10550=FACE_BOUND('',#10549,.F.);
#10552=CARTESIAN_POINT('',(0.E0,-1.15E1,0.E0));
#10553=DIRECTION('',(0.E0,1.E0,0.E0));
#10554=DIRECTION('',(1.E0,0.E0,0.E0));
#10555=AXIS2_PLACEMENT_3D('',#10552,#10553,#10554);
#10556=PLANE('',#10555);
#10558=ORIENTED_EDGE('',*,*,#10557,.F.);
#10560=ORIENTED_EDGE('',*,*,#10559,.T.);
#10562=ORIENTED_EDGE('',*,*,#10561,.F.);
#10563=EDGE_LOOP('',(#10558,#10560,#10562));
#10564=FACE_OUTER_BOUND('',#10563,.F.);
#10566=CARTESIAN_POINT('',(0.E0,-1.15E1,0.E0));
#10567=DIRECTION('',(0.E0,1.E0,0.E0));
#10568=DIRECTION('',(1.E0,0.E0,0.E0));
#10569=AXIS2_PLACEMENT_3D('',#10566,#10567,#10568);
#10570=PLANE('',#10569);
#10572=ORIENTED_EDGE('',*,*,#10571,.F.);
#10574=ORIENTED_EDGE('',*,*,#10573,.F.);
#10575=EDGE_LOOP('',(#10572,#10574));
#10576=FACE_OUTER_BOUND('',#10575,.F.);
#10578=CARTESIAN_POINT('',(0.E0,-1.15E1,0.E0));
#10579=DIRECTION('',(0.E0,1.E0,0.E0));
#10580=DIRECTION('',(1.E0,0.E0,0.E0));
#10581=AXIS2_PLACEMENT_3D('',#10578,#10579,#10580);
#10582=PLANE('',#10581);
#10584=ORIENTED_EDGE('',*,*,#10583,.F.);
#10586=ORIENTED_EDGE('',*,*,#10585,.F.);
#10587=EDGE_LOOP('',(#10584,#10586));
#10588=FACE_OUTER_BOUND('',#10587,.F.);
#10590=CARTESIAN_POINT('',(2.7E1,-1.05E1,4.5E1));
#10591=DIRECTION('',(0.E0,1.E0,0.E0));
#10592=DIRECTION('',(9.961852849244E-1,0.E0,-8.726326890563E-2));
#10593=AXIS2_PLACEMENT_3D('',#10590,#10591,#10592);
#10594=TOROIDAL_SURFACE('',#10593,1.5E0,1.E0);
#10595=ORIENTED_EDGE('',*,*,#10164,.T.);
#10597=ORIENTED_EDGE('',*,*,#10596,.T.);
#10599=ORIENTED_EDGE('',*,*,#10598,.F.);
#10601=ORIENTED_EDGE('',*,*,#10600,.F.);
#10602=EDGE_LOOP('',(#10595,#10597,#10599,#10601));
#10603=FACE_OUTER_BOUND('',#10602,.F.);
#10605=CARTESIAN_POINT('',(2.7218436E1,-1.05E1,4.65E1));
#10606=DIRECTION('',(-1.E0,0.E0,0.E0));
#10607=DIRECTION('',(0.E0,-1.E0,0.E0));
#10608=AXIS2_PLACEMENT_3D('',#10605,#10606,#10607);
#10609=CYLINDRICAL_SURFACE('',#10608,1.E0);
#10610=ORIENTED_EDGE('',*,*,#10177,.T.);
#10612=ORIENTED_EDGE('',*,*,#10611,.T.);
#10614=ORIENTED_EDGE('',*,*,#10613,.F.);
#10615=ORIENTED_EDGE('',*,*,#10596,.F.);
#10616=EDGE_LOOP('',(#10610,#10612,#10614,#10615));
#10617=FACE_OUTER_BOUND('',#10616,.F.);
#10619=CARTESIAN_POINT('',(-2.7E1,-1.05E1,4.5E1));
#10620=DIRECTION('',(0.E0,1.E0,0.E0));
#10621=DIRECTION('',(8.726326890564E-2,0.E0,9.961852849244E-1));
#10622=AXIS2_PLACEMENT_3D('',#10619,#10620,#10621);
#10623=TOROIDAL_SURFACE('',#10622,1.5E0,1.E0);
#10624=ORIENTED_EDGE('',*,*,#10175,.T.);
#10626=ORIENTED_EDGE('',*,*,#10625,.T.);
#10628=ORIENTED_EDGE('',*,*,#10627,.F.);
#10629=ORIENTED_EDGE('',*,*,#10611,.F.);
#10630=EDGE_LOOP('',(#10624,#10626,#10628,#10629));
#10631=FACE_OUTER_BOUND('',#10630,.F.);
#10633=CARTESIAN_POINT('',(-2.85E1,-1.05E1,4.5218436E1));
#10634=DIRECTION('',(0.E0,0.E0,-1.E0));
#10635=DIRECTION('',(0.E0,-1.E0,0.E0));
#10636=AXIS2_PLACEMENT_3D('',#10633,#10634,#10635);
#10637=CYLINDRICAL_SURFACE('',#10636,1.E0);
#10638=ORIENTED_EDGE('',*,*,#10173,.T.);
#10639=ORIENTED_EDGE('',*,*,#10154,.T.);
#10641=ORIENTED_EDGE('',*,*,#10640,.F.);
#10642=ORIENTED_EDGE('',*,*,#10625,.F.);
#10643=EDGE_LOOP('',(#10638,#10639,#10641,#10642));
#10644=FACE_OUTER_BOUND('',#10643,.F.);
#10646=CARTESIAN_POINT('',(-2.95E1,0.E0,-4.5E1));
#10647=DIRECTION('',(-1.E0,0.E0,0.E0));
#10648=DIRECTION('',(0.E0,0.E0,1.E0));
#10649=AXIS2_PLACEMENT_3D('',#10646,#10647,#10648);
#10650=PLANE('',#10649);
#10651=ORIENTED_EDGE('',*,*,#10640,.T.);
#10652=ORIENTED_EDGE('',*,*,#10139,.F.);
#10653=ORIENTED_EDGE('',*,*,#9469,.T.);
#10655=ORIENTED_EDGE('',*,*,#10654,.T.);
#10656=EDGE_LOOP('',(#10651,#10652,#10653,#10655));
#10657=FACE_OUTER_BOUND('',#10656,.F.);
#10659=CARTESIAN_POINT('',(-2.7E1,0.E0,4.5E1));
#10660=DIRECTION('',(0.E0,1.E0,0.E0));
#10661=DIRECTION('',(1.E0,0.E0,0.E0));
#10662=AXIS2_PLACEMENT_3D('',#10659,#10660,#10661);
#10663=CYLINDRICAL_SURFACE('',#10662,2.5E0);
#10664=ORIENTED_EDGE('',*,*,#10627,.T.);
#10665=ORIENTED_EDGE('',*,*,#10654,.F.);
#10666=ORIENTED_EDGE('',*,*,#9467,.T.);
#10668=ORIENTED_EDGE('',*,*,#10667,.T.);
#10669=EDGE_LOOP('',(#10664,#10665,#10666,#10668));
#10670=FACE_OUTER_BOUND('',#10669,.F.);
#10672=CARTESIAN_POINT('',(-2.7E1,0.E0,4.75E1));
#10673=DIRECTION('',(0.E0,0.E0,1.E0));
#10674=DIRECTION('',(1.E0,0.E0,0.E0));
#10675=AXIS2_PLACEMENT_3D('',#10672,#10673,#10674);
#10676=PLANE('',#10675);
#10678=ORIENTED_EDGE('',*,*,#10677,.F.);
#10680=ORIENTED_EDGE('',*,*,#10679,.F.);
#10682=ORIENTED_EDGE('',*,*,#10681,.F.);
#10684=ORIENTED_EDGE('',*,*,#10683,.F.);
#10686=ORIENTED_EDGE('',*,*,#10685,.F.);
#10687=ORIENTED_EDGE('',*,*,#9515,.T.);
#10689=ORIENTED_EDGE('',*,*,#10688,.T.);
#10690=ORIENTED_EDGE('',*,*,#10613,.T.);
#10691=ORIENTED_EDGE('',*,*,#10667,.F.);
#10692=ORIENTED_EDGE('',*,*,#9465,.T.);
#10693=EDGE_LOOP('',(#10678,#10680,#10682,#10684,#10686,#10687,#10689,#10690,
#10691,#10692));
#10694=FACE_OUTER_BOUND('',#10693,.F.);
#10696=CARTESIAN_POINT('',(-5.019997224434E0,-1.6516222E-1,4.725E1));
#10697=DIRECTION('',(7.071067811865E-1,0.E0,7.071067811865E-1));
#10698=DIRECTION('',(7.071067811865E-1,0.E0,-7.071067811865E-1));
#10699=AXIS2_PLACEMENT_3D('',#10696,#10697,#10698);
#10700=PLANE('',#10699);
#10701=ORIENTED_EDGE('',*,*,#10677,.T.);
#10702=ORIENTED_EDGE('',*,*,#9505,.T.);
#10704=ORIENTED_EDGE('',*,*,#10703,.F.);
#10706=ORIENTED_EDGE('',*,*,#10705,.F.);
#10707=EDGE_LOOP('',(#10701,#10702,#10704,#10706));
#10708=FACE_OUTER_BOUND('',#10707,.F.);
#10710=CARTESIAN_POINT('',(-4.769997224434E0,2.6967556E-1,0.E0));
#10711=DIRECTION('',(-1.E0,0.E0,0.E0));
#10712=DIRECTION('',(0.E0,-1.E0,0.E0));
#10713=AXIS2_PLACEMENT_3D('',#10710,#10711,#10712);
#10714=PLANE('',#10713);
#10715=ORIENTED_EDGE('',*,*,#10703,.T.);
#10716=ORIENTED_EDGE('',*,*,#9503,.T.);
#10718=ORIENTED_EDGE('',*,*,#10717,.T.);
#10720=ORIENTED_EDGE('',*,*,#10719,.T.);
#10721=EDGE_LOOP('',(#10715,#10716,#10718,#10720));
#10722=FACE_OUTER_BOUND('',#10721,.F.);
#10724=CARTESIAN_POINT('',(-2.920004800192E1,0.E0,4.64E1));
#10725=DIRECTION('',(0.E0,-1.745240643728E-2,9.998476951564E-1));
#10726=DIRECTION('',(1.E0,0.E0,0.E0));
#10727=AXIS2_PLACEMENT_3D('',#10724,#10725,#10726);
#10728=PLANE('',#10727);
#10729=ORIENTED_EDGE('',*,*,#10717,.F.);
#10730=ORIENTED_EDGE('',*,*,#9501,.F.);
#10732=ORIENTED_EDGE('',*,*,#10731,.T.);
#10734=ORIENTED_EDGE('',*,*,#10733,.T.);
#10736=ORIENTED_EDGE('',*,*,#10735,.F.);
#10737=ORIENTED_EDGE('',*,*,#9521,.F.);
#10739=ORIENTED_EDGE('',*,*,#10738,.F.);
#10741=ORIENTED_EDGE('',*,*,#10740,.F.);
#10743=ORIENTED_EDGE('',*,*,#10742,.F.);
#10745=ORIENTED_EDGE('',*,*,#10744,.F.);
#10746=EDGE_LOOP('',(#10729,#10730,#10732,#10734,#10736,#10737,#10739,#10741,
#10743,#10745));
#10747=FACE_OUTER_BOUND('',#10746,.F.);
#10749=CARTESIAN_POINT('',(-2.7E1,-1.5E0,4.5E1));
#10750=DIRECTION('',(0.E0,1.E0,0.E0));
#10751=DIRECTION('',(0.E0,0.E0,-1.E0));
#10752=AXIS2_PLACEMENT_3D('',#10749,#10750,#10751);
#10753=CONICAL_SURFACE('',#10752,1.373817402608E0,1.E0);
#10754=ORIENTED_EDGE('',*,*,#9499,.F.);
#10755=ORIENTED_EDGE('',*,*,#9951,.T.);
#10757=ORIENTED_EDGE('',*,*,#10756,.T.);
#10758=ORIENTED_EDGE('',*,*,#10731,.F.);
#10759=EDGE_LOOP('',(#10754,#10755,#10757,#10758));
#10760=FACE_OUTER_BOUND('',#10759,.F.);
#10762=CARTESIAN_POINT('',(0.E0,-3.E0,0.E0));
#10763=DIRECTION('',(0.E0,1.E0,0.E0));
#10764=DIRECTION('',(0.E0,0.E0,-1.E0));
#10765=AXIS2_PLACEMENT_3D('',#10762,#10763,#10764);
#10766=PLANE('',#10765);
#10767=ORIENTED_EDGE('',*,*,#10733,.F.);
#10768=ORIENTED_EDGE('',*,*,#10756,.F.);
#10769=ORIENTED_EDGE('',*,*,#9949,.F.);
#10770=ORIENTED_EDGE('',*,*,#10077,.F.);
#10771=ORIENTED_EDGE('',*,*,#10093,.F.);
#10773=ORIENTED_EDGE('',*,*,#10772,.F.);
#10774=ORIENTED_EDGE('',*,*,#9692,.F.);
#10776=ORIENTED_EDGE('',*,*,#10775,.F.);
#10777=EDGE_LOOP('',(#10767,#10768,#10769,#10770,#10771,#10773,#10774,#10776));
#10778=FACE_OUTER_BOUND('',#10777,.F.);
#10780=ORIENTED_EDGE('',*,*,#10779,.T.);
#10782=ORIENTED_EDGE('',*,*,#10781,.F.);
#10784=ORIENTED_EDGE('',*,*,#10783,.T.);
#10786=ORIENTED_EDGE('',*,*,#10785,.T.);
#10788=ORIENTED_EDGE('',*,*,#10787,.F.);
#10790=ORIENTED_EDGE('',*,*,#10789,.T.);
#10792=ORIENTED_EDGE('',*,*,#10791,.T.);
#10794=ORIENTED_EDGE('',*,*,#10793,.T.);
#10796=ORIENTED_EDGE('',*,*,#10795,.F.);
#10798=ORIENTED_EDGE('',*,*,#10797,.T.);
#10800=ORIENTED_EDGE('',*,*,#10799,.F.);
#10802=ORIENTED_EDGE('',*,*,#10801,.T.);
#10804=ORIENTED_EDGE('',*,*,#10803,.F.);
#10806=ORIENTED_EDGE('',*,*,#10805,.T.);
#10808=ORIENTED_EDGE('',*,*,#10807,.F.);
#10810=ORIENTED_EDGE('',*,*,#10809,.T.);
#10812=ORIENTED_EDGE('',*,*,#10811,.T.);
#10814=ORIENTED_EDGE('',*,*,#10813,.T.);
#10816=ORIENTED_EDGE('',*,*,#10815,.F.);
#10818=ORIENTED_EDGE('',*,*,#10817,.T.);
#10820=ORIENTED_EDGE('',*,*,#10819,.T.);
#10822=ORIENTED_EDGE('',*,*,#10821,.F.);
#10824=ORIENTED_EDGE('',*,*,#10823,.T.);
#10826=ORIENTED_EDGE('',*,*,#10825,.F.);
#10828=ORIENTED_EDGE('',*,*,#10827,.T.);
#10830=ORIENTED_EDGE('',*,*,#10829,.T.);
#10832=ORIENTED_EDGE('',*,*,#10831,.F.);
#10834=ORIENTED_EDGE('',*,*,#10833,.T.);
#10836=ORIENTED_EDGE('',*,*,#10835,.T.);
#10838=ORIENTED_EDGE('',*,*,#10837,.T.);
#10840=ORIENTED_EDGE('',*,*,#10839,.F.);
#10842=ORIENTED_EDGE('',*,*,#10841,.T.);
#10844=ORIENTED_EDGE('',*,*,#10843,.F.);
#10846=ORIENTED_EDGE('',*,*,#10845,.T.);
#10848=ORIENTED_EDGE('',*,*,#10847,.F.);
#10850=ORIENTED_EDGE('',*,*,#10849,.T.);
#10852=ORIENTED_EDGE('',*,*,#10851,.F.);
#10854=ORIENTED_EDGE('',*,*,#10853,.T.);
#10856=ORIENTED_EDGE('',*,*,#10855,.T.);
#10858=ORIENTED_EDGE('',*,*,#10857,.T.);
#10860=ORIENTED_EDGE('',*,*,#10859,.F.);
#10862=ORIENTED_EDGE('',*,*,#10861,.T.);
#10864=ORIENTED_EDGE('',*,*,#10863,.T.);
#10866=ORIENTED_EDGE('',*,*,#10865,.F.);
#10867=EDGE_LOOP('',(#10780,#10782,#10784,#10786,#10788,#10790,#10792,#10794,
#10796,#10798,#10800,#10802,#10804,#10806,#10808,#10810,#10812,#10814,#10816,
#10818,#10820,#10822,#10824,#10826,#10828,#10830,#10832,#10834,#10836,#10838,
#10840,#10842,#10844,#10846,#10848,#10850,#10852,#10854,#10856,#10858,#10860,
#10862,#10864,#10866));
#10868=FACE_BOUND('',#10867,.F.);
#10870=CARTESIAN_POINT('',(2.7E1,-1.5E0,-4.5E1));
#10871=DIRECTION('',(0.E0,1.E0,0.E0));
#10872=DIRECTION('',(0.E0,0.E0,-1.E0));
#10873=AXIS2_PLACEMENT_3D('',#10870,#10871,#10872);
#10874=CONICAL_SURFACE('',#10873,1.373817402608E0,1.E0);
#10875=ORIENTED_EDGE('',*,*,#9443,.F.);
#10876=ORIENTED_EDGE('',*,*,#9694,.T.);
#10877=ORIENTED_EDGE('',*,*,#10772,.T.);
#10878=ORIENTED_EDGE('',*,*,#10091,.F.);
#10879=EDGE_LOOP('',(#10875,#10876,#10877,#10878));
#10880=FACE_OUTER_BOUND('',#10879,.F.);
#10882=CARTESIAN_POINT('',(2.7E1,-1.5E0,4.5E1));
#10883=DIRECTION('',(0.E0,1.E0,0.E0));
#10884=DIRECTION('',(0.E0,0.E0,-1.E0));
#10885=AXIS2_PLACEMENT_3D('',#10882,#10883,#10884);
#10886=CONICAL_SURFACE('',#10885,1.373817402608E0,1.E0);
#10887=ORIENTED_EDGE('',*,*,#9523,.F.);
#10888=ORIENTED_EDGE('',*,*,#10735,.T.);
#10889=ORIENTED_EDGE('',*,*,#10775,.T.);
#10890=ORIENTED_EDGE('',*,*,#9690,.F.);
#10891=EDGE_LOOP('',(#10887,#10888,#10889,#10890));
#10892=FACE_OUTER_BOUND('',#10891,.F.);
#10894=CARTESIAN_POINT('',(-2.75E1,0.E0,-4.5E1));
#10895=DIRECTION('',(-1.E0,0.E0,0.E0));
#10896=DIRECTION('',(0.E0,0.E0,1.E0));
#10897=AXIS2_PLACEMENT_3D('',#10894,#10895,#10896);
#10898=PLANE('',#10897);
#10900=ORIENTED_EDGE('',*,*,#10899,.T.);
#10901=ORIENTED_EDGE('',*,*,#10779,.F.);
#10903=ORIENTED_EDGE('',*,*,#10902,.F.);
#10905=ORIENTED_EDGE('',*,*,#10904,.F.);
#10906=EDGE_LOOP('',(#10900,#10901,#10903,#10905));
#10907=FACE_OUTER_BOUND('',#10906,.F.);
#10909=CARTESIAN_POINT('',(-2.75E1,0.E0,-4.5E1));
#10910=DIRECTION('',(-1.E0,0.E0,0.E0));
#10911=DIRECTION('',(0.E0,0.E0,1.E0));
#10912=AXIS2_PLACEMENT_3D('',#10909,#10910,#10911);
#10913=PLANE('',#10912);
#10915=ORIENTED_EDGE('',*,*,#10914,.F.);
#10917=ORIENTED_EDGE('',*,*,#10916,.F.);
#10919=ORIENTED_EDGE('',*,*,#10918,.F.);
#10920=ORIENTED_EDGE('',*,*,#10789,.F.);
#10921=EDGE_LOOP('',(#10915,#10917,#10919,#10920));
#10922=FACE_OUTER_BOUND('',#10921,.F.);
#10924=CARTESIAN_POINT('',(-2.75E1,0.E0,-4.5E1));
#10925=DIRECTION('',(-1.E0,0.E0,0.E0));
#10926=DIRECTION('',(0.E0,0.E0,1.E0));
#10927=AXIS2_PLACEMENT_3D('',#10924,#10925,#10926);
#10928=PLANE('',#10927);
#10930=ORIENTED_EDGE('',*,*,#10929,.T.);
#10931=ORIENTED_EDGE('',*,*,#10857,.F.);
#10933=ORIENTED_EDGE('',*,*,#10932,.T.);
#10935=ORIENTED_EDGE('',*,*,#10934,.F.);
#10936=EDGE_LOOP('',(#10930,#10931,#10933,#10935));
#10937=FACE_OUTER_BOUND('',#10936,.F.);
#10939=CARTESIAN_POINT('',(-2.724961536185E1,-3.E0,4.1E1));
#10940=DIRECTION('',(0.E0,0.E0,-1.E0));
#10941=DIRECTION('',(-1.E0,0.E0,0.E0));
#10942=AXIS2_PLACEMENT_3D('',#10939,#10940,#10941);
#10943=PLANE('',#10942);
#10945=ORIENTED_EDGE('',*,*,#10944,.T.);
#10947=ORIENTED_EDGE('',*,*,#10946,.T.);
#10948=ORIENTED_EDGE('',*,*,#10781,.T.);
#10949=ORIENTED_EDGE('',*,*,#10899,.F.);
#10950=EDGE_LOOP('',(#10945,#10947,#10948,#10949));
#10951=FACE_OUTER_BOUND('',#10950,.F.);
#10953=CARTESIAN_POINT('',(0.E0,-9.5E0,0.E0));
#10954=DIRECTION('',(0.E0,1.E0,0.E0));
#10955=DIRECTION('',(1.E0,0.E0,0.E0));
#10956=AXIS2_PLACEMENT_3D('',#10953,#10954,#10955);
#10957=PLANE('',#10956);
#10959=ORIENTED_EDGE('',*,*,#10958,.T.);
#10961=ORIENTED_EDGE('',*,*,#10960,.T.);
#10963=ORIENTED_EDGE('',*,*,#10962,.T.);
#10965=ORIENTED_EDGE('',*,*,#10964,.F.);
#10967=ORIENTED_EDGE('',*,*,#10966,.T.);
#10969=ORIENTED_EDGE('',*,*,#10968,.T.);
#10971=ORIENTED_EDGE('',*,*,#10970,.T.);
#10973=ORIENTED_EDGE('',*,*,#10972,.F.);
#10975=ORIENTED_EDGE('',*,*,#10974,.T.);
#10977=ORIENTED_EDGE('',*,*,#10976,.T.);
#10979=ORIENTED_EDGE('',*,*,#10978,.T.);
#10981=ORIENTED_EDGE('',*,*,#10980,.F.);
#10983=ORIENTED_EDGE('',*,*,#10982,.T.);
#10985=ORIENTED_EDGE('',*,*,#10984,.T.);
#10987=ORIENTED_EDGE('',*,*,#10986,.T.);
#10989=ORIENTED_EDGE('',*,*,#10988,.T.);
#10991=ORIENTED_EDGE('',*,*,#10990,.T.);
#10993=ORIENTED_EDGE('',*,*,#10992,.T.);
#10995=ORIENTED_EDGE('',*,*,#10994,.T.);
#10997=ORIENTED_EDGE('',*,*,#10996,.T.);
#10998=EDGE_LOOP('',(#10959,#10961,#10963,#10965,#10967,#10969,#10971,#10973,
#10975,#10977,#10979,#10981,#10983,#10985,#10987,#10989,#10991,#10993,#10995,
#10997));
#10999=FACE_OUTER_BOUND('',#10998,.F.);
#11001=ORIENTED_EDGE('',*,*,#11000,.T.);
#11003=ORIENTED_EDGE('',*,*,#11002,.T.);
#11004=EDGE_LOOP('',(#11001,#11003));
#11005=FACE_BOUND('',#11004,.F.);
#11007=ORIENTED_EDGE('',*,*,#11006,.T.);
#11009=ORIENTED_EDGE('',*,*,#11008,.T.);
#11010=EDGE_LOOP('',(#11007,#11009));
#11011=FACE_BOUND('',#11010,.F.);
#11013=ORIENTED_EDGE('',*,*,#11012,.T.);
#11015=ORIENTED_EDGE('',*,*,#11014,.T.);
#11016=EDGE_LOOP('',(#11013,#11015));
#11017=FACE_BOUND('',#11016,.F.);
#11019=ORIENTED_EDGE('',*,*,#11018,.T.);
#11021=ORIENTED_EDGE('',*,*,#11020,.T.);
#11022=EDGE_LOOP('',(#11019,#11021));
#11023=FACE_BOUND('',#11022,.F.);
#11025=ORIENTED_EDGE('',*,*,#11024,.T.);
#11027=ORIENTED_EDGE('',*,*,#11026,.T.);
#11028=EDGE_LOOP('',(#11025,#11027));
#11029=FACE_BOUND('',#11028,.F.);
#11031=ORIENTED_EDGE('',*,*,#11030,.T.);
#11033=ORIENTED_EDGE('',*,*,#11032,.T.);
#11034=EDGE_LOOP('',(#11031,#11033));
#11035=FACE_BOUND('',#11034,.F.);
#11037=ORIENTED_EDGE('',*,*,#11036,.T.);
#11039=ORIENTED_EDGE('',*,*,#11038,.T.);
#11040=EDGE_LOOP('',(#11037,#11039));
#11041=FACE_BOUND('',#11040,.F.);
#11043=ORIENTED_EDGE('',*,*,#11042,.T.);
#11045=ORIENTED_EDGE('',*,*,#11044,.T.);
#11046=EDGE_LOOP('',(#11043,#11045));
#11047=FACE_BOUND('',#11046,.F.);
#11049=ORIENTED_EDGE('',*,*,#11048,.T.);
#11051=ORIENTED_EDGE('',*,*,#11050,.T.);
#11052=EDGE_LOOP('',(#11049,#11051));
#11053=FACE_BOUND('',#11052,.F.);
#11055=ORIENTED_EDGE('',*,*,#11054,.T.);
#11057=ORIENTED_EDGE('',*,*,#11056,.T.);
#11058=EDGE_LOOP('',(#11055,#11057));
#11059=FACE_BOUND('',#11058,.F.);
#11061=ORIENTED_EDGE('',*,*,#11060,.T.);
#11063=ORIENTED_EDGE('',*,*,#11062,.T.);
#11064=EDGE_LOOP('',(#11061,#11063));
#11065=FACE_BOUND('',#11064,.F.);
#11067=ORIENTED_EDGE('',*,*,#11066,.T.);
#11069=ORIENTED_EDGE('',*,*,#11068,.T.);
#11070=EDGE_LOOP('',(#11067,#11069));
#11071=FACE_BOUND('',#11070,.F.);
#11073=ORIENTED_EDGE('',*,*,#11072,.T.);
#11075=ORIENTED_EDGE('',*,*,#11074,.T.);
#11076=EDGE_LOOP('',(#11073,#11075));
#11077=FACE_BOUND('',#11076,.F.);
#11079=ORIENTED_EDGE('',*,*,#11078,.T.);
#11081=ORIENTED_EDGE('',*,*,#11080,.T.);
#11082=EDGE_LOOP('',(#11079,#11081));
#11083=FACE_BOUND('',#11082,.F.);
#11085=ORIENTED_EDGE('',*,*,#11084,.T.);
#11087=ORIENTED_EDGE('',*,*,#11086,.T.);
#11088=EDGE_LOOP('',(#11085,#11087));
#11089=FACE_BOUND('',#11088,.F.);
#11091=ORIENTED_EDGE('',*,*,#11090,.T.);
#11093=ORIENTED_EDGE('',*,*,#11092,.T.);
#11094=EDGE_LOOP('',(#11091,#11093));
#11095=FACE_BOUND('',#11094,.F.);
#11097=ORIENTED_EDGE('',*,*,#11096,.T.);
#11099=ORIENTED_EDGE('',*,*,#11098,.T.);
#11100=EDGE_LOOP('',(#11097,#11099));
#11101=FACE_BOUND('',#11100,.F.);
#11103=ORIENTED_EDGE('',*,*,#11102,.T.);
#11105=ORIENTED_EDGE('',*,*,#11104,.T.);
#11106=EDGE_LOOP('',(#11103,#11105));
#11107=FACE_BOUND('',#11106,.F.);
#11109=ORIENTED_EDGE('',*,*,#11108,.T.);
#11111=ORIENTED_EDGE('',*,*,#11110,.T.);
#11112=EDGE_LOOP('',(#11109,#11111));
#11113=FACE_BOUND('',#11112,.F.);
#11115=ORIENTED_EDGE('',*,*,#11114,.T.);
#11117=ORIENTED_EDGE('',*,*,#11116,.T.);
#11118=EDGE_LOOP('',(#11115,#11117));
#11119=FACE_BOUND('',#11118,.F.);
#11121=ORIENTED_EDGE('',*,*,#11120,.T.);
#11123=ORIENTED_EDGE('',*,*,#11122,.T.);
#11124=EDGE_LOOP('',(#11121,#11123));
#11125=FACE_BOUND('',#11124,.F.);
#11127=ORIENTED_EDGE('',*,*,#11126,.T.);
#11129=ORIENTED_EDGE('',*,*,#11128,.T.);
#11130=EDGE_LOOP('',(#11127,#11129));
#11131=FACE_BOUND('',#11130,.F.);
#11133=ORIENTED_EDGE('',*,*,#11132,.T.);
#11135=ORIENTED_EDGE('',*,*,#11134,.T.);
#11136=EDGE_LOOP('',(#11133,#11135));
#11137=FACE_BOUND('',#11136,.F.);
#11139=ORIENTED_EDGE('',*,*,#11138,.T.);
#11141=ORIENTED_EDGE('',*,*,#11140,.T.);
#11142=EDGE_LOOP('',(#11139,#11141));
#11143=FACE_BOUND('',#11142,.F.);
#11145=ORIENTED_EDGE('',*,*,#11144,.T.);
#11147=ORIENTED_EDGE('',*,*,#11146,.T.);
#11148=EDGE_LOOP('',(#11145,#11147));
#11149=FACE_BOUND('',#11148,.F.);
#11151=ORIENTED_EDGE('',*,*,#11150,.T.);
#11153=ORIENTED_EDGE('',*,*,#11152,.T.);
#11154=EDGE_LOOP('',(#11151,#11153));
#11155=FACE_BOUND('',#11154,.F.);
#11157=ORIENTED_EDGE('',*,*,#11156,.T.);
#11159=ORIENTED_EDGE('',*,*,#11158,.T.);
#11160=EDGE_LOOP('',(#11157,#11159));
#11161=FACE_BOUND('',#11160,.F.);
#11163=ORIENTED_EDGE('',*,*,#11162,.T.);
#11165=ORIENTED_EDGE('',*,*,#11164,.T.);
#11166=EDGE_LOOP('',(#11163,#11165));
#11167=FACE_BOUND('',#11166,.F.);
#11169=ORIENTED_EDGE('',*,*,#11168,.T.);
#11171=ORIENTED_EDGE('',*,*,#11170,.T.);
#11172=EDGE_LOOP('',(#11169,#11171));
#11173=FACE_BOUND('',#11172,.F.);
#11175=ORIENTED_EDGE('',*,*,#11174,.T.);
#11177=ORIENTED_EDGE('',*,*,#11176,.T.);
#11178=EDGE_LOOP('',(#11175,#11177));
#11179=FACE_BOUND('',#11178,.F.);
#11181=ORIENTED_EDGE('',*,*,#11180,.T.);
#11183=ORIENTED_EDGE('',*,*,#11182,.T.);
#11184=EDGE_LOOP('',(#11181,#11183));
#11185=FACE_BOUND('',#11184,.F.);
#11187=ORIENTED_EDGE('',*,*,#11186,.T.);
#11189=ORIENTED_EDGE('',*,*,#11188,.T.);
#11190=EDGE_LOOP('',(#11187,#11189));
#11191=FACE_BOUND('',#11190,.F.);
#11193=ORIENTED_EDGE('',*,*,#11192,.T.);
#11195=ORIENTED_EDGE('',*,*,#11194,.T.);
#11196=EDGE_LOOP('',(#11193,#11195));
#11197=FACE_BOUND('',#11196,.F.);
#11199=ORIENTED_EDGE('',*,*,#11198,.T.);
#11201=ORIENTED_EDGE('',*,*,#11200,.T.);
#11202=EDGE_LOOP('',(#11199,#11201));
#11203=FACE_BOUND('',#11202,.F.);
#11205=ORIENTED_EDGE('',*,*,#11204,.T.);
#11207=ORIENTED_EDGE('',*,*,#11206,.T.);
#11208=EDGE_LOOP('',(#11205,#11207));
#11209=FACE_BOUND('',#11208,.F.);
#11211=ORIENTED_EDGE('',*,*,#11210,.T.);
#11213=ORIENTED_EDGE('',*,*,#11212,.T.);
#11214=EDGE_LOOP('',(#11211,#11213));
#11215=FACE_BOUND('',#11214,.F.);
#11217=ORIENTED_EDGE('',*,*,#11216,.T.);
#11219=ORIENTED_EDGE('',*,*,#11218,.T.);
#11220=EDGE_LOOP('',(#11217,#11219));
#11221=FACE_BOUND('',#11220,.F.);
#11223=CARTESIAN_POINT('',(0.E0,-9.5E0,0.E0));
#11224=DIRECTION('',(0.E0,1.E0,0.E0));
#11225=DIRECTION('',(1.E0,0.E0,0.E0));
#11226=AXIS2_PLACEMENT_3D('',#11223,#11224,#11225);
#11227=PLANE('',#11226);
#11228=ORIENTED_EDGE('',*,*,#10944,.F.);
#11229=ORIENTED_EDGE('',*,*,#10904,.T.);
#11231=ORIENTED_EDGE('',*,*,#11230,.T.);
#11233=ORIENTED_EDGE('',*,*,#11232,.T.);
#11235=ORIENTED_EDGE('',*,*,#11234,.T.);
#11237=ORIENTED_EDGE('',*,*,#11236,.F.);
#11239=ORIENTED_EDGE('',*,*,#11238,.T.);
#11241=ORIENTED_EDGE('',*,*,#11240,.T.);
#11243=ORIENTED_EDGE('',*,*,#11242,.T.);
#11245=ORIENTED_EDGE('',*,*,#11244,.T.);
#11247=ORIENTED_EDGE('',*,*,#11246,.F.);
#11249=ORIENTED_EDGE('',*,*,#11248,.T.);
#11251=ORIENTED_EDGE('',*,*,#11250,.T.);
#11253=ORIENTED_EDGE('',*,*,#11252,.T.);
#11255=ORIENTED_EDGE('',*,*,#11254,.T.);
#11257=ORIENTED_EDGE('',*,*,#11256,.F.);
#11259=ORIENTED_EDGE('',*,*,#11258,.T.);
#11261=ORIENTED_EDGE('',*,*,#11260,.T.);
#11263=ORIENTED_EDGE('',*,*,#11262,.T.);
#11265=ORIENTED_EDGE('',*,*,#11264,.T.);
#11266=EDGE_LOOP('',(#11228,#11229,#11231,#11233,#11235,#11237,#11239,#11241,
#11243,#11245,#11247,#11249,#11251,#11253,#11255,#11257,#11259,#11261,#11263,
#11265));
#11267=FACE_OUTER_BOUND('',#11266,.F.);
#11269=ORIENTED_EDGE('',*,*,#11268,.T.);
#11271=ORIENTED_EDGE('',*,*,#11270,.T.);
#11273=ORIENTED_EDGE('',*,*,#11272,.T.);
#11275=ORIENTED_EDGE('',*,*,#11274,.T.);
#11276=EDGE_LOOP('',(#11269,#11271,#11273,#11275));
#11277=FACE_BOUND('',#11276,.F.);
#11279=ORIENTED_EDGE('',*,*,#11278,.T.);
#11281=ORIENTED_EDGE('',*,*,#11280,.T.);
#11283=ORIENTED_EDGE('',*,*,#11282,.T.);
#11285=ORIENTED_EDGE('',*,*,#11284,.T.);
#11287=ORIENTED_EDGE('',*,*,#11286,.T.);
#11289=ORIENTED_EDGE('',*,*,#11288,.T.);
#11291=ORIENTED_EDGE('',*,*,#11290,.T.);
#11293=ORIENTED_EDGE('',*,*,#11292,.T.);
#11294=EDGE_LOOP('',(#11279,#11281,#11283,#11285,#11287,#11289,#11291,#11293));
#11295=FACE_BOUND('',#11294,.F.);
#11297=CARTESIAN_POINT('',(0.E0,-9.5E0,0.E0));
#11298=DIRECTION('',(0.E0,1.E0,0.E0));
#11299=DIRECTION('',(1.E0,0.E0,0.E0));
#11300=AXIS2_PLACEMENT_3D('',#11297,#11298,#11299);
#11301=PLANE('',#11300);
#11303=ORIENTED_EDGE('',*,*,#11302,.T.);
#11305=ORIENTED_EDGE('',*,*,#11304,.T.);
#11307=ORIENTED_EDGE('',*,*,#11306,.F.);
#11309=ORIENTED_EDGE('',*,*,#11308,.T.);
#11311=ORIENTED_EDGE('',*,*,#11310,.T.);
#11312=ORIENTED_EDGE('',*,*,#10916,.T.);
#11313=EDGE_LOOP('',(#11303,#11305,#11307,#11309,#11311,#11312));
#11314=FACE_OUTER_BOUND('',#11313,.F.);
#11316=CARTESIAN_POINT('',(0.E0,-9.5E0,0.E0));
#11317=DIRECTION('',(0.E0,1.E0,0.E0));
#11318=DIRECTION('',(1.E0,0.E0,0.E0));
#11319=AXIS2_PLACEMENT_3D('',#11316,#11317,#11318);
#11320=PLANE('',#11319);
#11322=ORIENTED_EDGE('',*,*,#11321,.F.);
#11323=ORIENTED_EDGE('',*,*,#10934,.T.);
#11325=ORIENTED_EDGE('',*,*,#11324,.T.);
#11327=ORIENTED_EDGE('',*,*,#11326,.T.);
#11329=ORIENTED_EDGE('',*,*,#11328,.T.);
#11331=ORIENTED_EDGE('',*,*,#11330,.T.);
#11332=EDGE_LOOP('',(#11322,#11323,#11325,#11327,#11329,#11331));
#11333=FACE_OUTER_BOUND('',#11332,.F.);
#11335=CARTESIAN_POINT('',(0.E0,-9.5E0,0.E0));
#11336=DIRECTION('',(0.E0,1.E0,0.E0));
#11337=DIRECTION('',(1.E0,0.E0,0.E0));
#11338=AXIS2_PLACEMENT_3D('',#11335,#11336,#11337);
#11339=PLANE('',#11338);
#11341=ORIENTED_EDGE('',*,*,#11340,.F.);
#11343=ORIENTED_EDGE('',*,*,#11342,.T.);
#11345=ORIENTED_EDGE('',*,*,#11344,.T.);
#11347=ORIENTED_EDGE('',*,*,#11346,.T.);
#11349=ORIENTED_EDGE('',*,*,#11348,.T.);
#11351=ORIENTED_EDGE('',*,*,#11350,.T.);
#11352=EDGE_LOOP('',(#11341,#11343,#11345,#11347,#11349,#11351));
#11353=FACE_OUTER_BOUND('',#11352,.F.);
#11355=CARTESIAN_POINT('',(0.E0,-9.5E0,0.E0));
#11356=DIRECTION('',(0.E0,1.E0,0.E0));
#11357=DIRECTION('',(1.E0,0.E0,0.E0));
#11358=AXIS2_PLACEMENT_3D('',#11355,#11356,#11357);
#11359=PLANE('',#11358);
#11361=ORIENTED_EDGE('',*,*,#11360,.T.);
#11363=ORIENTED_EDGE('',*,*,#11362,.T.);
#11365=ORIENTED_EDGE('',*,*,#11364,.F.);
#11367=ORIENTED_EDGE('',*,*,#11366,.T.);
#11369=ORIENTED_EDGE('',*,*,#11368,.T.);
#11371=ORIENTED_EDGE('',*,*,#11370,.T.);
#11372=EDGE_LOOP('',(#11361,#11363,#11365,#11367,#11369,#11371));
#11373=FACE_OUTER_BOUND('',#11372,.F.);
#11375=CARTESIAN_POINT('',(-4.675E0,-9.5E0,-2.503491162434E1));
#11376=DIRECTION('',(-1.E0,0.E0,0.E0));
#11377=DIRECTION('',(0.E0,0.E0,1.E0));
#11378=AXIS2_PLACEMENT_3D('',#11375,#11376,#11377);
#11379=PLANE('',#11378);
#11380=ORIENTED_EDGE('',*,*,#11268,.F.);
#11382=ORIENTED_EDGE('',*,*,#11381,.T.);
#11384=ORIENTED_EDGE('',*,*,#11383,.T.);
#11386=ORIENTED_EDGE('',*,*,#11385,.F.);
#11387=EDGE_LOOP('',(#11380,#11382,#11384,#11386));
#11388=FACE_OUTER_BOUND('',#11387,.F.);
#11390=CARTESIAN_POINT('',(4.675E0,-9.5E0,-2.503491162434E1));
#11391=DIRECTION('',(0.E0,0.E0,-1.E0));
#11392=DIRECTION('',(-1.E0,0.E0,0.E0));
#11393=AXIS2_PLACEMENT_3D('',#11390,#11391,#11392);
#11394=PLANE('',#11393);
#11395=ORIENTED_EDGE('',*,*,#11274,.F.);
#11397=ORIENTED_EDGE('',*,*,#11396,.T.);
#11399=ORIENTED_EDGE('',*,*,#11398,.T.);
#11400=ORIENTED_EDGE('',*,*,#11381,.F.);
#11401=EDGE_LOOP('',(#11395,#11397,#11399,#11400));
#11402=FACE_OUTER_BOUND('',#11401,.F.);
#11404=CARTESIAN_POINT('',(4.675E0,-9.5E0,-1.568491162434E1));
#11405=DIRECTION('',(1.E0,0.E0,0.E0));
#11406=DIRECTION('',(0.E0,0.E0,-1.E0));
#11407=AXIS2_PLACEMENT_3D('',#11404,#11405,#11406);
#11408=PLANE('',#11407);
#11409=ORIENTED_EDGE('',*,*,#11272,.F.);
#11411=ORIENTED_EDGE('',*,*,#11410,.T.);
#11413=ORIENTED_EDGE('',*,*,#11412,.T.);
#11414=ORIENTED_EDGE('',*,*,#11396,.F.);
#11415=EDGE_LOOP('',(#11409,#11411,#11413,#11414));
#11416=FACE_OUTER_BOUND('',#11415,.F.);
#11418=CARTESIAN_POINT('',(-4.675E0,-9.5E0,-1.568491162434E1));
#11419=DIRECTION('',(0.E0,0.E0,1.E0));
#11420=DIRECTION('',(1.E0,0.E0,0.E0));
#11421=AXIS2_PLACEMENT_3D('',#11418,#11419,#11420);
#11422=PLANE('',#11421);
#11423=ORIENTED_EDGE('',*,*,#11270,.F.);
#11424=ORIENTED_EDGE('',*,*,#11385,.T.);
#11426=ORIENTED_EDGE('',*,*,#11425,.T.);
#11427=ORIENTED_EDGE('',*,*,#11410,.F.);
#11428=EDGE_LOOP('',(#11423,#11424,#11426,#11427));
#11429=FACE_OUTER_BOUND('',#11428,.F.);
#11431=CARTESIAN_POINT('',(0.E0,-7.3E0,0.E0));
#11432=DIRECTION('',(0.E0,1.E0,0.E0));
#11433=DIRECTION('',(-1.E0,0.E0,0.E0));
#11434=AXIS2_PLACEMENT_3D('',#11431,#11432,#11433);
#11435=PLANE('',#11434);
#11436=ORIENTED_EDGE('',*,*,#11383,.F.);
#11437=ORIENTED_EDGE('',*,*,#11398,.F.);
#11438=ORIENTED_EDGE('',*,*,#11412,.F.);
#11439=ORIENTED_EDGE('',*,*,#11425,.F.);
#11440=EDGE_LOOP('',(#11436,#11437,#11438,#11439));
#11441=FACE_OUTER_BOUND('',#11440,.F.);
#11443=ORIENTED_EDGE('',*,*,#11442,.F.);
#11445=ORIENTED_EDGE('',*,*,#11444,.F.);
#11447=ORIENTED_EDGE('',*,*,#11446,.F.);
#11449=ORIENTED_EDGE('',*,*,#11448,.F.);
#11450=EDGE_LOOP('',(#11443,#11445,#11447,#11449));
#11451=FACE_BOUND('',#11450,.F.);
#11453=CARTESIAN_POINT('',(-3.675E0,-9.5E0,-2.403491162434E1));
#11454=DIRECTION('',(0.E0,0.E0,1.E0));
#11455=DIRECTION('',(1.E0,0.E0,0.E0));
#11456=AXIS2_PLACEMENT_3D('',#11453,#11454,#11455);
#11457=PLANE('',#11456);
#11459=ORIENTED_EDGE('',*,*,#11458,.T.);
#11461=ORIENTED_EDGE('',*,*,#11460,.T.);
#11463=ORIENTED_EDGE('',*,*,#11462,.T.);
#11464=ORIENTED_EDGE('',*,*,#11442,.T.);
#11465=EDGE_LOOP('',(#11459,#11461,#11463,#11464));
#11466=FACE_OUTER_BOUND('',#11465,.F.);
#11468=CARTESIAN_POINT('',(3.675E0,-9.5E0,-2.403491162434E1));
#11469=DIRECTION('',(-1.E0,0.E0,0.E0));
#11470=DIRECTION('',(0.E0,0.E0,1.E0));
#11471=AXIS2_PLACEMENT_3D('',#11468,#11469,#11470);
#11472=PLANE('',#11471);
#11474=ORIENTED_EDGE('',*,*,#11473,.T.);
#11476=ORIENTED_EDGE('',*,*,#11475,.T.);
#11477=ORIENTED_EDGE('',*,*,#11458,.F.);
#11478=ORIENTED_EDGE('',*,*,#11448,.T.);
#11479=EDGE_LOOP('',(#11474,#11476,#11477,#11478));
#11480=FACE_OUTER_BOUND('',#11479,.F.);
#11482=CARTESIAN_POINT('',(3.675E0,-9.5E0,-1.668491162434E1));
#11483=DIRECTION('',(0.E0,0.E0,-1.E0));
#11484=DIRECTION('',(-1.E0,0.E0,0.E0));
#11485=AXIS2_PLACEMENT_3D('',#11482,#11483,#11484);
#11486=PLANE('',#11485);
#11488=ORIENTED_EDGE('',*,*,#11487,.T.);
#11490=ORIENTED_EDGE('',*,*,#11489,.T.);
#11491=ORIENTED_EDGE('',*,*,#11473,.F.);
#11492=ORIENTED_EDGE('',*,*,#11446,.T.);
#11493=EDGE_LOOP('',(#11488,#11490,#11491,#11492));
#11494=FACE_OUTER_BOUND('',#11493,.F.);
#11496=CARTESIAN_POINT('',(-3.675E0,-9.5E0,-1.668491162434E1));
#11497=DIRECTION('',(1.E0,0.E0,0.E0));
#11498=DIRECTION('',(0.E0,0.E0,-1.E0));
#11499=AXIS2_PLACEMENT_3D('',#11496,#11497,#11498);
#11500=PLANE('',#11499);
#11501=ORIENTED_EDGE('',*,*,#11462,.F.);
#11503=ORIENTED_EDGE('',*,*,#11502,.T.);
#11504=ORIENTED_EDGE('',*,*,#11487,.F.);
#11505=ORIENTED_EDGE('',*,*,#11444,.T.);
#11506=EDGE_LOOP('',(#11501,#11503,#11504,#11505));
#11507=FACE_OUTER_BOUND('',#11506,.F.);
#11509=CARTESIAN_POINT('',(0.E0,-1.E1,0.E0));
#11510=DIRECTION('',(0.E0,1.E0,0.E0));
#11511=DIRECTION('',(1.E0,0.E0,0.E0));
#11512=AXIS2_PLACEMENT_3D('',#11509,#11510,#11511);
#11513=PLANE('',#11512);
#11514=ORIENTED_EDGE('',*,*,#11502,.F.);
#11515=ORIENTED_EDGE('',*,*,#11460,.F.);
#11516=ORIENTED_EDGE('',*,*,#11475,.F.);
#11517=ORIENTED_EDGE('',*,*,#11489,.F.);
#11518=EDGE_LOOP('',(#11514,#11515,#11516,#11517));
#11519=FACE_OUTER_BOUND('',#11518,.F.);
#11521=ORIENTED_EDGE('',*,*,#11520,.F.);
#11523=ORIENTED_EDGE('',*,*,#11522,.F.);
#11524=EDGE_LOOP('',(#11521,#11523));
#11525=FACE_BOUND('',#11524,.F.);
#11527=CARTESIAN_POINT('',(0.E0,-9.E0,-2.035991162434E1));
#11528=DIRECTION('',(0.E0,-1.E0,0.E0));
#11529=DIRECTION('',(-1.E0,0.E0,0.E0));
#11530=AXIS2_PLACEMENT_3D('',#11527,#11528,#11529);
#11531=CYLINDRICAL_SURFACE('',#11530,2.75E0);
#11533=ORIENTED_EDGE('',*,*,#11532,.F.);
#11535=ORIENTED_EDGE('',*,*,#11534,.F.);
#11536=ORIENTED_EDGE('',*,*,#11520,.T.);
#11538=ORIENTED_EDGE('',*,*,#11537,.T.);
#11539=EDGE_LOOP('',(#11533,#11535,#11536,#11538));
#11540=FACE_OUTER_BOUND('',#11539,.F.);
#11542=CARTESIAN_POINT('',(0.E0,-1.09E1,0.E0));
#11543=DIRECTION('',(0.E0,-1.E0,0.E0));
#11544=DIRECTION('',(-1.E0,0.E0,0.E0));
#11545=AXIS2_PLACEMENT_3D('',#11542,#11543,#11544);
#11546=PLANE('',#11545);
#11548=ORIENTED_EDGE('',*,*,#11547,.F.);
#11550=ORIENTED_EDGE('',*,*,#11549,.F.);
#11551=EDGE_LOOP('',(#11548,#11550));
#11552=FACE_OUTER_BOUND('',#11551,.F.);
#11553=ORIENTED_EDGE('',*,*,#11532,.T.);
#11555=ORIENTED_EDGE('',*,*,#11554,.T.);
#11556=EDGE_LOOP('',(#11553,#11555));
#11557=FACE_BOUND('',#11556,.F.);
#11559=CARTESIAN_POINT('',(0.E0,-1.12E1,-2.035991162434E1));
#11560=DIRECTION('',(0.E0,-1.E0,0.E0));
#11561=DIRECTION('',(-1.E0,0.E0,0.E0));
#11562=AXIS2_PLACEMENT_3D('',#11559,#11560,#11561);
#11563=CYLINDRICAL_SURFACE('',#11562,3.5E0);
#11565=ORIENTED_EDGE('',*,*,#11564,.F.);
#11567=ORIENTED_EDGE('',*,*,#11566,.T.);
#11568=ORIENTED_EDGE('',*,*,#11547,.T.);
#11570=ORIENTED_EDGE('',*,*,#11569,.F.);
#11571=EDGE_LOOP('',(#11565,#11567,#11568,#11570));
#11572=FACE_OUTER_BOUND('',#11571,.F.);
#11574=CARTESIAN_POINT('',(0.E0,-1.12E1,0.E0));
#11575=DIRECTION('',(0.E0,-1.E0,0.E0));
#11576=DIRECTION('',(-1.E0,0.E0,0.E0));
#11577=AXIS2_PLACEMENT_3D('',#11574,#11575,#11576);
#11578=PLANE('',#11577);
#11580=ORIENTED_EDGE('',*,*,#11579,.F.);
#11582=ORIENTED_EDGE('',*,*,#11581,.F.);
#11583=EDGE_LOOP('',(#11580,#11582));
#11584=FACE_OUTER_BOUND('',#11583,.F.);
#11585=ORIENTED_EDGE('',*,*,#11564,.T.);
#11587=ORIENTED_EDGE('',*,*,#11586,.T.);
#11588=EDGE_LOOP('',(#11585,#11587));
#11589=FACE_BOUND('',#11588,.F.);
#11591=CARTESIAN_POINT('',(0.E0,-1.15E1,-2.035991162434E1));
#11592=DIRECTION('',(0.E0,-1.E0,0.E0));
#11593=DIRECTION('',(-1.E0,0.E0,0.E0));
#11594=AXIS2_PLACEMENT_3D('',#11591,#11592,#11593);
#11595=CYLINDRICAL_SURFACE('',#11594,4.25E0);
#11596=ORIENTED_EDGE('',*,*,#10181,.F.);
#11598=ORIENTED_EDGE('',*,*,#11597,.T.);
#11599=ORIENTED_EDGE('',*,*,#11579,.T.);
#11601=ORIENTED_EDGE('',*,*,#11600,.F.);
#11602=EDGE_LOOP('',(#11596,#11598,#11599,#11601));
#11603=FACE_OUTER_BOUND('',#11602,.F.);
#11605=CARTESIAN_POINT('',(0.E0,-1.15E1,-2.035991162434E1));
#11606=DIRECTION('',(0.E0,-1.E0,0.E0));
#11607=DIRECTION('',(-1.E0,0.E0,0.E0));
#11608=AXIS2_PLACEMENT_3D('',#11605,#11606,#11607);
#11609=CYLINDRICAL_SURFACE('',#11608,4.25E0);
#11610=ORIENTED_EDGE('',*,*,#10183,.F.);
#11611=ORIENTED_EDGE('',*,*,#11600,.T.);
#11612=ORIENTED_EDGE('',*,*,#11581,.T.);
#11613=ORIENTED_EDGE('',*,*,#11597,.F.);
#11614=EDGE_LOOP('',(#11610,#11611,#11612,#11613));
#11615=FACE_OUTER_BOUND('',#11614,.F.);
#11617=CARTESIAN_POINT('',(0.E0,-1.12E1,-2.035991162434E1));
#11618=DIRECTION('',(0.E0,-1.E0,0.E0));
#11619=DIRECTION('',(-1.E0,0.E0,0.E0));
#11620=AXIS2_PLACEMENT_3D('',#11617,#11618,#11619);
#11621=CYLINDRICAL_SURFACE('',#11620,3.5E0);
#11622=ORIENTED_EDGE('',*,*,#11586,.F.);
#11623=ORIENTED_EDGE('',*,*,#11569,.T.);
#11624=ORIENTED_EDGE('',*,*,#11549,.T.);
#11625=ORIENTED_EDGE('',*,*,#11566,.F.);
#11626=EDGE_LOOP('',(#11622,#11623,#11624,#11625));
#11627=FACE_OUTER_BOUND('',#11626,.F.);
#11629=CARTESIAN_POINT('',(0.E0,-9.E0,-2.035991162434E1));
#11630=DIRECTION('',(0.E0,-1.E0,0.E0));
#11631=DIRECTION('',(-1.E0,0.E0,0.E0));
#11632=AXIS2_PLACEMENT_3D('',#11629,#11630,#11631);
#11633=CYLINDRICAL_SURFACE('',#11632,2.75E0);
#11634=ORIENTED_EDGE('',*,*,#11554,.F.);
#11635=ORIENTED_EDGE('',*,*,#11537,.F.);
#11636=ORIENTED_EDGE('',*,*,#11522,.T.);
#11637=ORIENTED_EDGE('',*,*,#11534,.T.);
#11638=EDGE_LOOP('',(#11634,#11635,#11636,#11637));
#11639=FACE_OUTER_BOUND('',#11638,.F.);
#11641=CARTESIAN_POINT('',(-1.1E1,-9.5E0,2.6E1));
#11642=DIRECTION('',(0.E0,1.E0,0.E0));
#11643=DIRECTION('',(0.E0,0.E0,-1.E0));
#11644=AXIS2_PLACEMENT_3D('',#11641,#11642,#11643);
#11645=CYLINDRICAL_SURFACE('',#11644,5.2E0);
#11646=ORIENTED_EDGE('',*,*,#11278,.F.);
#11648=ORIENTED_EDGE('',*,*,#11647,.T.);
#11650=ORIENTED_EDGE('',*,*,#11649,.T.);
#11652=ORIENTED_EDGE('',*,*,#11651,.F.);
#11653=EDGE_LOOP('',(#11646,#11648,#11650,#11652));
#11654=FACE_OUTER_BOUND('',#11653,.F.);
#11656=CARTESIAN_POINT('',(1.1E1,-9.5E0,2.08E1));
#11657=DIRECTION('',(0.E0,0.E0,-1.E0));
#11658=DIRECTION('',(-1.E0,0.E0,0.E0));
#11659=AXIS2_PLACEMENT_3D('',#11656,#11657,#11658);
#11660=PLANE('',#11659);
#11661=ORIENTED_EDGE('',*,*,#11292,.F.);
#11663=ORIENTED_EDGE('',*,*,#11662,.T.);
#11665=ORIENTED_EDGE('',*,*,#11664,.T.);
#11666=ORIENTED_EDGE('',*,*,#11647,.F.);
#11667=EDGE_LOOP('',(#11661,#11663,#11665,#11666));
#11668=FACE_OUTER_BOUND('',#11667,.F.);
#11670=CARTESIAN_POINT('',(1.1E1,-9.5E0,2.6E1));
#11671=DIRECTION('',(0.E0,1.E0,0.E0));
#11672=DIRECTION('',(0.E0,0.E0,-1.E0));
#11673=AXIS2_PLACEMENT_3D('',#11670,#11671,#11672);
#11674=CYLINDRICAL_SURFACE('',#11673,5.2E0);
#11675=ORIENTED_EDGE('',*,*,#11290,.F.);
#11677=ORIENTED_EDGE('',*,*,#11676,.T.);
#11679=ORIENTED_EDGE('',*,*,#11678,.T.);
#11680=ORIENTED_EDGE('',*,*,#11662,.F.);
#11681=EDGE_LOOP('',(#11675,#11677,#11679,#11680));
#11682=FACE_OUTER_BOUND('',#11681,.F.);
#11684=CARTESIAN_POINT('',(1.62E1,-9.5E0,3.8E1));
#11685=DIRECTION('',(1.E0,0.E0,0.E0));
#11686=DIRECTION('',(0.E0,0.E0,-1.E0));
#11687=AXIS2_PLACEMENT_3D('',#11684,#11685,#11686);
#11688=PLANE('',#11687);
#11689=ORIENTED_EDGE('',*,*,#11288,.F.);
#11691=ORIENTED_EDGE('',*,*,#11690,.T.);
#11693=ORIENTED_EDGE('',*,*,#11692,.T.);
#11694=ORIENTED_EDGE('',*,*,#11676,.F.);
#11695=EDGE_LOOP('',(#11689,#11691,#11693,#11694));
#11696=FACE_OUTER_BOUND('',#11695,.F.);
#11698=CARTESIAN_POINT('',(1.1E1,-9.5E0,3.8E1));
#11699=DIRECTION('',(0.E0,1.E0,0.E0));
#11700=DIRECTION('',(0.E0,0.E0,-1.E0));
#11701=AXIS2_PLACEMENT_3D('',#11698,#11699,#11700);
#11702=CYLINDRICAL_SURFACE('',#11701,5.2E0);
#11703=ORIENTED_EDGE('',*,*,#11286,.F.);
#11705=ORIENTED_EDGE('',*,*,#11704,.T.);
#11707=ORIENTED_EDGE('',*,*,#11706,.T.);
#11708=ORIENTED_EDGE('',*,*,#11690,.F.);
#11709=EDGE_LOOP('',(#11703,#11705,#11707,#11708));
#11710=FACE_OUTER_BOUND('',#11709,.F.);
#11712=CARTESIAN_POINT('',(-1.1E1,-9.5E0,4.32E1));
#11713=DIRECTION('',(0.E0,0.E0,1.E0));
#11714=DIRECTION('',(1.E0,0.E0,0.E0));
#11715=AXIS2_PLACEMENT_3D('',#11712,#11713,#11714);
#11716=PLANE('',#11715);
#11717=ORIENTED_EDGE('',*,*,#11284,.F.);
#11719=ORIENTED_EDGE('',*,*,#11718,.T.);
#11721=ORIENTED_EDGE('',*,*,#11720,.T.);
#11722=ORIENTED_EDGE('',*,*,#11704,.F.);
#11723=EDGE_LOOP('',(#11717,#11719,#11721,#11722));
#11724=FACE_OUTER_BOUND('',#11723,.F.);
#11726=CARTESIAN_POINT('',(-1.1E1,-9.5E0,3.8E1));
#11727=DIRECTION('',(0.E0,1.E0,0.E0));
#11728=DIRECTION('',(0.E0,0.E0,-1.E0));
#11729=AXIS2_PLACEMENT_3D('',#11726,#11727,#11728);
#11730=CYLINDRICAL_SURFACE('',#11729,5.2E0);
#11731=ORIENTED_EDGE('',*,*,#11282,.F.);
#11733=ORIENTED_EDGE('',*,*,#11732,.T.);
#11735=ORIENTED_EDGE('',*,*,#11734,.T.);
#11736=ORIENTED_EDGE('',*,*,#11718,.F.);
#11737=EDGE_LOOP('',(#11731,#11733,#11735,#11736));
#11738=FACE_OUTER_BOUND('',#11737,.F.);
#11740=CARTESIAN_POINT('',(-1.62E1,-9.5E0,2.6E1));
#11741=DIRECTION('',(-1.E0,0.E0,0.E0));
#11742=DIRECTION('',(0.E0,0.E0,1.E0));
#11743=AXIS2_PLACEMENT_3D('',#11740,#11741,#11742);
#11744=PLANE('',#11743);
#11745=ORIENTED_EDGE('',*,*,#11280,.F.);
#11746=ORIENTED_EDGE('',*,*,#11651,.T.);
#11748=ORIENTED_EDGE('',*,*,#11747,.T.);
#11749=ORIENTED_EDGE('',*,*,#11732,.F.);
#11750=EDGE_LOOP('',(#11745,#11746,#11748,#11749));
#11751=FACE_OUTER_BOUND('',#11750,.F.);
#11753=CARTESIAN_POINT('',(0.E0,-6.5E0,0.E0));
#11754=DIRECTION('',(0.E0,1.E0,0.E0));
#11755=DIRECTION('',(0.E0,0.E0,-1.E0));
#11756=AXIS2_PLACEMENT_3D('',#11753,#11754,#11755);
#11757=PLANE('',#11756);
#11758=ORIENTED_EDGE('',*,*,#11649,.F.);
#11759=ORIENTED_EDGE('',*,*,#11664,.F.);
#11760=ORIENTED_EDGE('',*,*,#11678,.F.);
#11761=ORIENTED_EDGE('',*,*,#11692,.F.);
#11762=ORIENTED_EDGE('',*,*,#11706,.F.);
#11763=ORIENTED_EDGE('',*,*,#11720,.F.);
#11764=ORIENTED_EDGE('',*,*,#11734,.F.);
#11765=ORIENTED_EDGE('',*,*,#11747,.F.);
#11766=EDGE_LOOP('',(#11758,#11759,#11760,#11761,#11762,#11763,#11764,#11765));
#11767=FACE_OUTER_BOUND('',#11766,.F.);
#11769=ORIENTED_EDGE('',*,*,#11768,.F.);
#11771=ORIENTED_EDGE('',*,*,#11770,.F.);
#11773=ORIENTED_EDGE('',*,*,#11772,.F.);
#11775=ORIENTED_EDGE('',*,*,#11774,.F.);
#11777=ORIENTED_EDGE('',*,*,#11776,.F.);
#11779=ORIENTED_EDGE('',*,*,#11778,.F.);
#11781=ORIENTED_EDGE('',*,*,#11780,.F.);
#11783=ORIENTED_EDGE('',*,*,#11782,.F.);
#11785=ORIENTED_EDGE('',*,*,#11784,.F.);
#11787=ORIENTED_EDGE('',*,*,#11786,.F.);
#11789=ORIENTED_EDGE('',*,*,#11788,.F.);
#11791=ORIENTED_EDGE('',*,*,#11790,.F.);
#11793=ORIENTED_EDGE('',*,*,#11792,.F.);
#11795=ORIENTED_EDGE('',*,*,#11794,.F.);
#11797=ORIENTED_EDGE('',*,*,#11796,.F.);
#11799=ORIENTED_EDGE('',*,*,#11798,.F.);
#11800=EDGE_LOOP('',(#11769,#11771,#11773,#11775,#11777,#11779,#11781,#11783,
#11785,#11787,#11789,#11791,#11793,#11795,#11797,#11799));
#11801=FACE_BOUND('',#11800,.F.);
#11803=CARTESIAN_POINT('',(-1.505E1,-6.6E0,3.2E1));
#11804=DIRECTION('',(7.071067811865E-1,7.071067811865E-1,0.E0));
#11805=DIRECTION('',(7.071067811865E-1,-7.071067811865E-1,0.E0));
#11806=AXIS2_PLACEMENT_3D('',#11803,#11804,#11805);
#11807=PLANE('',#11806);
#11809=ORIENTED_EDGE('',*,*,#11808,.T.);
#11811=ORIENTED_EDGE('',*,*,#11810,.F.);
#11813=ORIENTED_EDGE('',*,*,#11812,.T.);
#11814=ORIENTED_EDGE('',*,*,#11768,.T.);
#11815=EDGE_LOOP('',(#11809,#11811,#11813,#11814));
#11816=FACE_OUTER_BOUND('',#11815,.F.);
#11818=CARTESIAN_POINT('',(-1.495E1,-6.5E0,3.125E1));
#11819=DIRECTION('',(0.E0,0.E0,-1.E0));
#11820=DIRECTION('',(-1.E0,0.E0,0.E0));
#11821=AXIS2_PLACEMENT_3D('',#11818,#11819,#11820);
#11822=PLANE('',#11821);
#11823=ORIENTED_EDGE('',*,*,#11808,.F.);
#11825=ORIENTED_EDGE('',*,*,#11824,.F.);
#11827=ORIENTED_EDGE('',*,*,#11826,.T.);
#11829=ORIENTED_EDGE('',*,*,#11828,.F.);
#11830=EDGE_LOOP('',(#11823,#11825,#11827,#11829));
#11831=FACE_OUTER_BOUND('',#11830,.F.);
#11833=CARTESIAN_POINT('',(-1.515E1,-9.5E0,3.8E1));
#11834=DIRECTION('',(1.E0,0.E0,0.E0));
#11835=DIRECTION('',(0.E0,0.E0,-1.E0));
#11836=AXIS2_PLACEMENT_3D('',#11833,#11834,#11835);
#11837=PLANE('',#11836);
#11839=ORIENTED_EDGE('',*,*,#11838,.F.);
#11841=ORIENTED_EDGE('',*,*,#11840,.F.);
#11843=ORIENTED_EDGE('',*,*,#11842,.T.);
#11844=ORIENTED_EDGE('',*,*,#11770,.T.);
#11845=EDGE_LOOP('',(#11839,#11841,#11843,#11844));
#11846=FACE_OUTER_BOUND('',#11845,.F.);
#11848=CARTESIAN_POINT('',(-1.515E1,-9.5E0,3.8E1));
#11849=DIRECTION('',(1.E0,0.E0,0.E0));
#11850=DIRECTION('',(0.E0,0.E0,-1.E0));
#11851=AXIS2_PLACEMENT_3D('',#11848,#11849,#11850);
#11852=PLANE('',#11851);
#11853=ORIENTED_EDGE('',*,*,#11824,.T.);
#11854=ORIENTED_EDGE('',*,*,#11798,.T.);
#11856=ORIENTED_EDGE('',*,*,#11855,.F.);
#11858=ORIENTED_EDGE('',*,*,#11857,.F.);
#11859=EDGE_LOOP('',(#11853,#11854,#11856,#11858));
#11860=FACE_OUTER_BOUND('',#11859,.F.);
#11862=CARTESIAN_POINT('',(-1.515E1,-6.5E0,3.275E1));
#11863=DIRECTION('',(0.E0,0.E0,1.E0));
#11864=DIRECTION('',(1.E0,0.E0,0.E0));
#11865=AXIS2_PLACEMENT_3D('',#11862,#11863,#11864);
#11866=PLANE('',#11865);
#11867=ORIENTED_EDGE('',*,*,#11812,.F.);
#11869=ORIENTED_EDGE('',*,*,#11868,.T.);
#11871=ORIENTED_EDGE('',*,*,#11870,.F.);
#11872=ORIENTED_EDGE('',*,*,#11838,.T.);
#11873=EDGE_LOOP('',(#11867,#11869,#11871,#11872));
#11874=FACE_OUTER_BOUND('',#11873,.F.);
#11876=CARTESIAN_POINT('',(-1.495E1,-6.5E0,3.275E1));
#11877=DIRECTION('',(1.E0,0.E0,0.E0));
#11878=DIRECTION('',(0.E0,0.E0,-1.E0));
#11879=AXIS2_PLACEMENT_3D('',#11876,#11877,#11878);
#11880=PLANE('',#11879);
#11881=ORIENTED_EDGE('',*,*,#11810,.T.);
#11882=ORIENTED_EDGE('',*,*,#11828,.T.);
#11884=ORIENTED_EDGE('',*,*,#11883,.F.);
#11885=ORIENTED_EDGE('',*,*,#11868,.F.);
#11886=EDGE_LOOP('',(#11881,#11882,#11884,#11885));
#11887=FACE_OUTER_BOUND('',#11886,.F.);
#11889=CARTESIAN_POINT('',(0.E0,-9.E0,1.05E1));
#11890=DIRECTION('',(0.E0,1.E0,0.E0));
#11891=DIRECTION('',(1.E0,0.E0,0.E0));
#11892=AXIS2_PLACEMENT_3D('',#11889,#11890,#11891);
#11893=PLANE('',#11892);
#11894=ORIENTED_EDGE('',*,*,#11870,.T.);
#11895=ORIENTED_EDGE('',*,*,#11883,.T.);
#11896=ORIENTED_EDGE('',*,*,#11826,.F.);
#11897=ORIENTED_EDGE('',*,*,#11857,.T.);
#11899=ORIENTED_EDGE('',*,*,#11898,.F.);
#11901=ORIENTED_EDGE('',*,*,#11900,.T.);
#11903=ORIENTED_EDGE('',*,*,#11902,.T.);
#11905=ORIENTED_EDGE('',*,*,#11904,.T.);
#11907=ORIENTED_EDGE('',*,*,#11906,.F.);
#11909=ORIENTED_EDGE('',*,*,#11908,.T.);
#11911=ORIENTED_EDGE('',*,*,#11910,.F.);
#11913=ORIENTED_EDGE('',*,*,#11912,.T.);
#11915=ORIENTED_EDGE('',*,*,#11914,.T.);
#11917=ORIENTED_EDGE('',*,*,#11916,.T.);
#11919=ORIENTED_EDGE('',*,*,#11918,.F.);
#11921=ORIENTED_EDGE('',*,*,#11920,.T.);
#11923=ORIENTED_EDGE('',*,*,#11922,.F.);
#11925=ORIENTED_EDGE('',*,*,#11924,.T.);
#11927=ORIENTED_EDGE('',*,*,#11926,.T.);
#11929=ORIENTED_EDGE('',*,*,#11928,.T.);
#11931=ORIENTED_EDGE('',*,*,#11930,.F.);
#11933=ORIENTED_EDGE('',*,*,#11932,.T.);
#11935=ORIENTED_EDGE('',*,*,#11934,.F.);
#11936=ORIENTED_EDGE('',*,*,#11840,.T.);
#11937=EDGE_LOOP('',(#11894,#11895,#11896,#11897,#11899,#11901,#11903,#11905,
#11907,#11909,#11911,#11913,#11915,#11917,#11919,#11921,#11923,#11925,#11927,
#11929,#11931,#11933,#11935,#11936));
#11938=FACE_OUTER_BOUND('',#11937,.F.);
#11940=ORIENTED_EDGE('',*,*,#11939,.F.);
#11942=ORIENTED_EDGE('',*,*,#11941,.F.);
#11944=ORIENTED_EDGE('',*,*,#11943,.F.);
#11946=ORIENTED_EDGE('',*,*,#11945,.F.);
#11947=EDGE_LOOP('',(#11940,#11942,#11944,#11946));
#11948=FACE_BOUND('',#11947,.F.);
#11950=CARTESIAN_POINT('',(-5.E0,-9.5E0,2.35E1));
#11951=DIRECTION('',(0.E0,0.E0,1.E0));
#11952=DIRECTION('',(1.E0,0.E0,0.E0));
#11953=AXIS2_PLACEMENT_3D('',#11950,#11951,#11952);
#11954=PLANE('',#11953);
#11955=ORIENTED_EDGE('',*,*,#10962,.F.);
#11957=ORIENTED_EDGE('',*,*,#11956,.T.);
#11958=ORIENTED_EDGE('',*,*,#11939,.T.);
#11960=ORIENTED_EDGE('',*,*,#11959,.F.);
#11961=EDGE_LOOP('',(#11955,#11957,#11958,#11960));
#11962=FACE_OUTER_BOUND('',#11961,.F.);
#11964=CARTESIAN_POINT('',(-5.E0,-9.5E0,3.2E1));
#11965=DIRECTION('',(0.E0,1.E0,0.E0));
#11966=DIRECTION('',(1.E0,0.E0,0.E0));
#11967=AXIS2_PLACEMENT_3D('',#11964,#11965,#11966);
#11968=CYLINDRICAL_SURFACE('',#11967,8.5E0);
#11970=ORIENTED_EDGE('',*,*,#11969,.T.);
#11971=ORIENTED_EDGE('',*,*,#10992,.F.);
#11973=ORIENTED_EDGE('',*,*,#11972,.T.);
#11974=ORIENTED_EDGE('',*,*,#10984,.F.);
#11976=ORIENTED_EDGE('',*,*,#11975,.T.);
#11977=ORIENTED_EDGE('',*,*,#11941,.T.);
#11978=ORIENTED_EDGE('',*,*,#11956,.F.);
#11979=ORIENTED_EDGE('',*,*,#10960,.F.);
#11980=EDGE_LOOP('',(#11970,#11971,#11973,#11974,#11976,#11977,#11978,#11979));
#11981=FACE_OUTER_BOUND('',#11980,.F.);
#11983=CARTESIAN_POINT('',(-1.2E1,-9.5E0,-3.E0));
#11984=DIRECTION('',(0.E0,1.E0,0.E0));
#11985=DIRECTION('',(0.E0,0.E0,-1.E0));
#11986=AXIS2_PLACEMENT_3D('',#11983,#11984,#11985);
#11987=PLANE('',#11986);
#11988=ORIENTED_EDGE('',*,*,#11969,.F.);
#11990=ORIENTED_EDGE('',*,*,#11989,.T.);
#11991=EDGE_LOOP('',(#11988,#11990));
#11992=FACE_OUTER_BOUND('',#11991,.F.);
#11994=CARTESIAN_POINT('',(-1.2E1,-9.5E0,2.9E1));
#11995=DIRECTION('',(0.E0,1.E0,0.E0));
#11996=DIRECTION('',(0.E0,0.E0,-1.E0));
#11997=AXIS2_PLACEMENT_3D('',#11994,#11995,#11996);
#11998=CYLINDRICAL_SURFACE('',#11997,9.E-1);
#11999=ORIENTED_EDGE('',*,*,#10445,.T.);
#12001=ORIENTED_EDGE('',*,*,#12000,.F.);
#12002=ORIENTED_EDGE('',*,*,#10994,.F.);
#12003=ORIENTED_EDGE('',*,*,#11989,.F.);
#12004=ORIENTED_EDGE('',*,*,#10958,.F.);
#12006=ORIENTED_EDGE('',*,*,#12005,.T.);
#12007=EDGE_LOOP('',(#11999,#12001,#12002,#12003,#12004,#12006));
#12008=FACE_OUTER_BOUND('',#12007,.F.);
#12010=CARTESIAN_POINT('',(-1.2E1,-9.5E0,2.9E1));
#12011=DIRECTION('',(0.E0,1.E0,0.E0));
#12012=DIRECTION('',(0.E0,0.E0,-1.E0));
#12013=AXIS2_PLACEMENT_3D('',#12010,#12011,#12012);
#12014=CYLINDRICAL_SURFACE('',#12013,9.E-1);
#12015=ORIENTED_EDGE('',*,*,#10447,.T.);
#12016=ORIENTED_EDGE('',*,*,#12005,.F.);
#12017=ORIENTED_EDGE('',*,*,#10996,.F.);
#12018=ORIENTED_EDGE('',*,*,#12000,.T.);
#12019=EDGE_LOOP('',(#12015,#12016,#12017,#12018));
#12020=FACE_OUTER_BOUND('',#12019,.F.);
#12022=CARTESIAN_POINT('',(-1.2E1,-9.5E0,3.E0));
#12023=DIRECTION('',(0.E0,1.E0,0.E0));
#12024=DIRECTION('',(0.E0,0.E0,-1.E0));
#12025=AXIS2_PLACEMENT_3D('',#12022,#12023,#12024);
#12026=PLANE('',#12025);
#12027=ORIENTED_EDGE('',*,*,#11972,.F.);
#12029=ORIENTED_EDGE('',*,*,#12028,.T.);
#12030=EDGE_LOOP('',(#12027,#12029));
#12031=FACE_OUTER_BOUND('',#12030,.F.);
#12033=CARTESIAN_POINT('',(-1.2E1,-9.5E0,3.5E1));
#12034=DIRECTION('',(0.E0,1.E0,0.E0));
#12035=DIRECTION('',(0.E0,0.E0,-1.E0));
#12036=AXIS2_PLACEMENT_3D('',#12033,#12034,#12035);
#12037=CYLINDRICAL_SURFACE('',#12036,9.E-1);
#12038=ORIENTED_EDGE('',*,*,#10433,.T.);
#12040=ORIENTED_EDGE('',*,*,#12039,.F.);
#12041=ORIENTED_EDGE('',*,*,#10986,.F.);
#12042=ORIENTED_EDGE('',*,*,#12028,.F.);
#12043=ORIENTED_EDGE('',*,*,#10990,.F.);
#12045=ORIENTED_EDGE('',*,*,#12044,.T.);
#12046=EDGE_LOOP('',(#12038,#12040,#12041,#12042,#12043,#12045));
#12047=FACE_OUTER_BOUND('',#12046,.F.);
#12049=CARTESIAN_POINT('',(-1.2E1,-9.5E0,3.5E1));
#12050=DIRECTION('',(0.E0,1.E0,0.E0));
#12051=DIRECTION('',(0.E0,0.E0,-1.E0));
#12052=AXIS2_PLACEMENT_3D('',#12049,#12050,#12051);
#12053=CYLINDRICAL_SURFACE('',#12052,9.E-1);
#12054=ORIENTED_EDGE('',*,*,#10435,.T.);
#12055=ORIENTED_EDGE('',*,*,#12044,.F.);
#12056=ORIENTED_EDGE('',*,*,#10988,.F.);
#12057=ORIENTED_EDGE('',*,*,#12039,.T.);
#12058=EDGE_LOOP('',(#12054,#12055,#12056,#12057));
#12059=FACE_OUTER_BOUND('',#12058,.F.);
#12061=CARTESIAN_POINT('',(5.E0,-9.5E0,4.05E1));
#12062=DIRECTION('',(0.E0,0.E0,-1.E0));
#12063=DIRECTION('',(-1.E0,0.E0,0.E0));
#12064=AXIS2_PLACEMENT_3D('',#12061,#12062,#12063);
#12065=PLANE('',#12064);
#12066=ORIENTED_EDGE('',*,*,#10982,.F.);
#12068=ORIENTED_EDGE('',*,*,#12067,.T.);
#12069=ORIENTED_EDGE('',*,*,#11943,.T.);
#12070=ORIENTED_EDGE('',*,*,#11975,.F.);
#12071=EDGE_LOOP('',(#12066,#12068,#12069,#12070));
#12072=FACE_OUTER_BOUND('',#12071,.F.);
#12074=CARTESIAN_POINT('',(5.E0,-9.5E0,3.2E1));
#12075=DIRECTION('',(0.E0,1.E0,0.E0));
#12076=DIRECTION('',(1.E0,0.E0,0.E0));
#12077=AXIS2_PLACEMENT_3D('',#12074,#12075,#12076);
#12078=CYLINDRICAL_SURFACE('',#12077,8.5E0);
#12080=ORIENTED_EDGE('',*,*,#12079,.T.);
#12081=ORIENTED_EDGE('',*,*,#10972,.T.);
#12083=ORIENTED_EDGE('',*,*,#12082,.T.);
#12084=ORIENTED_EDGE('',*,*,#10964,.T.);
#12085=ORIENTED_EDGE('',*,*,#11959,.T.);
#12086=ORIENTED_EDGE('',*,*,#11945,.T.);
#12087=ORIENTED_EDGE('',*,*,#12067,.F.);
#12088=ORIENTED_EDGE('',*,*,#10980,.T.);
#12089=EDGE_LOOP('',(#12080,#12081,#12083,#12084,#12085,#12086,#12087,#12088));
#12090=FACE_OUTER_BOUND('',#12089,.F.);
#12092=CARTESIAN_POINT('',(1.2E1,-9.5E0,3.E0));
#12093=DIRECTION('',(0.E0,1.E0,0.E0));
#12094=DIRECTION('',(0.E0,0.E0,-1.E0));
#12095=AXIS2_PLACEMENT_3D('',#12092,#12093,#12094);
#12096=PLANE('',#12095);
#12097=ORIENTED_EDGE('',*,*,#12079,.F.);
#12099=ORIENTED_EDGE('',*,*,#12098,.T.);
#12100=EDGE_LOOP('',(#12097,#12099));
#12101=FACE_OUTER_BOUND('',#12100,.F.);
#12103=CARTESIAN_POINT('',(1.2E1,-9.5E0,3.5E1));
#12104=DIRECTION('',(0.E0,1.E0,0.E0));
#12105=DIRECTION('',(0.E0,0.E0,-1.E0));
#12106=AXIS2_PLACEMENT_3D('',#12103,#12104,#12105);
#12107=CYLINDRICAL_SURFACE('',#12106,9.E-1);
#12108=ORIENTED_EDGE('',*,*,#10429,.T.);
#12110=ORIENTED_EDGE('',*,*,#12109,.F.);
#12111=ORIENTED_EDGE('',*,*,#10974,.F.);
#12112=ORIENTED_EDGE('',*,*,#12098,.F.);
#12113=ORIENTED_EDGE('',*,*,#10978,.F.);
#12115=ORIENTED_EDGE('',*,*,#12114,.T.);
#12116=EDGE_LOOP('',(#12108,#12110,#12111,#12112,#12113,#12115));
#12117=FACE_OUTER_BOUND('',#12116,.F.);
#12119=CARTESIAN_POINT('',(1.2E1,-9.5E0,3.5E1));
#12120=DIRECTION('',(0.E0,1.E0,0.E0));
#12121=DIRECTION('',(0.E0,0.E0,-1.E0));
#12122=AXIS2_PLACEMENT_3D('',#12119,#12120,#12121);
#12123=CYLINDRICAL_SURFACE('',#12122,9.E-1);
#12124=ORIENTED_EDGE('',*,*,#10427,.T.);
#12125=ORIENTED_EDGE('',*,*,#12114,.F.);
#12126=ORIENTED_EDGE('',*,*,#10976,.F.);
#12127=ORIENTED_EDGE('',*,*,#12109,.T.);
#12128=EDGE_LOOP('',(#12124,#12125,#12126,#12127));
#12129=FACE_OUTER_BOUND('',#12128,.F.);
#12131=CARTESIAN_POINT('',(1.2E1,-9.5E0,-3.E0));
#12132=DIRECTION('',(0.E0,1.E0,0.E0));
#12133=DIRECTION('',(0.E0,0.E0,-1.E0));
#12134=AXIS2_PLACEMENT_3D('',#12131,#12132,#12133);
#12135=PLANE('',#12134);
#12136=ORIENTED_EDGE('',*,*,#12082,.F.);
#12138=ORIENTED_EDGE('',*,*,#12137,.T.);
#12139=EDGE_LOOP('',(#12136,#12138));
#12140=FACE_OUTER_BOUND('',#12139,.F.);
#12142=CARTESIAN_POINT('',(1.2E1,-9.5E0,2.9E1));
#12143=DIRECTION('',(0.E0,1.E0,0.E0));
#12144=DIRECTION('',(0.E0,0.E0,-1.E0));
#12145=AXIS2_PLACEMENT_3D('',#12142,#12143,#12144);
#12146=CYLINDRICAL_SURFACE('',#12145,9.E-1);
#12147=ORIENTED_EDGE('',*,*,#10417,.T.);
#12149=ORIENTED_EDGE('',*,*,#12148,.F.);
#12150=ORIENTED_EDGE('',*,*,#10966,.F.);
#12151=ORIENTED_EDGE('',*,*,#12137,.F.);
#12152=ORIENTED_EDGE('',*,*,#10970,.F.);
#12154=ORIENTED_EDGE('',*,*,#12153,.T.);
#12155=EDGE_LOOP('',(#12147,#12149,#12150,#12151,#12152,#12154));
#12156=FACE_OUTER_BOUND('',#12155,.F.);
#12158=CARTESIAN_POINT('',(1.2E1,-9.5E0,2.9E1));
#12159=DIRECTION('',(0.E0,1.E0,0.E0));
#12160=DIRECTION('',(0.E0,0.E0,-1.E0));
#12161=AXIS2_PLACEMENT_3D('',#12158,#12159,#12160);
#12162=CYLINDRICAL_SURFACE('',#12161,9.E-1);
#12163=ORIENTED_EDGE('',*,*,#10415,.T.);
#12164=ORIENTED_EDGE('',*,*,#12153,.F.);
#12165=ORIENTED_EDGE('',*,*,#10968,.F.);
#12166=ORIENTED_EDGE('',*,*,#12148,.T.);
#12167=EDGE_LOOP('',(#12163,#12164,#12165,#12166));
#12168=FACE_OUTER_BOUND('',#12167,.F.);
#12170=CARTESIAN_POINT('',(-1.1E1,-9.5E0,2.6E1));
#12171=DIRECTION('',(0.E0,1.E0,0.E0));
#12172=DIRECTION('',(0.E0,0.E0,-1.E0));
#12173=AXIS2_PLACEMENT_3D('',#12170,#12171,#12172);
#12174=CYLINDRICAL_SURFACE('',#12173,4.15E0);
#12175=ORIENTED_EDGE('',*,*,#11898,.T.);
#12176=ORIENTED_EDGE('',*,*,#11855,.T.);
#12177=ORIENTED_EDGE('',*,*,#11796,.T.);
#12179=ORIENTED_EDGE('',*,*,#12178,.F.);
#12180=EDGE_LOOP('',(#12175,#12176,#12177,#12179));
#12181=FACE_OUTER_BOUND('',#12180,.F.);
#12183=CARTESIAN_POINT('',(-1.1E1,-9.5E0,2.185E1));
#12184=DIRECTION('',(0.E0,0.E0,1.E0));
#12185=DIRECTION('',(1.E0,0.E0,0.E0));
#12186=AXIS2_PLACEMENT_3D('',#12183,#12184,#12185);
#12187=PLANE('',#12186);
#12189=ORIENTED_EDGE('',*,*,#12188,.F.);
#12190=ORIENTED_EDGE('',*,*,#11900,.F.);
#12191=ORIENTED_EDGE('',*,*,#12178,.T.);
#12192=ORIENTED_EDGE('',*,*,#11794,.T.);
#12193=EDGE_LOOP('',(#12189,#12190,#12191,#12192));
#12194=FACE_OUTER_BOUND('',#12193,.F.);
#12196=CARTESIAN_POINT('',(-1.1E1,-9.5E0,2.185E1));
#12197=DIRECTION('',(0.E0,0.E0,1.E0));
#12198=DIRECTION('',(1.E0,0.E0,0.E0));
#12199=AXIS2_PLACEMENT_3D('',#12196,#12197,#12198);
#12200=PLANE('',#12199);
#12202=ORIENTED_EDGE('',*,*,#12201,.T.);
#12203=ORIENTED_EDGE('',*,*,#11790,.T.);
#12205=ORIENTED_EDGE('',*,*,#12204,.F.);
#12206=ORIENTED_EDGE('',*,*,#11908,.F.);
#12207=EDGE_LOOP('',(#12202,#12203,#12205,#12206));
#12208=FACE_OUTER_BOUND('',#12207,.F.);
#12210=CARTESIAN_POINT('',(-7.5E-1,-6.5E0,2.185E1));
#12211=DIRECTION('',(-1.E0,0.E0,0.E0));
#12212=DIRECTION('',(0.E0,0.E0,1.E0));
#12213=AXIS2_PLACEMENT_3D('',#12210,#12211,#12212);
#12214=PLANE('',#12213);
#12216=ORIENTED_EDGE('',*,*,#12215,.F.);
#12218=ORIENTED_EDGE('',*,*,#12217,.T.);
#12219=ORIENTED_EDGE('',*,*,#11902,.F.);
#12220=ORIENTED_EDGE('',*,*,#12188,.T.);
#12221=EDGE_LOOP('',(#12216,#12218,#12219,#12220));
#12222=FACE_OUTER_BOUND('',#12221,.F.);
#12224=CARTESIAN_POINT('',(-1.421085471520E-14,-6.6E0,2.195E1));
#12225=DIRECTION('',(0.E0,7.071067811865E-1,7.071067811865E-1));
#12226=DIRECTION('',(0.E0,-7.071067811865E-1,7.071067811865E-1));
#12227=AXIS2_PLACEMENT_3D('',#12224,#12225,#12226);
#12228=PLANE('',#12227);
#12230=ORIENTED_EDGE('',*,*,#12229,.T.);
#12232=ORIENTED_EDGE('',*,*,#12231,.F.);
#12233=ORIENTED_EDGE('',*,*,#12215,.T.);
#12234=ORIENTED_EDGE('',*,*,#11792,.T.);
#12235=EDGE_LOOP('',(#12230,#12232,#12233,#12234));
#12236=FACE_OUTER_BOUND('',#12235,.F.);
#12238=CARTESIAN_POINT('',(7.5E-1,-6.5E0,2.205E1));
#12239=DIRECTION('',(1.E0,0.E0,0.E0));
#12240=DIRECTION('',(0.E0,0.E0,-1.E0));
#12241=AXIS2_PLACEMENT_3D('',#12238,#12239,#12240);
#12242=PLANE('',#12241);
#12243=ORIENTED_EDGE('',*,*,#12229,.F.);
#12244=ORIENTED_EDGE('',*,*,#12201,.F.);
#12245=ORIENTED_EDGE('',*,*,#11906,.T.);
#12247=ORIENTED_EDGE('',*,*,#12246,.F.);
#12248=EDGE_LOOP('',(#12243,#12244,#12245,#12247));
#12249=FACE_OUTER_BOUND('',#12248,.F.);
#12251=CARTESIAN_POINT('',(-7.5E-1,-6.5E0,2.205E1));
#12252=DIRECTION('',(0.E0,0.E0,1.E0));
#12253=DIRECTION('',(1.E0,0.E0,0.E0));
#12254=AXIS2_PLACEMENT_3D('',#12251,#12252,#12253);
#12255=PLANE('',#12254);
#12256=ORIENTED_EDGE('',*,*,#12231,.T.);
#12257=ORIENTED_EDGE('',*,*,#12246,.T.);
#12258=ORIENTED_EDGE('',*,*,#11904,.F.);
#12259=ORIENTED_EDGE('',*,*,#12217,.F.);
#12260=EDGE_LOOP('',(#12256,#12257,#12258,#12259));
#12261=FACE_OUTER_BOUND('',#12260,.F.);
#12263=CARTESIAN_POINT('',(1.1E1,-9.5E0,2.6E1));
#12264=DIRECTION('',(0.E0,1.E0,0.E0));
#12265=DIRECTION('',(0.E0,0.E0,-1.E0));
#12266=AXIS2_PLACEMENT_3D('',#12263,#12264,#12265);
#12267=CYLINDRICAL_SURFACE('',#12266,4.15E0);
#12268=ORIENTED_EDGE('',*,*,#11910,.T.);
#12269=ORIENTED_EDGE('',*,*,#12204,.T.);
#12270=ORIENTED_EDGE('',*,*,#11788,.T.);
#12272=ORIENTED_EDGE('',*,*,#12271,.F.);
#12273=EDGE_LOOP('',(#12268,#12269,#12270,#12272));
#12274=FACE_OUTER_BOUND('',#12273,.F.);
#12276=CARTESIAN_POINT('',(1.515E1,-9.5E0,2.6E1));
#12277=DIRECTION('',(-1.E0,0.E0,0.E0));
#12278=DIRECTION('',(0.E0,0.E0,1.E0));
#12279=AXIS2_PLACEMENT_3D('',#12276,#12277,#12278);
#12280=PLANE('',#12279);
#12282=ORIENTED_EDGE('',*,*,#12281,.F.);
#12283=ORIENTED_EDGE('',*,*,#11912,.F.);
#12284=ORIENTED_EDGE('',*,*,#12271,.T.);
#12285=ORIENTED_EDGE('',*,*,#11786,.T.);
#12286=EDGE_LOOP('',(#12282,#12283,#12284,#12285));
#12287=FACE_OUTER_BOUND('',#12286,.F.);
#12289=CARTESIAN_POINT('',(1.515E1,-9.5E0,2.6E1));
#12290=DIRECTION('',(-1.E0,0.E0,0.E0));
#12291=DIRECTION('',(0.E0,0.E0,1.E0));
#12292=AXIS2_PLACEMENT_3D('',#12289,#12290,#12291);
#12293=PLANE('',#12292);
#12295=ORIENTED_EDGE('',*,*,#12294,.T.);
#12296=ORIENTED_EDGE('',*,*,#11782,.T.);
#12298=ORIENTED_EDGE('',*,*,#12297,.F.);
#12299=ORIENTED_EDGE('',*,*,#11920,.F.);
#12300=EDGE_LOOP('',(#12295,#12296,#12298,#12299));
#12301=FACE_OUTER_BOUND('',#12300,.F.);
#12303=CARTESIAN_POINT('',(1.515E1,-6.5E0,3.125E1));
#12304=DIRECTION('',(0.E0,0.E0,-1.E0));
#12305=DIRECTION('',(-1.E0,0.E0,0.E0));
#12306=AXIS2_PLACEMENT_3D('',#12303,#12304,#12305);
#12307=PLANE('',#12306);
#12309=ORIENTED_EDGE('',*,*,#12308,.F.);
#12311=ORIENTED_EDGE('',*,*,#12310,.T.);
#12312=ORIENTED_EDGE('',*,*,#11914,.F.);
#12313=ORIENTED_EDGE('',*,*,#12281,.T.);
#12314=EDGE_LOOP('',(#12309,#12311,#12312,#12313));
#12315=FACE_OUTER_BOUND('',#12314,.F.);
#12317=CARTESIAN_POINT('',(1.505E1,-6.6E0,3.2E1));
#12318=DIRECTION('',(-7.071067811865E-1,7.071067811865E-1,0.E0));
#12319=DIRECTION('',(-7.071067811865E-1,-7.071067811865E-1,0.E0));
#12320=AXIS2_PLACEMENT_3D('',#12317,#12318,#12319);
#12321=PLANE('',#12320);
#12323=ORIENTED_EDGE('',*,*,#12322,.T.);
#12325=ORIENTED_EDGE('',*,*,#12324,.F.);
#12326=ORIENTED_EDGE('',*,*,#12308,.T.);
#12327=ORIENTED_EDGE('',*,*,#11784,.T.);
#12328=EDGE_LOOP('',(#12323,#12325,#12326,#12327));
#12329=FACE_OUTER_BOUND('',#12328,.F.);
#12331=CARTESIAN_POINT('',(1.495E1,-6.5E0,3.275E1));
#12332=DIRECTION('',(0.E0,0.E0,1.E0));
#12333=DIRECTION('',(1.E0,0.E0,0.E0));
#12334=AXIS2_PLACEMENT_3D('',#12331,#12332,#12333);
#12335=PLANE('',#12334);
#12336=ORIENTED_EDGE('',*,*,#12322,.F.);
#12337=ORIENTED_EDGE('',*,*,#12294,.F.);
#12338=ORIENTED_EDGE('',*,*,#11918,.T.);
#12340=ORIENTED_EDGE('',*,*,#12339,.F.);
#12341=EDGE_LOOP('',(#12336,#12337,#12338,#12340));
#12342=FACE_OUTER_BOUND('',#12341,.F.);
#12344=CARTESIAN_POINT('',(1.495E1,-6.5E0,3.125E1));
#12345=DIRECTION('',(-1.E0,0.E0,0.E0));
#12346=DIRECTION('',(0.E0,0.E0,1.E0));
#12347=AXIS2_PLACEMENT_3D('',#12344,#12345,#12346);
#12348=PLANE('',#12347);
#12349=ORIENTED_EDGE('',*,*,#12324,.T.);
#12350=ORIENTED_EDGE('',*,*,#12339,.T.);
#12351=ORIENTED_EDGE('',*,*,#11916,.F.);
#12352=ORIENTED_EDGE('',*,*,#12310,.F.);
#12353=EDGE_LOOP('',(#12349,#12350,#12351,#12352));
#12354=FACE_OUTER_BOUND('',#12353,.F.);
#12356=CARTESIAN_POINT('',(1.1E1,-9.5E0,3.8E1));
#12357=DIRECTION('',(0.E0,1.E0,0.E0));
#12358=DIRECTION('',(0.E0,0.E0,-1.E0));
#12359=AXIS2_PLACEMENT_3D('',#12356,#12357,#12358);
#12360=CYLINDRICAL_SURFACE('',#12359,4.15E0);
#12361=ORIENTED_EDGE('',*,*,#11922,.T.);
#12362=ORIENTED_EDGE('',*,*,#12297,.T.);
#12363=ORIENTED_EDGE('',*,*,#11780,.T.);
#12365=ORIENTED_EDGE('',*,*,#12364,.F.);
#12366=EDGE_LOOP('',(#12361,#12362,#12363,#12365));
#12367=FACE_OUTER_BOUND('',#12366,.F.);
#12369=CARTESIAN_POINT('',(1.1E1,-9.5E0,4.215E1));
#12370=DIRECTION('',(0.E0,0.E0,-1.E0));
#12371=DIRECTION('',(-1.E0,0.E0,0.E0));
#12372=AXIS2_PLACEMENT_3D('',#12369,#12370,#12371);
#12373=PLANE('',#12372);
#12375=ORIENTED_EDGE('',*,*,#12374,.F.);
#12376=ORIENTED_EDGE('',*,*,#11924,.F.);
#12377=ORIENTED_EDGE('',*,*,#12364,.T.);
#12378=ORIENTED_EDGE('',*,*,#11778,.T.);
#12379=EDGE_LOOP('',(#12375,#12376,#12377,#12378));
#12380=FACE_OUTER_BOUND('',#12379,.F.);
#12382=CARTESIAN_POINT('',(1.1E1,-9.5E0,4.215E1));
#12383=DIRECTION('',(0.E0,0.E0,-1.E0));
#12384=DIRECTION('',(-1.E0,0.E0,0.E0));
#12385=AXIS2_PLACEMENT_3D('',#12382,#12383,#12384);
#12386=PLANE('',#12385);
#12388=ORIENTED_EDGE('',*,*,#12387,.T.);
#12389=ORIENTED_EDGE('',*,*,#11774,.T.);
#12391=ORIENTED_EDGE('',*,*,#12390,.F.);
#12392=ORIENTED_EDGE('',*,*,#11932,.F.);
#12393=EDGE_LOOP('',(#12388,#12389,#12391,#12392));
#12394=FACE_OUTER_BOUND('',#12393,.F.);
#12396=CARTESIAN_POINT('',(7.5E-1,-6.5E0,4.215E1));
#12397=DIRECTION('',(1.E0,0.E0,0.E0));
#12398=DIRECTION('',(0.E0,0.E0,-1.E0));
#12399=AXIS2_PLACEMENT_3D('',#12396,#12397,#12398);
#12400=PLANE('',#12399);
#12402=ORIENTED_EDGE('',*,*,#12401,.F.);
#12404=ORIENTED_EDGE('',*,*,#12403,.T.);
#12405=ORIENTED_EDGE('',*,*,#11926,.F.);
#12406=ORIENTED_EDGE('',*,*,#12374,.T.);
#12407=EDGE_LOOP('',(#12402,#12404,#12405,#12406));
#12408=FACE_OUTER_BOUND('',#12407,.F.);
#12410=CARTESIAN_POINT('',(-5.684341886081E-14,-6.6E0,4.205E1));
#12411=DIRECTION('',(0.E0,7.071067811866E-1,-7.071067811865E-1));
#12412=DIRECTION('',(0.E0,-7.071067811865E-1,-7.071067811866E-1));
#12413=AXIS2_PLACEMENT_3D('',#12410,#12411,#12412);
#12414=PLANE('',#12413);
#12416=ORIENTED_EDGE('',*,*,#12415,.T.);
#12418=ORIENTED_EDGE('',*,*,#12417,.F.);
#12419=ORIENTED_EDGE('',*,*,#12401,.T.);
#12420=ORIENTED_EDGE('',*,*,#11776,.T.);
#12421=EDGE_LOOP('',(#12416,#12418,#12419,#12420));
#12422=FACE_OUTER_BOUND('',#12421,.F.);
#12424=CARTESIAN_POINT('',(-7.5E-1,-6.5E0,4.195E1));
#12425=DIRECTION('',(-1.E0,0.E0,0.E0));
#12426=DIRECTION('',(0.E0,0.E0,1.E0));
#12427=AXIS2_PLACEMENT_3D('',#12424,#12425,#12426);
#12428=PLANE('',#12427);
#12429=ORIENTED_EDGE('',*,*,#12415,.F.);
#12430=ORIENTED_EDGE('',*,*,#12387,.F.);
#12431=ORIENTED_EDGE('',*,*,#11930,.T.);
#12433=ORIENTED_EDGE('',*,*,#12432,.F.);
#12434=EDGE_LOOP('',(#12429,#12430,#12431,#12433));
#12435=FACE_OUTER_BOUND('',#12434,.F.);
#12437=CARTESIAN_POINT('',(7.5E-1,-6.5E0,4.195E1));
#12438=DIRECTION('',(0.E0,0.E0,-1.E0));
#12439=DIRECTION('',(-1.E0,0.E0,0.E0));
#12440=AXIS2_PLACEMENT_3D('',#12437,#12438,#12439);
#12441=PLANE('',#12440);
#12442=ORIENTED_EDGE('',*,*,#12417,.T.);
#12443=ORIENTED_EDGE('',*,*,#12432,.T.);
#12444=ORIENTED_EDGE('',*,*,#11928,.F.);
#12445=ORIENTED_EDGE('',*,*,#12403,.F.);
#12446=EDGE_LOOP('',(#12442,#12443,#12444,#12445));
#12447=FACE_OUTER_BOUND('',#12446,.F.);
#12449=CARTESIAN_POINT('',(-1.1E1,-9.5E0,3.8E1));
#12450=DIRECTION('',(0.E0,1.E0,0.E0));
#12451=DIRECTION('',(0.E0,0.E0,-1.E0));
#12452=AXIS2_PLACEMENT_3D('',#12449,#12450,#12451);
#12453=CYLINDRICAL_SURFACE('',#12452,4.15E0);
#12454=ORIENTED_EDGE('',*,*,#11934,.T.);
#12455=ORIENTED_EDGE('',*,*,#12390,.T.);
#12456=ORIENTED_EDGE('',*,*,#11772,.T.);
#12457=ORIENTED_EDGE('',*,*,#11842,.F.);
#12458=EDGE_LOOP('',(#12454,#12455,#12456,#12457));
#12459=FACE_OUTER_BOUND('',#12458,.F.);
#12461=CARTESIAN_POINT('',(0.E0,-9.5E0,3.2E1));
#12462=DIRECTION('',(0.E0,1.E0,0.E0));
#12463=DIRECTION('',(0.E0,0.E0,-1.E0));
#12464=AXIS2_PLACEMENT_3D('',#12461,#12462,#12463);
#12465=CYLINDRICAL_SURFACE('',#12464,9.E-1);
#12466=ORIENTED_EDGE('',*,*,#10205,.T.);
#12468=ORIENTED_EDGE('',*,*,#12467,.F.);
#12469=ORIENTED_EDGE('',*,*,#11000,.F.);
#12471=ORIENTED_EDGE('',*,*,#12470,.T.);
#12472=EDGE_LOOP('',(#12466,#12468,#12469,#12471));
#12473=FACE_OUTER_BOUND('',#12472,.F.);
#12475=CARTESIAN_POINT('',(0.E0,-9.5E0,3.2E1));
#12476=DIRECTION('',(0.E0,1.E0,0.E0));
#12477=DIRECTION('',(0.E0,0.E0,-1.E0));
#12478=AXIS2_PLACEMENT_3D('',#12475,#12476,#12477);
#12479=CYLINDRICAL_SURFACE('',#12478,9.E-1);
#12480=ORIENTED_EDGE('',*,*,#10207,.T.);
#12481=ORIENTED_EDGE('',*,*,#12470,.F.);
#12482=ORIENTED_EDGE('',*,*,#11002,.F.);
#12483=ORIENTED_EDGE('',*,*,#12467,.T.);
#12484=EDGE_LOOP('',(#12480,#12481,#12482,#12483));
#12485=FACE_OUTER_BOUND('',#12484,.F.);
#12487=CARTESIAN_POINT('',(0.E0,-9.5E0,2.9E1));
#12488=DIRECTION('',(0.E0,1.E0,0.E0));
#12489=DIRECTION('',(0.E0,0.E0,-1.E0));
#12490=AXIS2_PLACEMENT_3D('',#12487,#12488,#12489);
#12491=CYLINDRICAL_SURFACE('',#12490,9.E-1);
#12492=ORIENTED_EDGE('',*,*,#10211,.T.);
#12494=ORIENTED_EDGE('',*,*,#12493,.F.);
#12495=ORIENTED_EDGE('',*,*,#11006,.F.);
#12497=ORIENTED_EDGE('',*,*,#12496,.T.);
#12498=EDGE_LOOP('',(#12492,#12494,#12495,#12497));
#12499=FACE_OUTER_BOUND('',#12498,.F.);
#12501=CARTESIAN_POINT('',(0.E0,-9.5E0,2.9E1));
#12502=DIRECTION('',(0.E0,1.E0,0.E0));
#12503=DIRECTION('',(0.E0,0.E0,-1.E0));
#12504=AXIS2_PLACEMENT_3D('',#12501,#12502,#12503);
#12505=CYLINDRICAL_SURFACE('',#12504,9.E-1);
#12506=ORIENTED_EDGE('',*,*,#10213,.T.);
#12507=ORIENTED_EDGE('',*,*,#12496,.F.);
#12508=ORIENTED_EDGE('',*,*,#11008,.F.);
#12509=ORIENTED_EDGE('',*,*,#12493,.T.);
#12510=EDGE_LOOP('',(#12506,#12507,#12508,#12509));
#12511=FACE_OUTER_BOUND('',#12510,.F.);
#12513=CARTESIAN_POINT('',(3.E0,-9.5E0,2.9E1));
#12514=DIRECTION('',(0.E0,1.E0,0.E0));
#12515=DIRECTION('',(0.E0,0.E0,-1.E0));
#12516=AXIS2_PLACEMENT_3D('',#12513,#12514,#12515);
#12517=CYLINDRICAL_SURFACE('',#12516,9.E-1);
#12518=ORIENTED_EDGE('',*,*,#10217,.T.);
#12520=ORIENTED_EDGE('',*,*,#12519,.F.);
#12521=ORIENTED_EDGE('',*,*,#11012,.F.);
#12523=ORIENTED_EDGE('',*,*,#12522,.T.);
#12524=EDGE_LOOP('',(#12518,#12520,#12521,#12523));
#12525=FACE_OUTER_BOUND('',#12524,.F.);
#12527=CARTESIAN_POINT('',(3.E0,-9.5E0,2.9E1));
#12528=DIRECTION('',(0.E0,1.E0,0.E0));
#12529=DIRECTION('',(0.E0,0.E0,-1.E0));
#12530=AXIS2_PLACEMENT_3D('',#12527,#12528,#12529);
#12531=CYLINDRICAL_SURFACE('',#12530,9.E-1);
#12532=ORIENTED_EDGE('',*,*,#10219,.T.);
#12533=ORIENTED_EDGE('',*,*,#12522,.F.);
#12534=ORIENTED_EDGE('',*,*,#11014,.F.);
#12535=ORIENTED_EDGE('',*,*,#12519,.T.);
#12536=EDGE_LOOP('',(#12532,#12533,#12534,#12535));
#12537=FACE_OUTER_BOUND('',#12536,.F.);
#12539=CARTESIAN_POINT('',(3.E0,-9.5E0,3.2E1));
#12540=DIRECTION('',(0.E0,1.E0,0.E0));
#12541=DIRECTION('',(0.E0,0.E0,-1.E0));
#12542=AXIS2_PLACEMENT_3D('',#12539,#12540,#12541);
#12543=CYLINDRICAL_SURFACE('',#12542,9.E-1);
#12544=ORIENTED_EDGE('',*,*,#10223,.T.);
#12546=ORIENTED_EDGE('',*,*,#12545,.F.);
#12547=ORIENTED_EDGE('',*,*,#11018,.F.);
#12549=ORIENTED_EDGE('',*,*,#12548,.T.);
#12550=EDGE_LOOP('',(#12544,#12546,#12547,#12549));
#12551=FACE_OUTER_BOUND('',#12550,.F.);
#12553=CARTESIAN_POINT('',(3.E0,-9.5E0,3.2E1));
#12554=DIRECTION('',(0.E0,1.E0,0.E0));
#12555=DIRECTION('',(0.E0,0.E0,-1.E0));
#12556=AXIS2_PLACEMENT_3D('',#12553,#12554,#12555);
#12557=CYLINDRICAL_SURFACE('',#12556,9.E-1);
#12558=ORIENTED_EDGE('',*,*,#10225,.T.);
#12559=ORIENTED_EDGE('',*,*,#12548,.F.);
#12560=ORIENTED_EDGE('',*,*,#11020,.F.);
#12561=ORIENTED_EDGE('',*,*,#12545,.T.);
#12562=EDGE_LOOP('',(#12558,#12559,#12560,#12561));
#12563=FACE_OUTER_BOUND('',#12562,.F.);
#12565=CARTESIAN_POINT('',(3.E0,-9.5E0,3.5E1));
#12566=DIRECTION('',(0.E0,1.E0,0.E0));
#12567=DIRECTION('',(0.E0,0.E0,-1.E0));
#12568=AXIS2_PLACEMENT_3D('',#12565,#12566,#12567);
#12569=CYLINDRICAL_SURFACE('',#12568,9.E-1);
#12570=ORIENTED_EDGE('',*,*,#10229,.T.);
#12572=ORIENTED_EDGE('',*,*,#12571,.F.);
#12573=ORIENTED_EDGE('',*,*,#11024,.F.);
#12575=ORIENTED_EDGE('',*,*,#12574,.T.);
#12576=EDGE_LOOP('',(#12570,#12572,#12573,#12575));
#12577=FACE_OUTER_BOUND('',#12576,.F.);
#12579=CARTESIAN_POINT('',(3.E0,-9.5E0,3.5E1));
#12580=DIRECTION('',(0.E0,1.E0,0.E0));
#12581=DIRECTION('',(0.E0,0.E0,-1.E0));
#12582=AXIS2_PLACEMENT_3D('',#12579,#12580,#12581);
#12583=CYLINDRICAL_SURFACE('',#12582,9.E-1);
#12584=ORIENTED_EDGE('',*,*,#10231,.T.);
#12585=ORIENTED_EDGE('',*,*,#12574,.F.);
#12586=ORIENTED_EDGE('',*,*,#11026,.F.);
#12587=ORIENTED_EDGE('',*,*,#12571,.T.);
#12588=EDGE_LOOP('',(#12584,#12585,#12586,#12587));
#12589=FACE_OUTER_BOUND('',#12588,.F.);
#12591=CARTESIAN_POINT('',(0.E0,-9.5E0,3.5E1));
#12592=DIRECTION('',(0.E0,1.E0,0.E0));
#12593=DIRECTION('',(0.E0,0.E0,-1.E0));
#12594=AXIS2_PLACEMENT_3D('',#12591,#12592,#12593);
#12595=CYLINDRICAL_SURFACE('',#12594,9.E-1);
#12596=ORIENTED_EDGE('',*,*,#10235,.T.);
#12598=ORIENTED_EDGE('',*,*,#12597,.F.);
#12599=ORIENTED_EDGE('',*,*,#11030,.F.);
#12601=ORIENTED_EDGE('',*,*,#12600,.T.);
#12602=EDGE_LOOP('',(#12596,#12598,#12599,#12601));
#12603=FACE_OUTER_BOUND('',#12602,.F.);
#12605=CARTESIAN_POINT('',(0.E0,-9.5E0,3.5E1));
#12606=DIRECTION('',(0.E0,1.E0,0.E0));
#12607=DIRECTION('',(0.E0,0.E0,-1.E0));
#12608=AXIS2_PLACEMENT_3D('',#12605,#12606,#12607);
#12609=CYLINDRICAL_SURFACE('',#12608,9.E-1);
#12610=ORIENTED_EDGE('',*,*,#10237,.T.);
#12611=ORIENTED_EDGE('',*,*,#12600,.F.);
#12612=ORIENTED_EDGE('',*,*,#11032,.F.);
#12613=ORIENTED_EDGE('',*,*,#12597,.T.);
#12614=EDGE_LOOP('',(#12610,#12611,#12612,#12613));
#12615=FACE_OUTER_BOUND('',#12614,.F.);
#12617=CARTESIAN_POINT('',(-3.E0,-9.5E0,3.5E1));
#12618=DIRECTION('',(0.E0,1.E0,0.E0));
#12619=DIRECTION('',(0.E0,0.E0,-1.E0));
#12620=AXIS2_PLACEMENT_3D('',#12617,#12618,#12619);
#12621=CYLINDRICAL_SURFACE('',#12620,9.E-1);
#12622=ORIENTED_EDGE('',*,*,#10241,.T.);
#12624=ORIENTED_EDGE('',*,*,#12623,.F.);
#12625=ORIENTED_EDGE('',*,*,#11036,.F.);
#12627=ORIENTED_EDGE('',*,*,#12626,.T.);
#12628=EDGE_LOOP('',(#12622,#12624,#12625,#12627));
#12629=FACE_OUTER_BOUND('',#12628,.F.);
#12631=CARTESIAN_POINT('',(-3.E0,-9.5E0,3.5E1));
#12632=DIRECTION('',(0.E0,1.E0,0.E0));
#12633=DIRECTION('',(0.E0,0.E0,-1.E0));
#12634=AXIS2_PLACEMENT_3D('',#12631,#12632,#12633);
#12635=CYLINDRICAL_SURFACE('',#12634,9.E-1);
#12636=ORIENTED_EDGE('',*,*,#10243,.T.);
#12637=ORIENTED_EDGE('',*,*,#12626,.F.);
#12638=ORIENTED_EDGE('',*,*,#11038,.F.);
#12639=ORIENTED_EDGE('',*,*,#12623,.T.);
#12640=EDGE_LOOP('',(#12636,#12637,#12638,#12639));
#12641=FACE_OUTER_BOUND('',#12640,.F.);
#12643=CARTESIAN_POINT('',(-3.E0,-9.5E0,3.2E1));
#12644=DIRECTION('',(0.E0,1.E0,0.E0));
#12645=DIRECTION('',(0.E0,0.E0,-1.E0));
#12646=AXIS2_PLACEMENT_3D('',#12643,#12644,#12645);
#12647=CYLINDRICAL_SURFACE('',#12646,9.E-1);
#12648=ORIENTED_EDGE('',*,*,#10247,.T.);
#12650=ORIENTED_EDGE('',*,*,#12649,.F.);
#12651=ORIENTED_EDGE('',*,*,#11042,.F.);
#12653=ORIENTED_EDGE('',*,*,#12652,.T.);
#12654=EDGE_LOOP('',(#12648,#12650,#12651,#12653));
#12655=FACE_OUTER_BOUND('',#12654,.F.);
#12657=CARTESIAN_POINT('',(-3.E0,-9.5E0,3.2E1));
#12658=DIRECTION('',(0.E0,1.E0,0.E0));
#12659=DIRECTION('',(0.E0,0.E0,-1.E0));
#12660=AXIS2_PLACEMENT_3D('',#12657,#12658,#12659);
#12661=CYLINDRICAL_SURFACE('',#12660,9.E-1);
#12662=ORIENTED_EDGE('',*,*,#10249,.T.);
#12663=ORIENTED_EDGE('',*,*,#12652,.F.);
#12664=ORIENTED_EDGE('',*,*,#11044,.F.);
#12665=ORIENTED_EDGE('',*,*,#12649,.T.);
#12666=EDGE_LOOP('',(#12662,#12663,#12664,#12665));
#12667=FACE_OUTER_BOUND('',#12666,.F.);
#12669=CARTESIAN_POINT('',(-3.E0,-9.5E0,2.9E1));
#12670=DIRECTION('',(0.E0,1.E0,0.E0));
#12671=DIRECTION('',(0.E0,0.E0,-1.E0));
#12672=AXIS2_PLACEMENT_3D('',#12669,#12670,#12671);
#12673=CYLINDRICAL_SURFACE('',#12672,9.E-1);
#12674=ORIENTED_EDGE('',*,*,#10253,.T.);
#12676=ORIENTED_EDGE('',*,*,#12675,.F.);
#12677=ORIENTED_EDGE('',*,*,#11048,.F.);
#12679=ORIENTED_EDGE('',*,*,#12678,.T.);
#12680=EDGE_LOOP('',(#12674,#12676,#12677,#12679));
#12681=FACE_OUTER_BOUND('',#12680,.F.);
#12683=CARTESIAN_POINT('',(-3.E0,-9.5E0,2.9E1));
#12684=DIRECTION('',(0.E0,1.E0,0.E0));
#12685=DIRECTION('',(0.E0,0.E0,-1.E0));
#12686=AXIS2_PLACEMENT_3D('',#12683,#12684,#12685);
#12687=CYLINDRICAL_SURFACE('',#12686,9.E-1);
#12688=ORIENTED_EDGE('',*,*,#10255,.T.);
#12689=ORIENTED_EDGE('',*,*,#12678,.F.);
#12690=ORIENTED_EDGE('',*,*,#11050,.F.);
#12691=ORIENTED_EDGE('',*,*,#12675,.T.);
#12692=EDGE_LOOP('',(#12688,#12689,#12690,#12691));
#12693=FACE_OUTER_BOUND('',#12692,.F.);
#12695=CARTESIAN_POINT('',(-3.E0,-9.5E0,2.6E1));
#12696=DIRECTION('',(0.E0,1.E0,0.E0));
#12697=DIRECTION('',(0.E0,0.E0,-1.E0));
#12698=AXIS2_PLACEMENT_3D('',#12695,#12696,#12697);
#12699=CYLINDRICAL_SURFACE('',#12698,9.E-1);
#12700=ORIENTED_EDGE('',*,*,#10259,.T.);
#12702=ORIENTED_EDGE('',*,*,#12701,.F.);
#12703=ORIENTED_EDGE('',*,*,#11054,.F.);
#12705=ORIENTED_EDGE('',*,*,#12704,.T.);
#12706=EDGE_LOOP('',(#12700,#12702,#12703,#12705));
#12707=FACE_OUTER_BOUND('',#12706,.F.);
#12709=CARTESIAN_POINT('',(-3.E0,-9.5E0,2.6E1));
#12710=DIRECTION('',(0.E0,1.E0,0.E0));
#12711=DIRECTION('',(0.E0,0.E0,-1.E0));
#12712=AXIS2_PLACEMENT_3D('',#12709,#12710,#12711);
#12713=CYLINDRICAL_SURFACE('',#12712,9.E-1);
#12714=ORIENTED_EDGE('',*,*,#10261,.T.);
#12715=ORIENTED_EDGE('',*,*,#12704,.F.);
#12716=ORIENTED_EDGE('',*,*,#11056,.F.);
#12717=ORIENTED_EDGE('',*,*,#12701,.T.);
#12718=EDGE_LOOP('',(#12714,#12715,#12716,#12717));
#12719=FACE_OUTER_BOUND('',#12718,.F.);
#12721=CARTESIAN_POINT('',(0.E0,-9.5E0,2.6E1));
#12722=DIRECTION('',(0.E0,1.E0,0.E0));
#12723=DIRECTION('',(0.E0,0.E0,-1.E0));
#12724=AXIS2_PLACEMENT_3D('',#12721,#12722,#12723);
#12725=CYLINDRICAL_SURFACE('',#12724,9.E-1);
#12726=ORIENTED_EDGE('',*,*,#10265,.T.);
#12728=ORIENTED_EDGE('',*,*,#12727,.F.);
#12729=ORIENTED_EDGE('',*,*,#11060,.F.);
#12731=ORIENTED_EDGE('',*,*,#12730,.T.);
#12732=EDGE_LOOP('',(#12726,#12728,#12729,#12731));
#12733=FACE_OUTER_BOUND('',#12732,.F.);
#12735=CARTESIAN_POINT('',(0.E0,-9.5E0,2.6E1));
#12736=DIRECTION('',(0.E0,1.E0,0.E0));
#12737=DIRECTION('',(0.E0,0.E0,-1.E0));
#12738=AXIS2_PLACEMENT_3D('',#12735,#12736,#12737);
#12739=CYLINDRICAL_SURFACE('',#12738,9.E-1);
#12740=ORIENTED_EDGE('',*,*,#10267,.T.);
#12741=ORIENTED_EDGE('',*,*,#12730,.F.);
#12742=ORIENTED_EDGE('',*,*,#11062,.F.);
#12743=ORIENTED_EDGE('',*,*,#12727,.T.);
#12744=EDGE_LOOP('',(#12740,#12741,#12742,#12743));
#12745=FACE_OUTER_BOUND('',#12744,.F.);
#12747=CARTESIAN_POINT('',(3.E0,-9.5E0,2.6E1));
#12748=DIRECTION('',(0.E0,1.E0,0.E0));
#12749=DIRECTION('',(0.E0,0.E0,-1.E0));
#12750=AXIS2_PLACEMENT_3D('',#12747,#12748,#12749);
#12751=CYLINDRICAL_SURFACE('',#12750,9.E-1);
#12752=ORIENTED_EDGE('',*,*,#10271,.T.);
#12754=ORIENTED_EDGE('',*,*,#12753,.F.);
#12755=ORIENTED_EDGE('',*,*,#11066,.F.);
#12757=ORIENTED_EDGE('',*,*,#12756,.T.);
#12758=EDGE_LOOP('',(#12752,#12754,#12755,#12757));
#12759=FACE_OUTER_BOUND('',#12758,.F.);
#12761=CARTESIAN_POINT('',(3.E0,-9.5E0,2.6E1));
#12762=DIRECTION('',(0.E0,1.E0,0.E0));
#12763=DIRECTION('',(0.E0,0.E0,-1.E0));
#12764=AXIS2_PLACEMENT_3D('',#12761,#12762,#12763);
#12765=CYLINDRICAL_SURFACE('',#12764,9.E-1);
#12766=ORIENTED_EDGE('',*,*,#10273,.T.);
#12767=ORIENTED_EDGE('',*,*,#12756,.F.);
#12768=ORIENTED_EDGE('',*,*,#11068,.F.);
#12769=ORIENTED_EDGE('',*,*,#12753,.T.);
#12770=EDGE_LOOP('',(#12766,#12767,#12768,#12769));
#12771=FACE_OUTER_BOUND('',#12770,.F.);
#12773=CARTESIAN_POINT('',(6.E0,-9.5E0,2.6E1));
#12774=DIRECTION('',(0.E0,1.E0,0.E0));
#12775=DIRECTION('',(0.E0,0.E0,-1.E0));
#12776=AXIS2_PLACEMENT_3D('',#12773,#12774,#12775);
#12777=CYLINDRICAL_SURFACE('',#12776,9.E-1);
#12778=ORIENTED_EDGE('',*,*,#10277,.T.);
#12780=ORIENTED_EDGE('',*,*,#12779,.F.);
#12781=ORIENTED_EDGE('',*,*,#11072,.F.);
#12783=ORIENTED_EDGE('',*,*,#12782,.T.);
#12784=EDGE_LOOP('',(#12778,#12780,#12781,#12783));
#12785=FACE_OUTER_BOUND('',#12784,.F.);
#12787=CARTESIAN_POINT('',(6.E0,-9.5E0,2.6E1));
#12788=DIRECTION('',(0.E0,1.E0,0.E0));
#12789=DIRECTION('',(0.E0,0.E0,-1.E0));
#12790=AXIS2_PLACEMENT_3D('',#12787,#12788,#12789);
#12791=CYLINDRICAL_SURFACE('',#12790,9.E-1);
#12792=ORIENTED_EDGE('',*,*,#10279,.T.);
#12793=ORIENTED_EDGE('',*,*,#12782,.F.);
#12794=ORIENTED_EDGE('',*,*,#11074,.F.);
#12795=ORIENTED_EDGE('',*,*,#12779,.T.);
#12796=EDGE_LOOP('',(#12792,#12793,#12794,#12795));
#12797=FACE_OUTER_BOUND('',#12796,.F.);
#12799=CARTESIAN_POINT('',(6.E0,-9.5E0,2.9E1));
#12800=DIRECTION('',(0.E0,1.E0,0.E0));
#12801=DIRECTION('',(0.E0,0.E0,-1.E0));
#12802=AXIS2_PLACEMENT_3D('',#12799,#12800,#12801);
#12803=CYLINDRICAL_SURFACE('',#12802,9.E-1);
#12804=ORIENTED_EDGE('',*,*,#10283,.T.);
#12806=ORIENTED_EDGE('',*,*,#12805,.F.);
#12807=ORIENTED_EDGE('',*,*,#11078,.F.);
#12809=ORIENTED_EDGE('',*,*,#12808,.T.);
#12810=EDGE_LOOP('',(#12804,#12806,#12807,#12809));
#12811=FACE_OUTER_BOUND('',#12810,.F.);
#12813=CARTESIAN_POINT('',(6.E0,-9.5E0,2.9E1));
#12814=DIRECTION('',(0.E0,1.E0,0.E0));
#12815=DIRECTION('',(0.E0,0.E0,-1.E0));
#12816=AXIS2_PLACEMENT_3D('',#12813,#12814,#12815);
#12817=CYLINDRICAL_SURFACE('',#12816,9.E-1);
#12818=ORIENTED_EDGE('',*,*,#10285,.T.);
#12819=ORIENTED_EDGE('',*,*,#12808,.F.);
#12820=ORIENTED_EDGE('',*,*,#11080,.F.);
#12821=ORIENTED_EDGE('',*,*,#12805,.T.);
#12822=EDGE_LOOP('',(#12818,#12819,#12820,#12821));
#12823=FACE_OUTER_BOUND('',#12822,.F.);
#12825=CARTESIAN_POINT('',(6.E0,-9.5E0,3.2E1));
#12826=DIRECTION('',(0.E0,1.E0,0.E0));
#12827=DIRECTION('',(0.E0,0.E0,-1.E0));
#12828=AXIS2_PLACEMENT_3D('',#12825,#12826,#12827);
#12829=CYLINDRICAL_SURFACE('',#12828,9.E-1);
#12830=ORIENTED_EDGE('',*,*,#10289,.T.);
#12832=ORIENTED_EDGE('',*,*,#12831,.F.);
#12833=ORIENTED_EDGE('',*,*,#11084,.F.);
#12835=ORIENTED_EDGE('',*,*,#12834,.T.);
#12836=EDGE_LOOP('',(#12830,#12832,#12833,#12835));
#12837=FACE_OUTER_BOUND('',#12836,.F.);
#12839=CARTESIAN_POINT('',(6.E0,-9.5E0,3.2E1));
#12840=DIRECTION('',(0.E0,1.E0,0.E0));
#12841=DIRECTION('',(0.E0,0.E0,-1.E0));
#12842=AXIS2_PLACEMENT_3D('',#12839,#12840,#12841);
#12843=CYLINDRICAL_SURFACE('',#12842,9.E-1);
#12844=ORIENTED_EDGE('',*,*,#10291,.T.);
#12845=ORIENTED_EDGE('',*,*,#12834,.F.);
#12846=ORIENTED_EDGE('',*,*,#11086,.F.);
#12847=ORIENTED_EDGE('',*,*,#12831,.T.);
#12848=EDGE_LOOP('',(#12844,#12845,#12846,#12847));
#12849=FACE_OUTER_BOUND('',#12848,.F.);
#12851=CARTESIAN_POINT('',(6.E0,-9.5E0,3.5E1));
#12852=DIRECTION('',(0.E0,1.E0,0.E0));
#12853=DIRECTION('',(0.E0,0.E0,-1.E0));
#12854=AXIS2_PLACEMENT_3D('',#12851,#12852,#12853);
#12855=CYLINDRICAL_SURFACE('',#12854,9.E-1);
#12856=ORIENTED_EDGE('',*,*,#10295,.T.);
#12858=ORIENTED_EDGE('',*,*,#12857,.F.);
#12859=ORIENTED_EDGE('',*,*,#11090,.F.);
#12861=ORIENTED_EDGE('',*,*,#12860,.T.);
#12862=EDGE_LOOP('',(#12856,#12858,#12859,#12861));
#12863=FACE_OUTER_BOUND('',#12862,.F.);
#12865=CARTESIAN_POINT('',(6.E0,-9.5E0,3.5E1));
#12866=DIRECTION('',(0.E0,1.E0,0.E0));
#12867=DIRECTION('',(0.E0,0.E0,-1.E0));
#12868=AXIS2_PLACEMENT_3D('',#12865,#12866,#12867);
#12869=CYLINDRICAL_SURFACE('',#12868,9.E-1);
#12870=ORIENTED_EDGE('',*,*,#10297,.T.);
#12871=ORIENTED_EDGE('',*,*,#12860,.F.);
#12872=ORIENTED_EDGE('',*,*,#11092,.F.);
#12873=ORIENTED_EDGE('',*,*,#12857,.T.);
#12874=EDGE_LOOP('',(#12870,#12871,#12872,#12873));
#12875=FACE_OUTER_BOUND('',#12874,.F.);
#12877=CARTESIAN_POINT('',(6.E0,-9.5E0,3.8E1));
#12878=DIRECTION('',(0.E0,1.E0,0.E0));
#12879=DIRECTION('',(0.E0,0.E0,-1.E0));
#12880=AXIS2_PLACEMENT_3D('',#12877,#12878,#12879);
#12881=CYLINDRICAL_SURFACE('',#12880,9.E-1);
#12882=ORIENTED_EDGE('',*,*,#10301,.T.);
#12884=ORIENTED_EDGE('',*,*,#12883,.F.);
#12885=ORIENTED_EDGE('',*,*,#11096,.F.);
#12887=ORIENTED_EDGE('',*,*,#12886,.T.);
#12888=EDGE_LOOP('',(#12882,#12884,#12885,#12887));
#12889=FACE_OUTER_BOUND('',#12888,.F.);
#12891=CARTESIAN_POINT('',(6.E0,-9.5E0,3.8E1));
#12892=DIRECTION('',(0.E0,1.E0,0.E0));
#12893=DIRECTION('',(0.E0,0.E0,-1.E0));
#12894=AXIS2_PLACEMENT_3D('',#12891,#12892,#12893);
#12895=CYLINDRICAL_SURFACE('',#12894,9.E-1);
#12896=ORIENTED_EDGE('',*,*,#10303,.T.);
#12897=ORIENTED_EDGE('',*,*,#12886,.F.);
#12898=ORIENTED_EDGE('',*,*,#11098,.F.);
#12899=ORIENTED_EDGE('',*,*,#12883,.T.);
#12900=EDGE_LOOP('',(#12896,#12897,#12898,#12899));
#12901=FACE_OUTER_BOUND('',#12900,.F.);
#12903=CARTESIAN_POINT('',(3.E0,-9.5E0,3.8E1));
#12904=DIRECTION('',(0.E0,1.E0,0.E0));
#12905=DIRECTION('',(0.E0,0.E0,-1.E0));
#12906=AXIS2_PLACEMENT_3D('',#12903,#12904,#12905);
#12907=CYLINDRICAL_SURFACE('',#12906,9.E-1);
#12908=ORIENTED_EDGE('',*,*,#10307,.T.);
#12910=ORIENTED_EDGE('',*,*,#12909,.F.);
#12911=ORIENTED_EDGE('',*,*,#11102,.F.);
#12913=ORIENTED_EDGE('',*,*,#12912,.T.);
#12914=EDGE_LOOP('',(#12908,#12910,#12911,#12913));
#12915=FACE_OUTER_BOUND('',#12914,.F.);
#12917=CARTESIAN_POINT('',(3.E0,-9.5E0,3.8E1));
#12918=DIRECTION('',(0.E0,1.E0,0.E0));
#12919=DIRECTION('',(0.E0,0.E0,-1.E0));
#12920=AXIS2_PLACEMENT_3D('',#12917,#12918,#12919);
#12921=CYLINDRICAL_SURFACE('',#12920,9.E-1);
#12922=ORIENTED_EDGE('',*,*,#10309,.T.);
#12923=ORIENTED_EDGE('',*,*,#12912,.F.);
#12924=ORIENTED_EDGE('',*,*,#11104,.F.);
#12925=ORIENTED_EDGE('',*,*,#12909,.T.);
#12926=EDGE_LOOP('',(#12922,#12923,#12924,#12925));
#12927=FACE_OUTER_BOUND('',#12926,.F.);
#12929=CARTESIAN_POINT('',(0.E0,-9.5E0,3.8E1));
#12930=DIRECTION('',(0.E0,1.E0,0.E0));
#12931=DIRECTION('',(0.E0,0.E0,-1.E0));
#12932=AXIS2_PLACEMENT_3D('',#12929,#12930,#12931);
#12933=CYLINDRICAL_SURFACE('',#12932,9.E-1);
#12934=ORIENTED_EDGE('',*,*,#10313,.T.);
#12936=ORIENTED_EDGE('',*,*,#12935,.F.);
#12937=ORIENTED_EDGE('',*,*,#11108,.F.);
#12939=ORIENTED_EDGE('',*,*,#12938,.T.);
#12940=EDGE_LOOP('',(#12934,#12936,#12937,#12939));
#12941=FACE_OUTER_BOUND('',#12940,.F.);
#12943=CARTESIAN_POINT('',(0.E0,-9.5E0,3.8E1));
#12944=DIRECTION('',(0.E0,1.E0,0.E0));
#12945=DIRECTION('',(0.E0,0.E0,-1.E0));
#12946=AXIS2_PLACEMENT_3D('',#12943,#12944,#12945);
#12947=CYLINDRICAL_SURFACE('',#12946,9.E-1);
#12948=ORIENTED_EDGE('',*,*,#10315,.T.);
#12949=ORIENTED_EDGE('',*,*,#12938,.F.);
#12950=ORIENTED_EDGE('',*,*,#11110,.F.);
#12951=ORIENTED_EDGE('',*,*,#12935,.T.);
#12952=EDGE_LOOP('',(#12948,#12949,#12950,#12951));
#12953=FACE_OUTER_BOUND('',#12952,.F.);
#12955=CARTESIAN_POINT('',(-3.E0,-9.5E0,3.8E1));
#12956=DIRECTION('',(0.E0,1.E0,0.E0));
#12957=DIRECTION('',(0.E0,0.E0,-1.E0));
#12958=AXIS2_PLACEMENT_3D('',#12955,#12956,#12957);
#12959=CYLINDRICAL_SURFACE('',#12958,9.E-1);
#12960=ORIENTED_EDGE('',*,*,#10319,.T.);
#12962=ORIENTED_EDGE('',*,*,#12961,.F.);
#12963=ORIENTED_EDGE('',*,*,#11114,.F.);
#12965=ORIENTED_EDGE('',*,*,#12964,.T.);
#12966=EDGE_LOOP('',(#12960,#12962,#12963,#12965));
#12967=FACE_OUTER_BOUND('',#12966,.F.);
#12969=CARTESIAN_POINT('',(-3.E0,-9.5E0,3.8E1));
#12970=DIRECTION('',(0.E0,1.E0,0.E0));
#12971=DIRECTION('',(0.E0,0.E0,-1.E0));
#12972=AXIS2_PLACEMENT_3D('',#12969,#12970,#12971);
#12973=CYLINDRICAL_SURFACE('',#12972,9.E-1);
#12974=ORIENTED_EDGE('',*,*,#10321,.T.);
#12975=ORIENTED_EDGE('',*,*,#12964,.F.);
#12976=ORIENTED_EDGE('',*,*,#11116,.F.);
#12977=ORIENTED_EDGE('',*,*,#12961,.T.);
#12978=EDGE_LOOP('',(#12974,#12975,#12976,#12977));
#12979=FACE_OUTER_BOUND('',#12978,.F.);
#12981=CARTESIAN_POINT('',(-6.E0,-9.5E0,3.8E1));
#12982=DIRECTION('',(0.E0,1.E0,0.E0));
#12983=DIRECTION('',(0.E0,0.E0,-1.E0));
#12984=AXIS2_PLACEMENT_3D('',#12981,#12982,#12983);
#12985=CYLINDRICAL_SURFACE('',#12984,9.E-1);
#12986=ORIENTED_EDGE('',*,*,#10325,.T.);
#12988=ORIENTED_EDGE('',*,*,#12987,.F.);
#12989=ORIENTED_EDGE('',*,*,#11120,.F.);
#12991=ORIENTED_EDGE('',*,*,#12990,.T.);
#12992=EDGE_LOOP('',(#12986,#12988,#12989,#12991));
#12993=FACE_OUTER_BOUND('',#12992,.F.);
#12995=CARTESIAN_POINT('',(-6.E0,-9.5E0,3.8E1));
#12996=DIRECTION('',(0.E0,1.E0,0.E0));
#12997=DIRECTION('',(0.E0,0.E0,-1.E0));
#12998=AXIS2_PLACEMENT_3D('',#12995,#12996,#12997);
#12999=CYLINDRICAL_SURFACE('',#12998,9.E-1);
#13000=ORIENTED_EDGE('',*,*,#10327,.T.);
#13001=ORIENTED_EDGE('',*,*,#12990,.F.);
#13002=ORIENTED_EDGE('',*,*,#11122,.F.);
#13003=ORIENTED_EDGE('',*,*,#12987,.T.);
#13004=EDGE_LOOP('',(#13000,#13001,#13002,#13003));
#13005=FACE_OUTER_BOUND('',#13004,.F.);
#13007=CARTESIAN_POINT('',(-6.E0,-9.5E0,3.5E1));
#13008=DIRECTION('',(0.E0,1.E0,0.E0));
#13009=DIRECTION('',(0.E0,0.E0,-1.E0));
#13010=AXIS2_PLACEMENT_3D('',#13007,#13008,#13009);
#13011=CYLINDRICAL_SURFACE('',#13010,9.E-1);
#13012=ORIENTED_EDGE('',*,*,#10331,.T.);
#13014=ORIENTED_EDGE('',*,*,#13013,.F.);
#13015=ORIENTED_EDGE('',*,*,#11126,.F.);
#13017=ORIENTED_EDGE('',*,*,#13016,.T.);
#13018=EDGE_LOOP('',(#13012,#13014,#13015,#13017));
#13019=FACE_OUTER_BOUND('',#13018,.F.);
#13021=CARTESIAN_POINT('',(-6.E0,-9.5E0,3.5E1));
#13022=DIRECTION('',(0.E0,1.E0,0.E0));
#13023=DIRECTION('',(0.E0,0.E0,-1.E0));
#13024=AXIS2_PLACEMENT_3D('',#13021,#13022,#13023);
#13025=CYLINDRICAL_SURFACE('',#13024,9.E-1);
#13026=ORIENTED_EDGE('',*,*,#10333,.T.);
#13027=ORIENTED_EDGE('',*,*,#13016,.F.);
#13028=ORIENTED_EDGE('',*,*,#11128,.F.);
#13029=ORIENTED_EDGE('',*,*,#13013,.T.);
#13030=EDGE_LOOP('',(#13026,#13027,#13028,#13029));
#13031=FACE_OUTER_BOUND('',#13030,.F.);
#13033=CARTESIAN_POINT('',(-6.E0,-9.5E0,3.2E1));
#13034=DIRECTION('',(0.E0,1.E0,0.E0));
#13035=DIRECTION('',(0.E0,0.E0,-1.E0));
#13036=AXIS2_PLACEMENT_3D('',#13033,#13034,#13035);
#13037=CYLINDRICAL_SURFACE('',#13036,9.E-1);
#13038=ORIENTED_EDGE('',*,*,#10337,.T.);
#13040=ORIENTED_EDGE('',*,*,#13039,.F.);
#13041=ORIENTED_EDGE('',*,*,#11132,.F.);
#13043=ORIENTED_EDGE('',*,*,#13042,.T.);
#13044=EDGE_LOOP('',(#13038,#13040,#13041,#13043));
#13045=FACE_OUTER_BOUND('',#13044,.F.);
#13047=CARTESIAN_POINT('',(-6.E0,-9.5E0,3.2E1));
#13048=DIRECTION('',(0.E0,1.E0,0.E0));
#13049=DIRECTION('',(0.E0,0.E0,-1.E0));
#13050=AXIS2_PLACEMENT_3D('',#13047,#13048,#13049);
#13051=CYLINDRICAL_SURFACE('',#13050,9.E-1);
#13052=ORIENTED_EDGE('',*,*,#10339,.T.);
#13053=ORIENTED_EDGE('',*,*,#13042,.F.);
#13054=ORIENTED_EDGE('',*,*,#11134,.F.);
#13055=ORIENTED_EDGE('',*,*,#13039,.T.);
#13056=EDGE_LOOP('',(#13052,#13053,#13054,#13055));
#13057=FACE_OUTER_BOUND('',#13056,.F.);
#13059=CARTESIAN_POINT('',(-6.E0,-9.5E0,2.9E1));
#13060=DIRECTION('',(0.E0,1.E0,0.E0));
#13061=DIRECTION('',(0.E0,0.E0,-1.E0));
#13062=AXIS2_PLACEMENT_3D('',#13059,#13060,#13061);
#13063=CYLINDRICAL_SURFACE('',#13062,9.E-1);
#13064=ORIENTED_EDGE('',*,*,#10343,.T.);
#13066=ORIENTED_EDGE('',*,*,#13065,.F.);
#13067=ORIENTED_EDGE('',*,*,#11138,.F.);
#13069=ORIENTED_EDGE('',*,*,#13068,.T.);
#13070=EDGE_LOOP('',(#13064,#13066,#13067,#13069));
#13071=FACE_OUTER_BOUND('',#13070,.F.);
#13073=CARTESIAN_POINT('',(-6.E0,-9.5E0,2.9E1));
#13074=DIRECTION('',(0.E0,1.E0,0.E0));
#13075=DIRECTION('',(0.E0,0.E0,-1.E0));
#13076=AXIS2_PLACEMENT_3D('',#13073,#13074,#13075);
#13077=CYLINDRICAL_SURFACE('',#13076,9.E-1);
#13078=ORIENTED_EDGE('',*,*,#10345,.T.);
#13079=ORIENTED_EDGE('',*,*,#13068,.F.);
#13080=ORIENTED_EDGE('',*,*,#11140,.F.);
#13081=ORIENTED_EDGE('',*,*,#13065,.T.);
#13082=EDGE_LOOP('',(#13078,#13079,#13080,#13081));
#13083=FACE_OUTER_BOUND('',#13082,.F.);
#13085=CARTESIAN_POINT('',(-6.E0,-9.5E0,2.6E1));
#13086=DIRECTION('',(0.E0,1.E0,0.E0));
#13087=DIRECTION('',(0.E0,0.E0,-1.E0));
#13088=AXIS2_PLACEMENT_3D('',#13085,#13086,#13087);
#13089=CYLINDRICAL_SURFACE('',#13088,9.E-1);
#13090=ORIENTED_EDGE('',*,*,#10349,.T.);
#13092=ORIENTED_EDGE('',*,*,#13091,.F.);
#13093=ORIENTED_EDGE('',*,*,#11144,.F.);
#13095=ORIENTED_EDGE('',*,*,#13094,.T.);
#13096=EDGE_LOOP('',(#13090,#13092,#13093,#13095));
#13097=FACE_OUTER_BOUND('',#13096,.F.);
#13099=CARTESIAN_POINT('',(-6.E0,-9.5E0,2.6E1));
#13100=DIRECTION('',(0.E0,1.E0,0.E0));
#13101=DIRECTION('',(0.E0,0.E0,-1.E0));
#13102=AXIS2_PLACEMENT_3D('',#13099,#13100,#13101);
#13103=CYLINDRICAL_SURFACE('',#13102,9.E-1);
#13104=ORIENTED_EDGE('',*,*,#10351,.T.);
#13105=ORIENTED_EDGE('',*,*,#13094,.F.);
#13106=ORIENTED_EDGE('',*,*,#11146,.F.);
#13107=ORIENTED_EDGE('',*,*,#13091,.T.);
#13108=EDGE_LOOP('',(#13104,#13105,#13106,#13107));
#13109=FACE_OUTER_BOUND('',#13108,.F.);
#13111=CARTESIAN_POINT('',(9.E0,-9.5E0,2.6E1));
#13112=DIRECTION('',(0.E0,1.E0,0.E0));
#13113=DIRECTION('',(0.E0,0.E0,-1.E0));
#13114=AXIS2_PLACEMENT_3D('',#13111,#13112,#13113);
#13115=CYLINDRICAL_SURFACE('',#13114,9.E-1);
#13116=ORIENTED_EDGE('',*,*,#10355,.T.);
#13118=ORIENTED_EDGE('',*,*,#13117,.F.);
#13119=ORIENTED_EDGE('',*,*,#11150,.F.);
#13121=ORIENTED_EDGE('',*,*,#13120,.T.);
#13122=EDGE_LOOP('',(#13116,#13118,#13119,#13121));
#13123=FACE_OUTER_BOUND('',#13122,.F.);
#13125=CARTESIAN_POINT('',(9.E0,-9.5E0,2.6E1));
#13126=DIRECTION('',(0.E0,1.E0,0.E0));
#13127=DIRECTION('',(0.E0,0.E0,-1.E0));
#13128=AXIS2_PLACEMENT_3D('',#13125,#13126,#13127);
#13129=CYLINDRICAL_SURFACE('',#13128,9.E-1);
#13130=ORIENTED_EDGE('',*,*,#10357,.T.);
#13131=ORIENTED_EDGE('',*,*,#13120,.F.);
#13132=ORIENTED_EDGE('',*,*,#11152,.F.);
#13133=ORIENTED_EDGE('',*,*,#13117,.T.);
#13134=EDGE_LOOP('',(#13130,#13131,#13132,#13133));
#13135=FACE_OUTER_BOUND('',#13134,.F.);
#13137=CARTESIAN_POINT('',(9.E0,-9.5E0,2.9E1));
#13138=DIRECTION('',(0.E0,1.E0,0.E0));
#13139=DIRECTION('',(0.E0,0.E0,-1.E0));
#13140=AXIS2_PLACEMENT_3D('',#13137,#13138,#13139);
#13141=CYLINDRICAL_SURFACE('',#13140,9.E-1);
#13142=ORIENTED_EDGE('',*,*,#10361,.T.);
#13144=ORIENTED_EDGE('',*,*,#13143,.F.);
#13145=ORIENTED_EDGE('',*,*,#11156,.F.);
#13147=ORIENTED_EDGE('',*,*,#13146,.T.);
#13148=EDGE_LOOP('',(#13142,#13144,#13145,#13147));
#13149=FACE_OUTER_BOUND('',#13148,.F.);
#13151=CARTESIAN_POINT('',(9.E0,-9.5E0,2.9E1));
#13152=DIRECTION('',(0.E0,1.E0,0.E0));
#13153=DIRECTION('',(0.E0,0.E0,-1.E0));
#13154=AXIS2_PLACEMENT_3D('',#13151,#13152,#13153);
#13155=CYLINDRICAL_SURFACE('',#13154,9.E-1);
#13156=ORIENTED_EDGE('',*,*,#10363,.T.);
#13157=ORIENTED_EDGE('',*,*,#13146,.F.);
#13158=ORIENTED_EDGE('',*,*,#11158,.F.);
#13159=ORIENTED_EDGE('',*,*,#13143,.T.);
#13160=EDGE_LOOP('',(#13156,#13157,#13158,#13159));
#13161=FACE_OUTER_BOUND('',#13160,.F.);
#13163=CARTESIAN_POINT('',(9.E0,-9.5E0,3.2E1));
#13164=DIRECTION('',(0.E0,1.E0,0.E0));
#13165=DIRECTION('',(0.E0,0.E0,-1.E0));
#13166=AXIS2_PLACEMENT_3D('',#13163,#13164,#13165);
#13167=CYLINDRICAL_SURFACE('',#13166,9.E-1);
#13168=ORIENTED_EDGE('',*,*,#10367,.T.);
#13170=ORIENTED_EDGE('',*,*,#13169,.F.);
#13171=ORIENTED_EDGE('',*,*,#11162,.F.);
#13173=ORIENTED_EDGE('',*,*,#13172,.T.);
#13174=EDGE_LOOP('',(#13168,#13170,#13171,#13173));
#13175=FACE_OUTER_BOUND('',#13174,.F.);
#13177=CARTESIAN_POINT('',(9.E0,-9.5E0,3.2E1));
#13178=DIRECTION('',(0.E0,1.E0,0.E0));
#13179=DIRECTION('',(0.E0,0.E0,-1.E0));
#13180=AXIS2_PLACEMENT_3D('',#13177,#13178,#13179);
#13181=CYLINDRICAL_SURFACE('',#13180,9.E-1);
#13182=ORIENTED_EDGE('',*,*,#10369,.T.);
#13183=ORIENTED_EDGE('',*,*,#13172,.F.);
#13184=ORIENTED_EDGE('',*,*,#11164,.F.);
#13185=ORIENTED_EDGE('',*,*,#13169,.T.);
#13186=EDGE_LOOP('',(#13182,#13183,#13184,#13185));
#13187=FACE_OUTER_BOUND('',#13186,.F.);
#13189=CARTESIAN_POINT('',(9.E0,-9.5E0,3.5E1));
#13190=DIRECTION('',(0.E0,1.E0,0.E0));
#13191=DIRECTION('',(0.E0,0.E0,-1.E0));
#13192=AXIS2_PLACEMENT_3D('',#13189,#13190,#13191);
#13193=CYLINDRICAL_SURFACE('',#13192,9.E-1);
#13194=ORIENTED_EDGE('',*,*,#10373,.T.);
#13196=ORIENTED_EDGE('',*,*,#13195,.F.);
#13197=ORIENTED_EDGE('',*,*,#11168,.F.);
#13199=ORIENTED_EDGE('',*,*,#13198,.T.);
#13200=EDGE_LOOP('',(#13194,#13196,#13197,#13199));
#13201=FACE_OUTER_BOUND('',#13200,.F.);
#13203=CARTESIAN_POINT('',(9.E0,-9.5E0,3.5E1));
#13204=DIRECTION('',(0.E0,1.E0,0.E0));
#13205=DIRECTION('',(0.E0,0.E0,-1.E0));
#13206=AXIS2_PLACEMENT_3D('',#13203,#13204,#13205);
#13207=CYLINDRICAL_SURFACE('',#13206,9.E-1);
#13208=ORIENTED_EDGE('',*,*,#10375,.T.);
#13209=ORIENTED_EDGE('',*,*,#13198,.F.);
#13210=ORIENTED_EDGE('',*,*,#11170,.F.);
#13211=ORIENTED_EDGE('',*,*,#13195,.T.);
#13212=EDGE_LOOP('',(#13208,#13209,#13210,#13211));
#13213=FACE_OUTER_BOUND('',#13212,.F.);
#13215=CARTESIAN_POINT('',(9.E0,-9.5E0,3.8E1));
#13216=DIRECTION('',(0.E0,1.E0,0.E0));
#13217=DIRECTION('',(0.E0,0.E0,-1.E0));
#13218=AXIS2_PLACEMENT_3D('',#13215,#13216,#13217);
#13219=CYLINDRICAL_SURFACE('',#13218,9.E-1);
#13220=ORIENTED_EDGE('',*,*,#10379,.T.);
#13222=ORIENTED_EDGE('',*,*,#13221,.F.);
#13223=ORIENTED_EDGE('',*,*,#11174,.F.);
#13225=ORIENTED_EDGE('',*,*,#13224,.T.);
#13226=EDGE_LOOP('',(#13220,#13222,#13223,#13225));
#13227=FACE_OUTER_BOUND('',#13226,.F.);
#13229=CARTESIAN_POINT('',(9.E0,-9.5E0,3.8E1));
#13230=DIRECTION('',(0.E0,1.E0,0.E0));
#13231=DIRECTION('',(0.E0,0.E0,-1.E0));
#13232=AXIS2_PLACEMENT_3D('',#13229,#13230,#13231);
#13233=CYLINDRICAL_SURFACE('',#13232,9.E-1);
#13234=ORIENTED_EDGE('',*,*,#10381,.T.);
#13235=ORIENTED_EDGE('',*,*,#13224,.F.);
#13236=ORIENTED_EDGE('',*,*,#11176,.F.);
#13237=ORIENTED_EDGE('',*,*,#13221,.T.);
#13238=EDGE_LOOP('',(#13234,#13235,#13236,#13237));
#13239=FACE_OUTER_BOUND('',#13238,.F.);
#13241=CARTESIAN_POINT('',(-9.E0,-9.5E0,3.8E1));
#13242=DIRECTION('',(0.E0,1.E0,0.E0));
#13243=DIRECTION('',(0.E0,0.E0,-1.E0));
#13244=AXIS2_PLACEMENT_3D('',#13241,#13242,#13243);
#13245=CYLINDRICAL_SURFACE('',#13244,9.E-1);
#13246=ORIENTED_EDGE('',*,*,#10385,.T.);
#13248=ORIENTED_EDGE('',*,*,#13247,.F.);
#13249=ORIENTED_EDGE('',*,*,#11180,.F.);
#13251=ORIENTED_EDGE('',*,*,#13250,.T.);
#13252=EDGE_LOOP('',(#13246,#13248,#13249,#13251));
#13253=FACE_OUTER_BOUND('',#13252,.F.);
#13255=CARTESIAN_POINT('',(-9.E0,-9.5E0,3.8E1));
#13256=DIRECTION('',(0.E0,1.E0,0.E0));
#13257=DIRECTION('',(0.E0,0.E0,-1.E0));
#13258=AXIS2_PLACEMENT_3D('',#13255,#13256,#13257);
#13259=CYLINDRICAL_SURFACE('',#13258,9.E-1);
#13260=ORIENTED_EDGE('',*,*,#10387,.T.);
#13261=ORIENTED_EDGE('',*,*,#13250,.F.);
#13262=ORIENTED_EDGE('',*,*,#11182,.F.);
#13263=ORIENTED_EDGE('',*,*,#13247,.T.);
#13264=EDGE_LOOP('',(#13260,#13261,#13262,#13263));
#13265=FACE_OUTER_BOUND('',#13264,.F.);
#13267=CARTESIAN_POINT('',(-9.E0,-9.5E0,3.5E1));
#13268=DIRECTION('',(0.E0,1.E0,0.E0));
#13269=DIRECTION('',(0.E0,0.E0,-1.E0));
#13270=AXIS2_PLACEMENT_3D('',#13267,#13268,#13269);
#13271=CYLINDRICAL_SURFACE('',#13270,9.E-1);
#13272=ORIENTED_EDGE('',*,*,#10391,.T.);
#13274=ORIENTED_EDGE('',*,*,#13273,.F.);
#13275=ORIENTED_EDGE('',*,*,#11186,.F.);
#13277=ORIENTED_EDGE('',*,*,#13276,.T.);
#13278=EDGE_LOOP('',(#13272,#13274,#13275,#13277));
#13279=FACE_OUTER_BOUND('',#13278,.F.);
#13281=CARTESIAN_POINT('',(-9.E0,-9.5E0,3.5E1));
#13282=DIRECTION('',(0.E0,1.E0,0.E0));
#13283=DIRECTION('',(0.E0,0.E0,-1.E0));
#13284=AXIS2_PLACEMENT_3D('',#13281,#13282,#13283);
#13285=CYLINDRICAL_SURFACE('',#13284,9.E-1);
#13286=ORIENTED_EDGE('',*,*,#10393,.T.);
#13287=ORIENTED_EDGE('',*,*,#13276,.F.);
#13288=ORIENTED_EDGE('',*,*,#11188,.F.);
#13289=ORIENTED_EDGE('',*,*,#13273,.T.);
#13290=EDGE_LOOP('',(#13286,#13287,#13288,#13289));
#13291=FACE_OUTER_BOUND('',#13290,.F.);
#13293=CARTESIAN_POINT('',(-9.E0,-9.5E0,3.2E1));
#13294=DIRECTION('',(0.E0,1.E0,0.E0));
#13295=DIRECTION('',(0.E0,0.E0,-1.E0));
#13296=AXIS2_PLACEMENT_3D('',#13293,#13294,#13295);
#13297=CYLINDRICAL_SURFACE('',#13296,9.E-1);
#13298=ORIENTED_EDGE('',*,*,#10397,.T.);
#13300=ORIENTED_EDGE('',*,*,#13299,.F.);
#13301=ORIENTED_EDGE('',*,*,#11192,.F.);
#13303=ORIENTED_EDGE('',*,*,#13302,.T.);
#13304=EDGE_LOOP('',(#13298,#13300,#13301,#13303));
#13305=FACE_OUTER_BOUND('',#13304,.F.);
#13307=CARTESIAN_POINT('',(-9.E0,-9.5E0,3.2E1));
#13308=DIRECTION('',(0.E0,1.E0,0.E0));
#13309=DIRECTION('',(0.E0,0.E0,-1.E0));
#13310=AXIS2_PLACEMENT_3D('',#13307,#13308,#13309);
#13311=CYLINDRICAL_SURFACE('',#13310,9.E-1);
#13312=ORIENTED_EDGE('',*,*,#10399,.T.);
#13313=ORIENTED_EDGE('',*,*,#13302,.F.);
#13314=ORIENTED_EDGE('',*,*,#11194,.F.);
#13315=ORIENTED_EDGE('',*,*,#13299,.T.);
#13316=EDGE_LOOP('',(#13312,#13313,#13314,#13315));
#13317=FACE_OUTER_BOUND('',#13316,.F.);
#13319=CARTESIAN_POINT('',(-9.E0,-9.5E0,2.9E1));
#13320=DIRECTION('',(0.E0,1.E0,0.E0));
#13321=DIRECTION('',(0.E0,0.E0,-1.E0));
#13322=AXIS2_PLACEMENT_3D('',#13319,#13320,#13321);
#13323=CYLINDRICAL_SURFACE('',#13322,9.E-1);
#13324=ORIENTED_EDGE('',*,*,#10403,.T.);
#13326=ORIENTED_EDGE('',*,*,#13325,.F.);
#13327=ORIENTED_EDGE('',*,*,#11198,.F.);
#13329=ORIENTED_EDGE('',*,*,#13328,.T.);
#13330=EDGE_LOOP('',(#13324,#13326,#13327,#13329));
#13331=FACE_OUTER_BOUND('',#13330,.F.);
#13333=CARTESIAN_POINT('',(-9.E0,-9.5E0,2.9E1));
#13334=DIRECTION('',(0.E0,1.E0,0.E0));
#13335=DIRECTION('',(0.E0,0.E0,-1.E0));
#13336=AXIS2_PLACEMENT_3D('',#13333,#13334,#13335);
#13337=CYLINDRICAL_SURFACE('',#13336,9.E-1);
#13338=ORIENTED_EDGE('',*,*,#10405,.T.);
#13339=ORIENTED_EDGE('',*,*,#13328,.F.);
#13340=ORIENTED_EDGE('',*,*,#11200,.F.);
#13341=ORIENTED_EDGE('',*,*,#13325,.T.);
#13342=EDGE_LOOP('',(#13338,#13339,#13340,#13341));
#13343=FACE_OUTER_BOUND('',#13342,.F.);
#13345=CARTESIAN_POINT('',(-9.E0,-9.5E0,2.6E1));
#13346=DIRECTION('',(0.E0,1.E0,0.E0));
#13347=DIRECTION('',(0.E0,0.E0,-1.E0));
#13348=AXIS2_PLACEMENT_3D('',#13345,#13346,#13347);
#13349=CYLINDRICAL_SURFACE('',#13348,9.E-1);
#13350=ORIENTED_EDGE('',*,*,#10409,.T.);
#13352=ORIENTED_EDGE('',*,*,#13351,.F.);
#13353=ORIENTED_EDGE('',*,*,#11204,.F.);
#13355=ORIENTED_EDGE('',*,*,#13354,.T.);
#13356=EDGE_LOOP('',(#13350,#13352,#13353,#13355));
#13357=FACE_OUTER_BOUND('',#13356,.F.);
#13359=CARTESIAN_POINT('',(-9.E0,-9.5E0,2.6E1));
#13360=DIRECTION('',(0.E0,1.E0,0.E0));
#13361=DIRECTION('',(0.E0,0.E0,-1.E0));
#13362=AXIS2_PLACEMENT_3D('',#13359,#13360,#13361);
#13363=CYLINDRICAL_SURFACE('',#13362,9.E-1);
#13364=ORIENTED_EDGE('',*,*,#10411,.T.);
#13365=ORIENTED_EDGE('',*,*,#13354,.F.);
#13366=ORIENTED_EDGE('',*,*,#11206,.F.);
#13367=ORIENTED_EDGE('',*,*,#13351,.T.);
#13368=EDGE_LOOP('',(#13364,#13365,#13366,#13367));
#13369=FACE_OUTER_BOUND('',#13368,.F.);
#13371=CARTESIAN_POINT('',(1.2E1,-9.5E0,3.2E1));
#13372=DIRECTION('',(0.E0,1.E0,0.E0));
#13373=DIRECTION('',(0.E0,0.E0,-1.E0));
#13374=AXIS2_PLACEMENT_3D('',#13371,#13372,#13373);
#13375=CYLINDRICAL_SURFACE('',#13374,9.E-1);
#13376=ORIENTED_EDGE('',*,*,#10421,.T.);
#13378=ORIENTED_EDGE('',*,*,#13377,.F.);
#13379=ORIENTED_EDGE('',*,*,#11210,.F.);
#13381=ORIENTED_EDGE('',*,*,#13380,.T.);
#13382=EDGE_LOOP('',(#13376,#13378,#13379,#13381));
#13383=FACE_OUTER_BOUND('',#13382,.F.);
#13385=CARTESIAN_POINT('',(1.2E1,-9.5E0,3.2E1));
#13386=DIRECTION('',(0.E0,1.E0,0.E0));
#13387=DIRECTION('',(0.E0,0.E0,-1.E0));
#13388=AXIS2_PLACEMENT_3D('',#13385,#13386,#13387);
#13389=CYLINDRICAL_SURFACE('',#13388,9.E-1);
#13390=ORIENTED_EDGE('',*,*,#10423,.T.);
#13391=ORIENTED_EDGE('',*,*,#13380,.F.);
#13392=ORIENTED_EDGE('',*,*,#11212,.F.);
#13393=ORIENTED_EDGE('',*,*,#13377,.T.);
#13394=EDGE_LOOP('',(#13390,#13391,#13392,#13393));
#13395=FACE_OUTER_BOUND('',#13394,.F.);
#13397=CARTESIAN_POINT('',(-1.2E1,-9.5E0,3.2E1));
#13398=DIRECTION('',(0.E0,1.E0,0.E0));
#13399=DIRECTION('',(0.E0,0.E0,-1.E0));
#13400=AXIS2_PLACEMENT_3D('',#13397,#13398,#13399);
#13401=CYLINDRICAL_SURFACE('',#13400,9.E-1);
#13402=ORIENTED_EDGE('',*,*,#10439,.T.);
#13404=ORIENTED_EDGE('',*,*,#13403,.F.);
#13405=ORIENTED_EDGE('',*,*,#11216,.F.);
#13407=ORIENTED_EDGE('',*,*,#13406,.T.);
#13408=EDGE_LOOP('',(#13402,#13404,#13405,#13407));
#13409=FACE_OUTER_BOUND('',#13408,.F.);
#13411=CARTESIAN_POINT('',(-1.2E1,-9.5E0,3.2E1));
#13412=DIRECTION('',(0.E0,1.E0,0.E0));
#13413=DIRECTION('',(0.E0,0.E0,-1.E0));
#13414=AXIS2_PLACEMENT_3D('',#13411,#13412,#13413);
#13415=CYLINDRICAL_SURFACE('',#13414,9.E-1);
#13416=ORIENTED_EDGE('',*,*,#10441,.T.);
#13417=ORIENTED_EDGE('',*,*,#13406,.F.);
#13418=ORIENTED_EDGE('',*,*,#11218,.F.);
#13419=ORIENTED_EDGE('',*,*,#13403,.T.);
#13420=EDGE_LOOP('',(#13416,#13417,#13418,#13419));
#13421=FACE_OUTER_BOUND('',#13420,.F.);
#13423=CARTESIAN_POINT('',(-2.75E1,-3.E0,-4.1E1));
#13424=DIRECTION('',(0.E0,0.E0,1.E0));
#13425=DIRECTION('',(1.E0,0.E0,0.E0));
#13426=AXIS2_PLACEMENT_3D('',#13423,#13424,#13425);
#13427=PLANE('',#13426);
#13428=ORIENTED_EDGE('',*,*,#11230,.F.);
#13429=ORIENTED_EDGE('',*,*,#10902,.T.);
#13430=ORIENTED_EDGE('',*,*,#10865,.T.);
#13432=ORIENTED_EDGE('',*,*,#13431,.F.);
#13433=EDGE_LOOP('',(#13428,#13429,#13430,#13432));
#13434=FACE_OUTER_BOUND('',#13433,.F.);
#13436=CARTESIAN_POINT('',(-2.4E1,-9.5E0,-4.2E1));
#13437=DIRECTION('',(0.E0,1.E0,0.E0));
#13438=DIRECTION('',(-1.E0,0.E0,0.E0));
#13439=AXIS2_PLACEMENT_3D('',#13436,#13437,#13438);
#13440=CYLINDRICAL_SURFACE('',#13439,3.4E0);
#13441=ORIENTED_EDGE('',*,*,#10863,.F.);
#13443=ORIENTED_EDGE('',*,*,#13442,.T.);
#13445=ORIENTED_EDGE('',*,*,#13444,.T.);
#13447=ORIENTED_EDGE('',*,*,#13446,.F.);
#13448=ORIENTED_EDGE('',*,*,#11232,.F.);
#13449=ORIENTED_EDGE('',*,*,#13431,.T.);
#13450=EDGE_LOOP('',(#13441,#13443,#13445,#13447,#13448,#13449));
#13451=FACE_OUTER_BOUND('',#13450,.F.);
#13453=CARTESIAN_POINT('',(-2.4E1,-9.5E0,-4.2E1));
#13454=DIRECTION('',(0.E0,1.E0,0.E0));
#13455=DIRECTION('',(-1.E0,0.E0,0.E0));
#13456=AXIS2_PLACEMENT_3D('',#13453,#13454,#13455);
#13457=CYLINDRICAL_SURFACE('',#13456,3.4E0);
#13458=ORIENTED_EDGE('',*,*,#10849,.F.);
#13460=ORIENTED_EDGE('',*,*,#13459,.F.);
#13461=ORIENTED_EDGE('',*,*,#11234,.F.);
#13462=ORIENTED_EDGE('',*,*,#13446,.T.);
#13464=ORIENTED_EDGE('',*,*,#13463,.T.);
#13465=ORIENTED_EDGE('',*,*,#13442,.F.);
#13466=ORIENTED_EDGE('',*,*,#10861,.F.);
#13468=ORIENTED_EDGE('',*,*,#13467,.F.);
#13469=ORIENTED_EDGE('',*,*,#11330,.F.);
#13471=ORIENTED_EDGE('',*,*,#13470,.T.);
#13472=EDGE_LOOP('',(#13458,#13460,#13461,#13462,#13464,#13465,#13466,#13468,
#13469,#13471));
#13473=FACE_OUTER_BOUND('',#13472,.F.);
#13475=CARTESIAN_POINT('',(-2.3E1,-3.E0,-4.524961536185E1));
#13476=DIRECTION('',(1.E0,0.E0,0.E0));
#13477=DIRECTION('',(0.E0,0.E0,-1.E0));
#13478=AXIS2_PLACEMENT_3D('',#13475,#13476,#13477);
#13479=PLANE('',#13478);
#13480=ORIENTED_EDGE('',*,*,#11236,.T.);
#13481=ORIENTED_EDGE('',*,*,#13459,.T.);
#13482=ORIENTED_EDGE('',*,*,#10847,.T.);
#13484=ORIENTED_EDGE('',*,*,#13483,.F.);
#13485=EDGE_LOOP('',(#13480,#13481,#13482,#13484));
#13486=FACE_OUTER_BOUND('',#13485,.F.);
#13488=CARTESIAN_POINT('',(2.7E1,0.E0,-4.55E1));
#13489=DIRECTION('',(0.E0,0.E0,-1.E0));
#13490=DIRECTION('',(-1.E0,0.E0,0.E0));
#13491=AXIS2_PLACEMENT_3D('',#13488,#13489,#13490);
#13492=PLANE('',#13491);
#13493=ORIENTED_EDGE('',*,*,#13483,.T.);
#13494=ORIENTED_EDGE('',*,*,#10845,.F.);
#13496=ORIENTED_EDGE('',*,*,#13495,.F.);
#13497=ORIENTED_EDGE('',*,*,#11238,.F.);
#13498=EDGE_LOOP('',(#13493,#13494,#13496,#13497));
#13499=FACE_OUTER_BOUND('',#13498,.F.);
#13501=CARTESIAN_POINT('',(2.7E1,0.E0,-4.55E1));
#13502=DIRECTION('',(0.E0,0.E0,-1.E0));
#13503=DIRECTION('',(-1.E0,0.E0,0.E0));
#13504=AXIS2_PLACEMENT_3D('',#13501,#13502,#13503);
#13505=PLANE('',#13504);
#13507=ORIENTED_EDGE('',*,*,#13506,.F.);
#13508=ORIENTED_EDGE('',*,*,#11326,.F.);
#13510=ORIENTED_EDGE('',*,*,#13509,.F.);
#13511=ORIENTED_EDGE('',*,*,#10853,.F.);
#13512=EDGE_LOOP('',(#13507,#13508,#13510,#13511));
#13513=FACE_OUTER_BOUND('',#13512,.F.);
#13515=CARTESIAN_POINT('',(2.7E1,0.E0,-4.55E1));
#13516=DIRECTION('',(0.E0,0.E0,-1.E0));
#13517=DIRECTION('',(-1.E0,0.E0,0.E0));
#13518=AXIS2_PLACEMENT_3D('',#13515,#13516,#13517);
#13519=PLANE('',#13518);
#13521=ORIENTED_EDGE('',*,*,#13520,.T.);
#13522=ORIENTED_EDGE('',*,*,#10837,.F.);
#13524=ORIENTED_EDGE('',*,*,#13523,.T.);
#13525=ORIENTED_EDGE('',*,*,#11366,.F.);
#13526=EDGE_LOOP('',(#13521,#13522,#13524,#13525));
#13527=FACE_OUTER_BOUND('',#13526,.F.);
#13529=CARTESIAN_POINT('',(2.3E1,-3.E0,-4.55E1));
#13530=DIRECTION('',(-1.E0,0.E0,0.E0));
#13531=DIRECTION('',(0.E0,0.E0,1.E0));
#13532=AXIS2_PLACEMENT_3D('',#13529,#13530,#13531);
#13533=PLANE('',#13532);
#13534=ORIENTED_EDGE('',*,*,#11240,.F.);
#13535=ORIENTED_EDGE('',*,*,#13495,.T.);
#13536=ORIENTED_EDGE('',*,*,#10843,.T.);
#13538=ORIENTED_EDGE('',*,*,#13537,.F.);
#13539=EDGE_LOOP('',(#13534,#13535,#13536,#13538));
#13540=FACE_OUTER_BOUND('',#13539,.F.);
#13542=CARTESIAN_POINT('',(2.4E1,-9.5E0,-4.2E1));
#13543=DIRECTION('',(0.E0,1.E0,0.E0));
#13544=DIRECTION('',(-1.E0,0.E0,0.E0));
#13545=AXIS2_PLACEMENT_3D('',#13542,#13543,#13544);
#13546=CYLINDRICAL_SURFACE('',#13545,3.4E0);
#13547=ORIENTED_EDGE('',*,*,#10829,.F.);
#13549=ORIENTED_EDGE('',*,*,#13548,.T.);
#13551=ORIENTED_EDGE('',*,*,#13550,.T.);
#13553=ORIENTED_EDGE('',*,*,#13552,.F.);
#13554=ORIENTED_EDGE('',*,*,#11242,.F.);
#13555=ORIENTED_EDGE('',*,*,#13537,.T.);
#13556=ORIENTED_EDGE('',*,*,#10841,.F.);
#13558=ORIENTED_EDGE('',*,*,#13557,.F.);
#13559=ORIENTED_EDGE('',*,*,#11362,.F.);
#13561=ORIENTED_EDGE('',*,*,#13560,.T.);
#13562=EDGE_LOOP('',(#13547,#13549,#13551,#13553,#13554,#13555,#13556,#13558,
#13559,#13561));
#13563=FACE_OUTER_BOUND('',#13562,.F.);
#13565=CARTESIAN_POINT('',(2.4E1,-9.5E0,-4.2E1));
#13566=DIRECTION('',(0.E0,1.E0,0.E0));
#13567=DIRECTION('',(-1.E0,0.E0,0.E0));
#13568=AXIS2_PLACEMENT_3D('',#13565,#13566,#13567);
#13569=CYLINDRICAL_SURFACE('',#13568,3.4E0);
#13570=ORIENTED_EDGE('',*,*,#10827,.F.);
#13572=ORIENTED_EDGE('',*,*,#13571,.F.);
#13573=ORIENTED_EDGE('',*,*,#11244,.F.);
#13574=ORIENTED_EDGE('',*,*,#13552,.T.);
#13576=ORIENTED_EDGE('',*,*,#13575,.T.);
#13577=ORIENTED_EDGE('',*,*,#13548,.F.);
#13578=EDGE_LOOP('',(#13570,#13572,#13573,#13574,#13576,#13577));
#13579=FACE_OUTER_BOUND('',#13578,.F.);
#13581=CARTESIAN_POINT('',(2.724961536185E1,-3.E0,-4.1E1));
#13582=DIRECTION('',(0.E0,0.E0,1.E0));
#13583=DIRECTION('',(1.E0,0.E0,0.E0));
#13584=AXIS2_PLACEMENT_3D('',#13581,#13582,#13583);
#13585=PLANE('',#13584);
#13586=ORIENTED_EDGE('',*,*,#11246,.T.);
#13587=ORIENTED_EDGE('',*,*,#13571,.T.);
#13588=ORIENTED_EDGE('',*,*,#10825,.T.);
#13590=ORIENTED_EDGE('',*,*,#13589,.F.);
#13591=EDGE_LOOP('',(#13586,#13587,#13588,#13590));
#13592=FACE_OUTER_BOUND('',#13591,.F.);
#13594=CARTESIAN_POINT('',(2.75E1,0.E0,4.5E1));
#13595=DIRECTION('',(1.E0,0.E0,0.E0));
#13596=DIRECTION('',(0.E0,0.E0,-1.E0));
#13597=AXIS2_PLACEMENT_3D('',#13594,#13595,#13596);
#13598=PLANE('',#13597);
#13600=ORIENTED_EDGE('',*,*,#13599,.T.);
#13601=ORIENTED_EDGE('',*,*,#10813,.F.);
#13603=ORIENTED_EDGE('',*,*,#13602,.T.);
#13604=ORIENTED_EDGE('',*,*,#11342,.F.);
#13605=EDGE_LOOP('',(#13600,#13601,#13603,#13604));
#13606=FACE_OUTER_BOUND('',#13605,.F.);
#13608=CARTESIAN_POINT('',(2.75E1,0.E0,4.5E1));
#13609=DIRECTION('',(1.E0,0.E0,0.E0));
#13610=DIRECTION('',(0.E0,0.E0,-1.E0));
#13611=AXIS2_PLACEMENT_3D('',#13608,#13609,#13610);
#13612=PLANE('',#13611);
#13614=ORIENTED_EDGE('',*,*,#13613,.F.);
#13615=ORIENTED_EDGE('',*,*,#11248,.F.);
#13616=ORIENTED_EDGE('',*,*,#13589,.T.);
#13617=ORIENTED_EDGE('',*,*,#10823,.F.);
#13618=EDGE_LOOP('',(#13614,#13615,#13616,#13617));
#13619=FACE_OUTER_BOUND('',#13618,.F.);
#13621=CARTESIAN_POINT('',(2.75E1,0.E0,4.5E1));
#13622=DIRECTION('',(1.E0,0.E0,0.E0));
#13623=DIRECTION('',(0.E0,0.E0,-1.E0));
#13624=AXIS2_PLACEMENT_3D('',#13621,#13622,#13623);
#13625=PLANE('',#13624);
#13627=ORIENTED_EDGE('',*,*,#13626,.F.);
#13628=ORIENTED_EDGE('',*,*,#11370,.F.);
#13630=ORIENTED_EDGE('',*,*,#13629,.F.);
#13631=ORIENTED_EDGE('',*,*,#10833,.F.);
#13632=EDGE_LOOP('',(#13627,#13628,#13630,#13631));
#13633=FACE_OUTER_BOUND('',#13632,.F.);
#13635=CARTESIAN_POINT('',(2.724961536185E1,-3.E0,4.3E1));
#13636=DIRECTION('',(0.E0,0.E0,1.E0));
#13637=DIRECTION('',(1.E0,0.E0,0.E0));
#13638=AXIS2_PLACEMENT_3D('',#13635,#13636,#13637);
#13639=PLANE('',#13638);
#13640=ORIENTED_EDGE('',*,*,#11340,.T.);
#13642=ORIENTED_EDGE('',*,*,#13641,.T.);
#13643=ORIENTED_EDGE('',*,*,#10815,.T.);
#13644=ORIENTED_EDGE('',*,*,#13599,.F.);
#13645=EDGE_LOOP('',(#13640,#13642,#13643,#13644));
#13646=FACE_OUTER_BOUND('',#13645,.F.);
#13648=CARTESIAN_POINT('',(2.4E1,-9.5E0,4.2E1));
#13649=DIRECTION('',(0.E0,1.E0,0.E0));
#13650=DIRECTION('',(-1.E0,0.E0,0.E0));
#13651=AXIS2_PLACEMENT_3D('',#13648,#13649,#13650);
#13652=CYLINDRICAL_SURFACE('',#13651,3.4E0);
#13653=ORIENTED_EDGE('',*,*,#10805,.F.);
#13655=ORIENTED_EDGE('',*,*,#13654,.F.);
#13656=ORIENTED_EDGE('',*,*,#11254,.F.);
#13658=ORIENTED_EDGE('',*,*,#13657,.T.);
#13660=ORIENTED_EDGE('',*,*,#13659,.T.);
#13662=ORIENTED_EDGE('',*,*,#13661,.F.);
#13663=ORIENTED_EDGE('',*,*,#10817,.F.);
#13664=ORIENTED_EDGE('',*,*,#13641,.F.);
#13665=ORIENTED_EDGE('',*,*,#11350,.F.);
#13667=ORIENTED_EDGE('',*,*,#13666,.T.);
#13668=EDGE_LOOP('',(#13653,#13655,#13656,#13658,#13660,#13662,#13663,#13664,
#13665,#13667));
#13669=FACE_OUTER_BOUND('',#13668,.F.);
#13671=CARTESIAN_POINT('',(2.3E1,-3.E0,4.524961536185E1));
#13672=DIRECTION('',(-1.E0,0.E0,0.E0));
#13673=DIRECTION('',(0.E0,0.E0,1.E0));
#13674=AXIS2_PLACEMENT_3D('',#13671,#13672,#13673);
#13675=PLANE('',#13674);
#13676=ORIENTED_EDGE('',*,*,#11256,.T.);
#13677=ORIENTED_EDGE('',*,*,#13654,.T.);
#13678=ORIENTED_EDGE('',*,*,#10803,.T.);
#13680=ORIENTED_EDGE('',*,*,#13679,.F.);
#13681=EDGE_LOOP('',(#13676,#13677,#13678,#13680));
#13682=FACE_OUTER_BOUND('',#13681,.F.);
#13684=CARTESIAN_POINT('',(-2.7E1,0.E0,4.55E1));
#13685=DIRECTION('',(0.E0,0.E0,1.E0));
#13686=DIRECTION('',(1.E0,0.E0,0.E0));
#13687=AXIS2_PLACEMENT_3D('',#13684,#13685,#13686);
#13688=PLANE('',#13687);
#13690=ORIENTED_EDGE('',*,*,#13689,.T.);
#13691=ORIENTED_EDGE('',*,*,#10793,.F.);
#13693=ORIENTED_EDGE('',*,*,#13692,.T.);
#13694=ORIENTED_EDGE('',*,*,#11308,.F.);
#13695=EDGE_LOOP('',(#13690,#13691,#13693,#13694));
#13696=FACE_OUTER_BOUND('',#13695,.F.);
#13698=CARTESIAN_POINT('',(-2.7E1,0.E0,4.55E1));
#13699=DIRECTION('',(0.E0,0.E0,1.E0));
#13700=DIRECTION('',(1.E0,0.E0,0.E0));
#13701=AXIS2_PLACEMENT_3D('',#13698,#13699,#13700);
#13702=PLANE('',#13701);
#13704=ORIENTED_EDGE('',*,*,#13703,.F.);
#13705=ORIENTED_EDGE('',*,*,#11258,.F.);
#13706=ORIENTED_EDGE('',*,*,#13679,.T.);
#13707=ORIENTED_EDGE('',*,*,#10801,.F.);
#13708=EDGE_LOOP('',(#13704,#13705,#13706,#13707));
#13709=FACE_OUTER_BOUND('',#13708,.F.);
#13711=CARTESIAN_POINT('',(-2.7E1,0.E0,4.55E1));
#13712=DIRECTION('',(0.E0,0.E0,1.E0));
#13713=DIRECTION('',(1.E0,0.E0,0.E0));
#13714=AXIS2_PLACEMENT_3D('',#13711,#13712,#13713);
#13715=PLANE('',#13714);
#13717=ORIENTED_EDGE('',*,*,#13716,.F.);
#13718=ORIENTED_EDGE('',*,*,#11346,.F.);
#13720=ORIENTED_EDGE('',*,*,#13719,.F.);
#13721=ORIENTED_EDGE('',*,*,#10809,.F.);
#13722=EDGE_LOOP('',(#13717,#13718,#13720,#13721));
#13723=FACE_OUTER_BOUND('',#13722,.F.);
#13725=CARTESIAN_POINT('',(-2.5E1,-3.E0,4.524961536185E1));
#13726=DIRECTION('',(-1.E0,0.E0,0.E0));
#13727=DIRECTION('',(0.E0,0.E0,1.E0));
#13728=AXIS2_PLACEMENT_3D('',#13725,#13726,#13727);
#13729=PLANE('',#13728);
#13730=ORIENTED_EDGE('',*,*,#11306,.T.);
#13732=ORIENTED_EDGE('',*,*,#13731,.T.);
#13733=ORIENTED_EDGE('',*,*,#10795,.T.);
#13734=ORIENTED_EDGE('',*,*,#13689,.F.);
#13735=EDGE_LOOP('',(#13730,#13732,#13733,#13734));
#13736=FACE_OUTER_BOUND('',#13735,.F.);
#13738=CARTESIAN_POINT('',(-2.4E1,-9.5E0,4.2E1));
#13739=DIRECTION('',(0.E0,1.E0,0.E0));
#13740=DIRECTION('',(-1.E0,0.E0,0.E0));
#13741=AXIS2_PLACEMENT_3D('',#13738,#13739,#13740);
#13742=CYLINDRICAL_SURFACE('',#13741,3.4E0);
#13743=ORIENTED_EDGE('',*,*,#10785,.F.);
#13745=ORIENTED_EDGE('',*,*,#13744,.T.);
#13747=ORIENTED_EDGE('',*,*,#13746,.T.);
#13749=ORIENTED_EDGE('',*,*,#13748,.F.);
#13750=ORIENTED_EDGE('',*,*,#11262,.F.);
#13752=ORIENTED_EDGE('',*,*,#13751,.T.);
#13753=ORIENTED_EDGE('',*,*,#10797,.F.);
#13754=ORIENTED_EDGE('',*,*,#13731,.F.);
#13755=ORIENTED_EDGE('',*,*,#11304,.F.);
#13757=ORIENTED_EDGE('',*,*,#13756,.T.);
#13758=EDGE_LOOP('',(#13743,#13745,#13747,#13749,#13750,#13752,#13753,#13754,
#13755,#13757));
#13759=FACE_OUTER_BOUND('',#13758,.F.);
#13761=CARTESIAN_POINT('',(-2.4E1,-9.5E0,4.2E1));
#13762=DIRECTION('',(0.E0,1.E0,0.E0));
#13763=DIRECTION('',(-1.E0,0.E0,0.E0));
#13764=AXIS2_PLACEMENT_3D('',#13761,#13762,#13763);
#13765=CYLINDRICAL_SURFACE('',#13764,3.4E0);
#13766=ORIENTED_EDGE('',*,*,#10783,.F.);
#13767=ORIENTED_EDGE('',*,*,#10946,.F.);
#13768=ORIENTED_EDGE('',*,*,#11264,.F.);
#13769=ORIENTED_EDGE('',*,*,#13748,.T.);
#13771=ORIENTED_EDGE('',*,*,#13770,.T.);
#13772=ORIENTED_EDGE('',*,*,#13744,.F.);
#13773=EDGE_LOOP('',(#13766,#13767,#13768,#13769,#13771,#13772));
#13774=FACE_OUTER_BOUND('',#13773,.F.);
#13776=CARTESIAN_POINT('',(0.E0,-1.7E0,0.E0));
#13777=DIRECTION('',(0.E0,1.E0,0.E0));
#13778=DIRECTION('',(-1.E0,0.E0,0.E0));
#13779=AXIS2_PLACEMENT_3D('',#13776,#13777,#13778);
#13780=PLANE('',#13779);
#13781=ORIENTED_EDGE('',*,*,#13659,.F.);
#13783=ORIENTED_EDGE('',*,*,#13782,.F.);
#13784=EDGE_LOOP('',(#13781,#13783));
#13785=FACE_OUTER_BOUND('',#13784,.F.);
#13787=ORIENTED_EDGE('',*,*,#13786,.F.);
#13789=ORIENTED_EDGE('',*,*,#13788,.F.);
#13790=EDGE_LOOP('',(#13787,#13789));
#13791=FACE_BOUND('',#13790,.F.);
#13793=CARTESIAN_POINT('',(0.E0,-1.7E0,0.E0));
#13794=DIRECTION('',(0.E0,1.E0,0.E0));
#13795=DIRECTION('',(-1.E0,0.E0,0.E0));
#13796=AXIS2_PLACEMENT_3D('',#13793,#13794,#13795);
#13797=PLANE('',#13796);
#13798=ORIENTED_EDGE('',*,*,#13746,.F.);
#13799=ORIENTED_EDGE('',*,*,#13770,.F.);
#13800=EDGE_LOOP('',(#13798,#13799));
#13801=FACE_OUTER_BOUND('',#13800,.F.);
#13803=ORIENTED_EDGE('',*,*,#13802,.F.);
#13805=ORIENTED_EDGE('',*,*,#13804,.F.);
#13806=EDGE_LOOP('',(#13803,#13805));
#13807=FACE_BOUND('',#13806,.F.);
#13809=CARTESIAN_POINT('',(0.E0,-1.7E0,0.E0));
#13810=DIRECTION('',(0.E0,1.E0,0.E0));
#13811=DIRECTION('',(-1.E0,0.E0,0.E0));
#13812=AXIS2_PLACEMENT_3D('',#13809,#13810,#13811);
#13813=PLANE('',#13812);
#13814=ORIENTED_EDGE('',*,*,#13575,.F.);
#13815=ORIENTED_EDGE('',*,*,#13550,.F.);
#13816=EDGE_LOOP('',(#13814,#13815));
#13817=FACE_OUTER_BOUND('',#13816,.F.);
#13819=CARTESIAN_POINT('',(0.E0,-1.7E0,0.E0));
#13820=DIRECTION('',(0.E0,1.E0,0.E0));
#13821=DIRECTION('',(-1.E0,0.E0,0.E0));
#13822=AXIS2_PLACEMENT_3D('',#13819,#13820,#13821);
#13823=PLANE('',#13822);
#13824=ORIENTED_EDGE('',*,*,#13444,.F.);
#13825=ORIENTED_EDGE('',*,*,#13463,.F.);
#13826=EDGE_LOOP('',(#13824,#13825));
#13827=FACE_OUTER_BOUND('',#13826,.F.);
#13829=ORIENTED_EDGE('',*,*,#13828,.F.);
#13831=ORIENTED_EDGE('',*,*,#13830,.F.);
#13832=EDGE_LOOP('',(#13829,#13831));
#13833=FACE_BOUND('',#13832,.F.);
#13835=CARTESIAN_POINT('',(2.4E1,-9.5E0,4.2E1));
#13836=DIRECTION('',(0.E0,1.E0,0.E0));
#13837=DIRECTION('',(-1.E0,0.E0,0.E0));
#13838=AXIS2_PLACEMENT_3D('',#13835,#13836,#13837);
#13839=CYLINDRICAL_SURFACE('',#13838,3.4E0);
#13840=ORIENTED_EDGE('',*,*,#10819,.F.);
#13841=ORIENTED_EDGE('',*,*,#13661,.T.);
#13842=ORIENTED_EDGE('',*,*,#13782,.T.);
#13843=ORIENTED_EDGE('',*,*,#13657,.F.);
#13844=ORIENTED_EDGE('',*,*,#11252,.F.);
#13846=ORIENTED_EDGE('',*,*,#13845,.T.);
#13847=EDGE_LOOP('',(#13840,#13841,#13842,#13843,#13844,#13846));
#13848=FACE_OUTER_BOUND('',#13847,.F.);
#13850=CARTESIAN_POINT('',(2.75E1,-3.E0,4.1E1));
#13851=DIRECTION('',(0.E0,0.E0,-1.E0));
#13852=DIRECTION('',(-1.E0,0.E0,0.E0));
#13853=AXIS2_PLACEMENT_3D('',#13850,#13851,#13852);
#13854=PLANE('',#13853);
#13855=ORIENTED_EDGE('',*,*,#11250,.F.);
#13856=ORIENTED_EDGE('',*,*,#13613,.T.);
#13857=ORIENTED_EDGE('',*,*,#10821,.T.);
#13858=ORIENTED_EDGE('',*,*,#13845,.F.);
#13859=EDGE_LOOP('',(#13855,#13856,#13857,#13858));
#13860=FACE_OUTER_BOUND('',#13859,.F.);
#13862=CARTESIAN_POINT('',(2.4E1,-9.5E0,4.2E1));
#13863=DIRECTION('',(0.E0,1.E0,0.E0));
#13864=DIRECTION('',(-1.E0,0.E0,0.E0));
#13865=AXIS2_PLACEMENT_3D('',#13862,#13863,#13864);
#13866=CYLINDRICAL_SURFACE('',#13865,1.6E0);
#13868=ORIENTED_EDGE('',*,*,#13867,.T.);
#13870=ORIENTED_EDGE('',*,*,#13869,.T.);
#13871=ORIENTED_EDGE('',*,*,#13786,.T.);
#13873=ORIENTED_EDGE('',*,*,#13872,.F.);
#13874=EDGE_LOOP('',(#13868,#13870,#13871,#13873));
#13875=FACE_OUTER_BOUND('',#13874,.F.);
#13877=CARTESIAN_POINT('',(0.E0,-3.7E0,0.E0));
#13878=DIRECTION('',(0.E0,-1.E0,0.E0));
#13879=DIRECTION('',(0.E0,0.E0,-1.E0));
#13880=AXIS2_PLACEMENT_3D('',#13877,#13878,#13879);
#13881=PLANE('',#13880);
#13883=ORIENTED_EDGE('',*,*,#13882,.F.);
#13885=ORIENTED_EDGE('',*,*,#13884,.F.);
#13886=EDGE_LOOP('',(#13883,#13885));
#13887=FACE_OUTER_BOUND('',#13886,.F.);
#13888=ORIENTED_EDGE('',*,*,#13867,.F.);
#13890=ORIENTED_EDGE('',*,*,#13889,.F.);
#13891=EDGE_LOOP('',(#13888,#13890));
#13892=FACE_BOUND('',#13891,.F.);
#13894=CARTESIAN_POINT('',(0.E0,-3.7E0,0.E0));
#13895=DIRECTION('',(0.E0,-1.E0,0.E0));
#13896=DIRECTION('',(0.E0,0.E0,-1.E0));
#13897=AXIS2_PLACEMENT_3D('',#13894,#13895,#13896);
#13898=PLANE('',#13897);
#13900=ORIENTED_EDGE('',*,*,#13899,.F.);
#13902=ORIENTED_EDGE('',*,*,#13901,.F.);
#13903=EDGE_LOOP('',(#13900,#13902));
#13904=FACE_OUTER_BOUND('',#13903,.F.);
#13906=ORIENTED_EDGE('',*,*,#13905,.F.);
#13908=ORIENTED_EDGE('',*,*,#13907,.F.);
#13909=EDGE_LOOP('',(#13906,#13908));
#13910=FACE_BOUND('',#13909,.F.);
#13912=CARTESIAN_POINT('',(0.E0,-3.7E0,0.E0));
#13913=DIRECTION('',(0.E0,-1.E0,0.E0));
#13914=DIRECTION('',(0.E0,0.E0,-1.E0));
#13915=AXIS2_PLACEMENT_3D('',#13912,#13913,#13914);
#13916=PLANE('',#13915);
#13918=ORIENTED_EDGE('',*,*,#13917,.F.);
#13920=ORIENTED_EDGE('',*,*,#13919,.F.);
#13921=EDGE_LOOP('',(#13918,#13920));
#13922=FACE_OUTER_BOUND('',#13921,.F.);
#13924=ORIENTED_EDGE('',*,*,#13923,.F.);
#13926=ORIENTED_EDGE('',*,*,#13925,.F.);
#13927=EDGE_LOOP('',(#13924,#13926));
#13928=FACE_BOUND('',#13927,.F.);
#13930=CARTESIAN_POINT('',(2.4E1,-7.6E0,4.2E1));
#13931=DIRECTION('',(0.E0,-1.E0,0.E0));
#13932=DIRECTION('',(0.E0,0.E0,-1.E0));
#13933=AXIS2_PLACEMENT_3D('',#13930,#13931,#13932);
#13934=CONICAL_SURFACE('',#13933,2.568074753220E0,1.E0);
#13935=ORIENTED_EDGE('',*,*,#10187,.F.);
#13937=ORIENTED_EDGE('',*,*,#13936,.T.);
#13938=ORIENTED_EDGE('',*,*,#13882,.T.);
#13940=ORIENTED_EDGE('',*,*,#13939,.F.);
#13941=EDGE_LOOP('',(#13935,#13937,#13938,#13940));
#13942=FACE_OUTER_BOUND('',#13941,.F.);
#13944=CARTESIAN_POINT('',(2.4E1,-7.6E0,4.2E1));
#13945=DIRECTION('',(0.E0,-1.E0,0.E0));
#13946=DIRECTION('',(0.E0,0.E0,-1.E0));
#13947=AXIS2_PLACEMENT_3D('',#13944,#13945,#13946);
#13948=CONICAL_SURFACE('',#13947,2.568074753220E0,1.E0);
#13949=ORIENTED_EDGE('',*,*,#10189,.F.);
#13950=ORIENTED_EDGE('',*,*,#13939,.T.);
#13951=ORIENTED_EDGE('',*,*,#13884,.T.);
#13952=ORIENTED_EDGE('',*,*,#13936,.F.);
#13953=EDGE_LOOP('',(#13949,#13950,#13951,#13952));
#13954=FACE_OUTER_BOUND('',#13953,.F.);
#13956=CARTESIAN_POINT('',(-2.4E1,-7.6E0,4.2E1));
#13957=DIRECTION('',(0.E0,-1.E0,0.E0));
#13958=DIRECTION('',(0.E0,0.E0,-1.E0));
#13959=AXIS2_PLACEMENT_3D('',#13956,#13957,#13958);
#13960=CONICAL_SURFACE('',#13959,2.568074753220E0,1.E0);
#13961=ORIENTED_EDGE('',*,*,#10193,.F.);
#13963=ORIENTED_EDGE('',*,*,#13962,.T.);
#13964=ORIENTED_EDGE('',*,*,#13899,.T.);
#13966=ORIENTED_EDGE('',*,*,#13965,.F.);
#13967=EDGE_LOOP('',(#13961,#13963,#13964,#13966));
#13968=FACE_OUTER_BOUND('',#13967,.F.);
#13970=CARTESIAN_POINT('',(-2.4E1,-7.6E0,4.2E1));
#13971=DIRECTION('',(0.E0,-1.E0,0.E0));
#13972=DIRECTION('',(0.E0,0.E0,-1.E0));
#13973=AXIS2_PLACEMENT_3D('',#13970,#13971,#13972);
#13974=CONICAL_SURFACE('',#13973,2.568074753220E0,1.E0);
#13975=ORIENTED_EDGE('',*,*,#10195,.F.);
#13976=ORIENTED_EDGE('',*,*,#13965,.T.);
#13977=ORIENTED_EDGE('',*,*,#13901,.T.);
#13978=ORIENTED_EDGE('',*,*,#13962,.F.);
#13979=EDGE_LOOP('',(#13975,#13976,#13977,#13978));
#13980=FACE_OUTER_BOUND('',#13979,.F.);
#13982=CARTESIAN_POINT('',(-2.4E1,-7.6E0,-4.2E1));
#13983=DIRECTION('',(0.E0,-1.E0,0.E0));
#13984=DIRECTION('',(0.E0,0.E0,-1.E0));
#13985=AXIS2_PLACEMENT_3D('',#13982,#13983,#13984);
#13986=CONICAL_SURFACE('',#13985,2.568074753220E0,1.E0);
#13987=ORIENTED_EDGE('',*,*,#10199,.F.);
#13989=ORIENTED_EDGE('',*,*,#13988,.T.);
#13990=ORIENTED_EDGE('',*,*,#13917,.T.);
#13992=ORIENTED_EDGE('',*,*,#13991,.F.);
#13993=EDGE_LOOP('',(#13987,#13989,#13990,#13992));
#13994=FACE_OUTER_BOUND('',#13993,.F.);
#13996=CARTESIAN_POINT('',(-2.4E1,-7.6E0,-4.2E1));
#13997=DIRECTION('',(0.E0,-1.E0,0.E0));
#13998=DIRECTION('',(0.E0,0.E0,-1.E0));
#13999=AXIS2_PLACEMENT_3D('',#13996,#13997,#13998);
#14000=CONICAL_SURFACE('',#13999,2.568074753220E0,1.E0);
#14001=ORIENTED_EDGE('',*,*,#10201,.F.);
#14002=ORIENTED_EDGE('',*,*,#13991,.T.);
#14003=ORIENTED_EDGE('',*,*,#13919,.T.);
#14004=ORIENTED_EDGE('',*,*,#13988,.F.);
#14005=EDGE_LOOP('',(#14001,#14002,#14003,#14004));
#14006=FACE_OUTER_BOUND('',#14005,.F.);
#14008=CARTESIAN_POINT('',(2.4E1,-9.5E0,4.2E1));
#14009=DIRECTION('',(0.E0,1.E0,0.E0));
#14010=DIRECTION('',(-1.E0,0.E0,0.E0));
#14011=AXIS2_PLACEMENT_3D('',#14008,#14009,#14010);
#14012=CYLINDRICAL_SURFACE('',#14011,1.6E0);
#14013=ORIENTED_EDGE('',*,*,#13889,.T.);
#14014=ORIENTED_EDGE('',*,*,#13872,.T.);
#14015=ORIENTED_EDGE('',*,*,#13788,.T.);
#14016=ORIENTED_EDGE('',*,*,#13869,.F.);
#14017=EDGE_LOOP('',(#14013,#14014,#14015,#14016));
#14018=FACE_OUTER_BOUND('',#14017,.F.);
#14020=CARTESIAN_POINT('',(-2.4E1,-9.5E0,4.2E1));
#14021=DIRECTION('',(0.E0,1.E0,0.E0));
#14022=DIRECTION('',(-1.E0,0.E0,0.E0));
#14023=AXIS2_PLACEMENT_3D('',#14020,#14021,#14022);
#14024=CYLINDRICAL_SURFACE('',#14023,1.6E0);
#14025=ORIENTED_EDGE('',*,*,#13905,.T.);
#14027=ORIENTED_EDGE('',*,*,#14026,.T.);
#14028=ORIENTED_EDGE('',*,*,#13802,.T.);
#14030=ORIENTED_EDGE('',*,*,#14029,.F.);
#14031=EDGE_LOOP('',(#14025,#14027,#14028,#14030));
#14032=FACE_OUTER_BOUND('',#14031,.F.);
#14034=CARTESIAN_POINT('',(-2.4E1,-9.5E0,4.2E1));
#14035=DIRECTION('',(0.E0,1.E0,0.E0));
#14036=DIRECTION('',(-1.E0,0.E0,0.E0));
#14037=AXIS2_PLACEMENT_3D('',#14034,#14035,#14036);
#14038=CYLINDRICAL_SURFACE('',#14037,1.6E0);
#14039=ORIENTED_EDGE('',*,*,#13907,.T.);
#14040=ORIENTED_EDGE('',*,*,#14029,.T.);
#14041=ORIENTED_EDGE('',*,*,#13804,.T.);
#14042=ORIENTED_EDGE('',*,*,#14026,.F.);
#14043=EDGE_LOOP('',(#14039,#14040,#14041,#14042));
#14044=FACE_OUTER_BOUND('',#14043,.F.);
#14046=CARTESIAN_POINT('',(-2.4E1,-9.5E0,-4.2E1));
#14047=DIRECTION('',(0.E0,1.E0,0.E0));
#14048=DIRECTION('',(-1.E0,0.E0,0.E0));
#14049=AXIS2_PLACEMENT_3D('',#14046,#14047,#14048);
#14050=CYLINDRICAL_SURFACE('',#14049,1.6E0);
#14051=ORIENTED_EDGE('',*,*,#13923,.T.);
#14053=ORIENTED_EDGE('',*,*,#14052,.T.);
#14054=ORIENTED_EDGE('',*,*,#13828,.T.);
#14056=ORIENTED_EDGE('',*,*,#14055,.F.);
#14057=EDGE_LOOP('',(#14051,#14053,#14054,#14056));
#14058=FACE_OUTER_BOUND('',#14057,.F.);
#14060=CARTESIAN_POINT('',(-2.4E1,-9.5E0,-4.2E1));
#14061=DIRECTION('',(0.E0,1.E0,0.E0));
#14062=DIRECTION('',(-1.E0,0.E0,0.E0));
#14063=AXIS2_PLACEMENT_3D('',#14060,#14061,#14062);
#14064=CYLINDRICAL_SURFACE('',#14063,1.6E0);
#14065=ORIENTED_EDGE('',*,*,#13925,.T.);
#14066=ORIENTED_EDGE('',*,*,#14055,.T.);
#14067=ORIENTED_EDGE('',*,*,#13830,.T.);
#14068=ORIENTED_EDGE('',*,*,#14052,.F.);
#14069=EDGE_LOOP('',(#14065,#14066,#14067,#14068));
#14070=FACE_OUTER_BOUND('',#14069,.F.);
#14072=CARTESIAN_POINT('',(-2.3E1,-3.E0,4.55E1));
#14073=DIRECTION('',(1.E0,0.E0,0.E0));
#14074=DIRECTION('',(0.E0,0.E0,-1.E0));
#14075=AXIS2_PLACEMENT_3D('',#14072,#14073,#14074);
#14076=PLANE('',#14075);
#14077=ORIENTED_EDGE('',*,*,#11260,.F.);
#14078=ORIENTED_EDGE('',*,*,#13703,.T.);
#14079=ORIENTED_EDGE('',*,*,#10799,.T.);
#14080=ORIENTED_EDGE('',*,*,#13751,.F.);
#14081=EDGE_LOOP('',(#14077,#14078,#14079,#14080));
#14082=FACE_OUTER_BOUND('',#14081,.F.);
#14084=CARTESIAN_POINT('',(-2.75E1,-3.E0,4.3E1));
#14085=DIRECTION('',(0.E0,0.E0,1.E0));
#14086=DIRECTION('',(1.E0,0.E0,0.E0));
#14087=AXIS2_PLACEMENT_3D('',#14084,#14085,#14086);
#14088=PLANE('',#14087);
#14089=ORIENTED_EDGE('',*,*,#11302,.F.);
#14090=ORIENTED_EDGE('',*,*,#10914,.T.);
#14091=ORIENTED_EDGE('',*,*,#10787,.T.);
#14092=ORIENTED_EDGE('',*,*,#13756,.F.);
#14093=EDGE_LOOP('',(#14089,#14090,#14091,#14092));
#14094=FACE_OUTER_BOUND('',#14093,.F.);
#14096=CARTESIAN_POINT('',(-2.7E1,0.E0,4.5E1));
#14097=DIRECTION('',(0.E0,1.E0,0.E0));
#14098=DIRECTION('',(1.E0,0.E0,0.E0));
#14099=AXIS2_PLACEMENT_3D('',#14096,#14097,#14098);
#14100=CYLINDRICAL_SURFACE('',#14099,5.E-1);
#14101=ORIENTED_EDGE('',*,*,#10791,.F.);
#14102=ORIENTED_EDGE('',*,*,#10918,.T.);
#14103=ORIENTED_EDGE('',*,*,#11310,.F.);
#14104=ORIENTED_EDGE('',*,*,#13692,.F.);
#14105=EDGE_LOOP('',(#14101,#14102,#14103,#14104));
#14106=FACE_OUTER_BOUND('',#14105,.F.);
#14108=CARTESIAN_POINT('',(2.5E1,-3.E0,4.55E1));
#14109=DIRECTION('',(1.E0,0.E0,0.E0));
#14110=DIRECTION('',(0.E0,0.E0,-1.E0));
#14111=AXIS2_PLACEMENT_3D('',#14108,#14109,#14110);
#14112=PLANE('',#14111);
#14113=ORIENTED_EDGE('',*,*,#11348,.F.);
#14114=ORIENTED_EDGE('',*,*,#13716,.T.);
#14115=ORIENTED_EDGE('',*,*,#10807,.T.);
#14116=ORIENTED_EDGE('',*,*,#13666,.F.);
#14117=EDGE_LOOP('',(#14113,#14114,#14115,#14116));
#14118=FACE_OUTER_BOUND('',#14117,.F.);
#14120=CARTESIAN_POINT('',(2.7E1,0.E0,4.5E1));
#14121=DIRECTION('',(0.E0,1.E0,0.E0));
#14122=DIRECTION('',(1.E0,0.E0,0.E0));
#14123=AXIS2_PLACEMENT_3D('',#14120,#14121,#14122);
#14124=CYLINDRICAL_SURFACE('',#14123,5.E-1);
#14125=ORIENTED_EDGE('',*,*,#10811,.F.);
#14126=ORIENTED_EDGE('',*,*,#13719,.T.);
#14127=ORIENTED_EDGE('',*,*,#11344,.F.);
#14128=ORIENTED_EDGE('',*,*,#13602,.F.);
#14129=EDGE_LOOP('',(#14125,#14126,#14127,#14128));
#14130=FACE_OUTER_BOUND('',#14129,.F.);
#14132=CARTESIAN_POINT('',(2.75E1,-3.E0,-4.3E1));
#14133=DIRECTION('',(0.E0,0.E0,-1.E0));
#14134=DIRECTION('',(-1.E0,0.E0,0.E0));
#14135=AXIS2_PLACEMENT_3D('',#14132,#14133,#14134);
#14136=PLANE('',#14135);
#14137=ORIENTED_EDGE('',*,*,#11360,.F.);
#14138=ORIENTED_EDGE('',*,*,#13626,.T.);
#14139=ORIENTED_EDGE('',*,*,#10831,.T.);
#14140=ORIENTED_EDGE('',*,*,#13560,.F.);
#14141=EDGE_LOOP('',(#14137,#14138,#14139,#14140));
#14142=FACE_OUTER_BOUND('',#14141,.F.);
#14144=CARTESIAN_POINT('',(2.7E1,0.E0,-4.5E1));
#14145=DIRECTION('',(0.E0,1.E0,0.E0));
#14146=DIRECTION('',(1.E0,0.E0,0.E0));
#14147=AXIS2_PLACEMENT_3D('',#14144,#14145,#14146);
#14148=CYLINDRICAL_SURFACE('',#14147,5.E-1);
#14149=ORIENTED_EDGE('',*,*,#10835,.F.);
#14150=ORIENTED_EDGE('',*,*,#13629,.T.);
#14151=ORIENTED_EDGE('',*,*,#11368,.F.);
#14152=ORIENTED_EDGE('',*,*,#13523,.F.);
#14153=EDGE_LOOP('',(#14149,#14150,#14151,#14152));
#14154=FACE_OUTER_BOUND('',#14153,.F.);
#14156=CARTESIAN_POINT('',(2.5E1,-3.E0,-4.524961536185E1));
#14157=DIRECTION('',(1.E0,0.E0,0.E0));
#14158=DIRECTION('',(0.E0,0.E0,-1.E0));
#14159=AXIS2_PLACEMENT_3D('',#14156,#14157,#14158);
#14160=PLANE('',#14159);
#14161=ORIENTED_EDGE('',*,*,#11364,.T.);
#14162=ORIENTED_EDGE('',*,*,#13557,.T.);
#14163=ORIENTED_EDGE('',*,*,#10839,.T.);
#14164=ORIENTED_EDGE('',*,*,#13520,.F.);
#14165=EDGE_LOOP('',(#14161,#14162,#14163,#14164));
#14166=FACE_OUTER_BOUND('',#14165,.F.);
#14168=CARTESIAN_POINT('',(-2.5E1,-3.E0,-4.55E1));
#14169=DIRECTION('',(-1.E0,0.E0,0.E0));
#14170=DIRECTION('',(0.E0,0.E0,1.E0));
#14171=AXIS2_PLACEMENT_3D('',#14168,#14169,#14170);
#14172=PLANE('',#14171);
#14173=ORIENTED_EDGE('',*,*,#11328,.F.);
#14174=ORIENTED_EDGE('',*,*,#13506,.T.);
#14175=ORIENTED_EDGE('',*,*,#10851,.T.);
#14176=ORIENTED_EDGE('',*,*,#13470,.F.);
#14177=EDGE_LOOP('',(#14173,#14174,#14175,#14176));
#14178=FACE_OUTER_BOUND('',#14177,.F.);
#14180=CARTESIAN_POINT('',(-2.7E1,0.E0,-4.5E1));
#14181=DIRECTION('',(0.E0,1.E0,0.E0));
#14182=DIRECTION('',(1.E0,0.E0,0.E0));
#14183=AXIS2_PLACEMENT_3D('',#14180,#14181,#14182);
#14184=CYLINDRICAL_SURFACE('',#14183,5.E-1);
#14185=ORIENTED_EDGE('',*,*,#10855,.F.);
#14186=ORIENTED_EDGE('',*,*,#13509,.T.);
#14187=ORIENTED_EDGE('',*,*,#11324,.F.);
#14188=ORIENTED_EDGE('',*,*,#10932,.F.);
#14189=EDGE_LOOP('',(#14185,#14186,#14187,#14188));
#14190=FACE_OUTER_BOUND('',#14189,.F.);
#14192=CARTESIAN_POINT('',(-2.724961536185E1,-3.E0,-4.3E1));
#14193=DIRECTION('',(0.E0,0.E0,-1.E0));
#14194=DIRECTION('',(-1.E0,0.E0,0.E0));
#14195=AXIS2_PLACEMENT_3D('',#14192,#14193,#14194);
#14196=PLANE('',#14195);
#14197=ORIENTED_EDGE('',*,*,#11321,.T.);
#14198=ORIENTED_EDGE('',*,*,#13467,.T.);
#14199=ORIENTED_EDGE('',*,*,#10859,.T.);
#14200=ORIENTED_EDGE('',*,*,#10929,.F.);
#14201=EDGE_LOOP('',(#14197,#14198,#14199,#14200));
#14202=FACE_OUTER_BOUND('',#14201,.F.);
#14204=CARTESIAN_POINT('',(4.770002775566E0,-3.3032444E-1,0.E0));
#14205=DIRECTION('',(1.E0,0.E0,0.E0));
#14206=DIRECTION('',(0.E0,1.E0,0.E0));
#14207=AXIS2_PLACEMENT_3D('',#14204,#14205,#14206);
#14208=PLANE('',#14207);
#14210=ORIENTED_EDGE('',*,*,#14209,.T.);
#14212=ORIENTED_EDGE('',*,*,#14211,.F.);
#14213=ORIENTED_EDGE('',*,*,#10738,.T.);
#14214=ORIENTED_EDGE('',*,*,#9519,.F.);
#14215=EDGE_LOOP('',(#14210,#14212,#14213,#14214));
#14216=FACE_OUTER_BOUND('',#14215,.F.);
#14218=CARTESIAN_POINT('',(5.020002775566E0,-1.6516222E-1,4.725E1));
#14219=DIRECTION('',(-7.071067811865E-1,0.E0,7.071067811865E-1));
#14220=DIRECTION('',(-7.071067811865E-1,0.E0,-7.071067811865E-1));
#14221=AXIS2_PLACEMENT_3D('',#14218,#14219,#14220);
#14222=PLANE('',#14221);
#14223=ORIENTED_EDGE('',*,*,#10685,.T.);
#14225=ORIENTED_EDGE('',*,*,#14224,.T.);
#14226=ORIENTED_EDGE('',*,*,#14209,.F.);
#14227=ORIENTED_EDGE('',*,*,#9517,.T.);
#14228=EDGE_LOOP('',(#14223,#14225,#14226,#14227));
#14229=FACE_OUTER_BOUND('',#14228,.F.);
#14231=CARTESIAN_POINT('',(3.190002775566E0,-3.3032444E-1,4.724999999443E1));
#14232=DIRECTION('',(0.E0,0.E0,1.E0));
#14233=DIRECTION('',(0.E0,-1.E0,0.E0));
#14234=AXIS2_PLACEMENT_3D('',#14231,#14232,#14233);
#14235=CONICAL_SURFACE('',#14234,1.829999994427E0,4.5E1);
#14236=ORIENTED_EDGE('',*,*,#10683,.T.);
#14238=ORIENTED_EDGE('',*,*,#14237,.T.);
#14240=ORIENTED_EDGE('',*,*,#14239,.F.);
#14241=ORIENTED_EDGE('',*,*,#14224,.F.);
#14242=EDGE_LOOP('',(#14236,#14238,#14240,#14241));
#14243=FACE_OUTER_BOUND('',#14242,.F.);
#14245=CARTESIAN_POINT('',(2.775566484092E-6,-2.16032444E0,4.725E1));
#14246=DIRECTION('',(0.E0,7.071067811865E-1,7.071067811865E-1));
#14247=DIRECTION('',(0.E0,7.071067811865E-1,-7.071067811865E-1));
#14248=AXIS2_PLACEMENT_3D('',#14245,#14246,#14247);
#14249=PLANE('',#14248);
#14250=ORIENTED_EDGE('',*,*,#10681,.T.);
#14252=ORIENTED_EDGE('',*,*,#14251,.T.);
#14254=ORIENTED_EDGE('',*,*,#14253,.F.);
#14255=ORIENTED_EDGE('',*,*,#14237,.F.);
#14256=EDGE_LOOP('',(#14250,#14252,#14254,#14255));
#14257=FACE_OUTER_BOUND('',#14256,.F.);
#14259=CARTESIAN_POINT('',(-3.189997224434E0,-3.3032444E-1,4.724999999443E1));
#14260=DIRECTION('',(0.E0,0.E0,1.E0));
#14261=DIRECTION('',(0.E0,-1.E0,0.E0));
#14262=AXIS2_PLACEMENT_3D('',#14259,#14260,#14261);
#14263=CONICAL_SURFACE('',#14262,1.829999994427E0,4.5E1);
#14264=ORIENTED_EDGE('',*,*,#10679,.T.);
#14265=ORIENTED_EDGE('',*,*,#10705,.T.);
#14267=ORIENTED_EDGE('',*,*,#14266,.F.);
#14268=ORIENTED_EDGE('',*,*,#14251,.F.);
#14269=EDGE_LOOP('',(#14264,#14265,#14267,#14268));
#14270=FACE_OUTER_BOUND('',#14269,.F.);
#14272=CARTESIAN_POINT('',(-3.189997224434E0,-3.3032444E-1,0.E0));
#14273=DIRECTION('',(0.E0,0.E0,1.E0));
#14274=DIRECTION('',(-1.E0,0.E0,0.E0));
#14275=AXIS2_PLACEMENT_3D('',#14272,#14273,#14274);
#14276=CYLINDRICAL_SURFACE('',#14275,1.58E0);
#14277=ORIENTED_EDGE('',*,*,#14266,.T.);
#14278=ORIENTED_EDGE('',*,*,#10719,.F.);
#14279=ORIENTED_EDGE('',*,*,#10744,.T.);
#14281=ORIENTED_EDGE('',*,*,#14280,.T.);
#14282=EDGE_LOOP('',(#14277,#14278,#14279,#14281));
#14283=FACE_OUTER_BOUND('',#14282,.F.);
#14285=CARTESIAN_POINT('',(-3.189997224436E0,-1.91032444E0,0.E0));
#14286=DIRECTION('',(1.037136242439E-14,-1.E0,0.E0));
#14287=DIRECTION('',(1.E0,1.037136242439E-14,0.E0));
#14288=AXIS2_PLACEMENT_3D('',#14285,#14286,#14287);
#14289=PLANE('',#14288);
#14290=ORIENTED_EDGE('',*,*,#14253,.T.);
#14291=ORIENTED_EDGE('',*,*,#14280,.F.);
#14292=ORIENTED_EDGE('',*,*,#10742,.T.);
#14294=ORIENTED_EDGE('',*,*,#14293,.T.);
#14295=EDGE_LOOP('',(#14290,#14291,#14292,#14294));
#14296=FACE_OUTER_BOUND('',#14295,.F.);
#14298=CARTESIAN_POINT('',(3.190002775566E0,-3.3032444E-1,0.E0));
#14299=DIRECTION('',(0.E0,0.E0,1.E0));
#14300=DIRECTION('',(-1.E0,0.E0,0.E0));
#14301=AXIS2_PLACEMENT_3D('',#14298,#14299,#14300);
#14302=CYLINDRICAL_SURFACE('',#14301,1.58E0);
#14303=ORIENTED_EDGE('',*,*,#14239,.T.);
#14304=ORIENTED_EDGE('',*,*,#14293,.F.);
#14305=ORIENTED_EDGE('',*,*,#10740,.T.);
#14306=ORIENTED_EDGE('',*,*,#14211,.T.);
#14307=EDGE_LOOP('',(#14303,#14304,#14305,#14306));
#14308=FACE_OUTER_BOUND('',#14307,.F.);
#14310=CARTESIAN_POINT('',(2.7E1,0.E0,4.5E1));
#14311=DIRECTION('',(0.E0,1.E0,0.E0));
#14312=DIRECTION('',(1.E0,0.E0,0.E0));
#14313=AXIS2_PLACEMENT_3D('',#14310,#14311,#14312);
#14314=CYLINDRICAL_SURFACE('',#14313,2.5E0);
#14315=ORIENTED_EDGE('',*,*,#10598,.T.);
#14316=ORIENTED_EDGE('',*,*,#10688,.F.);
#14317=ORIENTED_EDGE('',*,*,#9543,.T.);
#14319=ORIENTED_EDGE('',*,*,#14318,.T.);
#14320=EDGE_LOOP('',(#14315,#14316,#14317,#14319));
#14321=FACE_OUTER_BOUND('',#14320,.F.);
#14323=CARTESIAN_POINT('',(2.95E1,0.E0,4.5E1));
#14324=DIRECTION('',(1.E0,0.E0,0.E0));
#14325=DIRECTION('',(0.E0,0.E0,-1.E0));
#14326=AXIS2_PLACEMENT_3D('',#14323,#14324,#14325);
#14327=PLANE('',#14326);
#14329=ORIENTED_EDGE('',*,*,#14328,.T.);
#14331=ORIENTED_EDGE('',*,*,#14330,.T.);
#14333=ORIENTED_EDGE('',*,*,#14332,.T.);
#14334=ORIENTED_EDGE('',*,*,#9453,.T.);
#14336=ORIENTED_EDGE('',*,*,#14335,.T.);
#14338=ORIENTED_EDGE('',*,*,#14337,.T.);
#14339=ORIENTED_EDGE('',*,*,#14318,.F.);
#14340=ORIENTED_EDGE('',*,*,#9541,.T.);
#14342=ORIENTED_EDGE('',*,*,#14341,.T.);
#14344=ORIENTED_EDGE('',*,*,#14343,.T.);
#14346=ORIENTED_EDGE('',*,*,#14345,.T.);
#14347=ORIENTED_EDGE('',*,*,#9345,.T.);
#14349=ORIENTED_EDGE('',*,*,#14348,.T.);
#14351=ORIENTED_EDGE('',*,*,#14350,.T.);
#14353=ORIENTED_EDGE('',*,*,#14352,.T.);
#14354=ORIENTED_EDGE('',*,*,#9369,.T.);
#14356=ORIENTED_EDGE('',*,*,#14355,.T.);
#14358=ORIENTED_EDGE('',*,*,#14357,.T.);
#14360=ORIENTED_EDGE('',*,*,#14359,.T.);
#14361=ORIENTED_EDGE('',*,*,#9393,.T.);
#14363=ORIENTED_EDGE('',*,*,#14362,.T.);
#14365=ORIENTED_EDGE('',*,*,#14364,.T.);
#14367=ORIENTED_EDGE('',*,*,#14366,.T.);
#14368=ORIENTED_EDGE('',*,*,#9417,.T.);
#14369=EDGE_LOOP('',(#14329,#14331,#14333,#14334,#14336,#14338,#14339,#14340,
#14342,#14344,#14346,#14347,#14349,#14351,#14353,#14354,#14356,#14358,#14360,
#14361,#14363,#14365,#14367,#14368));
#14370=FACE_OUTER_BOUND('',#14369,.F.);
#14372=CARTESIAN_POINT('',(0.E0,1.75E0,-2.342916890667E1));
#14373=DIRECTION('',(1.E0,0.E0,0.E0));
#14374=DIRECTION('',(0.E0,0.E0,-1.E0));
#14375=AXIS2_PLACEMENT_3D('',#14372,#14373,#14374);
#14376=CYLINDRICAL_SURFACE('',#14375,2.151253947182E0);
#14377=ORIENTED_EDGE('',*,*,#9415,.F.);
#14378=ORIENTED_EDGE('',*,*,#9653,.T.);
#14380=ORIENTED_EDGE('',*,*,#14379,.T.);
#14381=ORIENTED_EDGE('',*,*,#14328,.F.);
#14382=EDGE_LOOP('',(#14377,#14378,#14380,#14381));
#14383=FACE_OUTER_BOUND('',#14382,.F.);
#14385=CARTESIAN_POINT('',(0.E0,-4.E-1,-2.350000224E1));
#14386=DIRECTION('',(0.E0,-1.E0,0.E0));
#14387=DIRECTION('',(0.E0,0.E0,-1.E0));
#14388=AXIS2_PLACEMENT_3D('',#14385,#14386,#14387);
#14389=PLANE('',#14388);
#14390=ORIENTED_EDGE('',*,*,#14330,.F.);
#14391=ORIENTED_EDGE('',*,*,#14379,.F.);
#14392=ORIENTED_EDGE('',*,*,#9651,.T.);
#14394=ORIENTED_EDGE('',*,*,#14393,.T.);
#14395=EDGE_LOOP('',(#14390,#14391,#14392,#14394));
#14396=FACE_OUTER_BOUND('',#14395,.F.);
#14398=CARTESIAN_POINT('',(0.E0,1.75E0,-2.642916890667E1));
#14399=DIRECTION('',(1.E0,0.E0,0.E0));
#14400=DIRECTION('',(0.E0,0.E0,-1.E0));
#14401=AXIS2_PLACEMENT_3D('',#14398,#14399,#14400);
#14402=CYLINDRICAL_SURFACE('',#14401,2.151253947182E0);
#14403=ORIENTED_EDGE('',*,*,#9455,.T.);
#14404=ORIENTED_EDGE('',*,*,#14332,.F.);
#14405=ORIENTED_EDGE('',*,*,#14393,.F.);
#14406=ORIENTED_EDGE('',*,*,#9649,.T.);
#14407=EDGE_LOOP('',(#14403,#14404,#14405,#14406));
#14408=FACE_OUTER_BOUND('',#14407,.F.);
#14410=CARTESIAN_POINT('',(2.7E1,0.E0,-4.5E1));
#14411=DIRECTION('',(0.E0,1.E0,0.E0));
#14412=DIRECTION('',(1.E0,0.E0,0.E0));
#14413=AXIS2_PLACEMENT_3D('',#14410,#14411,#14412);
#14414=CYLINDRICAL_SURFACE('',#14413,2.5E0);
#14416=ORIENTED_EDGE('',*,*,#14415,.T.);
#14417=ORIENTED_EDGE('',*,*,#14335,.F.);
#14418=ORIENTED_EDGE('',*,*,#9451,.T.);
#14419=ORIENTED_EDGE('',*,*,#10124,.T.);
#14420=EDGE_LOOP('',(#14416,#14417,#14418,#14419));
#14421=FACE_OUTER_BOUND('',#14420,.F.);
#14423=CARTESIAN_POINT('',(2.7E1,-1.05E1,-4.5E1));
#14424=DIRECTION('',(0.E0,1.E0,0.E0));
#14425=DIRECTION('',(-8.726326890563E-2,0.E0,-9.961852849244E-1));
#14426=AXIS2_PLACEMENT_3D('',#14423,#14424,#14425);
#14427=TOROIDAL_SURFACE('',#14426,1.5E0,1.E0);
#14428=ORIENTED_EDGE('',*,*,#10168,.T.);
#14430=ORIENTED_EDGE('',*,*,#14429,.T.);
#14431=ORIENTED_EDGE('',*,*,#14415,.F.);
#14433=ORIENTED_EDGE('',*,*,#14432,.F.);
#14434=EDGE_LOOP('',(#14428,#14430,#14431,#14433));
#14435=FACE_OUTER_BOUND('',#14434,.F.);
#14437=CARTESIAN_POINT('',(2.85E1,-1.05E1,-4.5218436E1));
#14438=DIRECTION('',(0.E0,0.E0,1.E0));
#14439=DIRECTION('',(0.E0,-1.E0,0.E0));
#14440=AXIS2_PLACEMENT_3D('',#14437,#14438,#14439);
#14441=CYLINDRICAL_SURFACE('',#14440,1.E0);
#14442=ORIENTED_EDGE('',*,*,#10166,.T.);
#14443=ORIENTED_EDGE('',*,*,#10600,.T.);
#14444=ORIENTED_EDGE('',*,*,#14337,.F.);
#14445=ORIENTED_EDGE('',*,*,#14429,.F.);
#14446=EDGE_LOOP('',(#14442,#14443,#14444,#14445));
#14447=FACE_OUTER_BOUND('',#14446,.F.);
#14449=CARTESIAN_POINT('',(-2.7218436E1,-1.05E1,-4.65E1));
#14450=DIRECTION('',(1.E0,0.E0,0.E0));
#14451=DIRECTION('',(0.E0,-1.E0,0.E0));
#14452=AXIS2_PLACEMENT_3D('',#14449,#14450,#14451);
#14453=CYLINDRICAL_SURFACE('',#14452,1.E0);
#14454=ORIENTED_EDGE('',*,*,#10170,.T.);
#14455=ORIENTED_EDGE('',*,*,#14432,.T.);
#14456=ORIENTED_EDGE('',*,*,#10122,.F.);
#14457=ORIENTED_EDGE('',*,*,#10151,.F.);
#14458=EDGE_LOOP('',(#14454,#14455,#14456,#14457));
#14459=FACE_OUTER_BOUND('',#14458,.F.);
#14461=CARTESIAN_POINT('',(0.E0,1.75E0,2.84999979E1));
#14462=DIRECTION('',(1.E0,0.E0,0.E0));
#14463=DIRECTION('',(0.E0,0.E0,-1.E0));
#14464=AXIS2_PLACEMENT_3D('',#14461,#14462,#14463);
#14465=CYLINDRICAL_SURFACE('',#14464,2.15E0);
#14466=ORIENTED_EDGE('',*,*,#9539,.F.);
#14467=ORIENTED_EDGE('',*,*,#9565,.T.);
#14469=ORIENTED_EDGE('',*,*,#14468,.T.);
#14470=ORIENTED_EDGE('',*,*,#14341,.F.);
#14471=EDGE_LOOP('',(#14466,#14467,#14469,#14470));
#14472=FACE_OUTER_BOUND('',#14471,.F.);
#14474=CARTESIAN_POINT('',(0.E0,-4.E-1,2.84999979E1));
#14475=DIRECTION('',(0.E0,-1.E0,0.E0));
#14476=DIRECTION('',(0.E0,0.E0,-1.E0));
#14477=AXIS2_PLACEMENT_3D('',#14474,#14475,#14476);
#14478=PLANE('',#14477);
#14479=ORIENTED_EDGE('',*,*,#14343,.F.);
#14480=ORIENTED_EDGE('',*,*,#14468,.F.);
#14481=ORIENTED_EDGE('',*,*,#9563,.T.);
#14483=ORIENTED_EDGE('',*,*,#14482,.T.);
#14484=EDGE_LOOP('',(#14479,#14480,#14481,#14483));
#14485=FACE_OUTER_BOUND('',#14484,.F.);
#14487=CARTESIAN_POINT('',(0.E0,1.75E0,2.542916456667E1));
#14488=DIRECTION('',(1.E0,0.E0,0.E0));
#14489=DIRECTION('',(0.E0,0.E0,-1.E0));
#14490=AXIS2_PLACEMENT_3D('',#14487,#14488,#14489);
#14491=CYLINDRICAL_SURFACE('',#14490,2.151253947182E0);
#14492=ORIENTED_EDGE('',*,*,#9347,.T.);
#14493=ORIENTED_EDGE('',*,*,#14345,.F.);
#14494=ORIENTED_EDGE('',*,*,#14482,.F.);
#14495=ORIENTED_EDGE('',*,*,#9561,.T.);
#14496=EDGE_LOOP('',(#14492,#14493,#14494,#14495));
#14497=FACE_OUTER_BOUND('',#14496,.F.);
#14499=CARTESIAN_POINT('',(0.E0,1.75E0,1.457083129333E1));
#14500=DIRECTION('',(1.E0,0.E0,0.E0));
#14501=DIRECTION('',(0.E0,0.E0,-1.E0));
#14502=AXIS2_PLACEMENT_3D('',#14499,#14500,#14501);
#14503=CYLINDRICAL_SURFACE('',#14502,2.151253947182E0);
#14504=ORIENTED_EDGE('',*,*,#9343,.F.);
#14505=ORIENTED_EDGE('',*,*,#9587,.T.);
#14507=ORIENTED_EDGE('',*,*,#14506,.T.);
#14508=ORIENTED_EDGE('',*,*,#14348,.F.);
#14509=EDGE_LOOP('',(#14504,#14505,#14507,#14508));
#14510=FACE_OUTER_BOUND('',#14509,.F.);
#14512=CARTESIAN_POINT('',(0.E0,-4.E-1,1.449999796E1));
#14513=DIRECTION('',(0.E0,-1.E0,0.E0));
#14514=DIRECTION('',(0.E0,0.E0,-1.E0));
#14515=AXIS2_PLACEMENT_3D('',#14512,#14513,#14514);
#14516=PLANE('',#14515);
#14517=ORIENTED_EDGE('',*,*,#14350,.F.);
#14518=ORIENTED_EDGE('',*,*,#14506,.F.);
#14519=ORIENTED_EDGE('',*,*,#9585,.T.);
#14521=ORIENTED_EDGE('',*,*,#14520,.T.);
#14522=EDGE_LOOP('',(#14517,#14518,#14519,#14521));
#14523=FACE_OUTER_BOUND('',#14522,.F.);
#14525=CARTESIAN_POINT('',(0.E0,1.75E0,1.142916462667E1));
#14526=DIRECTION('',(1.E0,0.E0,0.E0));
#14527=DIRECTION('',(0.E0,0.E0,-1.E0));
#14528=AXIS2_PLACEMENT_3D('',#14525,#14526,#14527);
#14529=CYLINDRICAL_SURFACE('',#14528,2.151253947182E0);
#14530=ORIENTED_EDGE('',*,*,#9371,.T.);
#14531=ORIENTED_EDGE('',*,*,#14352,.F.);
#14532=ORIENTED_EDGE('',*,*,#14520,.F.);
#14533=ORIENTED_EDGE('',*,*,#9583,.T.);
#14534=EDGE_LOOP('',(#14530,#14531,#14532,#14533));
#14535=FACE_OUTER_BOUND('',#14534,.F.);
#14537=CARTESIAN_POINT('',(0.E0,1.75E0,-1.429167186667E0));
#14538=DIRECTION('',(1.E0,0.E0,0.E0));
#14539=DIRECTION('',(0.E0,0.E0,-1.E0));
#14540=AXIS2_PLACEMENT_3D('',#14537,#14538,#14539);
#14541=CYLINDRICAL_SURFACE('',#14540,2.151253947182E0);
#14542=ORIENTED_EDGE('',*,*,#9367,.F.);
#14543=ORIENTED_EDGE('',*,*,#9609,.T.);
#14545=ORIENTED_EDGE('',*,*,#14544,.T.);
#14546=ORIENTED_EDGE('',*,*,#14355,.F.);
#14547=EDGE_LOOP('',(#14542,#14543,#14545,#14546));
#14548=FACE_OUTER_BOUND('',#14547,.F.);
#14550=CARTESIAN_POINT('',(0.E0,-4.E-1,-1.500000519999E0));
#14551=DIRECTION('',(0.E0,-1.E0,0.E0));
#14552=DIRECTION('',(0.E0,0.E0,-1.E0));
#14553=AXIS2_PLACEMENT_3D('',#14550,#14551,#14552);
#14554=PLANE('',#14553);
#14555=ORIENTED_EDGE('',*,*,#14357,.F.);
#14556=ORIENTED_EDGE('',*,*,#14544,.F.);
#14557=ORIENTED_EDGE('',*,*,#9607,.T.);
#14559=ORIENTED_EDGE('',*,*,#14558,.T.);
#14560=EDGE_LOOP('',(#14555,#14556,#14557,#14559));
#14561=FACE_OUTER_BOUND('',#14560,.F.);
#14563=CARTESIAN_POINT('',(0.E0,1.75E0,-4.429167186667E0));
#14564=DIRECTION('',(1.E0,0.E0,0.E0));
#14565=DIRECTION('',(0.E0,0.E0,-1.E0));
#14566=AXIS2_PLACEMENT_3D('',#14563,#14564,#14565);
#14567=CYLINDRICAL_SURFACE('',#14566,2.151253947182E0);
#14568=ORIENTED_EDGE('',*,*,#9395,.T.);
#14569=ORIENTED_EDGE('',*,*,#14359,.F.);
#14570=ORIENTED_EDGE('',*,*,#14558,.F.);
#14571=ORIENTED_EDGE('',*,*,#9605,.T.);
#14572=EDGE_LOOP('',(#14568,#14569,#14570,#14571));
#14573=FACE_OUTER_BOUND('',#14572,.F.);
#14575=CARTESIAN_POINT('',(0.E0,1.75E0,-1.257083217333E1));
#14576=DIRECTION('',(1.E0,0.E0,0.E0));
#14577=DIRECTION('',(0.E0,0.E0,-1.E0));
#14578=AXIS2_PLACEMENT_3D('',#14575,#14576,#14577);
#14579=CYLINDRICAL_SURFACE('',#14578,2.151253947182E0);
#14580=ORIENTED_EDGE('',*,*,#9391,.F.);
#14581=ORIENTED_EDGE('',*,*,#9631,.T.);
#14583=ORIENTED_EDGE('',*,*,#14582,.T.);
#14584=ORIENTED_EDGE('',*,*,#14362,.F.);
#14585=EDGE_LOOP('',(#14580,#14581,#14583,#14584));
#14586=FACE_OUTER_BOUND('',#14585,.F.);
#14588=CARTESIAN_POINT('',(0.E0,-4.E-1,-1.249999884E1));
#14589=DIRECTION('',(0.E0,-1.E0,0.E0));
#14590=DIRECTION('',(0.E0,0.E0,-1.E0));
#14591=AXIS2_PLACEMENT_3D('',#14588,#14589,#14590);
#14592=PLANE('',#14591);
#14593=ORIENTED_EDGE('',*,*,#14364,.F.);
#14594=ORIENTED_EDGE('',*,*,#14582,.F.);
#14595=ORIENTED_EDGE('',*,*,#9629,.T.);
#14597=ORIENTED_EDGE('',*,*,#14596,.T.);
#14598=EDGE_LOOP('',(#14593,#14594,#14595,#14597));
#14599=FACE_OUTER_BOUND('',#14598,.F.);
#14601=CARTESIAN_POINT('',(0.E0,1.75E0,-1.549999884E1));
#14602=DIRECTION('',(1.E0,0.E0,0.E0));
#14603=DIRECTION('',(0.E0,0.E0,-1.E0));
#14604=AXIS2_PLACEMENT_3D('',#14601,#14602,#14603);
#14605=CYLINDRICAL_SURFACE('',#14604,2.15E0);
#14606=ORIENTED_EDGE('',*,*,#9419,.T.);
#14607=ORIENTED_EDGE('',*,*,#14366,.F.);
#14608=ORIENTED_EDGE('',*,*,#14596,.F.);
#14609=ORIENTED_EDGE('',*,*,#9627,.T.);
#14610=EDGE_LOOP('',(#14606,#14607,#14608,#14609));
#14611=FACE_OUTER_BOUND('',#14610,.F.);
#14613=CARTESIAN_POINT('',(-1.545584787045E0,-1.15E1,1.635783625741E1));
#14614=DIRECTION('',(-1.045346185607E-1,0.E0,-9.945212484016E-1));
#14615=DIRECTION('',(9.945212484016E-1,0.E0,-1.045346185607E-1));
#14616=AXIS2_PLACEMENT_3D('',#14613,#14614,#14615);
#14617=PLANE('',#14616);
#14618=ORIENTED_EDGE('',*,*,#10451,.F.);
#14620=ORIENTED_EDGE('',*,*,#14619,.T.);
#14622=ORIENTED_EDGE('',*,*,#14621,.T.);
#14624=ORIENTED_EDGE('',*,*,#14623,.F.);
#14625=EDGE_LOOP('',(#14618,#14620,#14622,#14624));
#14626=FACE_OUTER_BOUND('',#14625,.F.);
#14628=CARTESIAN_POINT('',(-1.545584787045E0,-1.15E1,1.388932321338E1));
#14629=DIRECTION('',(1.E0,0.E0,0.E0));
#14630=DIRECTION('',(0.E0,0.E0,1.E0));
#14631=AXIS2_PLACEMENT_3D('',#14628,#14629,#14630);
#14632=PLANE('',#14631);
#14633=ORIENTED_EDGE('',*,*,#10461,.F.);
#14635=ORIENTED_EDGE('',*,*,#14634,.T.);
#14637=ORIENTED_EDGE('',*,*,#14636,.T.);
#14638=ORIENTED_EDGE('',*,*,#14619,.F.);
#14639=EDGE_LOOP('',(#14633,#14635,#14637,#14638));
#14640=FACE_OUTER_BOUND('',#14639,.F.);
#14642=CARTESIAN_POINT('',(-2.920699812074E0,-1.15E1,1.403385362654E1));
#14643=DIRECTION('',(-1.045284633098E-1,0.E0,-9.945218953638E-1));
#14644=DIRECTION('',(9.945218953638E-1,0.E0,-1.045284633098E-1));
#14645=AXIS2_PLACEMENT_3D('',#14642,#14643,#14644);
#14646=PLANE('',#14645);
#14647=ORIENTED_EDGE('',*,*,#10459,.F.);
#14649=ORIENTED_EDGE('',*,*,#14648,.T.);
#14651=ORIENTED_EDGE('',*,*,#14650,.T.);
#14652=ORIENTED_EDGE('',*,*,#14634,.F.);
#14653=EDGE_LOOP('',(#14647,#14649,#14651,#14652));
#14654=FACE_OUTER_BOUND('',#14653,.F.);
#14656=CARTESIAN_POINT('',(-2.920699812074E0,-1.15E1,1.800156936994E1));
#14657=DIRECTION('',(-1.E0,0.E0,0.E0));
#14658=DIRECTION('',(0.E0,0.E0,-1.E0));
#14659=AXIS2_PLACEMENT_3D('',#14656,#14657,#14658);
#14660=PLANE('',#14659);
#14661=ORIENTED_EDGE('',*,*,#10457,.F.);
#14663=ORIENTED_EDGE('',*,*,#14662,.T.);
#14665=ORIENTED_EDGE('',*,*,#14664,.T.);
#14666=ORIENTED_EDGE('',*,*,#14648,.F.);
#14667=EDGE_LOOP('',(#14661,#14663,#14665,#14666));
#14668=FACE_OUTER_BOUND('',#14667,.F.);
#14670=CARTESIAN_POINT('',(5.450850813908E0,-1.15E1,1.712168419199E1));
#14671=DIRECTION('',(1.045284340597E-1,0.E0,9.945218984381E-1));
#14672=DIRECTION('',(-9.945218984381E-1,0.E0,1.045284340597E-1));
#14673=AXIS2_PLACEMENT_3D('',#14670,#14671,#14672);
#14674=PLANE('',#14673);
#14675=ORIENTED_EDGE('',*,*,#10455,.F.);
#14677=ORIENTED_EDGE('',*,*,#14676,.T.);
#14679=ORIENTED_EDGE('',*,*,#14678,.T.);
#14680=ORIENTED_EDGE('',*,*,#14662,.F.);
#14681=EDGE_LOOP('',(#14675,#14677,#14679,#14680));
#14682=FACE_OUTER_BOUND('',#14681,.F.);
#14684=CARTESIAN_POINT('',(5.450850813908E0,-1.15E1,1.562243746327E1));
#14685=DIRECTION('',(1.E0,0.E0,0.E0));
#14686=DIRECTION('',(0.E0,0.E0,1.E0));
#14687=AXIS2_PLACEMENT_3D('',#14684,#14685,#14686);
#14688=PLANE('',#14687);
#14689=ORIENTED_EDGE('',*,*,#10453,.F.);
#14690=ORIENTED_EDGE('',*,*,#14623,.T.);
#14692=ORIENTED_EDGE('',*,*,#14691,.T.);
#14693=ORIENTED_EDGE('',*,*,#14676,.F.);
#14694=EDGE_LOOP('',(#14689,#14690,#14692,#14693));
#14695=FACE_OUTER_BOUND('',#14694,.F.);
#14697=CARTESIAN_POINT('',(0.E0,-1.115E1,0.E0));
#14698=DIRECTION('',(0.E0,-1.E0,0.E0));
#14699=DIRECTION('',(0.E0,0.E0,-1.E0));
#14700=AXIS2_PLACEMENT_3D('',#14697,#14698,#14699);
#14701=PLANE('',#14700);
#14702=ORIENTED_EDGE('',*,*,#14621,.F.);
#14703=ORIENTED_EDGE('',*,*,#14636,.F.);
#14704=ORIENTED_EDGE('',*,*,#14650,.F.);
#14705=ORIENTED_EDGE('',*,*,#14664,.F.);
#14706=ORIENTED_EDGE('',*,*,#14678,.F.);
#14707=ORIENTED_EDGE('',*,*,#14691,.F.);
#14708=EDGE_LOOP('',(#14702,#14703,#14704,#14705,#14706,#14707));
#14709=FACE_OUTER_BOUND('',#14708,.F.);
#14711=FILL_AREA_STYLE_COLOUR('',#6);
#14712=FILL_AREA_STYLE('',(#14711));
#14713=SURFACE_STYLE_FILL_AREA(#14712);
#14714=SURFACE_SIDE_STYLE('',(#14713));
#14715=SURFACE_STYLE_USAGE(.POSITIVE.,#14714);
#14716=FILL_AREA_STYLE_COLOUR('',#5);
#14717=FILL_AREA_STYLE('',(#14716));
#14718=SURFACE_STYLE_FILL_AREA(#14717);
#14719=SURFACE_SIDE_STYLE('',(#14718));
#14720=SURFACE_STYLE_USAGE(.NEGATIVE.,#14719);
#14721=PRESENTATION_STYLE_ASSIGNMENT((#14715,#14720));
#14722=OVER_RIDING_STYLED_ITEM('',(#14721),#14710,#15);
#14723=CARTESIAN_POINT('',(0.E0,-1.115E1,0.E0));
#14724=DIRECTION('',(0.E0,-1.E0,0.E0));
#14725=DIRECTION('',(0.E0,0.E0,-1.E0));
#14726=AXIS2_PLACEMENT_3D('',#14723,#14724,#14725);
#14727=PLANE('',#14726);
#14729=ORIENTED_EDGE('',*,*,#14728,.F.);
#14731=ORIENTED_EDGE('',*,*,#14730,.F.);
#14733=ORIENTED_EDGE('',*,*,#14732,.F.);
#14735=ORIENTED_EDGE('',*,*,#14734,.F.);
#14737=ORIENTED_EDGE('',*,*,#14736,.F.);
#14739=ORIENTED_EDGE('',*,*,#14738,.F.);
#14740=EDGE_LOOP('',(#14729,#14731,#14733,#14735,#14737,#14739));
#14741=FACE_OUTER_BOUND('',#14740,.F.);
#14743=FILL_AREA_STYLE_COLOUR('',#6);
#14744=FILL_AREA_STYLE('',(#14743));
#14745=SURFACE_STYLE_FILL_AREA(#14744);
#14746=SURFACE_SIDE_STYLE('',(#14745));
#14747=SURFACE_STYLE_USAGE(.POSITIVE.,#14746);
#14748=FILL_AREA_STYLE_COLOUR('',#5);
#14749=FILL_AREA_STYLE('',(#14748));
#14750=SURFACE_STYLE_FILL_AREA(#14749);
#14751=SURFACE_SIDE_STYLE('',(#14750));
#14752=SURFACE_STYLE_USAGE(.NEGATIVE.,#14751);
#14753=PRESENTATION_STYLE_ASSIGNMENT((#14747,#14752));
#14754=OVER_RIDING_STYLED_ITEM('',(#14753),#14742,#15);
#14755=CARTESIAN_POINT('',(0.E0,-1.115E1,0.E0));
#14756=DIRECTION('',(0.E0,-1.E0,0.E0));
#14757=DIRECTION('',(0.E0,0.E0,-1.E0));
#14758=AXIS2_PLACEMENT_3D('',#14755,#14756,#14757);
#14759=PLANE('',#14758);
#14761=ORIENTED_EDGE('',*,*,#14760,.F.);
#14763=ORIENTED_EDGE('',*,*,#14762,.F.);
#14765=ORIENTED_EDGE('',*,*,#14764,.F.);
#14767=ORIENTED_EDGE('',*,*,#14766,.F.);
#14769=ORIENTED_EDGE('',*,*,#14768,.F.);
#14770=EDGE_LOOP('',(#14761,#14763,#14765,#14767,#14769));
#14771=FACE_OUTER_BOUND('',#14770,.F.);
#14773=ORIENTED_EDGE('',*,*,#14772,.F.);
#14775=ORIENTED_EDGE('',*,*,#14774,.F.);
#14777=ORIENTED_EDGE('',*,*,#14776,.F.);
#14778=EDGE_LOOP('',(#14773,#14775,#14777));
#14779=FACE_BOUND('',#14778,.F.);
#14781=FILL_AREA_STYLE_COLOUR('',#6);
#14782=FILL_AREA_STYLE('',(#14781));
#14783=SURFACE_STYLE_FILL_AREA(#14782);
#14784=SURFACE_SIDE_STYLE('',(#14783));
#14785=SURFACE_STYLE_USAGE(.POSITIVE.,#14784);
#14786=FILL_AREA_STYLE_COLOUR('',#5);
#14787=FILL_AREA_STYLE('',(#14786));
#14788=SURFACE_STYLE_FILL_AREA(#14787);
#14789=SURFACE_SIDE_STYLE('',(#14788));
#14790=SURFACE_STYLE_USAGE(.NEGATIVE.,#14789);
#14791=PRESENTATION_STYLE_ASSIGNMENT((#14785,#14790));
#14792=OVER_RIDING_STYLED_ITEM('',(#14791),#14780,#15);
#14793=CARTESIAN_POINT('',(0.E0,-1.115E1,0.E0));
#14794=DIRECTION('',(0.E0,-1.E0,0.E0));
#14795=DIRECTION('',(0.E0,0.E0,-1.E0));
#14796=AXIS2_PLACEMENT_3D('',#14793,#14794,#14795);
#14797=PLANE('',#14796);
#14799=ORIENTED_EDGE('',*,*,#14798,.F.);
#14801=ORIENTED_EDGE('',*,*,#14800,.F.);
#14803=ORIENTED_EDGE('',*,*,#14802,.F.);
#14805=ORIENTED_EDGE('',*,*,#14804,.F.);
#14806=EDGE_LOOP('',(#14799,#14801,#14803,#14805));
#14807=FACE_OUTER_BOUND('',#14806,.F.);
#14809=FILL_AREA_STYLE_COLOUR('',#6);
#14810=FILL_AREA_STYLE('',(#14809));
#14811=SURFACE_STYLE_FILL_AREA(#14810);
#14812=SURFACE_SIDE_STYLE('',(#14811));
#14813=SURFACE_STYLE_USAGE(.POSITIVE.,#14812);
#14814=FILL_AREA_STYLE_COLOUR('',#5);
#14815=FILL_AREA_STYLE('',(#14814));
#14816=SURFACE_STYLE_FILL_AREA(#14815);
#14817=SURFACE_SIDE_STYLE('',(#14816));
#14818=SURFACE_STYLE_USAGE(.NEGATIVE.,#14817);
#14819=PRESENTATION_STYLE_ASSIGNMENT((#14813,#14818));
#14820=OVER_RIDING_STYLED_ITEM('',(#14819),#14808,#15);
#14821=CARTESIAN_POINT('',(0.E0,-1.115E1,0.E0));
#14822=DIRECTION('',(0.E0,-1.E0,0.E0));
#14823=DIRECTION('',(0.E0,0.E0,-1.E0));
#14824=AXIS2_PLACEMENT_3D('',#14821,#14822,#14823);
#14825=PLANE('',#14824);
#14827=ORIENTED_EDGE('',*,*,#14826,.F.);
#14829=ORIENTED_EDGE('',*,*,#14828,.F.);
#14831=ORIENTED_EDGE('',*,*,#14830,.F.);
#14833=ORIENTED_EDGE('',*,*,#14832,.F.);
#14835=ORIENTED_EDGE('',*,*,#14834,.F.);
#14837=ORIENTED_EDGE('',*,*,#14836,.F.);
#14838=EDGE_LOOP('',(#14827,#14829,#14831,#14833,#14835,#14837));
#14839=FACE_OUTER_BOUND('',#14838,.F.);
#14841=FILL_AREA_STYLE_COLOUR('',#6);
#14842=FILL_AREA_STYLE('',(#14841));
#14843=SURFACE_STYLE_FILL_AREA(#14842);
#14844=SURFACE_SIDE_STYLE('',(#14843));
#14845=SURFACE_STYLE_USAGE(.POSITIVE.,#14844);
#14846=FILL_AREA_STYLE_COLOUR('',#5);
#14847=FILL_AREA_STYLE('',(#14846));
#14848=SURFACE_STYLE_FILL_AREA(#14847);
#14849=SURFACE_SIDE_STYLE('',(#14848));
#14850=SURFACE_STYLE_USAGE(.NEGATIVE.,#14849);
#14851=PRESENTATION_STYLE_ASSIGNMENT((#14845,#14850));
#14852=OVER_RIDING_STYLED_ITEM('',(#14851),#14840,#15);
#14853=CARTESIAN_POINT('',(0.E0,-1.115E1,0.E0));
#14854=DIRECTION('',(0.E0,-1.E0,0.E0));
#14855=DIRECTION('',(0.E0,0.E0,-1.E0));
#14856=AXIS2_PLACEMENT_3D('',#14853,#14854,#14855);
#14857=PLANE('',#14856);
#14859=ORIENTED_EDGE('',*,*,#14858,.F.);
#14861=ORIENTED_EDGE('',*,*,#14860,.F.);
#14863=ORIENTED_EDGE('',*,*,#14862,.F.);
#14865=ORIENTED_EDGE('',*,*,#14864,.F.);
#14867=ORIENTED_EDGE('',*,*,#14866,.F.);
#14869=ORIENTED_EDGE('',*,*,#14868,.F.);
#14871=ORIENTED_EDGE('',*,*,#14870,.F.);
#14873=ORIENTED_EDGE('',*,*,#14872,.F.);
#14874=EDGE_LOOP('',(#14859,#14861,#14863,#14865,#14867,#14869,#14871,#14873));
#14875=FACE_OUTER_BOUND('',#14874,.F.);
#14877=ORIENTED_EDGE('',*,*,#14876,.F.);
#14879=ORIENTED_EDGE('',*,*,#14878,.F.);
#14880=EDGE_LOOP('',(#14877,#14879));
#14881=FACE_BOUND('',#14880,.F.);
#14883=FILL_AREA_STYLE_COLOUR('',#6);
#14884=FILL_AREA_STYLE('',(#14883));
#14885=SURFACE_STYLE_FILL_AREA(#14884);
#14886=SURFACE_SIDE_STYLE('',(#14885));
#14887=SURFACE_STYLE_USAGE(.POSITIVE.,#14886);
#14888=FILL_AREA_STYLE_COLOUR('',#5);
#14889=FILL_AREA_STYLE('',(#14888));
#14890=SURFACE_STYLE_FILL_AREA(#14889);
#14891=SURFACE_SIDE_STYLE('',(#14890));
#14892=SURFACE_STYLE_USAGE(.NEGATIVE.,#14891);
#14893=PRESENTATION_STYLE_ASSIGNMENT((#14887,#14892));
#14894=OVER_RIDING_STYLED_ITEM('',(#14893),#14882,#15);
#14895=CARTESIAN_POINT('',(0.E0,-1.115E1,0.E0));
#14896=DIRECTION('',(0.E0,-1.E0,0.E0));
#14897=DIRECTION('',(0.E0,0.E0,-1.E0));
#14898=AXIS2_PLACEMENT_3D('',#14895,#14896,#14897);
#14899=PLANE('',#14898);
#14901=ORIENTED_EDGE('',*,*,#14900,.F.);
#14903=ORIENTED_EDGE('',*,*,#14902,.F.);
#14905=ORIENTED_EDGE('',*,*,#14904,.F.);
#14907=ORIENTED_EDGE('',*,*,#14906,.F.);
#14909=ORIENTED_EDGE('',*,*,#14908,.F.);
#14911=ORIENTED_EDGE('',*,*,#14910,.F.);
#14913=ORIENTED_EDGE('',*,*,#14912,.F.);
#14915=ORIENTED_EDGE('',*,*,#14914,.F.);
#14916=EDGE_LOOP('',(#14901,#14903,#14905,#14907,#14909,#14911,#14913,#14915));
#14917=FACE_OUTER_BOUND('',#14916,.F.);
#14919=ORIENTED_EDGE('',*,*,#14918,.F.);
#14921=ORIENTED_EDGE('',*,*,#14920,.F.);
#14922=EDGE_LOOP('',(#14919,#14921));
#14923=FACE_BOUND('',#14922,.F.);
#14925=FILL_AREA_STYLE_COLOUR('',#6);
#14926=FILL_AREA_STYLE('',(#14925));
#14927=SURFACE_STYLE_FILL_AREA(#14926);
#14928=SURFACE_SIDE_STYLE('',(#14927));
#14929=SURFACE_STYLE_USAGE(.POSITIVE.,#14928);
#14930=FILL_AREA_STYLE_COLOUR('',#5);
#14931=FILL_AREA_STYLE('',(#14930));
#14932=SURFACE_STYLE_FILL_AREA(#14931);
#14933=SURFACE_SIDE_STYLE('',(#14932));
#14934=SURFACE_STYLE_USAGE(.NEGATIVE.,#14933);
#14935=PRESENTATION_STYLE_ASSIGNMENT((#14929,#14934));
#14936=OVER_RIDING_STYLED_ITEM('',(#14935),#14924,#15);
#14937=CARTESIAN_POINT('',(2.134742660034E0,-1.15E1,1.084044176714E1));
#14938=DIRECTION('',(9.999996563861E-1,0.E0,-8.289919881573E-4));
#14939=DIRECTION('',(8.289919881573E-4,0.E0,9.999996563861E-1));
#14940=AXIS2_PLACEMENT_3D('',#14937,#14938,#14939);
#14941=PLANE('',#14940);
#14942=ORIENTED_EDGE('',*,*,#10465,.F.);
#14944=ORIENTED_EDGE('',*,*,#14943,.T.);
#14945=ORIENTED_EDGE('',*,*,#14728,.T.);
#14947=ORIENTED_EDGE('',*,*,#14946,.F.);
#14948=EDGE_LOOP('',(#14942,#14944,#14945,#14947));
#14949=FACE_OUTER_BOUND('',#14948,.F.);
#14951=CARTESIAN_POINT('',(-2.920699812074E0,-1.15E1,1.137208260540E1));
#14952=DIRECTION('',(-1.045853606036E-1,0.E0,-9.945159135717E-1));
#14953=DIRECTION('',(9.945159135717E-1,0.E0,-1.045853606036E-1));
#14954=AXIS2_PLACEMENT_3D('',#14951,#14952,#14953);
#14955=PLANE('',#14954);
#14956=ORIENTED_EDGE('',*,*,#10475,.F.);
#14958=ORIENTED_EDGE('',*,*,#14957,.T.);
#14959=ORIENTED_EDGE('',*,*,#14730,.T.);
#14960=ORIENTED_EDGE('',*,*,#14943,.F.);
#14961=EDGE_LOOP('',(#14956,#14958,#14959,#14960));
#14962=FACE_OUTER_BOUND('',#14961,.F.);
#14964=CARTESIAN_POINT('',(-2.920699812074E0,-1.15E1,1.283250757075E1));
#14965=DIRECTION('',(-1.E0,0.E0,0.E0));
#14966=DIRECTION('',(0.E0,0.E0,-1.E0));
#14967=AXIS2_PLACEMENT_3D('',#14964,#14965,#14966);
#14968=PLANE('',#14967);
#14969=ORIENTED_EDGE('',*,*,#10473,.F.);
#14971=ORIENTED_EDGE('',*,*,#14970,.T.);
#14972=ORIENTED_EDGE('',*,*,#14732,.T.);
#14973=ORIENTED_EDGE('',*,*,#14957,.F.);
#14974=EDGE_LOOP('',(#14969,#14971,#14972,#14973));
#14975=FACE_OUTER_BOUND('',#14974,.F.);
#14977=CARTESIAN_POINT('',(7.624571360020E-1,-1.15E1,1.244556970718E1));
#14978=DIRECTION('',(1.044810500043E-1,0.E0,9.945268775604E-1));
#14979=DIRECTION('',(-9.945268775604E-1,0.E0,1.044810500043E-1));
#14980=AXIS2_PLACEMENT_3D('',#14977,#14978,#14979);
#14981=PLANE('',#14980);
#14982=ORIENTED_EDGE('',*,*,#10471,.F.);
#14984=ORIENTED_EDGE('',*,*,#14983,.T.);
#14985=ORIENTED_EDGE('',*,*,#14734,.T.);
#14986=ORIENTED_EDGE('',*,*,#14970,.F.);
#14987=EDGE_LOOP('',(#14982,#14984,#14985,#14986));
#14988=FACE_OUTER_BOUND('',#14987,.F.);
#14990=CARTESIAN_POINT('',(7.624571360020E-1,-1.15E1,1.434505938822E1));
#14991=DIRECTION('',(-1.E0,0.E0,0.E0));
#14992=DIRECTION('',(0.E0,0.E0,-1.E0));
#14993=AXIS2_PLACEMENT_3D('',#14990,#14991,#14992);
#14994=PLANE('',#14993);
#14995=ORIENTED_EDGE('',*,*,#10469,.F.);
#14997=ORIENTED_EDGE('',*,*,#14996,.T.);
#14998=ORIENTED_EDGE('',*,*,#14736,.T.);
#14999=ORIENTED_EDGE('',*,*,#14983,.F.);
#15000=EDGE_LOOP('',(#14995,#14997,#14998,#14999));
#15001=FACE_OUTER_BOUND('',#15000,.F.);
#15003=CARTESIAN_POINT('',(2.137527248313E0,-1.15E1,1.419944566878E1));
#15004=DIRECTION('',(1.053066863384E-1,0.E0,9.944397929550E-1));
#15005=DIRECTION('',(-9.944397929550E-1,0.E0,1.053066863384E-1));
#15006=AXIS2_PLACEMENT_3D('',#15003,#15004,#15005);
#15007=PLANE('',#15006);
#15008=ORIENTED_EDGE('',*,*,#10467,.F.);
#15009=ORIENTED_EDGE('',*,*,#14946,.T.);
#15010=ORIENTED_EDGE('',*,*,#14738,.T.);
#15011=ORIENTED_EDGE('',*,*,#14996,.F.);
#15012=EDGE_LOOP('',(#15008,#15009,#15010,#15011));
#15013=FACE_OUTER_BOUND('',#15012,.F.);
#15015=CARTESIAN_POINT('',(1.133027932638E-1,-1.15E1,6.132510455904E0));
#15016=CARTESIAN_POINT('',(1.332800684523E-1,-1.15E1,6.134211534557E0));
#15017=CARTESIAN_POINT('',(3.194473014680E-1,-1.15E1,6.153206693037E0));
#15018=CARTESIAN_POINT('',(6.468068560555E-1,-1.15E1,6.241159756453E0));
#15019=CARTESIAN_POINT('',(1.000497337430E0,-1.15E1,6.533214128898E0));
#15020=CARTESIAN_POINT('',(1.189827940296E0,-1.15E1,6.915471054234E0));
#15021=CARTESIAN_POINT('',(1.228085385544E0,-1.15E1,7.212682679012E0));
#15022=CARTESIAN_POINT('',(1.225102725405E0,-1.15E1,7.371649516013E0));
#15023=CARTESIAN_POINT('',(1.224364191565E0,-1.15E1,7.391671074384E0));
#15025=DIRECTION('',(0.E0,-1.E0,0.E0));
#15026=VECTOR('',#15025,1.E0);
#15027=SURFACE_OF_LINEAR_EXTRUSION('',#15024,#15026);
#15028=ORIENTED_EDGE('',*,*,#10557,.T.);
#15030=ORIENTED_EDGE('',*,*,#15029,.T.);
#15031=ORIENTED_EDGE('',*,*,#14772,.T.);
#15033=ORIENTED_EDGE('',*,*,#15032,.F.);
#15034=EDGE_LOOP('',(#15028,#15030,#15031,#15033));
#15035=FACE_OUTER_BOUND('',#15034,.F.);
#15037=CARTESIAN_POINT('',(1.224591399004E0,-1.15E1,7.271265539490E0));
#15038=CARTESIAN_POINT('',(1.225179873075E0,-1.15E1,7.291310028389E0));
#15039=CARTESIAN_POINT('',(1.228014834033E0,-1.15E1,7.481485554790E0));
#15040=CARTESIAN_POINT('',(1.184214013407E0,-1.15E1,7.831821553612E0));
#15041=CARTESIAN_POINT('',(9.724456296269E-1,-1.15E1,8.275743224023E0));
#15042=CARTESIAN_POINT('',(6.253198456556E-1,-1.15E1,8.618946771042E0));
#15043=CARTESIAN_POINT('',(3.126557015807E-1,-1.15E1,8.772194387920E0));
#15044=CARTESIAN_POINT('',(1.352470979692E-1,-1.15E1,8.829509859681E0));
#15045=CARTESIAN_POINT('',(1.161156692559E-1,-1.15E1,8.835371574392E0));
#15047=DIRECTION('',(0.E0,-1.E0,0.E0));
#15048=VECTOR('',#15047,1.E0);
#15049=SURFACE_OF_LINEAR_EXTRUSION('',#15046,#15048);
#15050=ORIENTED_EDGE('',*,*,#10561,.T.);
#15052=ORIENTED_EDGE('',*,*,#15051,.T.);
#15053=ORIENTED_EDGE('',*,*,#14774,.T.);
#15054=ORIENTED_EDGE('',*,*,#15029,.F.);
#15055=EDGE_LOOP('',(#15050,#15052,#15053,#15054));
#15056=FACE_OUTER_BOUND('',#15055,.F.);
#15058=CARTESIAN_POINT('',(1.733054934827E-1,-1.15E1,6.138654303228E0));
#15059=DIRECTION('',(9.999999999999E-1,0.E0,-3.314127461350E-7));
#15060=DIRECTION('',(3.314127461350E-7,0.E0,9.999999999999E-1));
#15061=AXIS2_PLACEMENT_3D('',#15058,#15059,#15060);
#15062=PLANE('',#15061);
#15063=ORIENTED_EDGE('',*,*,#10559,.F.);
#15064=ORIENTED_EDGE('',*,*,#15032,.T.);
#15065=ORIENTED_EDGE('',*,*,#14776,.T.);
#15066=ORIENTED_EDGE('',*,*,#15051,.F.);
#15067=EDGE_LOOP('',(#15063,#15064,#15065,#15066));
#15068=FACE_OUTER_BOUND('',#15067,.F.);
#15070=CARTESIAN_POINT('',(-1.024696230384E0,-1.15E1,4.991183221590E0));
#15071=CARTESIAN_POINT('',(-9.728283258170E-1,-1.15E1,4.975082670446E0));
#15072=CARTESIAN_POINT('',(-8.767713454094E-1,-1.15E1,4.946300395256E0));
#15073=CARTESIAN_POINT('',(-7.352542774997E-1,-1.15E1,4.908494277512E0));
#15074=CARTESIAN_POINT('',(-5.995196831738E-1,-1.15E1,4.877547138137E0));
#15075=CARTESIAN_POINT('',(-4.839944205639E-1,-1.15E1,4.856586463088E0));
#15076=CARTESIAN_POINT('',(-3.891723882353E-1,-1.15E1,4.842980911933E0));
#15077=CARTESIAN_POINT('',(-2.934158620531E-1,-1.15E1,4.831798821524E0));
#15078=CARTESIAN_POINT('',(-1.745626451194E-1,-1.15E1,4.822127797868E0));
#15079=CARTESIAN_POINT('',(1.156219147349E-2,-1.15E1,4.815336142401E0));
#15080=CARTESIAN_POINT('',(3.256263344415E-1,-1.15E1,4.825393049543E0));
#15081=CARTESIAN_POINT('',(7.566909272950E-1,-1.15E1,4.900493081540E0));
#15082=CARTESIAN_POINT('',(1.230931188873E0,-1.15E1,5.087140039864E0));
#15083=CARTESIAN_POINT('',(1.644004744352E0,-1.15E1,5.362973745437E0));
#15084=CARTESIAN_POINT('',(1.984294917813E0,-1.15E1,5.721598429891E0));
#15085=CARTESIAN_POINT('',(2.195373868402E0,-1.15E1,6.080488576316E0));
#15086=CARTESIAN_POINT('',(2.316592516103E0,-1.15E1,6.397026830222E0));
#15087=CARTESIAN_POINT('',(2.383846877645E0,-1.15E1,6.653204233741E0));
#15088=CARTESIAN_POINT('',(2.417746414568E0,-1.15E1,6.877053817239E0));
#15089=CARTESIAN_POINT('',(2.431604266234E0,-1.15E1,7.062694951356E0));
#15090=CARTESIAN_POINT('',(2.435048889280E0,-1.15E1,7.208850864448E0));
#15091=CARTESIAN_POINT('',(2.431576074660E0,-1.15E1,7.358454484362E0));
#15092=CARTESIAN_POINT('',(2.417922245149E0,-1.15E1,7.558523917289E0));
#15093=CARTESIAN_POINT('',(2.384255342714E0,-1.15E1,7.802660263767E0));
#15094=CARTESIAN_POINT('',(2.317882091958E0,-1.15E1,8.086042012124E0));
#15095=CARTESIAN_POINT('',(2.197706101657E0,-1.15E1,8.444566501170E0));
#15096=CARTESIAN_POINT('',(1.989173651251E0,-1.15E1,8.862348382752E0));
#15097=CARTESIAN_POINT('',(1.653823819934E0,-1.15E1,9.303848276545E0));
#15098=CARTESIAN_POINT('',(1.245206167173E0,-1.15E1,9.674675810954E0));
#15099=CARTESIAN_POINT('',(8.529578019119E-1,-1.15E1,9.917403427106E0));
#15100=CARTESIAN_POINT('',(5.144920033127E-1,-1.15E1,1.006800271652E1));
#15101=CARTESIAN_POINT('',(2.474788378913E-1,-1.15E1,1.015896131420E1));
#15102=CARTESIAN_POINT('',(1.684064744466E-2,-1.15E1,1.021492211227E1));
#15103=CARTESIAN_POINT('',(-1.721364959610E-1,-1.15E1,1.024752987885E1));
#15104=CARTESIAN_POINT('',(-3.159965810057E-1,-1.15E1,1.026574457116E1));
#15105=CARTESIAN_POINT('',(-4.598534457948E-1,-1.15E1,1.027752288494E1));
#15106=CARTESIAN_POINT('',(-6.479679546707E-1,-1.15E1,1.028435431683E1));
#15107=CARTESIAN_POINT('',(-8.776550549121E-1,-1.15E1,1.027677985022E1));
#15108=CARTESIAN_POINT('',(-1.144991964167E0,-1.15E1,1.024160936813E1));
#15109=CARTESIAN_POINT('',(-1.481802120234E0,-1.15E1,1.016172572715E1));
#15110=CARTESIAN_POINT('',(-1.875356932768E0,-1.15E1,9.999276431353E0));
#15111=CARTESIAN_POINT('',(-2.288452325506E0,-1.15E1,9.704261291464E0));
#15112=CARTESIAN_POINT('',(-2.626564468892E0,-1.15E1,9.315852188485E0));
#15113=CARTESIAN_POINT('',(-2.832921640578E0,-1.15E1,8.925834794933E0));
#15114=CARTESIAN_POINT('',(-2.951524943930E0,-1.15E1,8.578791969141E0));
#15115=CARTESIAN_POINT('',(-3.017620327217E0,-1.15E1,8.293897864520E0));
#15116=CARTESIAN_POINT('',(-3.050765659083E0,-1.15E1,8.043772162574E0));
#15117=CARTESIAN_POINT('',(-3.064303041571E0,-1.15E1,7.834934735509E0));
#15118=CARTESIAN_POINT('',(-3.067223166762E0,-1.15E1,7.696237676934E0));
#15119=CARTESIAN_POINT('',(-3.065775625676E0,-1.15E1,7.579506792639E0));
#15120=CARTESIAN_POINT('',(-3.061075905682E0,-1.15E1,7.456185075884E0));
#15121=CARTESIAN_POINT('',(-3.049429358049E0,-1.15E1,7.304583413918E0));
#15122=CARTESIAN_POINT('',(-3.026140729710E0,-1.15E1,7.126148775524E0));
#15123=CARTESIAN_POINT('',(-2.983312059374E0,-1.15E1,6.896049089513E0));
#15124=CARTESIAN_POINT('',(-2.907637782153E0,-1.15E1,6.618886413543E0));
#15125=CARTESIAN_POINT('',(-2.781413563121E0,-1.15E1,6.303658000003E0));
#15126=CARTESIAN_POINT('',(-2.621593049270E0,-1.15E1,6.009184283788E0));
#15127=CARTESIAN_POINT('',(-2.365125923646E0,-1.15E1,5.644973835580E0));
#15128=CARTESIAN_POINT('',(-2.087083868673E0,-1.15E1,5.368295386541E0));
#15129=CARTESIAN_POINT('',(-1.866293623324E0,-1.15E1,5.200847227901E0));
#15130=CARTESIAN_POINT('',(-1.822340435959E0,-1.15E1,5.169297988470E0));
#15132=DIRECTION('',(0.E0,-1.E0,0.E0));
#15133=VECTOR('',#15132,1.E0);
#15134=SURFACE_OF_LINEAR_EXTRUSION('',#15131,#15133);
#15135=ORIENTED_EDGE('',*,*,#10479,.F.);
#15137=ORIENTED_EDGE('',*,*,#15136,.T.);
#15138=ORIENTED_EDGE('',*,*,#14760,.T.);
#15140=ORIENTED_EDGE('',*,*,#15139,.F.);
#15141=EDGE_LOOP('',(#15135,#15137,#15138,#15140));
#15142=FACE_OUTER_BOUND('',#15141,.F.);
#15144=CARTESIAN_POINT('',(-8.684438693871E-1,-1.15E1,8.904292257396E0));
#15145=DIRECTION('',(-9.999999999999E-1,0.E0,3.314126646662E-7));
#15146=DIRECTION('',(-3.314126646662E-7,0.E0,-9.999999999999E-1));
#15147=AXIS2_PLACEMENT_3D('',#15144,#15145,#15146);
#15148=PLANE('',#15147);
#15149=ORIENTED_EDGE('',*,*,#10487,.F.);
#15151=ORIENTED_EDGE('',*,*,#15150,.T.);
#15152=ORIENTED_EDGE('',*,*,#14762,.T.);
#15153=ORIENTED_EDGE('',*,*,#15136,.F.);
#15154=EDGE_LOOP('',(#15149,#15151,#15152,#15153));
#15155=FACE_OUTER_BOUND('',#15154,.F.);
#15157=CARTESIAN_POINT('',(-1.847040652244E0,-1.15E1,7.465006053743E0));
#15158=CARTESIAN_POINT('',(-1.847475354650E0,-1.15E1,7.485087102322E0));
#15159=CARTESIAN_POINT('',(-1.849580262584E0,-1.15E1,7.672878636343E0));
#15160=CARTESIAN_POINT('',(-1.818049140329E0,-1.15E1,8.012292590134E0));
#15161=CARTESIAN_POINT('',(-1.645584800670E0,-1.15E1,8.448739875311E0));
#15162=CARTESIAN_POINT('',(-1.317657269610E0,-1.15E1,8.777423357296E0));
#15163=CARTESIAN_POINT('',(-1.004120756167E0,-1.15E1,8.884451436832E0));
#15164=CARTESIAN_POINT('',(-8.288967005376E-1,-1.15E1,8.910624855395E0));
#15165=CARTESIAN_POINT('',(-8.091369645599E-1,-1.15E1,8.913170786586E0));
#15167=DIRECTION('',(0.E0,-1.E0,0.E0));
#15168=VECTOR('',#15167,1.E0);
#15169=SURFACE_OF_LINEAR_EXTRUSION('',#15166,#15168);
#15170=ORIENTED_EDGE('',*,*,#10485,.F.);
#15172=ORIENTED_EDGE('',*,*,#15171,.T.);
#15173=ORIENTED_EDGE('',*,*,#14764,.T.);
#15174=ORIENTED_EDGE('',*,*,#15150,.F.);
#15175=EDGE_LOOP('',(#15170,#15172,#15173,#15174));
#15176=FACE_OUTER_BOUND('',#15175,.F.);
#15178=CARTESIAN_POINT('',(-1.280237901333E0,-1.15E1,6.256239806215E0));
#15179=CARTESIAN_POINT('',(-1.296067499995E0,-1.15E1,6.268703694130E0));
#15180=CARTESIAN_POINT('',(-1.475301424915E0,-1.15E1,6.417095168114E0));
#15181=CARTESIAN_POINT('',(-1.758007055196E0,-1.15E1,6.821138787852E0));
#15182=CARTESIAN_POINT('',(-1.851664846199E0,-1.15E1,7.302778384307E0));
#15183=CARTESIAN_POINT('',(-1.847372173155E0,-1.15E1,7.565552656172E0));
#15184=CARTESIAN_POINT('',(-1.846717215641E0,-1.15E1,7.585628122657E0));
#15186=DIRECTION('',(0.E0,-1.E0,0.E0));
#15187=VECTOR('',#15186,1.E0);
#15188=SURFACE_OF_LINEAR_EXTRUSION('',#15185,#15187);
#15189=ORIENTED_EDGE('',*,*,#10483,.F.);
#15191=ORIENTED_EDGE('',*,*,#15190,.T.);
#15192=ORIENTED_EDGE('',*,*,#14766,.T.);
#15193=ORIENTED_EDGE('',*,*,#15171,.F.);
#15194=EDGE_LOOP('',(#15189,#15191,#15192,#15193));
#15195=FACE_OUTER_BOUND('',#15194,.F.);
#15197=CARTESIAN_POINT('',(-1.951865365271E0,-1.15E1,5.267547116517E0));
#15198=DIRECTION('',(8.542813906075E-1,0.E0,-5.198108364219E-1));
#15199=DIRECTION('',(5.198108364219E-1,0.E0,8.542813906075E-1));
#15200=AXIS2_PLACEMENT_3D('',#15197,#15198,#15199);
#15201=PLANE('',#15200);
#15202=ORIENTED_EDGE('',*,*,#10481,.F.);
#15203=ORIENTED_EDGE('',*,*,#15139,.T.);
#15204=ORIENTED_EDGE('',*,*,#14768,.T.);
#15205=ORIENTED_EDGE('',*,*,#15190,.F.);
#15206=EDGE_LOOP('',(#15202,#15203,#15204,#15205));
#15207=FACE_OUTER_BOUND('',#15206,.F.);
#15209=CARTESIAN_POINT('',(3.126239278494E0,-1.15E1,1.073559870078E1));
#15210=DIRECTION('',(-1.045284633098E-1,0.E0,-9.945218953638E-1));
#15211=DIRECTION('',(9.945218953638E-1,0.E0,-1.045284633098E-1));
#15212=AXIS2_PLACEMENT_3D('',#15209,#15210,#15211);
#15213=PLANE('',#15212);
#15214=ORIENTED_EDGE('',*,*,#10491,.F.);
#15216=ORIENTED_EDGE('',*,*,#15215,.T.);
#15217=ORIENTED_EDGE('',*,*,#14798,.T.);
#15219=ORIENTED_EDGE('',*,*,#15218,.F.);
#15220=EDGE_LOOP('',(#15214,#15216,#15217,#15219));
#15221=FACE_OUTER_BOUND('',#15220,.F.);
#15223=CARTESIAN_POINT('',(3.126239278494E0,-1.15E1,1.219712619248E1));
#15224=DIRECTION('',(-1.E0,0.E0,0.E0));
#15225=DIRECTION('',(0.E0,0.E0,-1.E0));
#15226=AXIS2_PLACEMENT_3D('',#15223,#15224,#15225);
#15227=PLANE('',#15226);
#15228=ORIENTED_EDGE('',*,*,#10497,.F.);
#15230=ORIENTED_EDGE('',*,*,#15229,.T.);
#15231=ORIENTED_EDGE('',*,*,#14800,.T.);
#15232=ORIENTED_EDGE('',*,*,#15215,.F.);
#15233=EDGE_LOOP('',(#15228,#15230,#15231,#15232));
#15234=FACE_OUTER_BOUND('',#15233,.F.);
#15236=CARTESIAN_POINT('',(4.470102581255E0,-1.15E1,1.205588046769E1));
#15237=DIRECTION('',(1.045284633098E-1,0.E0,9.945218953638E-1));
#15238=DIRECTION('',(-9.945218953638E-1,0.E0,1.045284633098E-1));
#15239=AXIS2_PLACEMENT_3D('',#15236,#15237,#15238);
#15240=PLANE('',#15239);
#15241=ORIENTED_EDGE('',*,*,#10495,.F.);
#15243=ORIENTED_EDGE('',*,*,#15242,.T.);
#15244=ORIENTED_EDGE('',*,*,#14802,.T.);
#15245=ORIENTED_EDGE('',*,*,#15229,.F.);
#15246=EDGE_LOOP('',(#15241,#15243,#15244,#15245));
#15247=FACE_OUTER_BOUND('',#15246,.F.);
#15249=CARTESIAN_POINT('',(4.470102581255E0,-1.15E1,1.059435297599E1));
#15250=DIRECTION('',(1.E0,0.E0,0.E0));
#15251=DIRECTION('',(0.E0,0.E0,1.E0));
#15252=AXIS2_PLACEMENT_3D('',#15249,#15250,#15251);
#15253=PLANE('',#15252);
#15254=ORIENTED_EDGE('',*,*,#10493,.F.);
#15255=ORIENTED_EDGE('',*,*,#15218,.T.);
#15256=ORIENTED_EDGE('',*,*,#14804,.T.);
#15257=ORIENTED_EDGE('',*,*,#15242,.F.);
#15258=EDGE_LOOP('',(#15254,#15255,#15256,#15257));
#15259=FACE_OUTER_BOUND('',#15258,.F.);
#15261=CARTESIAN_POINT('',(2.283397310266E0,-1.15E1,3.724080466055E0));
#15262=DIRECTION('',(1.045284633099E-1,0.E0,9.945218953638E-1));
#15263=DIRECTION('',(-9.945218953638E-1,0.E0,1.045284633099E-1));
#15264=AXIS2_PLACEMENT_3D('',#15261,#15262,#15263);
#15265=PLANE('',#15264);
#15266=ORIENTED_EDGE('',*,*,#10501,.F.);
#15268=ORIENTED_EDGE('',*,*,#15267,.T.);
#15269=ORIENTED_EDGE('',*,*,#14826,.T.);
#15271=ORIENTED_EDGE('',*,*,#15270,.F.);
#15272=EDGE_LOOP('',(#15266,#15268,#15269,#15271));
#15273=FACE_OUTER_BOUND('',#15272,.F.);
#15275=CARTESIAN_POINT('',(2.283397310266E0,-1.15E1,1.276158919698E0));
#15276=DIRECTION('',(1.E0,0.E0,0.E0));
#15277=DIRECTION('',(0.E0,0.E0,1.E0));
#15278=AXIS2_PLACEMENT_3D('',#15275,#15276,#15277);
#15279=PLANE('',#15278);
#15280=ORIENTED_EDGE('',*,*,#10511,.F.);
#15282=ORIENTED_EDGE('',*,*,#15281,.T.);
#15283=ORIENTED_EDGE('',*,*,#14828,.T.);
#15284=ORIENTED_EDGE('',*,*,#15267,.F.);
#15285=EDGE_LOOP('',(#15280,#15282,#15283,#15284));
#15286=FACE_OUTER_BOUND('',#15285,.F.);
#15288=CARTESIAN_POINT('',(9.082900959065E-1,-1.15E1,1.420688511931E0));
#15289=DIRECTION('',(-1.045284633098E-1,0.E0,-9.945218953638E-1));
#15290=DIRECTION('',(9.945218953638E-1,0.E0,-1.045284633098E-1));
#15291=AXIS2_PLACEMENT_3D('',#15288,#15289,#15290);
#15292=PLANE('',#15291);
#15293=ORIENTED_EDGE('',*,*,#10509,.F.);
#15295=ORIENTED_EDGE('',*,*,#15294,.T.);
#15296=ORIENTED_EDGE('',*,*,#14830,.T.);
#15297=ORIENTED_EDGE('',*,*,#15281,.F.);
#15298=EDGE_LOOP('',(#15293,#15295,#15296,#15297));
#15299=FACE_OUTER_BOUND('',#15298,.F.);
#15301=CARTESIAN_POINT('',(9.082900959065E-1,-1.15E1,2.407500699426E0));
#15302=DIRECTION('',(-1.E0,0.E0,0.E0));
#15303=DIRECTION('',(0.E0,0.E0,-1.E0));
#15304=AXIS2_PLACEMENT_3D('',#15301,#15302,#15303);
#15305=PLANE('',#15304);
#15306=ORIENTED_EDGE('',*,*,#10507,.F.);
#15308=ORIENTED_EDGE('',*,*,#15307,.T.);
#15309=ORIENTED_EDGE('',*,*,#14832,.T.);
#15310=ORIENTED_EDGE('',*,*,#15294,.F.);
#15311=EDGE_LOOP('',(#15306,#15308,#15309,#15310));
#15312=FACE_OUTER_BOUND('',#15311,.F.);
#15314=CARTESIAN_POINT('',(-2.920697443644E0,-1.15E1,2.810629856799E0));
#15315=DIRECTION('',(-1.047047796655E-1,0.E0,-9.945033479658E-1));
#15316=DIRECTION('',(9.945033479658E-1,0.E0,-1.047047796655E-1));
#15317=AXIS2_PLACEMENT_3D('',#15314,#15315,#15316);
#15318=PLANE('',#15317);
#15319=ORIENTED_EDGE('',*,*,#10505,.F.);
#15321=ORIENTED_EDGE('',*,*,#15320,.T.);
#15322=ORIENTED_EDGE('',*,*,#14834,.T.);
#15323=ORIENTED_EDGE('',*,*,#15307,.F.);
#15324=EDGE_LOOP('',(#15319,#15321,#15322,#15323));
#15325=FACE_OUTER_BOUND('',#15324,.F.);
#15327=CARTESIAN_POINT('',(-2.920697443644E0,-1.15E1,4.271052865638E0));
#15328=DIRECTION('',(-1.E0,0.E0,0.E0));
#15329=DIRECTION('',(0.E0,0.E0,-1.E0));
#15330=AXIS2_PLACEMENT_3D('',#15327,#15328,#15329);
#15331=PLANE('',#15330);
#15332=ORIENTED_EDGE('',*,*,#10503,.F.);
#15333=ORIENTED_EDGE('',*,*,#15270,.T.);
#15334=ORIENTED_EDGE('',*,*,#14836,.T.);
#15335=ORIENTED_EDGE('',*,*,#15320,.F.);
#15336=EDGE_LOOP('',(#15332,#15333,#15334,#15335));
#15337=FACE_OUTER_BOUND('',#15336,.F.);
#15339=CARTESIAN_POINT('',(-2.609646426264E-1,-1.15E1,-5.239884245012E-1));
#15340=CARTESIAN_POINT('',(-2.806685249035E-1,-1.15E1,-5.211488252010E-1));
#15341=CARTESIAN_POINT('',(-3.277001177095E-1,-1.15E1,-5.151595444111E-1));
#15342=CARTESIAN_POINT('',(-4.018791667445E-1,-1.15E1,-5.085782421202E-1));
#15343=CARTESIAN_POINT('',(-5.076572645488E-1,-1.15E1,-5.040062785921E-1));
#15344=CARTESIAN_POINT('',(-6.356244357202E-1,-1.15E1,-5.074716049940E-1));
#15345=CARTESIAN_POINT('',(-7.816045917347E-1,-1.15E1,-5.258253543532E-1));
#15346=CARTESIAN_POINT('',(-9.656700268589E-1,-1.15E1,-5.684963435613E-1));
#15347=CARTESIAN_POINT('',(-1.174715867723E0,-1.15E1,-6.546327998616E-1));
#15348=CARTESIAN_POINT('',(-1.388276378300E0,-1.15E1,-8.061926915660E-1));
#15349=CARTESIAN_POINT('',(-1.560880456844E0,-1.15E1,-1.001702128820E0));
#15350=CARTESIAN_POINT('',(-1.688869242193E0,-1.15E1,-1.236801587300E0));
#15351=CARTESIAN_POINT('',(-1.755308659970E0,-1.15E1,-1.462424961777E0));
#15352=CARTESIAN_POINT('',(-1.782479479884E0,-1.15E1,-1.657997516526E0));
#15353=CARTESIAN_POINT('',(-1.789435497457E0,-1.15E1,-1.812600223175E0));
#15354=CARTESIAN_POINT('',(-1.782494753324E0,-1.15E1,-1.968185916667E0));
#15355=CARTESIAN_POINT('',(-1.755299842129E0,-1.15E1,-2.167641227841E0));
#15356=CARTESIAN_POINT('',(-1.688872235558E0,-1.15E1,-2.405852684425E0));
#15357=CARTESIAN_POINT('',(-1.560879663465E0,-1.15E1,-2.667514372773E0));
#15358=CARTESIAN_POINT('',(-1.388276558448E0,-1.15E1,-2.900101380753E0));
#15359=CARTESIAN_POINT('',(-1.174715940508E0,-1.15E1,-3.098328441691E0));
#15360=CARTESIAN_POINT('',(-9.656700305494E-1,-1.15E1,-3.230552221268E0));
#15361=CARTESIAN_POINT('',(-7.816045705349E-1,-1.15E1,-3.313954135876E0));
#15362=CARTESIAN_POINT('',(-6.356244192903E-1,-1.15E1,-3.364663045396E0));
#15363=CARTESIAN_POINT('',(-5.076572573829E-1,-1.15E1,-3.396518981018E0));
#15364=CARTESIAN_POINT('',(-4.019218635395E-1,-1.15E1,-3.415415129024E0));
#15365=CARTESIAN_POINT('',(-3.277883898795E-1,-1.15E1,-3.425294983363E0));
#15366=CARTESIAN_POINT('',(-2.808000729932E-1,-1.15E1,-3.429743982271E0));
#15367=CARTESIAN_POINT('',(-2.610957311540E-1,-1.15E1,-3.431279152423E0));
#15369=DIRECTION('',(0.E0,-1.E0,0.E0));
#15370=VECTOR('',#15369,1.E0);
#15371=SURFACE_OF_LINEAR_EXTRUSION('',#15368,#15370);
#15372=ORIENTED_EDGE('',*,*,#10571,.T.);
#15374=ORIENTED_EDGE('',*,*,#15373,.T.);
#15375=ORIENTED_EDGE('',*,*,#14876,.T.);
#15377=ORIENTED_EDGE('',*,*,#15376,.F.);
#15378=EDGE_LOOP('',(#15372,#15374,#15375,#15377));
#15379=FACE_OUTER_BOUND('',#15378,.F.);
#15381=CARTESIAN_POINT('',(-3.798776627412E-1,-1.15E1,-3.418096829632E0));
#15382=CARTESIAN_POINT('',(-3.601732509544E-1,-1.15E1,-3.420935230989E0));
#15383=CARTESIAN_POINT('',(-3.131834906038E-1,-1.15E1,-3.426915842096E0));
#15384=CARTESIAN_POINT('',(-2.390473987787E-1,-1.15E1,-3.433490641786E0));
#15385=CARTESIAN_POINT('',(-1.333072215444E-1,-1.15E1,-3.438063715510E0));
#15386=CARTESIAN_POINT('',(-5.334964282424E-3,-1.15E1,-3.434611485395E0));
#15387=CARTESIAN_POINT('',(1.406499968781E-1,-1.15E1,-3.416304367486E0));
#15388=CARTESIAN_POINT('',(3.247203113455E-1,-1.15E1,-3.373757528698E0));
#15389=CARTESIAN_POINT('',(5.337696884113E-1,-1.15E1,-3.287933247935E0));
#15390=CARTESIAN_POINT('',(7.473313465747E-1,-1.15E1,-3.137107484740E0));
#15391=CARTESIAN_POINT('',(9.199334114195E-1,-1.15E1,-2.942830754750E0));
#15392=CARTESIAN_POINT('',(1.047923903090E0,-1.15E1,-2.709577627949E0));
#15393=CARTESIAN_POINT('',(1.114349776252E0,-1.15E1,-2.486110022786E0));
#15394=CARTESIAN_POINT('',(1.141543820185E0,-1.15E1,-2.292690704608E0));
#15395=CARTESIAN_POINT('',(1.148484304549E0,-1.15E1,-2.138645526056E0));
#15396=CARTESIAN_POINT('',(1.141528547317E0,-1.15E1,-1.982498914489E0));
#15397=CARTESIAN_POINT('',(1.114358593763E0,-1.15E1,-1.780895713861E0));
#15398=CARTESIAN_POINT('',(1.047920909837E0,-1.15E1,-1.540525866444E0));
#15399=CARTESIAN_POINT('',(9.199342047681E-1,-1.15E1,-1.277018686864E0));
#15400=CARTESIAN_POINT('',(7.473311664331E-1,-1.15E1,-1.043198755654E0));
#15401=CARTESIAN_POINT('',(5.337696156288E-1,-1.15E1,-8.442375896271E-1));
#15402=CARTESIAN_POINT('',(3.247203076552E-1,-1.15E1,-7.117016511283E-1));
#15403=CARTESIAN_POINT('',(1.406500180771E-1,-1.15E1,-6.281755890164E-1));
#15404=CARTESIAN_POINT('',(-5.334947853226E-3,-1.15E1,-5.774200549533E-1));
#15405=CARTESIAN_POINT('',(-1.333072143788E-1,-1.15E1,-5.455509960629E-1));
#15406=CARTESIAN_POINT('',(-2.390047000028E-1,-1.15E1,-5.266595732698E-1));
#15407=CARTESIAN_POINT('',(-3.130955384019E-1,-1.15E1,-5.167828128874E-1));
#15408=CARTESIAN_POINT('',(-3.600423373209E-1,-1.15E1,-5.123343708244E-1));
#15409=CARTESIAN_POINT('',(-3.797475196119E-1,-1.15E1,-5.107975756216E-1));
#15411=DIRECTION('',(0.E0,-1.E0,0.E0));
#15412=VECTOR('',#15411,1.E0);
#15413=SURFACE_OF_LINEAR_EXTRUSION('',#15410,#15412);
#15414=ORIENTED_EDGE('',*,*,#10573,.T.);
#15415=ORIENTED_EDGE('',*,*,#15376,.T.);
#15416=ORIENTED_EDGE('',*,*,#14878,.T.);
#15417=ORIENTED_EDGE('',*,*,#15373,.F.);
#15418=EDGE_LOOP('',(#15414,#15415,#15416,#15417));
#15419=FACE_OUTER_BOUND('',#15418,.F.);
#15421=CARTESIAN_POINT('',(2.424095787841E0,-1.15E1,-2.112688933581E0));
#15422=CARTESIAN_POINT('',(2.425088034612E0,-1.15E1,-2.084822733834E0));
#15423=CARTESIAN_POINT('',(2.431680398131E0,-1.15E1,-1.710824460145E0));
#15424=CARTESIAN_POINT('',(2.311681805760E0,-1.15E1,-1.154720609196E0));
#15425=CARTESIAN_POINT('',(1.977204053994E0,-1.15E1,-5.382267064683E-1));
#15426=CARTESIAN_POINT('',(1.643080678552E0,-1.15E1,-1.193228119066E-1));
#15427=CARTESIAN_POINT('',(1.236465114143E0,-1.15E1,2.408972516468E-1));
#15428=CARTESIAN_POINT('',(8.464954712057E-1,-1.15E1,4.822451250513E-1));
#15429=CARTESIAN_POINT('',(5.090556531678E-1,-1.15E1,6.347659945341E-1));
#15430=CARTESIAN_POINT('',(2.425567580698E-1,-1.15E1,7.279963061279E-1));
#15431=CARTESIAN_POINT('',(1.226020062737E-2,-1.15E1,7.860719409335E-1));
#15432=CARTESIAN_POINT('',(-1.764731074610E-1,-1.15E1,8.202526910527E-1));
#15433=CARTESIAN_POINT('',(-3.201183094839E-1,-1.15E1,8.395355241421E-1));
#15434=CARTESIAN_POINT('',(-4.637675870414E-1,-1.15E1,8.521701765634E-1));
#15435=CARTESIAN_POINT('',(-6.515878203226E-1,-1.15E1,8.598873778741E-1));
#15436=CARTESIAN_POINT('',(-8.808992238904E-1,-1.15E1,8.531768924282E-1));
#15437=CARTESIAN_POINT('',(-1.147734338808E0,-1.15E1,8.192964473279E-1));
#15438=CARTESIAN_POINT('',(-1.483241298938E0,-1.15E1,7.424285899731E-1));
#15439=CARTESIAN_POINT('',(-1.873468111670E0,-1.15E1,5.887254873297E-1));
#15440=CARTESIAN_POINT('',(-2.283643192147E0,-1.15E1,3.170778121936E-1));
#15441=CARTESIAN_POINT('',(-2.620381987903E0,-1.15E1,-3.074703569139E-2));
#15442=CARTESIAN_POINT('',(-2.962088015867E0,-1.15E1,-5.878060644609E-1));
#15443=CARTESIAN_POINT('',(-3.072489162620E0,-1.15E1,-1.116765334280E0));
#15444=CARTESIAN_POINT('',(-3.066053865344E0,-1.15E1,-1.475142479627E0));
#15445=CARTESIAN_POINT('',(-3.065054670363E0,-1.15E1,-1.502881742861E0));
#15447=DIRECTION('',(0.E0,-1.E0,0.E0));
#15448=VECTOR('',#15447,1.E0);
#15449=SURFACE_OF_LINEAR_EXTRUSION('',#15446,#15448);
#15450=ORIENTED_EDGE('',*,*,#10515,.F.);
#15452=ORIENTED_EDGE('',*,*,#15451,.T.);
#15453=ORIENTED_EDGE('',*,*,#14858,.T.);
#15455=ORIENTED_EDGE('',*,*,#15454,.F.);
#15456=EDGE_LOOP('',(#15450,#15452,#15453,#15455));
#15457=FACE_OUTER_BOUND('',#15456,.F.);
#15459=CARTESIAN_POINT('',(1.646742681677E0,-1.15E1,-3.663144943581E0));
#15460=CARTESIAN_POINT('',(1.663738244082E0,-1.15E1,-3.652438134716E0));
#15461=CARTESIAN_POINT('',(1.798080090845E0,-1.15E1,-3.564568613559E0));
#15462=CARTESIAN_POINT('',(2.028639545829E0,-1.15E1,-3.363766781882E0));
#15463=CARTESIAN_POINT('',(2.359452741438E0,-1.15E1,-2.842845525473E0));
#15464=CARTESIAN_POINT('',(2.428411689907E0,-1.15E1,-2.336071999355E0));
#15465=CARTESIAN_POINT('',(2.425406705415E0,-1.15E1,-1.988881521898E0));
#15466=CARTESIAN_POINT('',(2.425070624856E0,-1.15E1,-1.968915606618E0));
#15468=DIRECTION('',(0.E0,-1.E0,0.E0));
#15469=VECTOR('',#15468,1.E0);
#15470=SURFACE_OF_LINEAR_EXTRUSION('',#15467,#15469);
#15471=ORIENTED_EDGE('',*,*,#10529,.F.);
#15473=ORIENTED_EDGE('',*,*,#15472,.T.);
#15474=ORIENTED_EDGE('',*,*,#14860,.T.);
#15475=ORIENTED_EDGE('',*,*,#15451,.F.);
#15476=EDGE_LOOP('',(#15471,#15473,#15474,#15475));
#15477=FACE_OUTER_BOUND('',#15476,.F.);
#15479=CARTESIAN_POINT('',(4.360319891578E0,-1.15E1,-3.910078676998E0));
#15480=DIRECTION('',(1.045518232936E-1,0.E0,9.945194398532E-1));
#15481=DIRECTION('',(-9.945194398532E-1,0.E0,1.045518232936E-1));
#15482=AXIS2_PLACEMENT_3D('',#15479,#15480,#15481);
#15483=PLANE('',#15482);
#15484=ORIENTED_EDGE('',*,*,#10527,.F.);
#15486=ORIENTED_EDGE('',*,*,#15485,.T.);
#15487=ORIENTED_EDGE('',*,*,#14862,.T.);
#15488=ORIENTED_EDGE('',*,*,#15472,.F.);
#15489=EDGE_LOOP('',(#15484,#15486,#15487,#15488));
#15490=FACE_OUTER_BOUND('',#15489,.F.);
#15492=CARTESIAN_POINT('',(4.360319891578E0,-1.15E1,-5.257549136589E0));
#15493=DIRECTION('',(1.E0,0.E0,0.E0));
#15494=DIRECTION('',(0.E0,0.E0,1.E0));
#15495=AXIS2_PLACEMENT_3D('',#15492,#15493,#15494);
#15496=PLANE('',#15495);
#15497=ORIENTED_EDGE('',*,*,#10525,.F.);
#15499=ORIENTED_EDGE('',*,*,#15498,.T.);
#15500=ORIENTED_EDGE('',*,*,#14864,.T.);
#15501=ORIENTED_EDGE('',*,*,#15485,.F.);
#15502=EDGE_LOOP('',(#15497,#15499,#15500,#15501));
#15503=FACE_OUTER_BOUND('',#15502,.F.);
#15505=CARTESIAN_POINT('',(-2.920917466821E0,-1.15E1,-4.491938653099E0));
#15506=DIRECTION('',(-1.045719092634E-1,0.E0,-9.945173280506E-1));
#15507=DIRECTION('',(9.945173280506E-1,0.E0,-1.045719092634E-1));
#15508=AXIS2_PLACEMENT_3D('',#15505,#15506,#15507);
#15509=PLANE('',#15508);
#15510=ORIENTED_EDGE('',*,*,#10523,.F.);
#15512=ORIENTED_EDGE('',*,*,#15511,.T.);
#15513=ORIENTED_EDGE('',*,*,#14866,.T.);
#15514=ORIENTED_EDGE('',*,*,#15498,.F.);
#15515=EDGE_LOOP('',(#15510,#15512,#15513,#15514));
#15516=FACE_OUTER_BOUND('',#15515,.F.);
#15518=CARTESIAN_POINT('',(-2.920697443644E0,-1.15E1,-3.144812918045E0));
#15519=DIRECTION('',(-9.999999866620E-1,0.E0,1.633278679487E-4));
#15520=DIRECTION('',(-1.633278679487E-4,0.E0,-9.999999866620E-1));
#15521=AXIS2_PLACEMENT_3D('',#15518,#15519,#15520);
#15522=PLANE('',#15521);
#15523=ORIENTED_EDGE('',*,*,#10521,.F.);
#15525=ORIENTED_EDGE('',*,*,#15524,.T.);
#15526=ORIENTED_EDGE('',*,*,#14868,.T.);
#15527=ORIENTED_EDGE('',*,*,#15511,.F.);
#15528=EDGE_LOOP('',(#15523,#15525,#15526,#15527));
#15529=FACE_OUTER_BOUND('',#15528,.F.);
#15531=CARTESIAN_POINT('',(-2.306957588053E0,-1.15E1,-3.209319576217E0));
#15532=DIRECTION('',(1.045284632645E-1,0.E0,9.945218953686E-1));
#15533=DIRECTION('',(-9.945218953686E-1,0.E0,1.045284632645E-1));
#15534=AXIS2_PLACEMENT_3D('',#15531,#15532,#15533);
#15535=PLANE('',#15534);
#15536=ORIENTED_EDGE('',*,*,#10519,.F.);
#15538=ORIENTED_EDGE('',*,*,#15537,.T.);
#15539=ORIENTED_EDGE('',*,*,#14870,.T.);
#15540=ORIENTED_EDGE('',*,*,#15524,.F.);
#15541=EDGE_LOOP('',(#15536,#15538,#15539,#15540));
#15542=FACE_OUTER_BOUND('',#15541,.F.);
#15544=CARTESIAN_POINT('',(-3.065948081029E0,-1.15E1,-1.359036309494E0));
#15545=CARTESIAN_POINT('',(-3.066350232461E0,-1.15E1,-1.379150011064E0));
#15546=CARTESIAN_POINT('',(-3.070044344519E0,-1.15E1,-1.745621930048E0));
#15547=CARTESIAN_POINT('',(-2.951679050546E0,-1.15E1,-2.443680983898E0));
#15548=CARTESIAN_POINT('',(-2.530016844071E0,-1.15E1,-3.013906189687E0));
#15549=CARTESIAN_POINT('',(-2.276895474346E0,-1.15E1,-3.236054879503E0));
#15550=CARTESIAN_POINT('',(-2.261629360166E0,-1.15E1,-3.249101301446E0));
#15552=DIRECTION('',(0.E0,-1.E0,0.E0));
#15553=VECTOR('',#15552,1.E0);
#15554=SURFACE_OF_LINEAR_EXTRUSION('',#15551,#15553);
#15555=ORIENTED_EDGE('',*,*,#10517,.F.);
#15556=ORIENTED_EDGE('',*,*,#15454,.T.);
#15557=ORIENTED_EDGE('',*,*,#14872,.T.);
#15558=ORIENTED_EDGE('',*,*,#15537,.F.);
#15559=EDGE_LOOP('',(#15555,#15556,#15557,#15558));
#15560=FACE_OUTER_BOUND('',#15559,.F.);
#15562=CARTESIAN_POINT('',(2.432382608920E0,-1.15E1,-8.551356720943E0));
#15563=CARTESIAN_POINT('',(2.433388771101E0,-1.15E1,-8.523525122665E0));
#15564=CARTESIAN_POINT('',(2.440046950355E0,-1.15E1,-8.151289389223E0));
#15565=CARTESIAN_POINT('',(2.319176072908E0,-1.15E1,-7.597363013283E0));
#15566=CARTESIAN_POINT('',(1.984569785189E0,-1.15E1,-6.983202782777E0));
#15567=CARTESIAN_POINT('',(1.649977593873E0,-1.15E1,-6.564581722127E0));
#15568=CARTESIAN_POINT('',(1.242829105613E0,-1.15E1,-6.203894816511E0));
#15569=CARTESIAN_POINT('',(8.523835088706E-1,-1.15E1,-5.961659138812E0));
#15570=CARTESIAN_POINT('',(5.144681963445E-1,-1.15E1,-5.808169052848E0));
#15571=CARTESIAN_POINT('',(2.475793299751E-1,-1.15E1,-5.714114217793E0));
#15572=CARTESIAN_POINT('',(1.693312690305E-2,-1.15E1,-5.655293510204E0));
#15573=CARTESIAN_POINT('',(-1.720932997290E-1,-1.15E1,-5.620494267859E0));
#15574=CARTESIAN_POINT('',(-3.159548192237E-1,-1.15E1,-5.600739942596E0));
#15575=CARTESIAN_POINT('',(-4.598206798468E-1,-1.15E1,-5.587633679165E0));
#15576=CARTESIAN_POINT('',(-6.479099048369E-1,-1.15E1,-5.579297891569E0));
#15577=CARTESIAN_POINT('',(-8.775449224686E-1,-1.15E1,-5.585239577308E0));
#15578=CARTESIAN_POINT('',(-1.144778307234E0,-1.15E1,-5.618193177121E0));
#15579=CARTESIAN_POINT('',(-1.480704697377E0,-1.15E1,-5.693812427360E0));
#15580=CARTESIAN_POINT('',(-1.871390103314E0,-1.15E1,-5.845834155961E0));
#15581=CARTESIAN_POINT('',(-2.282181847336E0,-1.15E1,-6.115306743949E0));
#15582=CARTESIAN_POINT('',(-2.619467431544E0,-1.15E1,-6.460714090022E0));
#15583=CARTESIAN_POINT('',(-2.961549168421E0,-1.15E1,-7.013632626597E0));
#15584=CARTESIAN_POINT('',(-3.072547823387E0,-1.15E1,-7.539669875358E0));
#15585=CARTESIAN_POINT('',(-3.066046679689E0,-1.15E1,-7.895827862981E0));
#15586=CARTESIAN_POINT('',(-3.065031904537E0,-1.15E1,-7.923530327133E0));
#15588=DIRECTION('',(0.E0,-1.E0,0.E0));
#15589=VECTOR('',#15588,1.E0);
#15590=SURFACE_OF_LINEAR_EXTRUSION('',#15587,#15589);
#15591=ORIENTED_EDGE('',*,*,#10533,.F.);
#15593=ORIENTED_EDGE('',*,*,#15592,.T.);
#15594=ORIENTED_EDGE('',*,*,#14900,.T.);
#15596=ORIENTED_EDGE('',*,*,#15595,.F.);
#15597=EDGE_LOOP('',(#15591,#15593,#15594,#15596));
#15598=FACE_OUTER_BOUND('',#15597,.F.);
#15600=CARTESIAN_POINT('',(1.675728912672E0,-1.15E1,-1.009051205080E1));
#15601=CARTESIAN_POINT('',(1.692570033759E0,-1.15E1,-1.007968516525E1));
#15602=CARTESIAN_POINT('',(1.824189978164E0,-1.15E1,-9.991881949761E0));
#15603=CARTESIAN_POINT('',(2.049768252361E0,-1.15E1,-9.792573185517E0));
#15604=CARTESIAN_POINT('',(2.279361861016E0,-1.15E1,-9.424289541884E0));
#15605=CARTESIAN_POINT('',(2.410994418523E0,-1.15E1,-8.972479700636E0));
#15606=CARTESIAN_POINT('',(2.435288346687E0,-1.15E1,-8.623645647146E0));
#15607=CARTESIAN_POINT('',(2.433727879453E0,-1.15E1,-8.427674426281E0));
#15608=CARTESIAN_POINT('',(2.433420387166E0,-1.15E1,-8.407656888115E0));
#15610=DIRECTION('',(0.E0,-1.E0,0.E0));
#15611=VECTOR('',#15610,1.E0);
#15612=SURFACE_OF_LINEAR_EXTRUSION('',#15609,#15611);
#15613=ORIENTED_EDGE('',*,*,#10547,.F.);
#15615=ORIENTED_EDGE('',*,*,#15614,.T.);
#15616=ORIENTED_EDGE('',*,*,#14902,.T.);
#15617=ORIENTED_EDGE('',*,*,#15592,.F.);
#15618=EDGE_LOOP('',(#15613,#15615,#15616,#15617));
#15619=FACE_OUTER_BOUND('',#15618,.F.);
#15621=CARTESIAN_POINT('',(2.283397310270E0,-1.15E1,-1.011573740632E1));
#15622=DIRECTION('',(1.045191403688E-1,0.E0,9.945228752002E-1));
#15623=DIRECTION('',(-9.945228752002E-1,0.E0,1.045191403688E-1));
#15624=AXIS2_PLACEMENT_3D('',#15621,#15622,#15623);
#15625=PLANE('',#15624);
#15626=ORIENTED_EDGE('',*,*,#10545,.F.);
#15628=ORIENTED_EDGE('',*,*,#15627,.T.);
#15629=ORIENTED_EDGE('',*,*,#14904,.T.);
#15630=ORIENTED_EDGE('',*,*,#15614,.F.);
#15631=EDGE_LOOP('',(#15626,#15628,#15629,#15630));
#15632=FACE_OUTER_BOUND('',#15631,.F.);
#15634=CARTESIAN_POINT('',(2.283397310270E0,-1.15E1,-1.146663414332E1));
#15635=DIRECTION('',(1.E0,0.E0,0.E0));
#15636=DIRECTION('',(0.E0,0.E0,1.E0));
#15637=AXIS2_PLACEMENT_3D('',#15634,#15635,#15636);
#15638=PLANE('',#15637);
#15639=ORIENTED_EDGE('',*,*,#10543,.F.);
#15641=ORIENTED_EDGE('',*,*,#15640,.T.);
#15642=ORIENTED_EDGE('',*,*,#14906,.T.);
#15643=ORIENTED_EDGE('',*,*,#15627,.F.);
#15644=EDGE_LOOP('',(#15639,#15641,#15642,#15643));
#15645=FACE_OUTER_BOUND('',#15644,.F.);
#15647=CARTESIAN_POINT('',(-2.920917466821E0,-1.15E1,-1.091594006535E1));
#15648=DIRECTION('',(-1.052274406651E-1,0.E0,-9.944481815213E-1));
#15649=DIRECTION('',(9.944481815213E-1,0.E0,-1.052274406651E-1));
#15650=AXIS2_PLACEMENT_3D('',#15647,#15648,#15649);
#15651=PLANE('',#15650);
#15652=ORIENTED_EDGE('',*,*,#10541,.F.);
#15654=ORIENTED_EDGE('',*,*,#15653,.T.);
#15655=ORIENTED_EDGE('',*,*,#14908,.T.);
#15656=ORIENTED_EDGE('',*,*,#15640,.F.);
#15657=EDGE_LOOP('',(#15652,#15654,#15655,#15656));
#15658=FACE_OUTER_BOUND('',#15657,.F.);
#15660=CARTESIAN_POINT('',(-2.920697582129E0,-1.15E1,-9.568814330294E0));
#15661=DIRECTION('',(-9.999999866788E-1,0.E0,1.632250676748E-4));
#15662=DIRECTION('',(-1.632250676748E-4,0.E0,-9.999999866788E-1));
#15663=AXIS2_PLACEMENT_3D('',#15660,#15661,#15662);
#15664=PLANE('',#15663);
#15665=ORIENTED_EDGE('',*,*,#10539,.F.);
#15667=ORIENTED_EDGE('',*,*,#15666,.T.);
#15668=ORIENTED_EDGE('',*,*,#14910,.T.);
#15669=ORIENTED_EDGE('',*,*,#15653,.F.);
#15670=EDGE_LOOP('',(#15665,#15667,#15668,#15669));
#15671=FACE_OUTER_BOUND('',#15670,.F.);
#15673=CARTESIAN_POINT('',(-2.308028792875E0,-1.15E1,-9.633202594E0));
#15674=DIRECTION('',(1.045191177134E-1,0.E0,9.945228775812E-1));
#15675=DIRECTION('',(-9.945228775812E-1,0.E0,1.045191177134E-1));
#15676=AXIS2_PLACEMENT_3D('',#15673,#15674,#15675);
#15677=PLANE('',#15676);
#15678=ORIENTED_EDGE('',*,*,#10537,.F.);
#15680=ORIENTED_EDGE('',*,*,#15679,.T.);
#15681=ORIENTED_EDGE('',*,*,#14912,.T.);
#15682=ORIENTED_EDGE('',*,*,#15666,.F.);
#15683=EDGE_LOOP('',(#15678,#15680,#15681,#15682));
#15684=FACE_OUTER_BOUND('',#15683,.F.);
#15686=CARTESIAN_POINT('',(-3.065925018587E0,-1.15E1,-7.779803276999E0));
#15687=CARTESIAN_POINT('',(-3.066343115435E0,-1.15E1,-7.799915067048E0));
#15688=CARTESIAN_POINT('',(-3.070182032505E0,-1.15E1,-8.167069443841E0));
#15689=CARTESIAN_POINT('',(-2.947077439076E0,-1.15E1,-8.864639789587E0));
#15690=CARTESIAN_POINT('',(-2.528655603666E0,-1.15E1,-9.435540480637E0));
#15691=CARTESIAN_POINT('',(-2.278261300631E0,-1.15E1,-9.660261388513E0));
#15692=CARTESIAN_POINT('',(-2.263146132942E0,-1.15E1,-9.673483713621E0));
#15694=DIRECTION('',(0.E0,-1.E0,0.E0));
#15695=VECTOR('',#15694,1.E0);
#15696=SURFACE_OF_LINEAR_EXTRUSION('',#15693,#15695);
#15697=ORIENTED_EDGE('',*,*,#10535,.F.);
#15698=ORIENTED_EDGE('',*,*,#15595,.T.);
#15699=ORIENTED_EDGE('',*,*,#14914,.T.);
#15700=ORIENTED_EDGE('',*,*,#15679,.F.);
#15701=EDGE_LOOP('',(#15697,#15698,#15699,#15700));
#15702=FACE_OUTER_BOUND('',#15701,.F.);
#15704=CARTESIAN_POINT('',(-2.568318129373E-1,-1.15E1,-6.964440654619E0));
#15705=CARTESIAN_POINT('',(-2.765285729042E-1,-1.15E1,-6.961542970855E0));
#15706=CARTESIAN_POINT('',(-3.235941449249E-1,-1.15E1,-6.955405666048E0));
#15707=CARTESIAN_POINT('',(-3.978482646244E-1,-1.15E1,-6.948584409043E0));
#15708=CARTESIAN_POINT('',(-5.037869114097E-1,-1.15E1,-6.943662863169E0));
#15709=CARTESIAN_POINT('',(-6.319476552183E-1,-1.15E1,-6.946695582892E0));
#15710=CARTESIAN_POINT('',(-7.781486293993E-1,-1.15E1,-6.964524284044E0));
#15711=CARTESIAN_POINT('',(-9.624925036643E-1,-1.15E1,-7.006468325714E0));
#15712=CARTESIAN_POINT('',(-1.171854495641E0,-1.15E1,-7.091611165517E0));
#15713=CARTESIAN_POINT('',(-1.385738327879E0,-1.15E1,-7.241731643585E0));
#15714=CARTESIAN_POINT('',(-1.558602479718E0,-1.15E1,-7.435443349818E0));
#15715=CARTESIAN_POINT('',(-1.686788674539E0,-1.15E1,-7.668276028032E0));
#15716=CARTESIAN_POINT('',(-1.753316761290E0,-1.15E1,-7.891525613267E0));
#15717=CARTESIAN_POINT('',(-1.780552809825E0,-1.15E1,-8.084855610016E0));
#15718=CARTESIAN_POINT('',(-1.787504052921E0,-1.15E1,-8.238877990668E0));
#15719=CARTESIAN_POINT('',(-1.780537513282E0,-1.15E1,-8.395047442775E0));
#15720=CARTESIAN_POINT('',(-1.753325592465E0,-1.15E1,-8.596739876300E0));
#15721=CARTESIAN_POINT('',(-1.686785676679E0,-1.15E1,-8.837327770157E0));
#15722=CARTESIAN_POINT('',(-1.558603274176E0,-1.15E1,-9.101255378277E0));
#15723=CARTESIAN_POINT('',(-1.385738147906E0,-1.15E1,-9.335640309771E0));
#15724=CARTESIAN_POINT('',(-1.171854421075E0,-1.15E1,-9.535306813005E0));
#15725=CARTESIAN_POINT('',(-9.624925000144E-1,-1.15E1,-9.668524138560E0));
#15726=CARTESIAN_POINT('',(-7.781486508824E-1,-1.15E1,-9.752652986119E0));
#15727=CARTESIAN_POINT('',(-6.319476718861E-1,-1.15E1,-9.803886944341E0));
#15728=CARTESIAN_POINT('',(-5.037869186766E-1,-1.15E1,-9.836175491474E0));
#15729=CARTESIAN_POINT('',(-3.978915698305E-1,-1.15E1,-9.855421058689E0));
#15730=CARTESIAN_POINT('',(-3.236836650163E-1,-1.15E1,-9.865538956846E0));
#15731=CARTESIAN_POINT('',(-2.766619792895E-1,-1.15E1,-9.870139857471E0));
#15732=CARTESIAN_POINT('',(-2.569647500271E-1,-1.15E1,-9.871738057071E0));
#15734=DIRECTION('',(0.E0,-1.E0,0.E0));
#15735=VECTOR('',#15734,1.E0);
#15736=SURFACE_OF_LINEAR_EXTRUSION('',#15733,#15735);
#15737=ORIENTED_EDGE('',*,*,#10583,.T.);
#15739=ORIENTED_EDGE('',*,*,#15738,.T.);
#15740=ORIENTED_EDGE('',*,*,#14918,.T.);
#15742=ORIENTED_EDGE('',*,*,#15741,.F.);
#15743=EDGE_LOOP('',(#15737,#15739,#15740,#15742));
#15744=FACE_OUTER_BOUND('',#15743,.F.);
#15746=CARTESIAN_POINT('',(-3.757016823565E-1,-1.15E1,-9.858191719391E0));
#15747=CARTESIAN_POINT('',(-3.560043833350E-1,-1.15E1,-9.861087942210E0));
#15748=CARTESIAN_POINT('',(-3.089812521344E-1,-1.15E1,-9.867216329450E0));
#15749=CARTESIAN_POINT('',(-2.347707251245E-1,-1.15E1,-9.874030859160E0));
#15750=CARTESIAN_POINT('',(-1.288705856525E-1,-1.15E1,-9.878948232864E0));
#15751=CARTESIAN_POINT('',(-7.047293819639E-4,-1.15E1,-9.875902969527E0));
#15752=CARTESIAN_POINT('',(1.455010668055E-1,-1.15E1,-9.858028555948E0));
#15753=CARTESIAN_POINT('',(3.298497777348E-1,-1.15E1,-9.815962393362E0));
#15754=CARTESIAN_POINT('',(5.392151711541E-1,-1.15E1,-9.730516023361E0));
#15755=CARTESIAN_POINT('',(7.530999397799E-1,-1.15E1,-9.579651947669E0));
#15756=CARTESIAN_POINT('',(9.259640242691E-1,-1.15E1,-9.384709904165E0));
#15757=CARTESIAN_POINT('',(1.054144343346E0,-1.15E1,-9.150029712167E0));
#15758=CARTESIAN_POINT('',(1.120682522657E0,-1.15E1,-8.924624175569E0));
#15759=CARTESIAN_POINT('',(1.147893575803E0,-1.15E1,-8.729140645417E0));
#15760=CARTESIAN_POINT('',(1.154859854709E0,-1.15E1,-8.574560733861E0));
#15761=CARTESIAN_POINT('',(1.147908871773E0,-1.15E1,-8.418952302836E0));
#15762=CARTESIAN_POINT('',(1.120673691813E0,-1.15E1,-8.219407897543E0));
#15763=CARTESIAN_POINT('',(1.054147341093E0,-1.15E1,-7.980978654060E0));
#15764=CARTESIAN_POINT('',(9.259632298406E-1,-1.15E1,-7.718897694409E0));
#15765=CARTESIAN_POINT('',(7.531001197462E-1,-1.15E1,-7.485743322632E0));
#15766=CARTESIAN_POINT('',(5.392152457176E-1,-1.15E1,-7.286820392561E0));
#15767=CARTESIAN_POINT('',(3.298497813846E-1,-1.15E1,-7.153906582303E0));
#15768=CARTESIAN_POINT('',(1.455010453232E-1,-1.15E1,-7.069899847317E0));
#15769=CARTESIAN_POINT('',(-7.047460491154E-4,-1.15E1,-7.018711610589E0));
#15770=CARTESIAN_POINT('',(-1.288705929191E-1,-1.15E1,-6.986435584287E0));
#15771=CARTESIAN_POINT('',(-2.347274224088E-1,-1.15E1,-6.967200098579E0));
#15772=CARTESIAN_POINT('',(-3.088920477475E-1,-1.15E1,-6.957085483105E0));
#15773=CARTESIAN_POINT('',(-3.558715997247E-1,-1.15E1,-6.952485289523E0));
#15774=CARTESIAN_POINT('',(-3.755696723688E-1,-1.15E1,-6.950885695053E0));
#15776=DIRECTION('',(0.E0,-1.E0,0.E0));
#15777=VECTOR('',#15776,1.E0);
#15778=SURFACE_OF_LINEAR_EXTRUSION('',#15775,#15777);
#15779=ORIENTED_EDGE('',*,*,#10585,.T.);
#15780=ORIENTED_EDGE('',*,*,#15741,.T.);
#15781=ORIENTED_EDGE('',*,*,#14920,.T.);
#15782=ORIENTED_EDGE('',*,*,#15738,.F.);
#15783=EDGE_LOOP('',(#15779,#15780,#15781,#15782));
#15784=FACE_OUTER_BOUND('',#15783,.F.);
#15786=CARTESIAN_POINT('',(0.E0,1.75E0,-2.642916890667E1));
#15787=DIRECTION('',(1.E0,0.E0,0.E0));
#15788=DIRECTION('',(0.E0,0.E0,-1.E0));
#15789=AXIS2_PLACEMENT_3D('',#15786,#15787,#15788);
#15790=CYLINDRICAL_SURFACE('',#15789,2.951253947182E0);
#15791=ORIENTED_EDGE('',*,*,#9431,.T.);
#15792=ORIENTED_EDGE('',*,*,#9646,.F.);
#15794=ORIENTED_EDGE('',*,*,#15793,.F.);
#15795=ORIENTED_EDGE('',*,*,#9704,.T.);
#15796=EDGE_LOOP('',(#15791,#15792,#15794,#15795));
#15797=FACE_OUTER_BOUND('',#15796,.F.);
#15799=CARTESIAN_POINT('',(0.E0,-1.2E0,-2.350000224E1));
#15800=DIRECTION('',(0.E0,-1.E0,0.E0));
#15801=DIRECTION('',(0.E0,0.E0,-1.E0));
#15802=AXIS2_PLACEMENT_3D('',#15799,#15800,#15801);
#15803=PLANE('',#15802);
#15804=ORIENTED_EDGE('',*,*,#9706,.T.);
#15805=ORIENTED_EDGE('',*,*,#15793,.T.);
#15806=ORIENTED_EDGE('',*,*,#9644,.F.);
#15808=ORIENTED_EDGE('',*,*,#15807,.F.);
#15809=EDGE_LOOP('',(#15804,#15805,#15806,#15808));
#15810=FACE_OUTER_BOUND('',#15809,.F.);
#15812=CARTESIAN_POINT('',(0.E0,1.75E0,-2.342916890667E1));
#15813=DIRECTION('',(1.E0,0.E0,0.E0));
#15814=DIRECTION('',(0.E0,0.E0,-1.E0));
#15815=AXIS2_PLACEMENT_3D('',#15812,#15813,#15814);
#15816=CYLINDRICAL_SURFACE('',#15815,2.951253947182E0);
#15817=ORIENTED_EDGE('',*,*,#9411,.F.);
#15818=ORIENTED_EDGE('',*,*,#9708,.T.);
#15819=ORIENTED_EDGE('',*,*,#15807,.T.);
#15820=ORIENTED_EDGE('',*,*,#9642,.F.);
#15821=EDGE_LOOP('',(#15817,#15818,#15819,#15820));
#15822=FACE_OUTER_BOUND('',#15821,.F.);
#15824=CARTESIAN_POINT('',(0.E0,1.75E0,-1.549999884E1));
#15825=DIRECTION('',(1.E0,0.E0,0.E0));
#15826=DIRECTION('',(0.E0,0.E0,-1.E0));
#15827=AXIS2_PLACEMENT_3D('',#15824,#15825,#15826);
#15828=CYLINDRICAL_SURFACE('',#15827,2.95E0);
#15829=ORIENTED_EDGE('',*,*,#9407,.T.);
#15830=ORIENTED_EDGE('',*,*,#9624,.F.);
#15832=ORIENTED_EDGE('',*,*,#15831,.F.);
#15833=ORIENTED_EDGE('',*,*,#9711,.T.);
#15834=EDGE_LOOP('',(#15829,#15830,#15832,#15833));
#15835=FACE_OUTER_BOUND('',#15834,.F.);
#15837=CARTESIAN_POINT('',(0.E0,-1.2E0,-1.249999884E1));
#15838=DIRECTION('',(0.E0,-1.E0,0.E0));
#15839=DIRECTION('',(0.E0,0.E0,-1.E0));
#15840=AXIS2_PLACEMENT_3D('',#15837,#15838,#15839);
#15841=PLANE('',#15840);
#15842=ORIENTED_EDGE('',*,*,#9713,.T.);
#15843=ORIENTED_EDGE('',*,*,#15831,.T.);
#15844=ORIENTED_EDGE('',*,*,#9622,.F.);
#15846=ORIENTED_EDGE('',*,*,#15845,.F.);
#15847=EDGE_LOOP('',(#15842,#15843,#15844,#15846));
#15848=FACE_OUTER_BOUND('',#15847,.F.);
#15850=CARTESIAN_POINT('',(0.E0,1.75E0,-1.257083217333E1));
#15851=DIRECTION('',(1.E0,0.E0,0.E0));
#15852=DIRECTION('',(0.E0,0.E0,-1.E0));
#15853=AXIS2_PLACEMENT_3D('',#15850,#15851,#15852);
#15854=CYLINDRICAL_SURFACE('',#15853,2.951253947182E0);
#15855=ORIENTED_EDGE('',*,*,#9387,.F.);
#15856=ORIENTED_EDGE('',*,*,#9715,.T.);
#15857=ORIENTED_EDGE('',*,*,#15845,.T.);
#15858=ORIENTED_EDGE('',*,*,#9620,.F.);
#15859=EDGE_LOOP('',(#15855,#15856,#15857,#15858));
#15860=FACE_OUTER_BOUND('',#15859,.F.);
#15862=CARTESIAN_POINT('',(0.E0,1.75E0,-4.429167186667E0));
#15863=DIRECTION('',(1.E0,0.E0,0.E0));
#15864=DIRECTION('',(0.E0,0.E0,-1.E0));
#15865=AXIS2_PLACEMENT_3D('',#15862,#15863,#15864);
#15866=CYLINDRICAL_SURFACE('',#15865,2.951253947182E0);
#15867=ORIENTED_EDGE('',*,*,#9383,.T.);
#15868=ORIENTED_EDGE('',*,*,#9602,.F.);
#15870=ORIENTED_EDGE('',*,*,#15869,.F.);
#15871=ORIENTED_EDGE('',*,*,#9718,.T.);
#15872=EDGE_LOOP('',(#15867,#15868,#15870,#15871));
#15873=FACE_OUTER_BOUND('',#15872,.F.);
#15875=CARTESIAN_POINT('',(0.E0,-1.2E0,-1.500000519999E0));
#15876=DIRECTION('',(0.E0,-1.E0,0.E0));
#15877=DIRECTION('',(0.E0,0.E0,-1.E0));
#15878=AXIS2_PLACEMENT_3D('',#15875,#15876,#15877);
#15879=PLANE('',#15878);
#15880=ORIENTED_EDGE('',*,*,#9720,.T.);
#15881=ORIENTED_EDGE('',*,*,#15869,.T.);
#15882=ORIENTED_EDGE('',*,*,#9600,.F.);
#15884=ORIENTED_EDGE('',*,*,#15883,.F.);
#15885=EDGE_LOOP('',(#15880,#15881,#15882,#15884));
#15886=FACE_OUTER_BOUND('',#15885,.F.);
#15888=CARTESIAN_POINT('',(0.E0,1.75E0,-1.429167186667E0));
#15889=DIRECTION('',(1.E0,0.E0,0.E0));
#15890=DIRECTION('',(0.E0,0.E0,-1.E0));
#15891=AXIS2_PLACEMENT_3D('',#15888,#15889,#15890);
#15892=CYLINDRICAL_SURFACE('',#15891,2.951253947182E0);
#15893=ORIENTED_EDGE('',*,*,#9363,.F.);
#15894=ORIENTED_EDGE('',*,*,#9722,.T.);
#15895=ORIENTED_EDGE('',*,*,#15883,.T.);
#15896=ORIENTED_EDGE('',*,*,#9598,.F.);
#15897=EDGE_LOOP('',(#15893,#15894,#15895,#15896));
#15898=FACE_OUTER_BOUND('',#15897,.F.);
#15900=CARTESIAN_POINT('',(0.E0,1.75E0,1.142916462667E1));
#15901=DIRECTION('',(1.E0,0.E0,0.E0));
#15902=DIRECTION('',(0.E0,0.E0,-1.E0));
#15903=AXIS2_PLACEMENT_3D('',#15900,#15901,#15902);
#15904=CYLINDRICAL_SURFACE('',#15903,2.951253947182E0);
#15905=ORIENTED_EDGE('',*,*,#9359,.T.);
#15906=ORIENTED_EDGE('',*,*,#9580,.F.);
#15908=ORIENTED_EDGE('',*,*,#15907,.F.);
#15909=ORIENTED_EDGE('',*,*,#9725,.T.);
#15910=EDGE_LOOP('',(#15905,#15906,#15908,#15909));
#15911=FACE_OUTER_BOUND('',#15910,.F.);
#15913=CARTESIAN_POINT('',(0.E0,-1.2E0,1.449999796E1));
#15914=DIRECTION('',(0.E0,-1.E0,0.E0));
#15915=DIRECTION('',(0.E0,0.E0,-1.E0));
#15916=AXIS2_PLACEMENT_3D('',#15913,#15914,#15915);
#15917=PLANE('',#15916);
#15918=ORIENTED_EDGE('',*,*,#9727,.T.);
#15919=ORIENTED_EDGE('',*,*,#15907,.T.);
#15920=ORIENTED_EDGE('',*,*,#9578,.F.);
#15922=ORIENTED_EDGE('',*,*,#15921,.F.);
#15923=EDGE_LOOP('',(#15918,#15919,#15920,#15922));
#15924=FACE_OUTER_BOUND('',#15923,.F.);
#15926=CARTESIAN_POINT('',(0.E0,1.75E0,1.457083129333E1));
#15927=DIRECTION('',(1.E0,0.E0,0.E0));
#15928=DIRECTION('',(0.E0,0.E0,-1.E0));
#15929=AXIS2_PLACEMENT_3D('',#15926,#15927,#15928);
#15930=CYLINDRICAL_SURFACE('',#15929,2.951253947182E0);
#15931=ORIENTED_EDGE('',*,*,#9339,.F.);
#15932=ORIENTED_EDGE('',*,*,#9729,.T.);
#15933=ORIENTED_EDGE('',*,*,#15921,.T.);
#15934=ORIENTED_EDGE('',*,*,#9576,.F.);
#15935=EDGE_LOOP('',(#15931,#15932,#15933,#15934));
#15936=FACE_OUTER_BOUND('',#15935,.F.);
#15940=FILL_AREA_STYLE_COLOUR('',#5);
#15941=FILL_AREA_STYLE('',(#15940));
#15942=SURFACE_STYLE_FILL_AREA(#15941);
#15943=SURFACE_SIDE_STYLE('',(#15942));
#15944=SURFACE_STYLE_USAGE(.BOTH.,#15943);
#15945=PRESENTATION_STYLE_ASSIGNMENT((#15944));
#15=STYLED_ITEM('',(#15945),#15939);
#15948=PLANE_ANGLE_MEASURE_WITH_UNIT(PLANE_ANGLE_MEASURE(1.745329251994E-2),
#15947);
#15949=(CONVERSION_BASED_UNIT('DEGREE',#15948)NAMED_UNIT(*)PLANE_ANGLE_UNIT());
#15951=UNCERTAINTY_MEASURE_WITH_UNIT(LENGTH_MEASURE(1.E-2),#15946,
'distance_accuracy_value',
'Maximum model space distance between geometric entities at asserted connectivities');
#15954=MECHANICAL_DESIGN_GEOMETRIC_PRESENTATION_REPRESENTATION('',(#23,#30,#37,
#44,#51,#58,#65,#72,#79,#86,#93,#100,#107,#114,#121,#128,#135,#142,#149,#156,
#163,#170,#177,#184,#191,#198,#205,#212,#219,#226,#233,#240,#247,#254,#261,#268,
#275,#282,#289,#297,#304,#311,#318,#326,#333,#340,#347,#355,#362,#370,#377,#384,
#391,#399,#406,#413,#420,#427,#434,#441,#448,#455,#462,#470,#477,#484,#491,#498,
#505,#512,#519,#527,#534,#541,#548,#555,#562,#569,#576,#583,#590,#598,#606,#615,
#622,#631,#638,#645,#652,#659,#666,#673,#680,#689,#696,#705,#714,#721,#730,#739,
#746,#755,#764,#771,#780,#788,#795,#802,#809,#816,#823,#830,#837,#844,#851,#858,
#865,#872,#879,#886,#893,#900,#907,#914,#921,#928,#935,#942,#949,#956,#963,#970,
#977,#984,#991,#998,#1005,#1012,#1019,#1026,#1033,#1040,#1047,#1054,#1061,#1068,
#1075,#1082,#1089,#1122,#1129,#1137,#1144,#1151,#1159,#1166,#1174,#1182,#1189,
#1197,#1204,#1212,#1219,#1227,#1234,#1242,#1250,#1258,#1266,#1274,#1282,#1290,
#1298,#1306,#1314,#1322,#1330,#1338,#1346,#1354,#1362,#1370,#1378,#1386,#1394,
#1402,#1410,#1418,#1426,#1434,#1442,#1450,#1458,#1466,#1474,#1482,#1490,#1498,
#1506,#1514,#1522,#1530,#1538,#1546,#1554,#1562,#1570,#1578,#1586,#1594,#1602,
#1610,#1618,#1626,#1634,#1642,#1650,#1658,#1666,#1674,#1682,#1690,#1698,#1706,
#1714,#1722,#1730,#1738,#1746,#1754,#1762,#1770,#1778,#1786,#1794,#1802,#1810,
#1818,#1826,#1834,#1842,#1850,#1858,#1866,#1874,#1882,#1890,#1898,#1906,#1914,
#1922,#1930,#1938,#1946,#1954,#1961,#1968,#1975,#1982,#1989,#1996,#2003,#2010,
#2017,#2024,#2031,#2038,#2049,#2056,#2067,#2130,#2137,#2146,#2157,#2164,#2171,
#2178,#2185,#2192,#2199,#2206,#2213,#2220,#2227,#2234,#2265,#2296,#2323,#2332,
#2339,#2346,#2353,#2360,#2367,#2377,#2404,#2413,#2420,#2427,#2434,#2441,#2448,
#2459,#2490,#2521,#2529,#2537,#2545,#2553,#2560,#2567,#2575,#2582,#2589,#2597,
#2604,#2612,#2619,#2626,#2633,#2640,#2647,#2654,#2661,#2668,#2679,#2686,#2697,
#2704,#2711,#2719,#2726,#2734,#2741,#2749,#2756,#2764,#2771,#2778,#2785,#2792,
#2799,#2806,#2813,#2820,#2827,#2834,#2841,#2848,#2855,#2862,#2869,#2876,#2883,
#2890,#2897,#2904,#2911,#2918,#2925,#2932,#2939,#2946,#2953,#2960,#2967,#2974,
#2982,#2989,#2997,#3004,#3012,#3019,#3027,#3034,#3042,#3050,#3058,#3066,#3074,
#3082,#3090,#3098,#3106,#3114,#3122,#3130,#3138,#3146,#3154,#3162,#3170,#3178,
#3186,#3194,#3202,#3210,#3218,#3226,#3234,#3242,#3250,#3258,#3266,#3274,#3282,
#3290,#3298,#3306,#3314,#3322,#3330,#3338,#3346,#3354,#3362,#3370,#3378,#3386,
#3394,#3402,#3410,#3418,#3426,#3434,#3442,#3450,#3458,#3466,#3474,#3482,#3490,
#3498,#3506,#3514,#3522,#3530,#3538,#3546,#3554,#3562,#3570,#3578,#3586,#3594,
#3602,#3610,#3618,#3626,#3634,#3642,#3649,#3657,#3665,#3673,#3681,#3689,#3697,
#3705,#3713,#3721,#3728,#3736,#3744,#3752,#3760,#3768,#3776,#3784,#3791,#3798,
#3805,#3813,#3821,#3828,#3835,#3842,#3850,#3858,#3865,#3872,#3879,#3887,#3895,
#3902,#3909,#3916,#3924,#3932,#3939,#3947,#3954,#3961,#3969,#3976,#3983,#3990,
#3998,#4005,#4012,#4020,#4027,#4034,#4042,#4049,#4056,#4064,#4071,#4079,#4086,
#4093,#4101,#4108,#4115,#4122,#4129,#4136,#4143,#4150,#4157,#4164,#4171,#4178,
#4185,#4192,#4199,#4206,#4213,#4220,#4227,#4234,#4241,#4248,#4256,#4263,#4271,
#4279,#4287,#4294,#4302,#4310,#4318,#4326,#4333,#4340,#4347,#4355,#4362,#4370,
#4377,#4384,#4391,#4398,#4405,#4412,#4419,#4426,#4434,#4441,#4449,#4456,#4464,
#4471,#4479,#4486,#4493,#4500,#4508,#4515,#4522,#4529,#4537,#4544,#4551,#4558,
#4566,#4573,#4580,#4587,#4595,#4602,#4609,#4616,#4623,#4630,#4637,#4644,#4651,
#4658,#4665,#4672,#4679,#4687,#4694,#4702,#4709,#4716,#4723,#4730,#4737,#4744,
#4751,#4758,#4765,#4772,#4779,#4786,#4793,#4801,#4809,#4816,#4824,#4831,#4838,
#4846,#4853,#4860,#4867,#4875,#4883,#4890,#4898,#4905,#4912,#4920,#4927,#4934,
#4942,#4949,#4956,#4963,#4970,#4977,#4984,#4991,#4998,#5005,#5012,#5019,#5027,
#5034,#5041,#5048,#5055,#5062,#5069,#5076,#5083,#5090,#5097,#5104,#5112,#5119,
#5126,#5133,#5140,#5147,#5154,#5161,#5168,#5175,#5182,#5189,#5197,#5204,#5211,
#5218,#5225,#5232,#5239,#5246,#5253,#5260,#5267,#5274,#5281,#5288,#5295,#5302,
#5309,#5316,#5323,#5330,#5337,#5344,#5351,#5358,#5365,#5372,#5379,#5386,#5393,
#5400,#5407,#5414,#5421,#5428,#5435,#5442,#5449,#5456,#5463,#5470,#5477,#5484,
#5491,#5498,#5505,#5512,#5519,#5526,#5533,#5540,#5547,#5554,#5561,#5568,#5575,
#5582,#5589,#5596,#5603,#5610,#5617,#5624,#5631,#5638,#5645,#5652,#5659,#5666,
#5673,#5680,#5687,#5694,#5701,#5708,#5715,#5722,#5730,#5737,#5744,#5752,#5759,
#5766,#5774,#5781,#5788,#5795,#5802,#5809,#5816,#5823,#5830,#5837,#5844,#5852,
#5859,#5866,#5874,#5881,#5888,#5896,#5903,#5910,#5917,#5924,#5931,#5938,#5945,
#5952,#5959,#5966,#5974,#5981,#5988,#5996,#6003,#6010,#6017,#6024,#6031,#6038,
#6045,#6052,#6059,#6066,#6074,#6081,#6088,#6096,#6103,#6110,#6118,#6125,#6132,
#6140,#6148,#6156,#6164,#6172,#6180,#6188,#6196,#6204,#6212,#6220,#6228,#6236,
#6244,#6252,#6259,#6266,#6274,#6281,#6289,#6297,#6305,#6313,#6321,#6329,#6336,
#6343,#6350,#6357,#6364,#6371,#6379,#6386,#6394,#6401,#6409,#6416,#6424,#6431,
#6439,#6446,#6454,#6461,#6469,#6476,#6484,#6491,#6499,#6506,#6513,#6520,#6527,
#6534,#6541,#6549,#6556,#6563,#6570,#6578,#6585,#6593,#6600,#6608,#6615,#6623,
#6630,#6637,#6645,#6652,#6660,#6668,#6675,#6683,#6691,#6698,#6706,#6714,#6721,
#6729,#6737,#6744,#6751,#6758,#6766,#6774,#6781,#6789,#6797,#6805,#6813,#6820,
#6827,#6834,#6842,#6850,#6857,#6864,#6871,#6879,#6887,#6894,#6901,#6908,#6916,
#6924,#6931,#6938,#6945,#6953,#6960,#6967,#6974,#6981,#6988,#6995,#7002,#7009,
#7016,#7023,#7030,#7037,#7044,#7051,#7058,#7065,#7072,#7079,#7090,#7101,#7108,
#7171,#7178,#7189,#7198,#7205,#7212,#7219,#7226,#7233,#7240,#7247,#7254,#7261,
#7268,#7275,#7306,#7337,#7364,#7374,#7381,#7388,#7395,#7402,#7409,#7418,#7445,
#7456,#7463,#7470,#7477,#7484,#7491,#7500,#7531,#7562,#7569,#7576,#7583,#7590,
#7597,#7604,#7611,#7618,#7625,#7632,#7639,#7646,#7653,#7660,#7667,#7674,#7681,
#7688,#7695,#7702,#7709,#7716,#7723,#7730,#7737,#7744,#7751,#7758,#7765,#7772,
#7779,#7786,#7793,#7800,#7807,#7814,#7821,#7828,#7835,#7842,#7849,#7856,#7863,
#7870,#7878,#7885,#7892,#7899,#7907,#7915,#7922,#7929,#7936,#7944,#7952,#7959,
#7966,#7973,#7981,#7989,#7996,#8003,#8010,#8018,#14722,#14754,#14792,#14820,
#14852,#14894,#14936,#15),#15952);
#15955=APPLICATION_CONTEXT('automotive_design');
#15956=APPLICATION_PROTOCOL_DEFINITION('international standard',
'automotive_design',2001,#15955);
#15957=PRODUCT_DEFINITION_CONTEXT('part definition',#15955,'design');
#15958=PRODUCT_CONTEXT('',#15955,'mechanical');
#15959=PRODUCT('I-0515-02_REVX01','I-0515-02_REVX01','NOT SPECIFIED',(#15958));
#15960=PRODUCT_DEFINITION_FORMATION('33','LAST_VERSION',#15959);
#15968=DERIVED_UNIT_ELEMENT(#15967,2.E0);
#15969=DERIVED_UNIT((#15968));
#15970=MEASURE_REPRESENTATION_ITEM('surface area measure',AREA_MEASURE(
1.917649349408E4),#15969);
#15975=DERIVED_UNIT_ELEMENT(#15974,3.E0);
#15976=DERIVED_UNIT((#15975));
#15977=MEASURE_REPRESENTATION_ITEM('volume measure',VOLUME_MEASURE(
1.675217113255E4),#15976);
#15981=CARTESIAN_POINT('centre point',(2.339554612917E-1,-8.701108982361E0,
-8.427217175417E-2));
#15986=DERIVED_UNIT_ELEMENT(#15985,2.E0);
#15987=DERIVED_UNIT((#15986));
#15988=MEASURE_REPRESENTATION_ITEM('surface area measure',AREA_MEASURE(
1.917649349408E4),#15987);
#15993=DERIVED_UNIT_ELEMENT(#15992,3.E0);
#15994=DERIVED_UNIT((#15993));
#15995=MEASURE_REPRESENTATION_ITEM('volume measure',VOLUME_MEASURE(
1.675217113255E4),#15994);
#15999=CARTESIAN_POINT('centre point',(2.339554612917E-1,-8.701108982361E0,
-8.427217175417E-2));
#16004=PRODUCT_RELATED_PRODUCT_CATEGORY('part','',(#15959));
#1=DRAUGHTING_PRE_DEFINED_COLOUR('green');
#2=COLOUR_RGB('',1.1E-2,1.2E-2,1.E0);
#3=COLOUR_RGB('',4.1E-1,2.61589E-1,1.12848E-1);
#4=COLOUR_RGB('',5.04854E-1,1.5455E-2,1.5455E-2);
#5=COLOUR_RGB('',5.88235E-1,5.88235E-1,5.88235E-1);
#6=COLOUR_RGB('',6.35294E-1,6.86275E-1,7.4902E-1);
#7=COLOUR_RGB('',6.40777E-1,6.40777E-1,6.40777E-1);
#8=COLOUR_RGB('',6.69062E-1,6.69903E-1,6.55217E-1);
#9=COLOUR_RGB('',9.21569E-1,7.05882E-1,4.70588E-1);
#10=DRAUGHTING_PRE_DEFINED_COLOUR('red');
#11=DRAUGHTING_PRE_DEFINED_COLOUR('yellow');
#12=COLOUR_RGB('',1.E0,1.E0,5.3E-1);
#13=COLOUR_RGB('',1.E0,1.E0,9.49E-1);
#14=DRAUGHTING_PRE_DEFINED_COLOUR('white');
#294=CIRCLE('',#293,1.4E0);
#323=CIRCLE('',#322,2.5E0);
#352=CIRCLE('',#351,2.5E0);
#367=CIRCLE('',#366,2.5E0);
#396=CIRCLE('',#395,1.4E0);
#467=CIRCLE('',#466,1.4E0);
#524=CIRCLE('',#523,1.4E0);
#595=CIRCLE('',#594,2.5E0);
#603=CIRCLE('',#602,2.95E0);
#612=B_SPLINE_CURVE_WITH_KNOTS('',3,(#607,#608,#609,#610,#611),.UNSPECIFIED.,
.F.,.F.,(4,1,4),(0.E0,5.E-1,1.E0),.UNSPECIFIED.);
#628=B_SPLINE_CURVE_WITH_KNOTS('',3,(#623,#624,#625,#626,#627),.UNSPECIFIED.,
.F.,.F.,(4,1,4),(0.E0,5.E-1,1.E0),.UNSPECIFIED.);
#686=B_SPLINE_CURVE_WITH_KNOTS('',3,(#681,#682,#683,#684,#685),.UNSPECIFIED.,
.F.,.F.,(4,1,4),(0.E0,5.E-1,1.E0),.UNSPECIFIED.);
#702=B_SPLINE_CURVE_WITH_KNOTS('',3,(#697,#698,#699,#700,#701),.UNSPECIFIED.,
.F.,.F.,(4,1,4),(0.E0,5.E-1,1.E0),.UNSPECIFIED.);
#711=B_SPLINE_CURVE_WITH_KNOTS('',3,(#706,#707,#708,#709,#710),.UNSPECIFIED.,
.F.,.F.,(4,1,4),(0.E0,5.E-1,1.E0),.UNSPECIFIED.);
#727=B_SPLINE_CURVE_WITH_KNOTS('',3,(#722,#723,#724,#725,#726),.UNSPECIFIED.,
.F.,.F.,(4,1,4),(0.E0,5.E-1,1.E0),.UNSPECIFIED.);
#736=B_SPLINE_CURVE_WITH_KNOTS('',3,(#731,#732,#733,#734,#735),.UNSPECIFIED.,
.F.,.F.,(4,1,4),(0.E0,5.E-1,1.E0),.UNSPECIFIED.);
#752=B_SPLINE_CURVE_WITH_KNOTS('',3,(#747,#748,#749,#750,#751),.UNSPECIFIED.,
.F.,.F.,(4,1,4),(0.E0,5.E-1,1.E0),.UNSPECIFIED.);
#761=B_SPLINE_CURVE_WITH_KNOTS('',3,(#756,#757,#758,#759,#760),.UNSPECIFIED.,
.F.,.F.,(4,1,4),(0.E0,5.E-1,1.E0),.UNSPECIFIED.);
#777=B_SPLINE_CURVE_WITH_KNOTS('',3,(#772,#773,#774,#775,#776),.UNSPECIFIED.,
.F.,.F.,(4,1,4),(0.E0,5.E-1,1.E0),.UNSPECIFIED.);
#785=CIRCLE('',#784,2.951253947182E0);
#1119=B_SPLINE_CURVE_WITH_KNOTS('',3,(#1090,#1091,#1092,#1093,#1094,#1095,#1096,
#1097,#1098,#1099,#1100,#1101,#1102,#1103,#1104,#1105,#1106,#1107,#1108,#1109,
#1110,#1111,#1112,#1113,#1114,#1115,#1116,#1117,#1118),.UNSPECIFIED.,.F.,.F.,(4,
1,1,1,1,1,1,1,1,1,1,1,1,1,1,1,1,1,1,1,1,1,1,1,1,1,4),(0.E0,7.8125E-3,1.5625E-2,
3.125E-2,4.6875E-2,6.25E-2,9.375E-2,1.25E-1,1.5625E-1,1.875E-1,2.5E-1,3.125E-1,
3.75E-1,5.E-1,6.25E-1,6.875E-1,7.5E-1,8.125E-1,8.4375E-1,8.75E-1,9.0625E-1,
9.375E-1,9.53125E-1,9.6875E-1,9.84375E-1,9.921875E-1,1.E0),.UNSPECIFIED.);
#1134=CIRCLE('',#1133,2.975E0);
#1156=CIRCLE('',#1155,2.5E0);
#1171=CIRCLE('',#1170,1.E0);
#1179=CIRCLE('',#1178,1.5E0);
#1194=CIRCLE('',#1193,1.5E0);
#1209=CIRCLE('',#1208,1.5E0);
#1224=CIRCLE('',#1223,1.5E0);
#1239=CIRCLE('',#1238,4.25E0);
#1247=CIRCLE('',#1246,4.25E0);
#1255=CIRCLE('',#1254,2.636149506440E0);
#1263=CIRCLE('',#1262,2.636149506440E0);
#1271=CIRCLE('',#1270,2.636149506440E0);
#1279=CIRCLE('',#1278,2.636149506440E0);
#1287=CIRCLE('',#1286,2.636149506440E0);
#1295=CIRCLE('',#1294,2.636149506440E0);
#1303=CIRCLE('',#1302,9.E-1);
#1311=CIRCLE('',#1310,9.E-1);
#1319=CIRCLE('',#1318,9.E-1);
#1327=CIRCLE('',#1326,9.E-1);
#1335=CIRCLE('',#1334,9.E-1);
#1343=CIRCLE('',#1342,9.E-1);
#1351=CIRCLE('',#1350,9.E-1);
#1359=CIRCLE('',#1358,9.E-1);
#1367=CIRCLE('',#1366,9.E-1);
#1375=CIRCLE('',#1374,9.E-1);
#1383=CIRCLE('',#1382,9.E-1);
#1391=CIRCLE('',#1390,9.E-1);
#1399=CIRCLE('',#1398,9.E-1);
#1407=CIRCLE('',#1406,9.E-1);
#1415=CIRCLE('',#1414,9.E-1);
#1423=CIRCLE('',#1422,9.E-1);
#1431=CIRCLE('',#1430,9.E-1);
#1439=CIRCLE('',#1438,9.E-1);
#1447=CIRCLE('',#1446,9.E-1);
#1455=CIRCLE('',#1454,9.E-1);
#1463=CIRCLE('',#1462,9.E-1);
#1471=CIRCLE('',#1470,9.E-1);
#1479=CIRCLE('',#1478,9.E-1);
#1487=CIRCLE('',#1486,9.E-1);
#1495=CIRCLE('',#1494,9.E-1);
#1503=CIRCLE('',#1502,9.E-1);
#1511=CIRCLE('',#1510,9.E-1);
#1519=CIRCLE('',#1518,9.E-1);
#1527=CIRCLE('',#1526,9.E-1);
#1535=CIRCLE('',#1534,9.E-1);
#1543=CIRCLE('',#1542,9.E-1);
#1551=CIRCLE('',#1550,9.E-1);
#1559=CIRCLE('',#1558,9.E-1);
#1567=CIRCLE('',#1566,9.E-1);
#1575=CIRCLE('',#1574,9.E-1);
#1583=CIRCLE('',#1582,9.E-1);
#1591=CIRCLE('',#1590,9.E-1);
#1599=CIRCLE('',#1598,9.E-1);
#1607=CIRCLE('',#1606,9.E-1);
#1615=CIRCLE('',#1614,9.E-1);
#1623=CIRCLE('',#1622,9.E-1);
#1631=CIRCLE('',#1630,9.E-1);
#1639=CIRCLE('',#1638,9.E-1);
#1647=CIRCLE('',#1646,9.E-1);
#1655=CIRCLE('',#1654,9.E-1);
#1663=CIRCLE('',#1662,9.E-1);
#1671=CIRCLE('',#1670,9.E-1);
#1679=CIRCLE('',#1678,9.E-1);
#1687=CIRCLE('',#1686,9.E-1);
#1695=CIRCLE('',#1694,9.E-1);
#1703=CIRCLE('',#1702,9.E-1);
#1711=CIRCLE('',#1710,9.E-1);
#1719=CIRCLE('',#1718,9.E-1);
#1727=CIRCLE('',#1726,9.E-1);
#1735=CIRCLE('',#1734,9.E-1);
#1743=CIRCLE('',#1742,9.E-1);
#1751=CIRCLE('',#1750,9.E-1);
#1759=CIRCLE('',#1758,9.E-1);
#1767=CIRCLE('',#1766,9.E-1);
#1775=CIRCLE('',#1774,9.E-1);
#1783=CIRCLE('',#1782,9.E-1);
#1791=CIRCLE('',#1790,9.E-1);
#1799=CIRCLE('',#1798,9.E-1);
#1807=CIRCLE('',#1806,9.E-1);
#1815=CIRCLE('',#1814,9.E-1);
#1823=CIRCLE('',#1822,9.E-1);
#1831=CIRCLE('',#1830,9.E-1);
#1839=CIRCLE('',#1838,9.E-1);
#1847=CIRCLE('',#1846,9.E-1);
#1855=CIRCLE('',#1854,9.E-1);
#1863=CIRCLE('',#1862,9.E-1);
#1871=CIRCLE('',#1870,9.E-1);
#1879=CIRCLE('',#1878,9.E-1);
#1887=CIRCLE('',#1886,9.E-1);
#1895=CIRCLE('',#1894,9.E-1);
#1903=CIRCLE('',#1902,9.E-1);
#1911=CIRCLE('',#1910,9.E-1);
#1919=CIRCLE('',#1918,9.E-1);
#1927=CIRCLE('',#1926,9.E-1);
#1935=CIRCLE('',#1934,9.E-1);
#1943=CIRCLE('',#1942,9.E-1);
#1951=CIRCLE('',#1950,9.E-1);
#2046=B_SPLINE_CURVE_WITH_KNOTS('',3,(#2039,#2040,#2041,#2042,#2043,#2044,
#2045),.UNSPECIFIED.,.F.,.F.,(4,1,1,1,4),(0.E0,2.865738959446E-1,
5.294551138292E-1,7.618996225577E-1,1.E0),.UNSPECIFIED.);
#2064=B_SPLINE_CURVE_WITH_KNOTS('',3,(#2057,#2058,#2059,#2060,#2061,#2062,
#2063),.UNSPECIFIED.,.F.,.F.,(4,1,1,1,4),(0.E0,2.621999050838E-1,
5.037759787477E-1,7.435234032491E-1,1.E0),.UNSPECIFIED.);
#2127=B_SPLINE_CURVE_WITH_KNOTS('',3,(#2068,#2069,#2070,#2071,#2072,#2073,#2074,
#2075,#2076,#2077,#2078,#2079,#2080,#2081,#2082,#2083,#2084,#2085,#2086,#2087,
#2088,#2089,#2090,#2091,#2092,#2093,#2094,#2095,#2096,#2097,#2098,#2099,#2100,
#2101,#2102,#2103,#2104,#2105,#2106,#2107,#2108,#2109,#2110,#2111,#2112,#2113,
#2114,#2115,#2116,#2117,#2118,#2119,#2120,#2121,#2122,#2123,#2124,#2125,#2126),
.UNSPECIFIED.,.F.,.F.,(4,1,1,1,1,1,1,1,1,1,1,1,1,1,1,1,1,1,1,1,1,1,1,1,1,1,1,1,
1,1,1,1,1,1,1,1,1,1,1,1,1,1,1,1,1,1,1,1,1,1,1,1,1,1,1,1,4),(0.E0,
8.456625822468E-3,1.696014750316E-2,2.563118922941E-2,3.006985831580E-2,
3.459939110998E-2,4.338356803674E-2,5.202169900877E-2,6.888732303476E-2,
1.011812529402E-1,1.320525825487E-1,1.620801515984E-1,1.919233716528E-1,
2.223423227855E-1,2.380566384831E-1,2.542430572406E-1,2.710199108012E-1,
2.796701508195E-1,2.885132641396E-1,2.979319206957E-1,3.072181488453E-1,
3.254329105604E-1,3.432469838429E-1,3.607376710325E-1,3.949850439535E-1,
4.286953895692E-1,4.622657344481E-1,4.960449996606E-1,5.131369220463E-1,
5.304121072375E-1,5.479197313353E-1,5.567795438168E-1,5.657180521540E-1,
5.746149720483E-1,5.833511976900E-1,6.003738033171E-1,6.168685834592E-1,
6.329208038292E-1,6.640314367123E-1,6.945945393326E-1,7.255769493658E-1,
7.580208386153E-1,7.751445357489E-1,7.930251192571E-1,8.117870860763E-1,
8.215386643238E-1,8.315550843738E-1,8.373258228532E-1,8.430351873702E-1,
8.542799847823E-1,8.653130214212E-1,8.761573340879E-1,8.973652164107E-1,
9.181014132759E-1,9.385562995967E-1,9.589169676507E-1,1.E0),.UNSPECIFIED.);
#2143=B_SPLINE_CURVE_WITH_KNOTS('',3,(#2138,#2139,#2140,#2141,#2142),
.UNSPECIFIED.,.F.,.F.,(4,1,4),(0.E0,4.667075039529E-1,1.E0),.UNSPECIFIED.);
#2154=B_SPLINE_CURVE_WITH_KNOTS('',3,(#2147,#2148,#2149,#2150,#2151,#2152,
#2153),.UNSPECIFIED.,.F.,.F.,(4,1,1,1,4),(0.E0,2.716721709313E-1,
5.138436815945E-1,7.449165794054E-1,1.E0),.UNSPECIFIED.);
#2262=B_SPLINE_CURVE_WITH_KNOTS('',3,(#2235,#2236,#2237,#2238,#2239,#2240,#2241,
#2242,#2243,#2244,#2245,#2246,#2247,#2248,#2249,#2250,#2251,#2252,#2253,#2254,
#2255,#2256,#2257,#2258,#2259,#2260,#2261),.UNSPECIFIED.,.F.,.F.,(4,1,1,1,1,1,1,
1,1,1,1,1,1,1,1,1,1,1,1,1,1,1,1,1,4),(0.E0,1.574832068467E-2,3.147124454309E-2,
6.291709225991E-2,9.436293997674E-2,1.258087876936E-1,1.887004831272E-1,
2.515921785609E-1,3.144838739945E-1,3.773755694282E-1,4.402672648618E-1,
4.717131125786E-1,5.031589602955E-1,5.342115252770E-1,5.652640902585E-1,
6.273692202216E-1,6.894743501847E-1,7.515794801477E-1,8.136846101108E-1,
8.757897400739E-1,9.068423050554E-1,9.378948700369E-1,9.689474350185E-1,
9.844737175092E-1,1.E0),.UNSPECIFIED.);
#2293=B_SPLINE_CURVE_WITH_KNOTS('',3,(#2266,#2267,#2268,#2269,#2270,#2271,#2272,
#2273,#2274,#2275,#2276,#2277,#2278,#2279,#2280,#2281,#2282,#2283,#2284,#2285,
#2286,#2287,#2288,#2289,#2290,#2291,#2292),.UNSPECIFIED.,.F.,.F.,(4,1,1,1,1,1,1,
1,1,1,1,1,1,1,1,1,1,1,1,1,1,1,1,1,4),(0.E0,1.552707114735E-2,3.105414229470E-2,
6.210828458940E-2,9.316242688410E-2,1.242165691788E-1,1.863248537682E-1,
2.484331383576E-1,3.105414229470E-1,3.726497075364E-1,4.347579921258E-1,
4.658121344205E-1,4.968662767152E-1,5.283137217221E-1,5.597611667291E-1,
6.226560567430E-1,6.855509467569E-1,7.484458367707E-1,8.113407267846E-1,
8.742356167985E-1,9.056830618054E-1,9.371305068124E-1,9.685779518193E-1,
9.843016743228E-1,1.E0),.UNSPECIFIED.);
#2320=B_SPLINE_CURVE_WITH_KNOTS('',3,(#2297,#2298,#2299,#2300,#2301,#2302,#2303,
#2304,#2305,#2306,#2307,#2308,#2309,#2310,#2311,#2312,#2313,#2314,#2315,#2316,
#2317,#2318,#2319),.UNSPECIFIED.,.F.,.F.,(4,1,1,1,1,1,1,1,1,1,1,1,1,1,1,1,1,1,1,
1,4),(0.E0,1.244407294033E-1,1.873745039641E-1,2.511309129258E-1,
3.158435089797E-1,3.816132691082E-1,4.149867315795E-1,4.487253681213E-1,
4.828978505968E-1,5.001789525291E-1,5.176049508255E-1,5.349420602899E-1,
5.519604677778E-1,5.851104343008E-1,6.172162419424E-1,6.484216011729E-1,
7.085913597303E-1,7.667316710955E-1,8.238571835249E-1,8.810477762156E-1,1.E0),
.UNSPECIFIED.);
#2329=B_SPLINE_CURVE_WITH_KNOTS('',3,(#2324,#2325,#2326,#2327,#2328),
.UNSPECIFIED.,.F.,.F.,(4,1,4),(0.E0,5.224269500891E-1,1.E0),.UNSPECIFIED.);
#2374=B_SPLINE_CURVE_WITH_KNOTS('',3,(#2368,#2369,#2370,#2371,#2372,#2373),
.UNSPECIFIED.,.F.,.F.,(4,1,1,4),(0.E0,2.306822501119E-1,4.617348909772E-1,1.E0),
.UNSPECIFIED.);
#2401=B_SPLINE_CURVE_WITH_KNOTS('',3,(#2378,#2379,#2380,#2381,#2382,#2383,#2384,
#2385,#2386,#2387,#2388,#2389,#2390,#2391,#2392,#2393,#2394,#2395,#2396,#2397,
#2398,#2399,#2400),.UNSPECIFIED.,.F.,.F.,(4,1,1,1,1,1,1,1,1,1,1,1,1,1,1,1,1,1,1,
1,4),(0.E0,1.239740076137E-1,1.868978880936E-1,2.507569520760E-1,
3.156512633814E-1,3.816482644685E-1,4.151423837198E-1,4.490018785762E-1,
4.832924144037E-1,5.006306754393E-1,5.181122435556E-1,5.355023644290E-1,
5.525703897739E-1,5.858092492520E-1,6.179896836866E-1,6.492546464560E-1,
7.094946362669E-1,7.676315009151E-1,8.246698340790E-1,8.816819883394E-1,1.E0),
.UNSPECIFIED.);
#2410=B_SPLINE_CURVE_WITH_KNOTS('',3,(#2405,#2406,#2407,#2408,#2409),
.UNSPECIFIED.,.F.,.F.,(4,1,4),(0.E0,5.231805396767E-1,1.E0),.UNSPECIFIED.);
#2456=B_SPLINE_CURVE_WITH_KNOTS('',3,(#2449,#2450,#2451,#2452,#2453,#2454,
#2455),.UNSPECIFIED.,.F.,.F.,(4,1,1,1,4),(0.E0,2.288659685178E-1,
4.580207418261E-1,7.086959461395E-1,1.E0),.UNSPECIFIED.);
#2487=B_SPLINE_CURVE_WITH_KNOTS('',3,(#2460,#2461,#2462,#2463,#2464,#2465,#2466,
#2467,#2468,#2469,#2470,#2471,#2472,#2473,#2474,#2475,#2476,#2477,#2478,#2479,
#2480,#2481,#2482,#2483,#2484,#2485,#2486),.UNSPECIFIED.,.F.,.F.,(4,1,1,1,1,1,1,
1,1,1,1,1,1,1,1,1,1,1,1,1,1,1,1,1,4),(0.E0,1.555167931663E-2,3.107796180732E-2,
6.213052678871E-2,9.318309177009E-2,1.242356567515E-1,1.863407867142E-1,
2.484459166770E-1,3.105510466398E-1,3.726561766025E-1,4.347613065653E-1,
4.658138715467E-1,4.968664365281E-1,5.283122842451E-1,5.597581319621E-1,
6.226498273961E-1,6.855415228301E-1,7.484332182640E-1,8.113249136980E-1,
8.742166091320E-1,9.056624568490E-1,9.371083045660E-1,9.685541522830E-1,
9.842770761415E-1,1.E0),.UNSPECIFIED.);
#2518=B_SPLINE_CURVE_WITH_KNOTS('',3,(#2491,#2492,#2493,#2494,#2495,#2496,#2497,
#2498,#2499,#2500,#2501,#2502,#2503,#2504,#2505,#2506,#2507,#2508,#2509,#2510,
#2511,#2512,#2513,#2514,#2515,#2516,#2517),.UNSPECIFIED.,.F.,.F.,(4,1,1,1,1,1,1,
1,1,1,1,1,1,1,1,1,1,1,1,1,1,1,1,1,4),(0.E0,1.572372250350E-2,3.144744500700E-2,
6.289489001400E-2,9.434233502101E-2,1.257897800280E-1,1.886846700420E-1,
2.515795600560E-1,3.144744500700E-1,3.773693400840E-1,4.402642300980E-1,
4.717116751050E-1,5.031591201120E-1,5.342132624066E-1,5.652674047013E-1,
6.273756892905E-1,6.894839738797E-1,7.515922584690E-1,8.137005430582E-1,
8.758088276475E-1,9.068629699421E-1,9.379171122367E-1,9.689712545313E-1,
9.844983256786E-1,1.E0),.UNSPECIFIED.);
#2526=CIRCLE('',#2525,1.E0);
#2534=CIRCLE('',#2533,1.E0);
#2542=CIRCLE('',#2541,1.E0);
#2550=CIRCLE('',#2549,1.E0);
#2572=CIRCLE('',#2571,2.5E0);
#2594=CIRCLE('',#2593,2.08E0);
#2609=CIRCLE('',#2608,2.08E0);
#2676=B_SPLINE_CURVE_WITH_KNOTS('',3,(#2669,#2670,#2671,#2672,#2673,#2674,
#2675),.UNSPECIFIED.,.F.,.F.,(4,1,1,1,4),(0.E0,2.5E-1,5.E-1,7.5E-1,1.E0),
.UNSPECIFIED.);
#2694=B_SPLINE_CURVE_WITH_KNOTS('',3,(#2687,#2688,#2689,#2690,#2691,#2692,
#2693),.UNSPECIFIED.,.F.,.F.,(4,1,1,1,4),(0.E0,2.5E-1,5.E-1,7.5E-1,1.E0),
.UNSPECIFIED.);
#2716=CIRCLE('',#2715,1.347634805215E0);
#2731=CIRCLE('',#2730,1.347634805215E0);
#2746=CIRCLE('',#2745,1.347634805215E0);
#2761=CIRCLE('',#2760,1.347634805215E0);
#2979=CIRCLE('',#2978,5.2E0);
#2994=CIRCLE('',#2993,5.2E0);
#3009=CIRCLE('',#3008,5.2E0);
#3024=CIRCLE('',#3023,5.2E0);
#3039=CIRCLE('',#3038,9.E-1);
#3047=CIRCLE('',#3046,9.E-1);
#3055=CIRCLE('',#3054,9.E-1);
#3063=CIRCLE('',#3062,9.E-1);
#3071=CIRCLE('',#3070,9.E-1);
#3079=CIRCLE('',#3078,9.E-1);
#3087=CIRCLE('',#3086,9.E-1);
#3095=CIRCLE('',#3094,9.E-1);
#3103=CIRCLE('',#3102,9.E-1);
#3111=CIRCLE('',#3110,9.E-1);
#3119=CIRCLE('',#3118,9.E-1);
#3127=CIRCLE('',#3126,9.E-1);
#3135=CIRCLE('',#3134,9.E-1);
#3143=CIRCLE('',#3142,9.E-1);
#3151=CIRCLE('',#3150,9.E-1);
#3159=CIRCLE('',#3158,9.E-1);
#3167=CIRCLE('',#3166,9.E-1);
#3175=CIRCLE('',#3174,9.E-1);
#3183=CIRCLE('',#3182,9.E-1);
#3191=CIRCLE('',#3190,9.E-1);
#3199=CIRCLE('',#3198,9.E-1);
#3207=CIRCLE('',#3206,9.E-1);
#3215=CIRCLE('',#3214,9.E-1);
#3223=CIRCLE('',#3222,9.E-1);
#3231=CIRCLE('',#3230,9.E-1);
#3239=CIRCLE('',#3238,9.E-1);
#3247=CIRCLE('',#3246,9.E-1);
#3255=CIRCLE('',#3254,9.E-1);
#3263=CIRCLE('',#3262,9.E-1);
#3271=CIRCLE('',#3270,9.E-1);
#3279=CIRCLE('',#3278,9.E-1);
#3287=CIRCLE('',#3286,9.E-1);
#3295=CIRCLE('',#3294,9.E-1);
#3303=CIRCLE('',#3302,9.E-1);
#3311=CIRCLE('',#3310,9.E-1);
#3319=CIRCLE('',#3318,9.E-1);
#3327=CIRCLE('',#3326,9.E-1);
#3335=CIRCLE('',#3334,9.E-1);
#3343=CIRCLE('',#3342,9.E-1);
#3351=CIRCLE('',#3350,9.E-1);
#3359=CIRCLE('',#3358,9.E-1);
#3367=CIRCLE('',#3366,9.E-1);
#3375=CIRCLE('',#3374,9.E-1);
#3383=CIRCLE('',#3382,9.E-1);
#3391=CIRCLE('',#3390,9.E-1);
#3399=CIRCLE('',#3398,9.E-1);
#3407=CIRCLE('',#3406,9.E-1);
#3415=CIRCLE('',#3414,9.E-1);
#3423=CIRCLE('',#3422,9.E-1);
#3431=CIRCLE('',#3430,9.E-1);
#3439=CIRCLE('',#3438,9.E-1);
#3447=CIRCLE('',#3446,9.E-1);
#3455=CIRCLE('',#3454,9.E-1);
#3463=CIRCLE('',#3462,9.E-1);
#3471=CIRCLE('',#3470,9.E-1);
#3479=CIRCLE('',#3478,9.E-1);
#3487=CIRCLE('',#3486,9.E-1);
#3495=CIRCLE('',#3494,9.E-1);
#3503=CIRCLE('',#3502,9.E-1);
#3511=CIRCLE('',#3510,9.E-1);
#3519=CIRCLE('',#3518,9.E-1);
#3527=CIRCLE('',#3526,9.E-1);
#3535=CIRCLE('',#3534,9.E-1);
#3543=CIRCLE('',#3542,9.E-1);
#3551=CIRCLE('',#3550,9.E-1);
#3559=CIRCLE('',#3558,9.E-1);
#3567=CIRCLE('',#3566,9.E-1);
#3575=CIRCLE('',#3574,9.E-1);
#3583=CIRCLE('',#3582,9.E-1);
#3591=CIRCLE('',#3590,9.E-1);
#3599=CIRCLE('',#3598,9.E-1);
#3607=CIRCLE('',#3606,9.E-1);
#3615=CIRCLE('',#3614,9.E-1);
#3623=CIRCLE('',#3622,9.E-1);
#3631=CIRCLE('',#3630,9.E-1);
#3639=CIRCLE('',#3638,8.5E0);
#3654=CIRCLE('',#3653,8.5E0);
#3662=CIRCLE('',#3661,9.E-1);
#3670=CIRCLE('',#3669,9.E-1);
#3678=CIRCLE('',#3677,9.E-1);
#3686=CIRCLE('',#3685,8.5E0);
#3694=CIRCLE('',#3693,9.E-1);
#3702=CIRCLE('',#3701,9.E-1);
#3710=CIRCLE('',#3709,9.E-1);
#3718=CIRCLE('',#3717,8.5E0);
#3733=CIRCLE('',#3732,8.5E0);
#3741=CIRCLE('',#3740,9.E-1);
#3749=CIRCLE('',#3748,9.E-1);
#3757=CIRCLE('',#3756,9.E-1);
#3765=CIRCLE('',#3764,8.5E0);
#3773=CIRCLE('',#3772,9.E-1);
#3781=CIRCLE('',#3780,9.E-1);
#3810=CIRCLE('',#3809,3.4E0);
#3818=CIRCLE('',#3817,3.4E0);
#3847=CIRCLE('',#3846,3.4E0);
#3855=CIRCLE('',#3854,3.4E0);
#3884=CIRCLE('',#3883,3.4E0);
#3892=CIRCLE('',#3891,3.4E0);
#3921=CIRCLE('',#3920,3.4E0);
#3929=CIRCLE('',#3928,3.4E0);
#3944=CIRCLE('',#3943,3.4E0);
#3966=CIRCLE('',#3965,5.E-1);
#3995=CIRCLE('',#3994,5.E-1);
#4017=CIRCLE('',#4016,3.4E0);
#4039=CIRCLE('',#4038,5.E-1);
#4061=CIRCLE('',#4060,3.4E0);
#4076=CIRCLE('',#4075,3.4E0);
#4098=CIRCLE('',#4097,5.E-1);
#4253=CIRCLE('',#4252,2.75E0);
#4268=CIRCLE('',#4267,2.75E0);
#4276=CIRCLE('',#4275,3.5E0);
#4284=CIRCLE('',#4283,3.5E0);
#4299=CIRCLE('',#4298,4.25E0);
#4307=CIRCLE('',#4306,4.25E0);
#4315=CIRCLE('',#4314,3.5E0);
#4323=CIRCLE('',#4322,3.5E0);
#4352=CIRCLE('',#4351,2.75E0);
#4367=CIRCLE('',#4366,2.75E0);
#4431=CIRCLE('',#4430,5.2E0);
#4446=CIRCLE('',#4445,5.2E0);
#4461=CIRCLE('',#4460,5.2E0);
#4476=CIRCLE('',#4475,5.2E0);
#4505=CIRCLE('',#4504,4.15E0);
#4534=CIRCLE('',#4533,4.15E0);
#4563=CIRCLE('',#4562,4.15E0);
#4592=CIRCLE('',#4591,4.15E0);
#4684=CIRCLE('',#4683,8.5E0);
#4699=CIRCLE('',#4698,8.5E0);
#4798=CIRCLE('',#4797,8.5E0);
#4806=CIRCLE('',#4805,8.5E0);
#4821=CIRCLE('',#4820,9.E-1);
#4843=CIRCLE('',#4842,9.E-1);
#4872=CIRCLE('',#4871,8.5E0);
#4880=CIRCLE('',#4879,8.5E0);
#4895=CIRCLE('',#4894,9.E-1);
#4917=CIRCLE('',#4916,9.E-1);
#4939=CIRCLE('',#4938,4.15E0);
#5024=CIRCLE('',#5023,4.15E0);
#5109=CIRCLE('',#5108,4.15E0);
#5194=CIRCLE('',#5193,4.15E0);
#5727=CIRCLE('',#5726,3.4E0);
#5749=CIRCLE('',#5748,3.4E0);
#5771=CIRCLE('',#5770,3.4E0);
#5849=CIRCLE('',#5848,3.4E0);
#5871=CIRCLE('',#5870,3.4E0);
#5893=CIRCLE('',#5892,3.4E0);
#5971=CIRCLE('',#5970,3.4E0);
#5993=CIRCLE('',#5992,3.4E0);
#6071=CIRCLE('',#6070,3.4E0);
#6093=CIRCLE('',#6092,3.4E0);
#6115=CIRCLE('',#6114,3.4E0);
#6137=CIRCLE('',#6136,3.4E0);
#6145=CIRCLE('',#6144,3.4E0);
#6153=CIRCLE('',#6152,1.6E0);
#6161=CIRCLE('',#6160,1.6E0);
#6169=CIRCLE('',#6168,3.4E0);
#6177=CIRCLE('',#6176,3.4E0);
#6185=CIRCLE('',#6184,1.6E0);
#6193=CIRCLE('',#6192,1.6E0);
#6201=CIRCLE('',#6200,3.4E0);
#6209=CIRCLE('',#6208,3.4E0);
#6217=CIRCLE('',#6216,1.6E0);
#6225=CIRCLE('',#6224,1.6E0);
#6233=CIRCLE('',#6232,3.4E0);
#6241=CIRCLE('',#6240,3.4E0);
#6249=CIRCLE('',#6248,3.4E0);
#6271=CIRCLE('',#6270,1.6E0);
#6286=CIRCLE('',#6285,2.5E0);
#6294=CIRCLE('',#6293,2.5E0);
#6302=CIRCLE('',#6301,2.5E0);
#6310=CIRCLE('',#6309,2.5E0);
#6318=CIRCLE('',#6317,2.5E0);
#6326=CIRCLE('',#6325,2.5E0);
#6376=CIRCLE('',#6375,1.6E0);
#6391=CIRCLE('',#6390,1.6E0);
#6406=CIRCLE('',#6405,1.6E0);
#6421=CIRCLE('',#6420,1.6E0);
#6436=CIRCLE('',#6435,1.6E0);
#6451=CIRCLE('',#6450,5.E-1);
#6466=CIRCLE('',#6465,5.E-1);
#6481=CIRCLE('',#6480,5.E-1);
#6496=CIRCLE('',#6495,5.E-1);
#6546=CIRCLE('',#6545,1.58E0);
#6575=CIRCLE('',#6574,1.58E0);
#6590=CIRCLE('',#6589,2.5E0);
#6605=CIRCLE('',#6604,2.151253947182E0);
#6620=CIRCLE('',#6619,2.151253947182E0);
#6642=CIRCLE('',#6641,2.15E0);
#6657=CIRCLE('',#6656,2.151253947182E0);
#6665=CIRCLE('',#6664,2.151253947182E0);
#6680=CIRCLE('',#6679,2.151253947182E0);
#6688=CIRCLE('',#6687,2.151253947182E0);
#6703=CIRCLE('',#6702,2.151253947182E0);
#6711=CIRCLE('',#6710,2.151253947182E0);
#6726=CIRCLE('',#6725,2.15E0);
#6734=CIRCLE('',#6733,2.151253947182E0);
#6763=CIRCLE('',#6762,2.151253947182E0);
#6771=CIRCLE('',#6770,2.5E0);
#6786=CIRCLE('',#6785,1.E0);
#6794=CIRCLE('',#6793,1.E0);
#6802=CIRCLE('',#6801,1.E0);
#6810=CIRCLE('',#6809,2.15E0);
#6839=CIRCLE('',#6838,2.151253947182E0);
#6847=CIRCLE('',#6846,2.151253947182E0);
#6876=CIRCLE('',#6875,2.151253947182E0);
#6884=CIRCLE('',#6883,2.151253947182E0);
#6913=CIRCLE('',#6912,2.151253947182E0);
#6921=CIRCLE('',#6920,2.151253947182E0);
#6950=CIRCLE('',#6949,2.15E0);
#7087=B_SPLINE_CURVE_WITH_KNOTS('',3,(#7080,#7081,#7082,#7083,#7084,#7085,
#7086),.UNSPECIFIED.,.F.,.F.,(4,1,1,1,4),(0.E0,2.381003774423E-1,
4.705448861708E-1,7.134261040554E-1,1.E0),.UNSPECIFIED.);
#7098=B_SPLINE_CURVE_WITH_KNOTS('',3,(#7091,#7092,#7093,#7094,#7095,#7096,
#7097),.UNSPECIFIED.,.F.,.F.,(4,1,1,1,4),(0.E0,2.564765967509E-1,
4.962240212523E-1,7.378000949162E-1,1.E0),.UNSPECIFIED.);
#7168=B_SPLINE_CURVE_WITH_KNOTS('',3,(#7109,#7110,#7111,#7112,#7113,#7114,#7115,
#7116,#7117,#7118,#7119,#7120,#7121,#7122,#7123,#7124,#7125,#7126,#7127,#7128,
#7129,#7130,#7131,#7132,#7133,#7134,#7135,#7136,#7137,#7138,#7139,#7140,#7141,
#7142,#7143,#7144,#7145,#7146,#7147,#7148,#7149,#7150,#7151,#7152,#7153,#7154,
#7155,#7156,#7157,#7158,#7159,#7160,#7161,#7162,#7163,#7164,#7165,#7166,#7167),
.UNSPECIFIED.,.F.,.F.,(4,1,1,1,1,1,1,1,1,1,1,1,1,1,1,1,1,1,1,1,1,1,1,1,1,1,1,1,
1,1,1,1,1,1,1,1,1,1,1,1,1,1,1,1,1,1,1,1,1,1,1,1,1,1,1,1,4),(0.E0,
8.456625822468E-3,1.696014750316E-2,2.563118922941E-2,3.006985831580E-2,
3.459939110998E-2,4.338356803674E-2,5.202169900877E-2,6.888732303476E-2,
1.011812529402E-1,1.320525825487E-1,1.620801515984E-1,1.919233716528E-1,
2.223423227855E-1,2.380566384831E-1,2.542430572406E-1,2.710199108012E-1,
2.796701508195E-1,2.885132641396E-1,2.979319206957E-1,3.072181488453E-1,
3.254329105604E-1,3.432469838429E-1,3.607376710325E-1,3.949850439535E-1,
4.286953895692E-1,4.622657344481E-1,4.960449996606E-1,5.131369220463E-1,
5.304121072375E-1,5.479197313353E-1,5.567795438168E-1,5.657180521540E-1,
5.746149720483E-1,5.833511976900E-1,6.003738033171E-1,6.168685834592E-1,
6.329208038292E-1,6.640314367123E-1,6.945945393326E-1,7.255769493658E-1,
7.580208386153E-1,7.751445357489E-1,7.930251192571E-1,8.117870860763E-1,
8.215386643238E-1,8.315550843738E-1,8.373258228532E-1,8.430351873702E-1,
8.542799847823E-1,8.653130214212E-1,8.761573340879E-1,8.973652164107E-1,
9.181014132759E-1,9.385562995967E-1,9.589169676507E-1,1.E0),.UNSPECIFIED.);
#7186=B_SPLINE_CURVE_WITH_KNOTS('',3,(#7179,#7180,#7181,#7182,#7183,#7184,
#7185),.UNSPECIFIED.,.F.,.F.,(4,1,1,1,4),(0.E0,2.716721709313E-1,
5.138436815945E-1,7.449165794054E-1,1.E0),.UNSPECIFIED.);
#7195=B_SPLINE_CURVE_WITH_KNOTS('',3,(#7190,#7191,#7192,#7193,#7194),
.UNSPECIFIED.,.F.,.F.,(4,1,4),(0.E0,4.667075039529E-1,1.E0),.UNSPECIFIED.);
#7303=B_SPLINE_CURVE_WITH_KNOTS('',3,(#7276,#7277,#7278,#7279,#7280,#7281,#7282,
#7283,#7284,#7285,#7286,#7287,#7288,#7289,#7290,#7291,#7292,#7293,#7294,#7295,
#7296,#7297,#7298,#7299,#7300,#7301,#7302),.UNSPECIFIED.,.F.,.F.,(4,1,1,1,1,1,1,
1,1,1,1,1,1,1,1,1,1,1,1,1,1,1,1,1,4),(0.E0,1.552628249077E-2,3.105256498153E-2,
6.210512996307E-2,9.315769494460E-2,1.242102599261E-1,1.863153898892E-1,
2.484205198523E-1,3.105256498153E-1,3.726307797784E-1,4.347359097415E-1,
4.657884747230E-1,4.968410397045E-1,5.282868874214E-1,5.597327351382E-1,
6.226244305718E-1,6.855161260055E-1,7.484078214391E-1,8.112995168728E-1,
8.741912123064E-1,9.056370600233E-1,9.370829077401E-1,9.685287554569E-1,
9.842516793153E-1,1.E0),.UNSPECIFIED.);
#7334=B_SPLINE_CURVE_WITH_KNOTS('',3,(#7307,#7308,#7309,#7310,#7311,#7312,#7313,
#7314,#7315,#7316,#7317,#7318,#7319,#7320,#7321,#7322,#7323,#7324,#7325,#7326,
#7327,#7328,#7329,#7330,#7331,#7332,#7333),.UNSPECIFIED.,.F.,.F.,(4,1,1,1,1,1,1,
1,1,1,1,1,1,1,1,1,1,1,1,1,1,1,1,1,4),(0.E0,1.569832567721E-2,3.142204818068E-2,
6.286949318762E-2,9.431693819456E-2,1.257643832015E-1,1.886592732154E-1,
2.515541632293E-1,3.144490532431E-1,3.773439432570E-1,4.402388332709E-1,
4.716862782779E-1,5.031337232848E-1,5.341878655795E-1,5.652420078742E-1,
6.273502924636E-1,6.894585770530E-1,7.515668616424E-1,8.136751462318E-1,
8.757834308212E-1,9.068375731159E-1,9.378917154106E-1,9.689458577053E-1,
9.844729288526E-1,1.E0),.UNSPECIFIED.);
#7361=B_SPLINE_CURVE_WITH_KNOTS('',3,(#7338,#7339,#7340,#7341,#7342,#7343,#7344,
#7345,#7346,#7347,#7348,#7349,#7350,#7351,#7352,#7353,#7354,#7355,#7356,#7357,
#7358,#7359,#7360),.UNSPECIFIED.,.F.,.F.,(4,1,1,1,1,1,1,1,1,1,1,1,1,1,1,1,1,1,1,
1,4),(0.E0,1.244407294033E-1,1.873745039641E-1,2.511309129258E-1,
3.158435089797E-1,3.816132691082E-1,4.149867315795E-1,4.487253681213E-1,
4.828978505968E-1,5.001789525291E-1,5.176049508255E-1,5.349420602899E-1,
5.519604677778E-1,5.851104343008E-1,6.172162419424E-1,6.484216011729E-1,
7.085913597303E-1,7.667316710955E-1,8.238571835249E-1,8.810477762156E-1,1.E0),
.UNSPECIFIED.);
#7371=B_SPLINE_CURVE_WITH_KNOTS('',3,(#7365,#7366,#7367,#7368,#7369,#7370),
.UNSPECIFIED.,.F.,.F.,(4,1,1,4),(0.E0,2.306822501119E-1,4.617348909772E-1,1.E0),
.UNSPECIFIED.);
#7415=B_SPLINE_CURVE_WITH_KNOTS('',3,(#7410,#7411,#7412,#7413,#7414),
.UNSPECIFIED.,.F.,.F.,(4,1,4),(0.E0,5.224269500891E-1,1.E0),.UNSPECIFIED.);
#7442=B_SPLINE_CURVE_WITH_KNOTS('',3,(#7419,#7420,#7421,#7422,#7423,#7424,#7425,
#7426,#7427,#7428,#7429,#7430,#7431,#7432,#7433,#7434,#7435,#7436,#7437,#7438,
#7439,#7440,#7441),.UNSPECIFIED.,.F.,.F.,(4,1,1,1,1,1,1,1,1,1,1,1,1,1,1,1,1,1,1,
1,4),(0.E0,1.239740076137E-1,1.868978880936E-1,2.507569520760E-1,
3.156512633814E-1,3.816482644685E-1,4.151423837198E-1,4.490018785762E-1,
4.832924144037E-1,5.006306754393E-1,5.181122435556E-1,5.355023644290E-1,
5.525703897739E-1,5.858092492520E-1,6.179896836866E-1,6.492546464560E-1,
7.094946362669E-1,7.676315009151E-1,8.246698340790E-1,8.816819883394E-1,1.E0),
.UNSPECIFIED.);
#7453=B_SPLINE_CURVE_WITH_KNOTS('',3,(#7446,#7447,#7448,#7449,#7450,#7451,
#7452),.UNSPECIFIED.,.F.,.F.,(4,1,1,1,4),(0.E0,2.288659685178E-1,
4.580207418261E-1,7.086959461395E-1,1.E0),.UNSPECIFIED.);
#7497=B_SPLINE_CURVE_WITH_KNOTS('',3,(#7492,#7493,#7494,#7495,#7496),
.UNSPECIFIED.,.F.,.F.,(4,1,4),(0.E0,5.231805396767E-1,1.E0),.UNSPECIFIED.);
#7528=B_SPLINE_CURVE_WITH_KNOTS('',3,(#7501,#7502,#7503,#7504,#7505,#7506,#7507,
#7508,#7509,#7510,#7511,#7512,#7513,#7514,#7515,#7516,#7517,#7518,#7519,#7520,
#7521,#7522,#7523,#7524,#7525,#7526,#7527),.UNSPECIFIED.,.F.,.F.,(4,1,1,1,1,1,1,
1,1,1,1,1,1,1,1,1,1,1,1,1,1,1,1,1,4),(0.E0,1.572292385850E-2,3.144584771699E-2,
6.289169543399E-2,9.433754315098E-2,1.257833908680E-1,1.886750863020E-1,
2.515667817360E-1,3.144584771699E-1,3.773501726039E-1,4.402418680379E-1,
4.716877157549E-1,5.031335634719E-1,5.341861284533E-1,5.652386934347E-1,
6.273438233975E-1,6.894489533602E-1,7.515540833230E-1,8.136592132858E-1,
8.757643432485E-1,9.068169082299E-1,9.378694732113E-1,9.689220381927E-1,
9.844483206834E-1,1.E0),.UNSPECIFIED.);
#7559=B_SPLINE_CURVE_WITH_KNOTS('',3,(#7532,#7533,#7534,#7535,#7536,#7537,#7538,
#7539,#7540,#7541,#7542,#7543,#7544,#7545,#7546,#7547,#7548,#7549,#7550,#7551,
#7552,#7553,#7554,#7555,#7556,#7557,#7558),.UNSPECIFIED.,.F.,.F.,(4,1,1,1,1,1,1,
1,1,1,1,1,1,1,1,1,1,1,1,1,1,1,1,1,4),(0.E0,1.550167432137E-2,3.102874546868E-2,
6.208288776330E-2,9.313703005792E-2,1.241911723525E-1,1.862994569418E-1,
2.484077415310E-1,3.105160261203E-1,3.726243107095E-1,4.347325952987E-1,
4.657867375934E-1,4.968408798880E-1,5.282883248950E-1,5.597357699020E-1,
6.226306599160E-1,6.855255499300E-1,7.484204399440E-1,8.113153299580E-1,
8.742102199720E-1,9.056576649790E-1,9.371051099860E-1,9.685525549930E-1,
9.842762774965E-1,1.E0),.UNSPECIFIED.);
#7875=CIRCLE('',#7874,2.951253947182E0);
#7904=CIRCLE('',#7903,2.951253947182E0);
#7912=CIRCLE('',#7911,2.95E0);
#7941=CIRCLE('',#7940,2.951253947182E0);
#7949=CIRCLE('',#7948,2.951253947182E0);
#7978=CIRCLE('',#7977,2.951253947182E0);
#7986=CIRCLE('',#7985,2.951253947182E0);
#8015=CIRCLE('',#8014,2.951253947182E0);
#9333=EDGE_CURVE('',#8911,#8912,#19,.T.);
#9335=EDGE_CURVE('',#8966,#8912,#27,.T.);
#9337=EDGE_CURVE('',#8966,#8972,#34,.T.);
#9339=EDGE_CURVE('',#8972,#8915,#41,.T.);
#9341=EDGE_CURVE('',#8915,#8916,#48,.T.);
#9343=EDGE_CURVE('',#8916,#8958,#55,.T.);
#9345=EDGE_CURVE('',#8964,#8958,#62,.T.);
#9347=EDGE_CURVE('',#8911,#8964,#69,.T.);
#9351=ADVANCED_FACE('',(#9350),#9332,.T.);
#9357=EDGE_CURVE('',#8919,#8920,#76,.T.);
#9359=EDGE_CURVE('',#8970,#8920,#83,.T.);
#9361=EDGE_CURVE('',#8970,#8976,#90,.T.);
#9363=EDGE_CURVE('',#8976,#8923,#97,.T.);
#9365=EDGE_CURVE('',#8923,#8924,#104,.T.);
#9367=EDGE_CURVE('',#8924,#8954,#111,.T.);
#9369=EDGE_CURVE('',#8960,#8954,#118,.T.);
#9371=EDGE_CURVE('',#8919,#8960,#125,.T.);
#9375=ADVANCED_FACE('',(#9374),#9356,.T.);
#9381=EDGE_CURVE('',#8927,#8928,#132,.T.);
#9383=EDGE_CURVE('',#8974,#8928,#139,.T.);
#9385=EDGE_CURVE('',#8974,#8980,#146,.T.);
#9387=EDGE_CURVE('',#8980,#8931,#153,.T.);
#9389=EDGE_CURVE('',#8931,#8932,#160,.T.);
#9391=EDGE_CURVE('',#8932,#8950,#167,.T.);
#9393=EDGE_CURVE('',#8956,#8950,#174,.T.);
#9395=EDGE_CURVE('',#8927,#8956,#181,.T.);
#9399=ADVANCED_FACE('',(#9398),#9380,.T.);
#9405=EDGE_CURVE('',#8935,#8936,#188,.T.);
#9407=EDGE_CURVE('',#8978,#8936,#195,.T.);
#9409=EDGE_CURVE('',#8978,#8984,#202,.T.);
#9411=EDGE_CURVE('',#8984,#8939,#209,.T.);
#9413=EDGE_CURVE('',#8939,#8940,#216,.T.);
#9415=EDGE_CURVE('',#8940,#8946,#223,.T.);
#9417=EDGE_CURVE('',#8952,#8946,#230,.T.);
#9419=EDGE_CURVE('',#8935,#8952,#237,.T.);
#9423=ADVANCED_FACE('',(#9422),#9404,.T.);
#9429=EDGE_CURVE('',#8943,#8944,#244,.T.);
#9431=EDGE_CURVE('',#8982,#8944,#251,.T.);
#9433=EDGE_CURVE('',#8982,#8816,#258,.T.);
#9435=EDGE_CURVE('',#8851,#8816,#265,.T.);
#9437=EDGE_CURVE('',#8856,#8851,#272,.T.);
#9439=EDGE_CURVE('',#8814,#8856,#279,.T.);
#9441=EDGE_CURVE('',#8814,#8121,#286,.T.);
#9443=EDGE_CURVE('',#8121,#8122,#294,.T.);
#9445=EDGE_CURVE('',#8122,#8784,#301,.T.);
#9447=EDGE_CURVE('',#8783,#8784,#308,.T.);
#9449=EDGE_CURVE('',#8026,#8783,#315,.T.);
#9451=EDGE_CURVE('',#8025,#8026,#323,.T.);
#9453=EDGE_CURVE('',#8948,#8025,#330,.T.);
#9455=EDGE_CURVE('',#8943,#8948,#337,.T.);
#9459=ADVANCED_FACE('',(#9458),#9428,.T.);
#9465=EDGE_CURVE('',#8034,#9023,#344,.T.);
#9467=EDGE_CURVE('',#8032,#8034,#352,.T.);
#9469=EDGE_CURVE('',#8030,#8032,#359,.T.);
#9471=EDGE_CURVE('',#8029,#8030,#367,.T.);
#9473=EDGE_CURVE('',#8779,#8029,#374,.T.);
#9475=EDGE_CURVE('',#8779,#8780,#381,.T.);
#9477=EDGE_CURVE('',#8780,#8125,#388,.T.);
#9479=EDGE_CURVE('',#8125,#8126,#396,.T.);
#9481=EDGE_CURVE('',#8126,#8832,#403,.T.);
#9483=EDGE_CURVE('',#8843,#8832,#410,.T.);
#9485=EDGE_CURVE('',#8848,#8843,#417,.T.);
#9487=EDGE_CURVE('',#8830,#8848,#424,.T.);
#9489=EDGE_CURVE('',#8830,#8828,#431,.T.);
#9491=EDGE_CURVE('',#8835,#8828,#438,.T.);
#9493=EDGE_CURVE('',#8840,#8835,#445,.T.);
#9495=EDGE_CURVE('',#8826,#8840,#452,.T.);
#9497=EDGE_CURVE('',#8826,#8129,#459,.T.);
#9499=EDGE_CURVE('',#8129,#8130,#467,.T.);
#9501=EDGE_CURVE('',#8130,#8769,#474,.T.);
#9503=EDGE_CURVE('',#9027,#8769,#481,.T.);
#9505=EDGE_CURVE('',#9023,#9027,#488,.T.);
#9509=ADVANCED_FACE('',(#9508),#9464,.T.);
#9515=EDGE_CURVE('',#9041,#8021,#495,.T.);
#9517=EDGE_CURVE('',#9043,#9041,#502,.T.);
#9519=EDGE_CURVE('',#9043,#8776,#509,.T.);
#9521=EDGE_CURVE('',#8776,#8117,#516,.T.);
#9523=EDGE_CURVE('',#8117,#8118,#524,.T.);
#9525=EDGE_CURVE('',#8118,#8812,#531,.T.);
#9527=EDGE_CURVE('',#8859,#8812,#538,.T.);
#9529=EDGE_CURVE('',#8864,#8859,#545,.T.);
#9531=EDGE_CURVE('',#8810,#8864,#552,.T.);
#9533=EDGE_CURVE('',#8810,#8968,#559,.T.);
#9535=EDGE_CURVE('',#8968,#8907,#566,.T.);
#9537=EDGE_CURVE('',#8907,#8908,#573,.T.);
#9539=EDGE_CURVE('',#8908,#8962,#580,.T.);
#9541=EDGE_CURVE('',#8022,#8962,#587,.T.);
#9543=EDGE_CURVE('',#8021,#8022,#595,.T.);
#9547=ADVANCED_FACE('',(#9546),#9514,.T.);
#9554=EDGE_CURVE('',#8907,#8887,#603,.T.);
#9556=EDGE_CURVE('',#8887,#8888,#799,.T.);
#9558=EDGE_CURVE('',#8888,#8912,#785,.T.);
#9561=EDGE_CURVE('',#8884,#8911,#6839,.T.);
#9563=EDGE_CURVE('',#8883,#8884,#6824,.T.);
#9565=EDGE_CURVE('',#8908,#8883,#6810,.T.);
#9569=ADVANCED_FACE('',(#9568),#9552,.F.);
#9576=EDGE_CURVE('',#8915,#8891,#8015,.T.);
#9578=EDGE_CURVE('',#8891,#8892,#8000,.T.);
#9580=EDGE_CURVE('',#8892,#8920,#7986,.T.);
#9583=EDGE_CURVE('',#8880,#8919,#6876,.T.);
#9585=EDGE_CURVE('',#8879,#8880,#6861,.T.);
#9587=EDGE_CURVE('',#8916,#8879,#6847,.T.);
#9591=ADVANCED_FACE('',(#9590),#9574,.F.);
#9598=EDGE_CURVE('',#8923,#8895,#7978,.T.);
#9600=EDGE_CURVE('',#8895,#8896,#7963,.T.);
#9602=EDGE_CURVE('',#8896,#8928,#7949,.T.);
#9605=EDGE_CURVE('',#8876,#8927,#6913,.T.);
#9607=EDGE_CURVE('',#8875,#8876,#6898,.T.);
#9609=EDGE_CURVE('',#8924,#8875,#6884,.T.);
#9613=ADVANCED_FACE('',(#9612),#9596,.F.);
#9620=EDGE_CURVE('',#8931,#8899,#7941,.T.);
#9622=EDGE_CURVE('',#8899,#8900,#7926,.T.);
#9624=EDGE_CURVE('',#8900,#8936,#7912,.T.);
#9627=EDGE_CURVE('',#8872,#8935,#6950,.T.);
#9629=EDGE_CURVE('',#8871,#8872,#6935,.T.);
#9631=EDGE_CURVE('',#8932,#8871,#6921,.T.);
#9635=ADVANCED_FACE('',(#9634),#9618,.F.);
#9642=EDGE_CURVE('',#8939,#8903,#7904,.T.);
#9644=EDGE_CURVE('',#8903,#8904,#7889,.T.);
#9646=EDGE_CURVE('',#8904,#8944,#7875,.T.);
#9649=EDGE_CURVE('',#8868,#8943,#6763,.T.);
#9651=EDGE_CURVE('',#8867,#8868,#6748,.T.);
#9653=EDGE_CURVE('',#8940,#8867,#6734,.T.);
#9657=ADVANCED_FACE('',(#9656),#9640,.F.);
#9664=EDGE_CURVE('',#8968,#9007,#628,.T.);
#9666=EDGE_CURVE('',#9007,#8887,#806,.T.);
#9671=ADVANCED_FACE('',(#9670),#9662,.F.);
#9677=EDGE_CURVE('',#9005,#8966,#612,.T.);
#9679=EDGE_CURVE('',#9007,#9005,#619,.T.);
#9683=EDGE_CURVE('',#8810,#8804,#635,.T.);
#9685=EDGE_CURVE('',#8803,#8804,#642,.T.);
#9687=EDGE_CURVE('',#8812,#8803,#649,.T.);
#9690=EDGE_CURVE('',#8118,#8104,#656,.T.);
#9692=EDGE_CURVE('',#8104,#8106,#2753,.T.);
#9694=EDGE_CURVE('',#8121,#8106,#2880,.T.);
#9697=EDGE_CURVE('',#8814,#8808,#663,.T.);
#9699=EDGE_CURVE('',#8807,#8808,#670,.T.);
#9701=EDGE_CURVE('',#8816,#8807,#677,.T.);
#9704=EDGE_CURVE('',#9017,#8982,#686,.T.);
#9706=EDGE_CURVE('',#9019,#9017,#693,.T.);
#9708=EDGE_CURVE('',#8984,#9019,#702,.T.);
#9711=EDGE_CURVE('',#9014,#8978,#711,.T.);
#9713=EDGE_CURVE('',#9016,#9014,#718,.T.);
#9715=EDGE_CURVE('',#8980,#9016,#727,.T.);
#9718=EDGE_CURVE('',#9011,#8974,#736,.T.);
#9720=EDGE_CURVE('',#9013,#9011,#743,.T.);
#9722=EDGE_CURVE('',#8976,#9013,#752,.T.);
#9725=EDGE_CURVE('',#9008,#8970,#761,.T.);
#9727=EDGE_CURVE('',#9010,#9008,#768,.T.);
#9729=EDGE_CURVE('',#8972,#9010,#777,.T.);
#9734=ADVANCED_FACE('',(#9733),#9676,.F.);
#9742=EDGE_CURVE('',#9005,#8888,#792,.T.);
#9747=ADVANCED_FACE('',(#9746),#9739,.F.);
#9759=ADVANCED_FACE('',(#9758),#9752,.F.);
#9765=EDGE_CURVE('',#8862,#8864,#813,.T.);
#9767=EDGE_CURVE('',#8862,#8795,#925,.T.);
#9769=EDGE_CURVE('',#8804,#8795,#834,.T.);
#9775=ADVANCED_FACE('',(#9774),#9764,.T.);
#9781=EDGE_CURVE('',#8859,#8860,#820,.T.);
#9783=EDGE_CURVE('',#8862,#8860,#918,.T.);
#9789=ADVANCED_FACE('',(#9788),#9780,.T.);
#9798=EDGE_CURVE('',#8796,#8803,#848,.T.);
#9800=EDGE_CURVE('',#8860,#8796,#827,.T.);
#9804=ADVANCED_FACE('',(#9803),#9794,.T.);
#9812=EDGE_CURVE('',#8795,#8796,#841,.T.);
#9817=ADVANCED_FACE('',(#9816),#9809,.F.);
#9824=EDGE_CURVE('',#8808,#8799,#855,.T.);
#9826=EDGE_CURVE('',#8799,#8800,#862,.T.);
#9828=EDGE_CURVE('',#8800,#8807,#869,.T.);
#9832=ADVANCED_FACE('',(#9831),#9822,.F.);
#9838=EDGE_CURVE('',#8819,#8820,#967,.T.);
#9840=EDGE_CURVE('',#8819,#8787,#876,.T.);
#9842=EDGE_CURVE('',#8787,#8788,#883,.T.);
#9844=EDGE_CURVE('',#8788,#8820,#890,.T.);
#9848=ADVANCED_FACE('',(#9847),#9837,.F.);
#9854=EDGE_CURVE('',#8823,#8824,#988,.T.);
#9856=EDGE_CURVE('',#8823,#8791,#897,.T.);
#9858=EDGE_CURVE('',#8791,#8792,#904,.T.);
#9860=EDGE_CURVE('',#8792,#8824,#911,.T.);
#9864=ADVANCED_FACE('',(#9863),#9853,.F.);
#9876=ADVANCED_FACE('',(#9875),#9869,.T.);
#9882=EDGE_CURVE('',#8854,#8856,#932,.T.);
#9884=EDGE_CURVE('',#8854,#8799,#960,.T.);
#9891=ADVANCED_FACE('',(#9890),#9881,.T.);
#9897=EDGE_CURVE('',#8851,#8852,#939,.T.);
#9899=EDGE_CURVE('',#8854,#8852,#953,.T.);
#9905=ADVANCED_FACE('',(#9904),#9896,.T.);
#9915=EDGE_CURVE('',#8852,#8800,#946,.T.);
#9919=ADVANCED_FACE('',(#9918),#9910,.T.);
#9931=ADVANCED_FACE('',(#9930),#9924,.T.);
#9938=EDGE_CURVE('',#8828,#8820,#974,.T.);
#9941=EDGE_CURVE('',#8830,#8823,#981,.T.);
#9944=EDGE_CURVE('',#8832,#8824,#995,.T.);
#9947=EDGE_CURVE('',#8126,#8112,#1002,.T.);
#9949=EDGE_CURVE('',#8112,#8114,#2723,.T.);
#9951=EDGE_CURVE('',#8129,#8114,#2701,.T.);
#9954=EDGE_CURVE('',#8826,#8819,#1009,.T.);
#9958=ADVANCED_FACE('',(#9957),#9936,.F.);
#9964=EDGE_CURVE('',#8835,#8836,#1016,.T.);
#9969=EDGE_CURVE('',#8836,#8788,#1023,.T.);
#9973=ADVANCED_FACE('',(#9972),#9963,.T.);
#9980=EDGE_CURVE('',#8838,#8836,#1030,.T.);
#9982=EDGE_CURVE('',#8838,#8840,#1044,.T.);
#9987=ADVANCED_FACE('',(#9986),#9978,.T.);
#9996=EDGE_CURVE('',#8838,#8787,#1037,.T.);
#10000=ADVANCED_FACE('',(#9999),#9992,.T.);
#10013=ADVANCED_FACE('',(#10012),#10005,.T.);
#10019=EDGE_CURVE('',#8846,#8848,#1051,.T.);
#10021=EDGE_CURVE('',#8846,#8791,#1079,.T.);
#10028=ADVANCED_FACE('',(#10027),#10018,.T.);
#10034=EDGE_CURVE('',#8843,#8844,#1058,.T.);
#10036=EDGE_CURVE('',#8846,#8844,#1072,.T.);
#10042=ADVANCED_FACE('',(#10041),#10033,.T.);
#10052=EDGE_CURVE('',#8844,#8792,#1065,.T.);
#10056=ADVANCED_FACE('',(#10055),#10047,.T.);
#10068=ADVANCED_FACE('',(#10067),#10061,.T.);
#10075=EDGE_CURVE('',#8125,#8110,#1086,.T.);
#10077=EDGE_CURVE('',#8110,#8112,#2731,.T.);
#10082=ADVANCED_FACE('',(#10081),#10073,.F.);
#10088=EDGE_CURVE('',#8780,#8784,#1119,.T.);
#10091=EDGE_CURVE('',#8122,#8108,#1126,.T.);
#10093=EDGE_CURVE('',#8108,#8110,#2738,.T.);
#10099=ADVANCED_FACE('',(#10098),#10087,.F.);
#10106=EDGE_CURVE('',#8779,#8783,#1134,.T.);
#10112=ADVANCED_FACE('',(#10111),#10104,.F.);
#10120=EDGE_CURVE('',#8029,#8058,#1163,.T.);
#10122=EDGE_CURVE('',#8058,#8062,#1141,.T.);
#10124=EDGE_CURVE('',#8026,#8062,#1148,.T.);
#10129=ADVANCED_FACE('',(#10128),#10117,.T.);
#10135=EDGE_CURVE('',#8054,#8058,#1156,.T.);
#10139=EDGE_CURVE('',#8030,#8054,#2564,.T.);
#10143=ADVANCED_FACE('',(#10142),#10134,.T.);
#10149=EDGE_CURVE('',#8052,#8056,#1209,.T.);
#10151=EDGE_CURVE('',#8056,#8058,#6802,.T.);
#10154=EDGE_CURVE('',#8052,#8054,#1171,.T.);
#10158=ADVANCED_FACE('',(#10157),#10148,.T.);
#10164=EDGE_CURVE('',#8037,#8038,#1179,.T.);
#10166=EDGE_CURVE('',#8064,#8037,#1186,.T.);
#10168=EDGE_CURVE('',#8060,#8064,#1194,.T.);
#10170=EDGE_CURVE('',#8056,#8060,#1201,.T.);
#10173=EDGE_CURVE('',#8048,#8052,#1216,.T.);
#10175=EDGE_CURVE('',#8044,#8048,#1224,.T.);
#10177=EDGE_CURVE('',#8038,#8044,#1231,.T.);
#10181=EDGE_CURVE('',#8161,#8162,#1239,.T.);
#10183=EDGE_CURVE('',#8162,#8161,#1247,.T.);
#10187=EDGE_CURVE('',#8225,#8226,#1255,.T.);
#10189=EDGE_CURVE('',#8226,#8225,#1263,.T.);
#10193=EDGE_CURVE('',#8229,#8230,#1271,.T.);
#10195=EDGE_CURVE('',#8230,#8229,#1279,.T.);
#10199=EDGE_CURVE('',#8257,#8258,#1287,.T.);
#10201=EDGE_CURVE('',#8258,#8257,#1295,.T.);
#10205=EDGE_CURVE('',#8261,#8262,#1303,.T.);
#10207=EDGE_CURVE('',#8262,#8261,#1311,.T.);
#10211=EDGE_CURVE('',#8273,#8274,#1319,.T.);
#10213=EDGE_CURVE('',#8274,#8273,#1327,.T.);
#10217=EDGE_CURVE('',#8281,#8282,#1335,.T.);
#10219=EDGE_CURVE('',#8282,#8281,#1343,.T.);
#10223=EDGE_CURVE('',#8289,#8290,#1351,.T.);
#10225=EDGE_CURVE('',#8290,#8289,#1359,.T.);
#10229=EDGE_CURVE('',#8297,#8298,#1367,.T.);
#10231=EDGE_CURVE('',#8298,#8297,#1375,.T.);
#10235=EDGE_CURVE('',#8305,#8306,#1383,.T.);
#10237=EDGE_CURVE('',#8306,#8305,#1391,.T.);
#10241=EDGE_CURVE('',#8313,#8314,#1399,.T.);
#10243=EDGE_CURVE('',#8314,#8313,#1407,.T.);
#10247=EDGE_CURVE('',#8321,#8322,#1415,.T.);
#10249=EDGE_CURVE('',#8322,#8321,#1423,.T.);
#10253=EDGE_CURVE('',#8329,#8330,#1431,.T.);
#10255=EDGE_CURVE('',#8330,#8329,#1439,.T.);
#10259=EDGE_CURVE('',#8337,#8338,#1447,.T.);
#10261=EDGE_CURVE('',#8338,#8337,#1455,.T.);
#10265=EDGE_CURVE('',#8345,#8346,#1463,.T.);
#10267=EDGE_CURVE('',#8346,#8345,#1471,.T.);
#10271=EDGE_CURVE('',#8353,#8354,#1479,.T.);
#10273=EDGE_CURVE('',#8354,#8353,#1487,.T.);
#10277=EDGE_CURVE('',#8361,#8362,#1495,.T.);
#10279=EDGE_CURVE('',#8362,#8361,#1503,.T.);
#10283=EDGE_CURVE('',#8369,#8370,#1511,.T.);
#10285=EDGE_CURVE('',#8370,#8369,#1519,.T.);
#10289=EDGE_CURVE('',#8377,#8378,#1527,.T.);
#10291=EDGE_CURVE('',#8378,#8377,#1535,.T.);
#10295=EDGE_CURVE('',#8385,#8386,#1543,.T.);
#10297=EDGE_CURVE('',#8386,#8385,#1551,.T.);
#10301=EDGE_CURVE('',#8393,#8394,#1559,.T.);
#10303=EDGE_CURVE('',#8394,#8393,#1567,.T.);
#10307=EDGE_CURVE('',#8401,#8402,#1575,.T.);
#10309=EDGE_CURVE('',#8402,#8401,#1583,.T.);
#10313=EDGE_CURVE('',#8409,#8410,#1591,.T.);
#10315=EDGE_CURVE('',#8410,#8409,#1599,.T.);
#10319=EDGE_CURVE('',#8417,#8418,#1607,.T.);
#10321=EDGE_CURVE('',#8418,#8417,#1615,.T.);
#10325=EDGE_CURVE('',#8425,#8426,#1623,.T.);
#10327=EDGE_CURVE('',#8426,#8425,#1631,.T.);
#10331=EDGE_CURVE('',#8433,#8434,#1639,.T.);
#10333=EDGE_CURVE('',#8434,#8433,#1647,.T.);
#10337=EDGE_CURVE('',#8441,#8442,#1655,.T.);
#10339=EDGE_CURVE('',#8442,#8441,#1663,.T.);
#10343=EDGE_CURVE('',#8449,#8450,#1671,.T.);
#10345=EDGE_CURVE('',#8450,#8449,#1679,.T.);
#10349=EDGE_CURVE('',#8457,#8458,#1687,.T.);
#10351=EDGE_CURVE('',#8458,#8457,#1695,.T.);
#10355=EDGE_CURVE('',#8465,#8466,#1703,.T.);
#10357=EDGE_CURVE('',#8466,#8465,#1711,.T.);
#10361=EDGE_CURVE('',#8473,#8474,#1719,.T.);
#10363=EDGE_CURVE('',#8474,#8473,#1727,.T.);
#10367=EDGE_CURVE('',#8481,#8482,#1735,.T.);
#10369=EDGE_CURVE('',#8482,#8481,#1743,.T.);
#10373=EDGE_CURVE('',#8489,#8490,#1751,.T.);
#10375=EDGE_CURVE('',#8490,#8489,#1759,.T.);
#10379=EDGE_CURVE('',#8497,#8498,#1767,.T.);
#10381=EDGE_CURVE('',#8498,#8497,#1775,.T.);
#10385=EDGE_CURVE('',#8505,#8506,#1783,.T.);
#10387=EDGE_CURVE('',#8506,#8505,#1791,.T.);
#10391=EDGE_CURVE('',#8513,#8514,#1799,.T.);
#10393=EDGE_CURVE('',#8514,#8513,#1807,.T.);
#10397=EDGE_CURVE('',#8521,#8522,#1815,.T.);
#10399=EDGE_CURVE('',#8522,#8521,#1823,.T.);
#10403=EDGE_CURVE('',#8529,#8530,#1831,.T.);
#10405=EDGE_CURVE('',#8530,#8529,#1839,.T.);
#10409=EDGE_CURVE('',#8537,#8538,#1847,.T.);
#10411=EDGE_CURVE('',#8538,#8537,#1855,.T.);
#10415=EDGE_CURVE('',#8545,#8546,#1863,.T.);
#10417=EDGE_CURVE('',#8546,#8545,#1871,.T.);
#10421=EDGE_CURVE('',#8555,#8556,#1879,.T.);
#10423=EDGE_CURVE('',#8556,#8555,#1887,.T.);
#10427=EDGE_CURVE('',#8563,#8564,#1895,.T.);
#10429=EDGE_CURVE('',#8564,#8563,#1903,.T.);
#10433=EDGE_CURVE('',#8573,#8574,#1911,.T.);
#10435=EDGE_CURVE('',#8574,#8573,#1919,.T.);
#10439=EDGE_CURVE('',#8583,#8584,#1927,.T.);
#10441=EDGE_CURVE('',#8584,#8583,#1935,.T.);
#10445=EDGE_CURVE('',#8591,#8592,#1943,.T.);
#10447=EDGE_CURVE('',#8592,#8591,#1951,.T.);
#10451=EDGE_CURVE('',#8685,#8686,#1958,.T.);
#10453=EDGE_CURVE('',#8686,#8688,#1965,.T.);
#10455=EDGE_CURVE('',#8688,#8690,#1972,.T.);
#10457=EDGE_CURVE('',#8690,#8692,#1979,.T.);
#10459=EDGE_CURVE('',#8692,#8694,#1986,.T.);
#10461=EDGE_CURVE('',#8694,#8685,#1993,.T.);
#10465=EDGE_CURVE('',#8697,#8698,#2000,.T.);
#10467=EDGE_CURVE('',#8698,#8700,#2007,.T.);
#10469=EDGE_CURVE('',#8700,#8702,#2014,.T.);
#10471=EDGE_CURVE('',#8702,#8704,#2021,.T.);
#10473=EDGE_CURVE('',#8704,#8706,#2028,.T.);
#10475=EDGE_CURVE('',#8706,#8697,#2035,.T.);
#10479=EDGE_CURVE('',#8711,#8712,#2127,.T.);
#10481=EDGE_CURVE('',#8712,#8714,#2134,.T.);
#10483=EDGE_CURVE('',#8714,#8715,#2143,.T.);
#10485=EDGE_CURVE('',#8715,#8716,#2154,.T.);
#10487=EDGE_CURVE('',#8716,#8711,#2161,.T.);
#10491=EDGE_CURVE('',#8719,#8720,#2168,.T.);
#10493=EDGE_CURVE('',#8720,#8722,#2175,.T.);
#10495=EDGE_CURVE('',#8722,#8724,#2182,.T.);
#10497=EDGE_CURVE('',#8724,#8719,#2189,.T.);
#10501=EDGE_CURVE('',#8727,#8728,#2196,.T.);
#10503=EDGE_CURVE('',#8728,#8730,#2203,.T.);
#10505=EDGE_CURVE('',#8730,#8732,#2210,.T.);
#10507=EDGE_CURVE('',#8732,#8734,#2217,.T.);
#10509=EDGE_CURVE('',#8734,#8736,#2224,.T.);
#10511=EDGE_CURVE('',#8736,#8727,#2231,.T.);
#10515=EDGE_CURVE('',#8739,#8740,#2320,.T.);
#10517=EDGE_CURVE('',#8740,#8741,#2329,.T.);
#10519=EDGE_CURVE('',#8741,#8743,#2336,.T.);
#10521=EDGE_CURVE('',#8743,#8745,#2343,.T.);
#10523=EDGE_CURVE('',#8745,#8747,#2350,.T.);
#10525=EDGE_CURVE('',#8747,#8749,#2357,.T.);
#10527=EDGE_CURVE('',#8749,#8751,#2364,.T.);
#10529=EDGE_CURVE('',#8751,#8739,#2374,.T.);
#10533=EDGE_CURVE('',#8752,#8753,#2401,.T.);
#10535=EDGE_CURVE('',#8753,#8754,#2410,.T.);
#10537=EDGE_CURVE('',#8754,#8756,#2417,.T.);
#10539=EDGE_CURVE('',#8756,#8758,#2424,.T.);
#10541=EDGE_CURVE('',#8758,#8760,#2431,.T.);
#10543=EDGE_CURVE('',#8760,#8762,#2438,.T.);
#10545=EDGE_CURVE('',#8762,#8764,#2445,.T.);
#10547=EDGE_CURVE('',#8764,#8752,#2456,.T.);
#10551=ADVANCED_FACE('',(#10180,#10186,#10192,#10198,#10204,#10210,#10216,
#10222,#10228,#10234,#10240,#10246,#10252,#10258,#10264,#10270,#10276,#10282,
#10288,#10294,#10300,#10306,#10312,#10318,#10324,#10330,#10336,#10342,#10348,
#10354,#10360,#10366,#10372,#10378,#10384,#10390,#10396,#10402,#10408,#10414,
#10420,#10426,#10432,#10438,#10444,#10450,#10464,#10478,#10490,#10500,#10514,
#10532,#10550),#10163,.F.);
#10557=EDGE_CURVE('',#8707,#8708,#2046,.T.);
#10559=EDGE_CURVE('',#8707,#8710,#2053,.T.);
#10561=EDGE_CURVE('',#8708,#8710,#2064,.T.);
#10565=ADVANCED_FACE('',(#10564),#10556,.F.);
#10571=EDGE_CURVE('',#8737,#8738,#2262,.T.);
#10573=EDGE_CURVE('',#8738,#8737,#2293,.T.);
#10577=ADVANCED_FACE('',(#10576),#10570,.F.);
#10583=EDGE_CURVE('',#8765,#8766,#2487,.T.);
#10585=EDGE_CURVE('',#8766,#8765,#2518,.T.);
#10589=ADVANCED_FACE('',(#10588),#10582,.F.);
#10596=EDGE_CURVE('',#8038,#8042,#2534,.T.);
#10598=EDGE_CURVE('',#8041,#8042,#6590,.T.);
#10600=EDGE_CURVE('',#8037,#8041,#2526,.T.);
#10604=ADVANCED_FACE('',(#10603),#10594,.T.);
#10611=EDGE_CURVE('',#8044,#8046,#2542,.T.);
#10613=EDGE_CURVE('',#8042,#8046,#2623,.T.);
#10618=ADVANCED_FACE('',(#10617),#10609,.T.);
#10625=EDGE_CURVE('',#8048,#8050,#2550,.T.);
#10627=EDGE_CURVE('',#8046,#8050,#2572,.T.);
#10632=ADVANCED_FACE('',(#10631),#10623,.T.);
#10640=EDGE_CURVE('',#8050,#8054,#2557,.T.);
#10645=ADVANCED_FACE('',(#10644),#10637,.T.);
#10654=EDGE_CURVE('',#8032,#8050,#2579,.T.);
#10658=ADVANCED_FACE('',(#10657),#10650,.T.);
#10667=EDGE_CURVE('',#8034,#8046,#2630,.T.);
#10671=ADVANCED_FACE('',(#10670),#10663,.T.);
#10677=EDGE_CURVE('',#9022,#9023,#2586,.T.);
#10679=EDGE_CURVE('',#9029,#9022,#2594,.T.);
#10681=EDGE_CURVE('',#9033,#9029,#2601,.T.);
#10683=EDGE_CURVE('',#9037,#9033,#2609,.T.);
#10685=EDGE_CURVE('',#9041,#9037,#2616,.T.);
#10688=EDGE_CURVE('',#8021,#8042,#6597,.T.);
#10695=ADVANCED_FACE('',(#10694),#10676,.T.);
#10703=EDGE_CURVE('',#9026,#9027,#2644,.T.);
#10705=EDGE_CURVE('',#9022,#9026,#2637,.T.);
#10709=ADVANCED_FACE('',(#10708),#10700,.T.);
#10717=EDGE_CURVE('',#8769,#8770,#2651,.T.);
#10719=EDGE_CURVE('',#8770,#9026,#6553,.T.);
#10723=ADVANCED_FACE('',(#10722),#10714,.F.);
#10731=EDGE_CURVE('',#8130,#8101,#2658,.T.);
#10733=EDGE_CURVE('',#8101,#8102,#2708,.T.);
#10735=EDGE_CURVE('',#8117,#8102,#2887,.T.);
#10738=EDGE_CURVE('',#8774,#8776,#2665,.T.);
#10740=EDGE_CURVE('',#8773,#8774,#2676,.T.);
#10742=EDGE_CURVE('',#8771,#8773,#2683,.T.);
#10744=EDGE_CURVE('',#8770,#8771,#2694,.T.);
#10748=ADVANCED_FACE('',(#10747),#10728,.F.);
#10756=EDGE_CURVE('',#8114,#8101,#2716,.T.);
#10761=ADVANCED_FACE('',(#10760),#10753,.F.);
#10772=EDGE_CURVE('',#8106,#8108,#2746,.T.);
#10775=EDGE_CURVE('',#8102,#8104,#2761,.T.);
#10779=EDGE_CURVE('',#9223,#9217,#2901,.T.);
#10781=EDGE_CURVE('',#9243,#9217,#2768,.T.);
#10783=EDGE_CURVE('',#9243,#9236,#6115,.T.);
#10785=EDGE_CURVE('',#9236,#9237,#6071,.T.);
#10787=EDGE_CURVE('',#9219,#9237,#2775,.T.);
#10789=EDGE_CURVE('',#9219,#8097,#2922,.T.);
#10791=EDGE_CURVE('',#8097,#8098,#6451,.T.);
#10793=EDGE_CURVE('',#8098,#9193,#6021,.T.);
#10795=EDGE_CURVE('',#9240,#9193,#2782,.T.);
#10797=EDGE_CURVE('',#9240,#9241,#6093,.T.);
#10799=EDGE_CURVE('',#9195,#9241,#2789,.T.);
#10801=EDGE_CURVE('',#9195,#9197,#6049,.T.);
#10803=EDGE_CURVE('',#9226,#9197,#2796,.T.);
#10805=EDGE_CURVE('',#9226,#9227,#5971,.T.);
#10807=EDGE_CURVE('',#9199,#9227,#2803,.T.);
#10809=EDGE_CURVE('',#9199,#8085,#6063,.T.);
#10811=EDGE_CURVE('',#8085,#8086,#6466,.T.);
#10813=EDGE_CURVE('',#8086,#9201,#5921,.T.);
#10815=EDGE_CURVE('',#9230,#9201,#2810,.T.);
#10817=EDGE_CURVE('',#9230,#9231,#5993,.T.);
#10819=EDGE_CURVE('',#9231,#9233,#6249,.T.);
#10821=EDGE_CURVE('',#9203,#9233,#2817,.T.);
#10823=EDGE_CURVE('',#9203,#9205,#5949,.T.);
#10825=EDGE_CURVE('',#9246,#9205,#2824,.T.);
#10827=EDGE_CURVE('',#9246,#9247,#5893,.T.);
#10829=EDGE_CURVE('',#9247,#9249,#5849,.T.);
#10831=EDGE_CURVE('',#9207,#9249,#2831,.T.);
#10833=EDGE_CURVE('',#9207,#8089,#5963,.T.);
#10835=EDGE_CURVE('',#8089,#8090,#6481,.T.);
#10837=EDGE_CURVE('',#8090,#9213,#5834,.T.);
#10839=EDGE_CURVE('',#9252,#9213,#2838,.T.);
#10841=EDGE_CURVE('',#9252,#9253,#5871,.T.);
#10843=EDGE_CURVE('',#9215,#9253,#2845,.T.);
#10845=EDGE_CURVE('',#9215,#9209,#5799,.T.);
#10847=EDGE_CURVE('',#9260,#9209,#2852,.T.);
#10849=EDGE_CURVE('',#9260,#9261,#5749,.T.);
#10851=EDGE_CURVE('',#9211,#9261,#2859,.T.);
#10853=EDGE_CURVE('',#9211,#8093,#5820,.T.);
#10855=EDGE_CURVE('',#8093,#8094,#6496,.T.);
#10857=EDGE_CURVE('',#8094,#9221,#2936,.T.);
#10859=EDGE_CURVE('',#9263,#9221,#2866,.T.);
#10861=EDGE_CURVE('',#9263,#9256,#5771,.T.);
#10863=EDGE_CURVE('',#9256,#9257,#5727,.T.);
#10865=EDGE_CURVE('',#9223,#9257,#2873,.T.);
#10869=ADVANCED_FACE('',(#10778,#10868),#10766,.T.);
#10881=ADVANCED_FACE('',(#10880),#10874,.F.);
#10893=ADVANCED_FACE('',(#10892),#10886,.F.);
#10899=EDGE_CURVE('',#9130,#9217,#2894,.T.);
#10902=EDGE_CURVE('',#9150,#9223,#2908,.T.);
#10904=EDGE_CURVE('',#9130,#9150,#3795,.T.);
#10908=ADVANCED_FACE('',(#10907),#10898,.F.);
#10914=EDGE_CURVE('',#9134,#9219,#2915,.T.);
#10916=EDGE_CURVE('',#8074,#9134,#3973,.T.);
#10918=EDGE_CURVE('',#8097,#8074,#6458,.T.);
#10923=ADVANCED_FACE('',(#10922),#10913,.F.);
#10929=EDGE_CURVE('',#9146,#9221,#2929,.T.);
#10932=EDGE_CURVE('',#8094,#8077,#2943,.T.);
#10934=EDGE_CURVE('',#9146,#8077,#3987,.T.);
#10938=ADVANCED_FACE('',(#10937),#10928,.F.);
#10944=EDGE_CURVE('',#9130,#9131,#3788,.T.);
#10946=EDGE_CURVE('',#9131,#9243,#6122,.T.);
#10952=ADVANCED_FACE('',(#10951),#10943,.T.);
#10958=EDGE_CURVE('',#8595,#8596,#3631,.T.);
#10960=EDGE_CURVE('',#8596,#9114,#3639,.T.);
#10962=EDGE_CURVE('',#9114,#9115,#3646,.T.);
#10964=EDGE_CURVE('',#9121,#9115,#3654,.T.);
#10966=EDGE_CURVE('',#9121,#8549,#3662,.T.);
#10968=EDGE_CURVE('',#8549,#8550,#3670,.T.);
#10970=EDGE_CURVE('',#8550,#8552,#3678,.T.);
#10972=EDGE_CURVE('',#9123,#8552,#3686,.T.);
#10974=EDGE_CURVE('',#9123,#8567,#3694,.T.);
#10976=EDGE_CURVE('',#8567,#8568,#3702,.T.);
#10978=EDGE_CURVE('',#8568,#8570,#3710,.T.);
#10980=EDGE_CURVE('',#9118,#8570,#3718,.T.);
#10982=EDGE_CURVE('',#9118,#9119,#3725,.T.);
#10984=EDGE_CURVE('',#9119,#9125,#3733,.T.);
#10986=EDGE_CURVE('',#9125,#8580,#3741,.T.);
#10988=EDGE_CURVE('',#8580,#8577,#3749,.T.);
#10990=EDGE_CURVE('',#8577,#8578,#3757,.T.);
#10992=EDGE_CURVE('',#8578,#9127,#3765,.T.);
#10994=EDGE_CURVE('',#9127,#8598,#3773,.T.);
#10996=EDGE_CURVE('',#8598,#8595,#3781,.T.);
#11000=EDGE_CURVE('',#8265,#8266,#3039,.T.);
#11002=EDGE_CURVE('',#8266,#8265,#3047,.T.);
#11006=EDGE_CURVE('',#8277,#8278,#3055,.T.);
#11008=EDGE_CURVE('',#8278,#8277,#3063,.T.);
#11012=EDGE_CURVE('',#8285,#8286,#3071,.T.);
#11014=EDGE_CURVE('',#8286,#8285,#3079,.T.);
#11018=EDGE_CURVE('',#8293,#8294,#3087,.T.);
#11020=EDGE_CURVE('',#8294,#8293,#3095,.T.);
#11024=EDGE_CURVE('',#8301,#8302,#3103,.T.);
#11026=EDGE_CURVE('',#8302,#8301,#3111,.T.);
#11030=EDGE_CURVE('',#8309,#8310,#3119,.T.);
#11032=EDGE_CURVE('',#8310,#8309,#3127,.T.);
#11036=EDGE_CURVE('',#8317,#8318,#3135,.T.);
#11038=EDGE_CURVE('',#8318,#8317,#3143,.T.);
#11042=EDGE_CURVE('',#8325,#8326,#3151,.T.);
#11044=EDGE_CURVE('',#8326,#8325,#3159,.T.);
#11048=EDGE_CURVE('',#8333,#8334,#3167,.T.);
#11050=EDGE_CURVE('',#8334,#8333,#3175,.T.);
#11054=EDGE_CURVE('',#8341,#8342,#3183,.T.);
#11056=EDGE_CURVE('',#8342,#8341,#3191,.T.);
#11060=EDGE_CURVE('',#8349,#8350,#3199,.T.);
#11062=EDGE_CURVE('',#8350,#8349,#3207,.T.);
#11066=EDGE_CURVE('',#8357,#8358,#3215,.T.);
#11068=EDGE_CURVE('',#8358,#8357,#3223,.T.);
#11072=EDGE_CURVE('',#8365,#8366,#3231,.T.);
#11074=EDGE_CURVE('',#8366,#8365,#3239,.T.);
#11078=EDGE_CURVE('',#8373,#8374,#3247,.T.);
#11080=EDGE_CURVE('',#8374,#8373,#3255,.T.);
#11084=EDGE_CURVE('',#8381,#8382,#3263,.T.);
#11086=EDGE_CURVE('',#8382,#8381,#3271,.T.);
#11090=EDGE_CURVE('',#8389,#8390,#3279,.T.);
#11092=EDGE_CURVE('',#8390,#8389,#3287,.T.);
#11096=EDGE_CURVE('',#8397,#8398,#3295,.T.);
#11098=EDGE_CURVE('',#8398,#8397,#3303,.T.);
#11102=EDGE_CURVE('',#8405,#8406,#3311,.T.);
#11104=EDGE_CURVE('',#8406,#8405,#3319,.T.);
#11108=EDGE_CURVE('',#8413,#8414,#3327,.T.);
#11110=EDGE_CURVE('',#8414,#8413,#3335,.T.);
#11114=EDGE_CURVE('',#8421,#8422,#3343,.T.);
#11116=EDGE_CURVE('',#8422,#8421,#3351,.T.);
#11120=EDGE_CURVE('',#8429,#8430,#3359,.T.);
#11122=EDGE_CURVE('',#8430,#8429,#3367,.T.);
#11126=EDGE_CURVE('',#8437,#8438,#3375,.T.);
#11128=EDGE_CURVE('',#8438,#8437,#3383,.T.);
#11132=EDGE_CURVE('',#8445,#8446,#3391,.T.);
#11134=EDGE_CURVE('',#8446,#8445,#3399,.T.);
#11138=EDGE_CURVE('',#8453,#8454,#3407,.T.);
#11140=EDGE_CURVE('',#8454,#8453,#3415,.T.);
#11144=EDGE_CURVE('',#8461,#8462,#3423,.T.);
#11146=EDGE_CURVE('',#8462,#8461,#3431,.T.);
#11150=EDGE_CURVE('',#8469,#8470,#3439,.T.);
#11152=EDGE_CURVE('',#8470,#8469,#3447,.T.);
#11156=EDGE_CURVE('',#8477,#8478,#3455,.T.);
#11158=EDGE_CURVE('',#8478,#8477,#3463,.T.);
#11162=EDGE_CURVE('',#8485,#8486,#3471,.T.);
#11164=EDGE_CURVE('',#8486,#8485,#3479,.T.);
#11168=EDGE_CURVE('',#8493,#8494,#3487,.T.);
#11170=EDGE_CURVE('',#8494,#8493,#3495,.T.);
#11174=EDGE_CURVE('',#8501,#8502,#3503,.T.);
#11176=EDGE_CURVE('',#8502,#8501,#3511,.T.);
#11180=EDGE_CURVE('',#8509,#8510,#3519,.T.);
#11182=EDGE_CURVE('',#8510,#8509,#3527,.T.);
#11186=EDGE_CURVE('',#8517,#8518,#3535,.T.);
#11188=EDGE_CURVE('',#8518,#8517,#3543,.T.);
#11192=EDGE_CURVE('',#8525,#8526,#3551,.T.);
#11194=EDGE_CURVE('',#8526,#8525,#3559,.T.);
#11198=EDGE_CURVE('',#8533,#8534,#3567,.T.);
#11200=EDGE_CURVE('',#8534,#8533,#3575,.T.);
#11204=EDGE_CURVE('',#8541,#8542,#3583,.T.);
#11206=EDGE_CURVE('',#8542,#8541,#3591,.T.);
#11210=EDGE_CURVE('',#8559,#8560,#3599,.T.);
#11212=EDGE_CURVE('',#8560,#8559,#3607,.T.);
#11216=EDGE_CURVE('',#8587,#8588,#3615,.T.);
#11218=EDGE_CURVE('',#8588,#8587,#3623,.T.);
#11222=ADVANCED_FACE('',(#10999,#11005,#11011,#11017,#11023,#11029,#11035,
#11041,#11047,#11053,#11059,#11065,#11071,#11077,#11083,#11089,#11095,#11101,
#11107,#11113,#11119,#11125,#11131,#11137,#11143,#11149,#11155,#11161,#11167,
#11173,#11179,#11185,#11191,#11197,#11203,#11209,#11215,#11221),#10957,.T.);
#11230=EDGE_CURVE('',#9150,#9151,#3802,.T.);
#11232=EDGE_CURVE('',#9151,#8246,#3810,.T.);
#11234=EDGE_CURVE('',#8246,#9155,#3818,.T.);
#11236=EDGE_CURVE('',#9154,#9155,#3825,.T.);
#11238=EDGE_CURVE('',#9154,#9190,#3832,.T.);
#11240=EDGE_CURVE('',#9190,#9191,#3839,.T.);
#11242=EDGE_CURVE('',#9191,#8244,#3847,.T.);
#11244=EDGE_CURVE('',#8244,#9179,#3855,.T.);
#11246=EDGE_CURVE('',#9178,#9179,#3862,.T.);
#11248=EDGE_CURVE('',#9178,#9166,#3869,.T.);
#11250=EDGE_CURVE('',#9166,#9167,#3876,.T.);
#11252=EDGE_CURVE('',#9167,#8204,#3884,.T.);
#11254=EDGE_CURVE('',#8204,#9171,#3892,.T.);
#11256=EDGE_CURVE('',#9170,#9171,#3899,.T.);
#11258=EDGE_CURVE('',#9170,#9142,#3906,.T.);
#11260=EDGE_CURVE('',#9142,#9143,#3913,.T.);
#11262=EDGE_CURVE('',#9143,#8206,#3921,.T.);
#11264=EDGE_CURVE('',#8206,#9131,#3929,.T.);
#11268=EDGE_CURVE('',#8149,#8150,#2950,.T.);
#11270=EDGE_CURVE('',#8150,#8152,#2957,.T.);
#11272=EDGE_CURVE('',#8152,#8154,#2964,.T.);
#11274=EDGE_CURVE('',#8154,#8149,#2971,.T.);
#11278=EDGE_CURVE('',#9078,#9079,#2979,.T.);
#11280=EDGE_CURVE('',#9079,#9081,#2986,.T.);
#11282=EDGE_CURVE('',#9081,#9083,#2994,.T.);
#11284=EDGE_CURVE('',#9083,#9085,#3001,.T.);
#11286=EDGE_CURVE('',#9085,#9087,#3009,.T.);
#11288=EDGE_CURVE('',#9087,#9089,#3016,.T.);
#11290=EDGE_CURVE('',#9089,#9091,#3024,.T.);
#11292=EDGE_CURVE('',#9091,#9078,#3031,.T.);
#11296=ADVANCED_FACE('',(#11267,#11277,#11295),#11227,.T.);
#11302=EDGE_CURVE('',#9134,#9135,#3936,.T.);
#11304=EDGE_CURVE('',#9135,#9139,#3944,.T.);
#11306=EDGE_CURVE('',#9138,#9139,#3951,.T.);
#11308=EDGE_CURVE('',#9138,#8073,#3958,.T.);
#11310=EDGE_CURVE('',#8073,#8074,#3966,.T.);
#11315=ADVANCED_FACE('',(#11314),#11301,.T.);
#11321=EDGE_CURVE('',#9146,#9147,#3980,.T.);
#11324=EDGE_CURVE('',#8077,#8078,#3995,.T.);
#11326=EDGE_CURVE('',#8078,#9158,#4002,.T.);
#11328=EDGE_CURVE('',#9158,#9159,#4009,.T.);
#11330=EDGE_CURVE('',#9159,#9147,#4017,.T.);
#11334=ADVANCED_FACE('',(#11333),#11320,.T.);
#11340=EDGE_CURVE('',#9162,#9163,#4024,.T.);
#11342=EDGE_CURVE('',#9162,#8069,#4031,.T.);
#11344=EDGE_CURVE('',#8069,#8070,#4039,.T.);
#11346=EDGE_CURVE('',#8070,#9174,#4046,.T.);
#11348=EDGE_CURVE('',#9174,#9175,#4053,.T.);
#11350=EDGE_CURVE('',#9175,#9163,#4061,.T.);
#11354=ADVANCED_FACE('',(#11353),#11339,.T.);
#11360=EDGE_CURVE('',#9182,#9183,#4068,.T.);
#11362=EDGE_CURVE('',#9183,#9187,#4076,.T.);
#11364=EDGE_CURVE('',#9186,#9187,#4083,.T.);
#11366=EDGE_CURVE('',#9186,#8081,#4090,.T.);
#11368=EDGE_CURVE('',#8081,#8082,#4098,.T.);
#11370=EDGE_CURVE('',#8082,#9182,#4105,.T.);
#11374=ADVANCED_FACE('',(#11373),#11359,.T.);
#11381=EDGE_CURVE('',#8149,#8133,#4112,.T.);
#11383=EDGE_CURVE('',#8133,#8134,#4140,.T.);
#11385=EDGE_CURVE('',#8150,#8134,#4133,.T.);
#11389=ADVANCED_FACE('',(#11388),#11379,.T.);
#11396=EDGE_CURVE('',#8154,#8138,#4119,.T.);
#11398=EDGE_CURVE('',#8138,#8133,#4147,.T.);
#11403=ADVANCED_FACE('',(#11402),#11394,.T.);
#11410=EDGE_CURVE('',#8152,#8136,#4126,.T.);
#11412=EDGE_CURVE('',#8136,#8138,#4154,.T.);
#11417=ADVANCED_FACE('',(#11416),#11408,.T.);
#11425=EDGE_CURVE('',#8134,#8136,#4161,.T.);
#11430=ADVANCED_FACE('',(#11429),#11422,.T.);
#11442=EDGE_CURVE('',#8141,#8142,#4168,.T.);
#11444=EDGE_CURVE('',#8146,#8141,#4175,.T.);
#11446=EDGE_CURVE('',#8144,#8146,#4182,.T.);
#11448=EDGE_CURVE('',#8142,#8144,#4189,.T.);
#11452=ADVANCED_FACE('',(#11441,#11451),#11435,.T.);
#11458=EDGE_CURVE('',#8142,#8170,#4196,.T.);
#11460=EDGE_CURVE('',#8170,#8165,#4231,.T.);
#11462=EDGE_CURVE('',#8165,#8141,#4203,.T.);
#11467=ADVANCED_FACE('',(#11466),#11457,.T.);
#11473=EDGE_CURVE('',#8144,#8168,#4210,.T.);
#11475=EDGE_CURVE('',#8168,#8170,#4238,.T.);
#11481=ADVANCED_FACE('',(#11480),#11472,.T.);
#11487=EDGE_CURVE('',#8146,#8166,#4217,.T.);
#11489=EDGE_CURVE('',#8166,#8168,#4245,.T.);
#11495=ADVANCED_FACE('',(#11494),#11486,.T.);
#11502=EDGE_CURVE('',#8165,#8166,#4224,.T.);
#11508=ADVANCED_FACE('',(#11507),#11500,.T.);
#11520=EDGE_CURVE('',#8173,#8174,#4268,.T.);
#11522=EDGE_CURVE('',#8174,#8173,#4367,.T.);
#11526=ADVANCED_FACE('',(#11519,#11525),#11513,.T.);
#11532=EDGE_CURVE('',#8181,#8182,#4253,.T.);
#11534=EDGE_CURVE('',#8173,#8181,#4260,.T.);
#11537=EDGE_CURVE('',#8174,#8182,#4359,.T.);
#11541=ADVANCED_FACE('',(#11540),#11531,.F.);
#11547=EDGE_CURVE('',#8177,#8178,#4276,.T.);
#11549=EDGE_CURVE('',#8178,#8177,#4284,.T.);
#11554=EDGE_CURVE('',#8182,#8181,#4352,.T.);
#11558=ADVANCED_FACE('',(#11552,#11557),#11546,.T.);
#11564=EDGE_CURVE('',#8185,#8186,#4315,.T.);
#11566=EDGE_CURVE('',#8185,#8177,#4291,.T.);
#11569=EDGE_CURVE('',#8186,#8178,#4344,.T.);
#11573=ADVANCED_FACE('',(#11572),#11563,.F.);
#11579=EDGE_CURVE('',#8157,#8158,#4299,.T.);
#11581=EDGE_CURVE('',#8158,#8157,#4307,.T.);
#11586=EDGE_CURVE('',#8186,#8185,#4323,.T.);
#11590=ADVANCED_FACE('',(#11584,#11589),#11578,.T.);
#11597=EDGE_CURVE('',#8161,#8157,#4330,.T.);
#11600=EDGE_CURVE('',#8162,#8158,#4337,.T.);
#11604=ADVANCED_FACE('',(#11603),#11595,.F.);
#11616=ADVANCED_FACE('',(#11615),#11609,.F.);
#11628=ADVANCED_FACE('',(#11627),#11621,.F.);
#11640=ADVANCED_FACE('',(#11639),#11633,.F.);
#11647=EDGE_CURVE('',#9078,#9062,#4374,.T.);
#11649=EDGE_CURVE('',#9062,#9063,#4431,.T.);
#11651=EDGE_CURVE('',#9079,#9063,#4423,.T.);
#11655=ADVANCED_FACE('',(#11654),#11645,.T.);
#11662=EDGE_CURVE('',#9091,#9075,#4381,.T.);
#11664=EDGE_CURVE('',#9075,#9062,#4438,.T.);
#11669=ADVANCED_FACE('',(#11668),#11660,.T.);
#11676=EDGE_CURVE('',#9089,#9073,#4388,.T.);
#11678=EDGE_CURVE('',#9073,#9075,#4446,.T.);
#11683=ADVANCED_FACE('',(#11682),#11674,.T.);
#11690=EDGE_CURVE('',#9087,#9071,#4395,.T.);
#11692=EDGE_CURVE('',#9071,#9073,#4453,.T.);
#11697=ADVANCED_FACE('',(#11696),#11688,.T.);
#11704=EDGE_CURVE('',#9085,#9069,#4402,.T.);
#11706=EDGE_CURVE('',#9069,#9071,#4461,.T.);
#11711=ADVANCED_FACE('',(#11710),#11702,.T.);
#11718=EDGE_CURVE('',#9083,#9067,#4409,.T.);
#11720=EDGE_CURVE('',#9067,#9069,#4468,.T.);
#11725=ADVANCED_FACE('',(#11724),#11716,.T.);
#11732=EDGE_CURVE('',#9081,#9065,#4416,.T.);
#11734=EDGE_CURVE('',#9065,#9067,#4476,.T.);
#11739=ADVANCED_FACE('',(#11738),#11730,.T.);
#11747=EDGE_CURVE('',#9063,#9065,#4483,.T.);
#11752=ADVANCED_FACE('',(#11751),#11744,.T.);
#11768=EDGE_CURVE('',#9303,#9298,#4490,.T.);
#11770=EDGE_CURVE('',#9055,#9303,#4497,.T.);
#11772=EDGE_CURVE('',#9054,#9055,#4505,.T.);
#11774=EDGE_CURVE('',#9306,#9054,#4512,.T.);
#11776=EDGE_CURVE('',#9311,#9306,#4519,.T.);
#11778=EDGE_CURVE('',#9051,#9311,#4526,.T.);
#11780=EDGE_CURVE('',#9050,#9051,#4534,.T.);
#11782=EDGE_CURVE('',#9322,#9050,#4541,.T.);
#11784=EDGE_CURVE('',#9327,#9322,#4548,.T.);
#11786=EDGE_CURVE('',#9047,#9327,#4555,.T.);
#11788=EDGE_CURVE('',#9046,#9047,#4563,.T.);
#11790=EDGE_CURVE('',#9314,#9046,#4570,.T.);
#11792=EDGE_CURVE('',#9319,#9314,#4577,.T.);
#11794=EDGE_CURVE('',#9059,#9319,#4584,.T.);
#11796=EDGE_CURVE('',#9058,#9059,#4592,.T.);
#11798=EDGE_CURVE('',#9298,#9058,#4599,.T.);
#11802=ADVANCED_FACE('',(#11767,#11801),#11757,.T.);
#11808=EDGE_CURVE('',#9298,#9299,#4606,.T.);
#11810=EDGE_CURVE('',#9301,#9299,#4662,.T.);
#11812=EDGE_CURVE('',#9301,#9303,#4655,.T.);
#11817=ADVANCED_FACE('',(#11816),#11807,.T.);
#11824=EDGE_CURVE('',#9271,#9298,#4641,.T.);
#11826=EDGE_CURVE('',#9271,#9269,#4720,.T.);
#11828=EDGE_CURVE('',#9299,#9269,#4613,.T.);
#11832=ADVANCED_FACE('',(#11831),#11822,.T.);
#11838=EDGE_CURVE('',#9266,#9303,#4620,.T.);
#11840=EDGE_CURVE('',#9102,#9266,#4627,.T.);
#11842=EDGE_CURVE('',#9102,#9055,#4634,.T.);
#11847=ADVANCED_FACE('',(#11846),#11837,.T.);
#11855=EDGE_CURVE('',#9107,#9058,#4946,.T.);
#11857=EDGE_CURVE('',#9271,#9107,#4648,.T.);
#11861=ADVANCED_FACE('',(#11860),#11852,.T.);
#11868=EDGE_CURVE('',#9301,#9267,#4669,.T.);
#11870=EDGE_CURVE('',#9266,#9267,#4706,.T.);
#11875=ADVANCED_FACE('',(#11874),#11866,.T.);
#11883=EDGE_CURVE('',#9267,#9269,#4713,.T.);
#11888=ADVANCED_FACE('',(#11887),#11880,.T.);
#11898=EDGE_CURVE('',#9106,#9107,#4939,.T.);
#11900=EDGE_CURVE('',#9106,#9282,#4960,.T.);
#11902=EDGE_CURVE('',#9282,#9283,#4727,.T.);
#11904=EDGE_CURVE('',#9283,#9285,#4734,.T.);
#11906=EDGE_CURVE('',#9287,#9285,#4741,.T.);
#11908=EDGE_CURVE('',#9287,#9095,#4981,.T.);
#11910=EDGE_CURVE('',#9094,#9095,#5024,.T.);
#11912=EDGE_CURVE('',#9094,#9290,#5045,.T.);
#11914=EDGE_CURVE('',#9290,#9291,#4748,.T.);
#11916=EDGE_CURVE('',#9291,#9293,#4755,.T.);
#11918=EDGE_CURVE('',#9295,#9293,#4762,.T.);
#11920=EDGE_CURVE('',#9295,#9099,#5066,.T.);
#11922=EDGE_CURVE('',#9098,#9099,#5109,.T.);
#11924=EDGE_CURVE('',#9098,#9274,#5130,.T.);
#11926=EDGE_CURVE('',#9274,#9275,#4769,.T.);
#11928=EDGE_CURVE('',#9275,#9277,#4776,.T.);
#11930=EDGE_CURVE('',#9279,#9277,#4783,.T.);
#11932=EDGE_CURVE('',#9279,#9103,#5151,.T.);
#11934=EDGE_CURVE('',#9102,#9103,#5194,.T.);
#11939=EDGE_CURVE('',#8270,#9109,#4676,.T.);
#11941=EDGE_CURVE('',#8269,#8270,#4684,.T.);
#11943=EDGE_CURVE('',#9111,#8269,#4691,.T.);
#11945=EDGE_CURVE('',#9109,#9111,#4699,.T.);
#11949=ADVANCED_FACE('',(#11938,#11948),#11893,.T.);
#11956=EDGE_CURVE('',#9114,#8270,#4790,.T.);
#11959=EDGE_CURVE('',#9115,#9109,#4887,.T.);
#11963=ADVANCED_FACE('',(#11962),#11954,.T.);
#11969=EDGE_CURVE('',#8596,#9127,#4798,.T.);
#11972=EDGE_CURVE('',#8578,#9125,#4806,.T.);
#11975=EDGE_CURVE('',#9119,#8269,#4813,.T.);
#11982=ADVANCED_FACE('',(#11981),#11968,.F.);
#11989=EDGE_CURVE('',#8596,#9127,#4821,.T.);
#11993=ADVANCED_FACE('',(#11992),#11987,.F.);
#12000=EDGE_CURVE('',#8598,#8592,#4835,.T.);
#12005=EDGE_CURVE('',#8595,#8591,#4828,.T.);
#12009=ADVANCED_FACE('',(#12008),#11998,.F.);
#12021=ADVANCED_FACE('',(#12020),#12014,.F.);
#12028=EDGE_CURVE('',#8578,#9125,#4843,.T.);
#12032=ADVANCED_FACE('',(#12031),#12026,.F.);
#12039=EDGE_CURVE('',#8580,#8574,#4857,.T.);
#12044=EDGE_CURVE('',#8577,#8573,#4850,.T.);
#12048=ADVANCED_FACE('',(#12047),#12037,.F.);
#12060=ADVANCED_FACE('',(#12059),#12053,.F.);
#12067=EDGE_CURVE('',#9118,#9111,#4864,.T.);
#12073=ADVANCED_FACE('',(#12072),#12065,.T.);
#12079=EDGE_CURVE('',#8570,#9123,#4872,.T.);
#12082=EDGE_CURVE('',#8552,#9121,#4880,.T.);
#12091=ADVANCED_FACE('',(#12090),#12078,.F.);
#12098=EDGE_CURVE('',#8570,#9123,#4895,.T.);
#12102=ADVANCED_FACE('',(#12101),#12096,.F.);
#12109=EDGE_CURVE('',#8567,#8563,#4909,.T.);
#12114=EDGE_CURVE('',#8568,#8564,#4902,.T.);
#12118=ADVANCED_FACE('',(#12117),#12107,.F.);
#12130=ADVANCED_FACE('',(#12129),#12123,.F.);
#12137=EDGE_CURVE('',#8552,#9121,#4917,.T.);
#12141=ADVANCED_FACE('',(#12140),#12135,.F.);
#12148=EDGE_CURVE('',#8549,#8545,#4931,.T.);
#12153=EDGE_CURVE('',#8550,#8546,#4924,.T.);
#12157=ADVANCED_FACE('',(#12156),#12146,.F.);
#12169=ADVANCED_FACE('',(#12168),#12162,.F.);
#12178=EDGE_CURVE('',#9106,#9059,#4967,.T.);
#12182=ADVANCED_FACE('',(#12181),#12174,.F.);
#12188=EDGE_CURVE('',#9282,#9319,#4953,.T.);
#12195=ADVANCED_FACE('',(#12194),#12187,.T.);
#12201=EDGE_CURVE('',#9287,#9314,#4974,.T.);
#12204=EDGE_CURVE('',#9095,#9046,#5031,.T.);
#12209=ADVANCED_FACE('',(#12208),#12200,.T.);
#12215=EDGE_CURVE('',#9317,#9319,#4988,.T.);
#12217=EDGE_CURVE('',#9317,#9283,#5016,.T.);
#12223=ADVANCED_FACE('',(#12222),#12214,.T.);
#12229=EDGE_CURVE('',#9314,#9315,#4995,.T.);
#12231=EDGE_CURVE('',#9317,#9315,#5009,.T.);
#12237=ADVANCED_FACE('',(#12236),#12228,.T.);
#12246=EDGE_CURVE('',#9315,#9285,#5002,.T.);
#12250=ADVANCED_FACE('',(#12249),#12242,.T.);
#12262=ADVANCED_FACE('',(#12261),#12255,.T.);
#12271=EDGE_CURVE('',#9094,#9047,#5052,.T.);
#12275=ADVANCED_FACE('',(#12274),#12267,.F.);
#12281=EDGE_CURVE('',#9290,#9327,#5038,.T.);
#12288=ADVANCED_FACE('',(#12287),#12280,.T.);
#12294=EDGE_CURVE('',#9295,#9322,#5059,.T.);
#12297=EDGE_CURVE('',#9099,#9050,#5116,.T.);
#12302=ADVANCED_FACE('',(#12301),#12293,.T.);
#12308=EDGE_CURVE('',#9325,#9327,#5073,.T.);
#12310=EDGE_CURVE('',#9325,#9291,#5101,.T.);
#12316=ADVANCED_FACE('',(#12315),#12307,.T.);
#12322=EDGE_CURVE('',#9322,#9323,#5080,.T.);
#12324=EDGE_CURVE('',#9325,#9323,#5094,.T.);
#12330=ADVANCED_FACE('',(#12329),#12321,.T.);
#12339=EDGE_CURVE('',#9323,#9293,#5087,.T.);
#12343=ADVANCED_FACE('',(#12342),#12335,.T.);
#12355=ADVANCED_FACE('',(#12354),#12348,.T.);
#12364=EDGE_CURVE('',#9098,#9051,#5137,.T.);
#12368=ADVANCED_FACE('',(#12367),#12360,.F.);
#12374=EDGE_CURVE('',#9274,#9311,#5123,.T.);
#12381=ADVANCED_FACE('',(#12380),#12373,.T.);
#12387=EDGE_CURVE('',#9279,#9306,#5144,.T.);
#12390=EDGE_CURVE('',#9103,#9054,#5201,.T.);
#12395=ADVANCED_FACE('',(#12394),#12386,.T.);
#12401=EDGE_CURVE('',#9309,#9311,#5158,.T.);
#12403=EDGE_CURVE('',#9309,#9275,#5186,.T.);
#12409=ADVANCED_FACE('',(#12408),#12400,.T.);
#12415=EDGE_CURVE('',#9306,#9307,#5165,.T.);
#12417=EDGE_CURVE('',#9309,#9307,#5179,.T.);
#12423=ADVANCED_FACE('',(#12422),#12414,.T.);
#12432=EDGE_CURVE('',#9307,#9277,#5172,.T.);
#12436=ADVANCED_FACE('',(#12435),#12428,.T.);
#12448=ADVANCED_FACE('',(#12447),#12441,.T.);
#12460=ADVANCED_FACE('',(#12459),#12453,.F.);
#12467=EDGE_CURVE('',#8266,#8262,#5215,.T.);
#12470=EDGE_CURVE('',#8265,#8261,#5208,.T.);
#12474=ADVANCED_FACE('',(#12473),#12465,.F.);
#12486=ADVANCED_FACE('',(#12485),#12479,.F.);
#12493=EDGE_CURVE('',#8278,#8274,#5229,.T.);
#12496=EDGE_CURVE('',#8277,#8273,#5222,.T.);
#12500=ADVANCED_FACE('',(#12499),#12491,.F.);
#12512=ADVANCED_FACE('',(#12511),#12505,.F.);
#12519=EDGE_CURVE('',#8286,#8282,#5243,.T.);
#12522=EDGE_CURVE('',#8285,#8281,#5236,.T.);
#12526=ADVANCED_FACE('',(#12525),#12517,.F.);
#12538=ADVANCED_FACE('',(#12537),#12531,.F.);
#12545=EDGE_CURVE('',#8294,#8290,#5257,.T.);
#12548=EDGE_CURVE('',#8293,#8289,#5250,.T.);
#12552=ADVANCED_FACE('',(#12551),#12543,.F.);
#12564=ADVANCED_FACE('',(#12563),#12557,.F.);
#12571=EDGE_CURVE('',#8302,#8298,#5271,.T.);
#12574=EDGE_CURVE('',#8301,#8297,#5264,.T.);
#12578=ADVANCED_FACE('',(#12577),#12569,.F.);
#12590=ADVANCED_FACE('',(#12589),#12583,.F.);
#12597=EDGE_CURVE('',#8310,#8306,#5285,.T.);
#12600=EDGE_CURVE('',#8309,#8305,#5278,.T.);
#12604=ADVANCED_FACE('',(#12603),#12595,.F.);
#12616=ADVANCED_FACE('',(#12615),#12609,.F.);
#12623=EDGE_CURVE('',#8318,#8314,#5299,.T.);
#12626=EDGE_CURVE('',#8317,#8313,#5292,.T.);
#12630=ADVANCED_FACE('',(#12629),#12621,.F.);
#12642=ADVANCED_FACE('',(#12641),#12635,.F.);
#12649=EDGE_CURVE('',#8326,#8322,#5313,.T.);
#12652=EDGE_CURVE('',#8325,#8321,#5306,.T.);
#12656=ADVANCED_FACE('',(#12655),#12647,.F.);
#12668=ADVANCED_FACE('',(#12667),#12661,.F.);
#12675=EDGE_CURVE('',#8334,#8330,#5327,.T.);
#12678=EDGE_CURVE('',#8333,#8329,#5320,.T.);
#12682=ADVANCED_FACE('',(#12681),#12673,.F.);
#12694=ADVANCED_FACE('',(#12693),#12687,.F.);
#12701=EDGE_CURVE('',#8342,#8338,#5341,.T.);
#12704=EDGE_CURVE('',#8341,#8337,#5334,.T.);
#12708=ADVANCED_FACE('',(#12707),#12699,.F.);
#12720=ADVANCED_FACE('',(#12719),#12713,.F.);
#12727=EDGE_CURVE('',#8350,#8346,#5355,.T.);
#12730=EDGE_CURVE('',#8349,#8345,#5348,.T.);
#12734=ADVANCED_FACE('',(#12733),#12725,.F.);
#12746=ADVANCED_FACE('',(#12745),#12739,.F.);
#12753=EDGE_CURVE('',#8358,#8354,#5369,.T.);
#12756=EDGE_CURVE('',#8357,#8353,#5362,.T.);
#12760=ADVANCED_FACE('',(#12759),#12751,.F.);
#12772=ADVANCED_FACE('',(#12771),#12765,.F.);
#12779=EDGE_CURVE('',#8366,#8362,#5383,.T.);
#12782=EDGE_CURVE('',#8365,#8361,#5376,.T.);
#12786=ADVANCED_FACE('',(#12785),#12777,.F.);
#12798=ADVANCED_FACE('',(#12797),#12791,.F.);
#12805=EDGE_CURVE('',#8374,#8370,#5397,.T.);
#12808=EDGE_CURVE('',#8373,#8369,#5390,.T.);
#12812=ADVANCED_FACE('',(#12811),#12803,.F.);
#12824=ADVANCED_FACE('',(#12823),#12817,.F.);
#12831=EDGE_CURVE('',#8382,#8378,#5411,.T.);
#12834=EDGE_CURVE('',#8381,#8377,#5404,.T.);
#12838=ADVANCED_FACE('',(#12837),#12829,.F.);
#12850=ADVANCED_FACE('',(#12849),#12843,.F.);
#12857=EDGE_CURVE('',#8390,#8386,#5425,.T.);
#12860=EDGE_CURVE('',#8389,#8385,#5418,.T.);
#12864=ADVANCED_FACE('',(#12863),#12855,.F.);
#12876=ADVANCED_FACE('',(#12875),#12869,.F.);
#12883=EDGE_CURVE('',#8398,#8394,#5439,.T.);
#12886=EDGE_CURVE('',#8397,#8393,#5432,.T.);
#12890=ADVANCED_FACE('',(#12889),#12881,.F.);
#12902=ADVANCED_FACE('',(#12901),#12895,.F.);
#12909=EDGE_CURVE('',#8406,#8402,#5453,.T.);
#12912=EDGE_CURVE('',#8405,#8401,#5446,.T.);
#12916=ADVANCED_FACE('',(#12915),#12907,.F.);
#12928=ADVANCED_FACE('',(#12927),#12921,.F.);
#12935=EDGE_CURVE('',#8414,#8410,#5467,.T.);
#12938=EDGE_CURVE('',#8413,#8409,#5460,.T.);
#12942=ADVANCED_FACE('',(#12941),#12933,.F.);
#12954=ADVANCED_FACE('',(#12953),#12947,.F.);
#12961=EDGE_CURVE('',#8422,#8418,#5481,.T.);
#12964=EDGE_CURVE('',#8421,#8417,#5474,.T.);
#12968=ADVANCED_FACE('',(#12967),#12959,.F.);
#12980=ADVANCED_FACE('',(#12979),#12973,.F.);
#12987=EDGE_CURVE('',#8430,#8426,#5495,.T.);
#12990=EDGE_CURVE('',#8429,#8425,#5488,.T.);
#12994=ADVANCED_FACE('',(#12993),#12985,.F.);
#13006=ADVANCED_FACE('',(#13005),#12999,.F.);
#13013=EDGE_CURVE('',#8438,#8434,#5509,.T.);
#13016=EDGE_CURVE('',#8437,#8433,#5502,.T.);
#13020=ADVANCED_FACE('',(#13019),#13011,.F.);
#13032=ADVANCED_FACE('',(#13031),#13025,.F.);
#13039=EDGE_CURVE('',#8446,#8442,#5523,.T.);
#13042=EDGE_CURVE('',#8445,#8441,#5516,.T.);
#13046=ADVANCED_FACE('',(#13045),#13037,.F.);
#13058=ADVANCED_FACE('',(#13057),#13051,.F.);
#13065=EDGE_CURVE('',#8454,#8450,#5537,.T.);
#13068=EDGE_CURVE('',#8453,#8449,#5530,.T.);
#13072=ADVANCED_FACE('',(#13071),#13063,.F.);
#13084=ADVANCED_FACE('',(#13083),#13077,.F.);
#13091=EDGE_CURVE('',#8462,#8458,#5551,.T.);
#13094=EDGE_CURVE('',#8461,#8457,#5544,.T.);
#13098=ADVANCED_FACE('',(#13097),#13089,.F.);
#13110=ADVANCED_FACE('',(#13109),#13103,.F.);
#13117=EDGE_CURVE('',#8470,#8466,#5565,.T.);
#13120=EDGE_CURVE('',#8469,#8465,#5558,.T.);
#13124=ADVANCED_FACE('',(#13123),#13115,.F.);
#13136=ADVANCED_FACE('',(#13135),#13129,.F.);
#13143=EDGE_CURVE('',#8478,#8474,#5579,.T.);
#13146=EDGE_CURVE('',#8477,#8473,#5572,.T.);
#13150=ADVANCED_FACE('',(#13149),#13141,.F.);
#13162=ADVANCED_FACE('',(#13161),#13155,.F.);
#13169=EDGE_CURVE('',#8486,#8482,#5593,.T.);
#13172=EDGE_CURVE('',#8485,#8481,#5586,.T.);
#13176=ADVANCED_FACE('',(#13175),#13167,.F.);
#13188=ADVANCED_FACE('',(#13187),#13181,.F.);
#13195=EDGE_CURVE('',#8494,#8490,#5607,.T.);
#13198=EDGE_CURVE('',#8493,#8489,#5600,.T.);
#13202=ADVANCED_FACE('',(#13201),#13193,.F.);
#13214=ADVANCED_FACE('',(#13213),#13207,.F.);
#13221=EDGE_CURVE('',#8502,#8498,#5621,.T.);
#13224=EDGE_CURVE('',#8501,#8497,#5614,.T.);
#13228=ADVANCED_FACE('',(#13227),#13219,.F.);
#13240=ADVANCED_FACE('',(#13239),#13233,.F.);
#13247=EDGE_CURVE('',#8510,#8506,#5635,.T.);
#13250=EDGE_CURVE('',#8509,#8505,#5628,.T.);
#13254=ADVANCED_FACE('',(#13253),#13245,.F.);
#13266=ADVANCED_FACE('',(#13265),#13259,.F.);
#13273=EDGE_CURVE('',#8518,#8514,#5649,.T.);
#13276=EDGE_CURVE('',#8517,#8513,#5642,.T.);
#13280=ADVANCED_FACE('',(#13279),#13271,.F.);
#13292=ADVANCED_FACE('',(#13291),#13285,.F.);
#13299=EDGE_CURVE('',#8526,#8522,#5663,.T.);
#13302=EDGE_CURVE('',#8525,#8521,#5656,.T.);
#13306=ADVANCED_FACE('',(#13305),#13297,.F.);
#13318=ADVANCED_FACE('',(#13317),#13311,.F.);
#13325=EDGE_CURVE('',#8534,#8530,#5677,.T.);
#13328=EDGE_CURVE('',#8533,#8529,#5670,.T.);
#13332=ADVANCED_FACE('',(#13331),#13323,.F.);
#13344=ADVANCED_FACE('',(#13343),#13337,.F.);
#13351=EDGE_CURVE('',#8542,#8538,#5691,.T.);
#13354=EDGE_CURVE('',#8541,#8537,#5684,.T.);
#13358=ADVANCED_FACE('',(#13357),#13349,.F.);
#13370=ADVANCED_FACE('',(#13369),#13363,.F.);
#13377=EDGE_CURVE('',#8560,#8556,#5705,.T.);
#13380=EDGE_CURVE('',#8559,#8555,#5698,.T.);
#13384=ADVANCED_FACE('',(#13383),#13375,.F.);
#13396=ADVANCED_FACE('',(#13395),#13389,.F.);
#13403=EDGE_CURVE('',#8588,#8584,#5719,.T.);
#13406=EDGE_CURVE('',#8587,#8583,#5712,.T.);
#13410=ADVANCED_FACE('',(#13409),#13401,.F.);
#13422=ADVANCED_FACE('',(#13421),#13415,.F.);
#13431=EDGE_CURVE('',#9151,#9257,#5741,.T.);
#13435=ADVANCED_FACE('',(#13434),#13427,.T.);
#13442=EDGE_CURVE('',#9256,#8241,#5734,.T.);
#13444=EDGE_CURVE('',#8241,#8242,#6233,.T.);
#13446=EDGE_CURVE('',#8246,#8242,#5763,.T.);
#13452=ADVANCED_FACE('',(#13451),#13440,.T.);
#13459=EDGE_CURVE('',#9155,#9260,#5756,.T.);
#13463=EDGE_CURVE('',#8242,#8241,#6241,.T.);
#13467=EDGE_CURVE('',#9147,#9263,#5778,.T.);
#13470=EDGE_CURVE('',#9159,#9261,#5785,.T.);
#13474=ADVANCED_FACE('',(#13473),#13457,.T.);
#13483=EDGE_CURVE('',#9154,#9209,#5792,.T.);
#13487=ADVANCED_FACE('',(#13486),#13479,.T.);
#13495=EDGE_CURVE('',#9190,#9215,#5806,.T.);
#13500=ADVANCED_FACE('',(#13499),#13492,.F.);
#13506=EDGE_CURVE('',#9158,#9211,#5813,.T.);
#13509=EDGE_CURVE('',#8093,#8078,#6503,.T.);
#13514=ADVANCED_FACE('',(#13513),#13505,.F.);
#13520=EDGE_CURVE('',#9186,#9213,#5827,.T.);
#13523=EDGE_CURVE('',#8090,#8081,#5841,.T.);
#13528=ADVANCED_FACE('',(#13527),#13519,.F.);
#13537=EDGE_CURVE('',#9191,#9253,#5863,.T.);
#13541=ADVANCED_FACE('',(#13540),#13533,.T.);
#13548=EDGE_CURVE('',#9247,#8234,#5856,.T.);
#13550=EDGE_CURVE('',#8234,#8233,#6209,.T.);
#13552=EDGE_CURVE('',#8244,#8233,#5907,.T.);
#13557=EDGE_CURVE('',#9187,#9252,#5878,.T.);
#13560=EDGE_CURVE('',#9183,#9249,#5885,.T.);
#13564=ADVANCED_FACE('',(#13563),#13546,.T.);
#13571=EDGE_CURVE('',#9179,#9246,#5900,.T.);
#13575=EDGE_CURVE('',#8233,#8234,#6201,.T.);
#13580=ADVANCED_FACE('',(#13579),#13569,.T.);
#13589=EDGE_CURVE('',#9178,#9205,#5942,.T.);
#13593=ADVANCED_FACE('',(#13592),#13585,.T.);
#13599=EDGE_CURVE('',#9162,#9201,#5914,.T.);
#13602=EDGE_CURVE('',#8086,#8069,#5928,.T.);
#13607=ADVANCED_FACE('',(#13606),#13598,.F.);
#13613=EDGE_CURVE('',#9166,#9203,#5935,.T.);
#13620=ADVANCED_FACE('',(#13619),#13612,.F.);
#13626=EDGE_CURVE('',#9182,#9207,#5956,.T.);
#13629=EDGE_CURVE('',#8089,#8082,#6488,.T.);
#13634=ADVANCED_FACE('',(#13633),#13625,.F.);
#13641=EDGE_CURVE('',#9163,#9230,#6000,.T.);
#13647=ADVANCED_FACE('',(#13646),#13639,.T.);
#13654=EDGE_CURVE('',#9171,#9226,#5978,.T.);
#13657=EDGE_CURVE('',#8204,#8189,#5985,.T.);
#13659=EDGE_CURVE('',#8189,#8190,#6137,.T.);
#13661=EDGE_CURVE('',#9231,#8190,#6256,.T.);
#13666=EDGE_CURVE('',#9175,#9227,#6007,.T.);
#13670=ADVANCED_FACE('',(#13669),#13652,.T.);
#13679=EDGE_CURVE('',#9170,#9197,#6042,.T.);
#13683=ADVANCED_FACE('',(#13682),#13675,.T.);
#13689=EDGE_CURVE('',#9138,#9193,#6014,.T.);
#13692=EDGE_CURVE('',#8098,#8073,#6028,.T.);
#13697=ADVANCED_FACE('',(#13696),#13688,.F.);
#13703=EDGE_CURVE('',#9142,#9195,#6035,.T.);
#13710=ADVANCED_FACE('',(#13709),#13702,.F.);
#13716=EDGE_CURVE('',#9174,#9199,#6056,.T.);
#13719=EDGE_CURVE('',#8085,#8070,#6473,.T.);
#13724=ADVANCED_FACE('',(#13723),#13715,.F.);
#13731=EDGE_CURVE('',#9139,#9240,#6100,.T.);
#13737=ADVANCED_FACE('',(#13736),#13729,.T.);
#13744=EDGE_CURVE('',#9236,#8197,#6078,.T.);
#13746=EDGE_CURVE('',#8197,#8198,#6169,.T.);
#13748=EDGE_CURVE('',#8206,#8198,#6129,.T.);
#13751=EDGE_CURVE('',#9143,#9241,#6085,.T.);
#13756=EDGE_CURVE('',#9135,#9237,#6107,.T.);
#13760=ADVANCED_FACE('',(#13759),#13742,.T.);
#13770=EDGE_CURVE('',#8198,#8197,#6177,.T.);
#13775=ADVANCED_FACE('',(#13774),#13765,.T.);
#13782=EDGE_CURVE('',#8190,#8189,#6145,.T.);
#13786=EDGE_CURVE('',#8193,#8194,#6153,.T.);
#13788=EDGE_CURVE('',#8194,#8193,#6161,.T.);
#13792=ADVANCED_FACE('',(#13785,#13791),#13780,.T.);
#13802=EDGE_CURVE('',#8201,#8202,#6185,.T.);
#13804=EDGE_CURVE('',#8202,#8201,#6193,.T.);
#13808=ADVANCED_FACE('',(#13801,#13807),#13797,.T.);
#13818=ADVANCED_FACE('',(#13817),#13813,.T.);
#13828=EDGE_CURVE('',#8237,#8238,#6217,.T.);
#13830=EDGE_CURVE('',#8238,#8237,#6225,.T.);
#13834=ADVANCED_FACE('',(#13827,#13833),#13823,.T.);
#13845=EDGE_CURVE('',#9167,#9233,#6263,.T.);
#13849=ADVANCED_FACE('',(#13848),#13839,.T.);
#13861=ADVANCED_FACE('',(#13860),#13854,.T.);
#13867=EDGE_CURVE('',#8209,#8210,#6271,.T.);
#13869=EDGE_CURVE('',#8210,#8193,#6278,.T.);
#13872=EDGE_CURVE('',#8209,#8194,#6383,.T.);
#13876=ADVANCED_FACE('',(#13875),#13866,.F.);
#13882=EDGE_CURVE('',#8217,#8218,#6286,.T.);
#13884=EDGE_CURVE('',#8218,#8217,#6294,.T.);
#13889=EDGE_CURVE('',#8210,#8209,#6376,.T.);
#13893=ADVANCED_FACE('',(#13887,#13892),#13881,.T.);
#13899=EDGE_CURVE('',#8221,#8222,#6302,.T.);
#13901=EDGE_CURVE('',#8222,#8221,#6310,.T.);
#13905=EDGE_CURVE('',#8213,#8214,#6391,.T.);
#13907=EDGE_CURVE('',#8214,#8213,#6406,.T.);
#13911=ADVANCED_FACE('',(#13904,#13910),#13898,.T.);
#13917=EDGE_CURVE('',#8253,#8254,#6318,.T.);
#13919=EDGE_CURVE('',#8254,#8253,#6326,.T.);
#13923=EDGE_CURVE('',#8249,#8250,#6421,.T.);
#13925=EDGE_CURVE('',#8250,#8249,#6436,.T.);
#13929=ADVANCED_FACE('',(#13922,#13928),#13916,.T.);
#13936=EDGE_CURVE('',#8225,#8217,#6333,.T.);
#13939=EDGE_CURVE('',#8226,#8218,#6340,.T.);
#13943=ADVANCED_FACE('',(#13942),#13934,.F.);
#13955=ADVANCED_FACE('',(#13954),#13948,.F.);
#13962=EDGE_CURVE('',#8229,#8221,#6347,.T.);
#13965=EDGE_CURVE('',#8230,#8222,#6354,.T.);
#13969=ADVANCED_FACE('',(#13968),#13960,.F.);
#13981=ADVANCED_FACE('',(#13980),#13974,.F.);
#13988=EDGE_CURVE('',#8257,#8253,#6361,.T.);
#13991=EDGE_CURVE('',#8258,#8254,#6368,.T.);
#13995=ADVANCED_FACE('',(#13994),#13986,.F.);
#14007=ADVANCED_FACE('',(#14006),#14000,.F.);
#14019=ADVANCED_FACE('',(#14018),#14012,.F.);
#14026=EDGE_CURVE('',#8214,#8201,#6398,.T.);
#14029=EDGE_CURVE('',#8213,#8202,#6413,.T.);
#14033=ADVANCED_FACE('',(#14032),#14024,.F.);
#14045=ADVANCED_FACE('',(#14044),#14038,.F.);
#14052=EDGE_CURVE('',#8250,#8237,#6428,.T.);
#14055=EDGE_CURVE('',#8249,#8238,#6443,.T.);
#14059=ADVANCED_FACE('',(#14058),#14050,.F.);
#14071=ADVANCED_FACE('',(#14070),#14064,.F.);
#14083=ADVANCED_FACE('',(#14082),#14076,.T.);
#14095=ADVANCED_FACE('',(#14094),#14088,.T.);
#14107=ADVANCED_FACE('',(#14106),#14100,.F.);
#14119=ADVANCED_FACE('',(#14118),#14112,.T.);
#14131=ADVANCED_FACE('',(#14130),#14124,.F.);
#14143=ADVANCED_FACE('',(#14142),#14136,.T.);
#14155=ADVANCED_FACE('',(#14154),#14148,.F.);
#14167=ADVANCED_FACE('',(#14166),#14160,.T.);
#14179=ADVANCED_FACE('',(#14178),#14172,.T.);
#14191=ADVANCED_FACE('',(#14190),#14184,.F.);
#14203=ADVANCED_FACE('',(#14202),#14196,.T.);
#14209=EDGE_CURVE('',#9043,#9039,#6510,.T.);
#14211=EDGE_CURVE('',#8774,#9039,#6517,.T.);
#14217=ADVANCED_FACE('',(#14216),#14208,.F.);
#14224=EDGE_CURVE('',#9037,#9039,#6524,.T.);
#14230=ADVANCED_FACE('',(#14229),#14222,.T.);
#14237=EDGE_CURVE('',#9033,#9035,#6531,.T.);
#14239=EDGE_CURVE('',#9039,#9035,#6575,.T.);
#14244=ADVANCED_FACE('',(#14243),#14235,.F.);
#14251=EDGE_CURVE('',#9029,#9031,#6538,.T.);
#14253=EDGE_CURVE('',#9035,#9031,#6560,.T.);
#14258=ADVANCED_FACE('',(#14257),#14249,.T.);
#14266=EDGE_CURVE('',#9031,#9026,#6546,.T.);
#14271=ADVANCED_FACE('',(#14270),#14263,.F.);
#14280=EDGE_CURVE('',#8771,#9031,#6567,.T.);
#14284=ADVANCED_FACE('',(#14283),#14276,.F.);
#14293=EDGE_CURVE('',#8773,#9035,#6582,.T.);
#14297=ADVANCED_FACE('',(#14296),#14289,.F.);
#14309=ADVANCED_FACE('',(#14308),#14302,.F.);
#14318=EDGE_CURVE('',#8022,#8041,#6634,.T.);
#14322=ADVANCED_FACE('',(#14321),#14314,.T.);
#14328=EDGE_CURVE('',#8946,#8986,#6605,.T.);
#14330=EDGE_CURVE('',#8986,#8988,#6612,.T.);
#14332=EDGE_CURVE('',#8988,#8948,#6620,.T.);
#14335=EDGE_CURVE('',#8025,#8066,#6778,.T.);
#14337=EDGE_CURVE('',#8066,#8041,#6627,.T.);
#14341=EDGE_CURVE('',#8962,#9002,#6642,.T.);
#14343=EDGE_CURVE('',#9002,#9004,#6649,.T.);
#14345=EDGE_CURVE('',#9004,#8964,#6657,.T.);
#14348=EDGE_CURVE('',#8958,#8998,#6665,.T.);
#14350=EDGE_CURVE('',#8998,#9000,#6672,.T.);
#14352=EDGE_CURVE('',#9000,#8960,#6680,.T.);
#14355=EDGE_CURVE('',#8954,#8994,#6688,.T.);
#14357=EDGE_CURVE('',#8994,#8996,#6695,.T.);
#14359=EDGE_CURVE('',#8996,#8956,#6703,.T.);
#14362=EDGE_CURVE('',#8950,#8990,#6711,.T.);
#14364=EDGE_CURVE('',#8990,#8992,#6718,.T.);
#14366=EDGE_CURVE('',#8992,#8952,#6726,.T.);
#14371=ADVANCED_FACE('',(#14370),#14327,.T.);
#14379=EDGE_CURVE('',#8867,#8986,#6741,.T.);
#14384=ADVANCED_FACE('',(#14383),#14376,.F.);
#14393=EDGE_CURVE('',#8868,#8988,#6755,.T.);
#14397=ADVANCED_FACE('',(#14396),#14389,.F.);
#14409=ADVANCED_FACE('',(#14408),#14402,.F.);
#14415=EDGE_CURVE('',#8062,#8066,#6771,.T.);
#14422=ADVANCED_FACE('',(#14421),#14414,.T.);
#14429=EDGE_CURVE('',#8064,#8066,#6794,.T.);
#14432=EDGE_CURVE('',#8060,#8062,#6786,.T.);
#14436=ADVANCED_FACE('',(#14435),#14427,.T.);
#14448=ADVANCED_FACE('',(#14447),#14441,.T.);
#14460=ADVANCED_FACE('',(#14459),#14453,.T.);
#14468=EDGE_CURVE('',#8883,#9002,#6817,.T.);
#14473=ADVANCED_FACE('',(#14472),#14465,.F.);
#14482=EDGE_CURVE('',#8884,#9004,#6831,.T.);
#14486=ADVANCED_FACE('',(#14485),#14478,.F.);
#14498=ADVANCED_FACE('',(#14497),#14491,.F.);
#14506=EDGE_CURVE('',#8879,#8998,#6854,.T.);
#14511=ADVANCED_FACE('',(#14510),#14503,.F.);
#14520=EDGE_CURVE('',#8880,#9000,#6868,.T.);
#14524=ADVANCED_FACE('',(#14523),#14516,.F.);
#14536=ADVANCED_FACE('',(#14535),#14529,.F.);
#14544=EDGE_CURVE('',#8875,#8994,#6891,.T.);
#14549=ADVANCED_FACE('',(#14548),#14541,.F.);
#14558=EDGE_CURVE('',#8876,#8996,#6905,.T.);
#14562=ADVANCED_FACE('',(#14561),#14554,.F.);
#14574=ADVANCED_FACE('',(#14573),#14567,.F.);
#14582=EDGE_CURVE('',#8871,#8990,#6928,.T.);
#14587=ADVANCED_FACE('',(#14586),#14579,.F.);
#14596=EDGE_CURVE('',#8872,#8992,#6942,.T.);
#14600=ADVANCED_FACE('',(#14599),#14592,.F.);
#14612=ADVANCED_FACE('',(#14611),#14605,.F.);
#14619=EDGE_CURVE('',#8685,#8601,#6957,.T.);
#14621=EDGE_CURVE('',#8601,#8602,#6999,.T.);
#14623=EDGE_CURVE('',#8686,#8602,#6992,.T.);
#14627=ADVANCED_FACE('',(#14626),#14617,.F.);
#14634=EDGE_CURVE('',#8694,#8610,#6964,.T.);
#14636=EDGE_CURVE('',#8610,#8601,#7006,.T.);
#14641=ADVANCED_FACE('',(#14640),#14632,.F.);
#14648=EDGE_CURVE('',#8692,#8608,#6971,.T.);
#14650=EDGE_CURVE('',#8608,#8610,#7013,.T.);
#14655=ADVANCED_FACE('',(#14654),#14646,.F.);
#14662=EDGE_CURVE('',#8690,#8606,#6978,.T.);
#14664=EDGE_CURVE('',#8606,#8608,#7020,.T.);
#14669=ADVANCED_FACE('',(#14668),#14660,.F.);
#14676=EDGE_CURVE('',#8688,#8604,#6985,.T.);
#14678=EDGE_CURVE('',#8604,#8606,#7027,.T.);
#14683=ADVANCED_FACE('',(#14682),#14674,.F.);
#14691=EDGE_CURVE('',#8602,#8604,#7034,.T.);
#14696=ADVANCED_FACE('',(#14695),#14688,.F.);
#14710=ADVANCED_FACE('',(#14709),#14701,.T.);
#14728=EDGE_CURVE('',#8613,#8614,#7041,.T.);
#14730=EDGE_CURVE('',#8622,#8613,#7048,.T.);
#14732=EDGE_CURVE('',#8620,#8622,#7055,.T.);
#14734=EDGE_CURVE('',#8618,#8620,#7062,.T.);
#14736=EDGE_CURVE('',#8616,#8618,#7069,.T.);
#14738=EDGE_CURVE('',#8614,#8616,#7076,.T.);
#14742=ADVANCED_FACE('',(#14741),#14727,.T.);
#14760=EDGE_CURVE('',#8627,#8628,#7168,.T.);
#14762=EDGE_CURVE('',#8632,#8627,#7175,.T.);
#14764=EDGE_CURVE('',#8631,#8632,#7186,.T.);
#14766=EDGE_CURVE('',#8630,#8631,#7195,.T.);
#14768=EDGE_CURVE('',#8628,#8630,#7202,.T.);
#14772=EDGE_CURVE('',#8623,#8624,#7087,.T.);
#14774=EDGE_CURVE('',#8626,#8623,#7098,.T.);
#14776=EDGE_CURVE('',#8624,#8626,#7105,.T.);
#14780=ADVANCED_FACE('',(#14771,#14779),#14759,.T.);
#14798=EDGE_CURVE('',#8635,#8636,#7209,.T.);
#14800=EDGE_CURVE('',#8640,#8635,#7216,.T.);
#14802=EDGE_CURVE('',#8638,#8640,#7223,.T.);
#14804=EDGE_CURVE('',#8636,#8638,#7230,.T.);
#14808=ADVANCED_FACE('',(#14807),#14797,.T.);
#14826=EDGE_CURVE('',#8643,#8644,#7237,.T.);
#14828=EDGE_CURVE('',#8652,#8643,#7244,.T.);
#14830=EDGE_CURVE('',#8650,#8652,#7251,.T.);
#14832=EDGE_CURVE('',#8648,#8650,#7258,.T.);
#14834=EDGE_CURVE('',#8646,#8648,#7265,.T.);
#14836=EDGE_CURVE('',#8644,#8646,#7272,.T.);
#14840=ADVANCED_FACE('',(#14839),#14825,.T.);
#14858=EDGE_CURVE('',#8655,#8656,#7361,.T.);
#14860=EDGE_CURVE('',#8667,#8655,#7371,.T.);
#14862=EDGE_CURVE('',#8665,#8667,#7378,.T.);
#14864=EDGE_CURVE('',#8663,#8665,#7385,.T.);
#14866=EDGE_CURVE('',#8661,#8663,#7392,.T.);
#14868=EDGE_CURVE('',#8659,#8661,#7399,.T.);
#14870=EDGE_CURVE('',#8657,#8659,#7406,.T.);
#14872=EDGE_CURVE('',#8656,#8657,#7415,.T.);
#14876=EDGE_CURVE('',#8653,#8654,#7303,.T.);
#14878=EDGE_CURVE('',#8654,#8653,#7334,.T.);
#14882=ADVANCED_FACE('',(#14875,#14881),#14857,.T.);
#14900=EDGE_CURVE('',#8668,#8669,#7442,.T.);
#14902=EDGE_CURVE('',#8680,#8668,#7453,.T.);
#14904=EDGE_CURVE('',#8678,#8680,#7460,.T.);
#14906=EDGE_CURVE('',#8676,#8678,#7467,.T.);
#14908=EDGE_CURVE('',#8674,#8676,#7474,.T.);
#14910=EDGE_CURVE('',#8672,#8674,#7481,.T.);
#14912=EDGE_CURVE('',#8670,#8672,#7488,.T.);
#14914=EDGE_CURVE('',#8669,#8670,#7497,.T.);
#14918=EDGE_CURVE('',#8681,#8682,#7528,.T.);
#14920=EDGE_CURVE('',#8682,#8681,#7559,.T.);
#14924=ADVANCED_FACE('',(#14917,#14923),#14899,.T.);
#14943=EDGE_CURVE('',#8697,#8613,#7566,.T.);
#14946=EDGE_CURVE('',#8698,#8614,#7601,.T.);
#14950=ADVANCED_FACE('',(#14949),#14941,.F.);
#14957=EDGE_CURVE('',#8706,#8622,#7573,.T.);
#14963=ADVANCED_FACE('',(#14962),#14955,.F.);
#14970=EDGE_CURVE('',#8704,#8620,#7580,.T.);
#14976=ADVANCED_FACE('',(#14975),#14968,.F.);
#14983=EDGE_CURVE('',#8702,#8618,#7587,.T.);
#14989=ADVANCED_FACE('',(#14988),#14981,.F.);
#14996=EDGE_CURVE('',#8700,#8616,#7594,.T.);
#15002=ADVANCED_FACE('',(#15001),#14994,.F.);
#15014=ADVANCED_FACE('',(#15013),#15007,.F.);
#15024=B_SPLINE_CURVE_WITH_KNOTS('',3,(#15015,#15016,#15017,#15018,#15019,
#15020,#15021,#15022,#15023),.UNSPECIFIED.,.F.,.F.,(4,1,1,1,1,1,4),(0.E0,
3.228930319611E-2,3.003878377482E-1,5.276105524006E-1,7.450694104357E-1,
9.678195044670E-1,1.E0),.UNSPECIFIED.);
#15029=EDGE_CURVE('',#8708,#8623,#7608,.T.);
#15032=EDGE_CURVE('',#8707,#8624,#7622,.T.);
#15036=ADVANCED_FACE('',(#15035),#15027,.T.);
#15046=B_SPLINE_CURVE_WITH_KNOTS('',3,(#15037,#15038,#15039,#15040,#15041,
#15042,#15043,#15044,#15045),.UNSPECIFIED.,.F.,.F.,(4,1,1,1,1,1,4),(0.E0,
2.915202753689E-2,2.760808362797E-1,5.035869906834E-1,7.293710004539E-1,
9.709098388677E-1,1.E0),.UNSPECIFIED.);
#15051=EDGE_CURVE('',#8710,#8626,#7615,.T.);
#15057=ADVANCED_FACE('',(#15056),#15049,.T.);
#15069=ADVANCED_FACE('',(#15068),#15062,.F.);
#15131=B_SPLINE_CURVE_WITH_KNOTS('',3,(#15070,#15071,#15072,#15073,#15074,
#15075,#15076,#15077,#15078,#15079,#15080,#15081,#15082,#15083,#15084,#15085,
#15086,#15087,#15088,#15089,#15090,#15091,#15092,#15093,#15094,#15095,#15096,
#15097,#15098,#15099,#15100,#15101,#15102,#15103,#15104,#15105,#15106,#15107,
#15108,#15109,#15110,#15111,#15112,#15113,#15114,#15115,#15116,#15117,#15118,
#15119,#15120,#15121,#15122,#15123,#15124,#15125,#15126,#15127,#15128,#15129,
#15130),.UNSPECIFIED.,.F.,.F.,(4,1,1,1,1,1,1,1,1,1,1,1,1,1,1,1,1,1,1,1,1,1,1,1,
1,1,1,1,1,1,1,1,1,1,1,1,1,1,1,1,1,1,1,1,1,1,1,1,1,1,1,1,1,1,1,1,1,1,4),(0.E0,
9.813495686408E-3,1.810426026663E-2,2.644100092863E-2,3.494197603701E-2,
3.929358875080E-2,4.373428304700E-2,5.234617441593E-2,6.081488425432E-2,
7.734971992444E-2,1.090102634836E-1,1.392761084478E-1,1.687147416727E-1,
1.979726415704E-1,2.277949806349E-1,2.432010887829E-1,2.590700405531E-1,
2.755178468281E-1,2.839984282160E-1,2.926681000487E-1,3.019020268900E-1,
3.110061226656E-1,3.288636351576E-1,3.463283179875E-1,3.634759573510E-1,
3.970516307152E-1,4.301008095823E-1,4.630127335707E-1,4.961294803027E-1,
5.128861759042E-1,5.298225399467E-1,5.469867840319E-1,5.556728275025E-1,
5.644360233537E-1,5.731584464431E-1,5.817233270038E-1,5.984120653680E-1,
6.145833305785E-1,6.303207160171E-1,6.608211707600E-1,6.907848340443E-1,
7.211595807939E-1,7.529671425190E-1,7.697549896649E-1,7.872848782441E-1,
8.056788634133E-1,8.152391822961E-1,8.250591485941E-1,8.307167045971E-1,
8.363140903757E-1,8.473383416613E-1,8.581549854739E-1,8.687866067898E-1,
8.895785353053E-1,9.099080296105E-1,9.299617307628E-1,9.499230615672E-1,
9.902003254075E-1,1.E0),.UNSPECIFIED.);
#15136=EDGE_CURVE('',#8711,#8627,#7629,.T.);
#15139=EDGE_CURVE('',#8712,#8628,#7657,.T.);
#15143=ADVANCED_FACE('',(#15142),#15134,.F.);
#15150=EDGE_CURVE('',#8716,#8632,#7636,.T.);
#15156=ADVANCED_FACE('',(#15155),#15148,.F.);
#15166=B_SPLINE_CURVE_WITH_KNOTS('',3,(#15157,#15158,#15159,#15160,#15161,
#15162,#15163,#15164,#15165),.UNSPECIFIED.,.F.,.F.,(4,1,1,1,1,1,4),(0.E0,
3.058365194127E-2,2.856662465705E-1,5.130496295408E-1,7.300121329876E-1,
9.695189641404E-1,1.E0),.UNSPECIFIED.);
#15171=EDGE_CURVE('',#8715,#8631,#7643,.T.);
#15177=ADVANCED_FACE('',(#15176),#15169,.F.);
#15185=B_SPLINE_CURVE_WITH_KNOTS('',3,(#15178,#15179,#15180,#15181,#15182,
#15183,#15184),.UNSPECIFIED.,.F.,.F.,(4,1,1,1,4),(0.E0,4.066840536036E-2,
4.694456099613E-1,9.593963044604E-1,1.E0),.UNSPECIFIED.);
#15190=EDGE_CURVE('',#8714,#8630,#7650,.T.);
#15196=ADVANCED_FACE('',(#15195),#15188,.F.);
#15208=ADVANCED_FACE('',(#15207),#15201,.F.);
#15215=EDGE_CURVE('',#8719,#8635,#7664,.T.);
#15218=EDGE_CURVE('',#8720,#8636,#7685,.T.);
#15222=ADVANCED_FACE('',(#15221),#15213,.F.);
#15229=EDGE_CURVE('',#8724,#8640,#7671,.T.);
#15235=ADVANCED_FACE('',(#15234),#15227,.F.);
#15242=EDGE_CURVE('',#8722,#8638,#7678,.T.);
#15248=ADVANCED_FACE('',(#15247),#15240,.F.);
#15260=ADVANCED_FACE('',(#15259),#15253,.F.);
#15267=EDGE_CURVE('',#8727,#8643,#7692,.T.);
#15270=EDGE_CURVE('',#8728,#8644,#7727,.T.);
#15274=ADVANCED_FACE('',(#15273),#15265,.F.);
#15281=EDGE_CURVE('',#8736,#8652,#7699,.T.);
#15287=ADVANCED_FACE('',(#15286),#15279,.F.);
#15294=EDGE_CURVE('',#8734,#8650,#7706,.T.);
#15300=ADVANCED_FACE('',(#15299),#15292,.F.);
#15307=EDGE_CURVE('',#8732,#8648,#7713,.T.);
#15313=ADVANCED_FACE('',(#15312),#15305,.F.);
#15320=EDGE_CURVE('',#8730,#8646,#7720,.T.);
#15326=ADVANCED_FACE('',(#15325),#15318,.F.);
#15338=ADVANCED_FACE('',(#15337),#15331,.F.);
#15368=B_SPLINE_CURVE_WITH_KNOTS('',3,(#15339,#15340,#15341,#15342,#15343,
#15344,#15345,#15346,#15347,#15348,#15349,#15350,#15351,#15352,#15353,#15354,
#15355,#15356,#15357,#15358,#15359,#15360,#15361,#15362,#15363,#15364,#15365,
#15366,#15367),.UNSPECIFIED.,.F.,.F.,(4,1,1,1,1,1,1,1,1,1,1,1,1,1,1,1,1,1,1,1,1,
1,1,1,1,1,4),(0.E0,1.123700592013E-2,2.663361327978E-2,4.200539101029E-2,
7.274894647131E-2,1.034925019323E-1,1.342360573934E-1,1.957231683154E-1,
2.572102792374E-1,3.186973901595E-1,3.801845010815E-1,4.416716120036E-1,
4.724151674646E-1,5.031587229256E-1,5.335177789865E-1,5.638768350473E-1,
6.245949471691E-1,6.853130592908E-1,7.460311714126E-1,8.067492835343E-1,
8.674673956561E-1,8.978264517169E-1,9.281855077778E-1,9.585445638387E-1,
9.737240918691E-1,9.889036198995E-1,1.E0),.UNSPECIFIED.);
#15373=EDGE_CURVE('',#8738,#8653,#7734,.T.);
#15376=EDGE_CURVE('',#8737,#8654,#7741,.T.);
#15380=ADVANCED_FACE('',(#15379),#15371,.T.);
#15410=B_SPLINE_CURVE_WITH_KNOTS('',3,(#15381,#15382,#15383,#15384,#15385,
#15386,#15387,#15388,#15389,#15390,#15391,#15392,#15393,#15394,#15395,#15396,
#15397,#15398,#15399,#15400,#15401,#15402,#15403,#15404,#15405,#15406,#15407,
#15408,#15409),.UNSPECIFIED.,.F.,.F.,(4,1,1,1,1,1,1,1,1,1,1,1,1,1,1,1,1,1,1,1,1,
1,1,1,1,1,4),(0.E0,1.109638008626E-2,2.627667914050E-2,4.145697819474E-2,
7.181757630321E-2,1.021781744117E-1,1.325387725202E-1,1.932599687371E-1,
2.539811649541E-1,3.147023611710E-1,3.754235573879E-1,4.361447536049E-1,
4.665053517134E-1,4.968659498218E-1,5.276110668608E-1,5.583561838997E-1,
6.198464179775E-1,6.813366520554E-1,7.428268861333E-1,8.043171202111E-1,
8.658073542890E-1,8.965524713279E-1,9.272975883668E-1,9.580427054057E-1,
9.734152639252E-1,9.887629928156E-1,1.E0),.UNSPECIFIED.);
#15420=ADVANCED_FACE('',(#15419),#15413,.T.);
#15446=B_SPLINE_CURVE_WITH_KNOTS('',3,(#15421,#15422,#15423,#15424,#15425,
#15426,#15427,#15428,#15429,#15430,#15431,#15432,#15433,#15434,#15435,#15436,
#15437,#15438,#15439,#15440,#15441,#15442,#15443,#15444,#15445),.UNSPECIFIED.,
.F.,.F.,(4,1,1,1,1,1,1,1,1,1,1,1,1,1,1,1,1,1,1,1,1,1,4),(0.E0,9.838565993264E-3,
1.318339661934E-1,1.935310572541E-1,2.560346174944E-1,3.194755752214E-1,
3.839529231638E-1,4.166705786273E-1,4.497462322888E-1,4.832472065712E-1,
5.001887252865E-1,5.172722930722E-1,5.342687187406E-1,5.509527051026E-1,
5.834512564370E-1,6.149261671899E-1,6.455183238412E-1,7.045057133427E-1,
7.615035354124E-1,8.175064999071E-1,8.735732657999E-1,9.901880125541E-1,1.E0),
.UNSPECIFIED.);
#15451=EDGE_CURVE('',#8739,#8655,#7748,.T.);
#15454=EDGE_CURVE('',#8740,#8656,#7797,.T.);
#15458=ADVANCED_FACE('',(#15457),#15449,.F.);
#15467=B_SPLINE_CURVE_WITH_KNOTS('',3,(#15459,#15460,#15461,#15462,#15463,
#15464,#15465,#15466),.UNSPECIFIED.,.F.,.F.,(4,1,1,1,1,4),(0.E0,
3.100512386297E-2,2.474060517047E-1,4.641544397548E-1,9.690960594973E-1,1.E0),
.UNSPECIFIED.);
#15472=EDGE_CURVE('',#8751,#8667,#7755,.T.);
#15478=ADVANCED_FACE('',(#15477),#15470,.F.);
#15485=EDGE_CURVE('',#8749,#8665,#7762,.T.);
#15491=ADVANCED_FACE('',(#15490),#15483,.F.);
#15498=EDGE_CURVE('',#8747,#8663,#7769,.T.);
#15504=ADVANCED_FACE('',(#15503),#15496,.F.);
#15511=EDGE_CURVE('',#8745,#8661,#7776,.T.);
#15517=ADVANCED_FACE('',(#15516),#15509,.F.);
#15524=EDGE_CURVE('',#8743,#8659,#7783,.T.);
#15530=ADVANCED_FACE('',(#15529),#15522,.F.);
#15537=EDGE_CURVE('',#8741,#8657,#7790,.T.);
#15543=ADVANCED_FACE('',(#15542),#15535,.F.);
#15551=B_SPLINE_CURVE_WITH_KNOTS('',3,(#15544,#15545,#15546,#15547,#15548,
#15549,#15550),.UNSPECIFIED.,.F.,.F.,(4,1,1,1,4),(0.E0,2.865061672728E-2,
5.211753301497E-1,9.714134534042E-1,1.E0),.UNSPECIFIED.);
#15561=ADVANCED_FACE('',(#15560),#15554,.F.);
#15587=B_SPLINE_CURVE_WITH_KNOTS('',3,(#15562,#15563,#15564,#15565,#15566,
#15567,#15568,#15569,#15570,#15571,#15572,#15573,#15574,#15575,#15576,#15577,
#15578,#15579,#15580,#15581,#15582,#15583,#15584,#15585,#15586),.UNSPECIFIED.,
.F.,.F.,(4,1,1,1,1,1,1,1,1,1,1,1,1,1,1,1,1,1,1,1,1,1,4),(0.E0,9.838501309912E-3,
1.313763689946E-1,1.930637695003E-1,2.556679767706E-1,3.192870883306E-1,
3.839872213674E-1,4.168231674833E-1,4.500173094244E-1,4.836340222052E-1,
5.006315793238E-1,5.177696274803E-1,5.348180253696E-1,5.515506570393E-1,
5.841363593409E-1,6.156844350838E-1,6.463350285539E-1,7.053912779395E-1,
7.623857294316E-1,8.183032360321E-1,8.741950781552E-1,9.901880925194E-1,1.E0),
.UNSPECIFIED.);
#15592=EDGE_CURVE('',#8752,#8668,#7804,.T.);
#15595=EDGE_CURVE('',#8753,#8669,#7853,.T.);
#15599=ADVANCED_FACE('',(#15598),#15590,.F.);
#15609=B_SPLINE_CURVE_WITH_KNOTS('',3,(#15600,#15601,#15602,#15603,#15604,
#15605,#15606,#15607,#15608),.UNSPECIFIED.,.F.,.F.,(4,1,1,1,1,1,4),(0.E0,
3.114769251983E-2,2.457667503947E-1,4.606566349566E-1,6.957273033079E-1,
9.688976745935E-1,1.E0),.UNSPECIFIED.);
#15614=EDGE_CURVE('',#8764,#8680,#7811,.T.);
#15620=ADVANCED_FACE('',(#15619),#15612,.F.);
#15627=EDGE_CURVE('',#8762,#8678,#7818,.T.);
#15633=ADVANCED_FACE('',(#15632),#15625,.F.);
#15640=EDGE_CURVE('',#8760,#8676,#7825,.T.);
#15646=ADVANCED_FACE('',(#15645),#15638,.F.);
#15653=EDGE_CURVE('',#8758,#8674,#7832,.T.);
#15659=ADVANCED_FACE('',(#15658),#15651,.F.);
#15666=EDGE_CURVE('',#8756,#8672,#7839,.T.);
#15672=ADVANCED_FACE('',(#15671),#15664,.F.);
#15679=EDGE_CURVE('',#8754,#8670,#7846,.T.);
#15685=ADVANCED_FACE('',(#15684),#15677,.F.);
#15693=B_SPLINE_CURVE_WITH_KNOTS('',3,(#15686,#15687,#15688,#15689,#15690,
#15691,#15692),.UNSPECIFIED.,.F.,.F.,(4,1,1,1,4),(0.E0,2.863129052420E-2,
5.218845498483E-1,9.714287034954E-1,1.E0),.UNSPECIFIED.);
#15703=ADVANCED_FACE('',(#15702),#15696,.F.);
#15733=B_SPLINE_CURVE_WITH_KNOTS('',3,(#15704,#15705,#15706,#15707,#15708,
#15709,#15710,#15711,#15712,#15713,#15714,#15715,#15716,#15717,#15718,#15719,
#15720,#15721,#15722,#15723,#15724,#15725,#15726,#15727,#15728,#15729,#15730,
#15731,#15732),.UNSPECIFIED.,.F.,.F.,(4,1,1,1,1,1,1,1,1,1,1,1,1,1,1,1,1,1,1,1,1,
1,1,1,1,1,4),(0.E0,1.107588052519E-2,2.628088258648E-2,4.146105396660E-2,
7.182139672684E-2,1.021817394871E-1,1.325420822473E-1,1.932627677678E-1,
2.539834532883E-1,3.147041388088E-1,3.754248243292E-1,4.361455098497E-1,
4.665058526100E-1,4.968661953702E-1,5.276110538270E-1,5.583559122839E-1,
6.198456291975E-1,6.813353461112E-1,7.428250630249E-1,8.043147799385E-1,
8.658044968522E-1,8.965493553090E-1,9.272942137659E-1,9.580390722227E-1,
9.734115014511E-1,9.887839306795E-1,1.E0),.UNSPECIFIED.);
#15738=EDGE_CURVE('',#8766,#8681,#7860,.T.);
#15741=EDGE_CURVE('',#8765,#8682,#7867,.T.);
#15745=ADVANCED_FACE('',(#15744),#15736,.T.);
#15775=B_SPLINE_CURVE_WITH_KNOTS('',3,(#15746,#15747,#15748,#15749,#15750,
#15751,#15752,#15753,#15754,#15755,#15756,#15757,#15758,#15759,#15760,#15761,
#15762,#15763,#15764,#15765,#15766,#15767,#15768,#15769,#15770,#15771,#15772,
#15773,#15774),.UNSPECIFIED.,.F.,.F.,(4,1,1,1,1,1,1,1,1,1,1,1,1,1,1,1,1,1,1,1,1,
1,1,1,1,1,4),(0.E0,1.121606930542E-2,2.658927935485E-2,4.196248940429E-2,
7.270890950316E-2,1.034553296020E-1,1.342017497009E-1,1.956945898987E-1,
2.571874300964E-1,3.186802702941E-1,3.801731104919E-1,4.416659506896E-1,
4.724123707885E-1,5.031587908874E-1,5.335206757587E-1,5.638825606301E-1,
6.246063303728E-1,6.853301001155E-1,7.460538698581E-1,8.067776396008E-1,
8.675014093435E-1,8.978632942149E-1,9.282251790862E-1,9.585870639576E-1,
9.737680063932E-1,9.889241181478E-1,1.E0),.UNSPECIFIED.);
#15785=ADVANCED_FACE('',(#15784),#15778,.T.);
#15793=EDGE_CURVE('',#9017,#8904,#7882,.T.);
#15798=ADVANCED_FACE('',(#15797),#15790,.F.);
#15807=EDGE_CURVE('',#9019,#8903,#7896,.T.);
#15811=ADVANCED_FACE('',(#15810),#15803,.F.);
#15823=ADVANCED_FACE('',(#15822),#15816,.F.);
#15831=EDGE_CURVE('',#9014,#8900,#7919,.T.);
#15836=ADVANCED_FACE('',(#15835),#15828,.F.);
#15845=EDGE_CURVE('',#9016,#8899,#7933,.T.);
#15849=ADVANCED_FACE('',(#15848),#15841,.F.);
#15861=ADVANCED_FACE('',(#15860),#15854,.F.);
#15869=EDGE_CURVE('',#9011,#8896,#7956,.T.);
#15874=ADVANCED_FACE('',(#15873),#15866,.F.);
#15883=EDGE_CURVE('',#9013,#8895,#7970,.T.);
#15887=ADVANCED_FACE('',(#15886),#15879,.F.);
#15899=ADVANCED_FACE('',(#15898),#15892,.F.);
#15907=EDGE_CURVE('',#9008,#8892,#7993,.T.);
#15912=ADVANCED_FACE('',(#15911),#15904,.F.);
#15921=EDGE_CURVE('',#9010,#8891,#8007,.T.);
#15925=ADVANCED_FACE('',(#15924),#15917,.F.);
#15937=ADVANCED_FACE('',(#15936),#15930,.F.);
#15938=CLOSED_SHELL('',(#9351,#9375,#9399,#9423,#9459,#9509,#9547,#9569,#9591,
#9613,#9635,#9657,#9671,#9734,#9747,#9759,#9775,#9789,#9804,#9817,#9832,#9848,
#9864,#9876,#9891,#9905,#9919,#9931,#9958,#9973,#9987,#10000,#10013,#10028,
#10042,#10056,#10068,#10082,#10099,#10112,#10129,#10143,#10158,#10551,#10565,
#10577,#10589,#10604,#10618,#10632,#10645,#10658,#10671,#10695,#10709,#10723,
#10748,#10761,#10869,#10881,#10893,#10908,#10923,#10938,#10952,#11222,#11296,
#11315,#11334,#11354,#11374,#11389,#11403,#11417,#11430,#11452,#11467,#11481,
#11495,#11508,#11526,#11541,#11558,#11573,#11590,#11604,#11616,#11628,#11640,
#11655,#11669,#11683,#11697,#11711,#11725,#11739,#11752,#11802,#11817,#11832,
#11847,#11861,#11875,#11888,#11949,#11963,#11982,#11993,#12009,#12021,#12032,
#12048,#12060,#12073,#12091,#12102,#12118,#12130,#12141,#12157,#12169,#12182,
#12195,#12209,#12223,#12237,#12250,#12262,#12275,#12288,#12302,#12316,#12330,
#12343,#12355,#12368,#12381,#12395,#12409,#12423,#12436,#12448,#12460,#12474,
#12486,#12500,#12512,#12526,#12538,#12552,#12564,#12578,#12590,#12604,#12616,
#12630,#12642,#12656,#12668,#12682,#12694,#12708,#12720,#12734,#12746,#12760,
#12772,#12786,#12798,#12812,#12824,#12838,#12850,#12864,#12876,#12890,#12902,
#12916,#12928,#12942,#12954,#12968,#12980,#12994,#13006,#13020,#13032,#13046,
#13058,#13072,#13084,#13098,#13110,#13124,#13136,#13150,#13162,#13176,#13188,
#13202,#13214,#13228,#13240,#13254,#13266,#13280,#13292,#13306,#13318,#13332,
#13344,#13358,#13370,#13384,#13396,#13410,#13422,#13435,#13452,#13474,#13487,
#13500,#13514,#13528,#13541,#13564,#13580,#13593,#13607,#13620,#13634,#13647,
#13670,#13683,#13697,#13710,#13724,#13737,#13760,#13775,#13792,#13808,#13818,
#13834,#13849,#13861,#13876,#13893,#13911,#13929,#13943,#13955,#13969,#13981,
#13995,#14007,#14019,#14033,#14045,#14059,#14071,#14083,#14095,#14107,#14119,
#14131,#14143,#14155,#14167,#14179,#14191,#14203,#14217,#14230,#14244,#14258,
#14271,#14284,#14297,#14309,#14322,#14371,#14384,#14397,#14409,#14422,#14436,
#14448,#14460,#14473,#14486,#14498,#14511,#14524,#14536,#14549,#14562,#14574,
#14587,#14600,#14612,#14627,#14641,#14655,#14669,#14683,#14696,#14710,#14742,
#14780,#14808,#14840,#14882,#14924,#14950,#14963,#14976,#14989,#15002,#15014,
#15036,#15057,#15069,#15143,#15156,#15177,#15196,#15208,#15222,#15235,#15248,
#15260,#15274,#15287,#15300,#15313,#15326,#15338,#15380,#15420,#15458,#15478,
#15491,#15504,#15517,#15530,#15543,#15561,#15599,#15620,#15633,#15646,#15659,
#15672,#15685,#15703,#15745,#15785,#15798,#15811,#15823,#15836,#15849,#15861,
#15874,#15887,#15899,#15912,#15925,#15937));
#15939=MANIFOLD_SOLID_BREP('',#15938);
#15946=(LENGTH_UNIT()NAMED_UNIT(*)SI_UNIT(.MILLI.,.METRE.));
#15947=(NAMED_UNIT(*)PLANE_ANGLE_UNIT()SI_UNIT($,.RADIAN.));
#15950=(NAMED_UNIT(*)SI_UNIT($,.STERADIAN.)SOLID_ANGLE_UNIT());
#15952=(GEOMETRIC_REPRESENTATION_CONTEXT(3)GLOBAL_UNCERTAINTY_ASSIGNED_CONTEXT((
#15951))GLOBAL_UNIT_ASSIGNED_CONTEXT((#15946,#15949,#15950))REPRESENTATION_CONTEXT('ID1','3'));
#15953=ADVANCED_BREP_SHAPE_REPRESENTATION('',(#15939),#15952);
#15961=PRODUCT_DEFINITION('part definition','',#15960,#15957);
#15962=PRODUCT_DEFINITION_SHAPE('','SHAPE FOR I-0515-02_REVX01.',#15961);
#15963=SHAPE_ASPECT('','solid data associated with I-0515-02_REVX01',#15962,
.F.);
#15964=PROPERTY_DEFINITION('',
'shape for solid data with which properties are associated',#15963);
#15965=SHAPE_REPRESENTATION('',(#15939),#15952);
#15966=SHAPE_DEFINITION_REPRESENTATION(#15964,#15965);
#15967=(LENGTH_UNIT()NAMED_UNIT(*)SI_UNIT(.MILLI.,.METRE.));
#15971=PROPERTY_DEFINITION('geometric validation property',
'area of I-0515-02_REVX01',#15963);
#15972=REPRESENTATION('surface area',(#15970),#15952);
#15973=PROPERTY_DEFINITION_REPRESENTATION(#15971,#15972);
#15974=(LENGTH_UNIT()NAMED_UNIT(*)SI_UNIT(.MILLI.,.METRE.));
#15978=PROPERTY_DEFINITION('geometric validation property',
'volume of I-0515-02_REVX01',#15963);
#15979=REPRESENTATION('volume',(#15977),#15952);
#15980=PROPERTY_DEFINITION_REPRESENTATION(#15978,#15979);
#15982=PROPERTY_DEFINITION('geometric validation property',
'centroid of I-0515-02_REVX01',#15963);
#15983=REPRESENTATION('centroid',(#15981),#15952);
#15984=PROPERTY_DEFINITION_REPRESENTATION(#15982,#15983);
#15985=(LENGTH_UNIT()NAMED_UNIT(*)SI_UNIT(.MILLI.,.METRE.));
#15989=PROPERTY_DEFINITION('geometric validation property',
'area of I-0515-02_REVX01',#15962);
#15990=REPRESENTATION('surface area',(#15988),#15952);
#15991=PROPERTY_DEFINITION_REPRESENTATION(#15989,#15990);
#15992=(LENGTH_UNIT()NAMED_UNIT(*)SI_UNIT(.MILLI.,.METRE.));
#15996=PROPERTY_DEFINITION('geometric validation property',
'volume of I-0515-02_REVX01',#15962);
#15997=REPRESENTATION('volume',(#15995),#15952);
#15998=PROPERTY_DEFINITION_REPRESENTATION(#15996,#15997);
#16000=PROPERTY_DEFINITION('geometric validation property',
'centroid of I-0515-02_REVX01',#15962);
#16001=REPRESENTATION('centroid',(#15999),#15952);
#16002=PROPERTY_DEFINITION_REPRESENTATION(#16000,#16001);
#16003=SHAPE_DEFINITION_REPRESENTATION(#15962,#15953);
ENDSEC;
END-ISO-10303-21;
