ISO-10303-21;
HEADER;
FILE_DESCRIPTION((''),'2;1');
FILE_NAME('I-0526-02_REVX01','2026-07-20T18:22:55',('LSD'),(''),
'CREO PARAMETRIC BY PTC INC, 2020053','CREO PARAMETRIC BY PTC INC, 2020053','');
FILE_SCHEMA(('AUTOMOTIVE_DESIGN { 1 0 10303 214 1 1 1 1 }'));
ENDSEC;
DATA;
#16=DIRECTION('',(1.E0,0.E0,0.E0));
#17=VECTOR('',#16,2.173000277557E1);
#18=CARTESIAN_POINT('',(-2.7E1,0.E0,4.75E1));
#19=LINE('',#18,#17);
#20=DRAUGHTING_PRE_DEFINED_CURVE_FONT('continuous');
#21=CURVE_STYLE('',#20,POSITIVE_LENGTH_MEASURE(2.E-2),#5);
#22=PRESENTATION_STYLE_ASSIGNMENT((#21));
#23=STYLED_ITEM('',(#22),#19);
#24=CARTESIAN_POINT('',(-2.7E1,0.E0,4.5E1));
#25=DIRECTION('',(0.E0,1.E0,0.E0));
#26=DIRECTION('',(-1.E0,0.E0,0.E0));
#27=AXIS2_PLACEMENT_3D('',#24,#25,#26);
#29=CURVE_STYLE('',#20,POSITIVE_LENGTH_MEASURE(2.E-2),#5);
#30=PRESENTATION_STYLE_ASSIGNMENT((#29));
#31=STYLED_ITEM('',(#30),#28);
#32=DIRECTION('',(0.E0,0.E0,1.E0));
#33=VECTOR('',#32,9.E1);
#34=CARTESIAN_POINT('',(-2.95E1,0.E0,-4.5E1));
#35=LINE('',#34,#33);
#36=CURVE_STYLE('',#20,POSITIVE_LENGTH_MEASURE(2.E-2),#5);
#37=PRESENTATION_STYLE_ASSIGNMENT((#36));
#38=STYLED_ITEM('',(#37),#35);
#39=CARTESIAN_POINT('',(-2.7E1,0.E0,-4.5E1));
#40=DIRECTION('',(0.E0,1.E0,0.E0));
#41=DIRECTION('',(0.E0,0.E0,-1.E0));
#42=AXIS2_PLACEMENT_3D('',#39,#40,#41);
#44=CURVE_STYLE('',#20,POSITIVE_LENGTH_MEASURE(2.E-2),#5);
#45=PRESENTATION_STYLE_ASSIGNMENT((#44));
#46=STYLED_ITEM('',(#45),#43);
#47=DIRECTION('',(-1.E0,0.E0,0.E0));
#48=VECTOR('',#47,1.030934703533E1);
#49=CARTESIAN_POINT('',(-1.669065296467E1,0.E0,-4.75E1));
#50=LINE('',#49,#48);
#51=CURVE_STYLE('',#20,POSITIVE_LENGTH_MEASURE(2.E-2),#5);
#52=PRESENTATION_STYLE_ASSIGNMENT((#51));
#53=STYLED_ITEM('',(#52),#50);
#54=DIRECTION('',(0.E0,0.E0,1.E0));
#55=VECTOR('',#54,1.1E0);
#56=CARTESIAN_POINT('',(-1.669065296467E1,0.E0,-4.75E1));
#57=LINE('',#56,#55);
#58=CURVE_STYLE('',#20,POSITIVE_LENGTH_MEASURE(2.E-2),#5);
#59=PRESENTATION_STYLE_ASSIGNMENT((#58));
#60=STYLED_ITEM('',(#59),#57);
#61=DIRECTION('',(-1.E0,0.E0,0.E0));
#62=VECTOR('',#61,1.030934703533E1);
#63=CARTESIAN_POINT('',(-1.669065296467E1,0.E0,-4.64E1));
#64=LINE('',#63,#62);
#65=CURVE_STYLE('',#20,POSITIVE_LENGTH_MEASURE(2.E-2),#5);
#66=PRESENTATION_STYLE_ASSIGNMENT((#65));
#67=STYLED_ITEM('',(#66),#64);
#68=CARTESIAN_POINT('',(-2.7E1,0.E0,-4.5E1));
#69=DIRECTION('',(0.E0,1.E0,0.E0));
#70=DIRECTION('',(0.E0,0.E0,-1.E0));
#71=AXIS2_PLACEMENT_3D('',#68,#69,#70);
#73=CURVE_STYLE('',#20,POSITIVE_LENGTH_MEASURE(2.E-2),#5);
#74=PRESENTATION_STYLE_ASSIGNMENT((#73));
#75=STYLED_ITEM('',(#74),#72);
#76=DIRECTION('',(0.E0,0.E0,1.E0));
#77=VECTOR('',#76,7.5E0);
#78=CARTESIAN_POINT('',(-2.84E1,0.E0,-4.5E1));
#79=LINE('',#78,#77);
#80=CURVE_STYLE('',#20,POSITIVE_LENGTH_MEASURE(2.E-2),#5);
#81=PRESENTATION_STYLE_ASSIGNMENT((#80));
#82=STYLED_ITEM('',(#81),#79);
#83=DIRECTION('',(-1.E0,0.E0,0.E0));
#84=VECTOR('',#83,1.E-1);
#85=CARTESIAN_POINT('',(-2.83E1,0.E0,-3.75E1));
#86=LINE('',#85,#84);
#87=CURVE_STYLE('',#20,POSITIVE_LENGTH_MEASURE(2.E-2),#5);
#88=PRESENTATION_STYLE_ASSIGNMENT((#87));
#89=STYLED_ITEM('',(#88),#86);
#90=DIRECTION('',(0.E0,0.E0,-1.E0));
#91=VECTOR('',#90,5.E0);
#92=CARTESIAN_POINT('',(-2.83E1,0.E0,-3.25E1));
#93=LINE('',#92,#91);
#94=CURVE_STYLE('',#20,POSITIVE_LENGTH_MEASURE(2.E-2),#5);
#95=PRESENTATION_STYLE_ASSIGNMENT((#94));
#96=STYLED_ITEM('',(#95),#93);
#97=DIRECTION('',(1.E0,0.E0,0.E0));
#98=VECTOR('',#97,1.E-1);
#99=CARTESIAN_POINT('',(-2.84E1,0.E0,-3.25E1));
#100=LINE('',#99,#98);
#101=CURVE_STYLE('',#20,POSITIVE_LENGTH_MEASURE(2.E-2),#5);
#102=PRESENTATION_STYLE_ASSIGNMENT((#101));
#103=STYLED_ITEM('',(#102),#100);
#104=DIRECTION('',(0.E0,0.E0,1.E0));
#105=VECTOR('',#104,6.5E1);
#106=CARTESIAN_POINT('',(-2.84E1,0.E0,-3.25E1));
#107=LINE('',#106,#105);
#108=CURVE_STYLE('',#20,POSITIVE_LENGTH_MEASURE(2.E-2),#5);
#109=PRESENTATION_STYLE_ASSIGNMENT((#108));
#110=STYLED_ITEM('',(#109),#107);
#111=DIRECTION('',(-1.E0,0.E0,2.131628207280E-13));
#112=VECTOR('',#111,1.E-1);
#113=CARTESIAN_POINT('',(-2.83E1,0.E0,3.25E1));
#114=LINE('',#113,#112);
#115=CURVE_STYLE('',#20,POSITIVE_LENGTH_MEASURE(2.E-2),#5);
#116=PRESENTATION_STYLE_ASSIGNMENT((#115));
#117=STYLED_ITEM('',(#116),#114);
#118=DIRECTION('',(0.E0,0.E0,-1.E0));
#119=VECTOR('',#118,5.E0);
#120=CARTESIAN_POINT('',(-2.83E1,0.E0,3.75E1));
#121=LINE('',#120,#119);
#122=CURVE_STYLE('',#20,POSITIVE_LENGTH_MEASURE(2.E-2),#5);
#123=PRESENTATION_STYLE_ASSIGNMENT((#122));
#124=STYLED_ITEM('',(#123),#121);
#125=DIRECTION('',(1.E0,0.E0,-2.131628207280E-13));
#126=VECTOR('',#125,1.E-1);
#127=CARTESIAN_POINT('',(-2.84E1,0.E0,3.75E1));
#128=LINE('',#127,#126);
#129=CURVE_STYLE('',#20,POSITIVE_LENGTH_MEASURE(2.E-2),#5);
#130=PRESENTATION_STYLE_ASSIGNMENT((#129));
#131=STYLED_ITEM('',(#130),#128);
#132=DIRECTION('',(0.E0,0.E0,1.E0));
#133=VECTOR('',#132,7.5E0);
#134=CARTESIAN_POINT('',(-2.84E1,0.E0,3.75E1));
#135=LINE('',#134,#133);
#136=CURVE_STYLE('',#20,POSITIVE_LENGTH_MEASURE(2.E-2),#5);
#137=PRESENTATION_STYLE_ASSIGNMENT((#136));
#138=STYLED_ITEM('',(#137),#135);
#139=CARTESIAN_POINT('',(-2.7E1,0.E0,4.5E1));
#140=DIRECTION('',(0.E0,1.E0,0.E0));
#141=DIRECTION('',(-1.E0,0.E0,0.E0));
#142=AXIS2_PLACEMENT_3D('',#139,#140,#141);
#144=CURVE_STYLE('',#20,POSITIVE_LENGTH_MEASURE(2.E-2),#5);
#145=PRESENTATION_STYLE_ASSIGNMENT((#144));
#146=STYLED_ITEM('',(#145),#143);
#147=DIRECTION('',(1.E0,0.E0,0.E0));
#148=VECTOR('',#147,2.223000277557E1);
#149=CARTESIAN_POINT('',(-2.7E1,0.E0,4.64E1));
#150=LINE('',#149,#148);
#151=CURVE_STYLE('',#20,POSITIVE_LENGTH_MEASURE(2.E-2),#5);
#152=PRESENTATION_STYLE_ASSIGNMENT((#151));
#153=STYLED_ITEM('',(#152),#150);
#154=DIRECTION('',(0.E0,0.E0,-1.E0));
#155=VECTOR('',#154,6.E-1);
#156=CARTESIAN_POINT('',(-4.769997224434E0,0.E0,4.7E1));
#157=LINE('',#156,#155);
#158=CURVE_STYLE('',#20,POSITIVE_LENGTH_MEASURE(2.E-2),#5);
#159=PRESENTATION_STYLE_ASSIGNMENT((#158));
#160=STYLED_ITEM('',(#159),#157);
#161=DIRECTION('',(7.071067811865E-1,0.E0,-7.071067811865E-1));
#162=VECTOR('',#161,7.071067811865E-1);
#163=CARTESIAN_POINT('',(-5.269997224434E0,0.E0,4.75E1));
#164=LINE('',#163,#162);
#165=CURVE_STYLE('',#20,POSITIVE_LENGTH_MEASURE(2.E-2),#5);
#166=PRESENTATION_STYLE_ASSIGNMENT((#165));
#167=STYLED_ITEM('',(#166),#164);
#168=DIRECTION('',(1.E0,0.E0,0.E0));
#169=VECTOR('',#168,2.172999722443E1);
#170=CARTESIAN_POINT('',(5.270002775566E0,0.E0,4.75E1));
#171=LINE('',#170,#169);
#172=CURVE_STYLE('',#20,POSITIVE_LENGTH_MEASURE(2.E-2),#5);
#173=PRESENTATION_STYLE_ASSIGNMENT((#172));
#174=STYLED_ITEM('',(#173),#171);
#175=DIRECTION('',(7.071067811866E-1,0.E0,7.071067811865E-1));
#176=VECTOR('',#175,7.071067811866E-1);
#177=CARTESIAN_POINT('',(4.770002775566E0,0.E0,4.7E1));
#178=LINE('',#177,#176);
#179=CURVE_STYLE('',#20,POSITIVE_LENGTH_MEASURE(2.E-2),#5);
#180=PRESENTATION_STYLE_ASSIGNMENT((#179));
#181=STYLED_ITEM('',(#180),#178);
#182=DIRECTION('',(0.E0,0.E0,-1.E0));
#183=VECTOR('',#182,6.E-1);
#184=CARTESIAN_POINT('',(4.770002775566E0,0.E0,4.7E1));
#185=LINE('',#184,#183);
#186=CURVE_STYLE('',#20,POSITIVE_LENGTH_MEASURE(2.E-2),#5);
#187=PRESENTATION_STYLE_ASSIGNMENT((#186));
#188=STYLED_ITEM('',(#187),#185);
#189=DIRECTION('',(1.E0,0.E0,0.E0));
#190=VECTOR('',#189,2.222999722443E1);
#191=CARTESIAN_POINT('',(4.770002775566E0,0.E0,4.64E1));
#192=LINE('',#191,#190);
#193=CURVE_STYLE('',#20,POSITIVE_LENGTH_MEASURE(2.E-2),#5);
#194=PRESENTATION_STYLE_ASSIGNMENT((#193));
#195=STYLED_ITEM('',(#194),#192);
#196=CARTESIAN_POINT('',(2.7E1,0.E0,4.5E1));
#197=DIRECTION('',(0.E0,1.E0,0.E0));
#198=DIRECTION('',(0.E0,0.E0,1.E0));
#199=AXIS2_PLACEMENT_3D('',#196,#197,#198);
#201=CURVE_STYLE('',#20,POSITIVE_LENGTH_MEASURE(2.E-2),#5);
#202=PRESENTATION_STYLE_ASSIGNMENT((#201));
#203=STYLED_ITEM('',(#202),#200);
#204=DIRECTION('',(0.E0,0.E0,-1.E0));
#205=VECTOR('',#204,7.5E0);
#206=CARTESIAN_POINT('',(2.84E1,0.E0,4.5E1));
#207=LINE('',#206,#205);
#208=CURVE_STYLE('',#20,POSITIVE_LENGTH_MEASURE(2.E-2),#5);
#209=PRESENTATION_STYLE_ASSIGNMENT((#208));
#210=STYLED_ITEM('',(#209),#207);
#211=DIRECTION('',(1.E0,0.E0,1.421085471520E-13));
#212=VECTOR('',#211,1.E-1);
#213=CARTESIAN_POINT('',(2.83E1,0.E0,3.75E1));
#214=LINE('',#213,#212);
#215=CURVE_STYLE('',#20,POSITIVE_LENGTH_MEASURE(2.E-2),#5);
#216=PRESENTATION_STYLE_ASSIGNMENT((#215));
#217=STYLED_ITEM('',(#216),#214);
#218=DIRECTION('',(0.E0,0.E0,1.E0));
#219=VECTOR('',#218,5.E0);
#220=CARTESIAN_POINT('',(2.83E1,0.E0,3.25E1));
#221=LINE('',#220,#219);
#222=CURVE_STYLE('',#20,POSITIVE_LENGTH_MEASURE(2.E-2),#5);
#223=PRESENTATION_STYLE_ASSIGNMENT((#222));
#224=STYLED_ITEM('',(#223),#221);
#225=DIRECTION('',(-1.E0,0.E0,-1.421085471520E-13));
#226=VECTOR('',#225,1.E-1);
#227=CARTESIAN_POINT('',(2.84E1,0.E0,3.25E1));
#228=LINE('',#227,#226);
#229=CURVE_STYLE('',#20,POSITIVE_LENGTH_MEASURE(2.E-2),#5);
#230=PRESENTATION_STYLE_ASSIGNMENT((#229));
#231=STYLED_ITEM('',(#230),#228);
#232=DIRECTION('',(0.E0,0.E0,-1.E0));
#233=VECTOR('',#232,6.5E1);
#234=CARTESIAN_POINT('',(2.84E1,0.E0,3.25E1));
#235=LINE('',#234,#233);
#236=CURVE_STYLE('',#20,POSITIVE_LENGTH_MEASURE(2.E-2),#5);
#237=PRESENTATION_STYLE_ASSIGNMENT((#236));
#238=STYLED_ITEM('',(#237),#235);
#239=DIRECTION('',(1.E0,0.E0,0.E0));
#240=VECTOR('',#239,1.E-1);
#241=CARTESIAN_POINT('',(2.83E1,0.E0,-3.25E1));
#242=LINE('',#241,#240);
#243=CURVE_STYLE('',#20,POSITIVE_LENGTH_MEASURE(2.E-2),#5);
#244=PRESENTATION_STYLE_ASSIGNMENT((#243));
#245=STYLED_ITEM('',(#244),#242);
#246=DIRECTION('',(0.E0,0.E0,1.E0));
#247=VECTOR('',#246,5.E0);
#248=CARTESIAN_POINT('',(2.83E1,0.E0,-3.75E1));
#249=LINE('',#248,#247);
#250=CURVE_STYLE('',#20,POSITIVE_LENGTH_MEASURE(2.E-2),#5);
#251=PRESENTATION_STYLE_ASSIGNMENT((#250));
#252=STYLED_ITEM('',(#251),#249);
#253=DIRECTION('',(-1.E0,0.E0,0.E0));
#254=VECTOR('',#253,1.E-1);
#255=CARTESIAN_POINT('',(2.84E1,0.E0,-3.75E1));
#256=LINE('',#255,#254);
#257=CURVE_STYLE('',#20,POSITIVE_LENGTH_MEASURE(2.E-2),#5);
#258=PRESENTATION_STYLE_ASSIGNMENT((#257));
#259=STYLED_ITEM('',(#258),#256);
#260=DIRECTION('',(0.E0,0.E0,-1.E0));
#261=VECTOR('',#260,7.5E0);
#262=CARTESIAN_POINT('',(2.84E1,0.E0,-3.75E1));
#263=LINE('',#262,#261);
#264=CURVE_STYLE('',#20,POSITIVE_LENGTH_MEASURE(2.E-2),#5);
#265=PRESENTATION_STYLE_ASSIGNMENT((#264));
#266=STYLED_ITEM('',(#265),#263);
#267=CARTESIAN_POINT('',(2.7E1,0.E0,-4.5E1));
#268=DIRECTION('',(0.E0,1.E0,0.E0));
#269=DIRECTION('',(1.E0,0.E0,0.E0));
#270=AXIS2_PLACEMENT_3D('',#267,#268,#269);
#272=CURVE_STYLE('',#20,POSITIVE_LENGTH_MEASURE(2.E-2),#5);
#273=PRESENTATION_STYLE_ASSIGNMENT((#272));
#274=STYLED_ITEM('',(#273),#271);
#275=DIRECTION('',(-1.E0,0.E0,0.E0));
#276=VECTOR('',#275,2.45E1);
#277=CARTESIAN_POINT('',(2.7E1,0.E0,-4.64E1));
#278=LINE('',#277,#276);
#279=CURVE_STYLE('',#20,POSITIVE_LENGTH_MEASURE(2.E-2),#5);
#280=PRESENTATION_STYLE_ASSIGNMENT((#279));
#281=STYLED_ITEM('',(#280),#278);
#282=DIRECTION('',(0.E0,0.E0,-1.E0));
#283=VECTOR('',#282,1.E-1);
#284=CARTESIAN_POINT('',(2.5E0,0.E0,-4.63E1));
#285=LINE('',#284,#283);
#286=CURVE_STYLE('',#20,POSITIVE_LENGTH_MEASURE(2.E-2),#5);
#287=PRESENTATION_STYLE_ASSIGNMENT((#286));
#288=STYLED_ITEM('',(#287),#285);
#289=DIRECTION('',(1.E0,0.E0,0.E0));
#290=VECTOR('',#289,5.E0);
#291=CARTESIAN_POINT('',(-2.5E0,0.E0,-4.63E1));
#292=LINE('',#291,#290);
#293=CURVE_STYLE('',#20,POSITIVE_LENGTH_MEASURE(2.E-2),#5);
#294=PRESENTATION_STYLE_ASSIGNMENT((#293));
#295=STYLED_ITEM('',(#294),#292);
#296=DIRECTION('',(0.E0,0.E0,1.E0));
#297=VECTOR('',#296,1.E-1);
#298=CARTESIAN_POINT('',(-2.5E0,0.E0,-4.64E1));
#299=LINE('',#298,#297);
#300=CURVE_STYLE('',#20,POSITIVE_LENGTH_MEASURE(2.E-2),#5);
#301=PRESENTATION_STYLE_ASSIGNMENT((#300));
#302=STYLED_ITEM('',(#301),#299);
#303=DIRECTION('',(-1.E0,0.E0,0.E0));
#304=VECTOR('',#303,8.309113826040E0);
#305=CARTESIAN_POINT('',(-2.5E0,0.E0,-4.64E1));
#306=LINE('',#305,#304);
#307=CURVE_STYLE('',#20,POSITIVE_LENGTH_MEASURE(2.E-2),#5);
#308=PRESENTATION_STYLE_ASSIGNMENT((#307));
#309=STYLED_ITEM('',(#308),#306);
#310=DIRECTION('',(0.E0,0.E0,1.E0));
#311=VECTOR('',#310,1.1E0);
#312=CARTESIAN_POINT('',(-1.080911382604E1,0.E0,-4.75E1));
#313=LINE('',#312,#311);
#314=CURVE_STYLE('',#20,POSITIVE_LENGTH_MEASURE(2.E-2),#5);
#315=PRESENTATION_STYLE_ASSIGNMENT((#314));
#316=STYLED_ITEM('',(#315),#313);
#317=DIRECTION('',(-1.E0,0.E0,0.E0));
#318=VECTOR('',#317,3.780911382604E1);
#319=CARTESIAN_POINT('',(2.7E1,0.E0,-4.75E1));
#320=LINE('',#319,#318);
#321=CURVE_STYLE('',#20,POSITIVE_LENGTH_MEASURE(2.E-2),#5);
#322=PRESENTATION_STYLE_ASSIGNMENT((#321));
#323=STYLED_ITEM('',(#322),#320);
#324=CARTESIAN_POINT('',(2.7E1,0.E0,-4.5E1));
#325=DIRECTION('',(0.E0,1.E0,0.E0));
#326=DIRECTION('',(1.E0,0.E0,0.E0));
#327=AXIS2_PLACEMENT_3D('',#324,#325,#326);
#329=CURVE_STYLE('',#20,POSITIVE_LENGTH_MEASURE(2.E-2),#5);
#330=PRESENTATION_STYLE_ASSIGNMENT((#329));
#331=STYLED_ITEM('',(#330),#328);
#332=DIRECTION('',(0.E0,0.E0,-1.E0));
#333=VECTOR('',#332,9.E1);
#334=CARTESIAN_POINT('',(2.95E1,0.E0,4.5E1));
#335=LINE('',#334,#333);
#336=CURVE_STYLE('',#20,POSITIVE_LENGTH_MEASURE(2.E-2),#5);
#337=PRESENTATION_STYLE_ASSIGNMENT((#336));
#338=STYLED_ITEM('',(#337),#335);
#339=CARTESIAN_POINT('',(2.7E1,0.E0,4.5E1));
#340=DIRECTION('',(0.E0,1.E0,0.E0));
#341=DIRECTION('',(0.E0,0.E0,1.E0));
#342=AXIS2_PLACEMENT_3D('',#339,#340,#341);
#344=CURVE_STYLE('',#20,POSITIVE_LENGTH_MEASURE(2.E-2),#5);
#345=PRESENTATION_STYLE_ASSIGNMENT((#344));
#346=STYLED_ITEM('',(#345),#343);
#347=DIRECTION('',(-1.695551464008E-8,1.E0,1.695552539530E-8));
#348=VECTOR('',#347,3.303244554410E-1);
#349=CARTESIAN_POINT('',(-5.269997218833E0,-3.303244554410E-1,
4.749999999440E1));
#350=LINE('',#349,#348);
#351=CURVE_STYLE('',#20,POSITIVE_LENGTH_MEASURE(2.E-2),#5);
#352=PRESENTATION_STYLE_ASSIGNMENT((#351));
#353=STYLED_ITEM('',(#352),#350);
#354=CARTESIAN_POINT('',(-3.189997224434E0,-3.3032444E-1,4.75E1));
#355=DIRECTION('',(0.E0,0.E0,-1.E0));
#356=DIRECTION('',(1.067522139063E-14,-1.E0,0.E0));
#357=AXIS2_PLACEMENT_3D('',#354,#355,#356);
#359=CURVE_STYLE('',#20,POSITIVE_LENGTH_MEASURE(2.E-2),#5);
#360=PRESENTATION_STYLE_ASSIGNMENT((#359));
#361=STYLED_ITEM('',(#360),#358);
#362=DIRECTION('',(-1.E0,-7.620435778077E-10,7.620392622073E-10));
#363=VECTOR('',#362,6.380000022119E0);
#364=CARTESIAN_POINT('',(3.190002791008E0,-2.410324434399E0,4.749999999440E1));
#365=LINE('',#364,#363);
#366=CURVE_STYLE('',#20,POSITIVE_LENGTH_MEASURE(2.E-2),#5);
#367=PRESENTATION_STYLE_ASSIGNMENT((#366));
#368=STYLED_ITEM('',(#367),#365);
#369=CARTESIAN_POINT('',(3.190002775566E0,-3.3032444E-1,4.75E1));
#370=DIRECTION('',(0.E0,0.E0,-1.E0));
#371=DIRECTION('',(1.E0,0.E0,0.E0));
#372=AXIS2_PLACEMENT_3D('',#369,#370,#371);
#374=CURVE_STYLE('',#20,POSITIVE_LENGTH_MEASURE(2.E-2),#5);
#375=PRESENTATION_STYLE_ASSIGNMENT((#374));
#376=STYLED_ITEM('',(#375),#373);
#377=DIRECTION('',(-2.237274973478E-9,-1.E0,-2.237258840641E-9));
#378=VECTOR('',#377,3.303244466777E-1);
#379=CARTESIAN_POINT('',(5.270002775566E0,0.E0,4.75E1));
#380=LINE('',#379,#378);
#381=CURVE_STYLE('',#20,POSITIVE_LENGTH_MEASURE(2.E-2),#5);
#382=PRESENTATION_STYLE_ASSIGNMENT((#381));
#383=STYLED_ITEM('',(#382),#380);
#384=DIRECTION('',(-1.E0,0.E0,0.E0));
#385=VECTOR('',#384,5.399999999665E1);
#386=CARTESIAN_POINT('',(2.699999999839E1,-1.05E1,4.75E1));
#387=LINE('',#386,#385);
#388=CURVE_STYLE('',#20,POSITIVE_LENGTH_MEASURE(2.E-2),#5);
#389=PRESENTATION_STYLE_ASSIGNMENT((#388));
#390=STYLED_ITEM('',(#389),#387);
#391=DIRECTION('',(1.653026921693E-10,-1.E0,0.E0));
#392=VECTOR('',#391,1.05E1);
#393=CARTESIAN_POINT('',(-2.7E1,0.E0,4.75E1));
#394=LINE('',#393,#392);
#395=CURVE_STYLE('',#20,POSITIVE_LENGTH_MEASURE(2.E-2),#5);
#396=PRESENTATION_STYLE_ASSIGNMENT((#395));
#397=STYLED_ITEM('',(#396),#394);
#398=DIRECTION('',(7.071067811865E-1,9.396173930665E-9,-7.071067811865E-1));
#399=VECTOR('',#398,7.071067777783E-1);
#400=CARTESIAN_POINT('',(-5.269997218833E0,-3.303244554410E-1,
4.749999999440E1));
#401=LINE('',#400,#399);
#402=CURVE_STYLE('',#20,POSITIVE_LENGTH_MEASURE(2.E-2),#5);
#403=PRESENTATION_STYLE_ASSIGNMENT((#402));
#404=STYLED_ITEM('',(#403),#401);
#405=DIRECTION('',(-9.659748621361E-9,1.E0,9.659762065391E-9));
#406=VECTOR('',#405,3.303244487969E-1);
#407=CARTESIAN_POINT('',(-4.769997221243E0,-3.303244487969E-1,
4.699999999681E1));
#408=LINE('',#407,#406);
#409=CURVE_STYLE('',#20,POSITIVE_LENGTH_MEASURE(2.E-2),#5);
#410=PRESENTATION_STYLE_ASSIGNMENT((#409));
#411=STYLED_ITEM('',(#410),#408);
#412=DIRECTION('',(0.E0,-9.998476951564E-1,-1.745240643727E-2));
#413=VECTOR('',#412,3.303747576758E-1);
#414=CARTESIAN_POINT('',(-4.769997224434E0,0.E0,4.64E1));
#415=LINE('',#414,#413);
#416=CURVE_STYLE('',#20,POSITIVE_LENGTH_MEASURE(2.E-2),#5);
#417=PRESENTATION_STYLE_ASSIGNMENT((#416));
#418=STYLED_ITEM('',(#417),#415);
#419=DIRECTION('',(0.E0,-9.998476951564E-1,-1.745240643728E-2));
#420=VECTOR('',#419,3.000456984132E0);
#421=CARTESIAN_POINT('',(-2.7E1,0.E0,4.64E1));
#422=LINE('',#421,#420);
#423=CURVE_STYLE('',#20,POSITIVE_LENGTH_MEASURE(2.E-2),#5);
#424=PRESENTATION_STYLE_ASSIGNMENT((#423));
#425=STYLED_ITEM('',(#424),#422);
#426=DIRECTION('',(0.E0,9.998476951564E-1,1.745240643727E-2));
#427=VECTOR('',#426,3.303747576758E-1);
#428=CARTESIAN_POINT('',(4.770002775566E0,-3.3032444E-1,4.639423416545E1));
#429=LINE('',#428,#427);
#430=CURVE_STYLE('',#20,POSITIVE_LENGTH_MEASURE(2.E-2),#5);
#431=PRESENTATION_STYLE_ASSIGNMENT((#430));
#432=STYLED_ITEM('',(#431),#429);
#433=CARTESIAN_POINT('',(3.190002775566E0,-1.91032444E0,4.636665516287E1));
#434=CARTESIAN_POINT('',(3.453356165426E0,-1.91032444E0,4.636665516287E1));
#435=CARTESIAN_POINT('',(3.865728287775E0,-1.796007196353E0,4.636865057778E1));
#436=CARTESIAN_POINT('',(4.330524617130E0,-1.470792895389E0,4.637432721452E1));
#437=CARTESIAN_POINT('',(4.655711708025E0,-1.005990619129E0,4.638244036843E1));
#438=CARTESIAN_POINT('',(4.770002775566E0,-5.936377198623E-1,4.638963801506E1));
#439=CARTESIAN_POINT('',(4.770002775566E0,-3.303244400001E-1,4.639423416545E1));
#441=CURVE_STYLE('',#20,POSITIVE_LENGTH_MEASURE(2.E-2),#5);
#442=PRESENTATION_STYLE_ASSIGNMENT((#441));
#443=STYLED_ITEM('',(#442),#440);
#444=DIRECTION('',(1.E0,0.E0,0.E0));
#445=VECTOR('',#444,6.38E0);
#446=CARTESIAN_POINT('',(-3.189997224434E0,-1.91032444E0,4.636665516287E1));
#447=LINE('',#446,#445);
#448=CURVE_STYLE('',#20,POSITIVE_LENGTH_MEASURE(2.E-2),#5);
#449=PRESENTATION_STYLE_ASSIGNMENT((#448));
#450=STYLED_ITEM('',(#449),#447);
#451=CARTESIAN_POINT('',(-4.769997224434E0,-3.303244400001E-1,
4.639423416545E1));
#452=CARTESIAN_POINT('',(-4.769997224434E0,-5.936377198623E-1,
4.638963801506E1));
#453=CARTESIAN_POINT('',(-4.655706156892E0,-1.005990619129E0,4.638244036843E1));
#454=CARTESIAN_POINT('',(-4.330519065997E0,-1.470792895389E0,4.637432721452E1));
#455=CARTESIAN_POINT('',(-3.865722736642E0,-1.796007196353E0,4.636865057778E1));
#456=CARTESIAN_POINT('',(-3.453350614293E0,-1.91032444E0,4.636665516287E1));
#457=CARTESIAN_POINT('',(-3.189997224434E0,-1.91032444E0,4.636665516287E1));
#459=CURVE_STYLE('',#20,POSITIVE_LENGTH_MEASURE(2.E-2),#5);
#460=PRESENTATION_STYLE_ASSIGNMENT((#459));
#461=STYLED_ITEM('',(#460),#458);
#462=DIRECTION('',(1.745240643729E-2,-9.998476951564E-1,0.E0));
#463=VECTOR('',#462,3.000456984132E0);
#464=CARTESIAN_POINT('',(-2.84E1,0.E0,4.5E1));
#465=LINE('',#464,#463);
#466=CURVE_STYLE('',#20,POSITIVE_LENGTH_MEASURE(2.E-2),#5);
#467=PRESENTATION_STYLE_ASSIGNMENT((#466));
#468=STYLED_ITEM('',(#467),#465);
#469=DIRECTION('',(0.E0,0.E0,-1.E0));
#470=VECTOR('',#469,5.E0);
#471=CARTESIAN_POINT('',(-2.838429044156E1,-9.E-1,-3.25E1));
#472=LINE('',#471,#470);
#473=CURVE_STYLE('',#20,POSITIVE_LENGTH_MEASURE(2.E-2),#5);
#474=PRESENTATION_STYLE_ASSIGNMENT((#473));
#475=STYLED_ITEM('',(#474),#472);
#476=DIRECTION('',(1.745240643728E-2,-9.998476951564E-1,0.E0));
#477=VECTOR('',#476,9.001370952395E-1);
#478=CARTESIAN_POINT('',(-2.84E1,0.E0,-3.75E1));
#479=LINE('',#478,#477);
#480=CURVE_STYLE('',#20,POSITIVE_LENGTH_MEASURE(2.E-2),#5);
#481=PRESENTATION_STYLE_ASSIGNMENT((#480));
#482=STYLED_ITEM('',(#481),#479);
#483=DIRECTION('',(1.745240643728E-2,-9.998476951564E-1,0.E0));
#484=VECTOR('',#483,3.000456984132E0);
#485=CARTESIAN_POINT('',(-2.84E1,0.E0,-4.5E1));
#486=LINE('',#485,#484);
#487=CURVE_STYLE('',#20,POSITIVE_LENGTH_MEASURE(2.E-2),#5);
#488=PRESENTATION_STYLE_ASSIGNMENT((#487));
#489=STYLED_ITEM('',(#488),#486);
#490=DIRECTION('',(1.745240643728E-2,-9.998476951564E-1,0.E0));
#491=VECTOR('',#490,9.001370952395E-1);
#492=CARTESIAN_POINT('',(-2.84E1,0.E0,3.75E1));
#493=LINE('',#492,#491);
#494=CURVE_STYLE('',#20,POSITIVE_LENGTH_MEASURE(2.E-2),#5);
#495=PRESENTATION_STYLE_ASSIGNMENT((#494));
#496=STYLED_ITEM('',(#495),#493);
#497=DIRECTION('',(0.E0,0.E0,-1.E0));
#498=VECTOR('',#497,5.E0);
#499=CARTESIAN_POINT('',(-2.838429044156E1,-9.E-1,3.75E1));
#500=LINE('',#499,#498);
#501=CURVE_STYLE('',#20,POSITIVE_LENGTH_MEASURE(2.E-2),#5);
#502=PRESENTATION_STYLE_ASSIGNMENT((#501));
#503=STYLED_ITEM('',(#502),#500);
#504=DIRECTION('',(1.745240643728E-2,-9.998476951564E-1,0.E0));
#505=VECTOR('',#504,9.001370952395E-1);
#506=CARTESIAN_POINT('',(-2.84E1,0.E0,3.25E1));
#507=LINE('',#506,#505);
#508=CURVE_STYLE('',#20,POSITIVE_LENGTH_MEASURE(2.E-2),#5);
#509=PRESENTATION_STYLE_ASSIGNMENT((#508));
#510=STYLED_ITEM('',(#509),#507);
#511=DIRECTION('',(1.745240643728E-2,-9.998476951564E-1,0.E0));
#512=VECTOR('',#511,9.001370952395E-1);
#513=CARTESIAN_POINT('',(-2.84E1,0.E0,-3.25E1));
#514=LINE('',#513,#512);
#515=CURVE_STYLE('',#20,POSITIVE_LENGTH_MEASURE(2.E-2),#5);
#516=PRESENTATION_STYLE_ASSIGNMENT((#515));
#517=STYLED_ITEM('',(#516),#514);
#518=DIRECTION('',(-1.E0,0.E0,0.E0));
#519=VECTOR('',#518,5.842904415646E-1);
#520=CARTESIAN_POINT('',(2.838429044156E1,-9.E-1,-3.75E1));
#521=LINE('',#520,#519);
#522=CURVE_STYLE('',#20,POSITIVE_LENGTH_MEASURE(2.E-2),#5);
#523=PRESENTATION_STYLE_ASSIGNMENT((#522));
#524=STYLED_ITEM('',(#523),#521);
#525=DIRECTION('',(0.E0,0.E0,1.E0));
#526=VECTOR('',#525,5.E0);
#527=CARTESIAN_POINT('',(2.78E1,-9.E-1,-3.75E1));
#528=LINE('',#527,#526);
#529=CURVE_STYLE('',#20,POSITIVE_LENGTH_MEASURE(2.E-2),#5);
#530=PRESENTATION_STYLE_ASSIGNMENT((#529));
#531=STYLED_ITEM('',(#530),#528);
#532=DIRECTION('',(1.E0,0.E0,0.E0));
#533=VECTOR('',#532,5.842904415646E-1);
#534=CARTESIAN_POINT('',(2.78E1,-9.E-1,-3.25E1));
#535=LINE('',#534,#533);
#536=CURVE_STYLE('',#20,POSITIVE_LENGTH_MEASURE(2.E-2),#5);
#537=PRESENTATION_STYLE_ASSIGNMENT((#536));
#538=STYLED_ITEM('',(#537),#535);
#539=DIRECTION('',(-1.E0,0.E0,0.E0));
#540=VECTOR('',#539,5.842904415646E-1);
#541=CARTESIAN_POINT('',(2.838429044156E1,-9.E-1,3.25E1));
#542=LINE('',#541,#540);
#543=CURVE_STYLE('',#20,POSITIVE_LENGTH_MEASURE(2.E-2),#5);
#544=PRESENTATION_STYLE_ASSIGNMENT((#543));
#545=STYLED_ITEM('',(#544),#542);
#546=DIRECTION('',(0.E0,0.E0,1.E0));
#547=VECTOR('',#546,5.E0);
#548=CARTESIAN_POINT('',(2.78E1,-9.E-1,3.25E1));
#549=LINE('',#548,#547);
#550=CURVE_STYLE('',#20,POSITIVE_LENGTH_MEASURE(2.E-2),#5);
#551=PRESENTATION_STYLE_ASSIGNMENT((#550));
#552=STYLED_ITEM('',(#551),#549);
#553=DIRECTION('',(1.E0,0.E0,0.E0));
#554=VECTOR('',#553,5.842904415646E-1);
#555=CARTESIAN_POINT('',(2.78E1,-9.E-1,3.75E1));
#556=LINE('',#555,#554);
#557=CURVE_STYLE('',#20,POSITIVE_LENGTH_MEASURE(2.E-2),#5);
#558=PRESENTATION_STYLE_ASSIGNMENT((#557));
#559=STYLED_ITEM('',(#558),#556);
#560=DIRECTION('',(1.E0,0.E0,0.E0));
#561=VECTOR('',#560,5.842904415646E-1);
#562=CARTESIAN_POINT('',(-2.838429044156E1,-9.E-1,-3.25E1));
#563=LINE('',#562,#561);
#564=CURVE_STYLE('',#20,POSITIVE_LENGTH_MEASURE(2.E-2),#5);
#565=PRESENTATION_STYLE_ASSIGNMENT((#564));
#566=STYLED_ITEM('',(#565),#563);
#567=DIRECTION('',(0.E0,0.E0,-1.E0));
#568=VECTOR('',#567,5.E0);
#569=CARTESIAN_POINT('',(-2.78E1,-9.E-1,-3.25E1));
#570=LINE('',#569,#568);
#571=CURVE_STYLE('',#20,POSITIVE_LENGTH_MEASURE(2.E-2),#5);
#572=PRESENTATION_STYLE_ASSIGNMENT((#571));
#573=STYLED_ITEM('',(#572),#570);
#574=DIRECTION('',(-1.E0,0.E0,0.E0));
#575=VECTOR('',#574,5.842904415646E-1);
#576=CARTESIAN_POINT('',(-2.78E1,-9.E-1,-3.75E1));
#577=LINE('',#576,#575);
#578=CURVE_STYLE('',#20,POSITIVE_LENGTH_MEASURE(2.E-2),#5);
#579=PRESENTATION_STYLE_ASSIGNMENT((#578));
#580=STYLED_ITEM('',(#579),#577);
#581=DIRECTION('',(1.E0,0.E0,0.E0));
#582=VECTOR('',#581,5.842904415646E-1);
#583=CARTESIAN_POINT('',(-2.838429044156E1,-9.E-1,3.75E1));
#584=LINE('',#583,#582);
#585=CURVE_STYLE('',#20,POSITIVE_LENGTH_MEASURE(2.E-2),#5);
#586=PRESENTATION_STYLE_ASSIGNMENT((#585));
#587=STYLED_ITEM('',(#586),#584);
#588=DIRECTION('',(0.E0,0.E0,-1.E0));
#589=VECTOR('',#588,5.E0);
#590=CARTESIAN_POINT('',(-2.78E1,-9.E-1,3.75E1));
#591=LINE('',#590,#589);
#592=CURVE_STYLE('',#20,POSITIVE_LENGTH_MEASURE(2.E-2),#5);
#593=PRESENTATION_STYLE_ASSIGNMENT((#592));
#594=STYLED_ITEM('',(#593),#591);
#595=DIRECTION('',(-1.E0,0.E0,0.E0));
#596=VECTOR('',#595,5.842904415646E-1);
#597=CARTESIAN_POINT('',(-2.78E1,-9.E-1,3.25E1));
#598=LINE('',#597,#596);
#599=CURVE_STYLE('',#20,POSITIVE_LENGTH_MEASURE(2.E-2),#5);
#600=PRESENTATION_STYLE_ASSIGNMENT((#599));
#601=STYLED_ITEM('',(#600),#598);
#602=DIRECTION('',(0.E0,0.E0,1.E0));
#603=VECTOR('',#602,5.842904415646E-1);
#604=CARTESIAN_POINT('',(-2.5E0,-9.E-1,-4.638429044156E1));
#605=LINE('',#604,#603);
#606=CURVE_STYLE('',#20,POSITIVE_LENGTH_MEASURE(2.E-2),#5);
#607=PRESENTATION_STYLE_ASSIGNMENT((#606));
#608=STYLED_ITEM('',(#607),#605);
#609=DIRECTION('',(1.E0,0.E0,0.E0));
#610=VECTOR('',#609,5.E0);
#611=CARTESIAN_POINT('',(-2.5E0,-9.E-1,-4.58E1));
#612=LINE('',#611,#610);
#613=CURVE_STYLE('',#20,POSITIVE_LENGTH_MEASURE(2.E-2),#5);
#614=PRESENTATION_STYLE_ASSIGNMENT((#613));
#615=STYLED_ITEM('',(#614),#612);
#616=DIRECTION('',(0.E0,0.E0,-1.E0));
#617=VECTOR('',#616,5.842904415646E-1);
#618=CARTESIAN_POINT('',(2.5E0,-9.E-1,-4.58E1));
#619=LINE('',#618,#617);
#620=CURVE_STYLE('',#20,POSITIVE_LENGTH_MEASURE(2.E-2),#5);
#621=PRESENTATION_STYLE_ASSIGNMENT((#620));
#622=STYLED_ITEM('',(#621),#619);
#623=DIRECTION('',(0.E0,0.E0,-1.E0));
#624=VECTOR('',#623,5.E0);
#625=CARTESIAN_POINT('',(2.838429044156E1,-9.E-1,-3.25E1));
#626=LINE('',#625,#624);
#627=CURVE_STYLE('',#20,POSITIVE_LENGTH_MEASURE(2.E-2),#5);
#628=PRESENTATION_STYLE_ASSIGNMENT((#627));
#629=STYLED_ITEM('',(#628),#626);
#630=DIRECTION('',(-1.745240643728E-2,-9.998476951564E-1,0.E0));
#631=VECTOR('',#630,9.001370952395E-1);
#632=CARTESIAN_POINT('',(2.84E1,0.E0,-3.25E1));
#633=LINE('',#632,#631);
#634=CURVE_STYLE('',#20,POSITIVE_LENGTH_MEASURE(2.E-2),#5);
#635=PRESENTATION_STYLE_ASSIGNMENT((#634));
#636=STYLED_ITEM('',(#635),#633);
#637=DIRECTION('',(-1.745240643728E-2,-9.998476951564E-1,0.E0));
#638=VECTOR('',#637,9.001370952395E-1);
#639=CARTESIAN_POINT('',(2.84E1,0.E0,3.25E1));
#640=LINE('',#639,#638);
#641=CURVE_STYLE('',#20,POSITIVE_LENGTH_MEASURE(2.E-2),#5);
#642=PRESENTATION_STYLE_ASSIGNMENT((#641));
#643=STYLED_ITEM('',(#642),#640);
#644=DIRECTION('',(0.E0,0.E0,-1.E0));
#645=VECTOR('',#644,5.E0);
#646=CARTESIAN_POINT('',(2.838429044156E1,-9.E-1,3.75E1));
#647=LINE('',#646,#645);
#648=CURVE_STYLE('',#20,POSITIVE_LENGTH_MEASURE(2.E-2),#5);
#649=PRESENTATION_STYLE_ASSIGNMENT((#648));
#650=STYLED_ITEM('',(#649),#647);
#651=DIRECTION('',(-1.745240643728E-2,-9.998476951564E-1,0.E0));
#652=VECTOR('',#651,9.001370952395E-1);
#653=CARTESIAN_POINT('',(2.84E1,0.E0,3.75E1));
#654=LINE('',#653,#652);
#655=CURVE_STYLE('',#20,POSITIVE_LENGTH_MEASURE(2.E-2),#5);
#656=PRESENTATION_STYLE_ASSIGNMENT((#655));
#657=STYLED_ITEM('',(#656),#654);
#658=DIRECTION('',(-1.745240643728E-2,-9.998476951564E-1,0.E0));
#659=VECTOR('',#658,3.000456984132E0);
#660=CARTESIAN_POINT('',(2.84E1,0.E0,4.5E1));
#661=LINE('',#660,#659);
#662=CURVE_STYLE('',#20,POSITIVE_LENGTH_MEASURE(2.E-2),#5);
#663=PRESENTATION_STYLE_ASSIGNMENT((#662));
#664=STYLED_ITEM('',(#663),#661);
#665=DIRECTION('',(-1.745240643728E-2,-9.998476951564E-1,0.E0));
#666=VECTOR('',#665,9.001370952395E-1);
#667=CARTESIAN_POINT('',(2.84E1,0.E0,-3.75E1));
#668=LINE('',#667,#666);
#669=CURVE_STYLE('',#20,POSITIVE_LENGTH_MEASURE(2.E-2),#5);
#670=PRESENTATION_STYLE_ASSIGNMENT((#669));
#671=STYLED_ITEM('',(#670),#668);
#672=DIRECTION('',(-7.071067811865E-1,-7.071067811865E-1,0.E0));
#673=VECTOR('',#672,7.071067811865E-1);
#674=CARTESIAN_POINT('',(2.83E1,0.E0,-3.25E1));
#675=LINE('',#674,#673);
#676=CURVE_STYLE('',#20,POSITIVE_LENGTH_MEASURE(2.E-2),#5);
#677=PRESENTATION_STYLE_ASSIGNMENT((#676));
#678=STYLED_ITEM('',(#677),#675);
#679=DIRECTION('',(0.E0,-1.E0,0.E0));
#680=VECTOR('',#679,4.E-1);
#681=CARTESIAN_POINT('',(2.78E1,-5.E-1,-3.25E1));
#682=LINE('',#681,#680);
#683=CURVE_STYLE('',#20,POSITIVE_LENGTH_MEASURE(2.E-2),#5);
#684=PRESENTATION_STYLE_ASSIGNMENT((#683));
#685=STYLED_ITEM('',(#684),#682);
#686=DIRECTION('',(0.E0,0.E0,1.E0));
#687=VECTOR('',#686,5.E0);
#688=CARTESIAN_POINT('',(2.78E1,-5.E-1,-3.75E1));
#689=LINE('',#688,#687);
#690=CURVE_STYLE('',#20,POSITIVE_LENGTH_MEASURE(2.E-2),#5);
#691=PRESENTATION_STYLE_ASSIGNMENT((#690));
#692=STYLED_ITEM('',(#691),#689);
#693=DIRECTION('',(0.E0,-1.E0,0.E0));
#694=VECTOR('',#693,4.E-1);
#695=CARTESIAN_POINT('',(2.78E1,-5.E-1,-3.75E1));
#696=LINE('',#695,#694);
#697=CURVE_STYLE('',#20,POSITIVE_LENGTH_MEASURE(2.E-2),#5);
#698=PRESENTATION_STYLE_ASSIGNMENT((#697));
#699=STYLED_ITEM('',(#698),#696);
#700=DIRECTION('',(7.071067811865E-1,7.071067811865E-1,0.E0));
#701=VECTOR('',#700,7.071067811865E-1);
#702=CARTESIAN_POINT('',(2.78E1,-5.E-1,-3.75E1));
#703=LINE('',#702,#701);
#704=CURVE_STYLE('',#20,POSITIVE_LENGTH_MEASURE(2.E-2),#5);
#705=PRESENTATION_STYLE_ASSIGNMENT((#704));
#706=STYLED_ITEM('',(#705),#703);
#707=DIRECTION('',(7.071067811865E-1,7.071067811865E-1,0.E0));
#708=VECTOR('',#707,7.071067811865E-1);
#709=CARTESIAN_POINT('',(2.78E1,-5.E-1,3.25E1));
#710=LINE('',#709,#708);
#711=CURVE_STYLE('',#20,POSITIVE_LENGTH_MEASURE(2.E-2),#5);
#712=PRESENTATION_STYLE_ASSIGNMENT((#711));
#713=STYLED_ITEM('',(#712),#710);
#714=DIRECTION('',(-7.071067811865E-1,-7.071067811865E-1,0.E0));
#715=VECTOR('',#714,7.071067811865E-1);
#716=CARTESIAN_POINT('',(2.83E1,0.E0,3.75E1));
#717=LINE('',#716,#715);
#718=CURVE_STYLE('',#20,POSITIVE_LENGTH_MEASURE(2.E-2),#5);
#719=PRESENTATION_STYLE_ASSIGNMENT((#718));
#720=STYLED_ITEM('',(#719),#717);
#721=DIRECTION('',(0.E0,-1.E0,3.552713678800E-14));
#722=VECTOR('',#721,4.E-1);
#723=CARTESIAN_POINT('',(2.78E1,-5.E-1,3.75E1));
#724=LINE('',#723,#722);
#725=CURVE_STYLE('',#20,POSITIVE_LENGTH_MEASURE(2.E-2),#5);
#726=PRESENTATION_STYLE_ASSIGNMENT((#725));
#727=STYLED_ITEM('',(#726),#724);
#728=DIRECTION('',(0.E0,0.E0,1.E0));
#729=VECTOR('',#728,5.E0);
#730=CARTESIAN_POINT('',(2.78E1,-5.E-1,3.25E1));
#731=LINE('',#730,#729);
#732=CURVE_STYLE('',#20,POSITIVE_LENGTH_MEASURE(2.E-2),#5);
#733=PRESENTATION_STYLE_ASSIGNMENT((#732));
#734=STYLED_ITEM('',(#733),#731);
#735=DIRECTION('',(0.E0,-1.E0,3.552713678800E-14));
#736=VECTOR('',#735,4.E-1);
#737=CARTESIAN_POINT('',(2.78E1,-5.E-1,3.25E1));
#738=LINE('',#737,#736);
#739=CURVE_STYLE('',#20,POSITIVE_LENGTH_MEASURE(2.E-2),#5);
#740=PRESENTATION_STYLE_ASSIGNMENT((#739));
#741=STYLED_ITEM('',(#740),#738);
#742=DIRECTION('',(0.E0,-9.998476951564E-1,-1.745240643728E-2));
#743=VECTOR('',#742,3.000456984132E0);
#744=CARTESIAN_POINT('',(2.7E1,0.E0,4.64E1));
#745=LINE('',#744,#743);
#746=CURVE_STYLE('',#20,POSITIVE_LENGTH_MEASURE(2.E-2),#5);
#747=PRESENTATION_STYLE_ASSIGNMENT((#746));
#748=STYLED_ITEM('',(#747),#745);
#749=DIRECTION('',(1.E0,0.E0,0.E0));
#750=VECTOR('',#749,5.4E1);
#751=CARTESIAN_POINT('',(-2.7E1,-3.E0,4.634763480522E1));
#752=LINE('',#751,#750);
#753=CURVE_STYLE('',#20,POSITIVE_LENGTH_MEASURE(2.E-2),#5);
#754=PRESENTATION_STYLE_ASSIGNMENT((#753));
#755=STYLED_ITEM('',(#754),#752);
#756=CARTESIAN_POINT('',(-2.7E1,-3.E0,4.5E1));
#757=DIRECTION('',(0.E0,1.E0,0.E0));
#758=DIRECTION('',(-1.E0,0.E0,0.E0));
#759=AXIS2_PLACEMENT_3D('',#756,#757,#758);
#761=CURVE_STYLE('',#20,POSITIVE_LENGTH_MEASURE(2.E-2),#5);
#762=PRESENTATION_STYLE_ASSIGNMENT((#761));
#763=STYLED_ITEM('',(#762),#760);
#764=DIRECTION('',(0.E0,0.E0,1.E0));
#765=VECTOR('',#764,9.E1);
#766=CARTESIAN_POINT('',(-2.834763480522E1,-3.E0,-4.5E1));
#767=LINE('',#766,#765);
#768=CURVE_STYLE('',#20,POSITIVE_LENGTH_MEASURE(2.E-2),#5);
#769=PRESENTATION_STYLE_ASSIGNMENT((#768));
#770=STYLED_ITEM('',(#769),#767);
#771=CARTESIAN_POINT('',(-2.7E1,-3.E0,-4.5E1));
#772=DIRECTION('',(0.E0,1.E0,0.E0));
#773=DIRECTION('',(0.E0,0.E0,-1.E0));
#774=AXIS2_PLACEMENT_3D('',#771,#772,#773);
#776=CURVE_STYLE('',#20,POSITIVE_LENGTH_MEASURE(2.E-2),#5);
#777=PRESENTATION_STYLE_ASSIGNMENT((#776));
#778=STYLED_ITEM('',(#777),#775);
#779=DIRECTION('',(-1.E0,0.E0,0.E0));
#780=VECTOR('',#779,5.4E1);
#781=CARTESIAN_POINT('',(2.7E1,-3.E0,-4.634763480522E1));
#782=LINE('',#781,#780);
#783=CURVE_STYLE('',#20,POSITIVE_LENGTH_MEASURE(2.E-2),#5);
#784=PRESENTATION_STYLE_ASSIGNMENT((#783));
#785=STYLED_ITEM('',(#784),#782);
#786=CARTESIAN_POINT('',(2.7E1,-3.E0,-4.5E1));
#787=DIRECTION('',(0.E0,1.E0,0.E0));
#788=DIRECTION('',(1.E0,0.E0,0.E0));
#789=AXIS2_PLACEMENT_3D('',#786,#787,#788);
#791=CURVE_STYLE('',#20,POSITIVE_LENGTH_MEASURE(2.E-2),#5);
#792=PRESENTATION_STYLE_ASSIGNMENT((#791));
#793=STYLED_ITEM('',(#792),#790);
#794=DIRECTION('',(0.E0,0.E0,-1.E0));
#795=VECTOR('',#794,9.E1);
#796=CARTESIAN_POINT('',(2.834763480522E1,-3.E0,4.5E1));
#797=LINE('',#796,#795);
#798=CURVE_STYLE('',#20,POSITIVE_LENGTH_MEASURE(2.E-2),#5);
#799=PRESENTATION_STYLE_ASSIGNMENT((#798));
#800=STYLED_ITEM('',(#799),#797);
#801=CARTESIAN_POINT('',(2.7E1,-3.E0,4.5E1));
#802=DIRECTION('',(0.E0,1.E0,0.E0));
#803=DIRECTION('',(0.E0,0.E0,1.E0));
#804=AXIS2_PLACEMENT_3D('',#801,#802,#803);
#806=CURVE_STYLE('',#20,POSITIVE_LENGTH_MEASURE(2.E-2),#5);
#807=PRESENTATION_STYLE_ASSIGNMENT((#806));
#808=STYLED_ITEM('',(#807),#805);
#809=DIRECTION('',(-1.E0,0.E0,0.E0));
#810=VECTOR('',#809,2.503846381456E-1);
#811=CARTESIAN_POINT('',(-2.724961536185E1,-3.E0,4.1E1));
#812=LINE('',#811,#810);
#813=CURVE_STYLE('',#20,POSITIVE_LENGTH_MEASURE(2.E-2),#5);
#814=PRESENTATION_STYLE_ASSIGNMENT((#813));
#815=STYLED_ITEM('',(#814),#812);
#816=DIRECTION('',(1.E0,0.E0,0.E0));
#817=VECTOR('',#816,2.503846381456E-1);
#818=CARTESIAN_POINT('',(-2.75E1,-3.E0,4.3E1));
#819=LINE('',#818,#817);
#820=CURVE_STYLE('',#20,POSITIVE_LENGTH_MEASURE(2.E-2),#5);
#821=PRESENTATION_STYLE_ASSIGNMENT((#820));
#822=STYLED_ITEM('',(#821),#819);
#823=DIRECTION('',(0.E0,0.E0,1.E0));
#824=VECTOR('',#823,2.503846381456E-1);
#825=CARTESIAN_POINT('',(-2.5E1,-3.E0,4.524961536185E1));
#826=LINE('',#825,#824);
#827=CURVE_STYLE('',#20,POSITIVE_LENGTH_MEASURE(2.E-2),#5);
#828=PRESENTATION_STYLE_ASSIGNMENT((#827));
#829=STYLED_ITEM('',(#828),#826);
#830=DIRECTION('',(0.E0,0.E0,-1.E0));
#831=VECTOR('',#830,2.503846381456E-1);
#832=CARTESIAN_POINT('',(-2.3E1,-3.E0,4.55E1));
#833=LINE('',#832,#831);
#834=CURVE_STYLE('',#20,POSITIVE_LENGTH_MEASURE(2.E-2),#5);
#835=PRESENTATION_STYLE_ASSIGNMENT((#834));
#836=STYLED_ITEM('',(#835),#833);
#837=DIRECTION('',(0.E0,0.E0,1.E0));
#838=VECTOR('',#837,2.503846381456E-1);
#839=CARTESIAN_POINT('',(2.3E1,-3.E0,4.524961536185E1));
#840=LINE('',#839,#838);
#841=CURVE_STYLE('',#20,POSITIVE_LENGTH_MEASURE(2.E-2),#5);
#842=PRESENTATION_STYLE_ASSIGNMENT((#841));
#843=STYLED_ITEM('',(#842),#840);
#844=DIRECTION('',(0.E0,0.E0,-1.E0));
#845=VECTOR('',#844,2.503846381456E-1);
#846=CARTESIAN_POINT('',(2.5E1,-3.E0,4.55E1));
#847=LINE('',#846,#845);
#848=CURVE_STYLE('',#20,POSITIVE_LENGTH_MEASURE(2.E-2),#5);
#849=PRESENTATION_STYLE_ASSIGNMENT((#848));
#850=STYLED_ITEM('',(#849),#847);
#851=DIRECTION('',(1.E0,0.E0,0.E0));
#852=VECTOR('',#851,2.503846381456E-1);
#853=CARTESIAN_POINT('',(2.724961536185E1,-3.E0,4.3E1));
#854=LINE('',#853,#852);
#855=CURVE_STYLE('',#20,POSITIVE_LENGTH_MEASURE(2.E-2),#5);
#856=PRESENTATION_STYLE_ASSIGNMENT((#855));
#857=STYLED_ITEM('',(#856),#854);
#858=DIRECTION('',(-1.E0,0.E0,0.E0));
#859=VECTOR('',#858,2.503846381456E-1);
#860=CARTESIAN_POINT('',(2.75E1,-3.E0,4.1E1));
#861=LINE('',#860,#859);
#862=CURVE_STYLE('',#20,POSITIVE_LENGTH_MEASURE(2.E-2),#5);
#863=PRESENTATION_STYLE_ASSIGNMENT((#862));
#864=STYLED_ITEM('',(#863),#861);
#865=DIRECTION('',(1.E0,0.E0,0.E0));
#866=VECTOR('',#865,2.503846381456E-1);
#867=CARTESIAN_POINT('',(2.724961536185E1,-3.E0,-4.1E1));
#868=LINE('',#867,#866);
#869=CURVE_STYLE('',#20,POSITIVE_LENGTH_MEASURE(2.E-2),#5);
#870=PRESENTATION_STYLE_ASSIGNMENT((#869));
#871=STYLED_ITEM('',(#870),#868);
#872=DIRECTION('',(-1.E0,0.E0,0.E0));
#873=VECTOR('',#872,2.503846381456E-1);
#874=CARTESIAN_POINT('',(2.75E1,-3.E0,-4.3E1));
#875=LINE('',#874,#873);
#876=CURVE_STYLE('',#20,POSITIVE_LENGTH_MEASURE(2.E-2),#5);
#877=PRESENTATION_STYLE_ASSIGNMENT((#876));
#878=STYLED_ITEM('',(#877),#875);
#879=DIRECTION('',(0.E0,0.E0,-1.E0));
#880=VECTOR('',#879,2.503846381456E-1);
#881=CARTESIAN_POINT('',(2.5E1,-3.E0,-4.524961536185E1));
#882=LINE('',#881,#880);
#883=CURVE_STYLE('',#20,POSITIVE_LENGTH_MEASURE(2.E-2),#5);
#884=PRESENTATION_STYLE_ASSIGNMENT((#883));
#885=STYLED_ITEM('',(#884),#882);
#886=DIRECTION('',(0.E0,0.E0,1.E0));
#887=VECTOR('',#886,2.503846381456E-1);
#888=CARTESIAN_POINT('',(2.3E1,-3.E0,-4.55E1));
#889=LINE('',#888,#887);
#890=CURVE_STYLE('',#20,POSITIVE_LENGTH_MEASURE(2.E-2),#5);
#891=PRESENTATION_STYLE_ASSIGNMENT((#890));
#892=STYLED_ITEM('',(#891),#889);
#893=DIRECTION('',(0.E0,0.E0,-1.E0));
#894=VECTOR('',#893,2.503846381456E-1);
#895=CARTESIAN_POINT('',(-2.3E1,-3.E0,-4.524961536185E1));
#896=LINE('',#895,#894);
#897=CURVE_STYLE('',#20,POSITIVE_LENGTH_MEASURE(2.E-2),#5);
#898=PRESENTATION_STYLE_ASSIGNMENT((#897));
#899=STYLED_ITEM('',(#898),#896);
#900=DIRECTION('',(0.E0,0.E0,1.E0));
#901=VECTOR('',#900,2.503846381456E-1);
#902=CARTESIAN_POINT('',(-2.5E1,-3.E0,-4.55E1));
#903=LINE('',#902,#901);
#904=CURVE_STYLE('',#20,POSITIVE_LENGTH_MEASURE(2.E-2),#5);
#905=PRESENTATION_STYLE_ASSIGNMENT((#904));
#906=STYLED_ITEM('',(#905),#903);
#907=DIRECTION('',(-1.E0,0.E0,0.E0));
#908=VECTOR('',#907,2.503846381456E-1);
#909=CARTESIAN_POINT('',(-2.724961536185E1,-3.E0,-4.3E1));
#910=LINE('',#909,#908);
#911=CURVE_STYLE('',#20,POSITIVE_LENGTH_MEASURE(2.E-2),#5);
#912=PRESENTATION_STYLE_ASSIGNMENT((#911));
#913=STYLED_ITEM('',(#912),#910);
#914=DIRECTION('',(1.E0,0.E0,0.E0));
#915=VECTOR('',#914,2.503846381456E-1);
#916=CARTESIAN_POINT('',(-2.75E1,-3.E0,-4.1E1));
#917=LINE('',#916,#915);
#918=CURVE_STYLE('',#20,POSITIVE_LENGTH_MEASURE(2.E-2),#5);
#919=PRESENTATION_STYLE_ASSIGNMENT((#918));
#920=STYLED_ITEM('',(#919),#917);
#921=DIRECTION('',(0.E0,-9.998476951564E-1,1.745240643728E-2));
#922=VECTOR('',#921,3.000456984132E0);
#923=CARTESIAN_POINT('',(-2.7E1,0.E0,-4.64E1));
#924=LINE('',#923,#922);
#925=CURVE_STYLE('',#20,POSITIVE_LENGTH_MEASURE(2.E-2),#5);
#926=PRESENTATION_STYLE_ASSIGNMENT((#925));
#927=STYLED_ITEM('',(#926),#924);
#928=DIRECTION('',(-1.E0,0.E0,0.E0));
#929=VECTOR('',#928,5.E0);
#930=CARTESIAN_POINT('',(2.5E0,-9.E-1,-4.638429044156E1));
#931=LINE('',#930,#929);
#932=CURVE_STYLE('',#20,POSITIVE_LENGTH_MEASURE(2.E-2),#5);
#933=PRESENTATION_STYLE_ASSIGNMENT((#932));
#934=STYLED_ITEM('',(#933),#931);
#935=DIRECTION('',(0.E0,-9.998476951564E-1,1.745240643729E-2));
#936=VECTOR('',#935,9.001370952395E-1);
#937=CARTESIAN_POINT('',(2.5E0,0.E0,-4.64E1));
#938=LINE('',#937,#936);
#939=CURVE_STYLE('',#20,POSITIVE_LENGTH_MEASURE(2.E-2),#5);
#940=PRESENTATION_STYLE_ASSIGNMENT((#939));
#941=STYLED_ITEM('',(#940),#938);
#942=DIRECTION('',(0.E0,-9.998476951564E-1,1.745240643728E-2));
#943=VECTOR('',#942,3.000456984132E0);
#944=CARTESIAN_POINT('',(2.7E1,0.E0,-4.64E1));
#945=LINE('',#944,#943);
#946=CURVE_STYLE('',#20,POSITIVE_LENGTH_MEASURE(2.E-2),#5);
#947=PRESENTATION_STYLE_ASSIGNMENT((#946));
#948=STYLED_ITEM('',(#947),#945);
#949=CARTESIAN_POINT('',(-1.669065296467E1,0.E0,-4.64E1));
#950=CARTESIAN_POINT('',(-1.667533645650E1,-1.000942100615E-1,
-4.639825284906E1));
#951=CARTESIAN_POINT('',(-1.664470344015E1,-2.440684603277E-1,
-4.639573976918E1));
#952=CARTESIAN_POINT('',(-1.658343740746E1,-4.677428233547E-1,
-4.639183551865E1));
#953=CARTESIAN_POINT('',(-1.650685486659E1,-6.759700504567E-1,
-4.638820089888E1));
#954=CARTESIAN_POINT('',(-1.641495581755E1,-8.775151004276E-1,
-4.638468291695E1));
#955=CARTESIAN_POINT('',(-1.629242375216E1,-1.103125288400E0,
-4.638074487647E1));
#956=CARTESIAN_POINT('',(-1.613925867043E1,-1.331090104185E0,
-4.637676573581E1));
#957=CARTESIAN_POINT('',(-1.595546057234E1,-1.552696209880E0,
-4.637289758684E1));
#958=CARTESIAN_POINT('',(-1.577166247426E1,-1.737192665093E0,
-4.636967718924E1));
#959=CARTESIAN_POINT('',(-1.552659834349E1,-1.945154159525E0,
-4.636604720785E1));
#960=CARTESIAN_POINT('',(-1.522026818002E1,-2.147565560330E0,
-4.636251410371E1));
#961=CARTESIAN_POINT('',(-1.485267198385E1,-2.322459525740E0,
-4.635946131819E1));
#962=CARTESIAN_POINT('',(-1.436254372230E1,-2.480434741219E0,
-4.635670385054E1));
#963=CARTESIAN_POINT('',(-1.374988339536E1,-2.554711394415E0,
-4.635540734674E1));
#964=CARTESIAN_POINT('',(-1.313722306842E1,-2.480434741219E0,
-4.635670385054E1));
#965=CARTESIAN_POINT('',(-1.264709480686E1,-2.322459525740E0,
-4.635946131819E1));
#966=CARTESIAN_POINT('',(-1.227949861070E1,-2.147565560330E0,
-4.636251410371E1));
#967=CARTESIAN_POINT('',(-1.197316844723E1,-1.945154159525E0,
-4.636604720785E1));
#968=CARTESIAN_POINT('',(-1.172810431645E1,-1.737192665093E0,
-4.636967718924E1));
#969=CARTESIAN_POINT('',(-1.154430621837E1,-1.552696209880E0,
-4.637289758684E1));
#970=CARTESIAN_POINT('',(-1.136050812029E1,-1.331090104185E0,
-4.637676573581E1));
#971=CARTESIAN_POINT('',(-1.120734303855E1,-1.103125288400E0,
-4.638074487647E1));
#972=CARTESIAN_POINT('',(-1.108481097316E1,-8.775151004276E-1,
-4.638468291695E1));
#973=CARTESIAN_POINT('',(-1.099291192412E1,-6.759700504567E-1,
-4.638820089888E1));
#974=CARTESIAN_POINT('',(-1.091632938325E1,-4.677428233547E-1,
-4.639183551865E1));
#975=CARTESIAN_POINT('',(-1.085506335056E1,-2.440684603277E-1,
-4.639573976918E1));
#976=CARTESIAN_POINT('',(-1.082443033421E1,-1.000942100615E-1,
-4.639825284906E1));
#977=CARTESIAN_POINT('',(-1.080911382604E1,0.E0,-4.64E1));
#979=CURVE_STYLE('',#20,POSITIVE_LENGTH_MEASURE(2.E-2),#5);
#980=PRESENTATION_STYLE_ASSIGNMENT((#979));
#981=STYLED_ITEM('',(#980),#978);
#982=DIRECTION('',(0.E0,-9.998476951564E-1,1.745240643729E-2));
#983=VECTOR('',#982,9.001370952395E-1);
#984=CARTESIAN_POINT('',(-2.5E0,0.E0,-4.64E1));
#985=LINE('',#984,#983);
#986=CURVE_STYLE('',#20,POSITIVE_LENGTH_MEASURE(2.E-2),#5);
#987=PRESENTATION_STYLE_ASSIGNMENT((#986));
#988=STYLED_ITEM('',(#987),#985);
#989=DIRECTION('',(0.E0,-7.071067811865E-1,7.071067811865E-1));
#990=VECTOR('',#989,7.071067811865E-1);
#991=CARTESIAN_POINT('',(2.5E0,0.E0,-4.63E1));
#992=LINE('',#991,#990);
#993=CURVE_STYLE('',#20,POSITIVE_LENGTH_MEASURE(2.E-2),#5);
#994=PRESENTATION_STYLE_ASSIGNMENT((#993));
#995=STYLED_ITEM('',(#994),#992);
#996=DIRECTION('',(0.E0,-1.E0,0.E0));
#997=VECTOR('',#996,4.E-1);
#998=CARTESIAN_POINT('',(2.5E0,-5.E-1,-4.58E1));
#999=LINE('',#998,#997);
#1000=CURVE_STYLE('',#20,POSITIVE_LENGTH_MEASURE(2.E-2),#5);
#1001=PRESENTATION_STYLE_ASSIGNMENT((#1000));
#1002=STYLED_ITEM('',(#1001),#999);
#1003=DIRECTION('',(1.E0,0.E0,0.E0));
#1004=VECTOR('',#1003,5.E0);
#1005=CARTESIAN_POINT('',(-2.5E0,-5.E-1,-4.58E1));
#1006=LINE('',#1005,#1004);
#1007=CURVE_STYLE('',#20,POSITIVE_LENGTH_MEASURE(2.E-2),#5);
#1008=PRESENTATION_STYLE_ASSIGNMENT((#1007));
#1009=STYLED_ITEM('',(#1008),#1006);
#1010=DIRECTION('',(0.E0,-1.E0,0.E0));
#1011=VECTOR('',#1010,4.E-1);
#1012=CARTESIAN_POINT('',(-2.5E0,-5.E-1,-4.58E1));
#1013=LINE('',#1012,#1011);
#1014=CURVE_STYLE('',#20,POSITIVE_LENGTH_MEASURE(2.E-2),#5);
#1015=PRESENTATION_STYLE_ASSIGNMENT((#1014));
#1016=STYLED_ITEM('',(#1015),#1013);
#1017=DIRECTION('',(0.E0,7.071067811865E-1,-7.071067811865E-1));
#1018=VECTOR('',#1017,7.071067811865E-1);
#1019=CARTESIAN_POINT('',(-2.5E0,-5.E-1,-4.58E1));
#1020=LINE('',#1019,#1018);
#1021=CURVE_STYLE('',#20,POSITIVE_LENGTH_MEASURE(2.E-2),#5);
#1022=PRESENTATION_STYLE_ASSIGNMENT((#1021));
#1023=STYLED_ITEM('',(#1022),#1020);
#1024=DIRECTION('',(-1.745240643728E-2,-9.998476951564E-1,0.E0));
#1025=VECTOR('',#1024,3.000456984132E0);
#1026=CARTESIAN_POINT('',(2.84E1,0.E0,-4.5E1));
#1027=LINE('',#1026,#1025);
#1028=CURVE_STYLE('',#20,POSITIVE_LENGTH_MEASURE(2.E-2),#5);
#1029=PRESENTATION_STYLE_ASSIGNMENT((#1028));
#1030=STYLED_ITEM('',(#1029),#1027);
#1031=CARTESIAN_POINT('',(-1.374988339536E1,4.499992668630E-1,-4.75E1));
#1032=DIRECTION('',(0.E0,0.E0,1.E0));
#1033=DIRECTION('',(-9.884939728798E-1,-1.512602577691E-1,0.E0));
#1034=AXIS2_PLACEMENT_3D('',#1031,#1032,#1033);
#1036=CURVE_STYLE('',#20,POSITIVE_LENGTH_MEASURE(2.E-2),#5);
#1037=PRESENTATION_STYLE_ASSIGNMENT((#1036));
#1038=STYLED_ITEM('',(#1037),#1035);
#1039=DIRECTION('',(1.E0,0.E0,0.E0));
#1040=VECTOR('',#1039,5.399999999665E1);
#1041=CARTESIAN_POINT('',(-2.699999999839E1,-1.05E1,-4.75E1));
#1042=LINE('',#1041,#1040);
#1043=CURVE_STYLE('',#20,POSITIVE_LENGTH_MEASURE(2.E-2),#5);
#1044=PRESENTATION_STYLE_ASSIGNMENT((#1043));
#1045=STYLED_ITEM('',(#1044),#1042);
#1046=DIRECTION('',(-1.653033688767E-10,-1.E0,0.E0));
#1047=VECTOR('',#1046,1.05E1);
#1048=CARTESIAN_POINT('',(2.7E1,0.E0,-4.75E1));
#1049=LINE('',#1048,#1047);
#1050=CURVE_STYLE('',#20,POSITIVE_LENGTH_MEASURE(2.E-2),#5);
#1051=PRESENTATION_STYLE_ASSIGNMENT((#1050));
#1052=STYLED_ITEM('',(#1051),#1049);
#1053=CARTESIAN_POINT('',(-2.7E1,-1.05E1,-4.5E1));
#1054=DIRECTION('',(0.E0,-1.E0,0.E0));
#1055=DIRECTION('',(-1.E0,0.E0,0.E0));
#1056=AXIS2_PLACEMENT_3D('',#1053,#1054,#1055);
#1058=CURVE_STYLE('',#20,POSITIVE_LENGTH_MEASURE(2.E-2),#5);
#1059=PRESENTATION_STYLE_ASSIGNMENT((#1058));
#1060=STYLED_ITEM('',(#1059),#1057);
#1061=DIRECTION('',(1.534061766506E-10,-1.E0,0.E0));
#1062=VECTOR('',#1061,1.05E1);
#1063=CARTESIAN_POINT('',(-2.7E1,0.E0,-4.75E1));
#1064=LINE('',#1063,#1062);
#1065=CURVE_STYLE('',#20,POSITIVE_LENGTH_MEASURE(2.E-2),#5);
#1066=PRESENTATION_STYLE_ASSIGNMENT((#1065));
#1067=STYLED_ITEM('',(#1066),#1064);
#1068=CARTESIAN_POINT('',(-2.85E1,-1.05E1,-4.5E1));
#1069=DIRECTION('',(0.E0,0.E0,-1.E0));
#1070=DIRECTION('',(0.E0,-1.E0,0.E0));
#1071=AXIS2_PLACEMENT_3D('',#1068,#1069,#1070);
#1073=CURVE_STYLE('',#20,POSITIVE_LENGTH_MEASURE(2.E-2),#5);
#1074=PRESENTATION_STYLE_ASSIGNMENT((#1073));
#1075=STYLED_ITEM('',(#1074),#1072);
#1076=CARTESIAN_POINT('',(2.7E1,-1.15E1,4.5E1));
#1077=DIRECTION('',(0.E0,-1.E0,0.E0));
#1078=DIRECTION('',(1.E0,0.E0,0.E0));
#1079=AXIS2_PLACEMENT_3D('',#1076,#1077,#1078);
#1081=CURVE_STYLE('',#20,POSITIVE_LENGTH_MEASURE(2.E-2),#5);
#1082=PRESENTATION_STYLE_ASSIGNMENT((#1081));
#1083=STYLED_ITEM('',(#1082),#1080);
#1084=DIRECTION('',(0.E0,0.E0,1.E0));
#1085=VECTOR('',#1084,9.E1);
#1086=CARTESIAN_POINT('',(2.85E1,-1.15E1,-4.5E1));
#1087=LINE('',#1086,#1085);
#1088=CURVE_STYLE('',#20,POSITIVE_LENGTH_MEASURE(2.E-2),#5);
#1089=PRESENTATION_STYLE_ASSIGNMENT((#1088));
#1090=STYLED_ITEM('',(#1089),#1087);
#1091=CARTESIAN_POINT('',(2.7E1,-1.15E1,-4.5E1));
#1092=DIRECTION('',(0.E0,-1.E0,0.E0));
#1093=DIRECTION('',(0.E0,0.E0,-1.E0));
#1094=AXIS2_PLACEMENT_3D('',#1091,#1092,#1093);
#1096=CURVE_STYLE('',#20,POSITIVE_LENGTH_MEASURE(2.E-2),#5);
#1097=PRESENTATION_STYLE_ASSIGNMENT((#1096));
#1098=STYLED_ITEM('',(#1097),#1095);
#1099=DIRECTION('',(1.E0,0.E0,0.E0));
#1100=VECTOR('',#1099,5.4E1);
#1101=CARTESIAN_POINT('',(-2.7E1,-1.15E1,-4.65E1));
#1102=LINE('',#1101,#1100);
#1103=CURVE_STYLE('',#20,POSITIVE_LENGTH_MEASURE(2.E-2),#5);
#1104=PRESENTATION_STYLE_ASSIGNMENT((#1103));
#1105=STYLED_ITEM('',(#1104),#1102);
#1106=CARTESIAN_POINT('',(-2.7E1,-1.15E1,-4.5E1));
#1107=DIRECTION('',(0.E0,-1.E0,0.E0));
#1108=DIRECTION('',(-1.E0,0.E0,0.E0));
#1109=AXIS2_PLACEMENT_3D('',#1106,#1107,#1108);
#1111=CURVE_STYLE('',#20,POSITIVE_LENGTH_MEASURE(2.E-2),#5);
#1112=PRESENTATION_STYLE_ASSIGNMENT((#1111));
#1113=STYLED_ITEM('',(#1112),#1110);
#1114=DIRECTION('',(0.E0,0.E0,-1.E0));
#1115=VECTOR('',#1114,9.E1);
#1116=CARTESIAN_POINT('',(-2.85E1,-1.15E1,4.5E1));
#1117=LINE('',#1116,#1115);
#1118=CURVE_STYLE('',#20,POSITIVE_LENGTH_MEASURE(2.E-2),#5);
#1119=PRESENTATION_STYLE_ASSIGNMENT((#1118));
#1120=STYLED_ITEM('',(#1119),#1117);
#1121=CARTESIAN_POINT('',(-2.7E1,-1.15E1,4.5E1));
#1122=DIRECTION('',(0.E0,-1.E0,0.E0));
#1123=DIRECTION('',(0.E0,0.E0,1.E0));
#1124=AXIS2_PLACEMENT_3D('',#1121,#1122,#1123);
#1126=CURVE_STYLE('',#20,POSITIVE_LENGTH_MEASURE(2.E-2),#5);
#1127=PRESENTATION_STYLE_ASSIGNMENT((#1126));
#1128=STYLED_ITEM('',(#1127),#1125);
#1129=DIRECTION('',(-1.E0,0.E0,0.E0));
#1130=VECTOR('',#1129,5.4E1);
#1131=CARTESIAN_POINT('',(2.7E1,-1.15E1,4.65E1));
#1132=LINE('',#1131,#1130);
#1133=CURVE_STYLE('',#20,POSITIVE_LENGTH_MEASURE(2.E-2),#5);
#1134=PRESENTATION_STYLE_ASSIGNMENT((#1133));
#1135=STYLED_ITEM('',(#1134),#1132);
#1136=CARTESIAN_POINT('',(2.4E1,-1.15E1,4.2E1));
#1137=DIRECTION('',(0.E0,-1.E0,0.E0));
#1138=DIRECTION('',(0.E0,0.E0,-1.E0));
#1139=AXIS2_PLACEMENT_3D('',#1136,#1137,#1138);
#1141=CURVE_STYLE('',#20,POSITIVE_LENGTH_MEASURE(2.E-2),#5);
#1142=PRESENTATION_STYLE_ASSIGNMENT((#1141));
#1143=STYLED_ITEM('',(#1142),#1140);
#1144=CARTESIAN_POINT('',(2.4E1,-1.15E1,4.2E1));
#1145=DIRECTION('',(0.E0,-1.E0,0.E0));
#1146=DIRECTION('',(0.E0,0.E0,1.E0));
#1147=AXIS2_PLACEMENT_3D('',#1144,#1145,#1146);
#1149=CURVE_STYLE('',#20,POSITIVE_LENGTH_MEASURE(2.E-2),#5);
#1150=PRESENTATION_STYLE_ASSIGNMENT((#1149));
#1151=STYLED_ITEM('',(#1150),#1148);
#1152=CARTESIAN_POINT('',(-2.4E1,-1.15E1,4.2E1));
#1153=DIRECTION('',(0.E0,-1.E0,0.E0));
#1154=DIRECTION('',(0.E0,0.E0,-1.E0));
#1155=AXIS2_PLACEMENT_3D('',#1152,#1153,#1154);
#1157=CURVE_STYLE('',#20,POSITIVE_LENGTH_MEASURE(2.E-2),#5);
#1158=PRESENTATION_STYLE_ASSIGNMENT((#1157));
#1159=STYLED_ITEM('',(#1158),#1156);
#1160=CARTESIAN_POINT('',(-2.4E1,-1.15E1,4.2E1));
#1161=DIRECTION('',(0.E0,-1.E0,0.E0));
#1162=DIRECTION('',(0.E0,0.E0,1.E0));
#1163=AXIS2_PLACEMENT_3D('',#1160,#1161,#1162);
#1165=CURVE_STYLE('',#20,POSITIVE_LENGTH_MEASURE(2.E-2),#5);
#1166=PRESENTATION_STYLE_ASSIGNMENT((#1165));
#1167=STYLED_ITEM('',(#1166),#1164);
#1168=CARTESIAN_POINT('',(-2.4E1,-1.15E1,-4.2E1));
#1169=DIRECTION('',(0.E0,-1.E0,0.E0));
#1170=DIRECTION('',(0.E0,0.E0,-1.E0));
#1171=AXIS2_PLACEMENT_3D('',#1168,#1169,#1170);
#1173=CURVE_STYLE('',#20,POSITIVE_LENGTH_MEASURE(2.E-2),#5);
#1174=PRESENTATION_STYLE_ASSIGNMENT((#1173));
#1175=STYLED_ITEM('',(#1174),#1172);
#1176=CARTESIAN_POINT('',(-2.4E1,-1.15E1,-4.2E1));
#1177=DIRECTION('',(0.E0,-1.E0,0.E0));
#1178=DIRECTION('',(0.E0,0.E0,1.E0));
#1179=AXIS2_PLACEMENT_3D('',#1176,#1177,#1178);
#1181=CURVE_STYLE('',#20,POSITIVE_LENGTH_MEASURE(2.E-2),#5);
#1182=PRESENTATION_STYLE_ASSIGNMENT((#1181));
#1183=STYLED_ITEM('',(#1182),#1180);
#1184=CARTESIAN_POINT('',(0.E0,-1.15E1,3.2E1));
#1185=DIRECTION('',(0.E0,1.E0,0.E0));
#1186=DIRECTION('',(0.E0,0.E0,-1.E0));
#1187=AXIS2_PLACEMENT_3D('',#1184,#1185,#1186);
#1189=CURVE_STYLE('',#20,POSITIVE_LENGTH_MEASURE(2.E-2),#5);
#1190=PRESENTATION_STYLE_ASSIGNMENT((#1189));
#1191=STYLED_ITEM('',(#1190),#1188);
#1192=CARTESIAN_POINT('',(0.E0,-1.15E1,3.2E1));
#1193=DIRECTION('',(0.E0,1.E0,0.E0));
#1194=DIRECTION('',(0.E0,0.E0,1.E0));
#1195=AXIS2_PLACEMENT_3D('',#1192,#1193,#1194);
#1197=CURVE_STYLE('',#20,POSITIVE_LENGTH_MEASURE(2.E-2),#5);
#1198=PRESENTATION_STYLE_ASSIGNMENT((#1197));
#1199=STYLED_ITEM('',(#1198),#1196);
#1200=CARTESIAN_POINT('',(0.E0,-1.15E1,2.9E1));
#1201=DIRECTION('',(0.E0,1.E0,0.E0));
#1202=DIRECTION('',(0.E0,0.E0,-1.E0));
#1203=AXIS2_PLACEMENT_3D('',#1200,#1201,#1202);
#1205=CURVE_STYLE('',#20,POSITIVE_LENGTH_MEASURE(2.E-2),#5);
#1206=PRESENTATION_STYLE_ASSIGNMENT((#1205));
#1207=STYLED_ITEM('',(#1206),#1204);
#1208=CARTESIAN_POINT('',(0.E0,-1.15E1,2.9E1));
#1209=DIRECTION('',(0.E0,1.E0,0.E0));
#1210=DIRECTION('',(0.E0,0.E0,1.E0));
#1211=AXIS2_PLACEMENT_3D('',#1208,#1209,#1210);
#1213=CURVE_STYLE('',#20,POSITIVE_LENGTH_MEASURE(2.E-2),#5);
#1214=PRESENTATION_STYLE_ASSIGNMENT((#1213));
#1215=STYLED_ITEM('',(#1214),#1212);
#1216=CARTESIAN_POINT('',(3.E0,-1.15E1,2.9E1));
#1217=DIRECTION('',(0.E0,1.E0,0.E0));
#1218=DIRECTION('',(0.E0,0.E0,-1.E0));
#1219=AXIS2_PLACEMENT_3D('',#1216,#1217,#1218);
#1221=CURVE_STYLE('',#20,POSITIVE_LENGTH_MEASURE(2.E-2),#5);
#1222=PRESENTATION_STYLE_ASSIGNMENT((#1221));
#1223=STYLED_ITEM('',(#1222),#1220);
#1224=CARTESIAN_POINT('',(3.E0,-1.15E1,2.9E1));
#1225=DIRECTION('',(0.E0,1.E0,0.E0));
#1226=DIRECTION('',(0.E0,0.E0,1.E0));
#1227=AXIS2_PLACEMENT_3D('',#1224,#1225,#1226);
#1229=CURVE_STYLE('',#20,POSITIVE_LENGTH_MEASURE(2.E-2),#5);
#1230=PRESENTATION_STYLE_ASSIGNMENT((#1229));
#1231=STYLED_ITEM('',(#1230),#1228);
#1232=CARTESIAN_POINT('',(3.E0,-1.15E1,3.2E1));
#1233=DIRECTION('',(0.E0,1.E0,0.E0));
#1234=DIRECTION('',(0.E0,0.E0,-1.E0));
#1235=AXIS2_PLACEMENT_3D('',#1232,#1233,#1234);
#1237=CURVE_STYLE('',#20,POSITIVE_LENGTH_MEASURE(2.E-2),#5);
#1238=PRESENTATION_STYLE_ASSIGNMENT((#1237));
#1239=STYLED_ITEM('',(#1238),#1236);
#1240=CARTESIAN_POINT('',(3.E0,-1.15E1,3.2E1));
#1241=DIRECTION('',(0.E0,1.E0,0.E0));
#1242=DIRECTION('',(0.E0,0.E0,1.E0));
#1243=AXIS2_PLACEMENT_3D('',#1240,#1241,#1242);
#1245=CURVE_STYLE('',#20,POSITIVE_LENGTH_MEASURE(2.E-2),#5);
#1246=PRESENTATION_STYLE_ASSIGNMENT((#1245));
#1247=STYLED_ITEM('',(#1246),#1244);
#1248=CARTESIAN_POINT('',(3.E0,-1.15E1,3.5E1));
#1249=DIRECTION('',(0.E0,1.E0,0.E0));
#1250=DIRECTION('',(0.E0,0.E0,-1.E0));
#1251=AXIS2_PLACEMENT_3D('',#1248,#1249,#1250);
#1253=CURVE_STYLE('',#20,POSITIVE_LENGTH_MEASURE(2.E-2),#5);
#1254=PRESENTATION_STYLE_ASSIGNMENT((#1253));
#1255=STYLED_ITEM('',(#1254),#1252);
#1256=CARTESIAN_POINT('',(3.E0,-1.15E1,3.5E1));
#1257=DIRECTION('',(0.E0,1.E0,0.E0));
#1258=DIRECTION('',(0.E0,0.E0,1.E0));
#1259=AXIS2_PLACEMENT_3D('',#1256,#1257,#1258);
#1261=CURVE_STYLE('',#20,POSITIVE_LENGTH_MEASURE(2.E-2),#5);
#1262=PRESENTATION_STYLE_ASSIGNMENT((#1261));
#1263=STYLED_ITEM('',(#1262),#1260);
#1264=CARTESIAN_POINT('',(0.E0,-1.15E1,3.5E1));
#1265=DIRECTION('',(0.E0,1.E0,0.E0));
#1266=DIRECTION('',(0.E0,0.E0,-1.E0));
#1267=AXIS2_PLACEMENT_3D('',#1264,#1265,#1266);
#1269=CURVE_STYLE('',#20,POSITIVE_LENGTH_MEASURE(2.E-2),#5);
#1270=PRESENTATION_STYLE_ASSIGNMENT((#1269));
#1271=STYLED_ITEM('',(#1270),#1268);
#1272=CARTESIAN_POINT('',(0.E0,-1.15E1,3.5E1));
#1273=DIRECTION('',(0.E0,1.E0,0.E0));
#1274=DIRECTION('',(0.E0,0.E0,1.E0));
#1275=AXIS2_PLACEMENT_3D('',#1272,#1273,#1274);
#1277=CURVE_STYLE('',#20,POSITIVE_LENGTH_MEASURE(2.E-2),#5);
#1278=PRESENTATION_STYLE_ASSIGNMENT((#1277));
#1279=STYLED_ITEM('',(#1278),#1276);
#1280=CARTESIAN_POINT('',(-3.E0,-1.15E1,3.5E1));
#1281=DIRECTION('',(0.E0,1.E0,0.E0));
#1282=DIRECTION('',(0.E0,0.E0,-1.E0));
#1283=AXIS2_PLACEMENT_3D('',#1280,#1281,#1282);
#1285=CURVE_STYLE('',#20,POSITIVE_LENGTH_MEASURE(2.E-2),#5);
#1286=PRESENTATION_STYLE_ASSIGNMENT((#1285));
#1287=STYLED_ITEM('',(#1286),#1284);
#1288=CARTESIAN_POINT('',(-3.E0,-1.15E1,3.5E1));
#1289=DIRECTION('',(0.E0,1.E0,0.E0));
#1290=DIRECTION('',(0.E0,0.E0,1.E0));
#1291=AXIS2_PLACEMENT_3D('',#1288,#1289,#1290);
#1293=CURVE_STYLE('',#20,POSITIVE_LENGTH_MEASURE(2.E-2),#5);
#1294=PRESENTATION_STYLE_ASSIGNMENT((#1293));
#1295=STYLED_ITEM('',(#1294),#1292);
#1296=CARTESIAN_POINT('',(-3.E0,-1.15E1,3.2E1));
#1297=DIRECTION('',(0.E0,1.E0,0.E0));
#1298=DIRECTION('',(0.E0,0.E0,-1.E0));
#1299=AXIS2_PLACEMENT_3D('',#1296,#1297,#1298);
#1301=CURVE_STYLE('',#20,POSITIVE_LENGTH_MEASURE(2.E-2),#5);
#1302=PRESENTATION_STYLE_ASSIGNMENT((#1301));
#1303=STYLED_ITEM('',(#1302),#1300);
#1304=CARTESIAN_POINT('',(-3.E0,-1.15E1,3.2E1));
#1305=DIRECTION('',(0.E0,1.E0,0.E0));
#1306=DIRECTION('',(0.E0,0.E0,1.E0));
#1307=AXIS2_PLACEMENT_3D('',#1304,#1305,#1306);
#1309=CURVE_STYLE('',#20,POSITIVE_LENGTH_MEASURE(2.E-2),#5);
#1310=PRESENTATION_STYLE_ASSIGNMENT((#1309));
#1311=STYLED_ITEM('',(#1310),#1308);
#1312=CARTESIAN_POINT('',(-3.E0,-1.15E1,2.9E1));
#1313=DIRECTION('',(0.E0,1.E0,0.E0));
#1314=DIRECTION('',(0.E0,0.E0,-1.E0));
#1315=AXIS2_PLACEMENT_3D('',#1312,#1313,#1314);
#1317=CURVE_STYLE('',#20,POSITIVE_LENGTH_MEASURE(2.E-2),#5);
#1318=PRESENTATION_STYLE_ASSIGNMENT((#1317));
#1319=STYLED_ITEM('',(#1318),#1316);
#1320=CARTESIAN_POINT('',(-3.E0,-1.15E1,2.9E1));
#1321=DIRECTION('',(0.E0,1.E0,0.E0));
#1322=DIRECTION('',(0.E0,0.E0,1.E0));
#1323=AXIS2_PLACEMENT_3D('',#1320,#1321,#1322);
#1325=CURVE_STYLE('',#20,POSITIVE_LENGTH_MEASURE(2.E-2),#5);
#1326=PRESENTATION_STYLE_ASSIGNMENT((#1325));
#1327=STYLED_ITEM('',(#1326),#1324);
#1328=CARTESIAN_POINT('',(-3.E0,-1.15E1,2.6E1));
#1329=DIRECTION('',(0.E0,1.E0,0.E0));
#1330=DIRECTION('',(0.E0,0.E0,-1.E0));
#1331=AXIS2_PLACEMENT_3D('',#1328,#1329,#1330);
#1333=CURVE_STYLE('',#20,POSITIVE_LENGTH_MEASURE(2.E-2),#5);
#1334=PRESENTATION_STYLE_ASSIGNMENT((#1333));
#1335=STYLED_ITEM('',(#1334),#1332);
#1336=CARTESIAN_POINT('',(-3.E0,-1.15E1,2.6E1));
#1337=DIRECTION('',(0.E0,1.E0,0.E0));
#1338=DIRECTION('',(0.E0,0.E0,1.E0));
#1339=AXIS2_PLACEMENT_3D('',#1336,#1337,#1338);
#1341=CURVE_STYLE('',#20,POSITIVE_LENGTH_MEASURE(2.E-2),#5);
#1342=PRESENTATION_STYLE_ASSIGNMENT((#1341));
#1343=STYLED_ITEM('',(#1342),#1340);
#1344=CARTESIAN_POINT('',(0.E0,-1.15E1,2.6E1));
#1345=DIRECTION('',(0.E0,1.E0,0.E0));
#1346=DIRECTION('',(0.E0,0.E0,-1.E0));
#1347=AXIS2_PLACEMENT_3D('',#1344,#1345,#1346);
#1349=CURVE_STYLE('',#20,POSITIVE_LENGTH_MEASURE(2.E-2),#5);
#1350=PRESENTATION_STYLE_ASSIGNMENT((#1349));
#1351=STYLED_ITEM('',(#1350),#1348);
#1352=CARTESIAN_POINT('',(0.E0,-1.15E1,2.6E1));
#1353=DIRECTION('',(0.E0,1.E0,0.E0));
#1354=DIRECTION('',(0.E0,0.E0,1.E0));
#1355=AXIS2_PLACEMENT_3D('',#1352,#1353,#1354);
#1357=CURVE_STYLE('',#20,POSITIVE_LENGTH_MEASURE(2.E-2),#5);
#1358=PRESENTATION_STYLE_ASSIGNMENT((#1357));
#1359=STYLED_ITEM('',(#1358),#1356);
#1360=CARTESIAN_POINT('',(3.E0,-1.15E1,2.6E1));
#1361=DIRECTION('',(0.E0,1.E0,0.E0));
#1362=DIRECTION('',(0.E0,0.E0,-1.E0));
#1363=AXIS2_PLACEMENT_3D('',#1360,#1361,#1362);
#1365=CURVE_STYLE('',#20,POSITIVE_LENGTH_MEASURE(2.E-2),#5);
#1366=PRESENTATION_STYLE_ASSIGNMENT((#1365));
#1367=STYLED_ITEM('',(#1366),#1364);
#1368=CARTESIAN_POINT('',(3.E0,-1.15E1,2.6E1));
#1369=DIRECTION('',(0.E0,1.E0,0.E0));
#1370=DIRECTION('',(0.E0,0.E0,1.E0));
#1371=AXIS2_PLACEMENT_3D('',#1368,#1369,#1370);
#1373=CURVE_STYLE('',#20,POSITIVE_LENGTH_MEASURE(2.E-2),#5);
#1374=PRESENTATION_STYLE_ASSIGNMENT((#1373));
#1375=STYLED_ITEM('',(#1374),#1372);
#1376=CARTESIAN_POINT('',(6.E0,-1.15E1,2.6E1));
#1377=DIRECTION('',(0.E0,1.E0,0.E0));
#1378=DIRECTION('',(0.E0,0.E0,-1.E0));
#1379=AXIS2_PLACEMENT_3D('',#1376,#1377,#1378);
#1381=CURVE_STYLE('',#20,POSITIVE_LENGTH_MEASURE(2.E-2),#5);
#1382=PRESENTATION_STYLE_ASSIGNMENT((#1381));
#1383=STYLED_ITEM('',(#1382),#1380);
#1384=CARTESIAN_POINT('',(6.E0,-1.15E1,2.6E1));
#1385=DIRECTION('',(0.E0,1.E0,0.E0));
#1386=DIRECTION('',(0.E0,0.E0,1.E0));
#1387=AXIS2_PLACEMENT_3D('',#1384,#1385,#1386);
#1389=CURVE_STYLE('',#20,POSITIVE_LENGTH_MEASURE(2.E-2),#5);
#1390=PRESENTATION_STYLE_ASSIGNMENT((#1389));
#1391=STYLED_ITEM('',(#1390),#1388);
#1392=CARTESIAN_POINT('',(6.E0,-1.15E1,2.9E1));
#1393=DIRECTION('',(0.E0,1.E0,0.E0));
#1394=DIRECTION('',(0.E0,0.E0,-1.E0));
#1395=AXIS2_PLACEMENT_3D('',#1392,#1393,#1394);
#1397=CURVE_STYLE('',#20,POSITIVE_LENGTH_MEASURE(2.E-2),#5);
#1398=PRESENTATION_STYLE_ASSIGNMENT((#1397));
#1399=STYLED_ITEM('',(#1398),#1396);
#1400=CARTESIAN_POINT('',(6.E0,-1.15E1,2.9E1));
#1401=DIRECTION('',(0.E0,1.E0,0.E0));
#1402=DIRECTION('',(0.E0,0.E0,1.E0));
#1403=AXIS2_PLACEMENT_3D('',#1400,#1401,#1402);
#1405=CURVE_STYLE('',#20,POSITIVE_LENGTH_MEASURE(2.E-2),#5);
#1406=PRESENTATION_STYLE_ASSIGNMENT((#1405));
#1407=STYLED_ITEM('',(#1406),#1404);
#1408=CARTESIAN_POINT('',(6.E0,-1.15E1,3.2E1));
#1409=DIRECTION('',(0.E0,1.E0,0.E0));
#1410=DIRECTION('',(0.E0,0.E0,-1.E0));
#1411=AXIS2_PLACEMENT_3D('',#1408,#1409,#1410);
#1413=CURVE_STYLE('',#20,POSITIVE_LENGTH_MEASURE(2.E-2),#5);
#1414=PRESENTATION_STYLE_ASSIGNMENT((#1413));
#1415=STYLED_ITEM('',(#1414),#1412);
#1416=CARTESIAN_POINT('',(6.E0,-1.15E1,3.2E1));
#1417=DIRECTION('',(0.E0,1.E0,0.E0));
#1418=DIRECTION('',(0.E0,0.E0,1.E0));
#1419=AXIS2_PLACEMENT_3D('',#1416,#1417,#1418);
#1421=CURVE_STYLE('',#20,POSITIVE_LENGTH_MEASURE(2.E-2),#5);
#1422=PRESENTATION_STYLE_ASSIGNMENT((#1421));
#1423=STYLED_ITEM('',(#1422),#1420);
#1424=CARTESIAN_POINT('',(6.E0,-1.15E1,3.5E1));
#1425=DIRECTION('',(0.E0,1.E0,0.E0));
#1426=DIRECTION('',(0.E0,0.E0,-1.E0));
#1427=AXIS2_PLACEMENT_3D('',#1424,#1425,#1426);
#1429=CURVE_STYLE('',#20,POSITIVE_LENGTH_MEASURE(2.E-2),#5);
#1430=PRESENTATION_STYLE_ASSIGNMENT((#1429));
#1431=STYLED_ITEM('',(#1430),#1428);
#1432=CARTESIAN_POINT('',(6.E0,-1.15E1,3.5E1));
#1433=DIRECTION('',(0.E0,1.E0,0.E0));
#1434=DIRECTION('',(0.E0,0.E0,1.E0));
#1435=AXIS2_PLACEMENT_3D('',#1432,#1433,#1434);
#1437=CURVE_STYLE('',#20,POSITIVE_LENGTH_MEASURE(2.E-2),#5);
#1438=PRESENTATION_STYLE_ASSIGNMENT((#1437));
#1439=STYLED_ITEM('',(#1438),#1436);
#1440=CARTESIAN_POINT('',(6.E0,-1.15E1,3.8E1));
#1441=DIRECTION('',(0.E0,1.E0,0.E0));
#1442=DIRECTION('',(0.E0,0.E0,-1.E0));
#1443=AXIS2_PLACEMENT_3D('',#1440,#1441,#1442);
#1445=CURVE_STYLE('',#20,POSITIVE_LENGTH_MEASURE(2.E-2),#5);
#1446=PRESENTATION_STYLE_ASSIGNMENT((#1445));
#1447=STYLED_ITEM('',(#1446),#1444);
#1448=CARTESIAN_POINT('',(6.E0,-1.15E1,3.8E1));
#1449=DIRECTION('',(0.E0,1.E0,0.E0));
#1450=DIRECTION('',(0.E0,0.E0,1.E0));
#1451=AXIS2_PLACEMENT_3D('',#1448,#1449,#1450);
#1453=CURVE_STYLE('',#20,POSITIVE_LENGTH_MEASURE(2.E-2),#5);
#1454=PRESENTATION_STYLE_ASSIGNMENT((#1453));
#1455=STYLED_ITEM('',(#1454),#1452);
#1456=CARTESIAN_POINT('',(3.E0,-1.15E1,3.8E1));
#1457=DIRECTION('',(0.E0,1.E0,0.E0));
#1458=DIRECTION('',(0.E0,0.E0,-1.E0));
#1459=AXIS2_PLACEMENT_3D('',#1456,#1457,#1458);
#1461=CURVE_STYLE('',#20,POSITIVE_LENGTH_MEASURE(2.E-2),#5);
#1462=PRESENTATION_STYLE_ASSIGNMENT((#1461));
#1463=STYLED_ITEM('',(#1462),#1460);
#1464=CARTESIAN_POINT('',(3.E0,-1.15E1,3.8E1));
#1465=DIRECTION('',(0.E0,1.E0,0.E0));
#1466=DIRECTION('',(0.E0,0.E0,1.E0));
#1467=AXIS2_PLACEMENT_3D('',#1464,#1465,#1466);
#1469=CURVE_STYLE('',#20,POSITIVE_LENGTH_MEASURE(2.E-2),#5);
#1470=PRESENTATION_STYLE_ASSIGNMENT((#1469));
#1471=STYLED_ITEM('',(#1470),#1468);
#1472=CARTESIAN_POINT('',(0.E0,-1.15E1,3.8E1));
#1473=DIRECTION('',(0.E0,1.E0,0.E0));
#1474=DIRECTION('',(0.E0,0.E0,-1.E0));
#1475=AXIS2_PLACEMENT_3D('',#1472,#1473,#1474);
#1477=CURVE_STYLE('',#20,POSITIVE_LENGTH_MEASURE(2.E-2),#5);
#1478=PRESENTATION_STYLE_ASSIGNMENT((#1477));
#1479=STYLED_ITEM('',(#1478),#1476);
#1480=CARTESIAN_POINT('',(0.E0,-1.15E1,3.8E1));
#1481=DIRECTION('',(0.E0,1.E0,0.E0));
#1482=DIRECTION('',(0.E0,0.E0,1.E0));
#1483=AXIS2_PLACEMENT_3D('',#1480,#1481,#1482);
#1485=CURVE_STYLE('',#20,POSITIVE_LENGTH_MEASURE(2.E-2),#5);
#1486=PRESENTATION_STYLE_ASSIGNMENT((#1485));
#1487=STYLED_ITEM('',(#1486),#1484);
#1488=CARTESIAN_POINT('',(-3.E0,-1.15E1,3.8E1));
#1489=DIRECTION('',(0.E0,1.E0,0.E0));
#1490=DIRECTION('',(0.E0,0.E0,-1.E0));
#1491=AXIS2_PLACEMENT_3D('',#1488,#1489,#1490);
#1493=CURVE_STYLE('',#20,POSITIVE_LENGTH_MEASURE(2.E-2),#5);
#1494=PRESENTATION_STYLE_ASSIGNMENT((#1493));
#1495=STYLED_ITEM('',(#1494),#1492);
#1496=CARTESIAN_POINT('',(-3.E0,-1.15E1,3.8E1));
#1497=DIRECTION('',(0.E0,1.E0,0.E0));
#1498=DIRECTION('',(0.E0,0.E0,1.E0));
#1499=AXIS2_PLACEMENT_3D('',#1496,#1497,#1498);
#1501=CURVE_STYLE('',#20,POSITIVE_LENGTH_MEASURE(2.E-2),#5);
#1502=PRESENTATION_STYLE_ASSIGNMENT((#1501));
#1503=STYLED_ITEM('',(#1502),#1500);
#1504=CARTESIAN_POINT('',(-6.E0,-1.15E1,3.8E1));
#1505=DIRECTION('',(0.E0,1.E0,0.E0));
#1506=DIRECTION('',(0.E0,0.E0,-1.E0));
#1507=AXIS2_PLACEMENT_3D('',#1504,#1505,#1506);
#1509=CURVE_STYLE('',#20,POSITIVE_LENGTH_MEASURE(2.E-2),#5);
#1510=PRESENTATION_STYLE_ASSIGNMENT((#1509));
#1511=STYLED_ITEM('',(#1510),#1508);
#1512=CARTESIAN_POINT('',(-6.E0,-1.15E1,3.8E1));
#1513=DIRECTION('',(0.E0,1.E0,0.E0));
#1514=DIRECTION('',(0.E0,0.E0,1.E0));
#1515=AXIS2_PLACEMENT_3D('',#1512,#1513,#1514);
#1517=CURVE_STYLE('',#20,POSITIVE_LENGTH_MEASURE(2.E-2),#5);
#1518=PRESENTATION_STYLE_ASSIGNMENT((#1517));
#1519=STYLED_ITEM('',(#1518),#1516);
#1520=CARTESIAN_POINT('',(-6.E0,-1.15E1,3.5E1));
#1521=DIRECTION('',(0.E0,1.E0,0.E0));
#1522=DIRECTION('',(0.E0,0.E0,-1.E0));
#1523=AXIS2_PLACEMENT_3D('',#1520,#1521,#1522);
#1525=CURVE_STYLE('',#20,POSITIVE_LENGTH_MEASURE(2.E-2),#5);
#1526=PRESENTATION_STYLE_ASSIGNMENT((#1525));
#1527=STYLED_ITEM('',(#1526),#1524);
#1528=CARTESIAN_POINT('',(-6.E0,-1.15E1,3.5E1));
#1529=DIRECTION('',(0.E0,1.E0,0.E0));
#1530=DIRECTION('',(0.E0,0.E0,1.E0));
#1531=AXIS2_PLACEMENT_3D('',#1528,#1529,#1530);
#1533=CURVE_STYLE('',#20,POSITIVE_LENGTH_MEASURE(2.E-2),#5);
#1534=PRESENTATION_STYLE_ASSIGNMENT((#1533));
#1535=STYLED_ITEM('',(#1534),#1532);
#1536=CARTESIAN_POINT('',(-6.E0,-1.15E1,3.2E1));
#1537=DIRECTION('',(0.E0,1.E0,0.E0));
#1538=DIRECTION('',(0.E0,0.E0,-1.E0));
#1539=AXIS2_PLACEMENT_3D('',#1536,#1537,#1538);
#1541=CURVE_STYLE('',#20,POSITIVE_LENGTH_MEASURE(2.E-2),#5);
#1542=PRESENTATION_STYLE_ASSIGNMENT((#1541));
#1543=STYLED_ITEM('',(#1542),#1540);
#1544=CARTESIAN_POINT('',(-6.E0,-1.15E1,3.2E1));
#1545=DIRECTION('',(0.E0,1.E0,0.E0));
#1546=DIRECTION('',(0.E0,0.E0,1.E0));
#1547=AXIS2_PLACEMENT_3D('',#1544,#1545,#1546);
#1549=CURVE_STYLE('',#20,POSITIVE_LENGTH_MEASURE(2.E-2),#5);
#1550=PRESENTATION_STYLE_ASSIGNMENT((#1549));
#1551=STYLED_ITEM('',(#1550),#1548);
#1552=CARTESIAN_POINT('',(-6.E0,-1.15E1,2.9E1));
#1553=DIRECTION('',(0.E0,1.E0,0.E0));
#1554=DIRECTION('',(0.E0,0.E0,-1.E0));
#1555=AXIS2_PLACEMENT_3D('',#1552,#1553,#1554);
#1557=CURVE_STYLE('',#20,POSITIVE_LENGTH_MEASURE(2.E-2),#5);
#1558=PRESENTATION_STYLE_ASSIGNMENT((#1557));
#1559=STYLED_ITEM('',(#1558),#1556);
#1560=CARTESIAN_POINT('',(-6.E0,-1.15E1,2.9E1));
#1561=DIRECTION('',(0.E0,1.E0,0.E0));
#1562=DIRECTION('',(0.E0,0.E0,1.E0));
#1563=AXIS2_PLACEMENT_3D('',#1560,#1561,#1562);
#1565=CURVE_STYLE('',#20,POSITIVE_LENGTH_MEASURE(2.E-2),#5);
#1566=PRESENTATION_STYLE_ASSIGNMENT((#1565));
#1567=STYLED_ITEM('',(#1566),#1564);
#1568=CARTESIAN_POINT('',(-6.E0,-1.15E1,2.6E1));
#1569=DIRECTION('',(0.E0,1.E0,0.E0));
#1570=DIRECTION('',(0.E0,0.E0,-1.E0));
#1571=AXIS2_PLACEMENT_3D('',#1568,#1569,#1570);
#1573=CURVE_STYLE('',#20,POSITIVE_LENGTH_MEASURE(2.E-2),#5);
#1574=PRESENTATION_STYLE_ASSIGNMENT((#1573));
#1575=STYLED_ITEM('',(#1574),#1572);
#1576=CARTESIAN_POINT('',(-6.E0,-1.15E1,2.6E1));
#1577=DIRECTION('',(0.E0,1.E0,0.E0));
#1578=DIRECTION('',(0.E0,0.E0,1.E0));
#1579=AXIS2_PLACEMENT_3D('',#1576,#1577,#1578);
#1581=CURVE_STYLE('',#20,POSITIVE_LENGTH_MEASURE(2.E-2),#5);
#1582=PRESENTATION_STYLE_ASSIGNMENT((#1581));
#1583=STYLED_ITEM('',(#1582),#1580);
#1584=CARTESIAN_POINT('',(9.E0,-1.15E1,2.6E1));
#1585=DIRECTION('',(0.E0,1.E0,0.E0));
#1586=DIRECTION('',(0.E0,0.E0,-1.E0));
#1587=AXIS2_PLACEMENT_3D('',#1584,#1585,#1586);
#1589=CURVE_STYLE('',#20,POSITIVE_LENGTH_MEASURE(2.E-2),#5);
#1590=PRESENTATION_STYLE_ASSIGNMENT((#1589));
#1591=STYLED_ITEM('',(#1590),#1588);
#1592=CARTESIAN_POINT('',(9.E0,-1.15E1,2.6E1));
#1593=DIRECTION('',(0.E0,1.E0,0.E0));
#1594=DIRECTION('',(0.E0,0.E0,1.E0));
#1595=AXIS2_PLACEMENT_3D('',#1592,#1593,#1594);
#1597=CURVE_STYLE('',#20,POSITIVE_LENGTH_MEASURE(2.E-2),#5);
#1598=PRESENTATION_STYLE_ASSIGNMENT((#1597));
#1599=STYLED_ITEM('',(#1598),#1596);
#1600=CARTESIAN_POINT('',(9.E0,-1.15E1,2.9E1));
#1601=DIRECTION('',(0.E0,1.E0,0.E0));
#1602=DIRECTION('',(0.E0,0.E0,-1.E0));
#1603=AXIS2_PLACEMENT_3D('',#1600,#1601,#1602);
#1605=CURVE_STYLE('',#20,POSITIVE_LENGTH_MEASURE(2.E-2),#5);
#1606=PRESENTATION_STYLE_ASSIGNMENT((#1605));
#1607=STYLED_ITEM('',(#1606),#1604);
#1608=CARTESIAN_POINT('',(9.E0,-1.15E1,2.9E1));
#1609=DIRECTION('',(0.E0,1.E0,0.E0));
#1610=DIRECTION('',(0.E0,0.E0,1.E0));
#1611=AXIS2_PLACEMENT_3D('',#1608,#1609,#1610);
#1613=CURVE_STYLE('',#20,POSITIVE_LENGTH_MEASURE(2.E-2),#5);
#1614=PRESENTATION_STYLE_ASSIGNMENT((#1613));
#1615=STYLED_ITEM('',(#1614),#1612);
#1616=CARTESIAN_POINT('',(9.E0,-1.15E1,3.2E1));
#1617=DIRECTION('',(0.E0,1.E0,0.E0));
#1618=DIRECTION('',(0.E0,0.E0,-1.E0));
#1619=AXIS2_PLACEMENT_3D('',#1616,#1617,#1618);
#1621=CURVE_STYLE('',#20,POSITIVE_LENGTH_MEASURE(2.E-2),#5);
#1622=PRESENTATION_STYLE_ASSIGNMENT((#1621));
#1623=STYLED_ITEM('',(#1622),#1620);
#1624=CARTESIAN_POINT('',(9.E0,-1.15E1,3.2E1));
#1625=DIRECTION('',(0.E0,1.E0,0.E0));
#1626=DIRECTION('',(0.E0,0.E0,1.E0));
#1627=AXIS2_PLACEMENT_3D('',#1624,#1625,#1626);
#1629=CURVE_STYLE('',#20,POSITIVE_LENGTH_MEASURE(2.E-2),#5);
#1630=PRESENTATION_STYLE_ASSIGNMENT((#1629));
#1631=STYLED_ITEM('',(#1630),#1628);
#1632=CARTESIAN_POINT('',(9.E0,-1.15E1,3.5E1));
#1633=DIRECTION('',(0.E0,1.E0,0.E0));
#1634=DIRECTION('',(0.E0,0.E0,-1.E0));
#1635=AXIS2_PLACEMENT_3D('',#1632,#1633,#1634);
#1637=CURVE_STYLE('',#20,POSITIVE_LENGTH_MEASURE(2.E-2),#5);
#1638=PRESENTATION_STYLE_ASSIGNMENT((#1637));
#1639=STYLED_ITEM('',(#1638),#1636);
#1640=CARTESIAN_POINT('',(9.E0,-1.15E1,3.5E1));
#1641=DIRECTION('',(0.E0,1.E0,0.E0));
#1642=DIRECTION('',(0.E0,0.E0,1.E0));
#1643=AXIS2_PLACEMENT_3D('',#1640,#1641,#1642);
#1645=CURVE_STYLE('',#20,POSITIVE_LENGTH_MEASURE(2.E-2),#5);
#1646=PRESENTATION_STYLE_ASSIGNMENT((#1645));
#1647=STYLED_ITEM('',(#1646),#1644);
#1648=CARTESIAN_POINT('',(9.E0,-1.15E1,3.8E1));
#1649=DIRECTION('',(0.E0,1.E0,0.E0));
#1650=DIRECTION('',(0.E0,0.E0,-1.E0));
#1651=AXIS2_PLACEMENT_3D('',#1648,#1649,#1650);
#1653=CURVE_STYLE('',#20,POSITIVE_LENGTH_MEASURE(2.E-2),#5);
#1654=PRESENTATION_STYLE_ASSIGNMENT((#1653));
#1655=STYLED_ITEM('',(#1654),#1652);
#1656=CARTESIAN_POINT('',(9.E0,-1.15E1,3.8E1));
#1657=DIRECTION('',(0.E0,1.E0,0.E0));
#1658=DIRECTION('',(0.E0,0.E0,1.E0));
#1659=AXIS2_PLACEMENT_3D('',#1656,#1657,#1658);
#1661=CURVE_STYLE('',#20,POSITIVE_LENGTH_MEASURE(2.E-2),#5);
#1662=PRESENTATION_STYLE_ASSIGNMENT((#1661));
#1663=STYLED_ITEM('',(#1662),#1660);
#1664=CARTESIAN_POINT('',(-9.E0,-1.15E1,3.8E1));
#1665=DIRECTION('',(0.E0,1.E0,0.E0));
#1666=DIRECTION('',(0.E0,0.E0,-1.E0));
#1667=AXIS2_PLACEMENT_3D('',#1664,#1665,#1666);
#1669=CURVE_STYLE('',#20,POSITIVE_LENGTH_MEASURE(2.E-2),#5);
#1670=PRESENTATION_STYLE_ASSIGNMENT((#1669));
#1671=STYLED_ITEM('',(#1670),#1668);
#1672=CARTESIAN_POINT('',(-9.E0,-1.15E1,3.8E1));
#1673=DIRECTION('',(0.E0,1.E0,0.E0));
#1674=DIRECTION('',(0.E0,0.E0,1.E0));
#1675=AXIS2_PLACEMENT_3D('',#1672,#1673,#1674);
#1677=CURVE_STYLE('',#20,POSITIVE_LENGTH_MEASURE(2.E-2),#5);
#1678=PRESENTATION_STYLE_ASSIGNMENT((#1677));
#1679=STYLED_ITEM('',(#1678),#1676);
#1680=CARTESIAN_POINT('',(-9.E0,-1.15E1,3.5E1));
#1681=DIRECTION('',(0.E0,1.E0,0.E0));
#1682=DIRECTION('',(0.E0,0.E0,-1.E0));
#1683=AXIS2_PLACEMENT_3D('',#1680,#1681,#1682);
#1685=CURVE_STYLE('',#20,POSITIVE_LENGTH_MEASURE(2.E-2),#5);
#1686=PRESENTATION_STYLE_ASSIGNMENT((#1685));
#1687=STYLED_ITEM('',(#1686),#1684);
#1688=CARTESIAN_POINT('',(-9.E0,-1.15E1,3.5E1));
#1689=DIRECTION('',(0.E0,1.E0,0.E0));
#1690=DIRECTION('',(0.E0,0.E0,1.E0));
#1691=AXIS2_PLACEMENT_3D('',#1688,#1689,#1690);
#1693=CURVE_STYLE('',#20,POSITIVE_LENGTH_MEASURE(2.E-2),#5);
#1694=PRESENTATION_STYLE_ASSIGNMENT((#1693));
#1695=STYLED_ITEM('',(#1694),#1692);
#1696=CARTESIAN_POINT('',(-9.E0,-1.15E1,3.2E1));
#1697=DIRECTION('',(0.E0,1.E0,0.E0));
#1698=DIRECTION('',(0.E0,0.E0,-1.E0));
#1699=AXIS2_PLACEMENT_3D('',#1696,#1697,#1698);
#1701=CURVE_STYLE('',#20,POSITIVE_LENGTH_MEASURE(2.E-2),#5);
#1702=PRESENTATION_STYLE_ASSIGNMENT((#1701));
#1703=STYLED_ITEM('',(#1702),#1700);
#1704=CARTESIAN_POINT('',(-9.E0,-1.15E1,3.2E1));
#1705=DIRECTION('',(0.E0,1.E0,0.E0));
#1706=DIRECTION('',(0.E0,0.E0,1.E0));
#1707=AXIS2_PLACEMENT_3D('',#1704,#1705,#1706);
#1709=CURVE_STYLE('',#20,POSITIVE_LENGTH_MEASURE(2.E-2),#5);
#1710=PRESENTATION_STYLE_ASSIGNMENT((#1709));
#1711=STYLED_ITEM('',(#1710),#1708);
#1712=CARTESIAN_POINT('',(-9.E0,-1.15E1,2.9E1));
#1713=DIRECTION('',(0.E0,1.E0,0.E0));
#1714=DIRECTION('',(0.E0,0.E0,-1.E0));
#1715=AXIS2_PLACEMENT_3D('',#1712,#1713,#1714);
#1717=CURVE_STYLE('',#20,POSITIVE_LENGTH_MEASURE(2.E-2),#5);
#1718=PRESENTATION_STYLE_ASSIGNMENT((#1717));
#1719=STYLED_ITEM('',(#1718),#1716);
#1720=CARTESIAN_POINT('',(-9.E0,-1.15E1,2.9E1));
#1721=DIRECTION('',(0.E0,1.E0,0.E0));
#1722=DIRECTION('',(0.E0,0.E0,1.E0));
#1723=AXIS2_PLACEMENT_3D('',#1720,#1721,#1722);
#1725=CURVE_STYLE('',#20,POSITIVE_LENGTH_MEASURE(2.E-2),#5);
#1726=PRESENTATION_STYLE_ASSIGNMENT((#1725));
#1727=STYLED_ITEM('',(#1726),#1724);
#1728=CARTESIAN_POINT('',(-9.E0,-1.15E1,2.6E1));
#1729=DIRECTION('',(0.E0,1.E0,0.E0));
#1730=DIRECTION('',(0.E0,0.E0,-1.E0));
#1731=AXIS2_PLACEMENT_3D('',#1728,#1729,#1730);
#1733=CURVE_STYLE('',#20,POSITIVE_LENGTH_MEASURE(2.E-2),#5);
#1734=PRESENTATION_STYLE_ASSIGNMENT((#1733));
#1735=STYLED_ITEM('',(#1734),#1732);
#1736=CARTESIAN_POINT('',(-9.E0,-1.15E1,2.6E1));
#1737=DIRECTION('',(0.E0,1.E0,0.E0));
#1738=DIRECTION('',(0.E0,0.E0,1.E0));
#1739=AXIS2_PLACEMENT_3D('',#1736,#1737,#1738);
#1741=CURVE_STYLE('',#20,POSITIVE_LENGTH_MEASURE(2.E-2),#5);
#1742=PRESENTATION_STYLE_ASSIGNMENT((#1741));
#1743=STYLED_ITEM('',(#1742),#1740);
#1744=CARTESIAN_POINT('',(1.2E1,-1.15E1,2.9E1));
#1745=DIRECTION('',(0.E0,1.E0,0.E0));
#1746=DIRECTION('',(0.E0,0.E0,-1.E0));
#1747=AXIS2_PLACEMENT_3D('',#1744,#1745,#1746);
#1749=CURVE_STYLE('',#20,POSITIVE_LENGTH_MEASURE(2.E-2),#5);
#1750=PRESENTATION_STYLE_ASSIGNMENT((#1749));
#1751=STYLED_ITEM('',(#1750),#1748);
#1752=CARTESIAN_POINT('',(1.2E1,-1.15E1,2.9E1));
#1753=DIRECTION('',(0.E0,1.E0,0.E0));
#1754=DIRECTION('',(0.E0,0.E0,1.E0));
#1755=AXIS2_PLACEMENT_3D('',#1752,#1753,#1754);
#1757=CURVE_STYLE('',#20,POSITIVE_LENGTH_MEASURE(2.E-2),#5);
#1758=PRESENTATION_STYLE_ASSIGNMENT((#1757));
#1759=STYLED_ITEM('',(#1758),#1756);
#1760=CARTESIAN_POINT('',(1.2E1,-1.15E1,3.2E1));
#1761=DIRECTION('',(0.E0,1.E0,0.E0));
#1762=DIRECTION('',(0.E0,0.E0,-1.E0));
#1763=AXIS2_PLACEMENT_3D('',#1760,#1761,#1762);
#1765=CURVE_STYLE('',#20,POSITIVE_LENGTH_MEASURE(2.E-2),#5);
#1766=PRESENTATION_STYLE_ASSIGNMENT((#1765));
#1767=STYLED_ITEM('',(#1766),#1764);
#1768=CARTESIAN_POINT('',(1.2E1,-1.15E1,3.2E1));
#1769=DIRECTION('',(0.E0,1.E0,0.E0));
#1770=DIRECTION('',(0.E0,0.E0,1.E0));
#1771=AXIS2_PLACEMENT_3D('',#1768,#1769,#1770);
#1773=CURVE_STYLE('',#20,POSITIVE_LENGTH_MEASURE(2.E-2),#5);
#1774=PRESENTATION_STYLE_ASSIGNMENT((#1773));
#1775=STYLED_ITEM('',(#1774),#1772);
#1776=CARTESIAN_POINT('',(1.2E1,-1.15E1,3.5E1));
#1777=DIRECTION('',(0.E0,1.E0,0.E0));
#1778=DIRECTION('',(0.E0,0.E0,-1.E0));
#1779=AXIS2_PLACEMENT_3D('',#1776,#1777,#1778);
#1781=CURVE_STYLE('',#20,POSITIVE_LENGTH_MEASURE(2.E-2),#5);
#1782=PRESENTATION_STYLE_ASSIGNMENT((#1781));
#1783=STYLED_ITEM('',(#1782),#1780);
#1784=CARTESIAN_POINT('',(1.2E1,-1.15E1,3.5E1));
#1785=DIRECTION('',(0.E0,1.E0,0.E0));
#1786=DIRECTION('',(0.E0,0.E0,1.E0));
#1787=AXIS2_PLACEMENT_3D('',#1784,#1785,#1786);
#1789=CURVE_STYLE('',#20,POSITIVE_LENGTH_MEASURE(2.E-2),#5);
#1790=PRESENTATION_STYLE_ASSIGNMENT((#1789));
#1791=STYLED_ITEM('',(#1790),#1788);
#1792=CARTESIAN_POINT('',(-1.2E1,-1.15E1,3.5E1));
#1793=DIRECTION('',(0.E0,1.E0,0.E0));
#1794=DIRECTION('',(0.E0,0.E0,-1.E0));
#1795=AXIS2_PLACEMENT_3D('',#1792,#1793,#1794);
#1797=CURVE_STYLE('',#20,POSITIVE_LENGTH_MEASURE(2.E-2),#5);
#1798=PRESENTATION_STYLE_ASSIGNMENT((#1797));
#1799=STYLED_ITEM('',(#1798),#1796);
#1800=CARTESIAN_POINT('',(-1.2E1,-1.15E1,3.5E1));
#1801=DIRECTION('',(0.E0,1.E0,0.E0));
#1802=DIRECTION('',(0.E0,0.E0,1.E0));
#1803=AXIS2_PLACEMENT_3D('',#1800,#1801,#1802);
#1805=CURVE_STYLE('',#20,POSITIVE_LENGTH_MEASURE(2.E-2),#5);
#1806=PRESENTATION_STYLE_ASSIGNMENT((#1805));
#1807=STYLED_ITEM('',(#1806),#1804);
#1808=CARTESIAN_POINT('',(-1.2E1,-1.15E1,3.2E1));
#1809=DIRECTION('',(0.E0,1.E0,0.E0));
#1810=DIRECTION('',(0.E0,0.E0,-1.E0));
#1811=AXIS2_PLACEMENT_3D('',#1808,#1809,#1810);
#1813=CURVE_STYLE('',#20,POSITIVE_LENGTH_MEASURE(2.E-2),#5);
#1814=PRESENTATION_STYLE_ASSIGNMENT((#1813));
#1815=STYLED_ITEM('',(#1814),#1812);
#1816=CARTESIAN_POINT('',(-1.2E1,-1.15E1,3.2E1));
#1817=DIRECTION('',(0.E0,1.E0,0.E0));
#1818=DIRECTION('',(0.E0,0.E0,1.E0));
#1819=AXIS2_PLACEMENT_3D('',#1816,#1817,#1818);
#1821=CURVE_STYLE('',#20,POSITIVE_LENGTH_MEASURE(2.E-2),#5);
#1822=PRESENTATION_STYLE_ASSIGNMENT((#1821));
#1823=STYLED_ITEM('',(#1822),#1820);
#1824=CARTESIAN_POINT('',(-1.2E1,-1.15E1,2.9E1));
#1825=DIRECTION('',(0.E0,1.E0,0.E0));
#1826=DIRECTION('',(0.E0,0.E0,-1.E0));
#1827=AXIS2_PLACEMENT_3D('',#1824,#1825,#1826);
#1829=CURVE_STYLE('',#20,POSITIVE_LENGTH_MEASURE(2.E-2),#5);
#1830=PRESENTATION_STYLE_ASSIGNMENT((#1829));
#1831=STYLED_ITEM('',(#1830),#1828);
#1832=CARTESIAN_POINT('',(-1.2E1,-1.15E1,2.9E1));
#1833=DIRECTION('',(0.E0,1.E0,0.E0));
#1834=DIRECTION('',(0.E0,0.E0,1.E0));
#1835=AXIS2_PLACEMENT_3D('',#1832,#1833,#1834);
#1837=CURVE_STYLE('',#20,POSITIVE_LENGTH_MEASURE(2.E-2),#5);
#1838=PRESENTATION_STYLE_ASSIGNMENT((#1837));
#1839=STYLED_ITEM('',(#1838),#1836);
#1840=DIRECTION('',(9.945212484016E-1,0.E0,-1.045346185607E-1));
#1841=VECTOR('',#1840,7.034978500657E0);
#1842=CARTESIAN_POINT('',(-1.545584787045E0,-1.15E1,1.635783625741E1));
#1843=LINE('',#1842,#1841);
#1844=CURVE_STYLE('',#20,POSITIVE_LENGTH_MEASURE(2.E-2),#5);
#1845=PRESENTATION_STYLE_ASSIGNMENT((#1844));
#1846=STYLED_ITEM('',(#1845),#1843);
#1847=DIRECTION('',(0.E0,0.E0,1.E0));
#1848=VECTOR('',#1847,1.499246728725E0);
#1849=CARTESIAN_POINT('',(5.450850813908E0,-1.15E1,1.562243746327E1));
#1850=LINE('',#1849,#1848);
#1851=CURVE_STYLE('',#20,POSITIVE_LENGTH_MEASURE(2.E-2),#5);
#1852=PRESENTATION_STYLE_ASSIGNMENT((#1851));
#1853=STYLED_ITEM('',(#1852),#1850);
#1854=DIRECTION('',(-9.945218984381E-1,0.E0,1.045284340597E-1));
#1855=VECTOR('',#1854,8.417663441226E0);
#1856=CARTESIAN_POINT('',(5.450850813908E0,-1.15E1,1.712168419199E1));
#1857=LINE('',#1856,#1855);
#1858=CURVE_STYLE('',#20,POSITIVE_LENGTH_MEASURE(2.E-2),#5);
#1859=PRESENTATION_STYLE_ASSIGNMENT((#1858));
#1860=STYLED_ITEM('',(#1859),#1857);
#1861=DIRECTION('',(0.E0,0.E0,-1.E0));
#1862=VECTOR('',#1861,3.967715743400E0);
#1863=CARTESIAN_POINT('',(-2.920699812074E0,-1.15E1,1.800156936994E1));
#1864=LINE('',#1863,#1862);
#1865=CURVE_STYLE('',#20,POSITIVE_LENGTH_MEASURE(2.E-2),#5);
#1866=PRESENTATION_STYLE_ASSIGNMENT((#1865));
#1867=STYLED_ITEM('',(#1866),#1864);
#1868=DIRECTION('',(9.945218953638E-1,0.E0,-1.045284633098E-1));
#1869=VECTOR('',#1868,1.382689543025E0);
#1870=CARTESIAN_POINT('',(-2.920699812074E0,-1.15E1,1.403385362654E1));
#1871=LINE('',#1870,#1869);
#1872=CURVE_STYLE('',#20,POSITIVE_LENGTH_MEASURE(2.E-2),#5);
#1873=PRESENTATION_STYLE_ASSIGNMENT((#1872));
#1874=STYLED_ITEM('',(#1873),#1871);
#1875=DIRECTION('',(0.E0,0.E0,1.E0));
#1876=VECTOR('',#1875,2.468513044037E0);
#1877=CARTESIAN_POINT('',(-1.545584787045E0,-1.15E1,1.388932321338E1));
#1878=LINE('',#1877,#1876);
#1879=CURVE_STYLE('',#20,POSITIVE_LENGTH_MEASURE(2.E-2),#5);
#1880=PRESENTATION_STYLE_ASSIGNMENT((#1879));
#1881=STYLED_ITEM('',(#1880),#1878);
#1882=DIRECTION('',(8.289919881572E-4,0.E0,9.999996563861E-1));
#1883=VECTOR('',#1882,3.359005055847E0);
#1884=CARTESIAN_POINT('',(2.134742660034E0,-1.15E1,1.084044176714E1));
#1885=LINE('',#1884,#1883);
#1886=CURVE_STYLE('',#20,POSITIVE_LENGTH_MEASURE(2.E-2),#5);
#1887=PRESENTATION_STYLE_ASSIGNMENT((#1886));
#1888=STYLED_ITEM('',(#1887),#1885);
#1889=DIRECTION('',(-9.944397929550E-1,0.E0,1.053066863385E-1));
#1890=VECTOR('',#1889,1.382758536065E0);
#1891=CARTESIAN_POINT('',(2.137527248313E0,-1.15E1,1.419944566878E1));
#1892=LINE('',#1891,#1890);
#1893=CURVE_STYLE('',#20,POSITIVE_LENGTH_MEASURE(2.E-2),#5);
#1894=PRESENTATION_STYLE_ASSIGNMENT((#1893));
#1895=STYLED_ITEM('',(#1894),#1892);
#1896=DIRECTION('',(0.E0,0.E0,-1.E0));
#1897=VECTOR('',#1896,1.899489681040E0);
#1898=CARTESIAN_POINT('',(7.624571360020E-1,-1.15E1,1.434505938822E1));
#1899=LINE('',#1898,#1897);
#1900=CURVE_STYLE('',#20,POSITIVE_LENGTH_MEASURE(2.E-2),#5);
#1901=PRESENTATION_STYLE_ASSIGNMENT((#1900));
#1902=STYLED_ITEM('',(#1901),#1899);
#1903=DIRECTION('',(-9.945268775604E-1,0.E0,1.044810500043E-1));
#1904=VECTOR('',#1903,3.703426253407E0);
#1905=CARTESIAN_POINT('',(7.624571360020E-1,-1.15E1,1.244556970718E1));
#1906=LINE('',#1905,#1904);
#1907=CURVE_STYLE('',#20,POSITIVE_LENGTH_MEASURE(2.E-2),#5);
#1908=PRESENTATION_STYLE_ASSIGNMENT((#1907));
#1909=STYLED_ITEM('',(#1908),#1906);
#1910=DIRECTION('',(0.E0,0.E0,-1.E0));
#1911=VECTOR('',#1910,1.460424965353E0);
#1912=CARTESIAN_POINT('',(-2.920699812074E0,-1.15E1,1.283250757075E1));
#1913=LINE('',#1912,#1911);
#1914=CURVE_STYLE('',#20,POSITIVE_LENGTH_MEASURE(2.E-2),#5);
#1915=PRESENTATION_STYLE_ASSIGNMENT((#1914));
#1916=STYLED_ITEM('',(#1915),#1913);
#1917=DIRECTION('',(9.945159135717E-1,0.E0,-1.045853606036E-1));
#1918=VECTOR('',#1917,5.083319837439E0);
#1919=CARTESIAN_POINT('',(-2.920699812074E0,-1.15E1,1.137208260540E1));
#1920=LINE('',#1919,#1918);
#1921=CURVE_STYLE('',#20,POSITIVE_LENGTH_MEASURE(2.E-2),#5);
#1922=PRESENTATION_STYLE_ASSIGNMENT((#1921));
#1923=STYLED_ITEM('',(#1922),#1920);
#1924=CARTESIAN_POINT('',(1.733054934827E-1,-1.15E1,6.138654303228E0));
#1925=CARTESIAN_POINT('',(3.394814191787E-1,-1.15E1,6.158589343400E0));
#1926=CARTESIAN_POINT('',(6.468068560555E-1,-1.15E1,6.241159756453E0));
#1927=CARTESIAN_POINT('',(1.000497337430E0,-1.15E1,6.533214128898E0));
#1928=CARTESIAN_POINT('',(1.189827940296E0,-1.15E1,6.915471054234E0));
#1929=CARTESIAN_POINT('',(1.225479180955E0,-1.15E1,7.192435788629E0));
#1930=CARTESIAN_POINT('',(1.225479227041E0,-1.15E1,7.331493253091E0));
#1932=CURVE_STYLE('',#20,POSITIVE_LENGTH_MEASURE(2.E-2),#5);
#1933=PRESENTATION_STYLE_ASSIGNMENT((#1932));
#1934=STYLED_ITEM('',(#1933),#1931);
#1935=DIRECTION('',(3.314127460729E-7,0.E0,9.999999999999E-1));
#1936=VECTOR('',#1935,2.678230696772E0);
#1937=CARTESIAN_POINT('',(1.733054934827E-1,-1.15E1,6.138654303228E0));
#1938=LINE('',#1937,#1936);
#1939=CURVE_STYLE('',#20,POSITIVE_LENGTH_MEASURE(2.E-2),#5);
#1940=PRESENTATION_STYLE_ASSIGNMENT((#1939));
#1941=STYLED_ITEM('',(#1940),#1938);
#1942=CARTESIAN_POINT('',(1.225479227041E0,-1.15E1,7.331493253091E0));
#1943=CARTESIAN_POINT('',(1.225479258745E0,-1.15E1,7.501766072106E0));
#1944=CARTESIAN_POINT('',(1.184214013407E0,-1.15E1,7.831821553612E0));
#1945=CARTESIAN_POINT('',(9.724456296269E-1,-1.15E1,8.275743224023E0));
#1946=CARTESIAN_POINT('',(6.253198456556E-1,-1.15E1,8.618946771042E0));
#1947=CARTESIAN_POINT('',(3.309780464039E-1,-1.15E1,8.763213966810E0));
#1948=CARTESIAN_POINT('',(1.733063810825E-1,-1.15E1,8.816885E0));
#1950=CURVE_STYLE('',#20,POSITIVE_LENGTH_MEASURE(2.E-2),#5);
#1951=PRESENTATION_STYLE_ASSIGNMENT((#1950));
#1952=STYLED_ITEM('',(#1951),#1949);
#1953=CARTESIAN_POINT('',(-8.684451816360E-1,-1.15E1,4.944730539050E0));
#1954=CARTESIAN_POINT('',(-8.242477235074E-1,-1.15E1,4.932268771627E0));
#1955=CARTESIAN_POINT('',(-7.352542774997E-1,-1.15E1,4.908494277512E0));
#1956=CARTESIAN_POINT('',(-5.995196831738E-1,-1.15E1,4.877547138137E0));
#1957=CARTESIAN_POINT('',(-4.839944205639E-1,-1.15E1,4.856586463088E0));
#1958=CARTESIAN_POINT('',(-3.891723882353E-1,-1.15E1,4.842980911933E0));
#1959=CARTESIAN_POINT('',(-2.934158620531E-1,-1.15E1,4.831798821524E0));
#1960=CARTESIAN_POINT('',(-1.745626451194E-1,-1.15E1,4.822127797868E0));
#1961=CARTESIAN_POINT('',(1.156219147349E-2,-1.15E1,4.815336142401E0));
#1962=CARTESIAN_POINT('',(3.256263344415E-1,-1.15E1,4.825393049543E0));
#1963=CARTESIAN_POINT('',(7.566909272950E-1,-1.15E1,4.900493081540E0));
#1964=CARTESIAN_POINT('',(1.230931188873E0,-1.15E1,5.087140039864E0));
#1965=CARTESIAN_POINT('',(1.644004744352E0,-1.15E1,5.362973745437E0));
#1966=CARTESIAN_POINT('',(1.984294917813E0,-1.15E1,5.721598429891E0));
#1967=CARTESIAN_POINT('',(2.195373868402E0,-1.15E1,6.080488576316E0));
#1968=CARTESIAN_POINT('',(2.316592516103E0,-1.15E1,6.397026830222E0));
#1969=CARTESIAN_POINT('',(2.383846877645E0,-1.15E1,6.653204233741E0));
#1970=CARTESIAN_POINT('',(2.417746414568E0,-1.15E1,6.877053817239E0));
#1971=CARTESIAN_POINT('',(2.431604266234E0,-1.15E1,7.062694951356E0));
#1972=CARTESIAN_POINT('',(2.435048889280E0,-1.15E1,7.208850864448E0));
#1973=CARTESIAN_POINT('',(2.431576074660E0,-1.15E1,7.358454484362E0));
#1974=CARTESIAN_POINT('',(2.417922245149E0,-1.15E1,7.558523917289E0));
#1975=CARTESIAN_POINT('',(2.384255342714E0,-1.15E1,7.802660263767E0));
#1976=CARTESIAN_POINT('',(2.317882091958E0,-1.15E1,8.086042012124E0));
#1977=CARTESIAN_POINT('',(2.197706101657E0,-1.15E1,8.444566501170E0));
#1978=CARTESIAN_POINT('',(1.989173651251E0,-1.15E1,8.862348382752E0));
#1979=CARTESIAN_POINT('',(1.653823819934E0,-1.15E1,9.303848276545E0));
#1980=CARTESIAN_POINT('',(1.245206167173E0,-1.15E1,9.674675810954E0));
#1981=CARTESIAN_POINT('',(8.529578019119E-1,-1.15E1,9.917403427106E0));
#1982=CARTESIAN_POINT('',(5.144920033127E-1,-1.15E1,1.006800271652E1));
#1983=CARTESIAN_POINT('',(2.474788378913E-1,-1.15E1,1.015896131420E1));
#1984=CARTESIAN_POINT('',(1.684064744467E-2,-1.15E1,1.021492211227E1));
#1985=CARTESIAN_POINT('',(-1.721364959610E-1,-1.15E1,1.024752987885E1));
#1986=CARTESIAN_POINT('',(-3.159965810057E-1,-1.15E1,1.026574457116E1));
#1987=CARTESIAN_POINT('',(-4.598534457948E-1,-1.15E1,1.027752288494E1));
#1988=CARTESIAN_POINT('',(-6.479679546707E-1,-1.15E1,1.028435431683E1));
#1989=CARTESIAN_POINT('',(-8.776550549121E-1,-1.15E1,1.027677985022E1));
#1990=CARTESIAN_POINT('',(-1.144991964167E0,-1.15E1,1.024160936813E1));
#1991=CARTESIAN_POINT('',(-1.481802120234E0,-1.15E1,1.016172572715E1));
#1992=CARTESIAN_POINT('',(-1.875356932768E0,-1.15E1,9.999276431353E0));
#1993=CARTESIAN_POINT('',(-2.288452325506E0,-1.15E1,9.704261291464E0));
#1994=CARTESIAN_POINT('',(-2.626564468892E0,-1.15E1,9.315852188485E0));
#1995=CARTESIAN_POINT('',(-2.832921640578E0,-1.15E1,8.925834794933E0));
#1996=CARTESIAN_POINT('',(-2.951524943930E0,-1.15E1,8.578791969141E0));
#1997=CARTESIAN_POINT('',(-3.017620327217E0,-1.15E1,8.293897864520E0));
#1998=CARTESIAN_POINT('',(-3.050765659083E0,-1.15E1,8.043772162574E0));
#1999=CARTESIAN_POINT('',(-3.064303041571E0,-1.15E1,7.834934735509E0));
#2000=CARTESIAN_POINT('',(-3.067223166762E0,-1.15E1,7.696237676934E0));
#2001=CARTESIAN_POINT('',(-3.065775625676E0,-1.15E1,7.579506792639E0));
#2002=CARTESIAN_POINT('',(-3.061075905682E0,-1.15E1,7.456185075884E0));
#2003=CARTESIAN_POINT('',(-3.049429358049E0,-1.15E1,7.304583413918E0));
#2004=CARTESIAN_POINT('',(-3.026140729710E0,-1.15E1,7.126148775524E0));
#2005=CARTESIAN_POINT('',(-2.983312059374E0,-1.15E1,6.896049089513E0));
#2006=CARTESIAN_POINT('',(-2.907637782153E0,-1.15E1,6.618886413543E0));
#2007=CARTESIAN_POINT('',(-2.781413563121E0,-1.15E1,6.303658000003E0));
#2008=CARTESIAN_POINT('',(-2.621593049270E0,-1.15E1,6.009184283788E0));
#2009=CARTESIAN_POINT('',(-2.365125923646E0,-1.15E1,5.644973835580E0));
#2010=CARTESIAN_POINT('',(-2.125987195260E0,-1.15E1,5.407007918945E0));
#2011=CARTESIAN_POINT('',(-1.951865365271E0,-1.15E1,5.267547116517E0));
#2013=CURVE_STYLE('',#20,POSITIVE_LENGTH_MEASURE(2.E-2),#5);
#2014=PRESENTATION_STYLE_ASSIGNMENT((#2013));
#2015=STYLED_ITEM('',(#2014),#2012);
#2016=DIRECTION('',(5.198108364219E-1,0.E0,8.542813906075E-1));
#2017=VECTOR('',#2016,1.202457633258E0);
#2018=CARTESIAN_POINT('',(-1.951865365271E0,-1.15E1,5.267547116517E0));
#2019=LINE('',#2018,#2017);
#2020=CURVE_STYLE('',#20,POSITIVE_LENGTH_MEASURE(2.E-2),#5);
#2021=PRESENTATION_STYLE_ASSIGNMENT((#2020));
#2022=STYLED_ITEM('',(#2021),#2019);
#2023=CARTESIAN_POINT('',(-1.326814857165E0,-1.15E1,6.294784295604E0));
#2024=CARTESIAN_POINT('',(-1.487285197540E0,-1.15E1,6.434222407019E0));
#2025=CARTESIAN_POINT('',(-1.758007055196E0,-1.15E1,6.821138787852E0));
#2026=CARTESIAN_POINT('',(-1.847700781582E0,-1.15E1,7.282392995518E0));
#2027=CARTESIAN_POINT('',(-1.847700701073E0,-1.15E1,7.525311008583E0));
#2029=CURVE_STYLE('',#20,POSITIVE_LENGTH_MEASURE(2.E-2),#5);
#2030=PRESENTATION_STYLE_ASSIGNMENT((#2029));
#2031=STYLED_ITEM('',(#2030),#2028);
#2032=CARTESIAN_POINT('',(-1.847700701073E0,-1.15E1,7.525311008583E0));
#2033=CARTESIAN_POINT('',(-1.847700645462E0,-1.15E1,7.693111607247E0));
#2034=CARTESIAN_POINT('',(-1.818049140329E0,-1.15E1,8.012292590134E0));
#2035=CARTESIAN_POINT('',(-1.645584800670E0,-1.15E1,8.448739875311E0));
#2036=CARTESIAN_POINT('',(-1.317657269610E0,-1.15E1,8.777423357296E0));
#2037=CARTESIAN_POINT('',(-1.023746817238E0,-1.15E1,8.877751931239E0));
#2038=CARTESIAN_POINT('',(-8.684438693871E-1,-1.15E1,8.904292257396E0));
#2040=CURVE_STYLE('',#20,POSITIVE_LENGTH_MEASURE(2.E-2),#5);
#2041=PRESENTATION_STYLE_ASSIGNMENT((#2040));
#2042=STYLED_ITEM('',(#2041),#2039);
#2043=DIRECTION('',(-3.314126646662E-7,0.E0,-9.999999999999E-1));
#2044=VECTOR('',#2043,3.959561718346E0);
#2045=CARTESIAN_POINT('',(-8.684438693871E-1,-1.15E1,8.904292257396E0));
#2046=LINE('',#2045,#2044);
#2047=CURVE_STYLE('',#20,POSITIVE_LENGTH_MEASURE(2.E-2),#5);
#2048=PRESENTATION_STYLE_ASSIGNMENT((#2047));
#2049=STYLED_ITEM('',(#2048),#2046);
#2050=DIRECTION('',(9.945218953638E-1,0.E0,-1.045284633098E-1));
#2051=VECTOR('',#2050,1.351265677534E0);
#2052=CARTESIAN_POINT('',(3.126239278494E0,-1.15E1,1.073559870078E1));
#2053=LINE('',#2052,#2051);
#2054=CURVE_STYLE('',#20,POSITIVE_LENGTH_MEASURE(2.E-2),#5);
#2055=PRESENTATION_STYLE_ASSIGNMENT((#2054));
#2056=STYLED_ITEM('',(#2055),#2053);
#2057=DIRECTION('',(0.E0,0.E0,1.E0));
#2058=VECTOR('',#2057,1.461527491703E0);
#2059=CARTESIAN_POINT('',(4.470102581255E0,-1.15E1,1.059435297599E1));
#2060=LINE('',#2059,#2058);
#2061=CURVE_STYLE('',#20,POSITIVE_LENGTH_MEASURE(2.E-2),#5);
#2062=PRESENTATION_STYLE_ASSIGNMENT((#2061));
#2063=STYLED_ITEM('',(#2062),#2060);
#2064=DIRECTION('',(-9.945218953638E-1,0.E0,1.045284633098E-1));
#2065=VECTOR('',#2064,1.351265677534E0);
#2066=CARTESIAN_POINT('',(4.470102581255E0,-1.15E1,1.205588046769E1));
#2067=LINE('',#2066,#2065);
#2068=CURVE_STYLE('',#20,POSITIVE_LENGTH_MEASURE(2.E-2),#5);
#2069=PRESENTATION_STYLE_ASSIGNMENT((#2068));
#2070=STYLED_ITEM('',(#2069),#2067);
#2071=DIRECTION('',(0.E0,0.E0,-1.E0));
#2072=VECTOR('',#2071,1.461527491703E0);
#2073=CARTESIAN_POINT('',(3.126239278494E0,-1.15E1,1.219712619248E1));
#2074=LINE('',#2073,#2072);
#2075=CURVE_STYLE('',#20,POSITIVE_LENGTH_MEASURE(2.E-2),#5);
#2076=PRESENTATION_STYLE_ASSIGNMENT((#2075));
#2077=STYLED_ITEM('',(#2076),#2074);
#2078=DIRECTION('',(-9.945218953638E-1,0.E0,1.045284633099E-1));
#2079=VECTOR('',#2078,5.232760362713E0);
#2080=CARTESIAN_POINT('',(2.283397310266E0,-1.15E1,3.724080466055E0));
#2081=LINE('',#2080,#2079);
#2082=CURVE_STYLE('',#20,POSITIVE_LENGTH_MEASURE(2.E-2),#5);
#2083=PRESENTATION_STYLE_ASSIGNMENT((#2082));
#2084=STYLED_ITEM('',(#2083),#2081);
#2085=DIRECTION('',(0.E0,0.E0,-1.E0));
#2086=VECTOR('',#2085,1.460423008839E0);
#2087=CARTESIAN_POINT('',(-2.920697443644E0,-1.15E1,4.271052865638E0));
#2088=LINE('',#2087,#2086);
#2089=CURVE_STYLE('',#20,POSITIVE_LENGTH_MEASURE(2.E-2),#5);
#2090=PRESENTATION_STYLE_ASSIGNMENT((#2089));
#2091=STYLED_ITEM('',(#2090),#2088);
#2092=DIRECTION('',(9.945033479658E-1,0.E0,-1.047047796655E-1));
#2093=VECTOR('',#2092,3.850150477002E0);
#2094=CARTESIAN_POINT('',(-2.920697443644E0,-1.15E1,2.810629856799E0));
#2095=LINE('',#2094,#2093);
#2096=CURVE_STYLE('',#20,POSITIVE_LENGTH_MEASURE(2.E-2),#5);
#2097=PRESENTATION_STYLE_ASSIGNMENT((#2096));
#2098=STYLED_ITEM('',(#2097),#2095);
#2099=DIRECTION('',(0.E0,0.E0,-1.E0));
#2100=VECTOR('',#2099,9.868121874954E-1);
#2101=CARTESIAN_POINT('',(9.082900959065E-1,-1.15E1,2.407500699426E0));
#2102=LINE('',#2101,#2100);
#2103=CURVE_STYLE('',#20,POSITIVE_LENGTH_MEASURE(2.E-2),#5);
#2104=PRESENTATION_STYLE_ASSIGNMENT((#2103));
#2105=STYLED_ITEM('',(#2104),#2102);
#2106=DIRECTION('',(9.945218953638E-1,0.E0,-1.045284633098E-1));
#2107=VECTOR('',#2106,1.382681689332E0);
#2108=CARTESIAN_POINT('',(9.082900959065E-1,-1.15E1,1.420688511931E0));
#2109=LINE('',#2108,#2107);
#2110=CURVE_STYLE('',#20,POSITIVE_LENGTH_MEASURE(2.E-2),#5);
#2111=PRESENTATION_STYLE_ASSIGNMENT((#2110));
#2112=STYLED_ITEM('',(#2111),#2109);
#2113=DIRECTION('',(0.E0,0.E0,1.E0));
#2114=VECTOR('',#2113,2.447921546357E0);
#2115=CARTESIAN_POINT('',(2.283397310266E0,-1.15E1,1.276158919698E0));
#2116=LINE('',#2115,#2114);
#2117=CURVE_STYLE('',#20,POSITIVE_LENGTH_MEASURE(2.E-2),#5);
#2118=PRESENTATION_STYLE_ASSIGNMENT((#2117));
#2119=STYLED_ITEM('',(#2118),#2116);
#2120=CARTESIAN_POINT('',(-3.203551082432E-1,-1.15E1,-5.164182754166E-1));
#2121=CARTESIAN_POINT('',(-3.475440090079E-1,-1.15E1,-5.133989577096E-1));
#2122=CARTESIAN_POINT('',(-4.018791667445E-1,-1.15E1,-5.085782421202E-1));
#2123=CARTESIAN_POINT('',(-5.076572645488E-1,-1.15E1,-5.040062785921E-1));
#2124=CARTESIAN_POINT('',(-6.356244357202E-1,-1.15E1,-5.074716049940E-1));
#2125=CARTESIAN_POINT('',(-7.816045917347E-1,-1.15E1,-5.258253543532E-1));
#2126=CARTESIAN_POINT('',(-9.656700268589E-1,-1.15E1,-5.684963435613E-1));
#2127=CARTESIAN_POINT('',(-1.174715867723E0,-1.15E1,-6.546327998616E-1));
#2128=CARTESIAN_POINT('',(-1.388276378300E0,-1.15E1,-8.061926915660E-1));
#2129=CARTESIAN_POINT('',(-1.560880456844E0,-1.15E1,-1.001702128820E0));
#2130=CARTESIAN_POINT('',(-1.688869242193E0,-1.15E1,-1.236801587300E0));
#2131=CARTESIAN_POINT('',(-1.755308659970E0,-1.15E1,-1.462424961777E0));
#2132=CARTESIAN_POINT('',(-1.782479479884E0,-1.15E1,-1.657997516526E0));
#2133=CARTESIAN_POINT('',(-1.789435497457E0,-1.15E1,-1.812600223175E0));
#2134=CARTESIAN_POINT('',(-1.782494753324E0,-1.15E1,-1.968185916667E0));
#2135=CARTESIAN_POINT('',(-1.755299842129E0,-1.15E1,-2.167641227841E0));
#2136=CARTESIAN_POINT('',(-1.688872235558E0,-1.15E1,-2.405852684425E0));
#2137=CARTESIAN_POINT('',(-1.560879663465E0,-1.15E1,-2.667514372773E0));
#2138=CARTESIAN_POINT('',(-1.388276558448E0,-1.15E1,-2.900101380753E0));
#2139=CARTESIAN_POINT('',(-1.174715940508E0,-1.15E1,-3.098328441691E0));
#2140=CARTESIAN_POINT('',(-9.656700305494E-1,-1.15E1,-3.230552221268E0));
#2141=CARTESIAN_POINT('',(-7.816045705349E-1,-1.15E1,-3.313954135876E0));
#2142=CARTESIAN_POINT('',(-6.356244192903E-1,-1.15E1,-3.364663045396E0));
#2143=CARTESIAN_POINT('',(-5.076572573829E-1,-1.15E1,-3.396518981018E0));
#2144=CARTESIAN_POINT('',(-4.019218635395E-1,-1.15E1,-3.415415129024E0));
#2145=CARTESIAN_POINT('',(-3.476317030387E-1,-1.15E1,-3.422650441917E0));
#2146=CARTESIAN_POINT('',(-3.204866483267E-1,-1.15E1,-3.425662971359E0));
#2148=CURVE_STYLE('',#20,POSITIVE_LENGTH_MEASURE(2.E-2),#5);
#2149=PRESENTATION_STYLE_ASSIGNMENT((#2148));
#2150=STYLED_ITEM('',(#2149),#2147);
#2151=CARTESIAN_POINT('',(-3.204866483267E-1,-1.15E1,-3.425662971359E0));
#2152=CARTESIAN_POINT('',(-2.933402147833E-1,-1.15E1,-3.428675653822E0));
#2153=CARTESIAN_POINT('',(-2.390473987787E-1,-1.15E1,-3.433490641786E0));
#2154=CARTESIAN_POINT('',(-1.333072215444E-1,-1.15E1,-3.438063715510E0));
#2155=CARTESIAN_POINT('',(-5.334964282424E-3,-1.15E1,-3.434611485395E0));
#2156=CARTESIAN_POINT('',(1.406499968781E-1,-1.15E1,-3.416304367486E0));
#2157=CARTESIAN_POINT('',(3.247203113455E-1,-1.15E1,-3.373757528698E0));
#2158=CARTESIAN_POINT('',(5.337696884113E-1,-1.15E1,-3.287933247935E0));
#2159=CARTESIAN_POINT('',(7.473313465747E-1,-1.15E1,-3.137107484740E0));
#2160=CARTESIAN_POINT('',(9.199334114195E-1,-1.15E1,-2.942830754750E0));
#2161=CARTESIAN_POINT('',(1.047923903090E0,-1.15E1,-2.709577627949E0));
#2162=CARTESIAN_POINT('',(1.114349776252E0,-1.15E1,-2.486110022786E0));
#2163=CARTESIAN_POINT('',(1.141543820185E0,-1.15E1,-2.292690704608E0));
#2164=CARTESIAN_POINT('',(1.148484304549E0,-1.15E1,-2.138645526056E0));
#2165=CARTESIAN_POINT('',(1.141528547317E0,-1.15E1,-1.982498914489E0));
#2166=CARTESIAN_POINT('',(1.114358593763E0,-1.15E1,-1.780895713861E0));
#2167=CARTESIAN_POINT('',(1.047920909837E0,-1.15E1,-1.540525866444E0));
#2168=CARTESIAN_POINT('',(9.199342047681E-1,-1.15E1,-1.277018686864E0));
#2169=CARTESIAN_POINT('',(7.473311664331E-1,-1.15E1,-1.043198755654E0));
#2170=CARTESIAN_POINT('',(5.337696156288E-1,-1.15E1,-8.442375896271E-1));
#2171=CARTESIAN_POINT('',(3.247203076552E-1,-1.15E1,-7.117016511283E-1));
#2172=CARTESIAN_POINT('',(1.406500180771E-1,-1.15E1,-6.281755890164E-1));
#2173=CARTESIAN_POINT('',(-5.334947853226E-3,-1.15E1,-5.774200549533E-1));
#2174=CARTESIAN_POINT('',(-1.333072143788E-1,-1.15E1,-5.455509960629E-1));
#2175=CARTESIAN_POINT('',(-2.390047000028E-1,-1.15E1,-5.266595732698E-1));
#2176=CARTESIAN_POINT('',(-2.932525220339E-1,-1.15E1,-5.194280079232E-1));
#2177=CARTESIAN_POINT('',(-3.203551082432E-1,-1.15E1,-5.164182754166E-1));
#2179=CURVE_STYLE('',#20,POSITIVE_LENGTH_MEASURE(2.E-2),#5);
#2180=PRESENTATION_STYLE_ASSIGNMENT((#2179));
#2181=STYLED_ITEM('',(#2180),#2178);
#2182=CARTESIAN_POINT('',(2.425580012555E0,-1.15E1,-2.028974050269E0));
#2183=CARTESIAN_POINT('',(2.425580012555E0,-1.15E1,-1.682553729264E0));
#2184=CARTESIAN_POINT('',(2.311681805760E0,-1.15E1,-1.154720609196E0));
#2185=CARTESIAN_POINT('',(1.977204053994E0,-1.15E1,-5.382267064683E-1));
#2186=CARTESIAN_POINT('',(1.643080678552E0,-1.15E1,-1.193228119066E-1));
#2187=CARTESIAN_POINT('',(1.236465114143E0,-1.15E1,2.408972516468E-1));
#2188=CARTESIAN_POINT('',(8.464954712057E-1,-1.15E1,4.822451250513E-1));
#2189=CARTESIAN_POINT('',(5.090556531678E-1,-1.15E1,6.347659945341E-1));
#2190=CARTESIAN_POINT('',(2.425567580698E-1,-1.15E1,7.279963061279E-1));
#2191=CARTESIAN_POINT('',(1.226020062737E-2,-1.15E1,7.860719409335E-1));
#2192=CARTESIAN_POINT('',(-1.764731074610E-1,-1.15E1,8.202526910527E-1));
#2193=CARTESIAN_POINT('',(-3.201183094839E-1,-1.15E1,8.395355241421E-1));
#2194=CARTESIAN_POINT('',(-4.637675870414E-1,-1.15E1,8.521701765634E-1));
#2195=CARTESIAN_POINT('',(-6.515878203226E-1,-1.15E1,8.598873778741E-1));
#2196=CARTESIAN_POINT('',(-8.808992238903E-1,-1.15E1,8.531768924282E-1));
#2197=CARTESIAN_POINT('',(-1.147734338808E0,-1.15E1,8.192964473279E-1));
#2198=CARTESIAN_POINT('',(-1.483241298938E0,-1.15E1,7.424285899731E-1));
#2199=CARTESIAN_POINT('',(-1.873468111670E0,-1.15E1,5.887254873297E-1));
#2200=CARTESIAN_POINT('',(-2.283643192147E0,-1.15E1,3.170778121936E-1));
#2201=CARTESIAN_POINT('',(-2.620381987903E0,-1.15E1,-3.074703569139E-2));
#2202=CARTESIAN_POINT('',(-2.962088015867E0,-1.15E1,-5.878060644609E-1));
#2203=CARTESIAN_POINT('',(-3.066553309204E0,-1.15E1,-1.088325188673E0));
#2204=CARTESIAN_POINT('',(-3.066553309204E0,-1.15E1,-1.419466509889E0));
#2206=CURVE_STYLE('',#20,POSITIVE_LENGTH_MEASURE(2.E-2),#5);
#2207=PRESENTATION_STYLE_ASSIGNMENT((#2206));
#2208=STYLED_ITEM('',(#2207),#2205);
#2209=CARTESIAN_POINT('',(-3.066553309204E0,-1.15E1,-1.419466509889E0));
#2210=CARTESIAN_POINT('',(-3.066553309204E0,-1.15E1,-1.766210302934E0));
#2211=CARTESIAN_POINT('',(-2.951679050546E0,-1.15E1,-2.443680983898E0));
#2212=CARTESIAN_POINT('',(-2.542426247444E0,-1.15E1,-2.997124617890E0));
#2213=CARTESIAN_POINT('',(-2.306957588053E0,-1.15E1,-3.209319576217E0));
#2215=CURVE_STYLE('',#20,POSITIVE_LENGTH_MEASURE(2.E-2),#5);
#2216=PRESENTATION_STYLE_ASSIGNMENT((#2215));
#2217=STYLED_ITEM('',(#2216),#2214);
#2218=DIRECTION('',(-9.945218953686E-1,0.E0,1.045284632645E-1));
#2219=VECTOR('',#2218,6.171205062948E-1);
#2220=CARTESIAN_POINT('',(-2.306957588053E0,-1.15E1,-3.209319576217E0));
#2221=LINE('',#2220,#2219);
#2222=CURVE_STYLE('',#20,POSITIVE_LENGTH_MEASURE(2.E-2),#5);
#2223=PRESENTATION_STYLE_ASSIGNMENT((#2222));
#2224=STYLED_ITEM('',(#2223),#2221);
#2225=DIRECTION('',(-1.633278679487E-4,0.E0,-9.999999866620E-1));
#2226=VECTOR('',#2225,1.347125753022E0);
#2227=CARTESIAN_POINT('',(-2.920697443644E0,-1.15E1,-3.144812918045E0));
#2228=LINE('',#2227,#2226);
#2229=CURVE_STYLE('',#20,POSITIVE_LENGTH_MEASURE(2.E-2),#5);
#2230=PRESENTATION_STYLE_ASSIGNMENT((#2229));
#2231=STYLED_ITEM('',(#2230),#2228);
#2232=DIRECTION('',(9.945173280506E-1,0.E0,-1.045719092634E-1));
#2233=VECTOR('',#2232,7.321378072588E0);
#2234=CARTESIAN_POINT('',(-2.920917466821E0,-1.15E1,-4.491938653099E0));
#2235=LINE('',#2234,#2233);
#2236=CURVE_STYLE('',#20,POSITIVE_LENGTH_MEASURE(2.E-2),#5);
#2237=PRESENTATION_STYLE_ASSIGNMENT((#2236));
#2238=STYLED_ITEM('',(#2237),#2235);
#2239=DIRECTION('',(0.E0,0.E0,1.E0));
#2240=VECTOR('',#2239,1.347470459591E0);
#2241=CARTESIAN_POINT('',(4.360319891578E0,-1.15E1,-5.257549136589E0));
#2242=LINE('',#2241,#2240);
#2243=CURVE_STYLE('',#20,POSITIVE_LENGTH_MEASURE(2.E-2),#5);
#2244=PRESENTATION_STYLE_ASSIGNMENT((#2243));
#2245=STYLED_ITEM('',(#2244),#2242);
#2246=DIRECTION('',(-9.945194398532E-1,0.E0,1.045518232936E-1));
#2247=VECTOR('',#2246,2.677765438723E0);
#2248=CARTESIAN_POINT('',(4.360319891578E0,-1.15E1,-3.910078676998E0));
#2249=LINE('',#2248,#2247);
#2250=CURVE_STYLE('',#20,POSITIVE_LENGTH_MEASURE(2.E-2),#5);
#2251=PRESENTATION_STYLE_ASSIGNMENT((#2250));
#2252=STYLED_ITEM('',(#2251),#2249);
#2253=CARTESIAN_POINT('',(1.697230107400E0,-1.15E1,-3.630113418026E0));
#2254=CARTESIAN_POINT('',(1.813481267365E0,-1.15E1,-3.551155221098E0));
#2255=CARTESIAN_POINT('',(2.028639545829E0,-1.15E1,-3.363766781882E0));
#2256=CARTESIAN_POINT('',(2.359452741438E0,-1.15E1,-2.842845525473E0));
#2257=CARTESIAN_POINT('',(2.425580012552E0,-1.15E1,-2.356881758634E0));
#2258=CARTESIAN_POINT('',(2.425580012555E0,-1.15E1,-2.028974050269E0));
#2260=CURVE_STYLE('',#20,POSITIVE_LENGTH_MEASURE(2.E-2),#5);
#2261=PRESENTATION_STYLE_ASSIGNMENT((#2260));
#2262=STYLED_ITEM('',(#2261),#2259);
#2263=CARTESIAN_POINT('',(2.433887388210E0,-1.15E1,-8.467746848238E0));
#2264=CARTESIAN_POINT('',(2.433887388210E0,-1.15E1,-8.123061382543E0));
#2265=CARTESIAN_POINT('',(2.319176072908E0,-1.15E1,-7.597363013283E0));
#2266=CARTESIAN_POINT('',(1.984569785189E0,-1.15E1,-6.983202782777E0));
#2267=CARTESIAN_POINT('',(1.649977593873E0,-1.15E1,-6.564581722127E0));
#2268=CARTESIAN_POINT('',(1.242829105613E0,-1.15E1,-6.203894816511E0));
#2269=CARTESIAN_POINT('',(8.523835088706E-1,-1.15E1,-5.961659138812E0));
#2270=CARTESIAN_POINT('',(5.144681963445E-1,-1.15E1,-5.808169052848E0));
#2271=CARTESIAN_POINT('',(2.475793299751E-1,-1.15E1,-5.714114217793E0));
#2272=CARTESIAN_POINT('',(1.693312690305E-2,-1.15E1,-5.655293510204E0));
#2273=CARTESIAN_POINT('',(-1.720932997290E-1,-1.15E1,-5.620494267859E0));
#2274=CARTESIAN_POINT('',(-3.159548192237E-1,-1.15E1,-5.600739942596E0));
#2275=CARTESIAN_POINT('',(-4.598206798468E-1,-1.15E1,-5.587633679165E0));
#2276=CARTESIAN_POINT('',(-6.479099048369E-1,-1.15E1,-5.579297891569E0));
#2277=CARTESIAN_POINT('',(-8.775449224686E-1,-1.15E1,-5.585239577308E0));
#2278=CARTESIAN_POINT('',(-1.144778307234E0,-1.15E1,-5.618193177121E0));
#2279=CARTESIAN_POINT('',(-1.480704697377E0,-1.15E1,-5.693812427360E0));
#2280=CARTESIAN_POINT('',(-1.871390103314E0,-1.15E1,-5.845834155961E0));
#2281=CARTESIAN_POINT('',(-2.282181847336E0,-1.15E1,-6.115306743949E0));
#2282=CARTESIAN_POINT('',(-2.619467431544E0,-1.15E1,-6.460714090022E0));
#2283=CARTESIAN_POINT('',(-2.961549168421E0,-1.15E1,-7.013632626597E0));
#2284=CARTESIAN_POINT('',(-3.066553723607E0,-1.15E1,-7.511263046841E0));
#2285=CARTESIAN_POINT('',(-3.066553723607E0,-1.15E1,-7.840223122701E0));
#2287=CURVE_STYLE('',#20,POSITIVE_LENGTH_MEASURE(2.E-2),#5);
#2288=PRESENTATION_STYLE_ASSIGNMENT((#2287));
#2289=STYLED_ITEM('',(#2288),#2286);
#2290=CARTESIAN_POINT('',(-3.066553723607E0,-1.15E1,-7.840223122701E0));
#2291=CARTESIAN_POINT('',(-3.066553723638E0,-1.15E1,-8.187629202018E0));
#2292=CARTESIAN_POINT('',(-2.947077439076E0,-1.15E1,-8.864639789587E0));
#2293=CARTESIAN_POINT('',(-2.540962829755E0,-1.15E1,-9.418748326680E0));
#2294=CARTESIAN_POINT('',(-2.308028792875E0,-1.15E1,-9.633202594E0));
#2296=CURVE_STYLE('',#20,POSITIVE_LENGTH_MEASURE(2.E-2),#5);
#2297=PRESENTATION_STYLE_ASSIGNMENT((#2296));
#2298=STYLED_ITEM('',(#2297),#2295);
#2299=DIRECTION('',(-9.945228775812E-1,0.E0,1.045191177134E-1));
#2300=VECTOR('',#2299,6.160429318065E-1);
#2301=CARTESIAN_POINT('',(-2.308028792875E0,-1.15E1,-9.633202594E0));
#2302=LINE('',#2301,#2300);
#2303=CURVE_STYLE('',#20,POSITIVE_LENGTH_MEASURE(2.E-2),#5);
#2304=PRESENTATION_STYLE_ASSIGNMENT((#2303));
#2305=STYLED_ITEM('',(#2304),#2302);
#2306=DIRECTION('',(-1.632250676748E-4,0.E0,-9.999999866788E-1));
#2307=VECTOR('',#2306,1.347125753E0);
#2308=CARTESIAN_POINT('',(-2.920697582129E0,-1.15E1,-9.568814330294E0));
#2309=LINE('',#2308,#2307);
#2310=CURVE_STYLE('',#20,POSITIVE_LENGTH_MEASURE(2.E-2),#5);
#2311=PRESENTATION_STYLE_ASSIGNMENT((#2310));
#2312=STYLED_ITEM('',(#2311),#2309);
#2313=DIRECTION('',(9.944481815213E-1,0.E0,-1.052274406651E-1));
#2314=VECTOR('',#2313,5.233369494557E0);
#2315=CARTESIAN_POINT('',(-2.920917466821E0,-1.15E1,-1.091594006535E1));
#2316=LINE('',#2315,#2314);
#2317=CURVE_STYLE('',#20,POSITIVE_LENGTH_MEASURE(2.E-2),#5);
#2318=PRESENTATION_STYLE_ASSIGNMENT((#2317));
#2319=STYLED_ITEM('',(#2318),#2316);
#2320=DIRECTION('',(0.E0,0.E0,1.E0));
#2321=VECTOR('',#2320,1.350896736993E0);
#2322=CARTESIAN_POINT('',(2.283397310270E0,-1.15E1,-1.146663414332E1));
#2323=LINE('',#2322,#2321);
#2324=CURVE_STYLE('',#20,POSITIVE_LENGTH_MEASURE(2.E-2),#5);
#2325=PRESENTATION_STYLE_ASSIGNMENT((#2324));
#2326=STYLED_ITEM('',(#2325),#2323);
#2327=DIRECTION('',(-9.945228752002E-1,0.E0,1.045191403688E-1));
#2328=VECTOR('',#2327,5.607172463838E-1);
#2329=CARTESIAN_POINT('',(2.283397310270E0,-1.15E1,-1.011573740632E1));
#2330=LINE('',#2329,#2328);
#2331=CURVE_STYLE('',#20,POSITIVE_LENGTH_MEASURE(2.E-2),#5);
#2332=PRESENTATION_STYLE_ASSIGNMENT((#2331));
#2333=STYLED_ITEM('',(#2332),#2330);
#2334=CARTESIAN_POINT('',(1.725751182222E0,-1.15E1,-1.005713172174E1));
#2335=CARTESIAN_POINT('',(1.839442646183E0,-1.15E1,-9.978405517134E0));
#2336=CARTESIAN_POINT('',(2.049768252361E0,-1.15E1,-9.792573185517E0));
#2337=CARTESIAN_POINT('',(2.279361861016E0,-1.15E1,-9.424289541884E0));
#2338=CARTESIAN_POINT('',(2.410994418523E0,-1.15E1,-8.972479700636E0));
#2339=CARTESIAN_POINT('',(2.433887388210E0,-1.15E1,-8.643761867994E0));
#2340=CARTESIAN_POINT('',(2.433887388210E0,-1.15E1,-8.467746848238E0));
#2342=CURVE_STYLE('',#20,POSITIVE_LENGTH_MEASURE(2.E-2),#5);
#2343=PRESENTATION_STYLE_ASSIGNMENT((#2342));
#2344=STYLED_ITEM('',(#2343),#2341);
#2345=CARTESIAN_POINT('',(-3.161997601539E-1,-1.15E1,-6.956692035062E0));
#2346=CARTESIAN_POINT('',(-3.434303449153E-1,-1.15E1,-6.953583439636E0));
#2347=CARTESIAN_POINT('',(-3.978482646244E-1,-1.15E1,-6.948584409043E0));
#2348=CARTESIAN_POINT('',(-5.037869114097E-1,-1.15E1,-6.943662863169E0));
#2349=CARTESIAN_POINT('',(-6.319476552183E-1,-1.15E1,-6.946695582892E0));
#2350=CARTESIAN_POINT('',(-7.781486293993E-1,-1.15E1,-6.964524284044E0));
#2351=CARTESIAN_POINT('',(-9.624925036643E-1,-1.15E1,-7.006468325714E0));
#2352=CARTESIAN_POINT('',(-1.171854495641E0,-1.15E1,-7.091611165517E0));
#2353=CARTESIAN_POINT('',(-1.385738327879E0,-1.15E1,-7.241731643585E0));
#2354=CARTESIAN_POINT('',(-1.558602479718E0,-1.15E1,-7.435443349818E0));
#2355=CARTESIAN_POINT('',(-1.686788674539E0,-1.15E1,-7.668276028032E0));
#2356=CARTESIAN_POINT('',(-1.753316761290E0,-1.15E1,-7.891525613267E0));
#2357=CARTESIAN_POINT('',(-1.780552809825E0,-1.15E1,-8.084855610016E0));
#2358=CARTESIAN_POINT('',(-1.787504052921E0,-1.15E1,-8.238877990668E0));
#2359=CARTESIAN_POINT('',(-1.780537513282E0,-1.15E1,-8.395047442775E0));
#2360=CARTESIAN_POINT('',(-1.753325592465E0,-1.15E1,-8.596739876300E0));
#2361=CARTESIAN_POINT('',(-1.686785676679E0,-1.15E1,-8.837327770157E0));
#2362=CARTESIAN_POINT('',(-1.558603274176E0,-1.15E1,-9.101255378277E0));
#2363=CARTESIAN_POINT('',(-1.385738147906E0,-1.15E1,-9.335640309771E0));
#2364=CARTESIAN_POINT('',(-1.171854421075E0,-1.15E1,-9.535306813005E0));
#2365=CARTESIAN_POINT('',(-9.624925000144E-1,-1.15E1,-9.668524138560E0));
#2366=CARTESIAN_POINT('',(-7.781486508824E-1,-1.15E1,-9.752652986119E0));
#2367=CARTESIAN_POINT('',(-6.319476718861E-1,-1.15E1,-9.803886944341E0));
#2368=CARTESIAN_POINT('',(-5.037869186766E-1,-1.15E1,-9.836175491474E0));
#2369=CARTESIAN_POINT('',(-3.978915698305E-1,-1.15E1,-9.855421058689E0));
#2370=CARTESIAN_POINT('',(-3.435192846894E-1,-1.15E1,-9.862834463568E0));
#2371=CARTESIAN_POINT('',(-3.163331676962E-1,-1.15E1,-9.865936038700E0));
#2373=CURVE_STYLE('',#20,POSITIVE_LENGTH_MEASURE(2.E-2),#5);
#2374=PRESENTATION_STYLE_ASSIGNMENT((#2373));
#2375=STYLED_ITEM('',(#2374),#2372);
#2376=CARTESIAN_POINT('',(-3.163331676962E-1,-1.15E1,-9.865936038700E0));
#2377=CARTESIAN_POINT('',(-2.891456697857E-1,-1.15E1,-9.869037771376E0));
#2378=CARTESIAN_POINT('',(-2.347707251245E-1,-1.15E1,-9.874030859160E0));
#2379=CARTESIAN_POINT('',(-1.288705856525E-1,-1.15E1,-9.878948232864E0));
#2380=CARTESIAN_POINT('',(-7.047293819640E-4,-1.15E1,-9.875902969527E0));
#2381=CARTESIAN_POINT('',(1.455010668055E-1,-1.15E1,-9.858028555948E0));
#2382=CARTESIAN_POINT('',(3.298497777348E-1,-1.15E1,-9.815962393362E0));
#2383=CARTESIAN_POINT('',(5.392151711541E-1,-1.15E1,-9.730516023361E0));
#2384=CARTESIAN_POINT('',(7.530999397799E-1,-1.15E1,-9.579651947669E0));
#2385=CARTESIAN_POINT('',(9.259640242691E-1,-1.15E1,-9.384709904165E0));
#2386=CARTESIAN_POINT('',(1.054144343346E0,-1.15E1,-9.150029712167E0));
#2387=CARTESIAN_POINT('',(1.120682522657E0,-1.15E1,-8.924624175569E0));
#2388=CARTESIAN_POINT('',(1.147893575803E0,-1.15E1,-8.729140645417E0));
#2389=CARTESIAN_POINT('',(1.154859854709E0,-1.15E1,-8.574560733861E0));
#2390=CARTESIAN_POINT('',(1.147908871773E0,-1.15E1,-8.418952302836E0));
#2391=CARTESIAN_POINT('',(1.120673691813E0,-1.15E1,-8.219407897543E0));
#2392=CARTESIAN_POINT('',(1.054147341093E0,-1.15E1,-7.980978654060E0));
#2393=CARTESIAN_POINT('',(9.259632298406E-1,-1.15E1,-7.718897694409E0));
#2394=CARTESIAN_POINT('',(7.531001197462E-1,-1.15E1,-7.485743322632E0));
#2395=CARTESIAN_POINT('',(5.392152457176E-1,-1.15E1,-7.286820392561E0));
#2396=CARTESIAN_POINT('',(3.298497813846E-1,-1.15E1,-7.153906582303E0));
#2397=CARTESIAN_POINT('',(1.455010453232E-1,-1.15E1,-7.069899847317E0));
#2398=CARTESIAN_POINT('',(-7.047460491152E-4,-1.15E1,-7.018711610589E0));
#2399=CARTESIAN_POINT('',(-1.288705929191E-1,-1.15E1,-6.986435584287E0));
#2400=CARTESIAN_POINT('',(-2.347274224088E-1,-1.15E1,-6.967200098579E0));
#2401=CARTESIAN_POINT('',(-2.890567328347E-1,-1.15E1,-6.959790635086E0));
#2402=CARTESIAN_POINT('',(-3.161997601539E-1,-1.15E1,-6.956692035062E0));
#2404=CURVE_STYLE('',#20,POSITIVE_LENGTH_MEASURE(2.E-2),#5);
#2405=PRESENTATION_STYLE_ASSIGNMENT((#2404));
#2406=STYLED_ITEM('',(#2405),#2403);
#2407=CARTESIAN_POINT('',(2.85E1,-1.05E1,4.5E1));
#2408=DIRECTION('',(0.E0,0.E0,1.E0));
#2409=DIRECTION('',(0.E0,-1.E0,0.E0));
#2410=AXIS2_PLACEMENT_3D('',#2407,#2408,#2409);
#2412=CURVE_STYLE('',#20,POSITIVE_LENGTH_MEASURE(2.E-2),#5);
#2413=PRESENTATION_STYLE_ASSIGNMENT((#2412));
#2414=STYLED_ITEM('',(#2413),#2411);
#2415=CARTESIAN_POINT('',(2.7E1,-1.05E1,4.65E1));
#2416=DIRECTION('',(-1.E0,0.E0,0.E0));
#2417=DIRECTION('',(0.E0,-1.E0,0.E0));
#2418=AXIS2_PLACEMENT_3D('',#2415,#2416,#2417);
#2420=CURVE_STYLE('',#20,POSITIVE_LENGTH_MEASURE(2.E-2),#5);
#2421=PRESENTATION_STYLE_ASSIGNMENT((#2420));
#2422=STYLED_ITEM('',(#2421),#2419);
#2423=CARTESIAN_POINT('',(-2.7E1,-1.05E1,4.65E1));
#2424=DIRECTION('',(-1.E0,0.E0,0.E0));
#2425=DIRECTION('',(0.E0,-1.E0,0.E0));
#2426=AXIS2_PLACEMENT_3D('',#2423,#2424,#2425);
#2428=CURVE_STYLE('',#20,POSITIVE_LENGTH_MEASURE(2.E-2),#5);
#2429=PRESENTATION_STYLE_ASSIGNMENT((#2428));
#2430=STYLED_ITEM('',(#2429),#2427);
#2431=CARTESIAN_POINT('',(-2.85E1,-1.05E1,4.5E1));
#2432=DIRECTION('',(0.E0,0.E0,-1.E0));
#2433=DIRECTION('',(0.E0,-1.E0,0.E0));
#2434=AXIS2_PLACEMENT_3D('',#2431,#2432,#2433);
#2436=CURVE_STYLE('',#20,POSITIVE_LENGTH_MEASURE(2.E-2),#5);
#2437=PRESENTATION_STYLE_ASSIGNMENT((#2436));
#2438=STYLED_ITEM('',(#2437),#2435);
#2439=DIRECTION('',(0.E0,0.E0,-1.E0));
#2440=VECTOR('',#2439,8.999999999665E1);
#2441=CARTESIAN_POINT('',(-2.95E1,-1.05E1,4.499999999839E1));
#2442=LINE('',#2441,#2440);
#2443=CURVE_STYLE('',#20,POSITIVE_LENGTH_MEASURE(2.E-2),#5);
#2444=PRESENTATION_STYLE_ASSIGNMENT((#2443));
#2445=STYLED_ITEM('',(#2444),#2442);
#2446=DIRECTION('',(0.E0,-1.E0,1.653033688767E-10));
#2447=VECTOR('',#2446,1.05E1);
#2448=CARTESIAN_POINT('',(-2.95E1,0.E0,-4.5E1));
#2449=LINE('',#2448,#2447);
#2450=CURVE_STYLE('',#20,POSITIVE_LENGTH_MEASURE(2.E-2),#5);
#2451=PRESENTATION_STYLE_ASSIGNMENT((#2450));
#2452=STYLED_ITEM('',(#2451),#2449);
#2453=CARTESIAN_POINT('',(-2.7E1,-1.05E1,4.5E1));
#2454=DIRECTION('',(0.E0,-1.E0,0.E0));
#2455=DIRECTION('',(0.E0,0.E0,1.E0));
#2456=AXIS2_PLACEMENT_3D('',#2453,#2454,#2455);
#2458=CURVE_STYLE('',#20,POSITIVE_LENGTH_MEASURE(2.E-2),#5);
#2459=PRESENTATION_STYLE_ASSIGNMENT((#2458));
#2460=STYLED_ITEM('',(#2459),#2457);
#2461=DIRECTION('',(0.E0,-1.E0,-1.534048232359E-10));
#2462=VECTOR('',#2461,1.05E1);
#2463=CARTESIAN_POINT('',(-2.95E1,0.E0,4.5E1));
#2464=LINE('',#2463,#2462);
#2465=CURVE_STYLE('',#20,POSITIVE_LENGTH_MEASURE(2.E-2),#5);
#2466=PRESENTATION_STYLE_ASSIGNMENT((#2465));
#2467=STYLED_ITEM('',(#2466),#2464);
#2468=CARTESIAN_POINT('',(2.7E1,-1.05E1,4.5E1));
#2469=DIRECTION('',(0.E0,-1.E0,0.E0));
#2470=DIRECTION('',(1.E0,0.E0,0.E0));
#2471=AXIS2_PLACEMENT_3D('',#2468,#2469,#2470);
#2473=CURVE_STYLE('',#20,POSITIVE_LENGTH_MEASURE(2.E-2),#5);
#2474=PRESENTATION_STYLE_ASSIGNMENT((#2473));
#2475=STYLED_ITEM('',(#2474),#2472);
#2476=DIRECTION('',(-1.534061766506E-10,-1.E0,0.E0));
#2477=VECTOR('',#2476,1.05E1);
#2478=CARTESIAN_POINT('',(2.7E1,0.E0,4.75E1));
#2479=LINE('',#2478,#2477);
#2480=CURVE_STYLE('',#20,POSITIVE_LENGTH_MEASURE(2.E-2),#5);
#2481=PRESENTATION_STYLE_ASSIGNMENT((#2480));
#2482=STYLED_ITEM('',(#2481),#2479);
#2483=DIRECTION('',(0.E0,0.E0,1.E0));
#2484=VECTOR('',#2483,8.999999999665E1);
#2485=CARTESIAN_POINT('',(2.95E1,-1.05E1,-4.499999999839E1));
#2486=LINE('',#2485,#2484);
#2487=CURVE_STYLE('',#20,POSITIVE_LENGTH_MEASURE(2.E-2),#5);
#2488=PRESENTATION_STYLE_ASSIGNMENT((#2487));
#2489=STYLED_ITEM('',(#2488),#2486);
#2490=DIRECTION('',(0.E0,-1.E0,-1.653033688767E-10));
#2491=VECTOR('',#2490,1.05E1);
#2492=CARTESIAN_POINT('',(2.95E1,0.E0,4.5E1));
#2493=LINE('',#2492,#2491);
#2494=CURVE_STYLE('',#20,POSITIVE_LENGTH_MEASURE(2.E-2),#5);
#2495=PRESENTATION_STYLE_ASSIGNMENT((#2494));
#2496=STYLED_ITEM('',(#2495),#2493);
#2497=CARTESIAN_POINT('',(2.85E1,-1.05E1,-4.5E1));
#2498=DIRECTION('',(0.E0,0.E0,1.E0));
#2499=DIRECTION('',(0.E0,-1.E0,0.E0));
#2500=AXIS2_PLACEMENT_3D('',#2497,#2498,#2499);
#2502=CURVE_STYLE('',#20,POSITIVE_LENGTH_MEASURE(2.E-2),#5);
#2503=PRESENTATION_STYLE_ASSIGNMENT((#2502));
#2504=STYLED_ITEM('',(#2503),#2501);
#2505=CARTESIAN_POINT('',(2.7E1,-1.05E1,-4.65E1));
#2506=DIRECTION('',(1.E0,0.E0,0.E0));
#2507=DIRECTION('',(0.E0,-1.E0,0.E0));
#2508=AXIS2_PLACEMENT_3D('',#2505,#2506,#2507);
#2510=CURVE_STYLE('',#20,POSITIVE_LENGTH_MEASURE(2.E-2),#5);
#2511=PRESENTATION_STYLE_ASSIGNMENT((#2510));
#2512=STYLED_ITEM('',(#2511),#2509);
#2513=CARTESIAN_POINT('',(2.7E1,-1.05E1,-4.5E1));
#2514=DIRECTION('',(0.E0,-1.E0,0.E0));
#2515=DIRECTION('',(0.E0,0.E0,-1.E0));
#2516=AXIS2_PLACEMENT_3D('',#2513,#2514,#2515);
#2518=CURVE_STYLE('',#20,POSITIVE_LENGTH_MEASURE(2.E-2),#5);
#2519=PRESENTATION_STYLE_ASSIGNMENT((#2518));
#2520=STYLED_ITEM('',(#2519),#2517);
#2521=DIRECTION('',(0.E0,-1.E0,1.534048232359E-10));
#2522=VECTOR('',#2521,1.05E1);
#2523=CARTESIAN_POINT('',(2.95E1,0.E0,-4.5E1));
#2524=LINE('',#2523,#2522);
#2525=CURVE_STYLE('',#20,POSITIVE_LENGTH_MEASURE(2.E-2),#5);
#2526=PRESENTATION_STYLE_ASSIGNMENT((#2525));
#2527=STYLED_ITEM('',(#2526),#2524);
#2528=CARTESIAN_POINT('',(-2.7E1,-1.05E1,-4.65E1));
#2529=DIRECTION('',(1.E0,0.E0,0.E0));
#2530=DIRECTION('',(0.E0,-1.E0,0.E0));
#2531=AXIS2_PLACEMENT_3D('',#2528,#2529,#2530);
#2533=CURVE_STYLE('',#20,POSITIVE_LENGTH_MEASURE(2.E-2),#5);
#2534=PRESENTATION_STYLE_ASSIGNMENT((#2533));
#2535=STYLED_ITEM('',(#2534),#2532);
#2536=DIRECTION('',(0.E0,9.998476951564E-1,1.745240643728E-2));
#2537=VECTOR('',#2536,7.801188158742E0);
#2538=CARTESIAN_POINT('',(2.4E1,-1.15E1,3.936385049356E1));
#2539=LINE('',#2538,#2537);
#2540=CURVE_STYLE('',#20,POSITIVE_LENGTH_MEASURE(2.E-2),#5);
#2541=PRESENTATION_STYLE_ASSIGNMENT((#2540));
#2542=STYLED_ITEM('',(#2541),#2539);
#2543=DIRECTION('',(0.E0,9.998476951564E-1,-1.745240643728E-2));
#2544=VECTOR('',#2543,7.801188158742E0);
#2545=CARTESIAN_POINT('',(2.4E1,-1.15E1,4.463614950644E1));
#2546=LINE('',#2545,#2544);
#2547=CURVE_STYLE('',#20,POSITIVE_LENGTH_MEASURE(2.E-2),#5);
#2548=PRESENTATION_STYLE_ASSIGNMENT((#2547));
#2549=STYLED_ITEM('',(#2548),#2546);
#2550=CARTESIAN_POINT('',(2.4E1,-3.7E0,4.2E1));
#2551=DIRECTION('',(0.E0,-1.E0,0.E0));
#2552=DIRECTION('',(0.E0,0.E0,-1.E0));
#2553=AXIS2_PLACEMENT_3D('',#2550,#2551,#2552);
#2555=CURVE_STYLE('',#20,POSITIVE_LENGTH_MEASURE(2.E-2),#5);
#2556=PRESENTATION_STYLE_ASSIGNMENT((#2555));
#2557=STYLED_ITEM('',(#2556),#2554);
#2558=CARTESIAN_POINT('',(2.4E1,-3.7E0,4.2E1));
#2559=DIRECTION('',(0.E0,-1.E0,0.E0));
#2560=DIRECTION('',(0.E0,0.E0,1.E0));
#2561=AXIS2_PLACEMENT_3D('',#2558,#2559,#2560);
#2563=CURVE_STYLE('',#20,POSITIVE_LENGTH_MEASURE(2.E-2),#5);
#2564=PRESENTATION_STYLE_ASSIGNMENT((#2563));
#2565=STYLED_ITEM('',(#2564),#2562);
#2566=CARTESIAN_POINT('',(-2.4E1,-3.7E0,4.2E1));
#2567=DIRECTION('',(0.E0,-1.E0,0.E0));
#2568=DIRECTION('',(0.E0,0.E0,-1.E0));
#2569=AXIS2_PLACEMENT_3D('',#2566,#2567,#2568);
#2571=CURVE_STYLE('',#20,POSITIVE_LENGTH_MEASURE(2.E-2),#5);
#2572=PRESENTATION_STYLE_ASSIGNMENT((#2571));
#2573=STYLED_ITEM('',(#2572),#2570);
#2574=CARTESIAN_POINT('',(-2.4E1,-3.7E0,4.2E1));
#2575=DIRECTION('',(0.E0,-1.E0,0.E0));
#2576=DIRECTION('',(0.E0,0.E0,1.E0));
#2577=AXIS2_PLACEMENT_3D('',#2574,#2575,#2576);
#2579=CURVE_STYLE('',#20,POSITIVE_LENGTH_MEASURE(2.E-2),#5);
#2580=PRESENTATION_STYLE_ASSIGNMENT((#2579));
#2581=STYLED_ITEM('',(#2580),#2578);
#2582=CARTESIAN_POINT('',(-2.4E1,-3.7E0,-4.2E1));
#2583=DIRECTION('',(0.E0,-1.E0,0.E0));
#2584=DIRECTION('',(0.E0,0.E0,-1.E0));
#2585=AXIS2_PLACEMENT_3D('',#2582,#2583,#2584);
#2587=CURVE_STYLE('',#20,POSITIVE_LENGTH_MEASURE(2.E-2),#5);
#2588=PRESENTATION_STYLE_ASSIGNMENT((#2587));
#2589=STYLED_ITEM('',(#2588),#2586);
#2590=CARTESIAN_POINT('',(-2.4E1,-3.7E0,-4.2E1));
#2591=DIRECTION('',(0.E0,-1.E0,0.E0));
#2592=DIRECTION('',(0.E0,0.E0,1.E0));
#2593=AXIS2_PLACEMENT_3D('',#2590,#2591,#2592);
#2595=CURVE_STYLE('',#20,POSITIVE_LENGTH_MEASURE(2.E-2),#5);
#2596=PRESENTATION_STYLE_ASSIGNMENT((#2595));
#2597=STYLED_ITEM('',(#2596),#2594);
#2598=DIRECTION('',(0.E0,9.998476951564E-1,1.745240643728E-2));
#2599=VECTOR('',#2598,7.801188158742E0);
#2600=CARTESIAN_POINT('',(-2.4E1,-1.15E1,3.936385049356E1));
#2601=LINE('',#2600,#2599);
#2602=CURVE_STYLE('',#20,POSITIVE_LENGTH_MEASURE(2.E-2),#5);
#2603=PRESENTATION_STYLE_ASSIGNMENT((#2602));
#2604=STYLED_ITEM('',(#2603),#2601);
#2605=DIRECTION('',(0.E0,9.998476951564E-1,-1.745240643728E-2));
#2606=VECTOR('',#2605,7.801188158742E0);
#2607=CARTESIAN_POINT('',(-2.4E1,-1.15E1,4.463614950644E1));
#2608=LINE('',#2607,#2606);
#2609=CURVE_STYLE('',#20,POSITIVE_LENGTH_MEASURE(2.E-2),#5);
#2610=PRESENTATION_STYLE_ASSIGNMENT((#2609));
#2611=STYLED_ITEM('',(#2610),#2608);
#2612=DIRECTION('',(0.E0,9.998476951564E-1,1.745240643728E-2));
#2613=VECTOR('',#2612,7.801188158742E0);
#2614=CARTESIAN_POINT('',(-2.4E1,-1.15E1,-4.463614950644E1));
#2615=LINE('',#2614,#2613);
#2616=CURVE_STYLE('',#20,POSITIVE_LENGTH_MEASURE(2.E-2),#5);
#2617=PRESENTATION_STYLE_ASSIGNMENT((#2616));
#2618=STYLED_ITEM('',(#2617),#2615);
#2619=DIRECTION('',(0.E0,9.998476951564E-1,-1.745240643728E-2));
#2620=VECTOR('',#2619,7.801188158742E0);
#2621=CARTESIAN_POINT('',(-2.4E1,-1.15E1,-3.936385049356E1));
#2622=LINE('',#2621,#2620);
#2623=CURVE_STYLE('',#20,POSITIVE_LENGTH_MEASURE(2.E-2),#5);
#2624=PRESENTATION_STYLE_ASSIGNMENT((#2623));
#2625=STYLED_ITEM('',(#2624),#2622);
#2626=CARTESIAN_POINT('',(2.4E1,-3.7E0,4.2E1));
#2627=DIRECTION('',(0.E0,1.E0,0.E0));
#2628=DIRECTION('',(1.E0,0.E0,0.E0));
#2629=AXIS2_PLACEMENT_3D('',#2626,#2627,#2628);
#2631=CURVE_STYLE('',#20,POSITIVE_LENGTH_MEASURE(2.E-2),#5);
#2632=PRESENTATION_STYLE_ASSIGNMENT((#2631));
#2633=STYLED_ITEM('',(#2632),#2630);
#2634=DIRECTION('',(0.E0,1.E0,0.E0));
#2635=VECTOR('',#2634,2.E0);
#2636=CARTESIAN_POINT('',(2.24E1,-3.7E0,4.2E1));
#2637=LINE('',#2636,#2635);
#2638=CURVE_STYLE('',#20,POSITIVE_LENGTH_MEASURE(2.E-2),#5);
#2639=PRESENTATION_STYLE_ASSIGNMENT((#2638));
#2640=STYLED_ITEM('',(#2639),#2637);
#2641=CARTESIAN_POINT('',(2.4E1,-3.7E0,4.2E1));
#2642=DIRECTION('',(0.E0,1.E0,0.E0));
#2643=DIRECTION('',(-1.E0,0.E0,0.E0));
#2644=AXIS2_PLACEMENT_3D('',#2641,#2642,#2643);
#2646=CURVE_STYLE('',#20,POSITIVE_LENGTH_MEASURE(2.E-2),#5);
#2647=PRESENTATION_STYLE_ASSIGNMENT((#2646));
#2648=STYLED_ITEM('',(#2647),#2645);
#2649=DIRECTION('',(0.E0,1.E0,0.E0));
#2650=VECTOR('',#2649,2.E0);
#2651=CARTESIAN_POINT('',(2.56E1,-3.7E0,4.2E1));
#2652=LINE('',#2651,#2650);
#2653=CURVE_STYLE('',#20,POSITIVE_LENGTH_MEASURE(2.E-2),#5);
#2654=PRESENTATION_STYLE_ASSIGNMENT((#2653));
#2655=STYLED_ITEM('',(#2654),#2652);
#2656=CARTESIAN_POINT('',(2.4E1,-1.7E0,4.2E1));
#2657=DIRECTION('',(0.E0,1.E0,0.E0));
#2658=DIRECTION('',(-1.E0,0.E0,0.E0));
#2659=AXIS2_PLACEMENT_3D('',#2656,#2657,#2658);
#2661=CURVE_STYLE('',#20,POSITIVE_LENGTH_MEASURE(2.E-2),#5);
#2662=PRESENTATION_STYLE_ASSIGNMENT((#2661));
#2663=STYLED_ITEM('',(#2662),#2660);
#2664=CARTESIAN_POINT('',(2.4E1,-1.7E0,4.2E1));
#2665=DIRECTION('',(0.E0,1.E0,0.E0));
#2666=DIRECTION('',(1.E0,0.E0,0.E0));
#2667=AXIS2_PLACEMENT_3D('',#2664,#2665,#2666);
#2669=CURVE_STYLE('',#20,POSITIVE_LENGTH_MEASURE(2.E-2),#5);
#2670=PRESENTATION_STYLE_ASSIGNMENT((#2669));
#2671=STYLED_ITEM('',(#2670),#2668);
#2672=CARTESIAN_POINT('',(2.4E1,-1.7E0,4.2E1));
#2673=DIRECTION('',(0.E0,-1.E0,0.E0));
#2674=DIRECTION('',(-1.E0,0.E0,0.E0));
#2675=AXIS2_PLACEMENT_3D('',#2672,#2673,#2674);
#2677=CURVE_STYLE('',#20,POSITIVE_LENGTH_MEASURE(2.E-2),#5);
#2678=PRESENTATION_STYLE_ASSIGNMENT((#2677));
#2679=STYLED_ITEM('',(#2678),#2676);
#2680=CARTESIAN_POINT('',(2.4E1,-1.7E0,4.2E1));
#2681=DIRECTION('',(0.E0,-1.E0,0.E0));
#2682=DIRECTION('',(1.E0,0.E0,0.E0));
#2683=AXIS2_PLACEMENT_3D('',#2680,#2681,#2682);
#2685=CURVE_STYLE('',#20,POSITIVE_LENGTH_MEASURE(2.E-2),#5);
#2686=PRESENTATION_STYLE_ASSIGNMENT((#2685));
#2687=STYLED_ITEM('',(#2686),#2684);
#2688=CARTESIAN_POINT('',(-2.4E1,-1.7E0,4.2E1));
#2689=DIRECTION('',(0.E0,1.E0,0.E0));
#2690=DIRECTION('',(-1.E0,0.E0,0.E0));
#2691=AXIS2_PLACEMENT_3D('',#2688,#2689,#2690);
#2693=CURVE_STYLE('',#20,POSITIVE_LENGTH_MEASURE(2.E-2),#5);
#2694=PRESENTATION_STYLE_ASSIGNMENT((#2693));
#2695=STYLED_ITEM('',(#2694),#2692);
#2696=CARTESIAN_POINT('',(-2.4E1,-1.7E0,4.2E1));
#2697=DIRECTION('',(0.E0,1.E0,0.E0));
#2698=DIRECTION('',(1.E0,0.E0,0.E0));
#2699=AXIS2_PLACEMENT_3D('',#2696,#2697,#2698);
#2701=CURVE_STYLE('',#20,POSITIVE_LENGTH_MEASURE(2.E-2),#5);
#2702=PRESENTATION_STYLE_ASSIGNMENT((#2701));
#2703=STYLED_ITEM('',(#2702),#2700);
#2704=CARTESIAN_POINT('',(-2.4E1,-1.7E0,4.2E1));
#2705=DIRECTION('',(0.E0,-1.E0,0.E0));
#2706=DIRECTION('',(-1.E0,0.E0,0.E0));
#2707=AXIS2_PLACEMENT_3D('',#2704,#2705,#2706);
#2709=CURVE_STYLE('',#20,POSITIVE_LENGTH_MEASURE(2.E-2),#5);
#2710=PRESENTATION_STYLE_ASSIGNMENT((#2709));
#2711=STYLED_ITEM('',(#2710),#2708);
#2712=CARTESIAN_POINT('',(-2.4E1,-1.7E0,4.2E1));
#2713=DIRECTION('',(0.E0,-1.E0,0.E0));
#2714=DIRECTION('',(1.E0,0.E0,0.E0));
#2715=AXIS2_PLACEMENT_3D('',#2712,#2713,#2714);
#2717=CURVE_STYLE('',#20,POSITIVE_LENGTH_MEASURE(2.E-2),#5);
#2718=PRESENTATION_STYLE_ASSIGNMENT((#2717));
#2719=STYLED_ITEM('',(#2718),#2716);
#2720=CARTESIAN_POINT('',(2.4E1,-1.7E0,-4.2E1));
#2721=DIRECTION('',(0.E0,1.E0,0.E0));
#2722=DIRECTION('',(-1.E0,0.E0,0.E0));
#2723=AXIS2_PLACEMENT_3D('',#2720,#2721,#2722);
#2725=CURVE_STYLE('',#20,POSITIVE_LENGTH_MEASURE(2.E-2),#5);
#2726=PRESENTATION_STYLE_ASSIGNMENT((#2725));
#2727=STYLED_ITEM('',(#2726),#2724);
#2728=CARTESIAN_POINT('',(2.4E1,-1.7E0,-4.2E1));
#2729=DIRECTION('',(0.E0,1.E0,0.E0));
#2730=DIRECTION('',(1.E0,0.E0,0.E0));
#2731=AXIS2_PLACEMENT_3D('',#2728,#2729,#2730);
#2733=CURVE_STYLE('',#20,POSITIVE_LENGTH_MEASURE(2.E-2),#5);
#2734=PRESENTATION_STYLE_ASSIGNMENT((#2733));
#2735=STYLED_ITEM('',(#2734),#2732);
#2736=CARTESIAN_POINT('',(-2.4E1,-1.7E0,-4.2E1));
#2737=DIRECTION('',(0.E0,-1.E0,0.E0));
#2738=DIRECTION('',(-1.E0,0.E0,0.E0));
#2739=AXIS2_PLACEMENT_3D('',#2736,#2737,#2738);
#2741=CURVE_STYLE('',#20,POSITIVE_LENGTH_MEASURE(2.E-2),#5);
#2742=PRESENTATION_STYLE_ASSIGNMENT((#2741));
#2743=STYLED_ITEM('',(#2742),#2740);
#2744=CARTESIAN_POINT('',(-2.4E1,-1.7E0,-4.2E1));
#2745=DIRECTION('',(0.E0,-1.E0,0.E0));
#2746=DIRECTION('',(1.E0,0.E0,0.E0));
#2747=AXIS2_PLACEMENT_3D('',#2744,#2745,#2746);
#2749=CURVE_STYLE('',#20,POSITIVE_LENGTH_MEASURE(2.E-2),#5);
#2750=PRESENTATION_STYLE_ASSIGNMENT((#2749));
#2751=STYLED_ITEM('',(#2750),#2748);
#2752=CARTESIAN_POINT('',(-2.4E1,-1.7E0,-4.2E1));
#2753=DIRECTION('',(0.E0,1.E0,0.E0));
#2754=DIRECTION('',(-1.E0,0.E0,0.E0));
#2755=AXIS2_PLACEMENT_3D('',#2752,#2753,#2754);
#2757=CURVE_STYLE('',#20,POSITIVE_LENGTH_MEASURE(2.E-2),#5);
#2758=PRESENTATION_STYLE_ASSIGNMENT((#2757));
#2759=STYLED_ITEM('',(#2758),#2756);
#2760=CARTESIAN_POINT('',(-2.4E1,-1.7E0,-4.2E1));
#2761=DIRECTION('',(0.E0,1.E0,0.E0));
#2762=DIRECTION('',(1.E0,0.E0,0.E0));
#2763=AXIS2_PLACEMENT_3D('',#2760,#2761,#2762);
#2765=CURVE_STYLE('',#20,POSITIVE_LENGTH_MEASURE(2.E-2),#5);
#2766=PRESENTATION_STYLE_ASSIGNMENT((#2765));
#2767=STYLED_ITEM('',(#2766),#2764);
#2768=CARTESIAN_POINT('',(2.4E1,-3.E0,4.2E1));
#2769=DIRECTION('',(0.E0,1.E0,0.E0));
#2770=DIRECTION('',(-2.941176470588E-1,0.E0,9.557692240748E-1));
#2771=AXIS2_PLACEMENT_3D('',#2768,#2769,#2770);
#2773=CURVE_STYLE('',#20,POSITIVE_LENGTH_MEASURE(2.E-2),#5);
#2774=PRESENTATION_STYLE_ASSIGNMENT((#2773));
#2775=STYLED_ITEM('',(#2774),#2772);
#2776=DIRECTION('',(0.E0,1.E0,0.E0));
#2777=VECTOR('',#2776,6.5E0);
#2778=CARTESIAN_POINT('',(2.3E1,-9.5E0,4.524961536185E1));
#2779=LINE('',#2778,#2777);
#2780=CURVE_STYLE('',#20,POSITIVE_LENGTH_MEASURE(2.E-2),#5);
#2781=PRESENTATION_STYLE_ASSIGNMENT((#2780));
#2782=STYLED_ITEM('',(#2781),#2779);
#2783=DIRECTION('',(0.E0,1.E0,0.E0));
#2784=VECTOR('',#2783,7.8E0);
#2785=CARTESIAN_POINT('',(2.06E1,-9.5E0,4.2E1));
#2786=LINE('',#2785,#2784);
#2787=CURVE_STYLE('',#20,POSITIVE_LENGTH_MEASURE(2.E-2),#5);
#2788=PRESENTATION_STYLE_ASSIGNMENT((#2787));
#2789=STYLED_ITEM('',(#2788),#2786);
#2790=CARTESIAN_POINT('',(2.4E1,-3.E0,4.2E1));
#2791=DIRECTION('',(0.E0,1.E0,0.E0));
#2792=DIRECTION('',(9.557692240748E-1,0.E0,2.941176470588E-1));
#2793=AXIS2_PLACEMENT_3D('',#2790,#2791,#2792);
#2795=CURVE_STYLE('',#20,POSITIVE_LENGTH_MEASURE(2.E-2),#5);
#2796=PRESENTATION_STYLE_ASSIGNMENT((#2795));
#2797=STYLED_ITEM('',(#2796),#2794);
#2798=DIRECTION('',(0.E0,1.E0,0.E0));
#2799=VECTOR('',#2798,6.5E0);
#2800=CARTESIAN_POINT('',(2.724961536185E1,-9.5E0,4.3E1));
#2801=LINE('',#2800,#2799);
#2802=CURVE_STYLE('',#20,POSITIVE_LENGTH_MEASURE(2.E-2),#5);
#2803=PRESENTATION_STYLE_ASSIGNMENT((#2802));
#2804=STYLED_ITEM('',(#2803),#2801);
#2805=DIRECTION('',(0.E0,1.E0,0.E0));
#2806=VECTOR('',#2805,6.5E0);
#2807=CARTESIAN_POINT('',(2.5E1,-9.5E0,4.524961536185E1));
#2808=LINE('',#2807,#2806);
#2809=CURVE_STYLE('',#20,POSITIVE_LENGTH_MEASURE(2.E-2),#5);
#2810=PRESENTATION_STYLE_ASSIGNMENT((#2809));
#2811=STYLED_ITEM('',(#2810),#2808);
#2812=CARTESIAN_POINT('',(-1.1E1,-9.5E0,2.6E1));
#2813=DIRECTION('',(0.E0,1.E0,0.E0));
#2814=DIRECTION('',(0.E0,0.E0,-1.E0));
#2815=AXIS2_PLACEMENT_3D('',#2812,#2813,#2814);
#2817=CURVE_STYLE('',#20,POSITIVE_LENGTH_MEASURE(2.E-2),#5);
#2818=PRESENTATION_STYLE_ASSIGNMENT((#2817));
#2819=STYLED_ITEM('',(#2818),#2816);
#2820=DIRECTION('',(0.E0,0.E0,1.E0));
#2821=VECTOR('',#2820,1.2E1);
#2822=CARTESIAN_POINT('',(-1.62E1,-9.5E0,2.6E1));
#2823=LINE('',#2822,#2821);
#2824=CURVE_STYLE('',#20,POSITIVE_LENGTH_MEASURE(2.E-2),#5);
#2825=PRESENTATION_STYLE_ASSIGNMENT((#2824));
#2826=STYLED_ITEM('',(#2825),#2823);
#2827=CARTESIAN_POINT('',(-1.1E1,-9.5E0,3.8E1));
#2828=DIRECTION('',(0.E0,1.E0,0.E0));
#2829=DIRECTION('',(-1.E0,0.E0,0.E0));
#2830=AXIS2_PLACEMENT_3D('',#2827,#2828,#2829);
#2832=CURVE_STYLE('',#20,POSITIVE_LENGTH_MEASURE(2.E-2),#5);
#2833=PRESENTATION_STYLE_ASSIGNMENT((#2832));
#2834=STYLED_ITEM('',(#2833),#2831);
#2835=DIRECTION('',(1.E0,0.E0,0.E0));
#2836=VECTOR('',#2835,2.2E1);
#2837=CARTESIAN_POINT('',(-1.1E1,-9.5E0,4.32E1));
#2838=LINE('',#2837,#2836);
#2839=CURVE_STYLE('',#20,POSITIVE_LENGTH_MEASURE(2.E-2),#5);
#2840=PRESENTATION_STYLE_ASSIGNMENT((#2839));
#2841=STYLED_ITEM('',(#2840),#2838);
#2842=CARTESIAN_POINT('',(1.1E1,-9.5E0,3.8E1));
#2843=DIRECTION('',(0.E0,1.E0,0.E0));
#2844=DIRECTION('',(0.E0,0.E0,1.E0));
#2845=AXIS2_PLACEMENT_3D('',#2842,#2843,#2844);
#2847=CURVE_STYLE('',#20,POSITIVE_LENGTH_MEASURE(2.E-2),#5);
#2848=PRESENTATION_STYLE_ASSIGNMENT((#2847));
#2849=STYLED_ITEM('',(#2848),#2846);
#2850=DIRECTION('',(0.E0,0.E0,-1.E0));
#2851=VECTOR('',#2850,1.2E1);
#2852=CARTESIAN_POINT('',(1.62E1,-9.5E0,3.8E1));
#2853=LINE('',#2852,#2851);
#2854=CURVE_STYLE('',#20,POSITIVE_LENGTH_MEASURE(2.E-2),#5);
#2855=PRESENTATION_STYLE_ASSIGNMENT((#2854));
#2856=STYLED_ITEM('',(#2855),#2853);
#2857=CARTESIAN_POINT('',(1.1E1,-9.5E0,2.6E1));
#2858=DIRECTION('',(0.E0,1.E0,0.E0));
#2859=DIRECTION('',(1.E0,0.E0,0.E0));
#2860=AXIS2_PLACEMENT_3D('',#2857,#2858,#2859);
#2862=CURVE_STYLE('',#20,POSITIVE_LENGTH_MEASURE(2.E-2),#5);
#2863=PRESENTATION_STYLE_ASSIGNMENT((#2862));
#2864=STYLED_ITEM('',(#2863),#2861);
#2865=DIRECTION('',(-1.E0,0.E0,0.E0));
#2866=VECTOR('',#2865,2.2E1);
#2867=CARTESIAN_POINT('',(1.1E1,-9.5E0,2.08E1));
#2868=LINE('',#2867,#2866);
#2869=CURVE_STYLE('',#20,POSITIVE_LENGTH_MEASURE(2.E-2),#5);
#2870=PRESENTATION_STYLE_ASSIGNMENT((#2869));
#2871=STYLED_ITEM('',(#2870),#2868);
#2872=CARTESIAN_POINT('',(0.E0,-9.5E0,3.2E1));
#2873=DIRECTION('',(0.E0,1.E0,0.E0));
#2874=DIRECTION('',(0.E0,0.E0,-1.E0));
#2875=AXIS2_PLACEMENT_3D('',#2872,#2873,#2874);
#2877=CURVE_STYLE('',#20,POSITIVE_LENGTH_MEASURE(2.E-2),#5);
#2878=PRESENTATION_STYLE_ASSIGNMENT((#2877));
#2879=STYLED_ITEM('',(#2878),#2876);
#2880=CARTESIAN_POINT('',(0.E0,-9.5E0,3.2E1));
#2881=DIRECTION('',(0.E0,1.E0,0.E0));
#2882=DIRECTION('',(0.E0,0.E0,1.E0));
#2883=AXIS2_PLACEMENT_3D('',#2880,#2881,#2882);
#2885=CURVE_STYLE('',#20,POSITIVE_LENGTH_MEASURE(2.E-2),#5);
#2886=PRESENTATION_STYLE_ASSIGNMENT((#2885));
#2887=STYLED_ITEM('',(#2886),#2884);
#2888=CARTESIAN_POINT('',(0.E0,-9.5E0,2.9E1));
#2889=DIRECTION('',(0.E0,1.E0,0.E0));
#2890=DIRECTION('',(0.E0,0.E0,-1.E0));
#2891=AXIS2_PLACEMENT_3D('',#2888,#2889,#2890);
#2893=CURVE_STYLE('',#20,POSITIVE_LENGTH_MEASURE(2.E-2),#5);
#2894=PRESENTATION_STYLE_ASSIGNMENT((#2893));
#2895=STYLED_ITEM('',(#2894),#2892);
#2896=CARTESIAN_POINT('',(0.E0,-9.5E0,2.9E1));
#2897=DIRECTION('',(0.E0,1.E0,0.E0));
#2898=DIRECTION('',(0.E0,0.E0,1.E0));
#2899=AXIS2_PLACEMENT_3D('',#2896,#2897,#2898);
#2901=CURVE_STYLE('',#20,POSITIVE_LENGTH_MEASURE(2.E-2),#5);
#2902=PRESENTATION_STYLE_ASSIGNMENT((#2901));
#2903=STYLED_ITEM('',(#2902),#2900);
#2904=CARTESIAN_POINT('',(3.E0,-9.5E0,2.9E1));
#2905=DIRECTION('',(0.E0,1.E0,0.E0));
#2906=DIRECTION('',(0.E0,0.E0,-1.E0));
#2907=AXIS2_PLACEMENT_3D('',#2904,#2905,#2906);
#2909=CURVE_STYLE('',#20,POSITIVE_LENGTH_MEASURE(2.E-2),#5);
#2910=PRESENTATION_STYLE_ASSIGNMENT((#2909));
#2911=STYLED_ITEM('',(#2910),#2908);
#2912=CARTESIAN_POINT('',(3.E0,-9.5E0,2.9E1));
#2913=DIRECTION('',(0.E0,1.E0,0.E0));
#2914=DIRECTION('',(0.E0,0.E0,1.E0));
#2915=AXIS2_PLACEMENT_3D('',#2912,#2913,#2914);
#2917=CURVE_STYLE('',#20,POSITIVE_LENGTH_MEASURE(2.E-2),#5);
#2918=PRESENTATION_STYLE_ASSIGNMENT((#2917));
#2919=STYLED_ITEM('',(#2918),#2916);
#2920=CARTESIAN_POINT('',(3.E0,-9.5E0,3.2E1));
#2921=DIRECTION('',(0.E0,1.E0,0.E0));
#2922=DIRECTION('',(0.E0,0.E0,-1.E0));
#2923=AXIS2_PLACEMENT_3D('',#2920,#2921,#2922);
#2925=CURVE_STYLE('',#20,POSITIVE_LENGTH_MEASURE(2.E-2),#5);
#2926=PRESENTATION_STYLE_ASSIGNMENT((#2925));
#2927=STYLED_ITEM('',(#2926),#2924);
#2928=CARTESIAN_POINT('',(3.E0,-9.5E0,3.2E1));
#2929=DIRECTION('',(0.E0,1.E0,0.E0));
#2930=DIRECTION('',(0.E0,0.E0,1.E0));
#2931=AXIS2_PLACEMENT_3D('',#2928,#2929,#2930);
#2933=CURVE_STYLE('',#20,POSITIVE_LENGTH_MEASURE(2.E-2),#5);
#2934=PRESENTATION_STYLE_ASSIGNMENT((#2933));
#2935=STYLED_ITEM('',(#2934),#2932);
#2936=CARTESIAN_POINT('',(3.E0,-9.5E0,3.5E1));
#2937=DIRECTION('',(0.E0,1.E0,0.E0));
#2938=DIRECTION('',(0.E0,0.E0,-1.E0));
#2939=AXIS2_PLACEMENT_3D('',#2936,#2937,#2938);
#2941=CURVE_STYLE('',#20,POSITIVE_LENGTH_MEASURE(2.E-2),#5);
#2942=PRESENTATION_STYLE_ASSIGNMENT((#2941));
#2943=STYLED_ITEM('',(#2942),#2940);
#2944=CARTESIAN_POINT('',(3.E0,-9.5E0,3.5E1));
#2945=DIRECTION('',(0.E0,1.E0,0.E0));
#2946=DIRECTION('',(0.E0,0.E0,1.E0));
#2947=AXIS2_PLACEMENT_3D('',#2944,#2945,#2946);
#2949=CURVE_STYLE('',#20,POSITIVE_LENGTH_MEASURE(2.E-2),#5);
#2950=PRESENTATION_STYLE_ASSIGNMENT((#2949));
#2951=STYLED_ITEM('',(#2950),#2948);
#2952=CARTESIAN_POINT('',(0.E0,-9.5E0,3.5E1));
#2953=DIRECTION('',(0.E0,1.E0,0.E0));
#2954=DIRECTION('',(0.E0,0.E0,-1.E0));
#2955=AXIS2_PLACEMENT_3D('',#2952,#2953,#2954);
#2957=CURVE_STYLE('',#20,POSITIVE_LENGTH_MEASURE(2.E-2),#5);
#2958=PRESENTATION_STYLE_ASSIGNMENT((#2957));
#2959=STYLED_ITEM('',(#2958),#2956);
#2960=CARTESIAN_POINT('',(0.E0,-9.5E0,3.5E1));
#2961=DIRECTION('',(0.E0,1.E0,0.E0));
#2962=DIRECTION('',(0.E0,0.E0,1.E0));
#2963=AXIS2_PLACEMENT_3D('',#2960,#2961,#2962);
#2965=CURVE_STYLE('',#20,POSITIVE_LENGTH_MEASURE(2.E-2),#5);
#2966=PRESENTATION_STYLE_ASSIGNMENT((#2965));
#2967=STYLED_ITEM('',(#2966),#2964);
#2968=CARTESIAN_POINT('',(-3.E0,-9.5E0,3.5E1));
#2969=DIRECTION('',(0.E0,1.E0,0.E0));
#2970=DIRECTION('',(0.E0,0.E0,-1.E0));
#2971=AXIS2_PLACEMENT_3D('',#2968,#2969,#2970);
#2973=CURVE_STYLE('',#20,POSITIVE_LENGTH_MEASURE(2.E-2),#5);
#2974=PRESENTATION_STYLE_ASSIGNMENT((#2973));
#2975=STYLED_ITEM('',(#2974),#2972);
#2976=CARTESIAN_POINT('',(-3.E0,-9.5E0,3.5E1));
#2977=DIRECTION('',(0.E0,1.E0,0.E0));
#2978=DIRECTION('',(0.E0,0.E0,1.E0));
#2979=AXIS2_PLACEMENT_3D('',#2976,#2977,#2978);
#2981=CURVE_STYLE('',#20,POSITIVE_LENGTH_MEASURE(2.E-2),#5);
#2982=PRESENTATION_STYLE_ASSIGNMENT((#2981));
#2983=STYLED_ITEM('',(#2982),#2980);
#2984=CARTESIAN_POINT('',(-3.E0,-9.5E0,3.2E1));
#2985=DIRECTION('',(0.E0,1.E0,0.E0));
#2986=DIRECTION('',(0.E0,0.E0,-1.E0));
#2987=AXIS2_PLACEMENT_3D('',#2984,#2985,#2986);
#2989=CURVE_STYLE('',#20,POSITIVE_LENGTH_MEASURE(2.E-2),#5);
#2990=PRESENTATION_STYLE_ASSIGNMENT((#2989));
#2991=STYLED_ITEM('',(#2990),#2988);
#2992=CARTESIAN_POINT('',(-3.E0,-9.5E0,3.2E1));
#2993=DIRECTION('',(0.E0,1.E0,0.E0));
#2994=DIRECTION('',(0.E0,0.E0,1.E0));
#2995=AXIS2_PLACEMENT_3D('',#2992,#2993,#2994);
#2997=CURVE_STYLE('',#20,POSITIVE_LENGTH_MEASURE(2.E-2),#5);
#2998=PRESENTATION_STYLE_ASSIGNMENT((#2997));
#2999=STYLED_ITEM('',(#2998),#2996);
#3000=CARTESIAN_POINT('',(-3.E0,-9.5E0,2.9E1));
#3001=DIRECTION('',(0.E0,1.E0,0.E0));
#3002=DIRECTION('',(0.E0,0.E0,-1.E0));
#3003=AXIS2_PLACEMENT_3D('',#3000,#3001,#3002);
#3005=CURVE_STYLE('',#20,POSITIVE_LENGTH_MEASURE(2.E-2),#5);
#3006=PRESENTATION_STYLE_ASSIGNMENT((#3005));
#3007=STYLED_ITEM('',(#3006),#3004);
#3008=CARTESIAN_POINT('',(-3.E0,-9.5E0,2.9E1));
#3009=DIRECTION('',(0.E0,1.E0,0.E0));
#3010=DIRECTION('',(0.E0,0.E0,1.E0));
#3011=AXIS2_PLACEMENT_3D('',#3008,#3009,#3010);
#3013=CURVE_STYLE('',#20,POSITIVE_LENGTH_MEASURE(2.E-2),#5);
#3014=PRESENTATION_STYLE_ASSIGNMENT((#3013));
#3015=STYLED_ITEM('',(#3014),#3012);
#3016=CARTESIAN_POINT('',(-3.E0,-9.5E0,2.6E1));
#3017=DIRECTION('',(0.E0,1.E0,0.E0));
#3018=DIRECTION('',(0.E0,0.E0,-1.E0));
#3019=AXIS2_PLACEMENT_3D('',#3016,#3017,#3018);
#3021=CURVE_STYLE('',#20,POSITIVE_LENGTH_MEASURE(2.E-2),#5);
#3022=PRESENTATION_STYLE_ASSIGNMENT((#3021));
#3023=STYLED_ITEM('',(#3022),#3020);
#3024=CARTESIAN_POINT('',(-3.E0,-9.5E0,2.6E1));
#3025=DIRECTION('',(0.E0,1.E0,0.E0));
#3026=DIRECTION('',(0.E0,0.E0,1.E0));
#3027=AXIS2_PLACEMENT_3D('',#3024,#3025,#3026);
#3029=CURVE_STYLE('',#20,POSITIVE_LENGTH_MEASURE(2.E-2),#5);
#3030=PRESENTATION_STYLE_ASSIGNMENT((#3029));
#3031=STYLED_ITEM('',(#3030),#3028);
#3032=CARTESIAN_POINT('',(0.E0,-9.5E0,2.6E1));
#3033=DIRECTION('',(0.E0,1.E0,0.E0));
#3034=DIRECTION('',(0.E0,0.E0,-1.E0));
#3035=AXIS2_PLACEMENT_3D('',#3032,#3033,#3034);
#3037=CURVE_STYLE('',#20,POSITIVE_LENGTH_MEASURE(2.E-2),#5);
#3038=PRESENTATION_STYLE_ASSIGNMENT((#3037));
#3039=STYLED_ITEM('',(#3038),#3036);
#3040=CARTESIAN_POINT('',(0.E0,-9.5E0,2.6E1));
#3041=DIRECTION('',(0.E0,1.E0,0.E0));
#3042=DIRECTION('',(0.E0,0.E0,1.E0));
#3043=AXIS2_PLACEMENT_3D('',#3040,#3041,#3042);
#3045=CURVE_STYLE('',#20,POSITIVE_LENGTH_MEASURE(2.E-2),#5);
#3046=PRESENTATION_STYLE_ASSIGNMENT((#3045));
#3047=STYLED_ITEM('',(#3046),#3044);
#3048=CARTESIAN_POINT('',(3.E0,-9.5E0,2.6E1));
#3049=DIRECTION('',(0.E0,1.E0,0.E0));
#3050=DIRECTION('',(0.E0,0.E0,-1.E0));
#3051=AXIS2_PLACEMENT_3D('',#3048,#3049,#3050);
#3053=CURVE_STYLE('',#20,POSITIVE_LENGTH_MEASURE(2.E-2),#5);
#3054=PRESENTATION_STYLE_ASSIGNMENT((#3053));
#3055=STYLED_ITEM('',(#3054),#3052);
#3056=CARTESIAN_POINT('',(3.E0,-9.5E0,2.6E1));
#3057=DIRECTION('',(0.E0,1.E0,0.E0));
#3058=DIRECTION('',(0.E0,0.E0,1.E0));
#3059=AXIS2_PLACEMENT_3D('',#3056,#3057,#3058);
#3061=CURVE_STYLE('',#20,POSITIVE_LENGTH_MEASURE(2.E-2),#5);
#3062=PRESENTATION_STYLE_ASSIGNMENT((#3061));
#3063=STYLED_ITEM('',(#3062),#3060);
#3064=CARTESIAN_POINT('',(6.E0,-9.5E0,2.6E1));
#3065=DIRECTION('',(0.E0,1.E0,0.E0));
#3066=DIRECTION('',(0.E0,0.E0,-1.E0));
#3067=AXIS2_PLACEMENT_3D('',#3064,#3065,#3066);
#3069=CURVE_STYLE('',#20,POSITIVE_LENGTH_MEASURE(2.E-2),#5);
#3070=PRESENTATION_STYLE_ASSIGNMENT((#3069));
#3071=STYLED_ITEM('',(#3070),#3068);
#3072=CARTESIAN_POINT('',(6.E0,-9.5E0,2.6E1));
#3073=DIRECTION('',(0.E0,1.E0,0.E0));
#3074=DIRECTION('',(0.E0,0.E0,1.E0));
#3075=AXIS2_PLACEMENT_3D('',#3072,#3073,#3074);
#3077=CURVE_STYLE('',#20,POSITIVE_LENGTH_MEASURE(2.E-2),#5);
#3078=PRESENTATION_STYLE_ASSIGNMENT((#3077));
#3079=STYLED_ITEM('',(#3078),#3076);
#3080=CARTESIAN_POINT('',(6.E0,-9.5E0,2.9E1));
#3081=DIRECTION('',(0.E0,1.E0,0.E0));
#3082=DIRECTION('',(0.E0,0.E0,-1.E0));
#3083=AXIS2_PLACEMENT_3D('',#3080,#3081,#3082);
#3085=CURVE_STYLE('',#20,POSITIVE_LENGTH_MEASURE(2.E-2),#5);
#3086=PRESENTATION_STYLE_ASSIGNMENT((#3085));
#3087=STYLED_ITEM('',(#3086),#3084);
#3088=CARTESIAN_POINT('',(6.E0,-9.5E0,2.9E1));
#3089=DIRECTION('',(0.E0,1.E0,0.E0));
#3090=DIRECTION('',(0.E0,0.E0,1.E0));
#3091=AXIS2_PLACEMENT_3D('',#3088,#3089,#3090);
#3093=CURVE_STYLE('',#20,POSITIVE_LENGTH_MEASURE(2.E-2),#5);
#3094=PRESENTATION_STYLE_ASSIGNMENT((#3093));
#3095=STYLED_ITEM('',(#3094),#3092);
#3096=CARTESIAN_POINT('',(6.E0,-9.5E0,3.2E1));
#3097=DIRECTION('',(0.E0,1.E0,0.E0));
#3098=DIRECTION('',(0.E0,0.E0,-1.E0));
#3099=AXIS2_PLACEMENT_3D('',#3096,#3097,#3098);
#3101=CURVE_STYLE('',#20,POSITIVE_LENGTH_MEASURE(2.E-2),#5);
#3102=PRESENTATION_STYLE_ASSIGNMENT((#3101));
#3103=STYLED_ITEM('',(#3102),#3100);
#3104=CARTESIAN_POINT('',(6.E0,-9.5E0,3.2E1));
#3105=DIRECTION('',(0.E0,1.E0,0.E0));
#3106=DIRECTION('',(0.E0,0.E0,1.E0));
#3107=AXIS2_PLACEMENT_3D('',#3104,#3105,#3106);
#3109=CURVE_STYLE('',#20,POSITIVE_LENGTH_MEASURE(2.E-2),#5);
#3110=PRESENTATION_STYLE_ASSIGNMENT((#3109));
#3111=STYLED_ITEM('',(#3110),#3108);
#3112=CARTESIAN_POINT('',(6.E0,-9.5E0,3.5E1));
#3113=DIRECTION('',(0.E0,1.E0,0.E0));
#3114=DIRECTION('',(0.E0,0.E0,-1.E0));
#3115=AXIS2_PLACEMENT_3D('',#3112,#3113,#3114);
#3117=CURVE_STYLE('',#20,POSITIVE_LENGTH_MEASURE(2.E-2),#5);
#3118=PRESENTATION_STYLE_ASSIGNMENT((#3117));
#3119=STYLED_ITEM('',(#3118),#3116);
#3120=CARTESIAN_POINT('',(6.E0,-9.5E0,3.5E1));
#3121=DIRECTION('',(0.E0,1.E0,0.E0));
#3122=DIRECTION('',(0.E0,0.E0,1.E0));
#3123=AXIS2_PLACEMENT_3D('',#3120,#3121,#3122);
#3125=CURVE_STYLE('',#20,POSITIVE_LENGTH_MEASURE(2.E-2),#5);
#3126=PRESENTATION_STYLE_ASSIGNMENT((#3125));
#3127=STYLED_ITEM('',(#3126),#3124);
#3128=CARTESIAN_POINT('',(6.E0,-9.5E0,3.8E1));
#3129=DIRECTION('',(0.E0,1.E0,0.E0));
#3130=DIRECTION('',(0.E0,0.E0,-1.E0));
#3131=AXIS2_PLACEMENT_3D('',#3128,#3129,#3130);
#3133=CURVE_STYLE('',#20,POSITIVE_LENGTH_MEASURE(2.E-2),#5);
#3134=PRESENTATION_STYLE_ASSIGNMENT((#3133));
#3135=STYLED_ITEM('',(#3134),#3132);
#3136=CARTESIAN_POINT('',(6.E0,-9.5E0,3.8E1));
#3137=DIRECTION('',(0.E0,1.E0,0.E0));
#3138=DIRECTION('',(0.E0,0.E0,1.E0));
#3139=AXIS2_PLACEMENT_3D('',#3136,#3137,#3138);
#3141=CURVE_STYLE('',#20,POSITIVE_LENGTH_MEASURE(2.E-2),#5);
#3142=PRESENTATION_STYLE_ASSIGNMENT((#3141));
#3143=STYLED_ITEM('',(#3142),#3140);
#3144=CARTESIAN_POINT('',(3.E0,-9.5E0,3.8E1));
#3145=DIRECTION('',(0.E0,1.E0,0.E0));
#3146=DIRECTION('',(0.E0,0.E0,-1.E0));
#3147=AXIS2_PLACEMENT_3D('',#3144,#3145,#3146);
#3149=CURVE_STYLE('',#20,POSITIVE_LENGTH_MEASURE(2.E-2),#5);
#3150=PRESENTATION_STYLE_ASSIGNMENT((#3149));
#3151=STYLED_ITEM('',(#3150),#3148);
#3152=CARTESIAN_POINT('',(3.E0,-9.5E0,3.8E1));
#3153=DIRECTION('',(0.E0,1.E0,0.E0));
#3154=DIRECTION('',(0.E0,0.E0,1.E0));
#3155=AXIS2_PLACEMENT_3D('',#3152,#3153,#3154);
#3157=CURVE_STYLE('',#20,POSITIVE_LENGTH_MEASURE(2.E-2),#5);
#3158=PRESENTATION_STYLE_ASSIGNMENT((#3157));
#3159=STYLED_ITEM('',(#3158),#3156);
#3160=CARTESIAN_POINT('',(0.E0,-9.5E0,3.8E1));
#3161=DIRECTION('',(0.E0,1.E0,0.E0));
#3162=DIRECTION('',(0.E0,0.E0,-1.E0));
#3163=AXIS2_PLACEMENT_3D('',#3160,#3161,#3162);
#3165=CURVE_STYLE('',#20,POSITIVE_LENGTH_MEASURE(2.E-2),#5);
#3166=PRESENTATION_STYLE_ASSIGNMENT((#3165));
#3167=STYLED_ITEM('',(#3166),#3164);
#3168=CARTESIAN_POINT('',(0.E0,-9.5E0,3.8E1));
#3169=DIRECTION('',(0.E0,1.E0,0.E0));
#3170=DIRECTION('',(0.E0,0.E0,1.E0));
#3171=AXIS2_PLACEMENT_3D('',#3168,#3169,#3170);
#3173=CURVE_STYLE('',#20,POSITIVE_LENGTH_MEASURE(2.E-2),#5);
#3174=PRESENTATION_STYLE_ASSIGNMENT((#3173));
#3175=STYLED_ITEM('',(#3174),#3172);
#3176=CARTESIAN_POINT('',(-3.E0,-9.5E0,3.8E1));
#3177=DIRECTION('',(0.E0,1.E0,0.E0));
#3178=DIRECTION('',(0.E0,0.E0,-1.E0));
#3179=AXIS2_PLACEMENT_3D('',#3176,#3177,#3178);
#3181=CURVE_STYLE('',#20,POSITIVE_LENGTH_MEASURE(2.E-2),#5);
#3182=PRESENTATION_STYLE_ASSIGNMENT((#3181));
#3183=STYLED_ITEM('',(#3182),#3180);
#3184=CARTESIAN_POINT('',(-3.E0,-9.5E0,3.8E1));
#3185=DIRECTION('',(0.E0,1.E0,0.E0));
#3186=DIRECTION('',(0.E0,0.E0,1.E0));
#3187=AXIS2_PLACEMENT_3D('',#3184,#3185,#3186);
#3189=CURVE_STYLE('',#20,POSITIVE_LENGTH_MEASURE(2.E-2),#5);
#3190=PRESENTATION_STYLE_ASSIGNMENT((#3189));
#3191=STYLED_ITEM('',(#3190),#3188);
#3192=CARTESIAN_POINT('',(-6.E0,-9.5E0,3.8E1));
#3193=DIRECTION('',(0.E0,1.E0,0.E0));
#3194=DIRECTION('',(0.E0,0.E0,-1.E0));
#3195=AXIS2_PLACEMENT_3D('',#3192,#3193,#3194);
#3197=CURVE_STYLE('',#20,POSITIVE_LENGTH_MEASURE(2.E-2),#5);
#3198=PRESENTATION_STYLE_ASSIGNMENT((#3197));
#3199=STYLED_ITEM('',(#3198),#3196);
#3200=CARTESIAN_POINT('',(-6.E0,-9.5E0,3.8E1));
#3201=DIRECTION('',(0.E0,1.E0,0.E0));
#3202=DIRECTION('',(0.E0,0.E0,1.E0));
#3203=AXIS2_PLACEMENT_3D('',#3200,#3201,#3202);
#3205=CURVE_STYLE('',#20,POSITIVE_LENGTH_MEASURE(2.E-2),#5);
#3206=PRESENTATION_STYLE_ASSIGNMENT((#3205));
#3207=STYLED_ITEM('',(#3206),#3204);
#3208=CARTESIAN_POINT('',(-6.E0,-9.5E0,3.5E1));
#3209=DIRECTION('',(0.E0,1.E0,0.E0));
#3210=DIRECTION('',(0.E0,0.E0,-1.E0));
#3211=AXIS2_PLACEMENT_3D('',#3208,#3209,#3210);
#3213=CURVE_STYLE('',#20,POSITIVE_LENGTH_MEASURE(2.E-2),#5);
#3214=PRESENTATION_STYLE_ASSIGNMENT((#3213));
#3215=STYLED_ITEM('',(#3214),#3212);
#3216=CARTESIAN_POINT('',(-6.E0,-9.5E0,3.5E1));
#3217=DIRECTION('',(0.E0,1.E0,0.E0));
#3218=DIRECTION('',(0.E0,0.E0,1.E0));
#3219=AXIS2_PLACEMENT_3D('',#3216,#3217,#3218);
#3221=CURVE_STYLE('',#20,POSITIVE_LENGTH_MEASURE(2.E-2),#5);
#3222=PRESENTATION_STYLE_ASSIGNMENT((#3221));
#3223=STYLED_ITEM('',(#3222),#3220);
#3224=CARTESIAN_POINT('',(-6.E0,-9.5E0,3.2E1));
#3225=DIRECTION('',(0.E0,1.E0,0.E0));
#3226=DIRECTION('',(0.E0,0.E0,-1.E0));
#3227=AXIS2_PLACEMENT_3D('',#3224,#3225,#3226);
#3229=CURVE_STYLE('',#20,POSITIVE_LENGTH_MEASURE(2.E-2),#5);
#3230=PRESENTATION_STYLE_ASSIGNMENT((#3229));
#3231=STYLED_ITEM('',(#3230),#3228);
#3232=CARTESIAN_POINT('',(-6.E0,-9.5E0,3.2E1));
#3233=DIRECTION('',(0.E0,1.E0,0.E0));
#3234=DIRECTION('',(0.E0,0.E0,1.E0));
#3235=AXIS2_PLACEMENT_3D('',#3232,#3233,#3234);
#3237=CURVE_STYLE('',#20,POSITIVE_LENGTH_MEASURE(2.E-2),#5);
#3238=PRESENTATION_STYLE_ASSIGNMENT((#3237));
#3239=STYLED_ITEM('',(#3238),#3236);
#3240=CARTESIAN_POINT('',(-6.E0,-9.5E0,2.9E1));
#3241=DIRECTION('',(0.E0,1.E0,0.E0));
#3242=DIRECTION('',(0.E0,0.E0,-1.E0));
#3243=AXIS2_PLACEMENT_3D('',#3240,#3241,#3242);
#3245=CURVE_STYLE('',#20,POSITIVE_LENGTH_MEASURE(2.E-2),#5);
#3246=PRESENTATION_STYLE_ASSIGNMENT((#3245));
#3247=STYLED_ITEM('',(#3246),#3244);
#3248=CARTESIAN_POINT('',(-6.E0,-9.5E0,2.9E1));
#3249=DIRECTION('',(0.E0,1.E0,0.E0));
#3250=DIRECTION('',(0.E0,0.E0,1.E0));
#3251=AXIS2_PLACEMENT_3D('',#3248,#3249,#3250);
#3253=CURVE_STYLE('',#20,POSITIVE_LENGTH_MEASURE(2.E-2),#5);
#3254=PRESENTATION_STYLE_ASSIGNMENT((#3253));
#3255=STYLED_ITEM('',(#3254),#3252);
#3256=CARTESIAN_POINT('',(-6.E0,-9.5E0,2.6E1));
#3257=DIRECTION('',(0.E0,1.E0,0.E0));
#3258=DIRECTION('',(0.E0,0.E0,-1.E0));
#3259=AXIS2_PLACEMENT_3D('',#3256,#3257,#3258);
#3261=CURVE_STYLE('',#20,POSITIVE_LENGTH_MEASURE(2.E-2),#5);
#3262=PRESENTATION_STYLE_ASSIGNMENT((#3261));
#3263=STYLED_ITEM('',(#3262),#3260);
#3264=CARTESIAN_POINT('',(-6.E0,-9.5E0,2.6E1));
#3265=DIRECTION('',(0.E0,1.E0,0.E0));
#3266=DIRECTION('',(0.E0,0.E0,1.E0));
#3267=AXIS2_PLACEMENT_3D('',#3264,#3265,#3266);
#3269=CURVE_STYLE('',#20,POSITIVE_LENGTH_MEASURE(2.E-2),#5);
#3270=PRESENTATION_STYLE_ASSIGNMENT((#3269));
#3271=STYLED_ITEM('',(#3270),#3268);
#3272=CARTESIAN_POINT('',(9.E0,-9.5E0,2.6E1));
#3273=DIRECTION('',(0.E0,1.E0,0.E0));
#3274=DIRECTION('',(0.E0,0.E0,-1.E0));
#3275=AXIS2_PLACEMENT_3D('',#3272,#3273,#3274);
#3277=CURVE_STYLE('',#20,POSITIVE_LENGTH_MEASURE(2.E-2),#5);
#3278=PRESENTATION_STYLE_ASSIGNMENT((#3277));
#3279=STYLED_ITEM('',(#3278),#3276);
#3280=CARTESIAN_POINT('',(9.E0,-9.5E0,2.6E1));
#3281=DIRECTION('',(0.E0,1.E0,0.E0));
#3282=DIRECTION('',(0.E0,0.E0,1.E0));
#3283=AXIS2_PLACEMENT_3D('',#3280,#3281,#3282);
#3285=CURVE_STYLE('',#20,POSITIVE_LENGTH_MEASURE(2.E-2),#5);
#3286=PRESENTATION_STYLE_ASSIGNMENT((#3285));
#3287=STYLED_ITEM('',(#3286),#3284);
#3288=CARTESIAN_POINT('',(9.E0,-9.5E0,2.9E1));
#3289=DIRECTION('',(0.E0,1.E0,0.E0));
#3290=DIRECTION('',(0.E0,0.E0,-1.E0));
#3291=AXIS2_PLACEMENT_3D('',#3288,#3289,#3290);
#3293=CURVE_STYLE('',#20,POSITIVE_LENGTH_MEASURE(2.E-2),#5);
#3294=PRESENTATION_STYLE_ASSIGNMENT((#3293));
#3295=STYLED_ITEM('',(#3294),#3292);
#3296=CARTESIAN_POINT('',(9.E0,-9.5E0,2.9E1));
#3297=DIRECTION('',(0.E0,1.E0,0.E0));
#3298=DIRECTION('',(0.E0,0.E0,1.E0));
#3299=AXIS2_PLACEMENT_3D('',#3296,#3297,#3298);
#3301=CURVE_STYLE('',#20,POSITIVE_LENGTH_MEASURE(2.E-2),#5);
#3302=PRESENTATION_STYLE_ASSIGNMENT((#3301));
#3303=STYLED_ITEM('',(#3302),#3300);
#3304=CARTESIAN_POINT('',(9.E0,-9.5E0,3.2E1));
#3305=DIRECTION('',(0.E0,1.E0,0.E0));
#3306=DIRECTION('',(0.E0,0.E0,-1.E0));
#3307=AXIS2_PLACEMENT_3D('',#3304,#3305,#3306);
#3309=CURVE_STYLE('',#20,POSITIVE_LENGTH_MEASURE(2.E-2),#5);
#3310=PRESENTATION_STYLE_ASSIGNMENT((#3309));
#3311=STYLED_ITEM('',(#3310),#3308);
#3312=CARTESIAN_POINT('',(9.E0,-9.5E0,3.2E1));
#3313=DIRECTION('',(0.E0,1.E0,0.E0));
#3314=DIRECTION('',(0.E0,0.E0,1.E0));
#3315=AXIS2_PLACEMENT_3D('',#3312,#3313,#3314);
#3317=CURVE_STYLE('',#20,POSITIVE_LENGTH_MEASURE(2.E-2),#5);
#3318=PRESENTATION_STYLE_ASSIGNMENT((#3317));
#3319=STYLED_ITEM('',(#3318),#3316);
#3320=CARTESIAN_POINT('',(9.E0,-9.5E0,3.5E1));
#3321=DIRECTION('',(0.E0,1.E0,0.E0));
#3322=DIRECTION('',(0.E0,0.E0,-1.E0));
#3323=AXIS2_PLACEMENT_3D('',#3320,#3321,#3322);
#3325=CURVE_STYLE('',#20,POSITIVE_LENGTH_MEASURE(2.E-2),#5);
#3326=PRESENTATION_STYLE_ASSIGNMENT((#3325));
#3327=STYLED_ITEM('',(#3326),#3324);
#3328=CARTESIAN_POINT('',(9.E0,-9.5E0,3.5E1));
#3329=DIRECTION('',(0.E0,1.E0,0.E0));
#3330=DIRECTION('',(0.E0,0.E0,1.E0));
#3331=AXIS2_PLACEMENT_3D('',#3328,#3329,#3330);
#3333=CURVE_STYLE('',#20,POSITIVE_LENGTH_MEASURE(2.E-2),#5);
#3334=PRESENTATION_STYLE_ASSIGNMENT((#3333));
#3335=STYLED_ITEM('',(#3334),#3332);
#3336=CARTESIAN_POINT('',(9.E0,-9.5E0,3.8E1));
#3337=DIRECTION('',(0.E0,1.E0,0.E0));
#3338=DIRECTION('',(0.E0,0.E0,-1.E0));
#3339=AXIS2_PLACEMENT_3D('',#3336,#3337,#3338);
#3341=CURVE_STYLE('',#20,POSITIVE_LENGTH_MEASURE(2.E-2),#5);
#3342=PRESENTATION_STYLE_ASSIGNMENT((#3341));
#3343=STYLED_ITEM('',(#3342),#3340);
#3344=CARTESIAN_POINT('',(9.E0,-9.5E0,3.8E1));
#3345=DIRECTION('',(0.E0,1.E0,0.E0));
#3346=DIRECTION('',(0.E0,0.E0,1.E0));
#3347=AXIS2_PLACEMENT_3D('',#3344,#3345,#3346);
#3349=CURVE_STYLE('',#20,POSITIVE_LENGTH_MEASURE(2.E-2),#5);
#3350=PRESENTATION_STYLE_ASSIGNMENT((#3349));
#3351=STYLED_ITEM('',(#3350),#3348);
#3352=CARTESIAN_POINT('',(-9.E0,-9.5E0,3.8E1));
#3353=DIRECTION('',(0.E0,1.E0,0.E0));
#3354=DIRECTION('',(0.E0,0.E0,-1.E0));
#3355=AXIS2_PLACEMENT_3D('',#3352,#3353,#3354);
#3357=CURVE_STYLE('',#20,POSITIVE_LENGTH_MEASURE(2.E-2),#5);
#3358=PRESENTATION_STYLE_ASSIGNMENT((#3357));
#3359=STYLED_ITEM('',(#3358),#3356);
#3360=CARTESIAN_POINT('',(-9.E0,-9.5E0,3.8E1));
#3361=DIRECTION('',(0.E0,1.E0,0.E0));
#3362=DIRECTION('',(0.E0,0.E0,1.E0));
#3363=AXIS2_PLACEMENT_3D('',#3360,#3361,#3362);
#3365=CURVE_STYLE('',#20,POSITIVE_LENGTH_MEASURE(2.E-2),#5);
#3366=PRESENTATION_STYLE_ASSIGNMENT((#3365));
#3367=STYLED_ITEM('',(#3366),#3364);
#3368=CARTESIAN_POINT('',(-9.E0,-9.5E0,3.5E1));
#3369=DIRECTION('',(0.E0,1.E0,0.E0));
#3370=DIRECTION('',(0.E0,0.E0,-1.E0));
#3371=AXIS2_PLACEMENT_3D('',#3368,#3369,#3370);
#3373=CURVE_STYLE('',#20,POSITIVE_LENGTH_MEASURE(2.E-2),#5);
#3374=PRESENTATION_STYLE_ASSIGNMENT((#3373));
#3375=STYLED_ITEM('',(#3374),#3372);
#3376=CARTESIAN_POINT('',(-9.E0,-9.5E0,3.5E1));
#3377=DIRECTION('',(0.E0,1.E0,0.E0));
#3378=DIRECTION('',(0.E0,0.E0,1.E0));
#3379=AXIS2_PLACEMENT_3D('',#3376,#3377,#3378);
#3381=CURVE_STYLE('',#20,POSITIVE_LENGTH_MEASURE(2.E-2),#5);
#3382=PRESENTATION_STYLE_ASSIGNMENT((#3381));
#3383=STYLED_ITEM('',(#3382),#3380);
#3384=CARTESIAN_POINT('',(-9.E0,-9.5E0,3.2E1));
#3385=DIRECTION('',(0.E0,1.E0,0.E0));
#3386=DIRECTION('',(0.E0,0.E0,-1.E0));
#3387=AXIS2_PLACEMENT_3D('',#3384,#3385,#3386);
#3389=CURVE_STYLE('',#20,POSITIVE_LENGTH_MEASURE(2.E-2),#5);
#3390=PRESENTATION_STYLE_ASSIGNMENT((#3389));
#3391=STYLED_ITEM('',(#3390),#3388);
#3392=CARTESIAN_POINT('',(-9.E0,-9.5E0,3.2E1));
#3393=DIRECTION('',(0.E0,1.E0,0.E0));
#3394=DIRECTION('',(0.E0,0.E0,1.E0));
#3395=AXIS2_PLACEMENT_3D('',#3392,#3393,#3394);
#3397=CURVE_STYLE('',#20,POSITIVE_LENGTH_MEASURE(2.E-2),#5);
#3398=PRESENTATION_STYLE_ASSIGNMENT((#3397));
#3399=STYLED_ITEM('',(#3398),#3396);
#3400=CARTESIAN_POINT('',(-9.E0,-9.5E0,2.9E1));
#3401=DIRECTION('',(0.E0,1.E0,0.E0));
#3402=DIRECTION('',(0.E0,0.E0,-1.E0));
#3403=AXIS2_PLACEMENT_3D('',#3400,#3401,#3402);
#3405=CURVE_STYLE('',#20,POSITIVE_LENGTH_MEASURE(2.E-2),#5);
#3406=PRESENTATION_STYLE_ASSIGNMENT((#3405));
#3407=STYLED_ITEM('',(#3406),#3404);
#3408=CARTESIAN_POINT('',(-9.E0,-9.5E0,2.9E1));
#3409=DIRECTION('',(0.E0,1.E0,0.E0));
#3410=DIRECTION('',(0.E0,0.E0,1.E0));
#3411=AXIS2_PLACEMENT_3D('',#3408,#3409,#3410);
#3413=CURVE_STYLE('',#20,POSITIVE_LENGTH_MEASURE(2.E-2),#5);
#3414=PRESENTATION_STYLE_ASSIGNMENT((#3413));
#3415=STYLED_ITEM('',(#3414),#3412);
#3416=CARTESIAN_POINT('',(-9.E0,-9.5E0,2.6E1));
#3417=DIRECTION('',(0.E0,1.E0,0.E0));
#3418=DIRECTION('',(0.E0,0.E0,-1.E0));
#3419=AXIS2_PLACEMENT_3D('',#3416,#3417,#3418);
#3421=CURVE_STYLE('',#20,POSITIVE_LENGTH_MEASURE(2.E-2),#5);
#3422=PRESENTATION_STYLE_ASSIGNMENT((#3421));
#3423=STYLED_ITEM('',(#3422),#3420);
#3424=CARTESIAN_POINT('',(-9.E0,-9.5E0,2.6E1));
#3425=DIRECTION('',(0.E0,1.E0,0.E0));
#3426=DIRECTION('',(0.E0,0.E0,1.E0));
#3427=AXIS2_PLACEMENT_3D('',#3424,#3425,#3426);
#3429=CURVE_STYLE('',#20,POSITIVE_LENGTH_MEASURE(2.E-2),#5);
#3430=PRESENTATION_STYLE_ASSIGNMENT((#3429));
#3431=STYLED_ITEM('',(#3430),#3428);
#3432=CARTESIAN_POINT('',(1.2E1,-9.5E0,3.2E1));
#3433=DIRECTION('',(0.E0,1.E0,0.E0));
#3434=DIRECTION('',(0.E0,0.E0,-1.E0));
#3435=AXIS2_PLACEMENT_3D('',#3432,#3433,#3434);
#3437=CURVE_STYLE('',#20,POSITIVE_LENGTH_MEASURE(2.E-2),#5);
#3438=PRESENTATION_STYLE_ASSIGNMENT((#3437));
#3439=STYLED_ITEM('',(#3438),#3436);
#3440=CARTESIAN_POINT('',(1.2E1,-9.5E0,3.2E1));
#3441=DIRECTION('',(0.E0,1.E0,0.E0));
#3442=DIRECTION('',(0.E0,0.E0,1.E0));
#3443=AXIS2_PLACEMENT_3D('',#3440,#3441,#3442);
#3445=CURVE_STYLE('',#20,POSITIVE_LENGTH_MEASURE(2.E-2),#5);
#3446=PRESENTATION_STYLE_ASSIGNMENT((#3445));
#3447=STYLED_ITEM('',(#3446),#3444);
#3448=CARTESIAN_POINT('',(-1.2E1,-9.5E0,3.2E1));
#3449=DIRECTION('',(0.E0,1.E0,0.E0));
#3450=DIRECTION('',(0.E0,0.E0,-1.E0));
#3451=AXIS2_PLACEMENT_3D('',#3448,#3449,#3450);
#3453=CURVE_STYLE('',#20,POSITIVE_LENGTH_MEASURE(2.E-2),#5);
#3454=PRESENTATION_STYLE_ASSIGNMENT((#3453));
#3455=STYLED_ITEM('',(#3454),#3452);
#3456=CARTESIAN_POINT('',(-1.2E1,-9.5E0,3.2E1));
#3457=DIRECTION('',(0.E0,1.E0,0.E0));
#3458=DIRECTION('',(0.E0,0.E0,1.E0));
#3459=AXIS2_PLACEMENT_3D('',#3456,#3457,#3458);
#3461=CURVE_STYLE('',#20,POSITIVE_LENGTH_MEASURE(2.E-2),#5);
#3462=PRESENTATION_STYLE_ASSIGNMENT((#3461));
#3463=STYLED_ITEM('',(#3462),#3460);
#3464=CARTESIAN_POINT('',(-1.2E1,-9.5E0,2.9E1));
#3465=DIRECTION('',(0.E0,1.E0,0.E0));
#3466=DIRECTION('',(0.E0,0.E0,-1.E0));
#3467=AXIS2_PLACEMENT_3D('',#3464,#3465,#3466);
#3469=CURVE_STYLE('',#20,POSITIVE_LENGTH_MEASURE(2.E-2),#5);
#3470=PRESENTATION_STYLE_ASSIGNMENT((#3469));
#3471=STYLED_ITEM('',(#3470),#3468);
#3472=CARTESIAN_POINT('',(-5.E0,-9.5E0,3.2E1));
#3473=DIRECTION('',(0.E0,-1.E0,0.E0));
#3474=DIRECTION('',(-9.107322517718E-1,0.E0,-4.129972948855E-1));
#3475=AXIS2_PLACEMENT_3D('',#3472,#3473,#3474);
#3477=CURVE_STYLE('',#20,POSITIVE_LENGTH_MEASURE(2.E-2),#5);
#3478=PRESENTATION_STYLE_ASSIGNMENT((#3477));
#3479=STYLED_ITEM('',(#3478),#3476);
#3480=DIRECTION('',(1.E0,0.E0,0.E0));
#3481=VECTOR('',#3480,1.E1);
#3482=CARTESIAN_POINT('',(-5.E0,-9.5E0,2.35E1));
#3483=LINE('',#3482,#3481);
#3484=CURVE_STYLE('',#20,POSITIVE_LENGTH_MEASURE(2.E-2),#5);
#3485=PRESENTATION_STYLE_ASSIGNMENT((#3484));
#3486=STYLED_ITEM('',(#3485),#3483);
#3487=CARTESIAN_POINT('',(5.E0,-9.5E0,3.2E1));
#3488=DIRECTION('',(0.E0,1.E0,0.E0));
#3489=DIRECTION('',(9.107322517718E-1,0.E0,-4.129972948855E-1));
#3490=AXIS2_PLACEMENT_3D('',#3487,#3488,#3489);
#3492=CURVE_STYLE('',#20,POSITIVE_LENGTH_MEASURE(2.E-2),#5);
#3493=PRESENTATION_STYLE_ASSIGNMENT((#3492));
#3494=STYLED_ITEM('',(#3493),#3491);
#3495=CARTESIAN_POINT('',(1.2E1,-9.5E0,2.9E1));
#3496=DIRECTION('',(0.E0,1.E0,0.E0));
#3497=DIRECTION('',(8.235823778446E-1,0.E0,-5.671966739182E-1));
#3498=AXIS2_PLACEMENT_3D('',#3495,#3496,#3497);
#3500=CURVE_STYLE('',#20,POSITIVE_LENGTH_MEASURE(2.E-2),#5);
#3501=PRESENTATION_STYLE_ASSIGNMENT((#3500));
#3502=STYLED_ITEM('',(#3501),#3499);
#3503=CARTESIAN_POINT('',(1.2E1,-9.5E0,2.9E1));
#3504=DIRECTION('',(0.E0,1.E0,0.E0));
#3505=DIRECTION('',(0.E0,0.E0,-1.E0));
#3506=AXIS2_PLACEMENT_3D('',#3503,#3504,#3505);
#3508=CURVE_STYLE('',#20,POSITIVE_LENGTH_MEASURE(2.E-2),#5);
#3509=PRESENTATION_STYLE_ASSIGNMENT((#3508));
#3510=STYLED_ITEM('',(#3509),#3507);
#3511=CARTESIAN_POINT('',(1.2E1,-9.5E0,2.9E1));
#3512=DIRECTION('',(0.E0,1.E0,0.E0));
#3513=DIRECTION('',(0.E0,0.E0,1.E0));
#3514=AXIS2_PLACEMENT_3D('',#3511,#3512,#3513);
#3516=CURVE_STYLE('',#20,POSITIVE_LENGTH_MEASURE(2.E-2),#5);
#3517=PRESENTATION_STYLE_ASSIGNMENT((#3516));
#3518=STYLED_ITEM('',(#3517),#3515);
#3519=CARTESIAN_POINT('',(5.E0,-9.5E0,3.2E1));
#3520=DIRECTION('',(0.E0,1.E0,0.E0));
#3521=DIRECTION('',(9.271582147597E-1,0.E0,3.746700479137E-1));
#3522=AXIS2_PLACEMENT_3D('',#3519,#3520,#3521);
#3524=CURVE_STYLE('',#20,POSITIVE_LENGTH_MEASURE(2.E-2),#5);
#3525=PRESENTATION_STYLE_ASSIGNMENT((#3524));
#3526=STYLED_ITEM('',(#3525),#3523);
#3527=CARTESIAN_POINT('',(1.2E1,-9.5E0,3.5E1));
#3528=DIRECTION('',(0.E0,1.E0,0.E0));
#3529=DIRECTION('',(9.787164727301E-1,0.E0,2.052171191853E-1));
#3530=AXIS2_PLACEMENT_3D('',#3527,#3528,#3529);
#3532=CURVE_STYLE('',#20,POSITIVE_LENGTH_MEASURE(2.E-2),#5);
#3533=PRESENTATION_STYLE_ASSIGNMENT((#3532));
#3534=STYLED_ITEM('',(#3533),#3531);
#3535=CARTESIAN_POINT('',(1.2E1,-9.5E0,3.5E1));
#3536=DIRECTION('',(0.E0,1.E0,0.E0));
#3537=DIRECTION('',(0.E0,0.E0,-1.E0));
#3538=AXIS2_PLACEMENT_3D('',#3535,#3536,#3537);
#3540=CURVE_STYLE('',#20,POSITIVE_LENGTH_MEASURE(2.E-2),#5);
#3541=PRESENTATION_STYLE_ASSIGNMENT((#3540));
#3542=STYLED_ITEM('',(#3541),#3539);
#3543=CARTESIAN_POINT('',(1.2E1,-9.5E0,3.5E1));
#3544=DIRECTION('',(0.E0,1.E0,0.E0));
#3545=DIRECTION('',(0.E0,0.E0,1.E0));
#3546=AXIS2_PLACEMENT_3D('',#3543,#3544,#3545);
#3548=CURVE_STYLE('',#20,POSITIVE_LENGTH_MEASURE(2.E-2),#5);
#3549=PRESENTATION_STYLE_ASSIGNMENT((#3548));
#3550=STYLED_ITEM('',(#3549),#3547);
#3551=CARTESIAN_POINT('',(5.E0,-9.5E0,3.2E1));
#3552=DIRECTION('',(0.E0,1.E0,0.E0));
#3553=DIRECTION('',(0.E0,0.E0,1.E0));
#3554=AXIS2_PLACEMENT_3D('',#3551,#3552,#3553);
#3556=CURVE_STYLE('',#20,POSITIVE_LENGTH_MEASURE(2.E-2),#5);
#3557=PRESENTATION_STYLE_ASSIGNMENT((#3556));
#3558=STYLED_ITEM('',(#3557),#3555);
#3559=DIRECTION('',(-1.E0,0.E0,0.E0));
#3560=VECTOR('',#3559,1.E1);
#3561=CARTESIAN_POINT('',(5.E0,-9.5E0,4.05E1));
#3562=LINE('',#3561,#3560);
#3563=CURVE_STYLE('',#20,POSITIVE_LENGTH_MEASURE(2.E-2),#5);
#3564=PRESENTATION_STYLE_ASSIGNMENT((#3563));
#3565=STYLED_ITEM('',(#3564),#3562);
#3566=CARTESIAN_POINT('',(-5.E0,-9.5E0,3.2E1));
#3567=DIRECTION('',(0.E0,-1.E0,0.E0));
#3568=DIRECTION('',(0.E0,0.E0,1.E0));
#3569=AXIS2_PLACEMENT_3D('',#3566,#3567,#3568);
#3571=CURVE_STYLE('',#20,POSITIVE_LENGTH_MEASURE(2.E-2),#5);
#3572=PRESENTATION_STYLE_ASSIGNMENT((#3571));
#3573=STYLED_ITEM('',(#3572),#3570);
#3574=CARTESIAN_POINT('',(-1.2E1,-9.5E0,3.5E1));
#3575=DIRECTION('',(0.E0,1.E0,0.E0));
#3576=DIRECTION('',(-8.235823778446E-1,0.E0,5.671966739182E-1));
#3577=AXIS2_PLACEMENT_3D('',#3574,#3575,#3576);
#3579=CURVE_STYLE('',#20,POSITIVE_LENGTH_MEASURE(2.E-2),#5);
#3580=PRESENTATION_STYLE_ASSIGNMENT((#3579));
#3581=STYLED_ITEM('',(#3580),#3578);
#3582=CARTESIAN_POINT('',(-1.2E1,-9.5E0,3.5E1));
#3583=DIRECTION('',(0.E0,1.E0,0.E0));
#3584=DIRECTION('',(0.E0,0.E0,1.E0));
#3585=AXIS2_PLACEMENT_3D('',#3582,#3583,#3584);
#3587=CURVE_STYLE('',#20,POSITIVE_LENGTH_MEASURE(2.E-2),#5);
#3588=PRESENTATION_STYLE_ASSIGNMENT((#3587));
#3589=STYLED_ITEM('',(#3588),#3586);
#3590=CARTESIAN_POINT('',(-1.2E1,-9.5E0,3.5E1));
#3591=DIRECTION('',(0.E0,1.E0,0.E0));
#3592=DIRECTION('',(0.E0,0.E0,-1.E0));
#3593=AXIS2_PLACEMENT_3D('',#3590,#3591,#3592);
#3595=CURVE_STYLE('',#20,POSITIVE_LENGTH_MEASURE(2.E-2),#5);
#3596=PRESENTATION_STYLE_ASSIGNMENT((#3595));
#3597=STYLED_ITEM('',(#3596),#3594);
#3598=CARTESIAN_POINT('',(-5.E0,-9.5E0,3.2E1));
#3599=DIRECTION('',(0.E0,-1.E0,0.E0));
#3600=DIRECTION('',(-9.271582147597E-1,0.E0,3.746700479137E-1));
#3601=AXIS2_PLACEMENT_3D('',#3598,#3599,#3600);
#3603=CURVE_STYLE('',#20,POSITIVE_LENGTH_MEASURE(2.E-2),#5);
#3604=PRESENTATION_STYLE_ASSIGNMENT((#3603));
#3605=STYLED_ITEM('',(#3604),#3602);
#3606=CARTESIAN_POINT('',(-1.2E1,-9.5E0,2.9E1));
#3607=DIRECTION('',(0.E0,1.E0,0.E0));
#3608=DIRECTION('',(-9.787164727301E-1,0.E0,-2.052171191853E-1));
#3609=AXIS2_PLACEMENT_3D('',#3606,#3607,#3608);
#3611=CURVE_STYLE('',#20,POSITIVE_LENGTH_MEASURE(2.E-2),#5);
#3612=PRESENTATION_STYLE_ASSIGNMENT((#3611));
#3613=STYLED_ITEM('',(#3612),#3610);
#3614=CARTESIAN_POINT('',(-1.2E1,-9.5E0,2.9E1));
#3615=DIRECTION('',(0.E0,1.E0,0.E0));
#3616=DIRECTION('',(0.E0,0.E0,1.E0));
#3617=AXIS2_PLACEMENT_3D('',#3614,#3615,#3616);
#3619=CURVE_STYLE('',#20,POSITIVE_LENGTH_MEASURE(2.E-2),#5);
#3620=PRESENTATION_STYLE_ASSIGNMENT((#3619));
#3621=STYLED_ITEM('',(#3620),#3618);
#3622=DIRECTION('',(1.E0,0.E0,0.E0));
#3623=VECTOR('',#3622,2.503846381456E-1);
#3624=CARTESIAN_POINT('',(-2.75E1,-9.5E0,4.1E1));
#3625=LINE('',#3624,#3623);
#3626=CURVE_STYLE('',#20,POSITIVE_LENGTH_MEASURE(2.E-2),#5);
#3627=PRESENTATION_STYLE_ASSIGNMENT((#3626));
#3628=STYLED_ITEM('',(#3627),#3625);
#3629=DIRECTION('',(0.E0,0.E0,-1.E0));
#3630=VECTOR('',#3629,8.2E1);
#3631=CARTESIAN_POINT('',(-2.75E1,-9.5E0,4.1E1));
#3632=LINE('',#3631,#3630);
#3633=CURVE_STYLE('',#20,POSITIVE_LENGTH_MEASURE(2.E-2),#5);
#3634=PRESENTATION_STYLE_ASSIGNMENT((#3633));
#3635=STYLED_ITEM('',(#3634),#3632);
#3636=DIRECTION('',(1.E0,0.E0,0.E0));
#3637=VECTOR('',#3636,2.503846381456E-1);
#3638=CARTESIAN_POINT('',(-2.75E1,-9.5E0,-4.1E1));
#3639=LINE('',#3638,#3637);
#3640=CURVE_STYLE('',#20,POSITIVE_LENGTH_MEASURE(2.E-2),#5);
#3641=PRESENTATION_STYLE_ASSIGNMENT((#3640));
#3642=STYLED_ITEM('',(#3641),#3639);
#3643=CARTESIAN_POINT('',(-2.4E1,-9.5E0,-4.2E1));
#3644=DIRECTION('',(0.E0,1.E0,0.E0));
#3645=DIRECTION('',(-9.557692240748E-1,0.E0,2.941176470588E-1));
#3646=AXIS2_PLACEMENT_3D('',#3643,#3644,#3645);
#3648=CURVE_STYLE('',#20,POSITIVE_LENGTH_MEASURE(2.E-2),#5);
#3649=PRESENTATION_STYLE_ASSIGNMENT((#3648));
#3650=STYLED_ITEM('',(#3649),#3647);
#3651=CARTESIAN_POINT('',(-2.4E1,-9.5E0,-4.2E1));
#3652=DIRECTION('',(0.E0,1.E0,0.E0));
#3653=DIRECTION('',(1.E0,0.E0,0.E0));
#3654=AXIS2_PLACEMENT_3D('',#3651,#3652,#3653);
#3656=CURVE_STYLE('',#20,POSITIVE_LENGTH_MEASURE(2.E-2),#5);
#3657=PRESENTATION_STYLE_ASSIGNMENT((#3656));
#3658=STYLED_ITEM('',(#3657),#3655);
#3659=DIRECTION('',(0.E0,0.E0,1.E0));
#3660=VECTOR('',#3659,2.503846381456E-1);
#3661=CARTESIAN_POINT('',(-2.3E1,-9.5E0,-4.55E1));
#3662=LINE('',#3661,#3660);
#3663=CURVE_STYLE('',#20,POSITIVE_LENGTH_MEASURE(2.E-2),#5);
#3664=PRESENTATION_STYLE_ASSIGNMENT((#3663));
#3665=STYLED_ITEM('',(#3664),#3662);
#3666=DIRECTION('',(1.E0,0.E0,0.E0));
#3667=VECTOR('',#3666,4.6E1);
#3668=CARTESIAN_POINT('',(-2.3E1,-9.5E0,-4.55E1));
#3669=LINE('',#3668,#3667);
#3670=CURVE_STYLE('',#20,POSITIVE_LENGTH_MEASURE(2.E-2),#5);
#3671=PRESENTATION_STYLE_ASSIGNMENT((#3670));
#3672=STYLED_ITEM('',(#3671),#3669);
#3673=DIRECTION('',(0.E0,0.E0,1.E0));
#3674=VECTOR('',#3673,2.503846381456E-1);
#3675=CARTESIAN_POINT('',(2.3E1,-9.5E0,-4.55E1));
#3676=LINE('',#3675,#3674);
#3677=CURVE_STYLE('',#20,POSITIVE_LENGTH_MEASURE(2.E-2),#5);
#3678=PRESENTATION_STYLE_ASSIGNMENT((#3677));
#3679=STYLED_ITEM('',(#3678),#3676);
#3680=CARTESIAN_POINT('',(2.4E1,-9.5E0,-4.2E1));
#3681=DIRECTION('',(0.E0,1.E0,0.E0));
#3682=DIRECTION('',(-2.941176470588E-1,0.E0,-9.557692240748E-1));
#3683=AXIS2_PLACEMENT_3D('',#3680,#3681,#3682);
#3685=CURVE_STYLE('',#20,POSITIVE_LENGTH_MEASURE(2.E-2),#5);
#3686=PRESENTATION_STYLE_ASSIGNMENT((#3685));
#3687=STYLED_ITEM('',(#3686),#3684);
#3688=CARTESIAN_POINT('',(2.4E1,-9.5E0,-4.2E1));
#3689=DIRECTION('',(0.E0,1.E0,0.E0));
#3690=DIRECTION('',(-1.E0,0.E0,0.E0));
#3691=AXIS2_PLACEMENT_3D('',#3688,#3689,#3690);
#3693=CURVE_STYLE('',#20,POSITIVE_LENGTH_MEASURE(2.E-2),#5);
#3694=PRESENTATION_STYLE_ASSIGNMENT((#3693));
#3695=STYLED_ITEM('',(#3694),#3692);
#3696=DIRECTION('',(-1.E0,0.E0,0.E0));
#3697=VECTOR('',#3696,2.503846381456E-1);
#3698=CARTESIAN_POINT('',(2.75E1,-9.5E0,-4.1E1));
#3699=LINE('',#3698,#3697);
#3700=CURVE_STYLE('',#20,POSITIVE_LENGTH_MEASURE(2.E-2),#5);
#3701=PRESENTATION_STYLE_ASSIGNMENT((#3700));
#3702=STYLED_ITEM('',(#3701),#3699);
#3703=DIRECTION('',(0.E0,0.E0,1.E0));
#3704=VECTOR('',#3703,8.2E1);
#3705=CARTESIAN_POINT('',(2.75E1,-9.5E0,-4.1E1));
#3706=LINE('',#3705,#3704);
#3707=CURVE_STYLE('',#20,POSITIVE_LENGTH_MEASURE(2.E-2),#5);
#3708=PRESENTATION_STYLE_ASSIGNMENT((#3707));
#3709=STYLED_ITEM('',(#3708),#3706);
#3710=DIRECTION('',(-1.E0,0.E0,0.E0));
#3711=VECTOR('',#3710,2.503846381456E-1);
#3712=CARTESIAN_POINT('',(2.75E1,-9.5E0,4.1E1));
#3713=LINE('',#3712,#3711);
#3714=CURVE_STYLE('',#20,POSITIVE_LENGTH_MEASURE(2.E-2),#5);
#3715=PRESENTATION_STYLE_ASSIGNMENT((#3714));
#3716=STYLED_ITEM('',(#3715),#3713);
#3717=CARTESIAN_POINT('',(2.4E1,-9.5E0,4.2E1));
#3718=DIRECTION('',(0.E0,1.E0,0.E0));
#3719=DIRECTION('',(9.557692240748E-1,0.E0,-2.941176470588E-1));
#3720=AXIS2_PLACEMENT_3D('',#3717,#3718,#3719);
#3722=CURVE_STYLE('',#20,POSITIVE_LENGTH_MEASURE(2.E-2),#5);
#3723=PRESENTATION_STYLE_ASSIGNMENT((#3722));
#3724=STYLED_ITEM('',(#3723),#3721);
#3725=CARTESIAN_POINT('',(2.4E1,-9.5E0,4.2E1));
#3726=DIRECTION('',(0.E0,1.E0,0.E0));
#3727=DIRECTION('',(-1.E0,0.E0,0.E0));
#3728=AXIS2_PLACEMENT_3D('',#3725,#3726,#3727);
#3730=CURVE_STYLE('',#20,POSITIVE_LENGTH_MEASURE(2.E-2),#5);
#3731=PRESENTATION_STYLE_ASSIGNMENT((#3730));
#3732=STYLED_ITEM('',(#3731),#3729);
#3733=DIRECTION('',(0.E0,0.E0,-1.E0));
#3734=VECTOR('',#3733,2.503846381456E-1);
#3735=CARTESIAN_POINT('',(2.3E1,-9.5E0,4.55E1));
#3736=LINE('',#3735,#3734);
#3737=CURVE_STYLE('',#20,POSITIVE_LENGTH_MEASURE(2.E-2),#5);
#3738=PRESENTATION_STYLE_ASSIGNMENT((#3737));
#3739=STYLED_ITEM('',(#3738),#3736);
#3740=DIRECTION('',(-1.E0,0.E0,0.E0));
#3741=VECTOR('',#3740,4.6E1);
#3742=CARTESIAN_POINT('',(2.3E1,-9.5E0,4.55E1));
#3743=LINE('',#3742,#3741);
#3744=CURVE_STYLE('',#20,POSITIVE_LENGTH_MEASURE(2.E-2),#5);
#3745=PRESENTATION_STYLE_ASSIGNMENT((#3744));
#3746=STYLED_ITEM('',(#3745),#3743);
#3747=DIRECTION('',(0.E0,0.E0,-1.E0));
#3748=VECTOR('',#3747,2.503846381456E-1);
#3749=CARTESIAN_POINT('',(-2.3E1,-9.5E0,4.55E1));
#3750=LINE('',#3749,#3748);
#3751=CURVE_STYLE('',#20,POSITIVE_LENGTH_MEASURE(2.E-2),#5);
#3752=PRESENTATION_STYLE_ASSIGNMENT((#3751));
#3753=STYLED_ITEM('',(#3752),#3750);
#3754=CARTESIAN_POINT('',(-2.4E1,-9.5E0,4.2E1));
#3755=DIRECTION('',(0.E0,1.E0,0.E0));
#3756=DIRECTION('',(2.941176470588E-1,0.E0,9.557692240748E-1));
#3757=AXIS2_PLACEMENT_3D('',#3754,#3755,#3756);
#3759=CURVE_STYLE('',#20,POSITIVE_LENGTH_MEASURE(2.E-2),#5);
#3760=PRESENTATION_STYLE_ASSIGNMENT((#3759));
#3761=STYLED_ITEM('',(#3760),#3758);
#3762=CARTESIAN_POINT('',(-2.4E1,-9.5E0,4.2E1));
#3763=DIRECTION('',(0.E0,1.E0,0.E0));
#3764=DIRECTION('',(1.E0,0.E0,0.E0));
#3765=AXIS2_PLACEMENT_3D('',#3762,#3763,#3764);
#3767=CURVE_STYLE('',#20,POSITIVE_LENGTH_MEASURE(2.E-2),#5);
#3768=PRESENTATION_STYLE_ASSIGNMENT((#3767));
#3769=STYLED_ITEM('',(#3768),#3766);
#3770=DIRECTION('',(1.E0,0.E0,0.E0));
#3771=VECTOR('',#3770,2.503846381456E-1);
#3772=CARTESIAN_POINT('',(-2.75E1,-9.5E0,4.3E1));
#3773=LINE('',#3772,#3771);
#3774=CURVE_STYLE('',#20,POSITIVE_LENGTH_MEASURE(2.E-2),#5);
#3775=PRESENTATION_STYLE_ASSIGNMENT((#3774));
#3776=STYLED_ITEM('',(#3775),#3773);
#3777=CARTESIAN_POINT('',(-2.4E1,-9.5E0,4.2E1));
#3778=DIRECTION('',(0.E0,1.E0,0.E0));
#3779=DIRECTION('',(-9.557692240748E-1,0.E0,2.941176470588E-1));
#3780=AXIS2_PLACEMENT_3D('',#3777,#3778,#3779);
#3782=CURVE_STYLE('',#20,POSITIVE_LENGTH_MEASURE(2.E-2),#5);
#3783=PRESENTATION_STYLE_ASSIGNMENT((#3782));
#3784=STYLED_ITEM('',(#3783),#3781);
#3785=DIRECTION('',(0.E0,0.E0,-1.E0));
#3786=VECTOR('',#3785,2.503846381456E-1);
#3787=CARTESIAN_POINT('',(-2.5E1,-9.5E0,4.55E1));
#3788=LINE('',#3787,#3786);
#3789=CURVE_STYLE('',#20,POSITIVE_LENGTH_MEASURE(2.E-2),#5);
#3790=PRESENTATION_STYLE_ASSIGNMENT((#3789));
#3791=STYLED_ITEM('',(#3790),#3788);
#3792=DIRECTION('',(-1.E0,0.E0,0.E0));
#3793=VECTOR('',#3792,2.E0);
#3794=CARTESIAN_POINT('',(-2.5E1,-9.5E0,4.55E1));
#3795=LINE('',#3794,#3793);
#3796=CURVE_STYLE('',#20,POSITIVE_LENGTH_MEASURE(2.E-2),#5);
#3797=PRESENTATION_STYLE_ASSIGNMENT((#3796));
#3798=STYLED_ITEM('',(#3797),#3795);
#3799=CARTESIAN_POINT('',(-2.7E1,-9.5E0,4.5E1));
#3800=DIRECTION('',(0.E0,-1.E0,0.E0));
#3801=DIRECTION('',(0.E0,0.E0,1.E0));
#3802=AXIS2_PLACEMENT_3D('',#3799,#3800,#3801);
#3804=CURVE_STYLE('',#20,POSITIVE_LENGTH_MEASURE(2.E-2),#5);
#3805=PRESENTATION_STYLE_ASSIGNMENT((#3804));
#3806=STYLED_ITEM('',(#3805),#3803);
#3807=DIRECTION('',(0.E0,0.E0,-1.E0));
#3808=VECTOR('',#3807,2.E0);
#3809=CARTESIAN_POINT('',(-2.75E1,-9.5E0,4.5E1));
#3810=LINE('',#3809,#3808);
#3811=CURVE_STYLE('',#20,POSITIVE_LENGTH_MEASURE(2.E-2),#5);
#3812=PRESENTATION_STYLE_ASSIGNMENT((#3811));
#3813=STYLED_ITEM('',(#3812),#3810);
#3814=DIRECTION('',(1.E0,0.E0,0.E0));
#3815=VECTOR('',#3814,2.503846381456E-1);
#3816=CARTESIAN_POINT('',(-2.75E1,-9.5E0,-4.3E1));
#3817=LINE('',#3816,#3815);
#3818=CURVE_STYLE('',#20,POSITIVE_LENGTH_MEASURE(2.E-2),#5);
#3819=PRESENTATION_STYLE_ASSIGNMENT((#3818));
#3820=STYLED_ITEM('',(#3819),#3817);
#3821=DIRECTION('',(0.E0,0.E0,-1.E0));
#3822=VECTOR('',#3821,2.E0);
#3823=CARTESIAN_POINT('',(-2.75E1,-9.5E0,-4.3E1));
#3824=LINE('',#3823,#3822);
#3825=CURVE_STYLE('',#20,POSITIVE_LENGTH_MEASURE(2.E-2),#5);
#3826=PRESENTATION_STYLE_ASSIGNMENT((#3825));
#3827=STYLED_ITEM('',(#3826),#3824);
#3828=CARTESIAN_POINT('',(-2.7E1,-9.5E0,-4.5E1));
#3829=DIRECTION('',(0.E0,-1.E0,0.E0));
#3830=DIRECTION('',(-1.E0,0.E0,0.E0));
#3831=AXIS2_PLACEMENT_3D('',#3828,#3829,#3830);
#3833=CURVE_STYLE('',#20,POSITIVE_LENGTH_MEASURE(2.E-2),#5);
#3834=PRESENTATION_STYLE_ASSIGNMENT((#3833));
#3835=STYLED_ITEM('',(#3834),#3832);
#3836=DIRECTION('',(1.E0,0.E0,0.E0));
#3837=VECTOR('',#3836,2.E0);
#3838=CARTESIAN_POINT('',(-2.7E1,-9.5E0,-4.55E1));
#3839=LINE('',#3838,#3837);
#3840=CURVE_STYLE('',#20,POSITIVE_LENGTH_MEASURE(2.E-2),#5);
#3841=PRESENTATION_STYLE_ASSIGNMENT((#3840));
#3842=STYLED_ITEM('',(#3841),#3839);
#3843=DIRECTION('',(0.E0,0.E0,1.E0));
#3844=VECTOR('',#3843,2.503846381456E-1);
#3845=CARTESIAN_POINT('',(-2.5E1,-9.5E0,-4.55E1));
#3846=LINE('',#3845,#3844);
#3847=CURVE_STYLE('',#20,POSITIVE_LENGTH_MEASURE(2.E-2),#5);
#3848=PRESENTATION_STYLE_ASSIGNMENT((#3847));
#3849=STYLED_ITEM('',(#3848),#3846);
#3850=CARTESIAN_POINT('',(-2.4E1,-9.5E0,-4.2E1));
#3851=DIRECTION('',(0.E0,1.E0,0.E0));
#3852=DIRECTION('',(-2.941176470588E-1,0.E0,-9.557692240748E-1));
#3853=AXIS2_PLACEMENT_3D('',#3850,#3851,#3852);
#3855=CURVE_STYLE('',#20,POSITIVE_LENGTH_MEASURE(2.E-2),#5);
#3856=PRESENTATION_STYLE_ASSIGNMENT((#3855));
#3857=STYLED_ITEM('',(#3856),#3854);
#3858=DIRECTION('',(-1.E0,0.E0,0.E0));
#3859=VECTOR('',#3858,2.503846381456E-1);
#3860=CARTESIAN_POINT('',(2.75E1,-9.5E0,4.3E1));
#3861=LINE('',#3860,#3859);
#3862=CURVE_STYLE('',#20,POSITIVE_LENGTH_MEASURE(2.E-2),#5);
#3863=PRESENTATION_STYLE_ASSIGNMENT((#3862));
#3864=STYLED_ITEM('',(#3863),#3861);
#3865=DIRECTION('',(0.E0,0.E0,1.E0));
#3866=VECTOR('',#3865,2.E0);
#3867=CARTESIAN_POINT('',(2.75E1,-9.5E0,4.3E1));
#3868=LINE('',#3867,#3866);
#3869=CURVE_STYLE('',#20,POSITIVE_LENGTH_MEASURE(2.E-2),#5);
#3870=PRESENTATION_STYLE_ASSIGNMENT((#3869));
#3871=STYLED_ITEM('',(#3870),#3868);
#3872=CARTESIAN_POINT('',(2.7E1,-9.5E0,4.5E1));
#3873=DIRECTION('',(0.E0,-1.E0,0.E0));
#3874=DIRECTION('',(1.E0,0.E0,0.E0));
#3875=AXIS2_PLACEMENT_3D('',#3872,#3873,#3874);
#3877=CURVE_STYLE('',#20,POSITIVE_LENGTH_MEASURE(2.E-2),#5);
#3878=PRESENTATION_STYLE_ASSIGNMENT((#3877));
#3879=STYLED_ITEM('',(#3878),#3876);
#3880=DIRECTION('',(-1.E0,0.E0,0.E0));
#3881=VECTOR('',#3880,2.E0);
#3882=CARTESIAN_POINT('',(2.7E1,-9.5E0,4.55E1));
#3883=LINE('',#3882,#3881);
#3884=CURVE_STYLE('',#20,POSITIVE_LENGTH_MEASURE(2.E-2),#5);
#3885=PRESENTATION_STYLE_ASSIGNMENT((#3884));
#3886=STYLED_ITEM('',(#3885),#3883);
#3887=DIRECTION('',(0.E0,0.E0,-1.E0));
#3888=VECTOR('',#3887,2.503846381456E-1);
#3889=CARTESIAN_POINT('',(2.5E1,-9.5E0,4.55E1));
#3890=LINE('',#3889,#3888);
#3891=CURVE_STYLE('',#20,POSITIVE_LENGTH_MEASURE(2.E-2),#5);
#3892=PRESENTATION_STYLE_ASSIGNMENT((#3891));
#3893=STYLED_ITEM('',(#3892),#3890);
#3894=CARTESIAN_POINT('',(2.4E1,-9.5E0,4.2E1));
#3895=DIRECTION('',(0.E0,1.E0,0.E0));
#3896=DIRECTION('',(2.941176470588E-1,0.E0,9.557692240748E-1));
#3897=AXIS2_PLACEMENT_3D('',#3894,#3895,#3896);
#3899=CURVE_STYLE('',#20,POSITIVE_LENGTH_MEASURE(2.E-2),#5);
#3900=PRESENTATION_STYLE_ASSIGNMENT((#3899));
#3901=STYLED_ITEM('',(#3900),#3898);
#3902=DIRECTION('',(-1.E0,0.E0,0.E0));
#3903=VECTOR('',#3902,2.503846381456E-1);
#3904=CARTESIAN_POINT('',(2.75E1,-9.5E0,-4.3E1));
#3905=LINE('',#3904,#3903);
#3906=CURVE_STYLE('',#20,POSITIVE_LENGTH_MEASURE(2.E-2),#5);
#3907=PRESENTATION_STYLE_ASSIGNMENT((#3906));
#3908=STYLED_ITEM('',(#3907),#3905);
#3909=CARTESIAN_POINT('',(2.4E1,-9.5E0,-4.2E1));
#3910=DIRECTION('',(0.E0,1.E0,0.E0));
#3911=DIRECTION('',(9.557692240748E-1,0.E0,-2.941176470588E-1));
#3912=AXIS2_PLACEMENT_3D('',#3909,#3910,#3911);
#3914=CURVE_STYLE('',#20,POSITIVE_LENGTH_MEASURE(2.E-2),#5);
#3915=PRESENTATION_STYLE_ASSIGNMENT((#3914));
#3916=STYLED_ITEM('',(#3915),#3913);
#3917=DIRECTION('',(0.E0,0.E0,1.E0));
#3918=VECTOR('',#3917,2.503846381456E-1);
#3919=CARTESIAN_POINT('',(2.5E1,-9.5E0,-4.55E1));
#3920=LINE('',#3919,#3918);
#3921=CURVE_STYLE('',#20,POSITIVE_LENGTH_MEASURE(2.E-2),#5);
#3922=PRESENTATION_STYLE_ASSIGNMENT((#3921));
#3923=STYLED_ITEM('',(#3922),#3920);
#3924=DIRECTION('',(1.E0,0.E0,0.E0));
#3925=VECTOR('',#3924,2.E0);
#3926=CARTESIAN_POINT('',(2.5E1,-9.5E0,-4.55E1));
#3927=LINE('',#3926,#3925);
#3928=CURVE_STYLE('',#20,POSITIVE_LENGTH_MEASURE(2.E-2),#5);
#3929=PRESENTATION_STYLE_ASSIGNMENT((#3928));
#3930=STYLED_ITEM('',(#3929),#3927);
#3931=CARTESIAN_POINT('',(2.7E1,-9.5E0,-4.5E1));
#3932=DIRECTION('',(0.E0,-1.E0,0.E0));
#3933=DIRECTION('',(0.E0,0.E0,-1.E0));
#3934=AXIS2_PLACEMENT_3D('',#3931,#3932,#3933);
#3936=CURVE_STYLE('',#20,POSITIVE_LENGTH_MEASURE(2.E-2),#5);
#3937=PRESENTATION_STYLE_ASSIGNMENT((#3936));
#3938=STYLED_ITEM('',(#3937),#3935);
#3939=DIRECTION('',(0.E0,0.E0,1.E0));
#3940=VECTOR('',#3939,2.E0);
#3941=CARTESIAN_POINT('',(2.75E1,-9.5E0,-4.5E1));
#3942=LINE('',#3941,#3940);
#3943=CURVE_STYLE('',#20,POSITIVE_LENGTH_MEASURE(2.E-2),#5);
#3944=PRESENTATION_STYLE_ASSIGNMENT((#3943));
#3945=STYLED_ITEM('',(#3944),#3942);
#3946=DIRECTION('',(0.E0,1.E0,0.E0));
#3947=VECTOR('',#3946,3.E0);
#3948=CARTESIAN_POINT('',(-1.1E1,-9.5E0,2.08E1));
#3949=LINE('',#3948,#3947);
#3950=CURVE_STYLE('',#20,POSITIVE_LENGTH_MEASURE(2.E-2),#5);
#3951=PRESENTATION_STYLE_ASSIGNMENT((#3950));
#3952=STYLED_ITEM('',(#3951),#3949);
#3953=DIRECTION('',(0.E0,1.E0,0.E0));
#3954=VECTOR('',#3953,3.E0);
#3955=CARTESIAN_POINT('',(1.1E1,-9.5E0,2.08E1));
#3956=LINE('',#3955,#3954);
#3957=CURVE_STYLE('',#20,POSITIVE_LENGTH_MEASURE(2.E-2),#5);
#3958=PRESENTATION_STYLE_ASSIGNMENT((#3957));
#3959=STYLED_ITEM('',(#3958),#3956);
#3960=DIRECTION('',(0.E0,1.E0,0.E0));
#3961=VECTOR('',#3960,3.E0);
#3962=CARTESIAN_POINT('',(1.62E1,-9.5E0,2.6E1));
#3963=LINE('',#3962,#3961);
#3964=CURVE_STYLE('',#20,POSITIVE_LENGTH_MEASURE(2.E-2),#5);
#3965=PRESENTATION_STYLE_ASSIGNMENT((#3964));
#3966=STYLED_ITEM('',(#3965),#3963);
#3967=DIRECTION('',(0.E0,1.E0,0.E0));
#3968=VECTOR('',#3967,3.E0);
#3969=CARTESIAN_POINT('',(1.62E1,-9.5E0,3.8E1));
#3970=LINE('',#3969,#3968);
#3971=CURVE_STYLE('',#20,POSITIVE_LENGTH_MEASURE(2.E-2),#5);
#3972=PRESENTATION_STYLE_ASSIGNMENT((#3971));
#3973=STYLED_ITEM('',(#3972),#3970);
#3974=DIRECTION('',(0.E0,1.E0,0.E0));
#3975=VECTOR('',#3974,3.E0);
#3976=CARTESIAN_POINT('',(1.1E1,-9.5E0,4.32E1));
#3977=LINE('',#3976,#3975);
#3978=CURVE_STYLE('',#20,POSITIVE_LENGTH_MEASURE(2.E-2),#5);
#3979=PRESENTATION_STYLE_ASSIGNMENT((#3978));
#3980=STYLED_ITEM('',(#3979),#3977);
#3981=DIRECTION('',(0.E0,1.E0,0.E0));
#3982=VECTOR('',#3981,3.E0);
#3983=CARTESIAN_POINT('',(-1.1E1,-9.5E0,4.32E1));
#3984=LINE('',#3983,#3982);
#3985=CURVE_STYLE('',#20,POSITIVE_LENGTH_MEASURE(2.E-2),#5);
#3986=PRESENTATION_STYLE_ASSIGNMENT((#3985));
#3987=STYLED_ITEM('',(#3986),#3984);
#3988=DIRECTION('',(0.E0,1.E0,0.E0));
#3989=VECTOR('',#3988,3.E0);
#3990=CARTESIAN_POINT('',(-1.62E1,-9.5E0,3.8E1));
#3991=LINE('',#3990,#3989);
#3992=CURVE_STYLE('',#20,POSITIVE_LENGTH_MEASURE(2.E-2),#5);
#3993=PRESENTATION_STYLE_ASSIGNMENT((#3992));
#3994=STYLED_ITEM('',(#3993),#3991);
#3995=DIRECTION('',(0.E0,1.E0,0.E0));
#3996=VECTOR('',#3995,3.E0);
#3997=CARTESIAN_POINT('',(-1.62E1,-9.5E0,2.6E1));
#3998=LINE('',#3997,#3996);
#3999=CURVE_STYLE('',#20,POSITIVE_LENGTH_MEASURE(2.E-2),#5);
#4000=PRESENTATION_STYLE_ASSIGNMENT((#3999));
#4001=STYLED_ITEM('',(#4000),#3998);
#4002=CARTESIAN_POINT('',(-1.1E1,-6.5E0,2.6E1));
#4003=DIRECTION('',(0.E0,1.E0,0.E0));
#4004=DIRECTION('',(0.E0,0.E0,-1.E0));
#4005=AXIS2_PLACEMENT_3D('',#4002,#4003,#4004);
#4007=CURVE_STYLE('',#20,POSITIVE_LENGTH_MEASURE(2.E-2),#5);
#4008=PRESENTATION_STYLE_ASSIGNMENT((#4007));
#4009=STYLED_ITEM('',(#4008),#4006);
#4010=DIRECTION('',(-1.E0,0.E0,0.E0));
#4011=VECTOR('',#4010,2.2E1);
#4012=CARTESIAN_POINT('',(1.1E1,-6.5E0,2.08E1));
#4013=LINE('',#4012,#4011);
#4014=CURVE_STYLE('',#20,POSITIVE_LENGTH_MEASURE(2.E-2),#5);
#4015=PRESENTATION_STYLE_ASSIGNMENT((#4014));
#4016=STYLED_ITEM('',(#4015),#4013);
#4017=CARTESIAN_POINT('',(1.1E1,-6.5E0,2.6E1));
#4018=DIRECTION('',(0.E0,1.E0,0.E0));
#4019=DIRECTION('',(1.E0,0.E0,0.E0));
#4020=AXIS2_PLACEMENT_3D('',#4017,#4018,#4019);
#4022=CURVE_STYLE('',#20,POSITIVE_LENGTH_MEASURE(2.E-2),#5);
#4023=PRESENTATION_STYLE_ASSIGNMENT((#4022));
#4024=STYLED_ITEM('',(#4023),#4021);
#4025=DIRECTION('',(0.E0,0.E0,-1.E0));
#4026=VECTOR('',#4025,1.2E1);
#4027=CARTESIAN_POINT('',(1.62E1,-6.5E0,3.8E1));
#4028=LINE('',#4027,#4026);
#4029=CURVE_STYLE('',#20,POSITIVE_LENGTH_MEASURE(2.E-2),#5);
#4030=PRESENTATION_STYLE_ASSIGNMENT((#4029));
#4031=STYLED_ITEM('',(#4030),#4028);
#4032=CARTESIAN_POINT('',(1.1E1,-6.5E0,3.8E1));
#4033=DIRECTION('',(0.E0,1.E0,0.E0));
#4034=DIRECTION('',(0.E0,0.E0,1.E0));
#4035=AXIS2_PLACEMENT_3D('',#4032,#4033,#4034);
#4037=CURVE_STYLE('',#20,POSITIVE_LENGTH_MEASURE(2.E-2),#5);
#4038=PRESENTATION_STYLE_ASSIGNMENT((#4037));
#4039=STYLED_ITEM('',(#4038),#4036);
#4040=DIRECTION('',(1.E0,0.E0,0.E0));
#4041=VECTOR('',#4040,2.2E1);
#4042=CARTESIAN_POINT('',(-1.1E1,-6.5E0,4.32E1));
#4043=LINE('',#4042,#4041);
#4044=CURVE_STYLE('',#20,POSITIVE_LENGTH_MEASURE(2.E-2),#5);
#4045=PRESENTATION_STYLE_ASSIGNMENT((#4044));
#4046=STYLED_ITEM('',(#4045),#4043);
#4047=CARTESIAN_POINT('',(-1.1E1,-6.5E0,3.8E1));
#4048=DIRECTION('',(0.E0,1.E0,0.E0));
#4049=DIRECTION('',(-1.E0,0.E0,0.E0));
#4050=AXIS2_PLACEMENT_3D('',#4047,#4048,#4049);
#4052=CURVE_STYLE('',#20,POSITIVE_LENGTH_MEASURE(2.E-2),#5);
#4053=PRESENTATION_STYLE_ASSIGNMENT((#4052));
#4054=STYLED_ITEM('',(#4053),#4051);
#4055=DIRECTION('',(0.E0,0.E0,1.E0));
#4056=VECTOR('',#4055,1.2E1);
#4057=CARTESIAN_POINT('',(-1.62E1,-6.5E0,2.6E1));
#4058=LINE('',#4057,#4056);
#4059=CURVE_STYLE('',#20,POSITIVE_LENGTH_MEASURE(2.E-2),#5);
#4060=PRESENTATION_STYLE_ASSIGNMENT((#4059));
#4061=STYLED_ITEM('',(#4060),#4058);
#4062=DIRECTION('',(0.E0,0.E0,-1.E0));
#4063=VECTOR('',#4062,1.5E0);
#4064=CARTESIAN_POINT('',(-1.515E1,-6.5E0,3.275E1));
#4065=LINE('',#4064,#4063);
#4066=CURVE_STYLE('',#20,POSITIVE_LENGTH_MEASURE(2.E-2),#5);
#4067=PRESENTATION_STYLE_ASSIGNMENT((#4066));
#4068=STYLED_ITEM('',(#4067),#4065);
#4069=DIRECTION('',(0.E0,0.E0,-1.E0));
#4070=VECTOR('',#4069,5.25E0);
#4071=CARTESIAN_POINT('',(-1.515E1,-6.5E0,3.8E1));
#4072=LINE('',#4071,#4070);
#4073=CURVE_STYLE('',#20,POSITIVE_LENGTH_MEASURE(2.E-2),#5);
#4074=PRESENTATION_STYLE_ASSIGNMENT((#4073));
#4075=STYLED_ITEM('',(#4074),#4072);
#4076=CARTESIAN_POINT('',(-1.1E1,-6.5E0,3.8E1));
#4077=DIRECTION('',(0.E0,-1.E0,0.E0));
#4078=DIRECTION('',(0.E0,0.E0,1.E0));
#4079=AXIS2_PLACEMENT_3D('',#4076,#4077,#4078);
#4081=CURVE_STYLE('',#20,POSITIVE_LENGTH_MEASURE(2.E-2),#5);
#4082=PRESENTATION_STYLE_ASSIGNMENT((#4081));
#4083=STYLED_ITEM('',(#4082),#4080);
#4084=DIRECTION('',(-1.E0,0.E0,0.E0));
#4085=VECTOR('',#4084,1.025E1);
#4086=CARTESIAN_POINT('',(-7.5E-1,-6.5E0,4.215E1));
#4087=LINE('',#4086,#4085);
#4088=CURVE_STYLE('',#20,POSITIVE_LENGTH_MEASURE(2.E-2),#5);
#4089=PRESENTATION_STYLE_ASSIGNMENT((#4088));
#4090=STYLED_ITEM('',(#4089),#4087);
#4091=DIRECTION('',(-1.E0,0.E0,0.E0));
#4092=VECTOR('',#4091,1.5E0);
#4093=CARTESIAN_POINT('',(7.5E-1,-6.5E0,4.215E1));
#4094=LINE('',#4093,#4092);
#4095=CURVE_STYLE('',#20,POSITIVE_LENGTH_MEASURE(2.E-2),#5);
#4096=PRESENTATION_STYLE_ASSIGNMENT((#4095));
#4097=STYLED_ITEM('',(#4096),#4094);
#4098=DIRECTION('',(-1.E0,0.E0,0.E0));
#4099=VECTOR('',#4098,1.025E1);
#4100=CARTESIAN_POINT('',(1.1E1,-6.5E0,4.215E1));
#4101=LINE('',#4100,#4099);
#4102=CURVE_STYLE('',#20,POSITIVE_LENGTH_MEASURE(2.E-2),#5);
#4103=PRESENTATION_STYLE_ASSIGNMENT((#4102));
#4104=STYLED_ITEM('',(#4103),#4101);
#4105=CARTESIAN_POINT('',(1.1E1,-6.5E0,3.8E1));
#4106=DIRECTION('',(0.E0,-1.E0,0.E0));
#4107=DIRECTION('',(1.E0,0.E0,0.E0));
#4108=AXIS2_PLACEMENT_3D('',#4105,#4106,#4107);
#4110=CURVE_STYLE('',#20,POSITIVE_LENGTH_MEASURE(2.E-2),#5);
#4111=PRESENTATION_STYLE_ASSIGNMENT((#4110));
#4112=STYLED_ITEM('',(#4111),#4109);
#4113=DIRECTION('',(0.E0,0.E0,1.E0));
#4114=VECTOR('',#4113,5.25E0);
#4115=CARTESIAN_POINT('',(1.515E1,-6.5E0,3.275E1));
#4116=LINE('',#4115,#4114);
#4117=CURVE_STYLE('',#20,POSITIVE_LENGTH_MEASURE(2.E-2),#5);
#4118=PRESENTATION_STYLE_ASSIGNMENT((#4117));
#4119=STYLED_ITEM('',(#4118),#4116);
#4120=DIRECTION('',(0.E0,0.E0,1.E0));
#4121=VECTOR('',#4120,1.5E0);
#4122=CARTESIAN_POINT('',(1.515E1,-6.5E0,3.125E1));
#4123=LINE('',#4122,#4121);
#4124=CURVE_STYLE('',#20,POSITIVE_LENGTH_MEASURE(2.E-2),#5);
#4125=PRESENTATION_STYLE_ASSIGNMENT((#4124));
#4126=STYLED_ITEM('',(#4125),#4123);
#4127=DIRECTION('',(0.E0,0.E0,1.E0));
#4128=VECTOR('',#4127,5.25E0);
#4129=CARTESIAN_POINT('',(1.515E1,-6.5E0,2.6E1));
#4130=LINE('',#4129,#4128);
#4131=CURVE_STYLE('',#20,POSITIVE_LENGTH_MEASURE(2.E-2),#5);
#4132=PRESENTATION_STYLE_ASSIGNMENT((#4131));
#4133=STYLED_ITEM('',(#4132),#4130);
#4134=CARTESIAN_POINT('',(1.1E1,-6.5E0,2.6E1));
#4135=DIRECTION('',(0.E0,-1.E0,0.E0));
#4136=DIRECTION('',(0.E0,0.E0,-1.E0));
#4137=AXIS2_PLACEMENT_3D('',#4134,#4135,#4136);
#4139=CURVE_STYLE('',#20,POSITIVE_LENGTH_MEASURE(2.E-2),#5);
#4140=PRESENTATION_STYLE_ASSIGNMENT((#4139));
#4141=STYLED_ITEM('',(#4140),#4138);
#4142=DIRECTION('',(1.E0,0.E0,0.E0));
#4143=VECTOR('',#4142,1.025E1);
#4144=CARTESIAN_POINT('',(7.5E-1,-6.5E0,2.185E1));
#4145=LINE('',#4144,#4143);
#4146=CURVE_STYLE('',#20,POSITIVE_LENGTH_MEASURE(2.E-2),#5);
#4147=PRESENTATION_STYLE_ASSIGNMENT((#4146));
#4148=STYLED_ITEM('',(#4147),#4145);
#4149=DIRECTION('',(1.E0,0.E0,0.E0));
#4150=VECTOR('',#4149,1.5E0);
#4151=CARTESIAN_POINT('',(-7.5E-1,-6.5E0,2.185E1));
#4152=LINE('',#4151,#4150);
#4153=CURVE_STYLE('',#20,POSITIVE_LENGTH_MEASURE(2.E-2),#5);
#4154=PRESENTATION_STYLE_ASSIGNMENT((#4153));
#4155=STYLED_ITEM('',(#4154),#4152);
#4156=DIRECTION('',(1.E0,0.E0,0.E0));
#4157=VECTOR('',#4156,1.025E1);
#4158=CARTESIAN_POINT('',(-1.1E1,-6.5E0,2.185E1));
#4159=LINE('',#4158,#4157);
#4160=CURVE_STYLE('',#20,POSITIVE_LENGTH_MEASURE(2.E-2),#5);
#4161=PRESENTATION_STYLE_ASSIGNMENT((#4160));
#4162=STYLED_ITEM('',(#4161),#4159);
#4163=CARTESIAN_POINT('',(-1.1E1,-6.5E0,2.6E1));
#4164=DIRECTION('',(0.E0,-1.E0,0.E0));
#4165=DIRECTION('',(-1.E0,0.E0,0.E0));
#4166=AXIS2_PLACEMENT_3D('',#4163,#4164,#4165);
#4168=CURVE_STYLE('',#20,POSITIVE_LENGTH_MEASURE(2.E-2),#5);
#4169=PRESENTATION_STYLE_ASSIGNMENT((#4168));
#4170=STYLED_ITEM('',(#4169),#4167);
#4171=DIRECTION('',(0.E0,0.E0,-1.E0));
#4172=VECTOR('',#4171,5.25E0);
#4173=CARTESIAN_POINT('',(-1.515E1,-6.5E0,3.125E1));
#4174=LINE('',#4173,#4172);
#4175=CURVE_STYLE('',#20,POSITIVE_LENGTH_MEASURE(2.E-2),#5);
#4176=PRESENTATION_STYLE_ASSIGNMENT((#4175));
#4177=STYLED_ITEM('',(#4176),#4174);
#4178=DIRECTION('',(7.071067811866E-1,-7.071067811865E-1,0.E0));
#4179=VECTOR('',#4178,2.828427124746E-1);
#4180=CARTESIAN_POINT('',(-1.515E1,-6.5E0,3.125E1));
#4181=LINE('',#4180,#4179);
#4182=CURVE_STYLE('',#20,POSITIVE_LENGTH_MEASURE(2.E-2),#5);
#4183=PRESENTATION_STYLE_ASSIGNMENT((#4182));
#4184=STYLED_ITEM('',(#4183),#4181);
#4185=DIRECTION('',(0.E0,-1.E0,0.E0));
#4186=VECTOR('',#4185,2.5E0);
#4187=CARTESIAN_POINT('',(-1.495E1,-6.7E0,3.125E1));
#4188=LINE('',#4187,#4186);
#4189=CURVE_STYLE('',#20,POSITIVE_LENGTH_MEASURE(2.E-2),#5);
#4190=PRESENTATION_STYLE_ASSIGNMENT((#4189));
#4191=STYLED_ITEM('',(#4190),#4188);
#4192=DIRECTION('',(0.E0,1.E0,0.E0));
#4193=VECTOR('',#4192,2.7E0);
#4194=CARTESIAN_POINT('',(-1.515E1,-9.2E0,3.275E1));
#4195=LINE('',#4194,#4193);
#4196=CURVE_STYLE('',#20,POSITIVE_LENGTH_MEASURE(2.E-2),#5);
#4197=PRESENTATION_STYLE_ASSIGNMENT((#4196));
#4198=STYLED_ITEM('',(#4197),#4195);
#4199=DIRECTION('',(0.E0,0.E0,-1.E0));
#4200=VECTOR('',#4199,5.25E0);
#4201=CARTESIAN_POINT('',(-1.515E1,-9.2E0,3.8E1));
#4202=LINE('',#4201,#4200);
#4203=CURVE_STYLE('',#20,POSITIVE_LENGTH_MEASURE(2.E-2),#5);
#4204=PRESENTATION_STYLE_ASSIGNMENT((#4203));
#4205=STYLED_ITEM('',(#4204),#4202);
#4206=DIRECTION('',(0.E0,1.E0,0.E0));
#4207=VECTOR('',#4206,2.7E0);
#4208=CARTESIAN_POINT('',(-1.515E1,-9.2E0,3.8E1));
#4209=LINE('',#4208,#4207);
#4210=CURVE_STYLE('',#20,POSITIVE_LENGTH_MEASURE(2.E-2),#5);
#4211=PRESENTATION_STYLE_ASSIGNMENT((#4210));
#4212=STYLED_ITEM('',(#4211),#4209);
#4213=DIRECTION('',(0.E0,1.E0,0.E0));
#4214=VECTOR('',#4213,2.7E0);
#4215=CARTESIAN_POINT('',(-1.515E1,-9.2E0,3.125E1));
#4216=LINE('',#4215,#4214);
#4217=CURVE_STYLE('',#20,POSITIVE_LENGTH_MEASURE(2.E-2),#5);
#4218=PRESENTATION_STYLE_ASSIGNMENT((#4217));
#4219=STYLED_ITEM('',(#4218),#4216);
#4220=DIRECTION('',(0.E0,0.E0,-1.E0));
#4221=VECTOR('',#4220,5.25E0);
#4222=CARTESIAN_POINT('',(-1.515E1,-9.2E0,3.125E1));
#4223=LINE('',#4222,#4221);
#4224=CURVE_STYLE('',#20,POSITIVE_LENGTH_MEASURE(2.E-2),#5);
#4225=PRESENTATION_STYLE_ASSIGNMENT((#4224));
#4226=STYLED_ITEM('',(#4225),#4223);
#4227=DIRECTION('',(-7.071067811866E-1,7.071067811865E-1,0.E0));
#4228=VECTOR('',#4227,2.828427124746E-1);
#4229=CARTESIAN_POINT('',(-1.495E1,-6.7E0,3.275E1));
#4230=LINE('',#4229,#4228);
#4231=CURVE_STYLE('',#20,POSITIVE_LENGTH_MEASURE(2.E-2),#5);
#4232=PRESENTATION_STYLE_ASSIGNMENT((#4231));
#4233=STYLED_ITEM('',(#4232),#4230);
#4234=DIRECTION('',(0.E0,0.E0,-1.E0));
#4235=VECTOR('',#4234,1.5E0);
#4236=CARTESIAN_POINT('',(-1.495E1,-6.7E0,3.275E1));
#4237=LINE('',#4236,#4235);
#4238=CURVE_STYLE('',#20,POSITIVE_LENGTH_MEASURE(2.E-2),#5);
#4239=PRESENTATION_STYLE_ASSIGNMENT((#4238));
#4240=STYLED_ITEM('',(#4239),#4237);
#4241=DIRECTION('',(0.E0,-1.E0,0.E0));
#4242=VECTOR('',#4241,2.5E0);
#4243=CARTESIAN_POINT('',(-1.495E1,-6.7E0,3.275E1));
#4244=LINE('',#4243,#4242);
#4245=CURVE_STYLE('',#20,POSITIVE_LENGTH_MEASURE(2.E-2),#5);
#4246=PRESENTATION_STYLE_ASSIGNMENT((#4245));
#4247=STYLED_ITEM('',(#4246),#4244);
#4248=DIRECTION('',(1.E0,0.E0,0.E0));
#4249=VECTOR('',#4248,1.E1);
#4250=CARTESIAN_POINT('',(-5.E0,-9.2E0,2.35E1));
#4251=LINE('',#4250,#4249);
#4252=CURVE_STYLE('',#20,POSITIVE_LENGTH_MEASURE(2.E-2),#5);
#4253=PRESENTATION_STYLE_ASSIGNMENT((#4252));
#4254=STYLED_ITEM('',(#4253),#4251);
#4255=CARTESIAN_POINT('',(-5.E0,-9.2E0,3.2E1));
#4256=DIRECTION('',(0.E0,-1.E0,0.E0));
#4257=DIRECTION('',(0.E0,0.E0,1.E0));
#4258=AXIS2_PLACEMENT_3D('',#4255,#4256,#4257);
#4260=CURVE_STYLE('',#20,POSITIVE_LENGTH_MEASURE(2.E-2),#5);
#4261=PRESENTATION_STYLE_ASSIGNMENT((#4260));
#4262=STYLED_ITEM('',(#4261),#4259);
#4263=DIRECTION('',(-1.E0,0.E0,0.E0));
#4264=VECTOR('',#4263,1.E1);
#4265=CARTESIAN_POINT('',(5.E0,-9.2E0,4.05E1));
#4266=LINE('',#4265,#4264);
#4267=CURVE_STYLE('',#20,POSITIVE_LENGTH_MEASURE(2.E-2),#5);
#4268=PRESENTATION_STYLE_ASSIGNMENT((#4267));
#4269=STYLED_ITEM('',(#4268),#4266);
#4270=CARTESIAN_POINT('',(5.E0,-9.2E0,3.2E1));
#4271=DIRECTION('',(0.E0,-1.E0,0.E0));
#4272=DIRECTION('',(0.E0,0.E0,-1.E0));
#4273=AXIS2_PLACEMENT_3D('',#4270,#4271,#4272);
#4275=CURVE_STYLE('',#20,POSITIVE_LENGTH_MEASURE(2.E-2),#5);
#4276=PRESENTATION_STYLE_ASSIGNMENT((#4275));
#4277=STYLED_ITEM('',(#4276),#4274);
#4278=DIRECTION('',(1.E0,0.E0,0.E0));
#4279=VECTOR('',#4278,2.E-1);
#4280=CARTESIAN_POINT('',(-1.515E1,-9.2E0,3.275E1));
#4281=LINE('',#4280,#4279);
#4282=CURVE_STYLE('',#20,POSITIVE_LENGTH_MEASURE(2.E-2),#5);
#4283=PRESENTATION_STYLE_ASSIGNMENT((#4282));
#4284=STYLED_ITEM('',(#4283),#4281);
#4285=DIRECTION('',(0.E0,0.E0,-1.E0));
#4286=VECTOR('',#4285,1.5E0);
#4287=CARTESIAN_POINT('',(-1.495E1,-9.2E0,3.275E1));
#4288=LINE('',#4287,#4286);
#4289=CURVE_STYLE('',#20,POSITIVE_LENGTH_MEASURE(2.E-2),#5);
#4290=PRESENTATION_STYLE_ASSIGNMENT((#4289));
#4291=STYLED_ITEM('',(#4290),#4288);
#4292=DIRECTION('',(1.E0,0.E0,0.E0));
#4293=VECTOR('',#4292,2.E-1);
#4294=CARTESIAN_POINT('',(-1.515E1,-9.2E0,3.125E1));
#4295=LINE('',#4294,#4293);
#4296=CURVE_STYLE('',#20,POSITIVE_LENGTH_MEASURE(2.E-2),#5);
#4297=PRESENTATION_STYLE_ASSIGNMENT((#4296));
#4298=STYLED_ITEM('',(#4297),#4295);
#4299=DIRECTION('',(0.E0,0.E0,1.E0));
#4300=VECTOR('',#4299,2.E-1);
#4301=CARTESIAN_POINT('',(-7.5E-1,-9.2E0,2.185E1));
#4302=LINE('',#4301,#4300);
#4303=CURVE_STYLE('',#20,POSITIVE_LENGTH_MEASURE(2.E-2),#5);
#4304=PRESENTATION_STYLE_ASSIGNMENT((#4303));
#4305=STYLED_ITEM('',(#4304),#4302);
#4306=DIRECTION('',(1.E0,0.E0,0.E0));
#4307=VECTOR('',#4306,1.5E0);
#4308=CARTESIAN_POINT('',(-7.5E-1,-9.2E0,2.205E1));
#4309=LINE('',#4308,#4307);
#4310=CURVE_STYLE('',#20,POSITIVE_LENGTH_MEASURE(2.E-2),#5);
#4311=PRESENTATION_STYLE_ASSIGNMENT((#4310));
#4312=STYLED_ITEM('',(#4311),#4309);
#4313=DIRECTION('',(0.E0,0.E0,1.E0));
#4314=VECTOR('',#4313,2.E-1);
#4315=CARTESIAN_POINT('',(7.5E-1,-9.2E0,2.185E1));
#4316=LINE('',#4315,#4314);
#4317=CURVE_STYLE('',#20,POSITIVE_LENGTH_MEASURE(2.E-2),#5);
#4318=PRESENTATION_STYLE_ASSIGNMENT((#4317));
#4319=STYLED_ITEM('',(#4318),#4316);
#4320=DIRECTION('',(-1.E0,0.E0,0.E0));
#4321=VECTOR('',#4320,2.E-1);
#4322=CARTESIAN_POINT('',(1.515E1,-9.2E0,3.125E1));
#4323=LINE('',#4322,#4321);
#4324=CURVE_STYLE('',#20,POSITIVE_LENGTH_MEASURE(2.E-2),#5);
#4325=PRESENTATION_STYLE_ASSIGNMENT((#4324));
#4326=STYLED_ITEM('',(#4325),#4323);
#4327=DIRECTION('',(0.E0,0.E0,1.E0));
#4328=VECTOR('',#4327,1.5E0);
#4329=CARTESIAN_POINT('',(1.495E1,-9.2E0,3.125E1));
#4330=LINE('',#4329,#4328);
#4331=CURVE_STYLE('',#20,POSITIVE_LENGTH_MEASURE(2.E-2),#5);
#4332=PRESENTATION_STYLE_ASSIGNMENT((#4331));
#4333=STYLED_ITEM('',(#4332),#4330);
#4334=DIRECTION('',(-1.E0,0.E0,0.E0));
#4335=VECTOR('',#4334,2.E-1);
#4336=CARTESIAN_POINT('',(1.515E1,-9.2E0,3.275E1));
#4337=LINE('',#4336,#4335);
#4338=CURVE_STYLE('',#20,POSITIVE_LENGTH_MEASURE(2.E-2),#5);
#4339=PRESENTATION_STYLE_ASSIGNMENT((#4338));
#4340=STYLED_ITEM('',(#4339),#4337);
#4341=DIRECTION('',(0.E0,0.E0,-1.E0));
#4342=VECTOR('',#4341,2.E-1);
#4343=CARTESIAN_POINT('',(7.5E-1,-9.2E0,4.215E1));
#4344=LINE('',#4343,#4342);
#4345=CURVE_STYLE('',#20,POSITIVE_LENGTH_MEASURE(2.E-2),#5);
#4346=PRESENTATION_STYLE_ASSIGNMENT((#4345));
#4347=STYLED_ITEM('',(#4346),#4344);
#4348=DIRECTION('',(-1.E0,0.E0,0.E0));
#4349=VECTOR('',#4348,1.5E0);
#4350=CARTESIAN_POINT('',(7.5E-1,-9.2E0,4.195E1));
#4351=LINE('',#4350,#4349);
#4352=CURVE_STYLE('',#20,POSITIVE_LENGTH_MEASURE(2.E-2),#5);
#4353=PRESENTATION_STYLE_ASSIGNMENT((#4352));
#4354=STYLED_ITEM('',(#4353),#4351);
#4355=DIRECTION('',(0.E0,0.E0,-1.E0));
#4356=VECTOR('',#4355,2.E-1);
#4357=CARTESIAN_POINT('',(-7.5E-1,-9.2E0,4.215E1));
#4358=LINE('',#4357,#4356);
#4359=CURVE_STYLE('',#20,POSITIVE_LENGTH_MEASURE(2.E-2),#5);
#4360=PRESENTATION_STYLE_ASSIGNMENT((#4359));
#4361=STYLED_ITEM('',(#4360),#4358);
#4362=DIRECTION('',(0.E0,1.E0,0.E0));
#4363=VECTOR('',#4362,3.E-1);
#4364=CARTESIAN_POINT('',(-5.E0,-9.5E0,2.35E1));
#4365=LINE('',#4364,#4363);
#4366=CURVE_STYLE('',#20,POSITIVE_LENGTH_MEASURE(2.E-2),#5);
#4367=PRESENTATION_STYLE_ASSIGNMENT((#4366));
#4368=STYLED_ITEM('',(#4367),#4365);
#4369=CARTESIAN_POINT('',(-5.E0,-9.5E0,3.2E1));
#4370=DIRECTION('',(0.E0,1.E0,0.E0));
#4371=DIRECTION('',(-9.107322517718E-1,0.E0,-4.129972948855E-1));
#4372=AXIS2_PLACEMENT_3D('',#4369,#4370,#4371);
#4374=CURVE_STYLE('',#20,POSITIVE_LENGTH_MEASURE(2.E-2),#5);
#4375=PRESENTATION_STYLE_ASSIGNMENT((#4374));
#4376=STYLED_ITEM('',(#4375),#4373);
#4377=CARTESIAN_POINT('',(-5.E0,-9.5E0,3.2E1));
#4378=DIRECTION('',(0.E0,1.E0,0.E0));
#4379=DIRECTION('',(-9.271582147597E-1,0.E0,3.746700479137E-1));
#4380=AXIS2_PLACEMENT_3D('',#4377,#4378,#4379);
#4382=CURVE_STYLE('',#20,POSITIVE_LENGTH_MEASURE(2.E-2),#5);
#4383=PRESENTATION_STYLE_ASSIGNMENT((#4382));
#4384=STYLED_ITEM('',(#4383),#4381);
#4385=DIRECTION('',(0.E0,1.E0,0.E0));
#4386=VECTOR('',#4385,3.E-1);
#4387=CARTESIAN_POINT('',(-5.E0,-9.5E0,4.05E1));
#4388=LINE('',#4387,#4386);
#4389=CURVE_STYLE('',#20,POSITIVE_LENGTH_MEASURE(2.E-2),#5);
#4390=PRESENTATION_STYLE_ASSIGNMENT((#4389));
#4391=STYLED_ITEM('',(#4390),#4388);
#4392=CARTESIAN_POINT('',(-1.2E1,-9.5E0,2.9E1));
#4393=DIRECTION('',(0.E0,1.E0,0.E0));
#4394=DIRECTION('',(-8.235823778446E-1,0.E0,-5.671966739182E-1));
#4395=AXIS2_PLACEMENT_3D('',#4392,#4393,#4394);
#4397=CURVE_STYLE('',#20,POSITIVE_LENGTH_MEASURE(2.E-2),#5);
#4398=PRESENTATION_STYLE_ASSIGNMENT((#4397));
#4399=STYLED_ITEM('',(#4398),#4396);
#4400=DIRECTION('',(0.E0,-1.E0,0.E0));
#4401=VECTOR('',#4400,2.E0);
#4402=CARTESIAN_POINT('',(-1.2E1,-9.5E0,2.81E1));
#4403=LINE('',#4402,#4401);
#4404=CURVE_STYLE('',#20,POSITIVE_LENGTH_MEASURE(2.E-2),#5);
#4405=PRESENTATION_STYLE_ASSIGNMENT((#4404));
#4406=STYLED_ITEM('',(#4405),#4403);
#4407=DIRECTION('',(0.E0,-1.E0,0.E0));
#4408=VECTOR('',#4407,2.E0);
#4409=CARTESIAN_POINT('',(-1.2E1,-9.5E0,2.99E1));
#4410=LINE('',#4409,#4408);
#4411=CURVE_STYLE('',#20,POSITIVE_LENGTH_MEASURE(2.E-2),#5);
#4412=PRESENTATION_STYLE_ASSIGNMENT((#4411));
#4413=STYLED_ITEM('',(#4412),#4410);
#4414=CARTESIAN_POINT('',(-1.2E1,-9.5E0,3.5E1));
#4415=DIRECTION('',(0.E0,1.E0,0.E0));
#4416=DIRECTION('',(-9.787164727301E-1,0.E0,2.052171191852E-1));
#4417=AXIS2_PLACEMENT_3D('',#4414,#4415,#4416);
#4419=CURVE_STYLE('',#20,POSITIVE_LENGTH_MEASURE(2.E-2),#5);
#4420=PRESENTATION_STYLE_ASSIGNMENT((#4419));
#4421=STYLED_ITEM('',(#4420),#4418);
#4422=DIRECTION('',(0.E0,-1.E0,0.E0));
#4423=VECTOR('',#4422,2.E0);
#4424=CARTESIAN_POINT('',(-1.2E1,-9.5E0,3.41E1));
#4425=LINE('',#4424,#4423);
#4426=CURVE_STYLE('',#20,POSITIVE_LENGTH_MEASURE(2.E-2),#5);
#4427=PRESENTATION_STYLE_ASSIGNMENT((#4426));
#4428=STYLED_ITEM('',(#4427),#4425);
#4429=DIRECTION('',(0.E0,-1.E0,0.E0));
#4430=VECTOR('',#4429,2.E0);
#4431=CARTESIAN_POINT('',(-1.2E1,-9.5E0,3.59E1));
#4432=LINE('',#4431,#4430);
#4433=CURVE_STYLE('',#20,POSITIVE_LENGTH_MEASURE(2.E-2),#5);
#4434=PRESENTATION_STYLE_ASSIGNMENT((#4433));
#4435=STYLED_ITEM('',(#4434),#4432);
#4436=DIRECTION('',(0.E0,1.E0,0.E0));
#4437=VECTOR('',#4436,3.E-1);
#4438=CARTESIAN_POINT('',(5.E0,-9.5E0,4.05E1));
#4439=LINE('',#4438,#4437);
#4440=CURVE_STYLE('',#20,POSITIVE_LENGTH_MEASURE(2.E-2),#5);
#4441=PRESENTATION_STYLE_ASSIGNMENT((#4440));
#4442=STYLED_ITEM('',(#4441),#4439);
#4443=CARTESIAN_POINT('',(5.E0,-9.5E0,3.2E1));
#4444=DIRECTION('',(0.E0,1.E0,0.E0));
#4445=DIRECTION('',(9.107322517718E-1,0.E0,4.129972948855E-1));
#4446=AXIS2_PLACEMENT_3D('',#4443,#4444,#4445);
#4448=CURVE_STYLE('',#20,POSITIVE_LENGTH_MEASURE(2.E-2),#5);
#4449=PRESENTATION_STYLE_ASSIGNMENT((#4448));
#4450=STYLED_ITEM('',(#4449),#4447);
#4451=CARTESIAN_POINT('',(5.E0,-9.5E0,3.2E1));
#4452=DIRECTION('',(0.E0,1.E0,0.E0));
#4453=DIRECTION('',(9.271582147597E-1,0.E0,-3.746700479137E-1));
#4454=AXIS2_PLACEMENT_3D('',#4451,#4452,#4453);
#4456=CURVE_STYLE('',#20,POSITIVE_LENGTH_MEASURE(2.E-2),#5);
#4457=PRESENTATION_STYLE_ASSIGNMENT((#4456));
#4458=STYLED_ITEM('',(#4457),#4455);
#4459=DIRECTION('',(0.E0,1.E0,0.E0));
#4460=VECTOR('',#4459,3.E-1);
#4461=CARTESIAN_POINT('',(5.E0,-9.5E0,2.35E1));
#4462=LINE('',#4461,#4460);
#4463=CURVE_STYLE('',#20,POSITIVE_LENGTH_MEASURE(2.E-2),#5);
#4464=PRESENTATION_STYLE_ASSIGNMENT((#4463));
#4465=STYLED_ITEM('',(#4464),#4462);
#4466=CARTESIAN_POINT('',(1.2E1,-9.5E0,3.5E1));
#4467=DIRECTION('',(0.E0,1.E0,0.E0));
#4468=DIRECTION('',(8.235823778446E-1,0.E0,5.671966739182E-1));
#4469=AXIS2_PLACEMENT_3D('',#4466,#4467,#4468);
#4471=CURVE_STYLE('',#20,POSITIVE_LENGTH_MEASURE(2.E-2),#5);
#4472=PRESENTATION_STYLE_ASSIGNMENT((#4471));
#4473=STYLED_ITEM('',(#4472),#4470);
#4474=DIRECTION('',(0.E0,-1.E0,0.E0));
#4475=VECTOR('',#4474,2.E0);
#4476=CARTESIAN_POINT('',(1.2E1,-9.5E0,3.59E1));
#4477=LINE('',#4476,#4475);
#4478=CURVE_STYLE('',#20,POSITIVE_LENGTH_MEASURE(2.E-2),#5);
#4479=PRESENTATION_STYLE_ASSIGNMENT((#4478));
#4480=STYLED_ITEM('',(#4479),#4477);
#4481=DIRECTION('',(0.E0,-1.E0,0.E0));
#4482=VECTOR('',#4481,2.E0);
#4483=CARTESIAN_POINT('',(1.2E1,-9.5E0,3.41E1));
#4484=LINE('',#4483,#4482);
#4485=CURVE_STYLE('',#20,POSITIVE_LENGTH_MEASURE(2.E-2),#5);
#4486=PRESENTATION_STYLE_ASSIGNMENT((#4485));
#4487=STYLED_ITEM('',(#4486),#4484);
#4488=CARTESIAN_POINT('',(1.2E1,-9.5E0,2.9E1));
#4489=DIRECTION('',(0.E0,1.E0,0.E0));
#4490=DIRECTION('',(9.787164727301E-1,0.E0,-2.052171191852E-1));
#4491=AXIS2_PLACEMENT_3D('',#4488,#4489,#4490);
#4493=CURVE_STYLE('',#20,POSITIVE_LENGTH_MEASURE(2.E-2),#5);
#4494=PRESENTATION_STYLE_ASSIGNMENT((#4493));
#4495=STYLED_ITEM('',(#4494),#4492);
#4496=DIRECTION('',(0.E0,-1.E0,0.E0));
#4497=VECTOR('',#4496,2.E0);
#4498=CARTESIAN_POINT('',(1.2E1,-9.5E0,2.99E1));
#4499=LINE('',#4498,#4497);
#4500=CURVE_STYLE('',#20,POSITIVE_LENGTH_MEASURE(2.E-2),#5);
#4501=PRESENTATION_STYLE_ASSIGNMENT((#4500));
#4502=STYLED_ITEM('',(#4501),#4499);
#4503=DIRECTION('',(0.E0,-1.E0,0.E0));
#4504=VECTOR('',#4503,2.E0);
#4505=CARTESIAN_POINT('',(1.2E1,-9.5E0,2.81E1));
#4506=LINE('',#4505,#4504);
#4507=CURVE_STYLE('',#20,POSITIVE_LENGTH_MEASURE(2.E-2),#5);
#4508=PRESENTATION_STYLE_ASSIGNMENT((#4507));
#4509=STYLED_ITEM('',(#4508),#4506);
#4510=CARTESIAN_POINT('',(-1.1E1,-9.2E0,2.6E1));
#4511=DIRECTION('',(0.E0,1.E0,0.E0));
#4512=DIRECTION('',(0.E0,0.E0,-1.E0));
#4513=AXIS2_PLACEMENT_3D('',#4510,#4511,#4512);
#4515=CURVE_STYLE('',#20,POSITIVE_LENGTH_MEASURE(2.E-2),#5);
#4516=PRESENTATION_STYLE_ASSIGNMENT((#4515));
#4517=STYLED_ITEM('',(#4516),#4514);
#4518=DIRECTION('',(0.E0,1.E0,0.E0));
#4519=VECTOR('',#4518,2.7E0);
#4520=CARTESIAN_POINT('',(-1.515E1,-9.2E0,2.6E1));
#4521=LINE('',#4520,#4519);
#4522=CURVE_STYLE('',#20,POSITIVE_LENGTH_MEASURE(2.E-2),#5);
#4523=PRESENTATION_STYLE_ASSIGNMENT((#4522));
#4524=STYLED_ITEM('',(#4523),#4521);
#4525=DIRECTION('',(0.E0,1.E0,0.E0));
#4526=VECTOR('',#4525,2.7E0);
#4527=CARTESIAN_POINT('',(-7.5E-1,-9.2E0,2.185E1));
#4528=LINE('',#4527,#4526);
#4529=CURVE_STYLE('',#20,POSITIVE_LENGTH_MEASURE(2.E-2),#5);
#4530=PRESENTATION_STYLE_ASSIGNMENT((#4529));
#4531=STYLED_ITEM('',(#4530),#4528);
#4532=DIRECTION('',(1.E0,0.E0,0.E0));
#4533=VECTOR('',#4532,1.025E1);
#4534=CARTESIAN_POINT('',(-1.1E1,-9.2E0,2.185E1));
#4535=LINE('',#4534,#4533);
#4536=CURVE_STYLE('',#20,POSITIVE_LENGTH_MEASURE(2.E-2),#5);
#4537=PRESENTATION_STYLE_ASSIGNMENT((#4536));
#4538=STYLED_ITEM('',(#4537),#4535);
#4539=DIRECTION('',(0.E0,1.E0,0.E0));
#4540=VECTOR('',#4539,2.7E0);
#4541=CARTESIAN_POINT('',(-1.1E1,-9.2E0,2.185E1));
#4542=LINE('',#4541,#4540);
#4543=CURVE_STYLE('',#20,POSITIVE_LENGTH_MEASURE(2.E-2),#5);
#4544=PRESENTATION_STYLE_ASSIGNMENT((#4543));
#4545=STYLED_ITEM('',(#4544),#4542);
#4546=DIRECTION('',(0.E0,1.E0,0.E0));
#4547=VECTOR('',#4546,2.7E0);
#4548=CARTESIAN_POINT('',(7.5E-1,-9.2E0,2.185E1));
#4549=LINE('',#4548,#4547);
#4550=CURVE_STYLE('',#20,POSITIVE_LENGTH_MEASURE(2.E-2),#5);
#4551=PRESENTATION_STYLE_ASSIGNMENT((#4550));
#4552=STYLED_ITEM('',(#4551),#4549);
#4553=DIRECTION('',(1.E0,0.E0,0.E0));
#4554=VECTOR('',#4553,1.025E1);
#4555=CARTESIAN_POINT('',(7.5E-1,-9.2E0,2.185E1));
#4556=LINE('',#4555,#4554);
#4557=CURVE_STYLE('',#20,POSITIVE_LENGTH_MEASURE(2.E-2),#5);
#4558=PRESENTATION_STYLE_ASSIGNMENT((#4557));
#4559=STYLED_ITEM('',(#4558),#4556);
#4560=DIRECTION('',(1.884110950421E-14,7.071067811865E-1,-7.071067811866E-1));
#4561=VECTOR('',#4560,2.828427124746E-1);
#4562=CARTESIAN_POINT('',(-7.5E-1,-6.7E0,2.205E1));
#4563=LINE('',#4562,#4561);
#4564=CURVE_STYLE('',#20,POSITIVE_LENGTH_MEASURE(2.E-2),#5);
#4565=PRESENTATION_STYLE_ASSIGNMENT((#4564));
#4566=STYLED_ITEM('',(#4565),#4563);
#4567=DIRECTION('',(0.E0,-7.071067811865E-1,7.071067811866E-1));
#4568=VECTOR('',#4567,2.828427124746E-1);
#4569=CARTESIAN_POINT('',(7.5E-1,-6.5E0,2.185E1));
#4570=LINE('',#4569,#4568);
#4571=CURVE_STYLE('',#20,POSITIVE_LENGTH_MEASURE(2.E-2),#5);
#4572=PRESENTATION_STYLE_ASSIGNMENT((#4571));
#4573=STYLED_ITEM('',(#4572),#4570);
#4574=DIRECTION('',(0.E0,-1.E0,0.E0));
#4575=VECTOR('',#4574,2.5E0);
#4576=CARTESIAN_POINT('',(7.5E-1,-6.7E0,2.205E1));
#4577=LINE('',#4576,#4575);
#4578=CURVE_STYLE('',#20,POSITIVE_LENGTH_MEASURE(2.E-2),#5);
#4579=PRESENTATION_STYLE_ASSIGNMENT((#4578));
#4580=STYLED_ITEM('',(#4579),#4577);
#4581=DIRECTION('',(1.E0,0.E0,0.E0));
#4582=VECTOR('',#4581,1.5E0);
#4583=CARTESIAN_POINT('',(-7.5E-1,-6.7E0,2.205E1));
#4584=LINE('',#4583,#4582);
#4585=CURVE_STYLE('',#20,POSITIVE_LENGTH_MEASURE(2.E-2),#5);
#4586=PRESENTATION_STYLE_ASSIGNMENT((#4585));
#4587=STYLED_ITEM('',(#4586),#4584);
#4588=DIRECTION('',(0.E0,-1.E0,0.E0));
#4589=VECTOR('',#4588,2.5E0);
#4590=CARTESIAN_POINT('',(-7.5E-1,-6.7E0,2.205E1));
#4591=LINE('',#4590,#4589);
#4592=CURVE_STYLE('',#20,POSITIVE_LENGTH_MEASURE(2.E-2),#5);
#4593=PRESENTATION_STYLE_ASSIGNMENT((#4592));
#4594=STYLED_ITEM('',(#4593),#4591);
#4595=CARTESIAN_POINT('',(1.1E1,-9.2E0,2.6E1));
#4596=DIRECTION('',(0.E0,1.E0,0.E0));
#4597=DIRECTION('',(1.E0,0.E0,0.E0));
#4598=AXIS2_PLACEMENT_3D('',#4595,#4596,#4597);
#4600=CURVE_STYLE('',#20,POSITIVE_LENGTH_MEASURE(2.E-2),#5);
#4601=PRESENTATION_STYLE_ASSIGNMENT((#4600));
#4602=STYLED_ITEM('',(#4601),#4599);
#4603=DIRECTION('',(0.E0,1.E0,0.E0));
#4604=VECTOR('',#4603,2.7E0);
#4605=CARTESIAN_POINT('',(1.1E1,-9.2E0,2.185E1));
#4606=LINE('',#4605,#4604);
#4607=CURVE_STYLE('',#20,POSITIVE_LENGTH_MEASURE(2.E-2),#5);
#4608=PRESENTATION_STYLE_ASSIGNMENT((#4607));
#4609=STYLED_ITEM('',(#4608),#4606);
#4610=DIRECTION('',(0.E0,1.E0,0.E0));
#4611=VECTOR('',#4610,2.7E0);
#4612=CARTESIAN_POINT('',(1.515E1,-9.2E0,3.125E1));
#4613=LINE('',#4612,#4611);
#4614=CURVE_STYLE('',#20,POSITIVE_LENGTH_MEASURE(2.E-2),#5);
#4615=PRESENTATION_STYLE_ASSIGNMENT((#4614));
#4616=STYLED_ITEM('',(#4615),#4613);
#4617=DIRECTION('',(0.E0,0.E0,1.E0));
#4618=VECTOR('',#4617,5.25E0);
#4619=CARTESIAN_POINT('',(1.515E1,-9.2E0,2.6E1));
#4620=LINE('',#4619,#4618);
#4621=CURVE_STYLE('',#20,POSITIVE_LENGTH_MEASURE(2.E-2),#5);
#4622=PRESENTATION_STYLE_ASSIGNMENT((#4621));
#4623=STYLED_ITEM('',(#4622),#4620);
#4624=DIRECTION('',(0.E0,1.E0,0.E0));
#4625=VECTOR('',#4624,2.7E0);
#4626=CARTESIAN_POINT('',(1.515E1,-9.2E0,2.6E1));
#4627=LINE('',#4626,#4625);
#4628=CURVE_STYLE('',#20,POSITIVE_LENGTH_MEASURE(2.E-2),#5);
#4629=PRESENTATION_STYLE_ASSIGNMENT((#4628));
#4630=STYLED_ITEM('',(#4629),#4627);
#4631=DIRECTION('',(0.E0,1.E0,0.E0));
#4632=VECTOR('',#4631,2.7E0);
#4633=CARTESIAN_POINT('',(1.515E1,-9.2E0,3.275E1));
#4634=LINE('',#4633,#4632);
#4635=CURVE_STYLE('',#20,POSITIVE_LENGTH_MEASURE(2.E-2),#5);
#4636=PRESENTATION_STYLE_ASSIGNMENT((#4635));
#4637=STYLED_ITEM('',(#4636),#4634);
#4638=DIRECTION('',(0.E0,0.E0,1.E0));
#4639=VECTOR('',#4638,5.25E0);
#4640=CARTESIAN_POINT('',(1.515E1,-9.2E0,3.275E1));
#4641=LINE('',#4640,#4639);
#4642=CURVE_STYLE('',#20,POSITIVE_LENGTH_MEASURE(2.E-2),#5);
#4643=PRESENTATION_STYLE_ASSIGNMENT((#4642));
#4644=STYLED_ITEM('',(#4643),#4641);
#4645=DIRECTION('',(7.071067811866E-1,7.071067811865E-1,0.E0));
#4646=VECTOR('',#4645,2.828427124746E-1);
#4647=CARTESIAN_POINT('',(1.495E1,-6.7E0,3.125E1));
#4648=LINE('',#4647,#4646);
#4649=CURVE_STYLE('',#20,POSITIVE_LENGTH_MEASURE(2.E-2),#5);
#4650=PRESENTATION_STYLE_ASSIGNMENT((#4649));
#4651=STYLED_ITEM('',(#4650),#4648);
#4652=DIRECTION('',(-7.071067811866E-1,-7.071067811865E-1,2.512147933894E-14));
#4653=VECTOR('',#4652,2.828427124746E-1);
#4654=CARTESIAN_POINT('',(1.515E1,-6.5E0,3.275E1));
#4655=LINE('',#4654,#4653);
#4656=CURVE_STYLE('',#20,POSITIVE_LENGTH_MEASURE(2.E-2),#5);
#4657=PRESENTATION_STYLE_ASSIGNMENT((#4656));
#4658=STYLED_ITEM('',(#4657),#4655);
#4659=DIRECTION('',(0.E0,-1.E0,0.E0));
#4660=VECTOR('',#4659,2.5E0);
#4661=CARTESIAN_POINT('',(1.495E1,-6.7E0,3.275E1));
#4662=LINE('',#4661,#4660);
#4663=CURVE_STYLE('',#20,POSITIVE_LENGTH_MEASURE(2.E-2),#5);
#4664=PRESENTATION_STYLE_ASSIGNMENT((#4663));
#4665=STYLED_ITEM('',(#4664),#4662);
#4666=DIRECTION('',(0.E0,0.E0,1.E0));
#4667=VECTOR('',#4666,1.5E0);
#4668=CARTESIAN_POINT('',(1.495E1,-6.7E0,3.125E1));
#4669=LINE('',#4668,#4667);
#4670=CURVE_STYLE('',#20,POSITIVE_LENGTH_MEASURE(2.E-2),#5);
#4671=PRESENTATION_STYLE_ASSIGNMENT((#4670));
#4672=STYLED_ITEM('',(#4671),#4669);
#4673=DIRECTION('',(0.E0,-1.E0,0.E0));
#4674=VECTOR('',#4673,2.5E0);
#4675=CARTESIAN_POINT('',(1.495E1,-6.7E0,3.125E1));
#4676=LINE('',#4675,#4674);
#4677=CURVE_STYLE('',#20,POSITIVE_LENGTH_MEASURE(2.E-2),#5);
#4678=PRESENTATION_STYLE_ASSIGNMENT((#4677));
#4679=STYLED_ITEM('',(#4678),#4676);
#4680=CARTESIAN_POINT('',(1.1E1,-9.2E0,3.8E1));
#4681=DIRECTION('',(0.E0,1.E0,0.E0));
#4682=DIRECTION('',(0.E0,0.E0,1.E0));
#4683=AXIS2_PLACEMENT_3D('',#4680,#4681,#4682);
#4685=CURVE_STYLE('',#20,POSITIVE_LENGTH_MEASURE(2.E-2),#5);
#4686=PRESENTATION_STYLE_ASSIGNMENT((#4685));
#4687=STYLED_ITEM('',(#4686),#4684);
#4688=DIRECTION('',(0.E0,1.E0,0.E0));
#4689=VECTOR('',#4688,2.7E0);
#4690=CARTESIAN_POINT('',(1.515E1,-9.2E0,3.8E1));
#4691=LINE('',#4690,#4689);
#4692=CURVE_STYLE('',#20,POSITIVE_LENGTH_MEASURE(2.E-2),#5);
#4693=PRESENTATION_STYLE_ASSIGNMENT((#4692));
#4694=STYLED_ITEM('',(#4693),#4691);
#4695=DIRECTION('',(0.E0,1.E0,0.E0));
#4696=VECTOR('',#4695,2.7E0);
#4697=CARTESIAN_POINT('',(7.5E-1,-9.2E0,4.215E1));
#4698=LINE('',#4697,#4696);
#4699=CURVE_STYLE('',#20,POSITIVE_LENGTH_MEASURE(2.E-2),#5);
#4700=PRESENTATION_STYLE_ASSIGNMENT((#4699));
#4701=STYLED_ITEM('',(#4700),#4698);
#4702=DIRECTION('',(-1.E0,0.E0,0.E0));
#4703=VECTOR('',#4702,1.025E1);
#4704=CARTESIAN_POINT('',(1.1E1,-9.2E0,4.215E1));
#4705=LINE('',#4704,#4703);
#4706=CURVE_STYLE('',#20,POSITIVE_LENGTH_MEASURE(2.E-2),#5);
#4707=PRESENTATION_STYLE_ASSIGNMENT((#4706));
#4708=STYLED_ITEM('',(#4707),#4705);
#4709=DIRECTION('',(0.E0,1.E0,0.E0));
#4710=VECTOR('',#4709,2.7E0);
#4711=CARTESIAN_POINT('',(1.1E1,-9.2E0,4.215E1));
#4712=LINE('',#4711,#4710);
#4713=CURVE_STYLE('',#20,POSITIVE_LENGTH_MEASURE(2.E-2),#5);
#4714=PRESENTATION_STYLE_ASSIGNMENT((#4713));
#4715=STYLED_ITEM('',(#4714),#4712);
#4716=DIRECTION('',(0.E0,1.E0,0.E0));
#4717=VECTOR('',#4716,2.7E0);
#4718=CARTESIAN_POINT('',(-7.5E-1,-9.2E0,4.215E1));
#4719=LINE('',#4718,#4717);
#4720=CURVE_STYLE('',#20,POSITIVE_LENGTH_MEASURE(2.E-2),#5);
#4721=PRESENTATION_STYLE_ASSIGNMENT((#4720));
#4722=STYLED_ITEM('',(#4721),#4719);
#4723=DIRECTION('',(-1.E0,0.E0,0.E0));
#4724=VECTOR('',#4723,1.025E1);
#4725=CARTESIAN_POINT('',(-7.5E-1,-9.2E0,4.215E1));
#4726=LINE('',#4725,#4724);
#4727=CURVE_STYLE('',#20,POSITIVE_LENGTH_MEASURE(2.E-2),#5);
#4728=PRESENTATION_STYLE_ASSIGNMENT((#4727));
#4729=STYLED_ITEM('',(#4728),#4726);
#4730=DIRECTION('',(1.256073966947E-14,7.071067811865E-1,7.071067811866E-1));
#4731=VECTOR('',#4730,2.828427124746E-1);
#4732=CARTESIAN_POINT('',(7.5E-1,-6.7E0,4.195E1));
#4733=LINE('',#4732,#4731);
#4734=CURVE_STYLE('',#20,POSITIVE_LENGTH_MEASURE(2.E-2),#5);
#4735=PRESENTATION_STYLE_ASSIGNMENT((#4734));
#4736=STYLED_ITEM('',(#4735),#4733);
#4737=DIRECTION('',(1.256073966947E-14,-7.071067811865E-1,-7.071067811866E-1));
#4738=VECTOR('',#4737,2.828427124746E-1);
#4739=CARTESIAN_POINT('',(-7.5E-1,-6.5E0,4.215E1));
#4740=LINE('',#4739,#4738);
#4741=CURVE_STYLE('',#20,POSITIVE_LENGTH_MEASURE(2.E-2),#5);
#4742=PRESENTATION_STYLE_ASSIGNMENT((#4741));
#4743=STYLED_ITEM('',(#4742),#4740);
#4744=DIRECTION('',(0.E0,-1.E0,0.E0));
#4745=VECTOR('',#4744,2.5E0);
#4746=CARTESIAN_POINT('',(-7.5E-1,-6.7E0,4.195E1));
#4747=LINE('',#4746,#4745);
#4748=CURVE_STYLE('',#20,POSITIVE_LENGTH_MEASURE(2.E-2),#5);
#4749=PRESENTATION_STYLE_ASSIGNMENT((#4748));
#4750=STYLED_ITEM('',(#4749),#4747);
#4751=DIRECTION('',(-1.E0,0.E0,0.E0));
#4752=VECTOR('',#4751,1.5E0);
#4753=CARTESIAN_POINT('',(7.5E-1,-6.7E0,4.195E1));
#4754=LINE('',#4753,#4752);
#4755=CURVE_STYLE('',#20,POSITIVE_LENGTH_MEASURE(2.E-2),#5);
#4756=PRESENTATION_STYLE_ASSIGNMENT((#4755));
#4757=STYLED_ITEM('',(#4756),#4754);
#4758=DIRECTION('',(0.E0,-1.E0,0.E0));
#4759=VECTOR('',#4758,2.5E0);
#4760=CARTESIAN_POINT('',(7.5E-1,-6.7E0,4.195E1));
#4761=LINE('',#4760,#4759);
#4762=CURVE_STYLE('',#20,POSITIVE_LENGTH_MEASURE(2.E-2),#5);
#4763=PRESENTATION_STYLE_ASSIGNMENT((#4762));
#4764=STYLED_ITEM('',(#4763),#4761);
#4765=CARTESIAN_POINT('',(-1.1E1,-9.2E0,3.8E1));
#4766=DIRECTION('',(0.E0,1.E0,0.E0));
#4767=DIRECTION('',(-1.E0,0.E0,0.E0));
#4768=AXIS2_PLACEMENT_3D('',#4765,#4766,#4767);
#4770=CURVE_STYLE('',#20,POSITIVE_LENGTH_MEASURE(2.E-2),#5);
#4771=PRESENTATION_STYLE_ASSIGNMENT((#4770));
#4772=STYLED_ITEM('',(#4771),#4769);
#4773=DIRECTION('',(0.E0,1.E0,0.E0));
#4774=VECTOR('',#4773,2.7E0);
#4775=CARTESIAN_POINT('',(-1.1E1,-9.2E0,4.215E1));
#4776=LINE('',#4775,#4774);
#4777=CURVE_STYLE('',#20,POSITIVE_LENGTH_MEASURE(2.E-2),#5);
#4778=PRESENTATION_STYLE_ASSIGNMENT((#4777));
#4779=STYLED_ITEM('',(#4778),#4776);
#4780=DIRECTION('',(0.E0,-1.E0,0.E0));
#4781=VECTOR('',#4780,2.E0);
#4782=CARTESIAN_POINT('',(0.E0,-9.5E0,3.11E1));
#4783=LINE('',#4782,#4781);
#4784=CURVE_STYLE('',#20,POSITIVE_LENGTH_MEASURE(2.E-2),#5);
#4785=PRESENTATION_STYLE_ASSIGNMENT((#4784));
#4786=STYLED_ITEM('',(#4785),#4783);
#4787=DIRECTION('',(0.E0,-1.E0,0.E0));
#4788=VECTOR('',#4787,2.E0);
#4789=CARTESIAN_POINT('',(0.E0,-9.5E0,3.29E1));
#4790=LINE('',#4789,#4788);
#4791=CURVE_STYLE('',#20,POSITIVE_LENGTH_MEASURE(2.E-2),#5);
#4792=PRESENTATION_STYLE_ASSIGNMENT((#4791));
#4793=STYLED_ITEM('',(#4792),#4790);
#4794=DIRECTION('',(0.E0,-1.E0,0.E0));
#4795=VECTOR('',#4794,2.E0);
#4796=CARTESIAN_POINT('',(0.E0,-9.5E0,2.81E1));
#4797=LINE('',#4796,#4795);
#4798=CURVE_STYLE('',#20,POSITIVE_LENGTH_MEASURE(2.E-2),#5);
#4799=PRESENTATION_STYLE_ASSIGNMENT((#4798));
#4800=STYLED_ITEM('',(#4799),#4797);
#4801=DIRECTION('',(0.E0,-1.E0,0.E0));
#4802=VECTOR('',#4801,2.E0);
#4803=CARTESIAN_POINT('',(0.E0,-9.5E0,2.99E1));
#4804=LINE('',#4803,#4802);
#4805=CURVE_STYLE('',#20,POSITIVE_LENGTH_MEASURE(2.E-2),#5);
#4806=PRESENTATION_STYLE_ASSIGNMENT((#4805));
#4807=STYLED_ITEM('',(#4806),#4804);
#4808=DIRECTION('',(0.E0,-1.E0,0.E0));
#4809=VECTOR('',#4808,2.E0);
#4810=CARTESIAN_POINT('',(3.E0,-9.5E0,2.81E1));
#4811=LINE('',#4810,#4809);
#4812=CURVE_STYLE('',#20,POSITIVE_LENGTH_MEASURE(2.E-2),#5);
#4813=PRESENTATION_STYLE_ASSIGNMENT((#4812));
#4814=STYLED_ITEM('',(#4813),#4811);
#4815=DIRECTION('',(0.E0,-1.E0,0.E0));
#4816=VECTOR('',#4815,2.E0);
#4817=CARTESIAN_POINT('',(3.E0,-9.5E0,2.99E1));
#4818=LINE('',#4817,#4816);
#4819=CURVE_STYLE('',#20,POSITIVE_LENGTH_MEASURE(2.E-2),#5);
#4820=PRESENTATION_STYLE_ASSIGNMENT((#4819));
#4821=STYLED_ITEM('',(#4820),#4818);
#4822=DIRECTION('',(0.E0,-1.E0,0.E0));
#4823=VECTOR('',#4822,2.E0);
#4824=CARTESIAN_POINT('',(3.E0,-9.5E0,3.11E1));
#4825=LINE('',#4824,#4823);
#4826=CURVE_STYLE('',#20,POSITIVE_LENGTH_MEASURE(2.E-2),#5);
#4827=PRESENTATION_STYLE_ASSIGNMENT((#4826));
#4828=STYLED_ITEM('',(#4827),#4825);
#4829=DIRECTION('',(0.E0,-1.E0,0.E0));
#4830=VECTOR('',#4829,2.E0);
#4831=CARTESIAN_POINT('',(3.E0,-9.5E0,3.29E1));
#4832=LINE('',#4831,#4830);
#4833=CURVE_STYLE('',#20,POSITIVE_LENGTH_MEASURE(2.E-2),#5);
#4834=PRESENTATION_STYLE_ASSIGNMENT((#4833));
#4835=STYLED_ITEM('',(#4834),#4832);
#4836=DIRECTION('',(0.E0,-1.E0,0.E0));
#4837=VECTOR('',#4836,2.E0);
#4838=CARTESIAN_POINT('',(3.E0,-9.5E0,3.41E1));
#4839=LINE('',#4838,#4837);
#4840=CURVE_STYLE('',#20,POSITIVE_LENGTH_MEASURE(2.E-2),#5);
#4841=PRESENTATION_STYLE_ASSIGNMENT((#4840));
#4842=STYLED_ITEM('',(#4841),#4839);
#4843=DIRECTION('',(0.E0,-1.E0,0.E0));
#4844=VECTOR('',#4843,2.E0);
#4845=CARTESIAN_POINT('',(3.E0,-9.5E0,3.59E1));
#4846=LINE('',#4845,#4844);
#4847=CURVE_STYLE('',#20,POSITIVE_LENGTH_MEASURE(2.E-2),#5);
#4848=PRESENTATION_STYLE_ASSIGNMENT((#4847));
#4849=STYLED_ITEM('',(#4848),#4846);
#4850=DIRECTION('',(0.E0,-1.E0,0.E0));
#4851=VECTOR('',#4850,2.E0);
#4852=CARTESIAN_POINT('',(0.E0,-9.5E0,3.41E1));
#4853=LINE('',#4852,#4851);
#4854=CURVE_STYLE('',#20,POSITIVE_LENGTH_MEASURE(2.E-2),#5);
#4855=PRESENTATION_STYLE_ASSIGNMENT((#4854));
#4856=STYLED_ITEM('',(#4855),#4853);
#4857=DIRECTION('',(0.E0,-1.E0,0.E0));
#4858=VECTOR('',#4857,2.E0);
#4859=CARTESIAN_POINT('',(0.E0,-9.5E0,3.59E1));
#4860=LINE('',#4859,#4858);
#4861=CURVE_STYLE('',#20,POSITIVE_LENGTH_MEASURE(2.E-2),#5);
#4862=PRESENTATION_STYLE_ASSIGNMENT((#4861));
#4863=STYLED_ITEM('',(#4862),#4860);
#4864=DIRECTION('',(0.E0,-1.E0,0.E0));
#4865=VECTOR('',#4864,2.E0);
#4866=CARTESIAN_POINT('',(-3.E0,-9.5E0,3.41E1));
#4867=LINE('',#4866,#4865);
#4868=CURVE_STYLE('',#20,POSITIVE_LENGTH_MEASURE(2.E-2),#5);
#4869=PRESENTATION_STYLE_ASSIGNMENT((#4868));
#4870=STYLED_ITEM('',(#4869),#4867);
#4871=DIRECTION('',(0.E0,-1.E0,0.E0));
#4872=VECTOR('',#4871,2.E0);
#4873=CARTESIAN_POINT('',(-3.E0,-9.5E0,3.59E1));
#4874=LINE('',#4873,#4872);
#4875=CURVE_STYLE('',#20,POSITIVE_LENGTH_MEASURE(2.E-2),#5);
#4876=PRESENTATION_STYLE_ASSIGNMENT((#4875));
#4877=STYLED_ITEM('',(#4876),#4874);
#4878=DIRECTION('',(0.E0,-1.E0,0.E0));
#4879=VECTOR('',#4878,2.E0);
#4880=CARTESIAN_POINT('',(-3.E0,-9.5E0,3.11E1));
#4881=LINE('',#4880,#4879);
#4882=CURVE_STYLE('',#20,POSITIVE_LENGTH_MEASURE(2.E-2),#5);
#4883=PRESENTATION_STYLE_ASSIGNMENT((#4882));
#4884=STYLED_ITEM('',(#4883),#4881);
#4885=DIRECTION('',(0.E0,-1.E0,0.E0));
#4886=VECTOR('',#4885,2.E0);
#4887=CARTESIAN_POINT('',(-3.E0,-9.5E0,3.29E1));
#4888=LINE('',#4887,#4886);
#4889=CURVE_STYLE('',#20,POSITIVE_LENGTH_MEASURE(2.E-2),#5);
#4890=PRESENTATION_STYLE_ASSIGNMENT((#4889));
#4891=STYLED_ITEM('',(#4890),#4888);
#4892=DIRECTION('',(0.E0,-1.E0,0.E0));
#4893=VECTOR('',#4892,2.E0);
#4894=CARTESIAN_POINT('',(-3.E0,-9.5E0,2.81E1));
#4895=LINE('',#4894,#4893);
#4896=CURVE_STYLE('',#20,POSITIVE_LENGTH_MEASURE(2.E-2),#5);
#4897=PRESENTATION_STYLE_ASSIGNMENT((#4896));
#4898=STYLED_ITEM('',(#4897),#4895);
#4899=DIRECTION('',(0.E0,-1.E0,0.E0));
#4900=VECTOR('',#4899,2.E0);
#4901=CARTESIAN_POINT('',(-3.E0,-9.5E0,2.99E1));
#4902=LINE('',#4901,#4900);
#4903=CURVE_STYLE('',#20,POSITIVE_LENGTH_MEASURE(2.E-2),#5);
#4904=PRESENTATION_STYLE_ASSIGNMENT((#4903));
#4905=STYLED_ITEM('',(#4904),#4902);
#4906=DIRECTION('',(0.E0,-1.E0,0.E0));
#4907=VECTOR('',#4906,2.E0);
#4908=CARTESIAN_POINT('',(-3.E0,-9.5E0,2.51E1));
#4909=LINE('',#4908,#4907);
#4910=CURVE_STYLE('',#20,POSITIVE_LENGTH_MEASURE(2.E-2),#5);
#4911=PRESENTATION_STYLE_ASSIGNMENT((#4910));
#4912=STYLED_ITEM('',(#4911),#4909);
#4913=DIRECTION('',(0.E0,-1.E0,0.E0));
#4914=VECTOR('',#4913,2.E0);
#4915=CARTESIAN_POINT('',(-3.E0,-9.5E0,2.69E1));
#4916=LINE('',#4915,#4914);
#4917=CURVE_STYLE('',#20,POSITIVE_LENGTH_MEASURE(2.E-2),#5);
#4918=PRESENTATION_STYLE_ASSIGNMENT((#4917));
#4919=STYLED_ITEM('',(#4918),#4916);
#4920=DIRECTION('',(0.E0,-1.E0,0.E0));
#4921=VECTOR('',#4920,2.E0);
#4922=CARTESIAN_POINT('',(0.E0,-9.5E0,2.51E1));
#4923=LINE('',#4922,#4921);
#4924=CURVE_STYLE('',#20,POSITIVE_LENGTH_MEASURE(2.E-2),#5);
#4925=PRESENTATION_STYLE_ASSIGNMENT((#4924));
#4926=STYLED_ITEM('',(#4925),#4923);
#4927=DIRECTION('',(0.E0,-1.E0,0.E0));
#4928=VECTOR('',#4927,2.E0);
#4929=CARTESIAN_POINT('',(0.E0,-9.5E0,2.69E1));
#4930=LINE('',#4929,#4928);
#4931=CURVE_STYLE('',#20,POSITIVE_LENGTH_MEASURE(2.E-2),#5);
#4932=PRESENTATION_STYLE_ASSIGNMENT((#4931));
#4933=STYLED_ITEM('',(#4932),#4930);
#4934=DIRECTION('',(0.E0,-1.E0,0.E0));
#4935=VECTOR('',#4934,2.E0);
#4936=CARTESIAN_POINT('',(3.E0,-9.5E0,2.51E1));
#4937=LINE('',#4936,#4935);
#4938=CURVE_STYLE('',#20,POSITIVE_LENGTH_MEASURE(2.E-2),#5);
#4939=PRESENTATION_STYLE_ASSIGNMENT((#4938));
#4940=STYLED_ITEM('',(#4939),#4937);
#4941=DIRECTION('',(0.E0,-1.E0,0.E0));
#4942=VECTOR('',#4941,2.E0);
#4943=CARTESIAN_POINT('',(3.E0,-9.5E0,2.69E1));
#4944=LINE('',#4943,#4942);
#4945=CURVE_STYLE('',#20,POSITIVE_LENGTH_MEASURE(2.E-2),#5);
#4946=PRESENTATION_STYLE_ASSIGNMENT((#4945));
#4947=STYLED_ITEM('',(#4946),#4944);
#4948=DIRECTION('',(0.E0,-1.E0,0.E0));
#4949=VECTOR('',#4948,2.E0);
#4950=CARTESIAN_POINT('',(6.E0,-9.5E0,2.51E1));
#4951=LINE('',#4950,#4949);
#4952=CURVE_STYLE('',#20,POSITIVE_LENGTH_MEASURE(2.E-2),#5);
#4953=PRESENTATION_STYLE_ASSIGNMENT((#4952));
#4954=STYLED_ITEM('',(#4953),#4951);
#4955=DIRECTION('',(0.E0,-1.E0,0.E0));
#4956=VECTOR('',#4955,2.E0);
#4957=CARTESIAN_POINT('',(6.E0,-9.5E0,2.69E1));
#4958=LINE('',#4957,#4956);
#4959=CURVE_STYLE('',#20,POSITIVE_LENGTH_MEASURE(2.E-2),#5);
#4960=PRESENTATION_STYLE_ASSIGNMENT((#4959));
#4961=STYLED_ITEM('',(#4960),#4958);
#4962=DIRECTION('',(0.E0,-1.E0,0.E0));
#4963=VECTOR('',#4962,2.E0);
#4964=CARTESIAN_POINT('',(6.E0,-9.5E0,2.81E1));
#4965=LINE('',#4964,#4963);
#4966=CURVE_STYLE('',#20,POSITIVE_LENGTH_MEASURE(2.E-2),#5);
#4967=PRESENTATION_STYLE_ASSIGNMENT((#4966));
#4968=STYLED_ITEM('',(#4967),#4965);
#4969=DIRECTION('',(0.E0,-1.E0,0.E0));
#4970=VECTOR('',#4969,2.E0);
#4971=CARTESIAN_POINT('',(6.E0,-9.5E0,2.99E1));
#4972=LINE('',#4971,#4970);
#4973=CURVE_STYLE('',#20,POSITIVE_LENGTH_MEASURE(2.E-2),#5);
#4974=PRESENTATION_STYLE_ASSIGNMENT((#4973));
#4975=STYLED_ITEM('',(#4974),#4972);
#4976=DIRECTION('',(0.E0,-1.E0,0.E0));
#4977=VECTOR('',#4976,2.E0);
#4978=CARTESIAN_POINT('',(6.E0,-9.5E0,3.11E1));
#4979=LINE('',#4978,#4977);
#4980=CURVE_STYLE('',#20,POSITIVE_LENGTH_MEASURE(2.E-2),#5);
#4981=PRESENTATION_STYLE_ASSIGNMENT((#4980));
#4982=STYLED_ITEM('',(#4981),#4979);
#4983=DIRECTION('',(0.E0,-1.E0,0.E0));
#4984=VECTOR('',#4983,2.E0);
#4985=CARTESIAN_POINT('',(6.E0,-9.5E0,3.29E1));
#4986=LINE('',#4985,#4984);
#4987=CURVE_STYLE('',#20,POSITIVE_LENGTH_MEASURE(2.E-2),#5);
#4988=PRESENTATION_STYLE_ASSIGNMENT((#4987));
#4989=STYLED_ITEM('',(#4988),#4986);
#4990=DIRECTION('',(0.E0,-1.E0,0.E0));
#4991=VECTOR('',#4990,2.E0);
#4992=CARTESIAN_POINT('',(6.E0,-9.5E0,3.41E1));
#4993=LINE('',#4992,#4991);
#4994=CURVE_STYLE('',#20,POSITIVE_LENGTH_MEASURE(2.E-2),#5);
#4995=PRESENTATION_STYLE_ASSIGNMENT((#4994));
#4996=STYLED_ITEM('',(#4995),#4993);
#4997=DIRECTION('',(0.E0,-1.E0,0.E0));
#4998=VECTOR('',#4997,2.E0);
#4999=CARTESIAN_POINT('',(6.E0,-9.5E0,3.59E1));
#5000=LINE('',#4999,#4998);
#5001=CURVE_STYLE('',#20,POSITIVE_LENGTH_MEASURE(2.E-2),#5);
#5002=PRESENTATION_STYLE_ASSIGNMENT((#5001));
#5003=STYLED_ITEM('',(#5002),#5000);
#5004=DIRECTION('',(0.E0,-1.E0,0.E0));
#5005=VECTOR('',#5004,2.E0);
#5006=CARTESIAN_POINT('',(6.E0,-9.5E0,3.71E1));
#5007=LINE('',#5006,#5005);
#5008=CURVE_STYLE('',#20,POSITIVE_LENGTH_MEASURE(2.E-2),#5);
#5009=PRESENTATION_STYLE_ASSIGNMENT((#5008));
#5010=STYLED_ITEM('',(#5009),#5007);
#5011=DIRECTION('',(0.E0,-1.E0,0.E0));
#5012=VECTOR('',#5011,2.E0);
#5013=CARTESIAN_POINT('',(6.E0,-9.5E0,3.89E1));
#5014=LINE('',#5013,#5012);
#5015=CURVE_STYLE('',#20,POSITIVE_LENGTH_MEASURE(2.E-2),#5);
#5016=PRESENTATION_STYLE_ASSIGNMENT((#5015));
#5017=STYLED_ITEM('',(#5016),#5014);
#5018=DIRECTION('',(0.E0,-1.E0,0.E0));
#5019=VECTOR('',#5018,2.E0);
#5020=CARTESIAN_POINT('',(3.E0,-9.5E0,3.71E1));
#5021=LINE('',#5020,#5019);
#5022=CURVE_STYLE('',#20,POSITIVE_LENGTH_MEASURE(2.E-2),#5);
#5023=PRESENTATION_STYLE_ASSIGNMENT((#5022));
#5024=STYLED_ITEM('',(#5023),#5021);
#5025=DIRECTION('',(0.E0,-1.E0,0.E0));
#5026=VECTOR('',#5025,2.E0);
#5027=CARTESIAN_POINT('',(3.E0,-9.5E0,3.89E1));
#5028=LINE('',#5027,#5026);
#5029=CURVE_STYLE('',#20,POSITIVE_LENGTH_MEASURE(2.E-2),#5);
#5030=PRESENTATION_STYLE_ASSIGNMENT((#5029));
#5031=STYLED_ITEM('',(#5030),#5028);
#5032=DIRECTION('',(0.E0,-1.E0,0.E0));
#5033=VECTOR('',#5032,2.E0);
#5034=CARTESIAN_POINT('',(0.E0,-9.5E0,3.71E1));
#5035=LINE('',#5034,#5033);
#5036=CURVE_STYLE('',#20,POSITIVE_LENGTH_MEASURE(2.E-2),#5);
#5037=PRESENTATION_STYLE_ASSIGNMENT((#5036));
#5038=STYLED_ITEM('',(#5037),#5035);
#5039=DIRECTION('',(0.E0,-1.E0,0.E0));
#5040=VECTOR('',#5039,2.E0);
#5041=CARTESIAN_POINT('',(0.E0,-9.5E0,3.89E1));
#5042=LINE('',#5041,#5040);
#5043=CURVE_STYLE('',#20,POSITIVE_LENGTH_MEASURE(2.E-2),#5);
#5044=PRESENTATION_STYLE_ASSIGNMENT((#5043));
#5045=STYLED_ITEM('',(#5044),#5042);
#5046=DIRECTION('',(0.E0,-1.E0,0.E0));
#5047=VECTOR('',#5046,2.E0);
#5048=CARTESIAN_POINT('',(-3.E0,-9.5E0,3.71E1));
#5049=LINE('',#5048,#5047);
#5050=CURVE_STYLE('',#20,POSITIVE_LENGTH_MEASURE(2.E-2),#5);
#5051=PRESENTATION_STYLE_ASSIGNMENT((#5050));
#5052=STYLED_ITEM('',(#5051),#5049);
#5053=DIRECTION('',(0.E0,-1.E0,0.E0));
#5054=VECTOR('',#5053,2.E0);
#5055=CARTESIAN_POINT('',(-3.E0,-9.5E0,3.89E1));
#5056=LINE('',#5055,#5054);
#5057=CURVE_STYLE('',#20,POSITIVE_LENGTH_MEASURE(2.E-2),#5);
#5058=PRESENTATION_STYLE_ASSIGNMENT((#5057));
#5059=STYLED_ITEM('',(#5058),#5056);
#5060=DIRECTION('',(0.E0,-1.E0,0.E0));
#5061=VECTOR('',#5060,2.E0);
#5062=CARTESIAN_POINT('',(-6.E0,-9.5E0,3.71E1));
#5063=LINE('',#5062,#5061);
#5064=CURVE_STYLE('',#20,POSITIVE_LENGTH_MEASURE(2.E-2),#5);
#5065=PRESENTATION_STYLE_ASSIGNMENT((#5064));
#5066=STYLED_ITEM('',(#5065),#5063);
#5067=DIRECTION('',(0.E0,-1.E0,0.E0));
#5068=VECTOR('',#5067,2.E0);
#5069=CARTESIAN_POINT('',(-6.E0,-9.5E0,3.89E1));
#5070=LINE('',#5069,#5068);
#5071=CURVE_STYLE('',#20,POSITIVE_LENGTH_MEASURE(2.E-2),#5);
#5072=PRESENTATION_STYLE_ASSIGNMENT((#5071));
#5073=STYLED_ITEM('',(#5072),#5070);
#5074=DIRECTION('',(0.E0,-1.E0,0.E0));
#5075=VECTOR('',#5074,2.E0);
#5076=CARTESIAN_POINT('',(-6.E0,-9.5E0,3.41E1));
#5077=LINE('',#5076,#5075);
#5078=CURVE_STYLE('',#20,POSITIVE_LENGTH_MEASURE(2.E-2),#5);
#5079=PRESENTATION_STYLE_ASSIGNMENT((#5078));
#5080=STYLED_ITEM('',(#5079),#5077);
#5081=DIRECTION('',(0.E0,-1.E0,0.E0));
#5082=VECTOR('',#5081,2.E0);
#5083=CARTESIAN_POINT('',(-6.E0,-9.5E0,3.59E1));
#5084=LINE('',#5083,#5082);
#5085=CURVE_STYLE('',#20,POSITIVE_LENGTH_MEASURE(2.E-2),#5);
#5086=PRESENTATION_STYLE_ASSIGNMENT((#5085));
#5087=STYLED_ITEM('',(#5086),#5084);
#5088=DIRECTION('',(0.E0,-1.E0,0.E0));
#5089=VECTOR('',#5088,2.E0);
#5090=CARTESIAN_POINT('',(-6.E0,-9.5E0,3.11E1));
#5091=LINE('',#5090,#5089);
#5092=CURVE_STYLE('',#20,POSITIVE_LENGTH_MEASURE(2.E-2),#5);
#5093=PRESENTATION_STYLE_ASSIGNMENT((#5092));
#5094=STYLED_ITEM('',(#5093),#5091);
#5095=DIRECTION('',(0.E0,-1.E0,0.E0));
#5096=VECTOR('',#5095,2.E0);
#5097=CARTESIAN_POINT('',(-6.E0,-9.5E0,3.29E1));
#5098=LINE('',#5097,#5096);
#5099=CURVE_STYLE('',#20,POSITIVE_LENGTH_MEASURE(2.E-2),#5);
#5100=PRESENTATION_STYLE_ASSIGNMENT((#5099));
#5101=STYLED_ITEM('',(#5100),#5098);
#5102=DIRECTION('',(0.E0,-1.E0,0.E0));
#5103=VECTOR('',#5102,2.E0);
#5104=CARTESIAN_POINT('',(-6.E0,-9.5E0,2.81E1));
#5105=LINE('',#5104,#5103);
#5106=CURVE_STYLE('',#20,POSITIVE_LENGTH_MEASURE(2.E-2),#5);
#5107=PRESENTATION_STYLE_ASSIGNMENT((#5106));
#5108=STYLED_ITEM('',(#5107),#5105);
#5109=DIRECTION('',(0.E0,-1.E0,0.E0));
#5110=VECTOR('',#5109,2.E0);
#5111=CARTESIAN_POINT('',(-6.E0,-9.5E0,2.99E1));
#5112=LINE('',#5111,#5110);
#5113=CURVE_STYLE('',#20,POSITIVE_LENGTH_MEASURE(2.E-2),#5);
#5114=PRESENTATION_STYLE_ASSIGNMENT((#5113));
#5115=STYLED_ITEM('',(#5114),#5112);
#5116=DIRECTION('',(0.E0,-1.E0,0.E0));
#5117=VECTOR('',#5116,2.E0);
#5118=CARTESIAN_POINT('',(-6.E0,-9.5E0,2.51E1));
#5119=LINE('',#5118,#5117);
#5120=CURVE_STYLE('',#20,POSITIVE_LENGTH_MEASURE(2.E-2),#5);
#5121=PRESENTATION_STYLE_ASSIGNMENT((#5120));
#5122=STYLED_ITEM('',(#5121),#5119);
#5123=DIRECTION('',(0.E0,-1.E0,0.E0));
#5124=VECTOR('',#5123,2.E0);
#5125=CARTESIAN_POINT('',(-6.E0,-9.5E0,2.69E1));
#5126=LINE('',#5125,#5124);
#5127=CURVE_STYLE('',#20,POSITIVE_LENGTH_MEASURE(2.E-2),#5);
#5128=PRESENTATION_STYLE_ASSIGNMENT((#5127));
#5129=STYLED_ITEM('',(#5128),#5126);
#5130=DIRECTION('',(0.E0,-1.E0,0.E0));
#5131=VECTOR('',#5130,2.E0);
#5132=CARTESIAN_POINT('',(9.E0,-9.5E0,2.51E1));
#5133=LINE('',#5132,#5131);
#5134=CURVE_STYLE('',#20,POSITIVE_LENGTH_MEASURE(2.E-2),#5);
#5135=PRESENTATION_STYLE_ASSIGNMENT((#5134));
#5136=STYLED_ITEM('',(#5135),#5133);
#5137=DIRECTION('',(0.E0,-1.E0,0.E0));
#5138=VECTOR('',#5137,2.E0);
#5139=CARTESIAN_POINT('',(9.E0,-9.5E0,2.69E1));
#5140=LINE('',#5139,#5138);
#5141=CURVE_STYLE('',#20,POSITIVE_LENGTH_MEASURE(2.E-2),#5);
#5142=PRESENTATION_STYLE_ASSIGNMENT((#5141));
#5143=STYLED_ITEM('',(#5142),#5140);
#5144=DIRECTION('',(0.E0,-1.E0,0.E0));
#5145=VECTOR('',#5144,2.E0);
#5146=CARTESIAN_POINT('',(9.E0,-9.5E0,2.81E1));
#5147=LINE('',#5146,#5145);
#5148=CURVE_STYLE('',#20,POSITIVE_LENGTH_MEASURE(2.E-2),#5);
#5149=PRESENTATION_STYLE_ASSIGNMENT((#5148));
#5150=STYLED_ITEM('',(#5149),#5147);
#5151=DIRECTION('',(0.E0,-1.E0,0.E0));
#5152=VECTOR('',#5151,2.E0);
#5153=CARTESIAN_POINT('',(9.E0,-9.5E0,2.99E1));
#5154=LINE('',#5153,#5152);
#5155=CURVE_STYLE('',#20,POSITIVE_LENGTH_MEASURE(2.E-2),#5);
#5156=PRESENTATION_STYLE_ASSIGNMENT((#5155));
#5157=STYLED_ITEM('',(#5156),#5154);
#5158=DIRECTION('',(0.E0,-1.E0,0.E0));
#5159=VECTOR('',#5158,2.E0);
#5160=CARTESIAN_POINT('',(9.E0,-9.5E0,3.11E1));
#5161=LINE('',#5160,#5159);
#5162=CURVE_STYLE('',#20,POSITIVE_LENGTH_MEASURE(2.E-2),#5);
#5163=PRESENTATION_STYLE_ASSIGNMENT((#5162));
#5164=STYLED_ITEM('',(#5163),#5161);
#5165=DIRECTION('',(0.E0,-1.E0,0.E0));
#5166=VECTOR('',#5165,2.E0);
#5167=CARTESIAN_POINT('',(9.E0,-9.5E0,3.29E1));
#5168=LINE('',#5167,#5166);
#5169=CURVE_STYLE('',#20,POSITIVE_LENGTH_MEASURE(2.E-2),#5);
#5170=PRESENTATION_STYLE_ASSIGNMENT((#5169));
#5171=STYLED_ITEM('',(#5170),#5168);
#5172=DIRECTION('',(0.E0,-1.E0,0.E0));
#5173=VECTOR('',#5172,2.E0);
#5174=CARTESIAN_POINT('',(9.E0,-9.5E0,3.41E1));
#5175=LINE('',#5174,#5173);
#5176=CURVE_STYLE('',#20,POSITIVE_LENGTH_MEASURE(2.E-2),#5);
#5177=PRESENTATION_STYLE_ASSIGNMENT((#5176));
#5178=STYLED_ITEM('',(#5177),#5175);
#5179=DIRECTION('',(0.E0,-1.E0,0.E0));
#5180=VECTOR('',#5179,2.E0);
#5181=CARTESIAN_POINT('',(9.E0,-9.5E0,3.59E1));
#5182=LINE('',#5181,#5180);
#5183=CURVE_STYLE('',#20,POSITIVE_LENGTH_MEASURE(2.E-2),#5);
#5184=PRESENTATION_STYLE_ASSIGNMENT((#5183));
#5185=STYLED_ITEM('',(#5184),#5182);
#5186=DIRECTION('',(0.E0,-1.E0,0.E0));
#5187=VECTOR('',#5186,2.E0);
#5188=CARTESIAN_POINT('',(9.E0,-9.5E0,3.71E1));
#5189=LINE('',#5188,#5187);
#5190=CURVE_STYLE('',#20,POSITIVE_LENGTH_MEASURE(2.E-2),#5);
#5191=PRESENTATION_STYLE_ASSIGNMENT((#5190));
#5192=STYLED_ITEM('',(#5191),#5189);
#5193=DIRECTION('',(0.E0,-1.E0,0.E0));
#5194=VECTOR('',#5193,2.E0);
#5195=CARTESIAN_POINT('',(9.E0,-9.5E0,3.89E1));
#5196=LINE('',#5195,#5194);
#5197=CURVE_STYLE('',#20,POSITIVE_LENGTH_MEASURE(2.E-2),#5);
#5198=PRESENTATION_STYLE_ASSIGNMENT((#5197));
#5199=STYLED_ITEM('',(#5198),#5196);
#5200=DIRECTION('',(0.E0,-1.E0,0.E0));
#5201=VECTOR('',#5200,2.E0);
#5202=CARTESIAN_POINT('',(-9.E0,-9.5E0,3.71E1));
#5203=LINE('',#5202,#5201);
#5204=CURVE_STYLE('',#20,POSITIVE_LENGTH_MEASURE(2.E-2),#5);
#5205=PRESENTATION_STYLE_ASSIGNMENT((#5204));
#5206=STYLED_ITEM('',(#5205),#5203);
#5207=DIRECTION('',(0.E0,-1.E0,0.E0));
#5208=VECTOR('',#5207,2.E0);
#5209=CARTESIAN_POINT('',(-9.E0,-9.5E0,3.89E1));
#5210=LINE('',#5209,#5208);
#5211=CURVE_STYLE('',#20,POSITIVE_LENGTH_MEASURE(2.E-2),#5);
#5212=PRESENTATION_STYLE_ASSIGNMENT((#5211));
#5213=STYLED_ITEM('',(#5212),#5210);
#5214=DIRECTION('',(0.E0,-1.E0,0.E0));
#5215=VECTOR('',#5214,2.E0);
#5216=CARTESIAN_POINT('',(-9.E0,-9.5E0,3.41E1));
#5217=LINE('',#5216,#5215);
#5218=CURVE_STYLE('',#20,POSITIVE_LENGTH_MEASURE(2.E-2),#5);
#5219=PRESENTATION_STYLE_ASSIGNMENT((#5218));
#5220=STYLED_ITEM('',(#5219),#5217);
#5221=DIRECTION('',(0.E0,-1.E0,0.E0));
#5222=VECTOR('',#5221,2.E0);
#5223=CARTESIAN_POINT('',(-9.E0,-9.5E0,3.59E1));
#5224=LINE('',#5223,#5222);
#5225=CURVE_STYLE('',#20,POSITIVE_LENGTH_MEASURE(2.E-2),#5);
#5226=PRESENTATION_STYLE_ASSIGNMENT((#5225));
#5227=STYLED_ITEM('',(#5226),#5224);
#5228=DIRECTION('',(0.E0,-1.E0,0.E0));
#5229=VECTOR('',#5228,2.E0);
#5230=CARTESIAN_POINT('',(-9.E0,-9.5E0,3.11E1));
#5231=LINE('',#5230,#5229);
#5232=CURVE_STYLE('',#20,POSITIVE_LENGTH_MEASURE(2.E-2),#5);
#5233=PRESENTATION_STYLE_ASSIGNMENT((#5232));
#5234=STYLED_ITEM('',(#5233),#5231);
#5235=DIRECTION('',(0.E0,-1.E0,0.E0));
#5236=VECTOR('',#5235,2.E0);
#5237=CARTESIAN_POINT('',(-9.E0,-9.5E0,3.29E1));
#5238=LINE('',#5237,#5236);
#5239=CURVE_STYLE('',#20,POSITIVE_LENGTH_MEASURE(2.E-2),#5);
#5240=PRESENTATION_STYLE_ASSIGNMENT((#5239));
#5241=STYLED_ITEM('',(#5240),#5238);
#5242=DIRECTION('',(0.E0,-1.E0,0.E0));
#5243=VECTOR('',#5242,2.E0);
#5244=CARTESIAN_POINT('',(-9.E0,-9.5E0,2.81E1));
#5245=LINE('',#5244,#5243);
#5246=CURVE_STYLE('',#20,POSITIVE_LENGTH_MEASURE(2.E-2),#5);
#5247=PRESENTATION_STYLE_ASSIGNMENT((#5246));
#5248=STYLED_ITEM('',(#5247),#5245);
#5249=DIRECTION('',(0.E0,-1.E0,0.E0));
#5250=VECTOR('',#5249,2.E0);
#5251=CARTESIAN_POINT('',(-9.E0,-9.5E0,2.99E1));
#5252=LINE('',#5251,#5250);
#5253=CURVE_STYLE('',#20,POSITIVE_LENGTH_MEASURE(2.E-2),#5);
#5254=PRESENTATION_STYLE_ASSIGNMENT((#5253));
#5255=STYLED_ITEM('',(#5254),#5252);
#5256=DIRECTION('',(0.E0,-1.E0,0.E0));
#5257=VECTOR('',#5256,2.E0);
#5258=CARTESIAN_POINT('',(-9.E0,-9.5E0,2.51E1));
#5259=LINE('',#5258,#5257);
#5260=CURVE_STYLE('',#20,POSITIVE_LENGTH_MEASURE(2.E-2),#5);
#5261=PRESENTATION_STYLE_ASSIGNMENT((#5260));
#5262=STYLED_ITEM('',(#5261),#5259);
#5263=DIRECTION('',(0.E0,-1.E0,0.E0));
#5264=VECTOR('',#5263,2.E0);
#5265=CARTESIAN_POINT('',(-9.E0,-9.5E0,2.69E1));
#5266=LINE('',#5265,#5264);
#5267=CURVE_STYLE('',#20,POSITIVE_LENGTH_MEASURE(2.E-2),#5);
#5268=PRESENTATION_STYLE_ASSIGNMENT((#5267));
#5269=STYLED_ITEM('',(#5268),#5266);
#5270=DIRECTION('',(0.E0,-1.E0,0.E0));
#5271=VECTOR('',#5270,2.E0);
#5272=CARTESIAN_POINT('',(1.2E1,-9.5E0,3.11E1));
#5273=LINE('',#5272,#5271);
#5274=CURVE_STYLE('',#20,POSITIVE_LENGTH_MEASURE(2.E-2),#5);
#5275=PRESENTATION_STYLE_ASSIGNMENT((#5274));
#5276=STYLED_ITEM('',(#5275),#5273);
#5277=DIRECTION('',(0.E0,-1.E0,0.E0));
#5278=VECTOR('',#5277,2.E0);
#5279=CARTESIAN_POINT('',(1.2E1,-9.5E0,3.29E1));
#5280=LINE('',#5279,#5278);
#5281=CURVE_STYLE('',#20,POSITIVE_LENGTH_MEASURE(2.E-2),#5);
#5282=PRESENTATION_STYLE_ASSIGNMENT((#5281));
#5283=STYLED_ITEM('',(#5282),#5280);
#5284=DIRECTION('',(0.E0,-1.E0,0.E0));
#5285=VECTOR('',#5284,2.E0);
#5286=CARTESIAN_POINT('',(-1.2E1,-9.5E0,3.11E1));
#5287=LINE('',#5286,#5285);
#5288=CURVE_STYLE('',#20,POSITIVE_LENGTH_MEASURE(2.E-2),#5);
#5289=PRESENTATION_STYLE_ASSIGNMENT((#5288));
#5290=STYLED_ITEM('',(#5289),#5287);
#5291=DIRECTION('',(0.E0,-1.E0,0.E0));
#5292=VECTOR('',#5291,2.E0);
#5293=CARTESIAN_POINT('',(-1.2E1,-9.5E0,3.29E1));
#5294=LINE('',#5293,#5292);
#5295=CURVE_STYLE('',#20,POSITIVE_LENGTH_MEASURE(2.E-2),#5);
#5296=PRESENTATION_STYLE_ASSIGNMENT((#5295));
#5297=STYLED_ITEM('',(#5296),#5294);
#5298=CARTESIAN_POINT('',(-2.4E1,-3.E0,4.2E1));
#5299=DIRECTION('',(0.E0,1.E0,0.E0));
#5300=DIRECTION('',(-9.557692240748E-1,0.E0,-2.941176470588E-1));
#5301=AXIS2_PLACEMENT_3D('',#5298,#5299,#5300);
#5303=CURVE_STYLE('',#20,POSITIVE_LENGTH_MEASURE(2.E-2),#5);
#5304=PRESENTATION_STYLE_ASSIGNMENT((#5303));
#5305=STYLED_ITEM('',(#5304),#5302);
#5306=DIRECTION('',(0.E0,1.E0,0.E0));
#5307=VECTOR('',#5306,6.5E0);
#5308=CARTESIAN_POINT('',(-2.724961536185E1,-9.5E0,4.1E1));
#5309=LINE('',#5308,#5307);
#5310=CURVE_STYLE('',#20,POSITIVE_LENGTH_MEASURE(2.E-2),#5);
#5311=PRESENTATION_STYLE_ASSIGNMENT((#5310));
#5312=STYLED_ITEM('',(#5311),#5309);
#5313=DIRECTION('',(0.E0,1.E0,0.E0));
#5314=VECTOR('',#5313,7.8E0);
#5315=CARTESIAN_POINT('',(-2.06E1,-9.5E0,4.2E1));
#5316=LINE('',#5315,#5314);
#5317=CURVE_STYLE('',#20,POSITIVE_LENGTH_MEASURE(2.E-2),#5);
#5318=PRESENTATION_STYLE_ASSIGNMENT((#5317));
#5319=STYLED_ITEM('',(#5318),#5316);
#5320=CARTESIAN_POINT('',(-2.4E1,-3.E0,4.2E1));
#5321=DIRECTION('',(0.E0,1.E0,0.E0));
#5322=DIRECTION('',(-1.E0,0.E0,0.E0));
#5323=AXIS2_PLACEMENT_3D('',#5320,#5321,#5322);
#5325=CURVE_STYLE('',#20,POSITIVE_LENGTH_MEASURE(2.E-2),#5);
#5326=PRESENTATION_STYLE_ASSIGNMENT((#5325));
#5327=STYLED_ITEM('',(#5326),#5324);
#5328=DIRECTION('',(0.E0,1.E0,0.E0));
#5329=VECTOR('',#5328,1.3E0);
#5330=CARTESIAN_POINT('',(-2.74E1,-3.E0,4.2E1));
#5331=LINE('',#5330,#5329);
#5332=CURVE_STYLE('',#20,POSITIVE_LENGTH_MEASURE(2.E-2),#5);
#5333=PRESENTATION_STYLE_ASSIGNMENT((#5332));
#5334=STYLED_ITEM('',(#5333),#5331);
#5335=DIRECTION('',(0.E0,1.E0,0.E0));
#5336=VECTOR('',#5335,6.5E0);
#5337=CARTESIAN_POINT('',(-2.3E1,-9.5E0,4.524961536185E1));
#5338=LINE('',#5337,#5336);
#5339=CURVE_STYLE('',#20,POSITIVE_LENGTH_MEASURE(2.E-2),#5);
#5340=PRESENTATION_STYLE_ASSIGNMENT((#5339));
#5341=STYLED_ITEM('',(#5340),#5338);
#5342=CARTESIAN_POINT('',(-2.4E1,-3.E0,4.2E1));
#5343=DIRECTION('',(0.E0,1.E0,0.E0));
#5344=DIRECTION('',(-2.941176470588E-1,0.E0,9.557692240748E-1));
#5345=AXIS2_PLACEMENT_3D('',#5342,#5343,#5344);
#5347=CURVE_STYLE('',#20,POSITIVE_LENGTH_MEASURE(2.E-2),#5);
#5348=PRESENTATION_STYLE_ASSIGNMENT((#5347));
#5349=STYLED_ITEM('',(#5348),#5346);
#5350=DIRECTION('',(0.E0,1.E0,0.E0));
#5351=VECTOR('',#5350,6.5E0);
#5352=CARTESIAN_POINT('',(-2.5E1,-9.5E0,4.524961536185E1));
#5353=LINE('',#5352,#5351);
#5354=CURVE_STYLE('',#20,POSITIVE_LENGTH_MEASURE(2.E-2),#5);
#5355=PRESENTATION_STYLE_ASSIGNMENT((#5354));
#5356=STYLED_ITEM('',(#5355),#5353);
#5357=DIRECTION('',(0.E0,1.E0,0.E0));
#5358=VECTOR('',#5357,6.5E0);
#5359=CARTESIAN_POINT('',(-2.724961536185E1,-9.5E0,4.3E1));
#5360=LINE('',#5359,#5358);
#5361=CURVE_STYLE('',#20,POSITIVE_LENGTH_MEASURE(2.E-2),#5);
#5362=PRESENTATION_STYLE_ASSIGNMENT((#5361));
#5363=STYLED_ITEM('',(#5362),#5360);
#5364=DIRECTION('',(0.E0,1.E0,0.E0));
#5365=VECTOR('',#5364,6.5E0);
#5366=CARTESIAN_POINT('',(-2.5E1,-9.5E0,4.55E1));
#5367=LINE('',#5366,#5365);
#5368=CURVE_STYLE('',#20,POSITIVE_LENGTH_MEASURE(2.E-2),#5);
#5369=PRESENTATION_STYLE_ASSIGNMENT((#5368));
#5370=STYLED_ITEM('',(#5369),#5367);
#5371=DIRECTION('',(1.E0,0.E0,0.E0));
#5372=VECTOR('',#5371,2.E0);
#5373=CARTESIAN_POINT('',(-2.7E1,-3.E0,4.55E1));
#5374=LINE('',#5373,#5372);
#5375=CURVE_STYLE('',#20,POSITIVE_LENGTH_MEASURE(2.E-2),#5);
#5376=PRESENTATION_STYLE_ASSIGNMENT((#5375));
#5377=STYLED_ITEM('',(#5376),#5374);
#5378=DIRECTION('',(0.E0,-1.E0,0.E0));
#5379=VECTOR('',#5378,6.5E0);
#5380=CARTESIAN_POINT('',(-2.7E1,-3.E0,4.55E1));
#5381=LINE('',#5380,#5379);
#5382=CURVE_STYLE('',#20,POSITIVE_LENGTH_MEASURE(2.E-2),#5);
#5383=PRESENTATION_STYLE_ASSIGNMENT((#5382));
#5384=STYLED_ITEM('',(#5383),#5381);
#5385=DIRECTION('',(0.E0,1.E0,0.E0));
#5386=VECTOR('',#5385,6.5E0);
#5387=CARTESIAN_POINT('',(-2.3E1,-9.5E0,4.55E1));
#5388=LINE('',#5387,#5386);
#5389=CURVE_STYLE('',#20,POSITIVE_LENGTH_MEASURE(2.E-2),#5);
#5390=PRESENTATION_STYLE_ASSIGNMENT((#5389));
#5391=STYLED_ITEM('',(#5390),#5388);
#5392=DIRECTION('',(0.E0,1.E0,0.E0));
#5393=VECTOR('',#5392,6.5E0);
#5394=CARTESIAN_POINT('',(2.3E1,-9.5E0,4.55E1));
#5395=LINE('',#5394,#5393);
#5396=CURVE_STYLE('',#20,POSITIVE_LENGTH_MEASURE(2.E-2),#5);
#5397=PRESENTATION_STYLE_ASSIGNMENT((#5396));
#5398=STYLED_ITEM('',(#5397),#5395);
#5399=DIRECTION('',(1.E0,0.E0,0.E0));
#5400=VECTOR('',#5399,4.6E1);
#5401=CARTESIAN_POINT('',(-2.3E1,-3.E0,4.55E1));
#5402=LINE('',#5401,#5400);
#5403=CURVE_STYLE('',#20,POSITIVE_LENGTH_MEASURE(2.E-2),#5);
#5404=PRESENTATION_STYLE_ASSIGNMENT((#5403));
#5405=STYLED_ITEM('',(#5404),#5402);
#5406=DIRECTION('',(0.E0,1.E0,0.E0));
#5407=VECTOR('',#5406,6.5E0);
#5408=CARTESIAN_POINT('',(2.5E1,-9.5E0,4.55E1));
#5409=LINE('',#5408,#5407);
#5410=CURVE_STYLE('',#20,POSITIVE_LENGTH_MEASURE(2.E-2),#5);
#5411=PRESENTATION_STYLE_ASSIGNMENT((#5410));
#5412=STYLED_ITEM('',(#5411),#5409);
#5413=DIRECTION('',(1.E0,0.E0,0.E0));
#5414=VECTOR('',#5413,2.E0);
#5415=CARTESIAN_POINT('',(2.5E1,-3.E0,4.55E1));
#5416=LINE('',#5415,#5414);
#5417=CURVE_STYLE('',#20,POSITIVE_LENGTH_MEASURE(2.E-2),#5);
#5418=PRESENTATION_STYLE_ASSIGNMENT((#5417));
#5419=STYLED_ITEM('',(#5418),#5416);
#5420=CARTESIAN_POINT('',(-2.7E1,-3.E0,4.5E1));
#5421=DIRECTION('',(0.E0,1.E0,0.E0));
#5422=DIRECTION('',(-1.E0,0.E0,0.E0));
#5423=AXIS2_PLACEMENT_3D('',#5420,#5421,#5422);
#5425=CURVE_STYLE('',#20,POSITIVE_LENGTH_MEASURE(2.E-2),#5);
#5426=PRESENTATION_STYLE_ASSIGNMENT((#5425));
#5427=STYLED_ITEM('',(#5426),#5424);
#5428=DIRECTION('',(0.E0,-1.E0,0.E0));
#5429=VECTOR('',#5428,6.5E0);
#5430=CARTESIAN_POINT('',(-2.75E1,-3.E0,4.5E1));
#5431=LINE('',#5430,#5429);
#5432=CURVE_STYLE('',#20,POSITIVE_LENGTH_MEASURE(2.E-2),#5);
#5433=PRESENTATION_STYLE_ASSIGNMENT((#5432));
#5434=STYLED_ITEM('',(#5433),#5431);
#5435=DIRECTION('',(0.E0,1.E0,0.E0));
#5436=VECTOR('',#5435,6.5E0);
#5437=CARTESIAN_POINT('',(-2.75E1,-9.5E0,4.1E1));
#5438=LINE('',#5437,#5436);
#5439=CURVE_STYLE('',#20,POSITIVE_LENGTH_MEASURE(2.E-2),#5);
#5440=PRESENTATION_STYLE_ASSIGNMENT((#5439));
#5441=STYLED_ITEM('',(#5440),#5438);
#5442=DIRECTION('',(0.E0,0.E0,1.E0));
#5443=VECTOR('',#5442,8.2E1);
#5444=CARTESIAN_POINT('',(-2.75E1,-3.E0,-4.1E1));
#5445=LINE('',#5444,#5443);
#5446=CURVE_STYLE('',#20,POSITIVE_LENGTH_MEASURE(2.E-2),#5);
#5447=PRESENTATION_STYLE_ASSIGNMENT((#5446));
#5448=STYLED_ITEM('',(#5447),#5445);
#5449=DIRECTION('',(0.E0,1.E0,0.E0));
#5450=VECTOR('',#5449,6.5E0);
#5451=CARTESIAN_POINT('',(-2.75E1,-9.5E0,-4.1E1));
#5452=LINE('',#5451,#5450);
#5453=CURVE_STYLE('',#20,POSITIVE_LENGTH_MEASURE(2.E-2),#5);
#5454=PRESENTATION_STYLE_ASSIGNMENT((#5453));
#5455=STYLED_ITEM('',(#5454),#5452);
#5456=DIRECTION('',(0.E0,1.E0,0.E0));
#5457=VECTOR('',#5456,6.5E0);
#5458=CARTESIAN_POINT('',(-2.75E1,-9.5E0,4.3E1));
#5459=LINE('',#5458,#5457);
#5460=CURVE_STYLE('',#20,POSITIVE_LENGTH_MEASURE(2.E-2),#5);
#5461=PRESENTATION_STYLE_ASSIGNMENT((#5460));
#5462=STYLED_ITEM('',(#5461),#5459);
#5463=DIRECTION('',(0.E0,0.E0,1.E0));
#5464=VECTOR('',#5463,2.E0);
#5465=CARTESIAN_POINT('',(-2.75E1,-3.E0,4.3E1));
#5466=LINE('',#5465,#5464);
#5467=CURVE_STYLE('',#20,POSITIVE_LENGTH_MEASURE(2.E-2),#5);
#5468=PRESENTATION_STYLE_ASSIGNMENT((#5467));
#5469=STYLED_ITEM('',(#5468),#5466);
#5470=DIRECTION('',(0.E0,1.E0,0.E0));
#5471=VECTOR('',#5470,6.5E0);
#5472=CARTESIAN_POINT('',(-2.75E1,-9.5E0,-4.3E1));
#5473=LINE('',#5472,#5471);
#5474=CURVE_STYLE('',#20,POSITIVE_LENGTH_MEASURE(2.E-2),#5);
#5475=PRESENTATION_STYLE_ASSIGNMENT((#5474));
#5476=STYLED_ITEM('',(#5475),#5473);
#5477=DIRECTION('',(0.E0,0.E0,1.E0));
#5478=VECTOR('',#5477,2.E0);
#5479=CARTESIAN_POINT('',(-2.75E1,-3.E0,-4.5E1));
#5480=LINE('',#5479,#5478);
#5481=CURVE_STYLE('',#20,POSITIVE_LENGTH_MEASURE(2.E-2),#5);
#5482=PRESENTATION_STYLE_ASSIGNMENT((#5481));
#5483=STYLED_ITEM('',(#5482),#5480);
#5484=DIRECTION('',(0.E0,-1.E0,0.E0));
#5485=VECTOR('',#5484,6.5E0);
#5486=CARTESIAN_POINT('',(-2.75E1,-3.E0,-4.5E1));
#5487=LINE('',#5486,#5485);
#5488=CURVE_STYLE('',#20,POSITIVE_LENGTH_MEASURE(2.E-2),#5);
#5489=PRESENTATION_STYLE_ASSIGNMENT((#5488));
#5490=STYLED_ITEM('',(#5489),#5487);
#5491=CARTESIAN_POINT('',(-2.4E1,-3.E0,-4.2E1));
#5492=DIRECTION('',(0.E0,1.E0,0.E0));
#5493=DIRECTION('',(-1.E0,0.E0,0.E0));
#5494=AXIS2_PLACEMENT_3D('',#5491,#5492,#5493);
#5496=CURVE_STYLE('',#20,POSITIVE_LENGTH_MEASURE(2.E-2),#5);
#5497=PRESENTATION_STYLE_ASSIGNMENT((#5496));
#5498=STYLED_ITEM('',(#5497),#5495);
#5499=DIRECTION('',(0.E0,1.E0,0.E0));
#5500=VECTOR('',#5499,1.3E0);
#5501=CARTESIAN_POINT('',(-2.74E1,-3.E0,-4.2E1));
#5502=LINE('',#5501,#5500);
#5503=CURVE_STYLE('',#20,POSITIVE_LENGTH_MEASURE(2.E-2),#5);
#5504=PRESENTATION_STYLE_ASSIGNMENT((#5503));
#5505=STYLED_ITEM('',(#5504),#5502);
#5506=DIRECTION('',(0.E0,1.E0,0.E0));
#5507=VECTOR('',#5506,6.5E0);
#5508=CARTESIAN_POINT('',(-2.724961536185E1,-9.5E0,-4.1E1));
#5509=LINE('',#5508,#5507);
#5510=CURVE_STYLE('',#20,POSITIVE_LENGTH_MEASURE(2.E-2),#5);
#5511=PRESENTATION_STYLE_ASSIGNMENT((#5510));
#5512=STYLED_ITEM('',(#5511),#5509);
#5513=CARTESIAN_POINT('',(-2.4E1,-3.E0,-4.2E1));
#5514=DIRECTION('',(0.E0,1.E0,0.E0));
#5515=DIRECTION('',(2.941176470588E-1,0.E0,-9.557692240748E-1));
#5516=AXIS2_PLACEMENT_3D('',#5513,#5514,#5515);
#5518=CURVE_STYLE('',#20,POSITIVE_LENGTH_MEASURE(2.E-2),#5);
#5519=PRESENTATION_STYLE_ASSIGNMENT((#5518));
#5520=STYLED_ITEM('',(#5519),#5517);
#5521=DIRECTION('',(0.E0,1.E0,0.E0));
#5522=VECTOR('',#5521,6.5E0);
#5523=CARTESIAN_POINT('',(-2.3E1,-9.5E0,-4.524961536185E1));
#5524=LINE('',#5523,#5522);
#5525=CURVE_STYLE('',#20,POSITIVE_LENGTH_MEASURE(2.E-2),#5);
#5526=PRESENTATION_STYLE_ASSIGNMENT((#5525));
#5527=STYLED_ITEM('',(#5526),#5524);
#5528=DIRECTION('',(0.E0,1.E0,0.E0));
#5529=VECTOR('',#5528,7.8E0);
#5530=CARTESIAN_POINT('',(-2.06E1,-9.5E0,-4.2E1));
#5531=LINE('',#5530,#5529);
#5532=CURVE_STYLE('',#20,POSITIVE_LENGTH_MEASURE(2.E-2),#5);
#5533=PRESENTATION_STYLE_ASSIGNMENT((#5532));
#5534=STYLED_ITEM('',(#5533),#5531);
#5535=CARTESIAN_POINT('',(-2.4E1,-3.E0,-4.2E1));
#5536=DIRECTION('',(0.E0,1.E0,0.E0));
#5537=DIRECTION('',(-9.557692240748E-1,0.E0,-2.941176470588E-1));
#5538=AXIS2_PLACEMENT_3D('',#5535,#5536,#5537);
#5540=CURVE_STYLE('',#20,POSITIVE_LENGTH_MEASURE(2.E-2),#5);
#5541=PRESENTATION_STYLE_ASSIGNMENT((#5540));
#5542=STYLED_ITEM('',(#5541),#5539);
#5543=DIRECTION('',(0.E0,1.E0,0.E0));
#5544=VECTOR('',#5543,6.5E0);
#5545=CARTESIAN_POINT('',(-2.724961536185E1,-9.5E0,-4.3E1));
#5546=LINE('',#5545,#5544);
#5547=CURVE_STYLE('',#20,POSITIVE_LENGTH_MEASURE(2.E-2),#5);
#5548=PRESENTATION_STYLE_ASSIGNMENT((#5547));
#5549=STYLED_ITEM('',(#5548),#5546);
#5550=DIRECTION('',(0.E0,1.E0,0.E0));
#5551=VECTOR('',#5550,6.5E0);
#5552=CARTESIAN_POINT('',(-2.5E1,-9.5E0,-4.524961536185E1));
#5553=LINE('',#5552,#5551);
#5554=CURVE_STYLE('',#20,POSITIVE_LENGTH_MEASURE(2.E-2),#5);
#5555=PRESENTATION_STYLE_ASSIGNMENT((#5554));
#5556=STYLED_ITEM('',(#5555),#5553);
#5557=DIRECTION('',(0.E0,1.E0,0.E0));
#5558=VECTOR('',#5557,6.5E0);
#5559=CARTESIAN_POINT('',(-2.3E1,-9.5E0,-4.55E1));
#5560=LINE('',#5559,#5558);
#5561=CURVE_STYLE('',#20,POSITIVE_LENGTH_MEASURE(2.E-2),#5);
#5562=PRESENTATION_STYLE_ASSIGNMENT((#5561));
#5563=STYLED_ITEM('',(#5562),#5560);
#5564=DIRECTION('',(-1.E0,0.E0,0.E0));
#5565=VECTOR('',#5564,4.6E1);
#5566=CARTESIAN_POINT('',(2.3E1,-3.E0,-4.55E1));
#5567=LINE('',#5566,#5565);
#5568=CURVE_STYLE('',#20,POSITIVE_LENGTH_MEASURE(2.E-2),#5);
#5569=PRESENTATION_STYLE_ASSIGNMENT((#5568));
#5570=STYLED_ITEM('',(#5569),#5567);
#5571=DIRECTION('',(0.E0,1.E0,0.E0));
#5572=VECTOR('',#5571,6.5E0);
#5573=CARTESIAN_POINT('',(2.3E1,-9.5E0,-4.55E1));
#5574=LINE('',#5573,#5572);
#5575=CURVE_STYLE('',#20,POSITIVE_LENGTH_MEASURE(2.E-2),#5);
#5576=PRESENTATION_STYLE_ASSIGNMENT((#5575));
#5577=STYLED_ITEM('',(#5576),#5574);
#5578=DIRECTION('',(0.E0,1.E0,0.E0));
#5579=VECTOR('',#5578,6.5E0);
#5580=CARTESIAN_POINT('',(-2.5E1,-9.5E0,-4.55E1));
#5581=LINE('',#5580,#5579);
#5582=CURVE_STYLE('',#20,POSITIVE_LENGTH_MEASURE(2.E-2),#5);
#5583=PRESENTATION_STYLE_ASSIGNMENT((#5582));
#5584=STYLED_ITEM('',(#5583),#5581);
#5585=DIRECTION('',(-1.E0,0.E0,0.E0));
#5586=VECTOR('',#5585,2.E0);
#5587=CARTESIAN_POINT('',(-2.5E1,-3.E0,-4.55E1));
#5588=LINE('',#5587,#5586);
#5589=CURVE_STYLE('',#20,POSITIVE_LENGTH_MEASURE(2.E-2),#5);
#5590=PRESENTATION_STYLE_ASSIGNMENT((#5589));
#5591=STYLED_ITEM('',(#5590),#5588);
#5592=DIRECTION('',(0.E0,1.E0,0.E0));
#5593=VECTOR('',#5592,6.5E0);
#5594=CARTESIAN_POINT('',(2.5E1,-9.5E0,-4.55E1));
#5595=LINE('',#5594,#5593);
#5596=CURVE_STYLE('',#20,POSITIVE_LENGTH_MEASURE(2.E-2),#5);
#5597=PRESENTATION_STYLE_ASSIGNMENT((#5596));
#5598=STYLED_ITEM('',(#5597),#5595);
#5599=DIRECTION('',(-1.E0,0.E0,0.E0));
#5600=VECTOR('',#5599,2.E0);
#5601=CARTESIAN_POINT('',(2.7E1,-3.E0,-4.55E1));
#5602=LINE('',#5601,#5600);
#5603=CURVE_STYLE('',#20,POSITIVE_LENGTH_MEASURE(2.E-2),#5);
#5604=PRESENTATION_STYLE_ASSIGNMENT((#5603));
#5605=STYLED_ITEM('',(#5604),#5602);
#5606=DIRECTION('',(0.E0,-1.E0,0.E0));
#5607=VECTOR('',#5606,6.5E0);
#5608=CARTESIAN_POINT('',(2.7E1,-3.E0,-4.55E1));
#5609=LINE('',#5608,#5607);
#5610=CURVE_STYLE('',#20,POSITIVE_LENGTH_MEASURE(2.E-2),#5);
#5611=PRESENTATION_STYLE_ASSIGNMENT((#5610));
#5612=STYLED_ITEM('',(#5611),#5609);
#5613=CARTESIAN_POINT('',(2.4E1,-3.E0,-4.2E1));
#5614=DIRECTION('',(0.E0,1.E0,0.E0));
#5615=DIRECTION('',(1.E0,0.E0,0.E0));
#5616=AXIS2_PLACEMENT_3D('',#5613,#5614,#5615);
#5618=CURVE_STYLE('',#20,POSITIVE_LENGTH_MEASURE(2.E-2),#5);
#5619=PRESENTATION_STYLE_ASSIGNMENT((#5618));
#5620=STYLED_ITEM('',(#5619),#5617);
#5621=DIRECTION('',(0.E0,1.E0,0.E0));
#5622=VECTOR('',#5621,1.3E0);
#5623=CARTESIAN_POINT('',(2.74E1,-3.E0,-4.2E1));
#5624=LINE('',#5623,#5622);
#5625=CURVE_STYLE('',#20,POSITIVE_LENGTH_MEASURE(2.E-2),#5);
#5626=PRESENTATION_STYLE_ASSIGNMENT((#5625));
#5627=STYLED_ITEM('',(#5626),#5624);
#5628=DIRECTION('',(0.E0,1.E0,0.E0));
#5629=VECTOR('',#5628,6.5E0);
#5630=CARTESIAN_POINT('',(2.3E1,-9.5E0,-4.524961536185E1));
#5631=LINE('',#5630,#5629);
#5632=CURVE_STYLE('',#20,POSITIVE_LENGTH_MEASURE(2.E-2),#5);
#5633=PRESENTATION_STYLE_ASSIGNMENT((#5632));
#5634=STYLED_ITEM('',(#5633),#5631);
#5635=CARTESIAN_POINT('',(2.4E1,-3.E0,-4.2E1));
#5636=DIRECTION('',(0.E0,1.E0,0.E0));
#5637=DIRECTION('',(2.941176470588E-1,0.E0,-9.557692240748E-1));
#5638=AXIS2_PLACEMENT_3D('',#5635,#5636,#5637);
#5640=CURVE_STYLE('',#20,POSITIVE_LENGTH_MEASURE(2.E-2),#5);
#5641=PRESENTATION_STYLE_ASSIGNMENT((#5640));
#5642=STYLED_ITEM('',(#5641),#5639);
#5643=DIRECTION('',(0.E0,1.E0,0.E0));
#5644=VECTOR('',#5643,6.5E0);
#5645=CARTESIAN_POINT('',(2.5E1,-9.5E0,-4.524961536185E1));
#5646=LINE('',#5645,#5644);
#5647=CURVE_STYLE('',#20,POSITIVE_LENGTH_MEASURE(2.E-2),#5);
#5648=PRESENTATION_STYLE_ASSIGNMENT((#5647));
#5649=STYLED_ITEM('',(#5648),#5646);
#5650=DIRECTION('',(0.E0,1.E0,0.E0));
#5651=VECTOR('',#5650,6.5E0);
#5652=CARTESIAN_POINT('',(2.724961536185E1,-9.5E0,-4.3E1));
#5653=LINE('',#5652,#5651);
#5654=CURVE_STYLE('',#20,POSITIVE_LENGTH_MEASURE(2.E-2),#5);
#5655=PRESENTATION_STYLE_ASSIGNMENT((#5654));
#5656=STYLED_ITEM('',(#5655),#5653);
#5657=CARTESIAN_POINT('',(2.4E1,-3.E0,-4.2E1));
#5658=DIRECTION('',(0.E0,1.E0,0.E0));
#5659=DIRECTION('',(9.557692240748E-1,0.E0,2.941176470588E-1));
#5660=AXIS2_PLACEMENT_3D('',#5657,#5658,#5659);
#5662=CURVE_STYLE('',#20,POSITIVE_LENGTH_MEASURE(2.E-2),#5);
#5663=PRESENTATION_STYLE_ASSIGNMENT((#5662));
#5664=STYLED_ITEM('',(#5663),#5661);
#5665=DIRECTION('',(0.E0,1.E0,0.E0));
#5666=VECTOR('',#5665,6.5E0);
#5667=CARTESIAN_POINT('',(2.724961536185E1,-9.5E0,-4.1E1));
#5668=LINE('',#5667,#5666);
#5669=CURVE_STYLE('',#20,POSITIVE_LENGTH_MEASURE(2.E-2),#5);
#5670=PRESENTATION_STYLE_ASSIGNMENT((#5669));
#5671=STYLED_ITEM('',(#5670),#5668);
#5672=DIRECTION('',(0.E0,1.E0,0.E0));
#5673=VECTOR('',#5672,7.8E0);
#5674=CARTESIAN_POINT('',(2.06E1,-9.5E0,-4.2E1));
#5675=LINE('',#5674,#5673);
#5676=CURVE_STYLE('',#20,POSITIVE_LENGTH_MEASURE(2.E-2),#5);
#5677=PRESENTATION_STYLE_ASSIGNMENT((#5676));
#5678=STYLED_ITEM('',(#5677),#5675);
#5679=DIRECTION('',(0.E0,1.E0,0.E0));
#5680=VECTOR('',#5679,6.5E0);
#5681=CARTESIAN_POINT('',(2.75E1,-9.5E0,4.3E1));
#5682=LINE('',#5681,#5680);
#5683=CURVE_STYLE('',#20,POSITIVE_LENGTH_MEASURE(2.E-2),#5);
#5684=PRESENTATION_STYLE_ASSIGNMENT((#5683));
#5685=STYLED_ITEM('',(#5684),#5682);
#5686=DIRECTION('',(0.E0,0.E0,-1.E0));
#5687=VECTOR('',#5686,2.E0);
#5688=CARTESIAN_POINT('',(2.75E1,-3.E0,4.5E1));
#5689=LINE('',#5688,#5687);
#5690=CURVE_STYLE('',#20,POSITIVE_LENGTH_MEASURE(2.E-2),#5);
#5691=PRESENTATION_STYLE_ASSIGNMENT((#5690));
#5692=STYLED_ITEM('',(#5691),#5689);
#5693=DIRECTION('',(0.E0,-1.E0,0.E0));
#5694=VECTOR('',#5693,6.5E0);
#5695=CARTESIAN_POINT('',(2.75E1,-3.E0,4.5E1));
#5696=LINE('',#5695,#5694);
#5697=CURVE_STYLE('',#20,POSITIVE_LENGTH_MEASURE(2.E-2),#5);
#5698=PRESENTATION_STYLE_ASSIGNMENT((#5697));
#5699=STYLED_ITEM('',(#5698),#5696);
#5700=DIRECTION('',(0.E0,1.E0,0.E0));
#5701=VECTOR('',#5700,6.5E0);
#5702=CARTESIAN_POINT('',(2.75E1,-9.5E0,4.1E1));
#5703=LINE('',#5702,#5701);
#5704=CURVE_STYLE('',#20,POSITIVE_LENGTH_MEASURE(2.E-2),#5);
#5705=PRESENTATION_STYLE_ASSIGNMENT((#5704));
#5706=STYLED_ITEM('',(#5705),#5703);
#5707=DIRECTION('',(0.E0,1.E0,0.E0));
#5708=VECTOR('',#5707,6.5E0);
#5709=CARTESIAN_POINT('',(2.75E1,-9.5E0,-4.1E1));
#5710=LINE('',#5709,#5708);
#5711=CURVE_STYLE('',#20,POSITIVE_LENGTH_MEASURE(2.E-2),#5);
#5712=PRESENTATION_STYLE_ASSIGNMENT((#5711));
#5713=STYLED_ITEM('',(#5712),#5710);
#5714=DIRECTION('',(0.E0,0.E0,-1.E0));
#5715=VECTOR('',#5714,8.2E1);
#5716=CARTESIAN_POINT('',(2.75E1,-3.E0,4.1E1));
#5717=LINE('',#5716,#5715);
#5718=CURVE_STYLE('',#20,POSITIVE_LENGTH_MEASURE(2.E-2),#5);
#5719=PRESENTATION_STYLE_ASSIGNMENT((#5718));
#5720=STYLED_ITEM('',(#5719),#5717);
#5721=DIRECTION('',(0.E0,1.E0,0.E0));
#5722=VECTOR('',#5721,6.5E0);
#5723=CARTESIAN_POINT('',(2.75E1,-9.5E0,-4.3E1));
#5724=LINE('',#5723,#5722);
#5725=CURVE_STYLE('',#20,POSITIVE_LENGTH_MEASURE(2.E-2),#5);
#5726=PRESENTATION_STYLE_ASSIGNMENT((#5725));
#5727=STYLED_ITEM('',(#5726),#5724);
#5728=DIRECTION('',(0.E0,0.E0,-1.E0));
#5729=VECTOR('',#5728,2.E0);
#5730=CARTESIAN_POINT('',(2.75E1,-3.E0,-4.3E1));
#5731=LINE('',#5730,#5729);
#5732=CURVE_STYLE('',#20,POSITIVE_LENGTH_MEASURE(2.E-2),#5);
#5733=PRESENTATION_STYLE_ASSIGNMENT((#5732));
#5734=STYLED_ITEM('',(#5733),#5731);
#5735=CARTESIAN_POINT('',(2.7E1,-3.E0,4.5E1));
#5736=DIRECTION('',(0.E0,1.E0,0.E0));
#5737=DIRECTION('',(0.E0,0.E0,1.E0));
#5738=AXIS2_PLACEMENT_3D('',#5735,#5736,#5737);
#5740=CURVE_STYLE('',#20,POSITIVE_LENGTH_MEASURE(2.E-2),#5);
#5741=PRESENTATION_STYLE_ASSIGNMENT((#5740));
#5742=STYLED_ITEM('',(#5741),#5739);
#5743=DIRECTION('',(0.E0,-1.E0,0.E0));
#5744=VECTOR('',#5743,6.5E0);
#5745=CARTESIAN_POINT('',(2.7E1,-3.E0,4.55E1));
#5746=LINE('',#5745,#5744);
#5747=CURVE_STYLE('',#20,POSITIVE_LENGTH_MEASURE(2.E-2),#5);
#5748=PRESENTATION_STYLE_ASSIGNMENT((#5747));
#5749=STYLED_ITEM('',(#5748),#5746);
#5750=CARTESIAN_POINT('',(2.4E1,-3.E0,4.2E1));
#5751=DIRECTION('',(0.E0,1.E0,0.E0));
#5752=DIRECTION('',(1.E0,0.E0,0.E0));
#5753=AXIS2_PLACEMENT_3D('',#5750,#5751,#5752);
#5755=CURVE_STYLE('',#20,POSITIVE_LENGTH_MEASURE(2.E-2),#5);
#5756=PRESENTATION_STYLE_ASSIGNMENT((#5755));
#5757=STYLED_ITEM('',(#5756),#5754);
#5758=DIRECTION('',(0.E0,1.E0,0.E0));
#5759=VECTOR('',#5758,1.3E0);
#5760=CARTESIAN_POINT('',(2.74E1,-3.E0,4.2E1));
#5761=LINE('',#5760,#5759);
#5762=CURVE_STYLE('',#20,POSITIVE_LENGTH_MEASURE(2.E-2),#5);
#5763=PRESENTATION_STYLE_ASSIGNMENT((#5762));
#5764=STYLED_ITEM('',(#5763),#5761);
#5765=DIRECTION('',(0.E0,1.E0,0.E0));
#5766=VECTOR('',#5765,6.5E0);
#5767=CARTESIAN_POINT('',(2.724961536185E1,-9.5E0,4.1E1));
#5768=LINE('',#5767,#5766);
#5769=CURVE_STYLE('',#20,POSITIVE_LENGTH_MEASURE(2.E-2),#5);
#5770=PRESENTATION_STYLE_ASSIGNMENT((#5769));
#5771=STYLED_ITEM('',(#5770),#5768);
#5772=CARTESIAN_POINT('',(2.7E1,-3.E0,-4.5E1));
#5773=DIRECTION('',(0.E0,1.E0,0.E0));
#5774=DIRECTION('',(1.E0,0.E0,0.E0));
#5775=AXIS2_PLACEMENT_3D('',#5772,#5773,#5774);
#5777=CURVE_STYLE('',#20,POSITIVE_LENGTH_MEASURE(2.E-2),#5);
#5778=PRESENTATION_STYLE_ASSIGNMENT((#5777));
#5779=STYLED_ITEM('',(#5778),#5776);
#5780=DIRECTION('',(0.E0,-1.E0,0.E0));
#5781=VECTOR('',#5780,6.5E0);
#5782=CARTESIAN_POINT('',(2.75E1,-3.E0,-4.5E1));
#5783=LINE('',#5782,#5781);
#5784=CURVE_STYLE('',#20,POSITIVE_LENGTH_MEASURE(2.E-2),#5);
#5785=PRESENTATION_STYLE_ASSIGNMENT((#5784));
#5786=STYLED_ITEM('',(#5785),#5783);
#5787=CARTESIAN_POINT('',(-2.7E1,-3.E0,-4.5E1));
#5788=DIRECTION('',(0.E0,1.E0,0.E0));
#5789=DIRECTION('',(0.E0,0.E0,-1.E0));
#5790=AXIS2_PLACEMENT_3D('',#5787,#5788,#5789);
#5792=CURVE_STYLE('',#20,POSITIVE_LENGTH_MEASURE(2.E-2),#5);
#5793=PRESENTATION_STYLE_ASSIGNMENT((#5792));
#5794=STYLED_ITEM('',(#5793),#5791);
#5795=DIRECTION('',(0.E0,-1.E0,0.E0));
#5796=VECTOR('',#5795,6.5E0);
#5797=CARTESIAN_POINT('',(-2.7E1,-3.E0,-4.55E1));
#5798=LINE('',#5797,#5796);
#5799=CURVE_STYLE('',#20,POSITIVE_LENGTH_MEASURE(2.E-2),#5);
#5800=PRESENTATION_STYLE_ASSIGNMENT((#5799));
#5801=STYLED_ITEM('',(#5800),#5798);
#5802=CARTESIAN_POINT('',(-2.4E1,-3.7E0,4.2E1));
#5803=DIRECTION('',(0.E0,1.E0,0.E0));
#5804=DIRECTION('',(1.E0,0.E0,0.E0));
#5805=AXIS2_PLACEMENT_3D('',#5802,#5803,#5804);
#5807=CURVE_STYLE('',#20,POSITIVE_LENGTH_MEASURE(2.E-2),#5);
#5808=PRESENTATION_STYLE_ASSIGNMENT((#5807));
#5809=STYLED_ITEM('',(#5808),#5806);
#5810=DIRECTION('',(0.E0,1.E0,0.E0));
#5811=VECTOR('',#5810,2.E0);
#5812=CARTESIAN_POINT('',(-2.56E1,-3.7E0,4.2E1));
#5813=LINE('',#5812,#5811);
#5814=CURVE_STYLE('',#20,POSITIVE_LENGTH_MEASURE(2.E-2),#5);
#5815=PRESENTATION_STYLE_ASSIGNMENT((#5814));
#5816=STYLED_ITEM('',(#5815),#5813);
#5817=CARTESIAN_POINT('',(-2.4E1,-3.7E0,4.2E1));
#5818=DIRECTION('',(0.E0,1.E0,0.E0));
#5819=DIRECTION('',(-1.E0,0.E0,0.E0));
#5820=AXIS2_PLACEMENT_3D('',#5817,#5818,#5819);
#5822=CURVE_STYLE('',#20,POSITIVE_LENGTH_MEASURE(2.E-2),#5);
#5823=PRESENTATION_STYLE_ASSIGNMENT((#5822));
#5824=STYLED_ITEM('',(#5823),#5821);
#5825=DIRECTION('',(0.E0,1.E0,0.E0));
#5826=VECTOR('',#5825,2.E0);
#5827=CARTESIAN_POINT('',(-2.24E1,-3.7E0,4.2E1));
#5828=LINE('',#5827,#5826);
#5829=CURVE_STYLE('',#20,POSITIVE_LENGTH_MEASURE(2.E-2),#5);
#5830=PRESENTATION_STYLE_ASSIGNMENT((#5829));
#5831=STYLED_ITEM('',(#5830),#5828);
#5832=CARTESIAN_POINT('',(-2.4E1,-3.7E0,-4.2E1));
#5833=DIRECTION('',(0.E0,1.E0,0.E0));
#5834=DIRECTION('',(1.E0,0.E0,0.E0));
#5835=AXIS2_PLACEMENT_3D('',#5832,#5833,#5834);
#5837=CURVE_STYLE('',#20,POSITIVE_LENGTH_MEASURE(2.E-2),#5);
#5838=PRESENTATION_STYLE_ASSIGNMENT((#5837));
#5839=STYLED_ITEM('',(#5838),#5836);
#5840=DIRECTION('',(0.E0,1.E0,0.E0));
#5841=VECTOR('',#5840,2.E0);
#5842=CARTESIAN_POINT('',(-2.56E1,-3.7E0,-4.2E1));
#5843=LINE('',#5842,#5841);
#5844=CURVE_STYLE('',#20,POSITIVE_LENGTH_MEASURE(2.E-2),#5);
#5845=PRESENTATION_STYLE_ASSIGNMENT((#5844));
#5846=STYLED_ITEM('',(#5845),#5843);
#5847=CARTESIAN_POINT('',(-2.4E1,-3.7E0,-4.2E1));
#5848=DIRECTION('',(0.E0,1.E0,0.E0));
#5849=DIRECTION('',(-1.E0,0.E0,0.E0));
#5850=AXIS2_PLACEMENT_3D('',#5847,#5848,#5849);
#5852=CURVE_STYLE('',#20,POSITIVE_LENGTH_MEASURE(2.E-2),#5);
#5853=PRESENTATION_STYLE_ASSIGNMENT((#5852));
#5854=STYLED_ITEM('',(#5853),#5851);
#5855=DIRECTION('',(0.E0,1.E0,0.E0));
#5856=VECTOR('',#5855,2.E0);
#5857=CARTESIAN_POINT('',(-2.24E1,-3.7E0,-4.2E1));
#5858=LINE('',#5857,#5856);
#5859=CURVE_STYLE('',#20,POSITIVE_LENGTH_MEASURE(2.E-2),#5);
#5860=PRESENTATION_STYLE_ASSIGNMENT((#5859));
#5861=STYLED_ITEM('',(#5860),#5858);
#5862=DIRECTION('',(0.E0,1.E0,0.E0));
#5863=VECTOR('',#5862,3.5E-1);
#5864=CARTESIAN_POINT('',(-1.545584787045E0,-1.15E1,1.635783625741E1));
#5865=LINE('',#5864,#5863);
#5866=CURVE_STYLE('',#20,POSITIVE_LENGTH_MEASURE(2.E-2),#5);
#5867=PRESENTATION_STYLE_ASSIGNMENT((#5866));
#5868=STYLED_ITEM('',(#5867),#5865);
#5869=DIRECTION('',(0.E0,1.E0,0.E0));
#5870=VECTOR('',#5869,3.5E-1);
#5871=CARTESIAN_POINT('',(-1.545584787045E0,-1.15E1,1.388932321338E1));
#5872=LINE('',#5871,#5870);
#5873=CURVE_STYLE('',#20,POSITIVE_LENGTH_MEASURE(2.E-2),#5);
#5874=PRESENTATION_STYLE_ASSIGNMENT((#5873));
#5875=STYLED_ITEM('',(#5874),#5872);
#5876=DIRECTION('',(0.E0,1.E0,0.E0));
#5877=VECTOR('',#5876,3.5E-1);
#5878=CARTESIAN_POINT('',(-2.920699812074E0,-1.15E1,1.403385362654E1));
#5879=LINE('',#5878,#5877);
#5880=CURVE_STYLE('',#20,POSITIVE_LENGTH_MEASURE(2.E-2),#5);
#5881=PRESENTATION_STYLE_ASSIGNMENT((#5880));
#5882=STYLED_ITEM('',(#5881),#5879);
#5883=DIRECTION('',(0.E0,1.E0,0.E0));
#5884=VECTOR('',#5883,3.5E-1);
#5885=CARTESIAN_POINT('',(-2.920699812074E0,-1.15E1,1.800156936994E1));
#5886=LINE('',#5885,#5884);
#5887=CURVE_STYLE('',#20,POSITIVE_LENGTH_MEASURE(2.E-2),#5);
#5888=PRESENTATION_STYLE_ASSIGNMENT((#5887));
#5889=STYLED_ITEM('',(#5888),#5886);
#5890=DIRECTION('',(0.E0,1.E0,0.E0));
#5891=VECTOR('',#5890,3.5E-1);
#5892=CARTESIAN_POINT('',(5.450850813908E0,-1.15E1,1.712168419199E1));
#5893=LINE('',#5892,#5891);
#5894=CURVE_STYLE('',#20,POSITIVE_LENGTH_MEASURE(2.E-2),#5);
#5895=PRESENTATION_STYLE_ASSIGNMENT((#5894));
#5896=STYLED_ITEM('',(#5895),#5893);
#5897=DIRECTION('',(0.E0,1.E0,0.E0));
#5898=VECTOR('',#5897,3.5E-1);
#5899=CARTESIAN_POINT('',(5.450850813908E0,-1.15E1,1.562243746327E1));
#5900=LINE('',#5899,#5898);
#5901=CURVE_STYLE('',#20,POSITIVE_LENGTH_MEASURE(2.E-2),#5);
#5902=PRESENTATION_STYLE_ASSIGNMENT((#5901));
#5903=STYLED_ITEM('',(#5902),#5900);
#5904=DIRECTION('',(9.945212484016E-1,0.E0,-1.045346185607E-1));
#5905=VECTOR('',#5904,7.034978500657E0);
#5906=CARTESIAN_POINT('',(-1.545584787045E0,-1.115E1,1.635783625741E1));
#5907=LINE('',#5906,#5905);
#5908=CURVE_STYLE('',#20,POSITIVE_LENGTH_MEASURE(2.E-2),#5);
#5909=PRESENTATION_STYLE_ASSIGNMENT((#5908));
#5910=STYLED_ITEM('',(#5909),#5907);
#5911=DIRECTION('',(0.E0,0.E0,1.E0));
#5912=VECTOR('',#5911,2.468513044037E0);
#5913=CARTESIAN_POINT('',(-1.545584787045E0,-1.115E1,1.388932321338E1));
#5914=LINE('',#5913,#5912);
#5915=CURVE_STYLE('',#20,POSITIVE_LENGTH_MEASURE(2.E-2),#5);
#5916=PRESENTATION_STYLE_ASSIGNMENT((#5915));
#5917=STYLED_ITEM('',(#5916),#5914);
#5918=DIRECTION('',(9.945218953638E-1,0.E0,-1.045284633098E-1));
#5919=VECTOR('',#5918,1.382689543025E0);
#5920=CARTESIAN_POINT('',(-2.920699812074E0,-1.115E1,1.403385362654E1));
#5921=LINE('',#5920,#5919);
#5922=CURVE_STYLE('',#20,POSITIVE_LENGTH_MEASURE(2.E-2),#5);
#5923=PRESENTATION_STYLE_ASSIGNMENT((#5922));
#5924=STYLED_ITEM('',(#5923),#5921);
#5925=DIRECTION('',(0.E0,0.E0,-1.E0));
#5926=VECTOR('',#5925,3.967715743400E0);
#5927=CARTESIAN_POINT('',(-2.920699812074E0,-1.115E1,1.800156936994E1));
#5928=LINE('',#5927,#5926);
#5929=CURVE_STYLE('',#20,POSITIVE_LENGTH_MEASURE(2.E-2),#5);
#5930=PRESENTATION_STYLE_ASSIGNMENT((#5929));
#5931=STYLED_ITEM('',(#5930),#5928);
#5932=DIRECTION('',(-9.945218984381E-1,0.E0,1.045284340597E-1));
#5933=VECTOR('',#5932,8.417663441226E0);
#5934=CARTESIAN_POINT('',(5.450850813908E0,-1.115E1,1.712168419199E1));
#5935=LINE('',#5934,#5933);
#5936=CURVE_STYLE('',#20,POSITIVE_LENGTH_MEASURE(2.E-2),#5);
#5937=PRESENTATION_STYLE_ASSIGNMENT((#5936));
#5938=STYLED_ITEM('',(#5937),#5935);
#5939=DIRECTION('',(0.E0,0.E0,1.E0));
#5940=VECTOR('',#5939,1.499246728725E0);
#5941=CARTESIAN_POINT('',(5.450850813908E0,-1.115E1,1.562243746327E1));
#5942=LINE('',#5941,#5940);
#5943=CURVE_STYLE('',#20,POSITIVE_LENGTH_MEASURE(2.E-2),#5);
#5944=PRESENTATION_STYLE_ASSIGNMENT((#5943));
#5945=STYLED_ITEM('',(#5944),#5942);
#5946=DIRECTION('',(8.289919881573E-4,0.E0,9.999996563861E-1));
#5947=VECTOR('',#5946,3.359005055847E0);
#5948=CARTESIAN_POINT('',(2.134742660034E0,-1.115E1,1.084044176714E1));
#5949=LINE('',#5948,#5947);
#5950=CURVE_STYLE('',#20,POSITIVE_LENGTH_MEASURE(2.E-2),#5);
#5951=PRESENTATION_STYLE_ASSIGNMENT((#5950));
#5952=STYLED_ITEM('',(#5951),#5949);
#5953=DIRECTION('',(9.945159135717E-1,0.E0,-1.045853606036E-1));
#5954=VECTOR('',#5953,5.083319837439E0);
#5955=CARTESIAN_POINT('',(-2.920699812074E0,-1.115E1,1.137208260540E1));
#5956=LINE('',#5955,#5954);
#5957=CURVE_STYLE('',#20,POSITIVE_LENGTH_MEASURE(2.E-2),#5);
#5958=PRESENTATION_STYLE_ASSIGNMENT((#5957));
#5959=STYLED_ITEM('',(#5958),#5956);
#5960=DIRECTION('',(0.E0,0.E0,-1.E0));
#5961=VECTOR('',#5960,1.460424965353E0);
#5962=CARTESIAN_POINT('',(-2.920699812074E0,-1.115E1,1.283250757075E1));
#5963=LINE('',#5962,#5961);
#5964=CURVE_STYLE('',#20,POSITIVE_LENGTH_MEASURE(2.E-2),#5);
#5965=PRESENTATION_STYLE_ASSIGNMENT((#5964));
#5966=STYLED_ITEM('',(#5965),#5963);
#5967=DIRECTION('',(-9.945268775604E-1,0.E0,1.044810500043E-1));
#5968=VECTOR('',#5967,3.703426253407E0);
#5969=CARTESIAN_POINT('',(7.624571360020E-1,-1.115E1,1.244556970718E1));
#5970=LINE('',#5969,#5968);
#5971=CURVE_STYLE('',#20,POSITIVE_LENGTH_MEASURE(2.E-2),#5);
#5972=PRESENTATION_STYLE_ASSIGNMENT((#5971));
#5973=STYLED_ITEM('',(#5972),#5970);
#5974=DIRECTION('',(0.E0,0.E0,-1.E0));
#5975=VECTOR('',#5974,1.899489681040E0);
#5976=CARTESIAN_POINT('',(7.624571360020E-1,-1.115E1,1.434505938822E1));
#5977=LINE('',#5976,#5975);
#5978=CURVE_STYLE('',#20,POSITIVE_LENGTH_MEASURE(2.E-2),#5);
#5979=PRESENTATION_STYLE_ASSIGNMENT((#5978));
#5980=STYLED_ITEM('',(#5979),#5977);
#5981=DIRECTION('',(-9.944397929550E-1,0.E0,1.053066863385E-1));
#5982=VECTOR('',#5981,1.382758536065E0);
#5983=CARTESIAN_POINT('',(2.137527248313E0,-1.115E1,1.419944566878E1));
#5984=LINE('',#5983,#5982);
#5985=CURVE_STYLE('',#20,POSITIVE_LENGTH_MEASURE(2.E-2),#5);
#5986=PRESENTATION_STYLE_ASSIGNMENT((#5985));
#5987=STYLED_ITEM('',(#5986),#5984);
#5988=CARTESIAN_POINT('',(1.225479227041E0,-1.115E1,7.331493253091E0));
#5989=CARTESIAN_POINT('',(1.225479180955E0,-1.115E1,7.192435788629E0));
#5990=CARTESIAN_POINT('',(1.189827940296E0,-1.115E1,6.915471054234E0));
#5991=CARTESIAN_POINT('',(1.000497337430E0,-1.115E1,6.533214128898E0));
#5992=CARTESIAN_POINT('',(6.468068560555E-1,-1.115E1,6.241159756453E0));
#5993=CARTESIAN_POINT('',(3.394814191787E-1,-1.115E1,6.158589343400E0));
#5994=CARTESIAN_POINT('',(1.733054934827E-1,-1.115E1,6.138654303228E0));
#5996=CURVE_STYLE('',#20,POSITIVE_LENGTH_MEASURE(2.E-2),#5);
#5997=PRESENTATION_STYLE_ASSIGNMENT((#5996));
#5998=STYLED_ITEM('',(#5997),#5995);
#5999=CARTESIAN_POINT('',(1.733063810825E-1,-1.115E1,8.816885E0));
#6000=CARTESIAN_POINT('',(3.309780464039E-1,-1.115E1,8.763213966810E0));
#6001=CARTESIAN_POINT('',(6.253198456556E-1,-1.115E1,8.618946771042E0));
#6002=CARTESIAN_POINT('',(9.724456296269E-1,-1.115E1,8.275743224023E0));
#6003=CARTESIAN_POINT('',(1.184214013407E0,-1.115E1,7.831821553612E0));
#6004=CARTESIAN_POINT('',(1.225479258745E0,-1.115E1,7.501766072106E0));
#6005=CARTESIAN_POINT('',(1.225479227041E0,-1.115E1,7.331493253091E0));
#6007=CURVE_STYLE('',#20,POSITIVE_LENGTH_MEASURE(2.E-2),#5);
#6008=PRESENTATION_STYLE_ASSIGNMENT((#6007));
#6009=STYLED_ITEM('',(#6008),#6006);
#6010=DIRECTION('',(3.314127460832E-7,0.E0,9.999999999999E-1));
#6011=VECTOR('',#6010,2.678230696772E0);
#6012=CARTESIAN_POINT('',(1.733054934827E-1,-1.115E1,6.138654303228E0));
#6013=LINE('',#6012,#6011);
#6014=CURVE_STYLE('',#20,POSITIVE_LENGTH_MEASURE(2.E-2),#5);
#6015=PRESENTATION_STYLE_ASSIGNMENT((#6014));
#6016=STYLED_ITEM('',(#6015),#6013);
#6017=CARTESIAN_POINT('',(-8.684451816360E-1,-1.115E1,4.944730539050E0));
#6018=CARTESIAN_POINT('',(-8.242477235074E-1,-1.115E1,4.932268771627E0));
#6019=CARTESIAN_POINT('',(-7.352542774997E-1,-1.115E1,4.908494277512E0));
#6020=CARTESIAN_POINT('',(-5.995196831738E-1,-1.115E1,4.877547138137E0));
#6021=CARTESIAN_POINT('',(-4.839944205639E-1,-1.115E1,4.856586463088E0));
#6022=CARTESIAN_POINT('',(-3.891723882353E-1,-1.115E1,4.842980911933E0));
#6023=CARTESIAN_POINT('',(-2.934158620531E-1,-1.115E1,4.831798821524E0));
#6024=CARTESIAN_POINT('',(-1.745626451194E-1,-1.115E1,4.822127797868E0));
#6025=CARTESIAN_POINT('',(1.156219147349E-2,-1.115E1,4.815336142401E0));
#6026=CARTESIAN_POINT('',(3.256263344415E-1,-1.115E1,4.825393049543E0));
#6027=CARTESIAN_POINT('',(7.566909272950E-1,-1.115E1,4.900493081540E0));
#6028=CARTESIAN_POINT('',(1.230931188873E0,-1.115E1,5.087140039864E0));
#6029=CARTESIAN_POINT('',(1.644004744352E0,-1.115E1,5.362973745437E0));
#6030=CARTESIAN_POINT('',(1.984294917813E0,-1.115E1,5.721598429891E0));
#6031=CARTESIAN_POINT('',(2.195373868402E0,-1.115E1,6.080488576316E0));
#6032=CARTESIAN_POINT('',(2.316592516103E0,-1.115E1,6.397026830222E0));
#6033=CARTESIAN_POINT('',(2.383846877645E0,-1.115E1,6.653204233741E0));
#6034=CARTESIAN_POINT('',(2.417746414568E0,-1.115E1,6.877053817239E0));
#6035=CARTESIAN_POINT('',(2.431604266234E0,-1.115E1,7.062694951356E0));
#6036=CARTESIAN_POINT('',(2.435048889280E0,-1.115E1,7.208850864448E0));
#6037=CARTESIAN_POINT('',(2.431576074660E0,-1.115E1,7.358454484362E0));
#6038=CARTESIAN_POINT('',(2.417922245149E0,-1.115E1,7.558523917289E0));
#6039=CARTESIAN_POINT('',(2.384255342714E0,-1.115E1,7.802660263767E0));
#6040=CARTESIAN_POINT('',(2.317882091958E0,-1.115E1,8.086042012124E0));
#6041=CARTESIAN_POINT('',(2.197706101657E0,-1.115E1,8.444566501170E0));
#6042=CARTESIAN_POINT('',(1.989173651251E0,-1.115E1,8.862348382752E0));
#6043=CARTESIAN_POINT('',(1.653823819934E0,-1.115E1,9.303848276545E0));
#6044=CARTESIAN_POINT('',(1.245206167173E0,-1.115E1,9.674675810954E0));
#6045=CARTESIAN_POINT('',(8.529578019119E-1,-1.115E1,9.917403427106E0));
#6046=CARTESIAN_POINT('',(5.144920033127E-1,-1.115E1,1.006800271652E1));
#6047=CARTESIAN_POINT('',(2.474788378913E-1,-1.115E1,1.015896131420E1));
#6048=CARTESIAN_POINT('',(1.684064744467E-2,-1.115E1,1.021492211227E1));
#6049=CARTESIAN_POINT('',(-1.721364959610E-1,-1.115E1,1.024752987885E1));
#6050=CARTESIAN_POINT('',(-3.159965810057E-1,-1.115E1,1.026574457116E1));
#6051=CARTESIAN_POINT('',(-4.598534457948E-1,-1.115E1,1.027752288494E1));
#6052=CARTESIAN_POINT('',(-6.479679546707E-1,-1.115E1,1.028435431683E1));
#6053=CARTESIAN_POINT('',(-8.776550549121E-1,-1.115E1,1.027677985022E1));
#6054=CARTESIAN_POINT('',(-1.144991964167E0,-1.115E1,1.024160936813E1));
#6055=CARTESIAN_POINT('',(-1.481802120234E0,-1.115E1,1.016172572715E1));
#6056=CARTESIAN_POINT('',(-1.875356932768E0,-1.115E1,9.999276431353E0));
#6057=CARTESIAN_POINT('',(-2.288452325506E0,-1.115E1,9.704261291464E0));
#6058=CARTESIAN_POINT('',(-2.626564468892E0,-1.115E1,9.315852188485E0));
#6059=CARTESIAN_POINT('',(-2.832921640578E0,-1.115E1,8.925834794933E0));
#6060=CARTESIAN_POINT('',(-2.951524943930E0,-1.115E1,8.578791969141E0));
#6061=CARTESIAN_POINT('',(-3.017620327217E0,-1.115E1,8.293897864520E0));
#6062=CARTESIAN_POINT('',(-3.050765659083E0,-1.115E1,8.043772162574E0));
#6063=CARTESIAN_POINT('',(-3.064303041571E0,-1.115E1,7.834934735509E0));
#6064=CARTESIAN_POINT('',(-3.067223166762E0,-1.115E1,7.696237676934E0));
#6065=CARTESIAN_POINT('',(-3.065775625676E0,-1.115E1,7.579506792639E0));
#6066=CARTESIAN_POINT('',(-3.061075905682E0,-1.115E1,7.456185075884E0));
#6067=CARTESIAN_POINT('',(-3.049429358049E0,-1.115E1,7.304583413918E0));
#6068=CARTESIAN_POINT('',(-3.026140729710E0,-1.115E1,7.126148775524E0));
#6069=CARTESIAN_POINT('',(-2.983312059374E0,-1.115E1,6.896049089513E0));
#6070=CARTESIAN_POINT('',(-2.907637782153E0,-1.115E1,6.618886413543E0));
#6071=CARTESIAN_POINT('',(-2.781413563121E0,-1.115E1,6.303658000003E0));
#6072=CARTESIAN_POINT('',(-2.621593049270E0,-1.115E1,6.009184283788E0));
#6073=CARTESIAN_POINT('',(-2.365125923646E0,-1.115E1,5.644973835580E0));
#6074=CARTESIAN_POINT('',(-2.125987195260E0,-1.115E1,5.407007918945E0));
#6075=CARTESIAN_POINT('',(-1.951865365271E0,-1.115E1,5.267547116517E0));
#6077=CURVE_STYLE('',#20,POSITIVE_LENGTH_MEASURE(2.E-2),#5);
#6078=PRESENTATION_STYLE_ASSIGNMENT((#6077));
#6079=STYLED_ITEM('',(#6078),#6076);
#6080=DIRECTION('',(-3.314126647222E-7,0.E0,-9.999999999999E-1));
#6081=VECTOR('',#6080,3.959561718346E0);
#6082=CARTESIAN_POINT('',(-8.684438693871E-1,-1.115E1,8.904292257396E0));
#6083=LINE('',#6082,#6081);
#6084=CURVE_STYLE('',#20,POSITIVE_LENGTH_MEASURE(2.E-2),#5);
#6085=PRESENTATION_STYLE_ASSIGNMENT((#6084));
#6086=STYLED_ITEM('',(#6085),#6083);
#6087=CARTESIAN_POINT('',(-1.847700701073E0,-1.115E1,7.525311008583E0));
#6088=CARTESIAN_POINT('',(-1.847700645462E0,-1.115E1,7.693111607247E0));
#6089=CARTESIAN_POINT('',(-1.818049140329E0,-1.115E1,8.012292590134E0));
#6090=CARTESIAN_POINT('',(-1.645584800670E0,-1.115E1,8.448739875311E0));
#6091=CARTESIAN_POINT('',(-1.317657269610E0,-1.115E1,8.777423357296E0));
#6092=CARTESIAN_POINT('',(-1.023746817238E0,-1.115E1,8.877751931239E0));
#6093=CARTESIAN_POINT('',(-8.684438693871E-1,-1.115E1,8.904292257396E0));
#6095=CURVE_STYLE('',#20,POSITIVE_LENGTH_MEASURE(2.E-2),#5);
#6096=PRESENTATION_STYLE_ASSIGNMENT((#6095));
#6097=STYLED_ITEM('',(#6096),#6094);
#6098=CARTESIAN_POINT('',(-1.326814857165E0,-1.115E1,6.294784295604E0));
#6099=CARTESIAN_POINT('',(-1.487285197540E0,-1.115E1,6.434222407019E0));
#6100=CARTESIAN_POINT('',(-1.758007055196E0,-1.115E1,6.821138787852E0));
#6101=CARTESIAN_POINT('',(-1.847700781582E0,-1.115E1,7.282392995518E0));
#6102=CARTESIAN_POINT('',(-1.847700701073E0,-1.115E1,7.525311008583E0));
#6104=CURVE_STYLE('',#20,POSITIVE_LENGTH_MEASURE(2.E-2),#5);
#6105=PRESENTATION_STYLE_ASSIGNMENT((#6104));
#6106=STYLED_ITEM('',(#6105),#6103);
#6107=DIRECTION('',(5.198108364219E-1,0.E0,8.542813906075E-1));
#6108=VECTOR('',#6107,1.202457633258E0);
#6109=CARTESIAN_POINT('',(-1.951865365271E0,-1.115E1,5.267547116517E0));
#6110=LINE('',#6109,#6108);
#6111=CURVE_STYLE('',#20,POSITIVE_LENGTH_MEASURE(2.E-2),#5);
#6112=PRESENTATION_STYLE_ASSIGNMENT((#6111));
#6113=STYLED_ITEM('',(#6112),#6110);
#6114=DIRECTION('',(9.945218953638E-1,0.E0,-1.045284633098E-1));
#6115=VECTOR('',#6114,1.351265677534E0);
#6116=CARTESIAN_POINT('',(3.126239278494E0,-1.115E1,1.073559870078E1));
#6117=LINE('',#6116,#6115);
#6118=CURVE_STYLE('',#20,POSITIVE_LENGTH_MEASURE(2.E-2),#5);
#6119=PRESENTATION_STYLE_ASSIGNMENT((#6118));
#6120=STYLED_ITEM('',(#6119),#6117);
#6121=DIRECTION('',(0.E0,0.E0,-1.E0));
#6122=VECTOR('',#6121,1.461527491703E0);
#6123=CARTESIAN_POINT('',(3.126239278494E0,-1.115E1,1.219712619248E1));
#6124=LINE('',#6123,#6122);
#6125=CURVE_STYLE('',#20,POSITIVE_LENGTH_MEASURE(2.E-2),#5);
#6126=PRESENTATION_STYLE_ASSIGNMENT((#6125));
#6127=STYLED_ITEM('',(#6126),#6124);
#6128=DIRECTION('',(-9.945218953638E-1,0.E0,1.045284633098E-1));
#6129=VECTOR('',#6128,1.351265677534E0);
#6130=CARTESIAN_POINT('',(4.470102581255E0,-1.115E1,1.205588046769E1));
#6131=LINE('',#6130,#6129);
#6132=CURVE_STYLE('',#20,POSITIVE_LENGTH_MEASURE(2.E-2),#5);
#6133=PRESENTATION_STYLE_ASSIGNMENT((#6132));
#6134=STYLED_ITEM('',(#6133),#6131);
#6135=DIRECTION('',(0.E0,0.E0,1.E0));
#6136=VECTOR('',#6135,1.461527491703E0);
#6137=CARTESIAN_POINT('',(4.470102581255E0,-1.115E1,1.059435297599E1));
#6138=LINE('',#6137,#6136);
#6139=CURVE_STYLE('',#20,POSITIVE_LENGTH_MEASURE(2.E-2),#5);
#6140=PRESENTATION_STYLE_ASSIGNMENT((#6139));
#6141=STYLED_ITEM('',(#6140),#6138);
#6142=DIRECTION('',(-9.945218953638E-1,0.E0,1.045284633099E-1));
#6143=VECTOR('',#6142,5.232760362713E0);
#6144=CARTESIAN_POINT('',(2.283397310266E0,-1.115E1,3.724080466055E0));
#6145=LINE('',#6144,#6143);
#6146=CURVE_STYLE('',#20,POSITIVE_LENGTH_MEASURE(2.E-2),#5);
#6147=PRESENTATION_STYLE_ASSIGNMENT((#6146));
#6148=STYLED_ITEM('',(#6147),#6145);
#6149=DIRECTION('',(0.E0,0.E0,1.E0));
#6150=VECTOR('',#6149,2.447921546357E0);
#6151=CARTESIAN_POINT('',(2.283397310266E0,-1.115E1,1.276158919698E0));
#6152=LINE('',#6151,#6150);
#6153=CURVE_STYLE('',#20,POSITIVE_LENGTH_MEASURE(2.E-2),#5);
#6154=PRESENTATION_STYLE_ASSIGNMENT((#6153));
#6155=STYLED_ITEM('',(#6154),#6152);
#6156=DIRECTION('',(9.945218953638E-1,0.E0,-1.045284633098E-1));
#6157=VECTOR('',#6156,1.382681689332E0);
#6158=CARTESIAN_POINT('',(9.082900959065E-1,-1.115E1,1.420688511931E0));
#6159=LINE('',#6158,#6157);
#6160=CURVE_STYLE('',#20,POSITIVE_LENGTH_MEASURE(2.E-2),#5);
#6161=PRESENTATION_STYLE_ASSIGNMENT((#6160));
#6162=STYLED_ITEM('',(#6161),#6159);
#6163=DIRECTION('',(0.E0,0.E0,-1.E0));
#6164=VECTOR('',#6163,9.868121874954E-1);
#6165=CARTESIAN_POINT('',(9.082900959065E-1,-1.115E1,2.407500699426E0));
#6166=LINE('',#6165,#6164);
#6167=CURVE_STYLE('',#20,POSITIVE_LENGTH_MEASURE(2.E-2),#5);
#6168=PRESENTATION_STYLE_ASSIGNMENT((#6167));
#6169=STYLED_ITEM('',(#6168),#6166);
#6170=DIRECTION('',(9.945033479658E-1,0.E0,-1.047047796655E-1));
#6171=VECTOR('',#6170,3.850150477002E0);
#6172=CARTESIAN_POINT('',(-2.920697443644E0,-1.115E1,2.810629856799E0));
#6173=LINE('',#6172,#6171);
#6174=CURVE_STYLE('',#20,POSITIVE_LENGTH_MEASURE(2.E-2),#5);
#6175=PRESENTATION_STYLE_ASSIGNMENT((#6174));
#6176=STYLED_ITEM('',(#6175),#6173);
#6177=DIRECTION('',(0.E0,0.E0,-1.E0));
#6178=VECTOR('',#6177,1.460423008839E0);
#6179=CARTESIAN_POINT('',(-2.920697443644E0,-1.115E1,4.271052865638E0));
#6180=LINE('',#6179,#6178);
#6181=CURVE_STYLE('',#20,POSITIVE_LENGTH_MEASURE(2.E-2),#5);
#6182=PRESENTATION_STYLE_ASSIGNMENT((#6181));
#6183=STYLED_ITEM('',(#6182),#6180);
#6184=CARTESIAN_POINT('',(-3.204866483267E-1,-1.115E1,-3.425662971359E0));
#6185=CARTESIAN_POINT('',(-3.476317030387E-1,-1.115E1,-3.422650441917E0));
#6186=CARTESIAN_POINT('',(-4.019218635395E-1,-1.115E1,-3.415415129024E0));
#6187=CARTESIAN_POINT('',(-5.076572573829E-1,-1.115E1,-3.396518981018E0));
#6188=CARTESIAN_POINT('',(-6.356244192903E-1,-1.115E1,-3.364663045396E0));
#6189=CARTESIAN_POINT('',(-7.816045705349E-1,-1.115E1,-3.313954135876E0));
#6190=CARTESIAN_POINT('',(-9.656700305494E-1,-1.115E1,-3.230552221268E0));
#6191=CARTESIAN_POINT('',(-1.174715940508E0,-1.115E1,-3.098328441691E0));
#6192=CARTESIAN_POINT('',(-1.388276558448E0,-1.115E1,-2.900101380753E0));
#6193=CARTESIAN_POINT('',(-1.560879663465E0,-1.115E1,-2.667514372773E0));
#6194=CARTESIAN_POINT('',(-1.688872235558E0,-1.115E1,-2.405852684425E0));
#6195=CARTESIAN_POINT('',(-1.755299842129E0,-1.115E1,-2.167641227841E0));
#6196=CARTESIAN_POINT('',(-1.782494753324E0,-1.115E1,-1.968185916667E0));
#6197=CARTESIAN_POINT('',(-1.789435497457E0,-1.115E1,-1.812600223175E0));
#6198=CARTESIAN_POINT('',(-1.782479479884E0,-1.115E1,-1.657997516526E0));
#6199=CARTESIAN_POINT('',(-1.755308659970E0,-1.115E1,-1.462424961777E0));
#6200=CARTESIAN_POINT('',(-1.688869242193E0,-1.115E1,-1.236801587300E0));
#6201=CARTESIAN_POINT('',(-1.560880456844E0,-1.115E1,-1.001702128820E0));
#6202=CARTESIAN_POINT('',(-1.388276378300E0,-1.115E1,-8.061926915660E-1));
#6203=CARTESIAN_POINT('',(-1.174715867723E0,-1.115E1,-6.546327998616E-1));
#6204=CARTESIAN_POINT('',(-9.656700268589E-1,-1.115E1,-5.684963435613E-1));
#6205=CARTESIAN_POINT('',(-7.816045917347E-1,-1.115E1,-5.258253543532E-1));
#6206=CARTESIAN_POINT('',(-6.356244357202E-1,-1.115E1,-5.074716049940E-1));
#6207=CARTESIAN_POINT('',(-5.076572645488E-1,-1.115E1,-5.040062785921E-1));
#6208=CARTESIAN_POINT('',(-4.018791667445E-1,-1.115E1,-5.085782421202E-1));
#6209=CARTESIAN_POINT('',(-3.475440090079E-1,-1.115E1,-5.133989577096E-1));
#6210=CARTESIAN_POINT('',(-3.203551082432E-1,-1.115E1,-5.164182754166E-1));
#6212=CURVE_STYLE('',#20,POSITIVE_LENGTH_MEASURE(2.E-2),#5);
#6213=PRESENTATION_STYLE_ASSIGNMENT((#6212));
#6214=STYLED_ITEM('',(#6213),#6211);
#6215=CARTESIAN_POINT('',(-3.203551082432E-1,-1.115E1,-5.164182754166E-1));
#6216=CARTESIAN_POINT('',(-2.932525220339E-1,-1.115E1,-5.194280079232E-1));
#6217=CARTESIAN_POINT('',(-2.390047000028E-1,-1.115E1,-5.266595732698E-1));
#6218=CARTESIAN_POINT('',(-1.333072143788E-1,-1.115E1,-5.455509960629E-1));
#6219=CARTESIAN_POINT('',(-5.334947853226E-3,-1.115E1,-5.774200549533E-1));
#6220=CARTESIAN_POINT('',(1.406500180771E-1,-1.115E1,-6.281755890164E-1));
#6221=CARTESIAN_POINT('',(3.247203076552E-1,-1.115E1,-7.117016511283E-1));
#6222=CARTESIAN_POINT('',(5.337696156288E-1,-1.115E1,-8.442375896271E-1));
#6223=CARTESIAN_POINT('',(7.473311664331E-1,-1.115E1,-1.043198755654E0));
#6224=CARTESIAN_POINT('',(9.199342047681E-1,-1.115E1,-1.277018686864E0));
#6225=CARTESIAN_POINT('',(1.047920909837E0,-1.115E1,-1.540525866444E0));
#6226=CARTESIAN_POINT('',(1.114358593763E0,-1.115E1,-1.780895713861E0));
#6227=CARTESIAN_POINT('',(1.141528547317E0,-1.115E1,-1.982498914489E0));
#6228=CARTESIAN_POINT('',(1.148484304549E0,-1.115E1,-2.138645526056E0));
#6229=CARTESIAN_POINT('',(1.141543820185E0,-1.115E1,-2.292690704608E0));
#6230=CARTESIAN_POINT('',(1.114349776252E0,-1.115E1,-2.486110022786E0));
#6231=CARTESIAN_POINT('',(1.047923903090E0,-1.115E1,-2.709577627949E0));
#6232=CARTESIAN_POINT('',(9.199334114195E-1,-1.115E1,-2.942830754750E0));
#6233=CARTESIAN_POINT('',(7.473313465747E-1,-1.115E1,-3.137107484740E0));
#6234=CARTESIAN_POINT('',(5.337696884113E-1,-1.115E1,-3.287933247935E0));
#6235=CARTESIAN_POINT('',(3.247203113455E-1,-1.115E1,-3.373757528698E0));
#6236=CARTESIAN_POINT('',(1.406499968781E-1,-1.115E1,-3.416304367486E0));
#6237=CARTESIAN_POINT('',(-5.334964282424E-3,-1.115E1,-3.434611485395E0));
#6238=CARTESIAN_POINT('',(-1.333072215444E-1,-1.115E1,-3.438063715510E0));
#6239=CARTESIAN_POINT('',(-2.390473987787E-1,-1.115E1,-3.433490641786E0));
#6240=CARTESIAN_POINT('',(-2.933402147833E-1,-1.115E1,-3.428675653822E0));
#6241=CARTESIAN_POINT('',(-3.204866483267E-1,-1.115E1,-3.425662971359E0));
#6243=CURVE_STYLE('',#20,POSITIVE_LENGTH_MEASURE(2.E-2),#5);
#6244=PRESENTATION_STYLE_ASSIGNMENT((#6243));
#6245=STYLED_ITEM('',(#6244),#6242);
#6246=CARTESIAN_POINT('',(2.425580012555E0,-1.115E1,-2.028974050269E0));
#6247=CARTESIAN_POINT('',(2.425580012555E0,-1.115E1,-1.682553729264E0));
#6248=CARTESIAN_POINT('',(2.311681805760E0,-1.115E1,-1.154720609196E0));
#6249=CARTESIAN_POINT('',(1.977204053994E0,-1.115E1,-5.382267064683E-1));
#6250=CARTESIAN_POINT('',(1.643080678552E0,-1.115E1,-1.193228119066E-1));
#6251=CARTESIAN_POINT('',(1.236465114143E0,-1.115E1,2.408972516468E-1));
#6252=CARTESIAN_POINT('',(8.464954712057E-1,-1.115E1,4.822451250513E-1));
#6253=CARTESIAN_POINT('',(5.090556531678E-1,-1.115E1,6.347659945341E-1));
#6254=CARTESIAN_POINT('',(2.425567580698E-1,-1.115E1,7.279963061279E-1));
#6255=CARTESIAN_POINT('',(1.226020062737E-2,-1.115E1,7.860719409335E-1));
#6256=CARTESIAN_POINT('',(-1.764731074610E-1,-1.115E1,8.202526910527E-1));
#6257=CARTESIAN_POINT('',(-3.201183094839E-1,-1.115E1,8.395355241421E-1));
#6258=CARTESIAN_POINT('',(-4.637675870414E-1,-1.115E1,8.521701765634E-1));
#6259=CARTESIAN_POINT('',(-6.515878203226E-1,-1.115E1,8.598873778741E-1));
#6260=CARTESIAN_POINT('',(-8.808992238903E-1,-1.115E1,8.531768924282E-1));
#6261=CARTESIAN_POINT('',(-1.147734338808E0,-1.115E1,8.192964473279E-1));
#6262=CARTESIAN_POINT('',(-1.483241298938E0,-1.115E1,7.424285899731E-1));
#6263=CARTESIAN_POINT('',(-1.873468111670E0,-1.115E1,5.887254873297E-1));
#6264=CARTESIAN_POINT('',(-2.283643192147E0,-1.115E1,3.170778121936E-1));
#6265=CARTESIAN_POINT('',(-2.620381987903E0,-1.115E1,-3.074703569139E-2));
#6266=CARTESIAN_POINT('',(-2.962088015867E0,-1.115E1,-5.878060644609E-1));
#6267=CARTESIAN_POINT('',(-3.066553309204E0,-1.115E1,-1.088325188673E0));
#6268=CARTESIAN_POINT('',(-3.066553309204E0,-1.115E1,-1.419466509889E0));
#6270=CURVE_STYLE('',#20,POSITIVE_LENGTH_MEASURE(2.E-2),#5);
#6271=PRESENTATION_STYLE_ASSIGNMENT((#6270));
#6272=STYLED_ITEM('',(#6271),#6269);
#6273=CARTESIAN_POINT('',(1.697230107400E0,-1.115E1,-3.630113418026E0));
#6274=CARTESIAN_POINT('',(1.813481267365E0,-1.115E1,-3.551155221098E0));
#6275=CARTESIAN_POINT('',(2.028639545829E0,-1.115E1,-3.363766781882E0));
#6276=CARTESIAN_POINT('',(2.359452741438E0,-1.115E1,-2.842845525473E0));
#6277=CARTESIAN_POINT('',(2.425580012552E0,-1.115E1,-2.356881758634E0));
#6278=CARTESIAN_POINT('',(2.425580012555E0,-1.115E1,-2.028974050269E0));
#6280=CURVE_STYLE('',#20,POSITIVE_LENGTH_MEASURE(2.E-2),#5);
#6281=PRESENTATION_STYLE_ASSIGNMENT((#6280));
#6282=STYLED_ITEM('',(#6281),#6279);
#6283=DIRECTION('',(-9.945194398532E-1,0.E0,1.045518232936E-1));
#6284=VECTOR('',#6283,2.677765438723E0);
#6285=CARTESIAN_POINT('',(4.360319891578E0,-1.115E1,-3.910078676998E0));
#6286=LINE('',#6285,#6284);
#6287=CURVE_STYLE('',#20,POSITIVE_LENGTH_MEASURE(2.E-2),#5);
#6288=PRESENTATION_STYLE_ASSIGNMENT((#6287));
#6289=STYLED_ITEM('',(#6288),#6286);
#6290=DIRECTION('',(0.E0,0.E0,1.E0));
#6291=VECTOR('',#6290,1.347470459591E0);
#6292=CARTESIAN_POINT('',(4.360319891578E0,-1.115E1,-5.257549136589E0));
#6293=LINE('',#6292,#6291);
#6294=CURVE_STYLE('',#20,POSITIVE_LENGTH_MEASURE(2.E-2),#5);
#6295=PRESENTATION_STYLE_ASSIGNMENT((#6294));
#6296=STYLED_ITEM('',(#6295),#6293);
#6297=DIRECTION('',(9.945173280506E-1,0.E0,-1.045719092634E-1));
#6298=VECTOR('',#6297,7.321378072588E0);
#6299=CARTESIAN_POINT('',(-2.920917466821E0,-1.115E1,-4.491938653099E0));
#6300=LINE('',#6299,#6298);
#6301=CURVE_STYLE('',#20,POSITIVE_LENGTH_MEASURE(2.E-2),#5);
#6302=PRESENTATION_STYLE_ASSIGNMENT((#6301));
#6303=STYLED_ITEM('',(#6302),#6300);
#6304=DIRECTION('',(-1.633278679481E-4,0.E0,-9.999999866620E-1));
#6305=VECTOR('',#6304,1.347125753022E0);
#6306=CARTESIAN_POINT('',(-2.920697443644E0,-1.115E1,-3.144812918045E0));
#6307=LINE('',#6306,#6305);
#6308=CURVE_STYLE('',#20,POSITIVE_LENGTH_MEASURE(2.E-2),#5);
#6309=PRESENTATION_STYLE_ASSIGNMENT((#6308));
#6310=STYLED_ITEM('',(#6309),#6307);
#6311=DIRECTION('',(-9.945218953686E-1,0.E0,1.045284632645E-1));
#6312=VECTOR('',#6311,6.171205062948E-1);
#6313=CARTESIAN_POINT('',(-2.306957588053E0,-1.115E1,-3.209319576217E0));
#6314=LINE('',#6313,#6312);
#6315=CURVE_STYLE('',#20,POSITIVE_LENGTH_MEASURE(2.E-2),#5);
#6316=PRESENTATION_STYLE_ASSIGNMENT((#6315));
#6317=STYLED_ITEM('',(#6316),#6314);
#6318=CARTESIAN_POINT('',(-3.066553309204E0,-1.115E1,-1.419466509889E0));
#6319=CARTESIAN_POINT('',(-3.066553309204E0,-1.115E1,-1.766210302934E0));
#6320=CARTESIAN_POINT('',(-2.951679050546E0,-1.115E1,-2.443680983898E0));
#6321=CARTESIAN_POINT('',(-2.542426247444E0,-1.115E1,-2.997124617890E0));
#6322=CARTESIAN_POINT('',(-2.306957588053E0,-1.115E1,-3.209319576217E0));
#6324=CURVE_STYLE('',#20,POSITIVE_LENGTH_MEASURE(2.E-2),#5);
#6325=PRESENTATION_STYLE_ASSIGNMENT((#6324));
#6326=STYLED_ITEM('',(#6325),#6323);
#6327=CARTESIAN_POINT('',(2.433887388210E0,-1.115E1,-8.467746848238E0));
#6328=CARTESIAN_POINT('',(2.433887388210E0,-1.115E1,-8.123061382543E0));
#6329=CARTESIAN_POINT('',(2.319176072908E0,-1.115E1,-7.597363013283E0));
#6330=CARTESIAN_POINT('',(1.984569785189E0,-1.115E1,-6.983202782777E0));
#6331=CARTESIAN_POINT('',(1.649977593873E0,-1.115E1,-6.564581722127E0));
#6332=CARTESIAN_POINT('',(1.242829105613E0,-1.115E1,-6.203894816511E0));
#6333=CARTESIAN_POINT('',(8.523835088706E-1,-1.115E1,-5.961659138812E0));
#6334=CARTESIAN_POINT('',(5.144681963445E-1,-1.115E1,-5.808169052848E0));
#6335=CARTESIAN_POINT('',(2.475793299751E-1,-1.115E1,-5.714114217793E0));
#6336=CARTESIAN_POINT('',(1.693312690305E-2,-1.115E1,-5.655293510204E0));
#6337=CARTESIAN_POINT('',(-1.720932997290E-1,-1.115E1,-5.620494267859E0));
#6338=CARTESIAN_POINT('',(-3.159548192237E-1,-1.115E1,-5.600739942596E0));
#6339=CARTESIAN_POINT('',(-4.598206798468E-1,-1.115E1,-5.587633679165E0));
#6340=CARTESIAN_POINT('',(-6.479099048369E-1,-1.115E1,-5.579297891569E0));
#6341=CARTESIAN_POINT('',(-8.775449224686E-1,-1.115E1,-5.585239577308E0));
#6342=CARTESIAN_POINT('',(-1.144778307234E0,-1.115E1,-5.618193177121E0));
#6343=CARTESIAN_POINT('',(-1.480704697377E0,-1.115E1,-5.693812427360E0));
#6344=CARTESIAN_POINT('',(-1.871390103314E0,-1.115E1,-5.845834155961E0));
#6345=CARTESIAN_POINT('',(-2.282181847336E0,-1.115E1,-6.115306743949E0));
#6346=CARTESIAN_POINT('',(-2.619467431544E0,-1.115E1,-6.460714090022E0));
#6347=CARTESIAN_POINT('',(-2.961549168421E0,-1.115E1,-7.013632626597E0));
#6348=CARTESIAN_POINT('',(-3.066553723607E0,-1.115E1,-7.511263046841E0));
#6349=CARTESIAN_POINT('',(-3.066553723607E0,-1.115E1,-7.840223122701E0));
#6351=CURVE_STYLE('',#20,POSITIVE_LENGTH_MEASURE(2.E-2),#5);
#6352=PRESENTATION_STYLE_ASSIGNMENT((#6351));
#6353=STYLED_ITEM('',(#6352),#6350);
#6354=CARTESIAN_POINT('',(1.725751182222E0,-1.115E1,-1.005713172174E1));
#6355=CARTESIAN_POINT('',(1.839442646183E0,-1.115E1,-9.978405517134E0));
#6356=CARTESIAN_POINT('',(2.049768252361E0,-1.115E1,-9.792573185517E0));
#6357=CARTESIAN_POINT('',(2.279361861016E0,-1.115E1,-9.424289541884E0));
#6358=CARTESIAN_POINT('',(2.410994418523E0,-1.115E1,-8.972479700636E0));
#6359=CARTESIAN_POINT('',(2.433887388210E0,-1.115E1,-8.643761867994E0));
#6360=CARTESIAN_POINT('',(2.433887388210E0,-1.115E1,-8.467746848238E0));
#6362=CURVE_STYLE('',#20,POSITIVE_LENGTH_MEASURE(2.E-2),#5);
#6363=PRESENTATION_STYLE_ASSIGNMENT((#6362));
#6364=STYLED_ITEM('',(#6363),#6361);
#6365=DIRECTION('',(-9.945228752002E-1,0.E0,1.045191403688E-1));
#6366=VECTOR('',#6365,5.607172463838E-1);
#6367=CARTESIAN_POINT('',(2.283397310270E0,-1.115E1,-1.011573740632E1));
#6368=LINE('',#6367,#6366);
#6369=CURVE_STYLE('',#20,POSITIVE_LENGTH_MEASURE(2.E-2),#5);
#6370=PRESENTATION_STYLE_ASSIGNMENT((#6369));
#6371=STYLED_ITEM('',(#6370),#6368);
#6372=DIRECTION('',(0.E0,0.E0,1.E0));
#6373=VECTOR('',#6372,1.350896736993E0);
#6374=CARTESIAN_POINT('',(2.283397310270E0,-1.115E1,-1.146663414332E1));
#6375=LINE('',#6374,#6373);
#6376=CURVE_STYLE('',#20,POSITIVE_LENGTH_MEASURE(2.E-2),#5);
#6377=PRESENTATION_STYLE_ASSIGNMENT((#6376));
#6378=STYLED_ITEM('',(#6377),#6375);
#6379=DIRECTION('',(9.944481815213E-1,0.E0,-1.052274406651E-1));
#6380=VECTOR('',#6379,5.233369494557E0);
#6381=CARTESIAN_POINT('',(-2.920917466821E0,-1.115E1,-1.091594006535E1));
#6382=LINE('',#6381,#6380);
#6383=CURVE_STYLE('',#20,POSITIVE_LENGTH_MEASURE(2.E-2),#5);
#6384=PRESENTATION_STYLE_ASSIGNMENT((#6383));
#6385=STYLED_ITEM('',(#6384),#6382);
#6386=DIRECTION('',(-1.632250676751E-4,0.E0,-9.999999866788E-1));
#6387=VECTOR('',#6386,1.347125753E0);
#6388=CARTESIAN_POINT('',(-2.920697582129E0,-1.115E1,-9.568814330294E0));
#6389=LINE('',#6388,#6387);
#6390=CURVE_STYLE('',#20,POSITIVE_LENGTH_MEASURE(2.E-2),#5);
#6391=PRESENTATION_STYLE_ASSIGNMENT((#6390));
#6392=STYLED_ITEM('',(#6391),#6389);
#6393=DIRECTION('',(-9.945228775812E-1,0.E0,1.045191177134E-1));
#6394=VECTOR('',#6393,6.160429318065E-1);
#6395=CARTESIAN_POINT('',(-2.308028792875E0,-1.115E1,-9.633202594E0));
#6396=LINE('',#6395,#6394);
#6397=CURVE_STYLE('',#20,POSITIVE_LENGTH_MEASURE(2.E-2),#5);
#6398=PRESENTATION_STYLE_ASSIGNMENT((#6397));
#6399=STYLED_ITEM('',(#6398),#6396);
#6400=CARTESIAN_POINT('',(-3.066553723607E0,-1.115E1,-7.840223122701E0));
#6401=CARTESIAN_POINT('',(-3.066553723638E0,-1.115E1,-8.187629202018E0));
#6402=CARTESIAN_POINT('',(-2.947077439076E0,-1.115E1,-8.864639789587E0));
#6403=CARTESIAN_POINT('',(-2.540962829755E0,-1.115E1,-9.418748326680E0));
#6404=CARTESIAN_POINT('',(-2.308028792875E0,-1.115E1,-9.633202594E0));
#6406=CURVE_STYLE('',#20,POSITIVE_LENGTH_MEASURE(2.E-2),#5);
#6407=PRESENTATION_STYLE_ASSIGNMENT((#6406));
#6408=STYLED_ITEM('',(#6407),#6405);
#6409=CARTESIAN_POINT('',(-3.163331676962E-1,-1.115E1,-9.865936038700E0));
#6410=CARTESIAN_POINT('',(-3.435192846894E-1,-1.115E1,-9.862834463568E0));
#6411=CARTESIAN_POINT('',(-3.978915698305E-1,-1.115E1,-9.855421058689E0));
#6412=CARTESIAN_POINT('',(-5.037869186766E-1,-1.115E1,-9.836175491474E0));
#6413=CARTESIAN_POINT('',(-6.319476718861E-1,-1.115E1,-9.803886944341E0));
#6414=CARTESIAN_POINT('',(-7.781486508824E-1,-1.115E1,-9.752652986119E0));
#6415=CARTESIAN_POINT('',(-9.624925000144E-1,-1.115E1,-9.668524138560E0));
#6416=CARTESIAN_POINT('',(-1.171854421075E0,-1.115E1,-9.535306813005E0));
#6417=CARTESIAN_POINT('',(-1.385738147906E0,-1.115E1,-9.335640309771E0));
#6418=CARTESIAN_POINT('',(-1.558603274176E0,-1.115E1,-9.101255378277E0));
#6419=CARTESIAN_POINT('',(-1.686785676679E0,-1.115E1,-8.837327770157E0));
#6420=CARTESIAN_POINT('',(-1.753325592465E0,-1.115E1,-8.596739876300E0));
#6421=CARTESIAN_POINT('',(-1.780537513282E0,-1.115E1,-8.395047442775E0));
#6422=CARTESIAN_POINT('',(-1.787504052921E0,-1.115E1,-8.238877990668E0));
#6423=CARTESIAN_POINT('',(-1.780552809825E0,-1.115E1,-8.084855610016E0));
#6424=CARTESIAN_POINT('',(-1.753316761290E0,-1.115E1,-7.891525613267E0));
#6425=CARTESIAN_POINT('',(-1.686788674539E0,-1.115E1,-7.668276028032E0));
#6426=CARTESIAN_POINT('',(-1.558602479718E0,-1.115E1,-7.435443349818E0));
#6427=CARTESIAN_POINT('',(-1.385738327879E0,-1.115E1,-7.241731643585E0));
#6428=CARTESIAN_POINT('',(-1.171854495641E0,-1.115E1,-7.091611165517E0));
#6429=CARTESIAN_POINT('',(-9.624925036643E-1,-1.115E1,-7.006468325714E0));
#6430=CARTESIAN_POINT('',(-7.781486293993E-1,-1.115E1,-6.964524284044E0));
#6431=CARTESIAN_POINT('',(-6.319476552183E-1,-1.115E1,-6.946695582892E0));
#6432=CARTESIAN_POINT('',(-5.037869114097E-1,-1.115E1,-6.943662863169E0));
#6433=CARTESIAN_POINT('',(-3.978482646244E-1,-1.115E1,-6.948584409043E0));
#6434=CARTESIAN_POINT('',(-3.434303449153E-1,-1.115E1,-6.953583439636E0));
#6435=CARTESIAN_POINT('',(-3.161997601539E-1,-1.115E1,-6.956692035062E0));
#6437=CURVE_STYLE('',#20,POSITIVE_LENGTH_MEASURE(2.E-2),#5);
#6438=PRESENTATION_STYLE_ASSIGNMENT((#6437));
#6439=STYLED_ITEM('',(#6438),#6436);
#6440=CARTESIAN_POINT('',(-3.161997601539E-1,-1.115E1,-6.956692035062E0));
#6441=CARTESIAN_POINT('',(-2.890567328347E-1,-1.115E1,-6.959790635086E0));
#6442=CARTESIAN_POINT('',(-2.347274224088E-1,-1.115E1,-6.967200098579E0));
#6443=CARTESIAN_POINT('',(-1.288705929191E-1,-1.115E1,-6.986435584287E0));
#6444=CARTESIAN_POINT('',(-7.047460491153E-4,-1.115E1,-7.018711610589E0));
#6445=CARTESIAN_POINT('',(1.455010453232E-1,-1.115E1,-7.069899847317E0));
#6446=CARTESIAN_POINT('',(3.298497813846E-1,-1.115E1,-7.153906582303E0));
#6447=CARTESIAN_POINT('',(5.392152457176E-1,-1.115E1,-7.286820392561E0));
#6448=CARTESIAN_POINT('',(7.531001197462E-1,-1.115E1,-7.485743322632E0));
#6449=CARTESIAN_POINT('',(9.259632298406E-1,-1.115E1,-7.718897694409E0));
#6450=CARTESIAN_POINT('',(1.054147341093E0,-1.115E1,-7.980978654060E0));
#6451=CARTESIAN_POINT('',(1.120673691813E0,-1.115E1,-8.219407897543E0));
#6452=CARTESIAN_POINT('',(1.147908871773E0,-1.115E1,-8.418952302836E0));
#6453=CARTESIAN_POINT('',(1.154859854709E0,-1.115E1,-8.574560733861E0));
#6454=CARTESIAN_POINT('',(1.147893575803E0,-1.115E1,-8.729140645417E0));
#6455=CARTESIAN_POINT('',(1.120682522657E0,-1.115E1,-8.924624175569E0));
#6456=CARTESIAN_POINT('',(1.054144343346E0,-1.115E1,-9.150029712167E0));
#6457=CARTESIAN_POINT('',(9.259640242691E-1,-1.115E1,-9.384709904165E0));
#6458=CARTESIAN_POINT('',(7.530999397799E-1,-1.115E1,-9.579651947669E0));
#6459=CARTESIAN_POINT('',(5.392151711541E-1,-1.115E1,-9.730516023361E0));
#6460=CARTESIAN_POINT('',(3.298497777348E-1,-1.115E1,-9.815962393362E0));
#6461=CARTESIAN_POINT('',(1.455010668055E-1,-1.115E1,-9.858028555948E0));
#6462=CARTESIAN_POINT('',(-7.047293819643E-4,-1.115E1,-9.875902969527E0));
#6463=CARTESIAN_POINT('',(-1.288705856525E-1,-1.115E1,-9.878948232864E0));
#6464=CARTESIAN_POINT('',(-2.347707251245E-1,-1.115E1,-9.874030859160E0));
#6465=CARTESIAN_POINT('',(-2.891456697857E-1,-1.115E1,-9.869037771376E0));
#6466=CARTESIAN_POINT('',(-3.163331676962E-1,-1.115E1,-9.865936038700E0));
#6468=CURVE_STYLE('',#20,POSITIVE_LENGTH_MEASURE(2.E-2),#5);
#6469=PRESENTATION_STYLE_ASSIGNMENT((#6468));
#6470=STYLED_ITEM('',(#6469),#6467);
#6471=DIRECTION('',(0.E0,1.E0,-1.015061051086E-14));
#6472=VECTOR('',#6471,3.5E-1);
#6473=CARTESIAN_POINT('',(2.134742660034E0,-1.15E1,1.084044176714E1));
#6474=LINE('',#6473,#6472);
#6475=CURVE_STYLE('',#20,POSITIVE_LENGTH_MEASURE(2.E-2),#5);
#6476=PRESENTATION_STYLE_ASSIGNMENT((#6475));
#6477=STYLED_ITEM('',(#6476),#6474);
#6478=DIRECTION('',(0.E0,1.E0,-1.015061051086E-14));
#6479=VECTOR('',#6478,3.5E-1);
#6480=CARTESIAN_POINT('',(-2.920699812074E0,-1.15E1,1.137208260540E1));
#6481=LINE('',#6480,#6479);
#6482=CURVE_STYLE('',#20,POSITIVE_LENGTH_MEASURE(2.E-2),#5);
#6483=PRESENTATION_STYLE_ASSIGNMENT((#6482));
#6484=STYLED_ITEM('',(#6483),#6481);
#6485=DIRECTION('',(0.E0,1.E0,0.E0));
#6486=VECTOR('',#6485,3.5E-1);
#6487=CARTESIAN_POINT('',(-2.920699812074E0,-1.15E1,1.283250757075E1));
#6488=LINE('',#6487,#6486);
#6489=CURVE_STYLE('',#20,POSITIVE_LENGTH_MEASURE(2.E-2),#5);
#6490=PRESENTATION_STYLE_ASSIGNMENT((#6489));
#6491=STYLED_ITEM('',(#6490),#6488);
#6492=DIRECTION('',(0.E0,1.E0,0.E0));
#6493=VECTOR('',#6492,3.5E-1);
#6494=CARTESIAN_POINT('',(7.624571360020E-1,-1.15E1,1.244556970718E1));
#6495=LINE('',#6494,#6493);
#6496=CURVE_STYLE('',#20,POSITIVE_LENGTH_MEASURE(2.E-2),#5);
#6497=PRESENTATION_STYLE_ASSIGNMENT((#6496));
#6498=STYLED_ITEM('',(#6497),#6495);
#6499=DIRECTION('',(0.E0,1.E0,0.E0));
#6500=VECTOR('',#6499,3.5E-1);
#6501=CARTESIAN_POINT('',(7.624571360020E-1,-1.15E1,1.434505938822E1));
#6502=LINE('',#6501,#6500);
#6503=CURVE_STYLE('',#20,POSITIVE_LENGTH_MEASURE(2.E-2),#5);
#6504=PRESENTATION_STYLE_ASSIGNMENT((#6503));
#6505=STYLED_ITEM('',(#6504),#6502);
#6506=DIRECTION('',(0.E0,1.E0,0.E0));
#6507=VECTOR('',#6506,3.5E-1);
#6508=CARTESIAN_POINT('',(2.137527248313E0,-1.15E1,1.419944566878E1));
#6509=LINE('',#6508,#6507);
#6510=CURVE_STYLE('',#20,POSITIVE_LENGTH_MEASURE(2.E-2),#5);
#6511=PRESENTATION_STYLE_ASSIGNMENT((#6510));
#6512=STYLED_ITEM('',(#6511),#6509);
#6513=DIRECTION('',(0.E0,1.E0,0.E0));
#6514=VECTOR('',#6513,3.5E-1);
#6515=CARTESIAN_POINT('',(1.225479227041E0,-1.15E1,7.331493253091E0));
#6516=LINE('',#6515,#6514);
#6517=CURVE_STYLE('',#20,POSITIVE_LENGTH_MEASURE(2.E-2),#5);
#6518=PRESENTATION_STYLE_ASSIGNMENT((#6517));
#6519=STYLED_ITEM('',(#6518),#6516);
#6520=DIRECTION('',(0.E0,1.E0,0.E0));
#6521=VECTOR('',#6520,3.5E-1);
#6522=CARTESIAN_POINT('',(1.733063810825E-1,-1.15E1,8.816885E0));
#6523=LINE('',#6522,#6521);
#6524=CURVE_STYLE('',#20,POSITIVE_LENGTH_MEASURE(2.E-2),#5);
#6525=PRESENTATION_STYLE_ASSIGNMENT((#6524));
#6526=STYLED_ITEM('',(#6525),#6523);
#6527=DIRECTION('',(0.E0,1.E0,0.E0));
#6528=VECTOR('',#6527,3.5E-1);
#6529=CARTESIAN_POINT('',(1.733054934827E-1,-1.15E1,6.138654303228E0));
#6530=LINE('',#6529,#6528);
#6531=CURVE_STYLE('',#20,POSITIVE_LENGTH_MEASURE(2.E-2),#5);
#6532=PRESENTATION_STYLE_ASSIGNMENT((#6531));
#6533=STYLED_ITEM('',(#6532),#6530);
#6534=DIRECTION('',(0.E0,1.E0,0.E0));
#6535=VECTOR('',#6534,3.5E-1);
#6536=CARTESIAN_POINT('',(-8.684451816360E-1,-1.15E1,4.944730539050E0));
#6537=LINE('',#6536,#6535);
#6538=CURVE_STYLE('',#20,POSITIVE_LENGTH_MEASURE(2.E-2),#5);
#6539=PRESENTATION_STYLE_ASSIGNMENT((#6538));
#6540=STYLED_ITEM('',(#6539),#6537);
#6541=DIRECTION('',(0.E0,1.E0,0.E0));
#6542=VECTOR('',#6541,3.5E-1);
#6543=CARTESIAN_POINT('',(-8.684438693871E-1,-1.15E1,8.904292257396E0));
#6544=LINE('',#6543,#6542);
#6545=CURVE_STYLE('',#20,POSITIVE_LENGTH_MEASURE(2.E-2),#5);
#6546=PRESENTATION_STYLE_ASSIGNMENT((#6545));
#6547=STYLED_ITEM('',(#6546),#6544);
#6548=DIRECTION('',(0.E0,1.E0,0.E0));
#6549=VECTOR('',#6548,3.5E-1);
#6550=CARTESIAN_POINT('',(-1.847700701073E0,-1.15E1,7.525311008583E0));
#6551=LINE('',#6550,#6549);
#6552=CURVE_STYLE('',#20,POSITIVE_LENGTH_MEASURE(2.E-2),#5);
#6553=PRESENTATION_STYLE_ASSIGNMENT((#6552));
#6554=STYLED_ITEM('',(#6553),#6551);
#6555=DIRECTION('',(0.E0,1.E0,0.E0));
#6556=VECTOR('',#6555,3.5E-1);
#6557=CARTESIAN_POINT('',(-1.326814857165E0,-1.15E1,6.294784295604E0));
#6558=LINE('',#6557,#6556);
#6559=CURVE_STYLE('',#20,POSITIVE_LENGTH_MEASURE(2.E-2),#5);
#6560=PRESENTATION_STYLE_ASSIGNMENT((#6559));
#6561=STYLED_ITEM('',(#6560),#6558);
#6562=DIRECTION('',(0.E0,1.E0,0.E0));
#6563=VECTOR('',#6562,3.5E-1);
#6564=CARTESIAN_POINT('',(-1.951865365271E0,-1.15E1,5.267547116517E0));
#6565=LINE('',#6564,#6563);
#6566=CURVE_STYLE('',#20,POSITIVE_LENGTH_MEASURE(2.E-2),#5);
#6567=PRESENTATION_STYLE_ASSIGNMENT((#6566));
#6568=STYLED_ITEM('',(#6567),#6565);
#6569=DIRECTION('',(0.E0,1.E0,0.E0));
#6570=VECTOR('',#6569,3.5E-1);
#6571=CARTESIAN_POINT('',(3.126239278494E0,-1.15E1,1.073559870078E1));
#6572=LINE('',#6571,#6570);
#6573=CURVE_STYLE('',#20,POSITIVE_LENGTH_MEASURE(2.E-2),#5);
#6574=PRESENTATION_STYLE_ASSIGNMENT((#6573));
#6575=STYLED_ITEM('',(#6574),#6572);
#6576=DIRECTION('',(0.E0,1.E0,0.E0));
#6577=VECTOR('',#6576,3.5E-1);
#6578=CARTESIAN_POINT('',(3.126239278494E0,-1.15E1,1.219712619248E1));
#6579=LINE('',#6578,#6577);
#6580=CURVE_STYLE('',#20,POSITIVE_LENGTH_MEASURE(2.E-2),#5);
#6581=PRESENTATION_STYLE_ASSIGNMENT((#6580));
#6582=STYLED_ITEM('',(#6581),#6579);
#6583=DIRECTION('',(0.E0,1.E0,0.E0));
#6584=VECTOR('',#6583,3.5E-1);
#6585=CARTESIAN_POINT('',(4.470102581255E0,-1.15E1,1.205588046769E1));
#6586=LINE('',#6585,#6584);
#6587=CURVE_STYLE('',#20,POSITIVE_LENGTH_MEASURE(2.E-2),#5);
#6588=PRESENTATION_STYLE_ASSIGNMENT((#6587));
#6589=STYLED_ITEM('',(#6588),#6586);
#6590=DIRECTION('',(0.E0,1.E0,0.E0));
#6591=VECTOR('',#6590,3.5E-1);
#6592=CARTESIAN_POINT('',(4.470102581255E0,-1.15E1,1.059435297599E1));
#6593=LINE('',#6592,#6591);
#6594=CURVE_STYLE('',#20,POSITIVE_LENGTH_MEASURE(2.E-2),#5);
#6595=PRESENTATION_STYLE_ASSIGNMENT((#6594));
#6596=STYLED_ITEM('',(#6595),#6593);
#6597=DIRECTION('',(0.E0,1.E0,0.E0));
#6598=VECTOR('',#6597,3.5E-1);
#6599=CARTESIAN_POINT('',(2.283397310266E0,-1.15E1,3.724080466055E0));
#6600=LINE('',#6599,#6598);
#6601=CURVE_STYLE('',#20,POSITIVE_LENGTH_MEASURE(2.E-2),#5);
#6602=PRESENTATION_STYLE_ASSIGNMENT((#6601));
#6603=STYLED_ITEM('',(#6602),#6600);
#6604=DIRECTION('',(0.E0,1.E0,0.E0));
#6605=VECTOR('',#6604,3.5E-1);
#6606=CARTESIAN_POINT('',(2.283397310266E0,-1.15E1,1.276158919698E0));
#6607=LINE('',#6606,#6605);
#6608=CURVE_STYLE('',#20,POSITIVE_LENGTH_MEASURE(2.E-2),#5);
#6609=PRESENTATION_STYLE_ASSIGNMENT((#6608));
#6610=STYLED_ITEM('',(#6609),#6607);
#6611=DIRECTION('',(0.E0,1.E0,0.E0));
#6612=VECTOR('',#6611,3.5E-1);
#6613=CARTESIAN_POINT('',(9.082900959065E-1,-1.15E1,1.420688511931E0));
#6614=LINE('',#6613,#6612);
#6615=CURVE_STYLE('',#20,POSITIVE_LENGTH_MEASURE(2.E-2),#5);
#6616=PRESENTATION_STYLE_ASSIGNMENT((#6615));
#6617=STYLED_ITEM('',(#6616),#6614);
#6618=DIRECTION('',(0.E0,1.E0,0.E0));
#6619=VECTOR('',#6618,3.5E-1);
#6620=CARTESIAN_POINT('',(9.082900959065E-1,-1.15E1,2.407500699426E0));
#6621=LINE('',#6620,#6619);
#6622=CURVE_STYLE('',#20,POSITIVE_LENGTH_MEASURE(2.E-2),#5);
#6623=PRESENTATION_STYLE_ASSIGNMENT((#6622));
#6624=STYLED_ITEM('',(#6623),#6621);
#6625=DIRECTION('',(0.E0,1.E0,0.E0));
#6626=VECTOR('',#6625,3.5E-1);
#6627=CARTESIAN_POINT('',(-2.920697443644E0,-1.15E1,2.810629856799E0));
#6628=LINE('',#6627,#6626);
#6629=CURVE_STYLE('',#20,POSITIVE_LENGTH_MEASURE(2.E-2),#5);
#6630=PRESENTATION_STYLE_ASSIGNMENT((#6629));
#6631=STYLED_ITEM('',(#6630),#6628);
#6632=DIRECTION('',(0.E0,1.E0,0.E0));
#6633=VECTOR('',#6632,3.5E-1);
#6634=CARTESIAN_POINT('',(-2.920697443644E0,-1.15E1,4.271052865638E0));
#6635=LINE('',#6634,#6633);
#6636=CURVE_STYLE('',#20,POSITIVE_LENGTH_MEASURE(2.E-2),#5);
#6637=PRESENTATION_STYLE_ASSIGNMENT((#6636));
#6638=STYLED_ITEM('',(#6637),#6635);
#6639=DIRECTION('',(0.E0,1.E0,0.E0));
#6640=VECTOR('',#6639,3.5E-1);
#6641=CARTESIAN_POINT('',(-3.204866483267E-1,-1.15E1,-3.425662971359E0));
#6642=LINE('',#6641,#6640);
#6643=CURVE_STYLE('',#20,POSITIVE_LENGTH_MEASURE(2.E-2),#5);
#6644=PRESENTATION_STYLE_ASSIGNMENT((#6643));
#6645=STYLED_ITEM('',(#6644),#6642);
#6646=DIRECTION('',(0.E0,1.E0,0.E0));
#6647=VECTOR('',#6646,3.5E-1);
#6648=CARTESIAN_POINT('',(-3.203551082432E-1,-1.15E1,-5.164182754166E-1));
#6649=LINE('',#6648,#6647);
#6650=CURVE_STYLE('',#20,POSITIVE_LENGTH_MEASURE(2.E-2),#5);
#6651=PRESENTATION_STYLE_ASSIGNMENT((#6650));
#6652=STYLED_ITEM('',(#6651),#6649);
#6653=DIRECTION('',(0.E0,1.E0,0.E0));
#6654=VECTOR('',#6653,3.5E-1);
#6655=CARTESIAN_POINT('',(2.425580012555E0,-1.15E1,-2.028974050269E0));
#6656=LINE('',#6655,#6654);
#6657=CURVE_STYLE('',#20,POSITIVE_LENGTH_MEASURE(2.E-2),#5);
#6658=PRESENTATION_STYLE_ASSIGNMENT((#6657));
#6659=STYLED_ITEM('',(#6658),#6656);
#6660=DIRECTION('',(0.E0,1.E0,0.E0));
#6661=VECTOR('',#6660,3.5E-1);
#6662=CARTESIAN_POINT('',(1.697230107400E0,-1.15E1,-3.630113418026E0));
#6663=LINE('',#6662,#6661);
#6664=CURVE_STYLE('',#20,POSITIVE_LENGTH_MEASURE(2.E-2),#5);
#6665=PRESENTATION_STYLE_ASSIGNMENT((#6664));
#6666=STYLED_ITEM('',(#6665),#6663);
#6667=DIRECTION('',(0.E0,1.E0,0.E0));
#6668=VECTOR('',#6667,3.5E-1);
#6669=CARTESIAN_POINT('',(4.360319891578E0,-1.15E1,-3.910078676998E0));
#6670=LINE('',#6669,#6668);
#6671=CURVE_STYLE('',#20,POSITIVE_LENGTH_MEASURE(2.E-2),#5);
#6672=PRESENTATION_STYLE_ASSIGNMENT((#6671));
#6673=STYLED_ITEM('',(#6672),#6670);
#6674=DIRECTION('',(0.E0,1.E0,0.E0));
#6675=VECTOR('',#6674,3.5E-1);
#6676=CARTESIAN_POINT('',(4.360319891578E0,-1.15E1,-5.257549136589E0));
#6677=LINE('',#6676,#6675);
#6678=CURVE_STYLE('',#20,POSITIVE_LENGTH_MEASURE(2.E-2),#5);
#6679=PRESENTATION_STYLE_ASSIGNMENT((#6678));
#6680=STYLED_ITEM('',(#6679),#6677);
#6681=DIRECTION('',(0.E0,1.E0,0.E0));
#6682=VECTOR('',#6681,3.5E-1);
#6683=CARTESIAN_POINT('',(-2.920917466821E0,-1.15E1,-4.491938653099E0));
#6684=LINE('',#6683,#6682);
#6685=CURVE_STYLE('',#20,POSITIVE_LENGTH_MEASURE(2.E-2),#5);
#6686=PRESENTATION_STYLE_ASSIGNMENT((#6685));
#6687=STYLED_ITEM('',(#6686),#6684);
#6688=DIRECTION('',(0.E0,1.E0,0.E0));
#6689=VECTOR('',#6688,3.5E-1);
#6690=CARTESIAN_POINT('',(-2.920697443644E0,-1.15E1,-3.144812918045E0));
#6691=LINE('',#6690,#6689);
#6692=CURVE_STYLE('',#20,POSITIVE_LENGTH_MEASURE(2.E-2),#5);
#6693=PRESENTATION_STYLE_ASSIGNMENT((#6692));
#6694=STYLED_ITEM('',(#6693),#6691);
#6695=DIRECTION('',(0.E0,1.E0,0.E0));
#6696=VECTOR('',#6695,3.5E-1);
#6697=CARTESIAN_POINT('',(-2.306957588053E0,-1.15E1,-3.209319576217E0));
#6698=LINE('',#6697,#6696);
#6699=CURVE_STYLE('',#20,POSITIVE_LENGTH_MEASURE(2.E-2),#5);
#6700=PRESENTATION_STYLE_ASSIGNMENT((#6699));
#6701=STYLED_ITEM('',(#6700),#6698);
#6702=DIRECTION('',(0.E0,1.E0,0.E0));
#6703=VECTOR('',#6702,3.5E-1);
#6704=CARTESIAN_POINT('',(-3.066553309204E0,-1.15E1,-1.419466509889E0));
#6705=LINE('',#6704,#6703);
#6706=CURVE_STYLE('',#20,POSITIVE_LENGTH_MEASURE(2.E-2),#5);
#6707=PRESENTATION_STYLE_ASSIGNMENT((#6706));
#6708=STYLED_ITEM('',(#6707),#6705);
#6709=DIRECTION('',(0.E0,1.E0,0.E0));
#6710=VECTOR('',#6709,3.5E-1);
#6711=CARTESIAN_POINT('',(2.433887388210E0,-1.15E1,-8.467746848238E0));
#6712=LINE('',#6711,#6710);
#6713=CURVE_STYLE('',#20,POSITIVE_LENGTH_MEASURE(2.E-2),#5);
#6714=PRESENTATION_STYLE_ASSIGNMENT((#6713));
#6715=STYLED_ITEM('',(#6714),#6712);
#6716=DIRECTION('',(0.E0,1.E0,0.E0));
#6717=VECTOR('',#6716,3.5E-1);
#6718=CARTESIAN_POINT('',(1.725751182222E0,-1.15E1,-1.005713172174E1));
#6719=LINE('',#6718,#6717);
#6720=CURVE_STYLE('',#20,POSITIVE_LENGTH_MEASURE(2.E-2),#5);
#6721=PRESENTATION_STYLE_ASSIGNMENT((#6720));
#6722=STYLED_ITEM('',(#6721),#6719);
#6723=DIRECTION('',(0.E0,1.E0,0.E0));
#6724=VECTOR('',#6723,3.5E-1);
#6725=CARTESIAN_POINT('',(2.283397310270E0,-1.15E1,-1.011573740632E1));
#6726=LINE('',#6725,#6724);
#6727=CURVE_STYLE('',#20,POSITIVE_LENGTH_MEASURE(2.E-2),#5);
#6728=PRESENTATION_STYLE_ASSIGNMENT((#6727));
#6729=STYLED_ITEM('',(#6728),#6726);
#6730=DIRECTION('',(0.E0,1.E0,0.E0));
#6731=VECTOR('',#6730,3.5E-1);
#6732=CARTESIAN_POINT('',(2.283397310270E0,-1.15E1,-1.146663414332E1));
#6733=LINE('',#6732,#6731);
#6734=CURVE_STYLE('',#20,POSITIVE_LENGTH_MEASURE(2.E-2),#5);
#6735=PRESENTATION_STYLE_ASSIGNMENT((#6734));
#6736=STYLED_ITEM('',(#6735),#6733);
#6737=DIRECTION('',(0.E0,1.E0,0.E0));
#6738=VECTOR('',#6737,3.5E-1);
#6739=CARTESIAN_POINT('',(-2.920917466821E0,-1.15E1,-1.091594006535E1));
#6740=LINE('',#6739,#6738);
#6741=CURVE_STYLE('',#20,POSITIVE_LENGTH_MEASURE(2.E-2),#5);
#6742=PRESENTATION_STYLE_ASSIGNMENT((#6741));
#6743=STYLED_ITEM('',(#6742),#6740);
#6744=DIRECTION('',(0.E0,1.E0,0.E0));
#6745=VECTOR('',#6744,3.5E-1);
#6746=CARTESIAN_POINT('',(-2.920697582129E0,-1.15E1,-9.568814330294E0));
#6747=LINE('',#6746,#6745);
#6748=CURVE_STYLE('',#20,POSITIVE_LENGTH_MEASURE(2.E-2),#5);
#6749=PRESENTATION_STYLE_ASSIGNMENT((#6748));
#6750=STYLED_ITEM('',(#6749),#6747);
#6751=DIRECTION('',(0.E0,1.E0,0.E0));
#6752=VECTOR('',#6751,3.5E-1);
#6753=CARTESIAN_POINT('',(-2.308028792875E0,-1.15E1,-9.633202594E0));
#6754=LINE('',#6753,#6752);
#6755=CURVE_STYLE('',#20,POSITIVE_LENGTH_MEASURE(2.E-2),#5);
#6756=PRESENTATION_STYLE_ASSIGNMENT((#6755));
#6757=STYLED_ITEM('',(#6756),#6754);
#6758=DIRECTION('',(0.E0,1.E0,0.E0));
#6759=VECTOR('',#6758,3.5E-1);
#6760=CARTESIAN_POINT('',(-3.066553723607E0,-1.15E1,-7.840223122701E0));
#6761=LINE('',#6760,#6759);
#6762=CURVE_STYLE('',#20,POSITIVE_LENGTH_MEASURE(2.E-2),#5);
#6763=PRESENTATION_STYLE_ASSIGNMENT((#6762));
#6764=STYLED_ITEM('',(#6763),#6761);
#6765=DIRECTION('',(0.E0,1.E0,0.E0));
#6766=VECTOR('',#6765,3.5E-1);
#6767=CARTESIAN_POINT('',(-3.163331676962E-1,-1.15E1,-9.865936038700E0));
#6768=LINE('',#6767,#6766);
#6769=CURVE_STYLE('',#20,POSITIVE_LENGTH_MEASURE(2.E-2),#5);
#6770=PRESENTATION_STYLE_ASSIGNMENT((#6769));
#6771=STYLED_ITEM('',(#6770),#6768);
#6772=DIRECTION('',(0.E0,1.E0,0.E0));
#6773=VECTOR('',#6772,3.5E-1);
#6774=CARTESIAN_POINT('',(-3.161997601539E-1,-1.15E1,-6.956692035062E0));
#6775=LINE('',#6774,#6773);
#6776=CURVE_STYLE('',#20,POSITIVE_LENGTH_MEASURE(2.E-2),#5);
#6777=PRESENTATION_STYLE_ASSIGNMENT((#6776));
#6778=STYLED_ITEM('',(#6777),#6775);
#6779=DIRECTION('',(-7.071067811865E-1,7.071067811865E-1,0.E0));
#6780=VECTOR('',#6779,7.071067811865E-1);
#6781=CARTESIAN_POINT('',(-2.78E1,-5.E-1,-3.25E1));
#6782=LINE('',#6781,#6780);
#6783=CURVE_STYLE('',#20,POSITIVE_LENGTH_MEASURE(2.E-2),#5);
#6784=PRESENTATION_STYLE_ASSIGNMENT((#6783));
#6785=STYLED_ITEM('',(#6784),#6782);
#6786=DIRECTION('',(7.071067811865E-1,-7.071067811865E-1,0.E0));
#6787=VECTOR('',#6786,7.071067811865E-1);
#6788=CARTESIAN_POINT('',(-2.83E1,0.E0,-3.75E1));
#6789=LINE('',#6788,#6787);
#6790=CURVE_STYLE('',#20,POSITIVE_LENGTH_MEASURE(2.E-2),#5);
#6791=PRESENTATION_STYLE_ASSIGNMENT((#6790));
#6792=STYLED_ITEM('',(#6791),#6789);
#6793=DIRECTION('',(0.E0,-1.E0,0.E0));
#6794=VECTOR('',#6793,4.E-1);
#6795=CARTESIAN_POINT('',(-2.78E1,-5.E-1,-3.75E1));
#6796=LINE('',#6795,#6794);
#6797=CURVE_STYLE('',#20,POSITIVE_LENGTH_MEASURE(2.E-2),#5);
#6798=PRESENTATION_STYLE_ASSIGNMENT((#6797));
#6799=STYLED_ITEM('',(#6798),#6796);
#6800=DIRECTION('',(0.E0,0.E0,-1.E0));
#6801=VECTOR('',#6800,5.E0);
#6802=CARTESIAN_POINT('',(-2.78E1,-5.E-1,-3.25E1));
#6803=LINE('',#6802,#6801);
#6804=CURVE_STYLE('',#20,POSITIVE_LENGTH_MEASURE(2.E-2),#5);
#6805=PRESENTATION_STYLE_ASSIGNMENT((#6804));
#6806=STYLED_ITEM('',(#6805),#6803);
#6807=DIRECTION('',(0.E0,-1.E0,0.E0));
#6808=VECTOR('',#6807,4.E-1);
#6809=CARTESIAN_POINT('',(-2.78E1,-5.E-1,-3.25E1));
#6810=LINE('',#6809,#6808);
#6811=CURVE_STYLE('',#20,POSITIVE_LENGTH_MEASURE(2.E-2),#5);
#6812=PRESENTATION_STYLE_ASSIGNMENT((#6811));
#6813=STYLED_ITEM('',(#6812),#6810);
#6814=DIRECTION('',(-7.071067811865E-1,7.071067811865E-1,-1.004859173558E-14));
#6815=VECTOR('',#6814,7.071067811865E-1);
#6816=CARTESIAN_POINT('',(-2.78E1,-5.E-1,3.75E1));
#6817=LINE('',#6816,#6815);
#6818=CURVE_STYLE('',#20,POSITIVE_LENGTH_MEASURE(2.E-2),#5);
#6819=PRESENTATION_STYLE_ASSIGNMENT((#6818));
#6820=STYLED_ITEM('',(#6819),#6817);
#6821=DIRECTION('',(7.071067811865E-1,-7.071067811865E-1,-1.004859173558E-14));
#6822=VECTOR('',#6821,7.071067811865E-1);
#6823=CARTESIAN_POINT('',(-2.83E1,0.E0,3.25E1));
#6824=LINE('',#6823,#6822);
#6825=CURVE_STYLE('',#20,POSITIVE_LENGTH_MEASURE(2.E-2),#5);
#6826=PRESENTATION_STYLE_ASSIGNMENT((#6825));
#6827=STYLED_ITEM('',(#6826),#6824);
#6828=DIRECTION('',(0.E0,-1.E0,5.329070518201E-14));
#6829=VECTOR('',#6828,4.E-1);
#6830=CARTESIAN_POINT('',(-2.78E1,-5.E-1,3.25E1));
#6831=LINE('',#6830,#6829);
#6832=CURVE_STYLE('',#20,POSITIVE_LENGTH_MEASURE(2.E-2),#5);
#6833=PRESENTATION_STYLE_ASSIGNMENT((#6832));
#6834=STYLED_ITEM('',(#6833),#6831);
#6835=DIRECTION('',(0.E0,0.E0,-1.E0));
#6836=VECTOR('',#6835,5.E0);
#6837=CARTESIAN_POINT('',(-2.78E1,-5.E-1,3.75E1));
#6838=LINE('',#6837,#6836);
#6839=CURVE_STYLE('',#20,POSITIVE_LENGTH_MEASURE(2.E-2),#5);
#6840=PRESENTATION_STYLE_ASSIGNMENT((#6839));
#6841=STYLED_ITEM('',(#6840),#6838);
#6842=DIRECTION('',(0.E0,-1.E0,5.329070518201E-14));
#6843=VECTOR('',#6842,4.E-1);
#6844=CARTESIAN_POINT('',(-2.78E1,-5.E-1,3.75E1));
#6845=LINE('',#6844,#6843);
#6846=CURVE_STYLE('',#20,POSITIVE_LENGTH_MEASURE(2.E-2),#5);
#6847=PRESENTATION_STYLE_ASSIGNMENT((#6846));
#6848=STYLED_ITEM('',(#6847),#6845);
#6849=DIRECTION('',(-1.274585568525E-9,-1.E0,-1.274580190913E-9));
#6850=VECTOR('',#6849,3.303244438043E-1);
#6851=CARTESIAN_POINT('',(4.770002775566E0,0.E0,4.7E1));
#6852=LINE('',#6851,#6850);
#6853=CURVE_STYLE('',#20,POSITIVE_LENGTH_MEASURE(2.E-2),#5);
#6854=PRESENTATION_STYLE_ASSIGNMENT((#6853));
#6855=STYLED_ITEM('',(#6854),#6852);
#6856=DIRECTION('',(-6.950351466554E-10,-6.280186498358E-9,1.E0));
#6857=VECTOR('',#6856,6.057658341266E-1);
#6858=CARTESIAN_POINT('',(4.770002775566E0,-3.3032444E-1,4.639423416545E1));
#6859=LINE('',#6858,#6857);
#6860=CURVE_STYLE('',#20,POSITIVE_LENGTH_MEASURE(2.E-2),#5);
#6861=PRESENTATION_STYLE_ASSIGNMENT((#6860));
#6862=STYLED_ITEM('',(#6861),#6859);
#6863=DIRECTION('',(-7.071067811865E-1,4.063476612712E-9,-7.071067811866E-1));
#6864=VECTOR('',#6863,7.071067807368E-1);
#6865=CARTESIAN_POINT('',(5.270002774827E0,-3.303244466777E-1,
4.749999999926E1));
#6866=LINE('',#6865,#6864);
#6867=CURVE_STYLE('',#20,POSITIVE_LENGTH_MEASURE(2.E-2),#5);
#6868=PRESENTATION_STYLE_ASSIGNMENT((#6867));
#6869=STYLED_ITEM('',(#6868),#6866);
#6870=DIRECTION('',(-9.396184450285E-9,7.071067811865E-1,-7.071067811865E-1));
#6871=VECTOR('',#6870,7.071067777783E-1);
#6872=CARTESIAN_POINT('',(3.190002791008E0,-2.410324434399E0,4.749999999440E1));
#6873=LINE('',#6872,#6871);
#6874=CURVE_STYLE('',#20,POSITIVE_LENGTH_MEASURE(2.E-2),#5);
#6875=PRESENTATION_STYLE_ASSIGNMENT((#6874));
#6876=STYLED_ITEM('',(#6875),#6873);
#6877=DIRECTION('',(4.063477790281E-9,7.071067811865E-1,-7.071067811865E-1));
#6878=VECTOR('',#6877,7.071067807368E-1);
#6879=CARTESIAN_POINT('',(-3.189997231111E0,-2.410324439261E0,
4.749999999926E1));
#6880=LINE('',#6879,#6878);
#6881=CURVE_STYLE('',#20,POSITIVE_LENGTH_MEASURE(2.E-2),#5);
#6882=PRESENTATION_STYLE_ASSIGNMENT((#6881));
#6883=STYLED_ITEM('',(#6882),#6880);
#6884=CARTESIAN_POINT('',(-3.189997224434E0,-3.3032444E-1,4.7E1));
#6885=DIRECTION('',(0.E0,0.E0,-1.E0));
#6886=DIRECTION('',(1.039955744586E-14,-1.E0,0.E0));
#6887=AXIS2_PLACEMENT_3D('',#6884,#6885,#6886);
#6889=CURVE_STYLE('',#20,POSITIVE_LENGTH_MEASURE(2.E-2),#5);
#6890=PRESENTATION_STYLE_ASSIGNMENT((#6889));
#6891=STYLED_ITEM('',(#6890),#6888);
#6892=DIRECTION('',(5.267467826470E-9,-1.452197452890E-8,1.E0));
#6893=VECTOR('',#6892,6.057658313567E-1);
#6894=CARTESIAN_POINT('',(-4.769997224434E0,-3.3032444E-1,4.639423416545E1));
#6895=LINE('',#6894,#6893);
#6896=CURVE_STYLE('',#20,POSITIVE_LENGTH_MEASURE(2.E-2),#5);
#6897=PRESENTATION_STYLE_ASSIGNMENT((#6896));
#6898=STYLED_ITEM('',(#6897),#6895);
#6899=DIRECTION('',(-1.E0,-4.341467615699E-10,4.341427243953E-10));
#6900=VECTOR('',#6899,6.380000012601E0);
#6901=CARTESIAN_POINT('',(3.190002784363E0,-1.910324436809E0,4.699999999681E1));
#6902=LINE('',#6901,#6900);
#6903=CURVE_STYLE('',#20,POSITIVE_LENGTH_MEASURE(2.E-2),#5);
#6904=PRESENTATION_STYLE_ASSIGNMENT((#6903));
#6905=STYLED_ITEM('',(#6904),#6902);
#6906=DIRECTION('',(-6.006742054987E-9,6.647726440825E-10,1.E0));
#6907=VECTOR('',#6906,6.333448367131E-1);
#6908=CARTESIAN_POINT('',(-3.189997224434E0,-1.91032444E0,4.636665516287E1));
#6909=LINE('',#6908,#6907);
#6910=CURVE_STYLE('',#20,POSITIVE_LENGTH_MEASURE(2.E-2),#5);
#6911=PRESENTATION_STYLE_ASSIGNMENT((#6910));
#6912=STYLED_ITEM('',(#6911),#6909);
#6913=CARTESIAN_POINT('',(3.190002775566E0,-3.3032444E-1,4.7E1));
#6914=DIRECTION('',(0.E0,0.E0,-1.E0));
#6915=DIRECTION('',(1.E0,0.E0,0.E0));
#6916=AXIS2_PLACEMENT_3D('',#6913,#6914,#6915);
#6918=CURVE_STYLE('',#20,POSITIVE_LENGTH_MEASURE(2.E-2),#5);
#6919=PRESENTATION_STYLE_ASSIGNMENT((#6918));
#6920=STYLED_ITEM('',(#6919),#6917);
#6921=DIRECTION('',(1.388938529495E-8,5.038081200262E-9,1.E0));
#6922=VECTOR('',#6921,6.333448339433E-1);
#6923=CARTESIAN_POINT('',(3.190002775567E0,-1.91032444E0,4.636665516287E1));
#6924=LINE('',#6923,#6922);
#6925=CURVE_STYLE('',#20,POSITIVE_LENGTH_MEASURE(2.E-2),#5);
#6926=PRESENTATION_STYLE_ASSIGNMENT((#6925));
#6927=STYLED_ITEM('',(#6926),#6924);
#6928=CARTESIAN_POINT('',(2.7E1,0.E0,4.75E1));
#6929=CARTESIAN_POINT('',(2.95E1,0.E0,4.5E1));
#6930=VERTEX_POINT('',#6928);
#6931=VERTEX_POINT('',#6929);
#6932=CARTESIAN_POINT('',(2.95E1,0.E0,-4.5E1));
#6933=VERTEX_POINT('',#6932);
#6934=CARTESIAN_POINT('',(2.7E1,0.E0,-4.75E1));
#6935=VERTEX_POINT('',#6934);
#6936=CARTESIAN_POINT('',(-2.7E1,0.E0,-4.75E1));
#6937=CARTESIAN_POINT('',(-2.95E1,0.E0,-4.5E1));
#6938=VERTEX_POINT('',#6936);
#6939=VERTEX_POINT('',#6937);
#6940=CARTESIAN_POINT('',(-2.95E1,0.E0,4.5E1));
#6941=VERTEX_POINT('',#6940);
#6942=CARTESIAN_POINT('',(-2.7E1,0.E0,4.75E1));
#6943=VERTEX_POINT('',#6942);
#6944=CARTESIAN_POINT('',(2.85E1,-1.15E1,4.5E1));
#6945=CARTESIAN_POINT('',(2.7E1,-1.15E1,4.65E1));
#6946=VERTEX_POINT('',#6944);
#6947=VERTEX_POINT('',#6945);
#6948=CARTESIAN_POINT('',(2.95E1,-1.05E1,4.5E1));
#6949=CARTESIAN_POINT('',(2.7E1,-1.05E1,4.75E1));
#6950=VERTEX_POINT('',#6948);
#6951=VERTEX_POINT('',#6949);
#6952=CARTESIAN_POINT('',(-2.7E1,-1.15E1,4.65E1));
#6953=VERTEX_POINT('',#6952);
#6954=CARTESIAN_POINT('',(-2.699999999826E1,-1.05E1,4.75E1));
#6955=VERTEX_POINT('',#6954);
#6956=CARTESIAN_POINT('',(-2.85E1,-1.15E1,4.5E1));
#6957=VERTEX_POINT('',#6956);
#6958=CARTESIAN_POINT('',(-2.95E1,-1.05E1,4.5E1));
#6959=VERTEX_POINT('',#6958);
#6960=CARTESIAN_POINT('',(-2.85E1,-1.15E1,-4.5E1));
#6961=VERTEX_POINT('',#6960);
#6962=CARTESIAN_POINT('',(-2.95E1,-1.05E1,-4.499999999826E1));
#6963=VERTEX_POINT('',#6962);
#6964=CARTESIAN_POINT('',(-2.7E1,-1.15E1,-4.65E1));
#6965=VERTEX_POINT('',#6964);
#6966=CARTESIAN_POINT('',(-2.7E1,-1.05E1,-4.75E1));
#6967=VERTEX_POINT('',#6966);
#6968=CARTESIAN_POINT('',(2.7E1,-1.15E1,-4.65E1));
#6969=VERTEX_POINT('',#6968);
#6970=CARTESIAN_POINT('',(2.699999999826E1,-1.05E1,-4.75E1));
#6971=VERTEX_POINT('',#6970);
#6972=CARTESIAN_POINT('',(2.85E1,-1.15E1,-4.5E1));
#6973=VERTEX_POINT('',#6972);
#6974=CARTESIAN_POINT('',(2.95E1,-1.05E1,-4.5E1));
#6975=VERTEX_POINT('',#6974);
#6976=CARTESIAN_POINT('',(2.75E1,-9.5E0,4.5E1));
#6977=CARTESIAN_POINT('',(2.7E1,-9.5E0,4.55E1));
#6978=VERTEX_POINT('',#6976);
#6979=VERTEX_POINT('',#6977);
#6980=CARTESIAN_POINT('',(-2.7E1,-9.5E0,4.55E1));
#6981=CARTESIAN_POINT('',(-2.75E1,-9.5E0,4.5E1));
#6982=VERTEX_POINT('',#6980);
#6983=VERTEX_POINT('',#6981);
#6984=CARTESIAN_POINT('',(-2.75E1,-9.5E0,-4.5E1));
#6985=CARTESIAN_POINT('',(-2.7E1,-9.5E0,-4.55E1));
#6986=VERTEX_POINT('',#6984);
#6987=VERTEX_POINT('',#6985);
#6988=CARTESIAN_POINT('',(2.7E1,-9.5E0,-4.55E1));
#6989=CARTESIAN_POINT('',(2.75E1,-9.5E0,-4.5E1));
#6990=VERTEX_POINT('',#6988);
#6991=VERTEX_POINT('',#6989);
#6992=CARTESIAN_POINT('',(2.7E1,-3.E0,4.55E1));
#6993=CARTESIAN_POINT('',(2.75E1,-3.E0,4.5E1));
#6994=VERTEX_POINT('',#6992);
#6995=VERTEX_POINT('',#6993);
#6996=CARTESIAN_POINT('',(2.75E1,-3.E0,-4.5E1));
#6997=CARTESIAN_POINT('',(2.7E1,-3.E0,-4.55E1));
#6998=VERTEX_POINT('',#6996);
#6999=VERTEX_POINT('',#6997);
#7000=CARTESIAN_POINT('',(-2.7E1,-3.E0,-4.55E1));
#7001=CARTESIAN_POINT('',(-2.75E1,-3.E0,-4.5E1));
#7002=VERTEX_POINT('',#7000);
#7003=VERTEX_POINT('',#7001);
#7004=CARTESIAN_POINT('',(-2.75E1,-3.E0,4.5E1));
#7005=CARTESIAN_POINT('',(-2.7E1,-3.E0,4.55E1));
#7006=VERTEX_POINT('',#7004);
#7007=VERTEX_POINT('',#7005);
#7008=CARTESIAN_POINT('',(-2.7E1,-3.E0,4.634763480522E1));
#7009=CARTESIAN_POINT('',(2.7E1,-3.E0,4.634763480522E1));
#7010=VERTEX_POINT('',#7008);
#7011=VERTEX_POINT('',#7009);
#7012=CARTESIAN_POINT('',(2.834763480522E1,-3.E0,4.5E1));
#7013=VERTEX_POINT('',#7012);
#7014=CARTESIAN_POINT('',(2.834763480522E1,-3.E0,-4.5E1));
#7015=VERTEX_POINT('',#7014);
#7016=CARTESIAN_POINT('',(2.7E1,-3.E0,-4.634763480522E1));
#7017=VERTEX_POINT('',#7016);
#7018=CARTESIAN_POINT('',(-2.7E1,-3.E0,-4.634763480522E1));
#7019=VERTEX_POINT('',#7018);
#7020=CARTESIAN_POINT('',(-2.834763480522E1,-3.E0,-4.5E1));
#7021=VERTEX_POINT('',#7020);
#7022=CARTESIAN_POINT('',(-2.834763480522E1,-3.E0,4.5E1));
#7023=VERTEX_POINT('',#7022);
#7024=CARTESIAN_POINT('',(2.7E1,0.E0,4.64E1));
#7025=CARTESIAN_POINT('',(2.84E1,0.E0,4.5E1));
#7026=VERTEX_POINT('',#7024);
#7027=VERTEX_POINT('',#7025);
#7028=CARTESIAN_POINT('',(2.84E1,0.E0,-4.5E1));
#7029=CARTESIAN_POINT('',(2.7E1,0.E0,-4.64E1));
#7030=VERTEX_POINT('',#7028);
#7031=VERTEX_POINT('',#7029);
#7032=CARTESIAN_POINT('',(-2.7E1,0.E0,-4.64E1));
#7033=CARTESIAN_POINT('',(-2.84E1,0.E0,-4.5E1));
#7034=VERTEX_POINT('',#7032);
#7035=VERTEX_POINT('',#7033);
#7036=CARTESIAN_POINT('',(-2.84E1,0.E0,4.5E1));
#7037=CARTESIAN_POINT('',(-2.7E1,0.E0,4.64E1));
#7038=VERTEX_POINT('',#7036);
#7039=VERTEX_POINT('',#7037);
#7040=CARTESIAN_POINT('',(2.06E1,-1.7E0,4.2E1));
#7041=CARTESIAN_POINT('',(2.74E1,-1.7E0,4.2E1));
#7042=VERTEX_POINT('',#7040);
#7043=VERTEX_POINT('',#7041);
#7044=CARTESIAN_POINT('',(2.24E1,-1.7E0,4.2E1));
#7045=CARTESIAN_POINT('',(2.56E1,-1.7E0,4.2E1));
#7046=VERTEX_POINT('',#7044);
#7047=VERTEX_POINT('',#7045);
#7048=CARTESIAN_POINT('',(-2.74E1,-1.7E0,4.2E1));
#7049=CARTESIAN_POINT('',(-2.06E1,-1.7E0,4.2E1));
#7050=VERTEX_POINT('',#7048);
#7051=VERTEX_POINT('',#7049);
#7052=CARTESIAN_POINT('',(-2.56E1,-1.7E0,4.2E1));
#7053=CARTESIAN_POINT('',(-2.24E1,-1.7E0,4.2E1));
#7054=VERTEX_POINT('',#7052);
#7055=VERTEX_POINT('',#7053);
#7056=CARTESIAN_POINT('',(2.06E1,-9.5E0,4.2E1));
#7057=VERTEX_POINT('',#7056);
#7058=CARTESIAN_POINT('',(-2.06E1,-9.5E0,4.2E1));
#7059=VERTEX_POINT('',#7058);
#7060=CARTESIAN_POINT('',(2.56E1,-3.7E0,4.2E1));
#7061=CARTESIAN_POINT('',(2.24E1,-3.7E0,4.2E1));
#7062=VERTEX_POINT('',#7060);
#7063=VERTEX_POINT('',#7061);
#7064=CARTESIAN_POINT('',(-2.24E1,-3.7E0,4.2E1));
#7065=CARTESIAN_POINT('',(-2.56E1,-3.7E0,4.2E1));
#7066=VERTEX_POINT('',#7064);
#7067=VERTEX_POINT('',#7065);
#7068=CARTESIAN_POINT('',(2.4E1,-3.7E0,3.95E1));
#7069=CARTESIAN_POINT('',(2.4E1,-3.7E0,4.45E1));
#7070=VERTEX_POINT('',#7068);
#7071=VERTEX_POINT('',#7069);
#7072=CARTESIAN_POINT('',(-2.4E1,-3.7E0,3.95E1));
#7073=CARTESIAN_POINT('',(-2.4E1,-3.7E0,4.45E1));
#7074=VERTEX_POINT('',#7072);
#7075=VERTEX_POINT('',#7073);
#7076=CARTESIAN_POINT('',(2.4E1,-1.15E1,3.936385049356E1));
#7077=CARTESIAN_POINT('',(2.4E1,-1.15E1,4.463614950644E1));
#7078=VERTEX_POINT('',#7076);
#7079=VERTEX_POINT('',#7077);
#7080=CARTESIAN_POINT('',(-2.4E1,-1.15E1,3.936385049356E1));
#7081=CARTESIAN_POINT('',(-2.4E1,-1.15E1,4.463614950644E1));
#7082=VERTEX_POINT('',#7080);
#7083=VERTEX_POINT('',#7081);
#7084=CARTESIAN_POINT('',(2.06E1,-1.7E0,-4.2E1));
#7085=CARTESIAN_POINT('',(2.74E1,-1.7E0,-4.2E1));
#7086=VERTEX_POINT('',#7084);
#7087=VERTEX_POINT('',#7085);
#7088=CARTESIAN_POINT('',(-2.56E1,-1.7E0,-4.2E1));
#7089=CARTESIAN_POINT('',(-2.24E1,-1.7E0,-4.2E1));
#7090=VERTEX_POINT('',#7088);
#7091=VERTEX_POINT('',#7089);
#7092=CARTESIAN_POINT('',(-2.74E1,-1.7E0,-4.2E1));
#7093=CARTESIAN_POINT('',(-2.06E1,-1.7E0,-4.2E1));
#7094=VERTEX_POINT('',#7092);
#7095=VERTEX_POINT('',#7093);
#7096=CARTESIAN_POINT('',(2.06E1,-9.5E0,-4.2E1));
#7097=VERTEX_POINT('',#7096);
#7098=CARTESIAN_POINT('',(-2.06E1,-9.5E0,-4.2E1));
#7099=VERTEX_POINT('',#7098);
#7100=CARTESIAN_POINT('',(-2.24E1,-3.7E0,-4.2E1));
#7101=CARTESIAN_POINT('',(-2.56E1,-3.7E0,-4.2E1));
#7102=VERTEX_POINT('',#7100);
#7103=VERTEX_POINT('',#7101);
#7104=CARTESIAN_POINT('',(-2.4E1,-3.7E0,-4.45E1));
#7105=CARTESIAN_POINT('',(-2.4E1,-3.7E0,-3.95E1));
#7106=VERTEX_POINT('',#7104);
#7107=VERTEX_POINT('',#7105);
#7108=CARTESIAN_POINT('',(-2.4E1,-1.15E1,-4.463614950644E1));
#7109=CARTESIAN_POINT('',(-2.4E1,-1.15E1,-3.936385049356E1));
#7110=VERTEX_POINT('',#7108);
#7111=VERTEX_POINT('',#7109);
#7112=CARTESIAN_POINT('',(0.E0,-1.15E1,3.11E1));
#7113=CARTESIAN_POINT('',(0.E0,-1.15E1,3.29E1));
#7114=VERTEX_POINT('',#7112);
#7115=VERTEX_POINT('',#7113);
#7116=CARTESIAN_POINT('',(0.E0,-9.5E0,3.11E1));
#7117=CARTESIAN_POINT('',(0.E0,-9.5E0,3.29E1));
#7118=VERTEX_POINT('',#7116);
#7119=VERTEX_POINT('',#7117);
#7120=CARTESIAN_POINT('',(-5.E0,-9.2E0,4.05E1));
#7121=CARTESIAN_POINT('',(-5.E0,-9.2E0,2.35E1));
#7122=VERTEX_POINT('',#7120);
#7123=VERTEX_POINT('',#7121);
#7124=CARTESIAN_POINT('',(0.E0,-1.15E1,2.81E1));
#7125=CARTESIAN_POINT('',(0.E0,-1.15E1,2.99E1));
#7126=VERTEX_POINT('',#7124);
#7127=VERTEX_POINT('',#7125);
#7128=CARTESIAN_POINT('',(0.E0,-9.5E0,2.81E1));
#7129=CARTESIAN_POINT('',(0.E0,-9.5E0,2.99E1));
#7130=VERTEX_POINT('',#7128);
#7131=VERTEX_POINT('',#7129);
#7132=CARTESIAN_POINT('',(3.E0,-1.15E1,2.81E1));
#7133=CARTESIAN_POINT('',(3.E0,-1.15E1,2.99E1));
#7134=VERTEX_POINT('',#7132);
#7135=VERTEX_POINT('',#7133);
#7136=CARTESIAN_POINT('',(3.E0,-9.5E0,2.81E1));
#7137=CARTESIAN_POINT('',(3.E0,-9.5E0,2.99E1));
#7138=VERTEX_POINT('',#7136);
#7139=VERTEX_POINT('',#7137);
#7140=CARTESIAN_POINT('',(3.E0,-1.15E1,3.11E1));
#7141=CARTESIAN_POINT('',(3.E0,-1.15E1,3.29E1));
#7142=VERTEX_POINT('',#7140);
#7143=VERTEX_POINT('',#7141);
#7144=CARTESIAN_POINT('',(3.E0,-9.5E0,3.11E1));
#7145=CARTESIAN_POINT('',(3.E0,-9.5E0,3.29E1));
#7146=VERTEX_POINT('',#7144);
#7147=VERTEX_POINT('',#7145);
#7148=CARTESIAN_POINT('',(3.E0,-1.15E1,3.41E1));
#7149=CARTESIAN_POINT('',(3.E0,-1.15E1,3.59E1));
#7150=VERTEX_POINT('',#7148);
#7151=VERTEX_POINT('',#7149);
#7152=CARTESIAN_POINT('',(3.E0,-9.5E0,3.41E1));
#7153=CARTESIAN_POINT('',(3.E0,-9.5E0,3.59E1));
#7154=VERTEX_POINT('',#7152);
#7155=VERTEX_POINT('',#7153);
#7156=CARTESIAN_POINT('',(0.E0,-1.15E1,3.41E1));
#7157=CARTESIAN_POINT('',(0.E0,-1.15E1,3.59E1));
#7158=VERTEX_POINT('',#7156);
#7159=VERTEX_POINT('',#7157);
#7160=CARTESIAN_POINT('',(0.E0,-9.5E0,3.41E1));
#7161=CARTESIAN_POINT('',(0.E0,-9.5E0,3.59E1));
#7162=VERTEX_POINT('',#7160);
#7163=VERTEX_POINT('',#7161);
#7164=CARTESIAN_POINT('',(-3.E0,-1.15E1,3.41E1));
#7165=CARTESIAN_POINT('',(-3.E0,-1.15E1,3.59E1));
#7166=VERTEX_POINT('',#7164);
#7167=VERTEX_POINT('',#7165);
#7168=CARTESIAN_POINT('',(-3.E0,-9.5E0,3.41E1));
#7169=CARTESIAN_POINT('',(-3.E0,-9.5E0,3.59E1));
#7170=VERTEX_POINT('',#7168);
#7171=VERTEX_POINT('',#7169);
#7172=CARTESIAN_POINT('',(-3.E0,-1.15E1,3.11E1));
#7173=CARTESIAN_POINT('',(-3.E0,-1.15E1,3.29E1));
#7174=VERTEX_POINT('',#7172);
#7175=VERTEX_POINT('',#7173);
#7176=CARTESIAN_POINT('',(-3.E0,-9.5E0,3.11E1));
#7177=CARTESIAN_POINT('',(-3.E0,-9.5E0,3.29E1));
#7178=VERTEX_POINT('',#7176);
#7179=VERTEX_POINT('',#7177);
#7180=CARTESIAN_POINT('',(-3.E0,-1.15E1,2.81E1));
#7181=CARTESIAN_POINT('',(-3.E0,-1.15E1,2.99E1));
#7182=VERTEX_POINT('',#7180);
#7183=VERTEX_POINT('',#7181);
#7184=CARTESIAN_POINT('',(-3.E0,-9.5E0,2.81E1));
#7185=CARTESIAN_POINT('',(-3.E0,-9.5E0,2.99E1));
#7186=VERTEX_POINT('',#7184);
#7187=VERTEX_POINT('',#7185);
#7188=CARTESIAN_POINT('',(-3.E0,-1.15E1,2.51E1));
#7189=CARTESIAN_POINT('',(-3.E0,-1.15E1,2.69E1));
#7190=VERTEX_POINT('',#7188);
#7191=VERTEX_POINT('',#7189);
#7192=CARTESIAN_POINT('',(-3.E0,-9.5E0,2.51E1));
#7193=CARTESIAN_POINT('',(-3.E0,-9.5E0,2.69E1));
#7194=VERTEX_POINT('',#7192);
#7195=VERTEX_POINT('',#7193);
#7196=CARTESIAN_POINT('',(0.E0,-1.15E1,2.51E1));
#7197=CARTESIAN_POINT('',(0.E0,-1.15E1,2.69E1));
#7198=VERTEX_POINT('',#7196);
#7199=VERTEX_POINT('',#7197);
#7200=CARTESIAN_POINT('',(0.E0,-9.5E0,2.51E1));
#7201=CARTESIAN_POINT('',(0.E0,-9.5E0,2.69E1));
#7202=VERTEX_POINT('',#7200);
#7203=VERTEX_POINT('',#7201);
#7204=CARTESIAN_POINT('',(3.E0,-1.15E1,2.51E1));
#7205=CARTESIAN_POINT('',(3.E0,-1.15E1,2.69E1));
#7206=VERTEX_POINT('',#7204);
#7207=VERTEX_POINT('',#7205);
#7208=CARTESIAN_POINT('',(3.E0,-9.5E0,2.51E1));
#7209=CARTESIAN_POINT('',(3.E0,-9.5E0,2.69E1));
#7210=VERTEX_POINT('',#7208);
#7211=VERTEX_POINT('',#7209);
#7212=CARTESIAN_POINT('',(6.E0,-1.15E1,2.51E1));
#7213=CARTESIAN_POINT('',(6.E0,-1.15E1,2.69E1));
#7214=VERTEX_POINT('',#7212);
#7215=VERTEX_POINT('',#7213);
#7216=CARTESIAN_POINT('',(6.E0,-9.5E0,2.51E1));
#7217=CARTESIAN_POINT('',(6.E0,-9.5E0,2.69E1));
#7218=VERTEX_POINT('',#7216);
#7219=VERTEX_POINT('',#7217);
#7220=CARTESIAN_POINT('',(6.E0,-1.15E1,2.81E1));
#7221=CARTESIAN_POINT('',(6.E0,-1.15E1,2.99E1));
#7222=VERTEX_POINT('',#7220);
#7223=VERTEX_POINT('',#7221);
#7224=CARTESIAN_POINT('',(6.E0,-9.5E0,2.81E1));
#7225=CARTESIAN_POINT('',(6.E0,-9.5E0,2.99E1));
#7226=VERTEX_POINT('',#7224);
#7227=VERTEX_POINT('',#7225);
#7228=CARTESIAN_POINT('',(6.E0,-1.15E1,3.11E1));
#7229=CARTESIAN_POINT('',(6.E0,-1.15E1,3.29E1));
#7230=VERTEX_POINT('',#7228);
#7231=VERTEX_POINT('',#7229);
#7232=CARTESIAN_POINT('',(6.E0,-9.5E0,3.11E1));
#7233=CARTESIAN_POINT('',(6.E0,-9.5E0,3.29E1));
#7234=VERTEX_POINT('',#7232);
#7235=VERTEX_POINT('',#7233);
#7236=CARTESIAN_POINT('',(6.E0,-1.15E1,3.41E1));
#7237=CARTESIAN_POINT('',(6.E0,-1.15E1,3.59E1));
#7238=VERTEX_POINT('',#7236);
#7239=VERTEX_POINT('',#7237);
#7240=CARTESIAN_POINT('',(6.E0,-9.5E0,3.41E1));
#7241=CARTESIAN_POINT('',(6.E0,-9.5E0,3.59E1));
#7242=VERTEX_POINT('',#7240);
#7243=VERTEX_POINT('',#7241);
#7244=CARTESIAN_POINT('',(6.E0,-1.15E1,3.71E1));
#7245=CARTESIAN_POINT('',(6.E0,-1.15E1,3.89E1));
#7246=VERTEX_POINT('',#7244);
#7247=VERTEX_POINT('',#7245);
#7248=CARTESIAN_POINT('',(6.E0,-9.5E0,3.71E1));
#7249=CARTESIAN_POINT('',(6.E0,-9.5E0,3.89E1));
#7250=VERTEX_POINT('',#7248);
#7251=VERTEX_POINT('',#7249);
#7252=CARTESIAN_POINT('',(3.E0,-1.15E1,3.71E1));
#7253=CARTESIAN_POINT('',(3.E0,-1.15E1,3.89E1));
#7254=VERTEX_POINT('',#7252);
#7255=VERTEX_POINT('',#7253);
#7256=CARTESIAN_POINT('',(3.E0,-9.5E0,3.71E1));
#7257=CARTESIAN_POINT('',(3.E0,-9.5E0,3.89E1));
#7258=VERTEX_POINT('',#7256);
#7259=VERTEX_POINT('',#7257);
#7260=CARTESIAN_POINT('',(0.E0,-1.15E1,3.71E1));
#7261=CARTESIAN_POINT('',(0.E0,-1.15E1,3.89E1));
#7262=VERTEX_POINT('',#7260);
#7263=VERTEX_POINT('',#7261);
#7264=CARTESIAN_POINT('',(0.E0,-9.5E0,3.71E1));
#7265=CARTESIAN_POINT('',(0.E0,-9.5E0,3.89E1));
#7266=VERTEX_POINT('',#7264);
#7267=VERTEX_POINT('',#7265);
#7268=CARTESIAN_POINT('',(-3.E0,-1.15E1,3.71E1));
#7269=CARTESIAN_POINT('',(-3.E0,-1.15E1,3.89E1));
#7270=VERTEX_POINT('',#7268);
#7271=VERTEX_POINT('',#7269);
#7272=CARTESIAN_POINT('',(-3.E0,-9.5E0,3.71E1));
#7273=CARTESIAN_POINT('',(-3.E0,-9.5E0,3.89E1));
#7274=VERTEX_POINT('',#7272);
#7275=VERTEX_POINT('',#7273);
#7276=CARTESIAN_POINT('',(-6.E0,-1.15E1,3.71E1));
#7277=CARTESIAN_POINT('',(-6.E0,-1.15E1,3.89E1));
#7278=VERTEX_POINT('',#7276);
#7279=VERTEX_POINT('',#7277);
#7280=CARTESIAN_POINT('',(-6.E0,-9.5E0,3.71E1));
#7281=CARTESIAN_POINT('',(-6.E0,-9.5E0,3.89E1));
#7282=VERTEX_POINT('',#7280);
#7283=VERTEX_POINT('',#7281);
#7284=CARTESIAN_POINT('',(-6.E0,-1.15E1,3.41E1));
#7285=CARTESIAN_POINT('',(-6.E0,-1.15E1,3.59E1));
#7286=VERTEX_POINT('',#7284);
#7287=VERTEX_POINT('',#7285);
#7288=CARTESIAN_POINT('',(-6.E0,-9.5E0,3.41E1));
#7289=CARTESIAN_POINT('',(-6.E0,-9.5E0,3.59E1));
#7290=VERTEX_POINT('',#7288);
#7291=VERTEX_POINT('',#7289);
#7292=CARTESIAN_POINT('',(-6.E0,-1.15E1,3.11E1));
#7293=CARTESIAN_POINT('',(-6.E0,-1.15E1,3.29E1));
#7294=VERTEX_POINT('',#7292);
#7295=VERTEX_POINT('',#7293);
#7296=CARTESIAN_POINT('',(-6.E0,-9.5E0,3.11E1));
#7297=CARTESIAN_POINT('',(-6.E0,-9.5E0,3.29E1));
#7298=VERTEX_POINT('',#7296);
#7299=VERTEX_POINT('',#7297);
#7300=CARTESIAN_POINT('',(-6.E0,-1.15E1,2.81E1));
#7301=CARTESIAN_POINT('',(-6.E0,-1.15E1,2.99E1));
#7302=VERTEX_POINT('',#7300);
#7303=VERTEX_POINT('',#7301);
#7304=CARTESIAN_POINT('',(-6.E0,-9.5E0,2.81E1));
#7305=CARTESIAN_POINT('',(-6.E0,-9.5E0,2.99E1));
#7306=VERTEX_POINT('',#7304);
#7307=VERTEX_POINT('',#7305);
#7308=CARTESIAN_POINT('',(-6.E0,-1.15E1,2.51E1));
#7309=CARTESIAN_POINT('',(-6.E0,-1.15E1,2.69E1));
#7310=VERTEX_POINT('',#7308);
#7311=VERTEX_POINT('',#7309);
#7312=CARTESIAN_POINT('',(-6.E0,-9.5E0,2.51E1));
#7313=CARTESIAN_POINT('',(-6.E0,-9.5E0,2.69E1));
#7314=VERTEX_POINT('',#7312);
#7315=VERTEX_POINT('',#7313);
#7316=CARTESIAN_POINT('',(9.E0,-1.15E1,2.51E1));
#7317=CARTESIAN_POINT('',(9.E0,-1.15E1,2.69E1));
#7318=VERTEX_POINT('',#7316);
#7319=VERTEX_POINT('',#7317);
#7320=CARTESIAN_POINT('',(9.E0,-9.5E0,2.51E1));
#7321=CARTESIAN_POINT('',(9.E0,-9.5E0,2.69E1));
#7322=VERTEX_POINT('',#7320);
#7323=VERTEX_POINT('',#7321);
#7324=CARTESIAN_POINT('',(9.E0,-1.15E1,2.81E1));
#7325=CARTESIAN_POINT('',(9.E0,-1.15E1,2.99E1));
#7326=VERTEX_POINT('',#7324);
#7327=VERTEX_POINT('',#7325);
#7328=CARTESIAN_POINT('',(9.E0,-9.5E0,2.81E1));
#7329=CARTESIAN_POINT('',(9.E0,-9.5E0,2.99E1));
#7330=VERTEX_POINT('',#7328);
#7331=VERTEX_POINT('',#7329);
#7332=CARTESIAN_POINT('',(9.E0,-1.15E1,3.11E1));
#7333=CARTESIAN_POINT('',(9.E0,-1.15E1,3.29E1));
#7334=VERTEX_POINT('',#7332);
#7335=VERTEX_POINT('',#7333);
#7336=CARTESIAN_POINT('',(9.E0,-9.5E0,3.11E1));
#7337=CARTESIAN_POINT('',(9.E0,-9.5E0,3.29E1));
#7338=VERTEX_POINT('',#7336);
#7339=VERTEX_POINT('',#7337);
#7340=CARTESIAN_POINT('',(9.E0,-1.15E1,3.41E1));
#7341=CARTESIAN_POINT('',(9.E0,-1.15E1,3.59E1));
#7342=VERTEX_POINT('',#7340);
#7343=VERTEX_POINT('',#7341);
#7344=CARTESIAN_POINT('',(9.E0,-9.5E0,3.41E1));
#7345=CARTESIAN_POINT('',(9.E0,-9.5E0,3.59E1));
#7346=VERTEX_POINT('',#7344);
#7347=VERTEX_POINT('',#7345);
#7348=CARTESIAN_POINT('',(9.E0,-1.15E1,3.71E1));
#7349=CARTESIAN_POINT('',(9.E0,-1.15E1,3.89E1));
#7350=VERTEX_POINT('',#7348);
#7351=VERTEX_POINT('',#7349);
#7352=CARTESIAN_POINT('',(9.E0,-9.5E0,3.71E1));
#7353=CARTESIAN_POINT('',(9.E0,-9.5E0,3.89E1));
#7354=VERTEX_POINT('',#7352);
#7355=VERTEX_POINT('',#7353);
#7356=CARTESIAN_POINT('',(-9.E0,-1.15E1,3.71E1));
#7357=CARTESIAN_POINT('',(-9.E0,-1.15E1,3.89E1));
#7358=VERTEX_POINT('',#7356);
#7359=VERTEX_POINT('',#7357);
#7360=CARTESIAN_POINT('',(-9.E0,-9.5E0,3.71E1));
#7361=CARTESIAN_POINT('',(-9.E0,-9.5E0,3.89E1));
#7362=VERTEX_POINT('',#7360);
#7363=VERTEX_POINT('',#7361);
#7364=CARTESIAN_POINT('',(-9.E0,-1.15E1,3.41E1));
#7365=CARTESIAN_POINT('',(-9.E0,-1.15E1,3.59E1));
#7366=VERTEX_POINT('',#7364);
#7367=VERTEX_POINT('',#7365);
#7368=CARTESIAN_POINT('',(-9.E0,-9.5E0,3.41E1));
#7369=CARTESIAN_POINT('',(-9.E0,-9.5E0,3.59E1));
#7370=VERTEX_POINT('',#7368);
#7371=VERTEX_POINT('',#7369);
#7372=CARTESIAN_POINT('',(-9.E0,-1.15E1,3.11E1));
#7373=CARTESIAN_POINT('',(-9.E0,-1.15E1,3.29E1));
#7374=VERTEX_POINT('',#7372);
#7375=VERTEX_POINT('',#7373);
#7376=CARTESIAN_POINT('',(-9.E0,-9.5E0,3.11E1));
#7377=CARTESIAN_POINT('',(-9.E0,-9.5E0,3.29E1));
#7378=VERTEX_POINT('',#7376);
#7379=VERTEX_POINT('',#7377);
#7380=CARTESIAN_POINT('',(-9.E0,-1.15E1,2.81E1));
#7381=CARTESIAN_POINT('',(-9.E0,-1.15E1,2.99E1));
#7382=VERTEX_POINT('',#7380);
#7383=VERTEX_POINT('',#7381);
#7384=CARTESIAN_POINT('',(-9.E0,-9.5E0,2.81E1));
#7385=CARTESIAN_POINT('',(-9.E0,-9.5E0,2.99E1));
#7386=VERTEX_POINT('',#7384);
#7387=VERTEX_POINT('',#7385);
#7388=CARTESIAN_POINT('',(-9.E0,-1.15E1,2.51E1));
#7389=CARTESIAN_POINT('',(-9.E0,-1.15E1,2.69E1));
#7390=VERTEX_POINT('',#7388);
#7391=VERTEX_POINT('',#7389);
#7392=CARTESIAN_POINT('',(-9.E0,-9.5E0,2.51E1));
#7393=CARTESIAN_POINT('',(-9.E0,-9.5E0,2.69E1));
#7394=VERTEX_POINT('',#7392);
#7395=VERTEX_POINT('',#7393);
#7396=CARTESIAN_POINT('',(1.2E1,-1.15E1,2.81E1));
#7397=CARTESIAN_POINT('',(1.2E1,-1.15E1,2.99E1));
#7398=VERTEX_POINT('',#7396);
#7399=VERTEX_POINT('',#7397);
#7400=CARTESIAN_POINT('',(1.2E1,-9.5E0,2.81E1));
#7401=CARTESIAN_POINT('',(1.2E1,-9.5E0,2.99E1));
#7402=VERTEX_POINT('',#7400);
#7403=VERTEX_POINT('',#7401);
#7404=CARTESIAN_POINT('',(1.288084482546E1,-9.5E0,2.881530459273E1));
#7405=VERTEX_POINT('',#7404);
#7406=CARTESIAN_POINT('',(1.2E1,-1.15E1,3.11E1));
#7407=CARTESIAN_POINT('',(1.2E1,-1.15E1,3.29E1));
#7408=VERTEX_POINT('',#7406);
#7409=VERTEX_POINT('',#7407);
#7410=CARTESIAN_POINT('',(1.2E1,-9.5E0,3.11E1));
#7411=CARTESIAN_POINT('',(1.2E1,-9.5E0,3.29E1));
#7412=VERTEX_POINT('',#7410);
#7413=VERTEX_POINT('',#7411);
#7414=CARTESIAN_POINT('',(1.2E1,-1.15E1,3.41E1));
#7415=CARTESIAN_POINT('',(1.2E1,-1.15E1,3.59E1));
#7416=VERTEX_POINT('',#7414);
#7417=VERTEX_POINT('',#7415);
#7418=CARTESIAN_POINT('',(1.2E1,-9.5E0,3.41E1));
#7419=CARTESIAN_POINT('',(1.2E1,-9.5E0,3.59E1));
#7420=VERTEX_POINT('',#7418);
#7421=VERTEX_POINT('',#7419);
#7422=CARTESIAN_POINT('',(1.274122414006E1,-9.5E0,3.551047700653E1));
#7423=VERTEX_POINT('',#7422);
#7424=CARTESIAN_POINT('',(-1.2E1,-1.15E1,3.41E1));
#7425=CARTESIAN_POINT('',(-1.2E1,-1.15E1,3.59E1));
#7426=VERTEX_POINT('',#7424);
#7427=VERTEX_POINT('',#7425);
#7428=CARTESIAN_POINT('',(-1.2E1,-9.5E0,3.41E1));
#7429=CARTESIAN_POINT('',(-1.288084482546E1,-9.5E0,3.518469540727E1));
#7430=VERTEX_POINT('',#7428);
#7431=VERTEX_POINT('',#7429);
#7432=CARTESIAN_POINT('',(-1.2E1,-9.5E0,3.59E1));
#7433=VERTEX_POINT('',#7432);
#7434=CARTESIAN_POINT('',(-1.2E1,-1.15E1,3.11E1));
#7435=CARTESIAN_POINT('',(-1.2E1,-1.15E1,3.29E1));
#7436=VERTEX_POINT('',#7434);
#7437=VERTEX_POINT('',#7435);
#7438=CARTESIAN_POINT('',(-1.2E1,-9.5E0,3.11E1));
#7439=CARTESIAN_POINT('',(-1.2E1,-9.5E0,3.29E1));
#7440=VERTEX_POINT('',#7438);
#7441=VERTEX_POINT('',#7439);
#7442=CARTESIAN_POINT('',(-1.2E1,-1.15E1,2.81E1));
#7443=CARTESIAN_POINT('',(-1.2E1,-1.15E1,2.99E1));
#7444=VERTEX_POINT('',#7442);
#7445=VERTEX_POINT('',#7443);
#7446=CARTESIAN_POINT('',(-1.2E1,-9.5E0,2.81E1));
#7447=CARTESIAN_POINT('',(-1.274122414006E1,-9.5E0,2.848952299347E1));
#7448=VERTEX_POINT('',#7446);
#7449=VERTEX_POINT('',#7447);
#7450=CARTESIAN_POINT('',(-1.2E1,-9.5E0,2.99E1));
#7451=VERTEX_POINT('',#7450);
#7452=CARTESIAN_POINT('',(-1.545584787045E0,-1.115E1,1.635783625741E1));
#7453=CARTESIAN_POINT('',(5.450850813908E0,-1.115E1,1.562243746327E1));
#7454=VERTEX_POINT('',#7452);
#7455=VERTEX_POINT('',#7453);
#7456=CARTESIAN_POINT('',(5.450850813908E0,-1.115E1,1.712168419199E1));
#7457=VERTEX_POINT('',#7456);
#7458=CARTESIAN_POINT('',(-2.920699812074E0,-1.115E1,1.800156936994E1));
#7459=VERTEX_POINT('',#7458);
#7460=CARTESIAN_POINT('',(-2.920699812074E0,-1.115E1,1.403385362654E1));
#7461=VERTEX_POINT('',#7460);
#7462=CARTESIAN_POINT('',(-1.545584787045E0,-1.115E1,1.388932321338E1));
#7463=VERTEX_POINT('',#7462);
#7464=CARTESIAN_POINT('',(2.134742660034E0,-1.115E1,1.084044176714E1));
#7465=CARTESIAN_POINT('',(2.137527248313E0,-1.115E1,1.419944566878E1));
#7466=VERTEX_POINT('',#7464);
#7467=VERTEX_POINT('',#7465);
#7468=CARTESIAN_POINT('',(7.624571360020E-1,-1.115E1,1.434505938822E1));
#7469=VERTEX_POINT('',#7468);
#7470=CARTESIAN_POINT('',(7.624571360020E-1,-1.115E1,1.244556970718E1));
#7471=VERTEX_POINT('',#7470);
#7472=CARTESIAN_POINT('',(-2.920699812074E0,-1.115E1,1.283250757075E1));
#7473=VERTEX_POINT('',#7472);
#7474=CARTESIAN_POINT('',(-2.920699812074E0,-1.115E1,1.137208260540E1));
#7475=VERTEX_POINT('',#7474);
#7476=VERTEX_POINT('',#5988);
#7477=VERTEX_POINT('',#5994);
#7478=CARTESIAN_POINT('',(1.733063810825E-1,-1.115E1,8.816885E0));
#7479=VERTEX_POINT('',#7478);
#7480=VERTEX_POINT('',#6017);
#7481=VERTEX_POINT('',#6075);
#7482=CARTESIAN_POINT('',(-1.326814857165E0,-1.115E1,6.294784295604E0));
#7483=VERTEX_POINT('',#7482);
#7484=VERTEX_POINT('',#6102);
#7485=VERTEX_POINT('',#6093);
#7486=CARTESIAN_POINT('',(3.126239278494E0,-1.115E1,1.073559870078E1));
#7487=CARTESIAN_POINT('',(4.470102581255E0,-1.115E1,1.059435297599E1));
#7488=VERTEX_POINT('',#7486);
#7489=VERTEX_POINT('',#7487);
#7490=CARTESIAN_POINT('',(4.470102581255E0,-1.115E1,1.205588046769E1));
#7491=VERTEX_POINT('',#7490);
#7492=CARTESIAN_POINT('',(3.126239278494E0,-1.115E1,1.219712619248E1));
#7493=VERTEX_POINT('',#7492);
#7494=CARTESIAN_POINT('',(2.283397310266E0,-1.115E1,3.724080466055E0));
#7495=CARTESIAN_POINT('',(-2.920697443644E0,-1.115E1,4.271052865638E0));
#7496=VERTEX_POINT('',#7494);
#7497=VERTEX_POINT('',#7495);
#7498=CARTESIAN_POINT('',(-2.920697443644E0,-1.115E1,2.810629856799E0));
#7499=VERTEX_POINT('',#7498);
#7500=CARTESIAN_POINT('',(9.082900959065E-1,-1.115E1,2.407500699426E0));
#7501=VERTEX_POINT('',#7500);
#7502=CARTESIAN_POINT('',(9.082900959065E-1,-1.115E1,1.420688511931E0));
#7503=VERTEX_POINT('',#7502);
#7504=CARTESIAN_POINT('',(2.283397310266E0,-1.115E1,1.276158919698E0));
#7505=VERTEX_POINT('',#7504);
#7506=VERTEX_POINT('',#6184);
#7507=VERTEX_POINT('',#6210);
#7508=VERTEX_POINT('',#6246);
#7509=VERTEX_POINT('',#6268);
#7510=VERTEX_POINT('',#6322);
#7511=CARTESIAN_POINT('',(-2.920697443644E0,-1.115E1,-3.144812918045E0));
#7512=VERTEX_POINT('',#7511);
#7513=CARTESIAN_POINT('',(-2.920917466821E0,-1.115E1,-4.491938653099E0));
#7514=VERTEX_POINT('',#7513);
#7515=CARTESIAN_POINT('',(4.360319891578E0,-1.115E1,-5.257549136589E0));
#7516=VERTEX_POINT('',#7515);
#7517=CARTESIAN_POINT('',(4.360319891578E0,-1.115E1,-3.910078676998E0));
#7518=VERTEX_POINT('',#7517);
#7519=CARTESIAN_POINT('',(1.697230107400E0,-1.115E1,-3.630113418026E0));
#7520=VERTEX_POINT('',#7519);
#7521=VERTEX_POINT('',#6327);
#7522=VERTEX_POINT('',#6349);
#7523=VERTEX_POINT('',#6404);
#7524=CARTESIAN_POINT('',(-2.920697582129E0,-1.115E1,-9.568814330294E0));
#7525=VERTEX_POINT('',#7524);
#7526=CARTESIAN_POINT('',(-2.920917466821E0,-1.115E1,-1.091594006535E1));
#7527=VERTEX_POINT('',#7526);
#7528=CARTESIAN_POINT('',(2.283397310270E0,-1.115E1,-1.146663414332E1));
#7529=VERTEX_POINT('',#7528);
#7530=CARTESIAN_POINT('',(2.283397310270E0,-1.115E1,-1.011573740632E1));
#7531=VERTEX_POINT('',#7530);
#7532=CARTESIAN_POINT('',(1.725751182222E0,-1.115E1,-1.005713172174E1));
#7533=VERTEX_POINT('',#7532);
#7534=VERTEX_POINT('',#6409);
#7535=VERTEX_POINT('',#6435);
#7536=CARTESIAN_POINT('',(-1.545584787045E0,-1.15E1,1.635783625741E1));
#7537=CARTESIAN_POINT('',(5.450850813908E0,-1.15E1,1.562243746327E1));
#7538=VERTEX_POINT('',#7536);
#7539=VERTEX_POINT('',#7537);
#7540=CARTESIAN_POINT('',(5.450850813908E0,-1.15E1,1.712168419199E1));
#7541=VERTEX_POINT('',#7540);
#7542=CARTESIAN_POINT('',(-2.920699812074E0,-1.15E1,1.800156936994E1));
#7543=VERTEX_POINT('',#7542);
#7544=CARTESIAN_POINT('',(-2.920699812074E0,-1.15E1,1.403385362654E1));
#7545=VERTEX_POINT('',#7544);
#7546=CARTESIAN_POINT('',(-1.545584787045E0,-1.15E1,1.388932321338E1));
#7547=VERTEX_POINT('',#7546);
#7548=CARTESIAN_POINT('',(2.134742660034E0,-1.15E1,1.084044176714E1));
#7549=CARTESIAN_POINT('',(2.137527248313E0,-1.15E1,1.419944566878E1));
#7550=VERTEX_POINT('',#7548);
#7551=VERTEX_POINT('',#7549);
#7552=CARTESIAN_POINT('',(7.624571360020E-1,-1.15E1,1.434505938822E1));
#7553=VERTEX_POINT('',#7552);
#7554=CARTESIAN_POINT('',(7.624571360020E-1,-1.15E1,1.244556970718E1));
#7555=VERTEX_POINT('',#7554);
#7556=CARTESIAN_POINT('',(-2.920699812074E0,-1.15E1,1.283250757075E1));
#7557=VERTEX_POINT('',#7556);
#7558=CARTESIAN_POINT('',(-2.920699812074E0,-1.15E1,1.137208260540E1));
#7559=VERTEX_POINT('',#7558);
#7560=VERTEX_POINT('',#1924);
#7561=VERTEX_POINT('',#1930);
#7562=CARTESIAN_POINT('',(1.733063810825E-1,-1.15E1,8.816885E0));
#7563=VERTEX_POINT('',#7562);
#7564=VERTEX_POINT('',#1953);
#7565=VERTEX_POINT('',#2011);
#7566=CARTESIAN_POINT('',(-1.326814857165E0,-1.15E1,6.294784295604E0));
#7567=VERTEX_POINT('',#7566);
#7568=VERTEX_POINT('',#2027);
#7569=VERTEX_POINT('',#2038);
#7570=CARTESIAN_POINT('',(3.126239278494E0,-1.15E1,1.073559870078E1));
#7571=CARTESIAN_POINT('',(4.470102581255E0,-1.15E1,1.059435297599E1));
#7572=VERTEX_POINT('',#7570);
#7573=VERTEX_POINT('',#7571);
#7574=CARTESIAN_POINT('',(4.470102581255E0,-1.15E1,1.205588046769E1));
#7575=VERTEX_POINT('',#7574);
#7576=CARTESIAN_POINT('',(3.126239278494E0,-1.15E1,1.219712619248E1));
#7577=VERTEX_POINT('',#7576);
#7578=CARTESIAN_POINT('',(2.283397310266E0,-1.15E1,3.724080466055E0));
#7579=CARTESIAN_POINT('',(-2.920697443644E0,-1.15E1,4.271052865638E0));
#7580=VERTEX_POINT('',#7578);
#7581=VERTEX_POINT('',#7579);
#7582=CARTESIAN_POINT('',(-2.920697443644E0,-1.15E1,2.810629856799E0));
#7583=VERTEX_POINT('',#7582);
#7584=CARTESIAN_POINT('',(9.082900959065E-1,-1.15E1,2.407500699426E0));
#7585=VERTEX_POINT('',#7584);
#7586=CARTESIAN_POINT('',(9.082900959065E-1,-1.15E1,1.420688511931E0));
#7587=VERTEX_POINT('',#7586);
#7588=CARTESIAN_POINT('',(2.283397310266E0,-1.15E1,1.276158919698E0));
#7589=VERTEX_POINT('',#7588);
#7590=VERTEX_POINT('',#2120);
#7591=VERTEX_POINT('',#2146);
#7592=VERTEX_POINT('',#2182);
#7593=VERTEX_POINT('',#2204);
#7594=VERTEX_POINT('',#2213);
#7595=CARTESIAN_POINT('',(-2.920697443644E0,-1.15E1,-3.144812918045E0));
#7596=VERTEX_POINT('',#7595);
#7597=CARTESIAN_POINT('',(-2.920917466821E0,-1.15E1,-4.491938653099E0));
#7598=VERTEX_POINT('',#7597);
#7599=CARTESIAN_POINT('',(4.360319891578E0,-1.15E1,-5.257549136589E0));
#7600=VERTEX_POINT('',#7599);
#7601=CARTESIAN_POINT('',(4.360319891578E0,-1.15E1,-3.910078676998E0));
#7602=VERTEX_POINT('',#7601);
#7603=CARTESIAN_POINT('',(1.697230107400E0,-1.15E1,-3.630113418026E0));
#7604=VERTEX_POINT('',#7603);
#7605=VERTEX_POINT('',#2263);
#7606=VERTEX_POINT('',#2285);
#7607=VERTEX_POINT('',#2294);
#7608=CARTESIAN_POINT('',(-2.920697582129E0,-1.15E1,-9.568814330294E0));
#7609=VERTEX_POINT('',#7608);
#7610=CARTESIAN_POINT('',(-2.920917466821E0,-1.15E1,-1.091594006535E1));
#7611=VERTEX_POINT('',#7610);
#7612=CARTESIAN_POINT('',(2.283397310270E0,-1.15E1,-1.146663414332E1));
#7613=VERTEX_POINT('',#7612);
#7614=CARTESIAN_POINT('',(2.283397310270E0,-1.15E1,-1.011573740632E1));
#7615=VERTEX_POINT('',#7614);
#7616=CARTESIAN_POINT('',(1.725751182222E0,-1.15E1,-1.005713172174E1));
#7617=VERTEX_POINT('',#7616);
#7618=VERTEX_POINT('',#2345);
#7619=VERTEX_POINT('',#2371);
#7620=CARTESIAN_POINT('',(-4.769997224434E0,0.E0,4.64E1));
#7621=CARTESIAN_POINT('',(-4.769997224434E0,-3.3032444E-1,4.639423416545E1));
#7622=VERTEX_POINT('',#7620);
#7623=VERTEX_POINT('',#7621);
#7624=VERTEX_POINT('',#457);
#7625=CARTESIAN_POINT('',(3.190002775567E0,-1.91032444E0,4.636665516287E1));
#7626=VERTEX_POINT('',#7625);
#7627=VERTEX_POINT('',#439);
#7628=CARTESIAN_POINT('',(4.770002775566E0,0.E0,4.64E1));
#7629=VERTEX_POINT('',#7628);
#7630=CARTESIAN_POINT('',(-1.669065296467E1,0.E0,-4.75E1));
#7631=CARTESIAN_POINT('',(-1.669065296467E1,0.E0,-4.64E1));
#7632=VERTEX_POINT('',#7630);
#7633=VERTEX_POINT('',#7631);
#7634=CARTESIAN_POINT('',(-1.080911382604E1,0.E0,-4.75E1));
#7635=CARTESIAN_POINT('',(-1.080911382604E1,0.E0,-4.64E1));
#7636=VERTEX_POINT('',#7634);
#7637=VERTEX_POINT('',#7635);
#7638=CARTESIAN_POINT('',(-2.78E1,-9.E-1,3.75E1));
#7639=CARTESIAN_POINT('',(-2.78E1,-9.E-1,3.25E1));
#7640=VERTEX_POINT('',#7638);
#7641=VERTEX_POINT('',#7639);
#7642=CARTESIAN_POINT('',(-2.78E1,-9.E-1,-3.25E1));
#7643=CARTESIAN_POINT('',(-2.78E1,-9.E-1,-3.75E1));
#7644=VERTEX_POINT('',#7642);
#7645=VERTEX_POINT('',#7643);
#7646=CARTESIAN_POINT('',(2.78E1,-9.E-1,3.25E1));
#7647=CARTESIAN_POINT('',(2.78E1,-9.E-1,3.75E1));
#7648=VERTEX_POINT('',#7646);
#7649=VERTEX_POINT('',#7647);
#7650=CARTESIAN_POINT('',(2.78E1,-9.E-1,-3.75E1));
#7651=CARTESIAN_POINT('',(2.78E1,-9.E-1,-3.25E1));
#7652=VERTEX_POINT('',#7650);
#7653=VERTEX_POINT('',#7651);
#7654=CARTESIAN_POINT('',(2.838429044156E1,-9.E-1,-3.25E1));
#7655=CARTESIAN_POINT('',(2.838429044156E1,-9.E-1,-3.75E1));
#7656=VERTEX_POINT('',#7654);
#7657=VERTEX_POINT('',#7655);
#7658=CARTESIAN_POINT('',(2.838429044156E1,-9.E-1,3.75E1));
#7659=CARTESIAN_POINT('',(2.838429044156E1,-9.E-1,3.25E1));
#7660=VERTEX_POINT('',#7658);
#7661=VERTEX_POINT('',#7659);
#7662=CARTESIAN_POINT('',(2.84E1,0.E0,3.25E1));
#7663=VERTEX_POINT('',#7662);
#7664=CARTESIAN_POINT('',(2.84E1,0.E0,3.75E1));
#7665=VERTEX_POINT('',#7664);
#7666=CARTESIAN_POINT('',(2.84E1,0.E0,-3.75E1));
#7667=VERTEX_POINT('',#7666);
#7668=CARTESIAN_POINT('',(2.84E1,0.E0,-3.25E1));
#7669=VERTEX_POINT('',#7668);
#7670=CARTESIAN_POINT('',(-2.838429044156E1,-9.E-1,-3.25E1));
#7671=CARTESIAN_POINT('',(-2.838429044156E1,-9.E-1,-3.75E1));
#7672=VERTEX_POINT('',#7670);
#7673=VERTEX_POINT('',#7671);
#7674=CARTESIAN_POINT('',(-2.838429044156E1,-9.E-1,3.75E1));
#7675=CARTESIAN_POINT('',(-2.838429044156E1,-9.E-1,3.25E1));
#7676=VERTEX_POINT('',#7674);
#7677=VERTEX_POINT('',#7675);
#7678=CARTESIAN_POINT('',(-2.84E1,0.E0,3.75E1));
#7679=VERTEX_POINT('',#7678);
#7680=CARTESIAN_POINT('',(-2.84E1,0.E0,3.25E1));
#7681=VERTEX_POINT('',#7680);
#7682=CARTESIAN_POINT('',(-2.84E1,0.E0,-3.25E1));
#7683=VERTEX_POINT('',#7682);
#7684=CARTESIAN_POINT('',(-2.84E1,0.E0,-3.75E1));
#7685=VERTEX_POINT('',#7684);
#7686=CARTESIAN_POINT('',(-2.83E1,0.E0,3.25E1));
#7687=CARTESIAN_POINT('',(-2.78E1,-5.E-1,3.25E1));
#7688=VERTEX_POINT('',#7686);
#7689=VERTEX_POINT('',#7687);
#7690=CARTESIAN_POINT('',(-2.78E1,-5.E-1,3.75E1));
#7691=VERTEX_POINT('',#7690);
#7692=CARTESIAN_POINT('',(-2.83E1,0.E0,3.75E1));
#7693=VERTEX_POINT('',#7692);
#7694=CARTESIAN_POINT('',(-2.83E1,0.E0,-3.75E1));
#7695=CARTESIAN_POINT('',(-2.78E1,-5.E-1,-3.75E1));
#7696=VERTEX_POINT('',#7694);
#7697=VERTEX_POINT('',#7695);
#7698=CARTESIAN_POINT('',(-2.78E1,-5.E-1,-3.25E1));
#7699=VERTEX_POINT('',#7698);
#7700=CARTESIAN_POINT('',(-2.83E1,0.E0,-3.25E1));
#7701=VERTEX_POINT('',#7700);
#7702=CARTESIAN_POINT('',(2.83E1,0.E0,-3.25E1));
#7703=CARTESIAN_POINT('',(2.78E1,-5.E-1,-3.25E1));
#7704=VERTEX_POINT('',#7702);
#7705=VERTEX_POINT('',#7703);
#7706=CARTESIAN_POINT('',(2.78E1,-5.E-1,-3.75E1));
#7707=VERTEX_POINT('',#7706);
#7708=CARTESIAN_POINT('',(2.83E1,0.E0,-3.75E1));
#7709=VERTEX_POINT('',#7708);
#7710=CARTESIAN_POINT('',(2.83E1,0.E0,3.75E1));
#7711=CARTESIAN_POINT('',(2.78E1,-5.E-1,3.75E1));
#7712=VERTEX_POINT('',#7710);
#7713=VERTEX_POINT('',#7711);
#7714=CARTESIAN_POINT('',(2.78E1,-5.E-1,3.25E1));
#7715=VERTEX_POINT('',#7714);
#7716=CARTESIAN_POINT('',(2.83E1,0.E0,3.25E1));
#7717=VERTEX_POINT('',#7716);
#7718=CARTESIAN_POINT('',(-5.269997218833E0,-3.303244554410E-1,
4.749999999440E1));
#7719=CARTESIAN_POINT('',(-5.269997224434E0,0.E0,4.75E1));
#7720=VERTEX_POINT('',#7718);
#7721=VERTEX_POINT('',#7719);
#7722=CARTESIAN_POINT('',(-4.769997221243E0,-3.303244487969E-1,
4.699999999681E1));
#7723=CARTESIAN_POINT('',(-4.769997224434E0,0.E0,4.7E1));
#7724=VERTEX_POINT('',#7722);
#7725=VERTEX_POINT('',#7723);
#7726=CARTESIAN_POINT('',(-3.189997224434E0,-2.41032444E0,4.75E1));
#7727=VERTEX_POINT('',#7726);
#7728=CARTESIAN_POINT('',(-3.189997224434E0,-1.91032444E0,4.7E1));
#7729=VERTEX_POINT('',#7728);
#7730=CARTESIAN_POINT('',(3.190002791008E0,-2.410324434399E0,4.749999999440E1));
#7731=VERTEX_POINT('',#7730);
#7732=CARTESIAN_POINT('',(3.190002784363E0,-1.910324436809E0,4.699999999681E1));
#7733=VERTEX_POINT('',#7732);
#7734=CARTESIAN_POINT('',(5.270002775566E0,-3.3032444E-1,4.75E1));
#7735=VERTEX_POINT('',#7734);
#7736=CARTESIAN_POINT('',(4.770002775566E0,-3.3032444E-1,4.7E1));
#7737=VERTEX_POINT('',#7736);
#7738=CARTESIAN_POINT('',(5.270002775566E0,0.E0,4.75E1));
#7739=VERTEX_POINT('',#7738);
#7740=CARTESIAN_POINT('',(4.770002775566E0,0.E0,4.7E1));
#7741=VERTEX_POINT('',#7740);
#7742=CARTESIAN_POINT('',(1.1E1,-6.5E0,2.185E1));
#7743=CARTESIAN_POINT('',(1.515E1,-6.5E0,2.6E1));
#7744=VERTEX_POINT('',#7742);
#7745=VERTEX_POINT('',#7743);
#7746=CARTESIAN_POINT('',(1.515E1,-6.5E0,3.8E1));
#7747=CARTESIAN_POINT('',(1.1E1,-6.5E0,4.215E1));
#7748=VERTEX_POINT('',#7746);
#7749=VERTEX_POINT('',#7747);
#7750=CARTESIAN_POINT('',(-1.1E1,-6.5E0,4.215E1));
#7751=CARTESIAN_POINT('',(-1.515E1,-6.5E0,3.8E1));
#7752=VERTEX_POINT('',#7750);
#7753=VERTEX_POINT('',#7751);
#7754=CARTESIAN_POINT('',(-1.515E1,-6.5E0,2.6E1));
#7755=CARTESIAN_POINT('',(-1.1E1,-6.5E0,2.185E1));
#7756=VERTEX_POINT('',#7754);
#7757=VERTEX_POINT('',#7755);
#7758=CARTESIAN_POINT('',(-1.1E1,-6.5E0,2.08E1));
#7759=CARTESIAN_POINT('',(-1.62E1,-6.5E0,2.6E1));
#7760=VERTEX_POINT('',#7758);
#7761=VERTEX_POINT('',#7759);
#7762=CARTESIAN_POINT('',(-1.62E1,-6.5E0,3.8E1));
#7763=VERTEX_POINT('',#7762);
#7764=CARTESIAN_POINT('',(-1.1E1,-6.5E0,4.32E1));
#7765=VERTEX_POINT('',#7764);
#7766=CARTESIAN_POINT('',(1.1E1,-6.5E0,4.32E1));
#7767=VERTEX_POINT('',#7766);
#7768=CARTESIAN_POINT('',(1.62E1,-6.5E0,3.8E1));
#7769=VERTEX_POINT('',#7768);
#7770=CARTESIAN_POINT('',(1.62E1,-6.5E0,2.6E1));
#7771=VERTEX_POINT('',#7770);
#7772=CARTESIAN_POINT('',(1.1E1,-6.5E0,2.08E1));
#7773=VERTEX_POINT('',#7772);
#7774=CARTESIAN_POINT('',(-1.1E1,-9.5E0,2.08E1));
#7775=CARTESIAN_POINT('',(-1.62E1,-9.5E0,2.6E1));
#7776=VERTEX_POINT('',#7774);
#7777=VERTEX_POINT('',#7775);
#7778=CARTESIAN_POINT('',(-1.62E1,-9.5E0,3.8E1));
#7779=VERTEX_POINT('',#7778);
#7780=CARTESIAN_POINT('',(-1.1E1,-9.5E0,4.32E1));
#7781=VERTEX_POINT('',#7780);
#7782=CARTESIAN_POINT('',(1.1E1,-9.5E0,4.32E1));
#7783=VERTEX_POINT('',#7782);
#7784=CARTESIAN_POINT('',(1.62E1,-9.5E0,3.8E1));
#7785=VERTEX_POINT('',#7784);
#7786=CARTESIAN_POINT('',(1.62E1,-9.5E0,2.6E1));
#7787=VERTEX_POINT('',#7786);
#7788=CARTESIAN_POINT('',(1.1E1,-9.5E0,2.08E1));
#7789=VERTEX_POINT('',#7788);
#7790=CARTESIAN_POINT('',(1.515E1,-9.2E0,2.6E1));
#7791=CARTESIAN_POINT('',(1.1E1,-9.2E0,2.185E1));
#7792=VERTEX_POINT('',#7790);
#7793=VERTEX_POINT('',#7791);
#7794=CARTESIAN_POINT('',(1.1E1,-9.2E0,4.215E1));
#7795=CARTESIAN_POINT('',(1.515E1,-9.2E0,3.8E1));
#7796=VERTEX_POINT('',#7794);
#7797=VERTEX_POINT('',#7795);
#7798=CARTESIAN_POINT('',(-1.515E1,-9.2E0,3.8E1));
#7799=CARTESIAN_POINT('',(-1.1E1,-9.2E0,4.215E1));
#7800=VERTEX_POINT('',#7798);
#7801=VERTEX_POINT('',#7799);
#7802=CARTESIAN_POINT('',(-1.1E1,-9.2E0,2.185E1));
#7803=CARTESIAN_POINT('',(-1.515E1,-9.2E0,2.6E1));
#7804=VERTEX_POINT('',#7802);
#7805=VERTEX_POINT('',#7803);
#7806=CARTESIAN_POINT('',(5.E0,-9.2E0,2.35E1));
#7807=VERTEX_POINT('',#7806);
#7808=CARTESIAN_POINT('',(5.E0,-9.2E0,4.05E1));
#7809=VERTEX_POINT('',#7808);
#7810=CARTESIAN_POINT('',(-5.E0,-9.5E0,2.35E1));
#7811=CARTESIAN_POINT('',(5.E0,-9.5E0,2.35E1));
#7812=VERTEX_POINT('',#7810);
#7813=VERTEX_POINT('',#7811);
#7814=CARTESIAN_POINT('',(5.E0,-9.5E0,4.05E1));
#7815=CARTESIAN_POINT('',(-5.E0,-9.5E0,4.05E1));
#7816=VERTEX_POINT('',#7814);
#7817=VERTEX_POINT('',#7815);
#7818=CARTESIAN_POINT('',(1.274122414006E1,-9.5E0,2.848952299347E1));
#7819=VERTEX_POINT('',#7818);
#7820=CARTESIAN_POINT('',(1.288084482546E1,-9.5E0,3.518469540727E1));
#7821=VERTEX_POINT('',#7820);
#7822=CARTESIAN_POINT('',(-1.274122414006E1,-9.5E0,3.551047700653E1));
#7823=VERTEX_POINT('',#7822);
#7824=CARTESIAN_POINT('',(-1.288084482546E1,-9.5E0,2.881530459273E1));
#7825=VERTEX_POINT('',#7824);
#7826=CARTESIAN_POINT('',(-2.75E1,-9.5E0,4.1E1));
#7827=CARTESIAN_POINT('',(-2.724961536185E1,-9.5E0,4.1E1));
#7828=VERTEX_POINT('',#7826);
#7829=VERTEX_POINT('',#7827);
#7830=CARTESIAN_POINT('',(-2.75E1,-9.5E0,4.3E1));
#7831=CARTESIAN_POINT('',(-2.724961536185E1,-9.5E0,4.3E1));
#7832=VERTEX_POINT('',#7830);
#7833=VERTEX_POINT('',#7831);
#7834=CARTESIAN_POINT('',(-2.5E1,-9.5E0,4.55E1));
#7835=CARTESIAN_POINT('',(-2.5E1,-9.5E0,4.524961536185E1));
#7836=VERTEX_POINT('',#7834);
#7837=VERTEX_POINT('',#7835);
#7838=CARTESIAN_POINT('',(-2.3E1,-9.5E0,4.55E1));
#7839=CARTESIAN_POINT('',(-2.3E1,-9.5E0,4.524961536185E1));
#7840=VERTEX_POINT('',#7838);
#7841=VERTEX_POINT('',#7839);
#7842=CARTESIAN_POINT('',(-2.75E1,-9.5E0,-4.3E1));
#7843=CARTESIAN_POINT('',(-2.724961536185E1,-9.5E0,-4.3E1));
#7844=VERTEX_POINT('',#7842);
#7845=VERTEX_POINT('',#7843);
#7846=CARTESIAN_POINT('',(-2.75E1,-9.5E0,-4.1E1));
#7847=CARTESIAN_POINT('',(-2.724961536185E1,-9.5E0,-4.1E1));
#7848=VERTEX_POINT('',#7846);
#7849=VERTEX_POINT('',#7847);
#7850=CARTESIAN_POINT('',(-2.3E1,-9.5E0,-4.55E1));
#7851=CARTESIAN_POINT('',(-2.3E1,-9.5E0,-4.524961536185E1));
#7852=VERTEX_POINT('',#7850);
#7853=VERTEX_POINT('',#7851);
#7854=CARTESIAN_POINT('',(-2.5E1,-9.5E0,-4.55E1));
#7855=CARTESIAN_POINT('',(-2.5E1,-9.5E0,-4.524961536185E1));
#7856=VERTEX_POINT('',#7854);
#7857=VERTEX_POINT('',#7855);
#7858=CARTESIAN_POINT('',(2.75E1,-9.5E0,4.3E1));
#7859=CARTESIAN_POINT('',(2.724961536185E1,-9.5E0,4.3E1));
#7860=VERTEX_POINT('',#7858);
#7861=VERTEX_POINT('',#7859);
#7862=CARTESIAN_POINT('',(2.75E1,-9.5E0,4.1E1));
#7863=CARTESIAN_POINT('',(2.724961536185E1,-9.5E0,4.1E1));
#7864=VERTEX_POINT('',#7862);
#7865=VERTEX_POINT('',#7863);
#7866=CARTESIAN_POINT('',(2.3E1,-9.5E0,4.55E1));
#7867=CARTESIAN_POINT('',(2.3E1,-9.5E0,4.524961536185E1));
#7868=VERTEX_POINT('',#7866);
#7869=VERTEX_POINT('',#7867);
#7870=CARTESIAN_POINT('',(2.5E1,-9.5E0,4.55E1));
#7871=CARTESIAN_POINT('',(2.5E1,-9.5E0,4.524961536185E1));
#7872=VERTEX_POINT('',#7870);
#7873=VERTEX_POINT('',#7871);
#7874=CARTESIAN_POINT('',(2.75E1,-9.5E0,-4.1E1));
#7875=CARTESIAN_POINT('',(2.724961536185E1,-9.5E0,-4.1E1));
#7876=VERTEX_POINT('',#7874);
#7877=VERTEX_POINT('',#7875);
#7878=CARTESIAN_POINT('',(2.75E1,-9.5E0,-4.3E1));
#7879=CARTESIAN_POINT('',(2.724961536185E1,-9.5E0,-4.3E1));
#7880=VERTEX_POINT('',#7878);
#7881=VERTEX_POINT('',#7879);
#7882=CARTESIAN_POINT('',(2.5E1,-9.5E0,-4.55E1));
#7883=CARTESIAN_POINT('',(2.5E1,-9.5E0,-4.524961536185E1));
#7884=VERTEX_POINT('',#7882);
#7885=VERTEX_POINT('',#7883);
#7886=CARTESIAN_POINT('',(2.3E1,-9.5E0,-4.55E1));
#7887=CARTESIAN_POINT('',(2.3E1,-9.5E0,-4.524961536185E1));
#7888=VERTEX_POINT('',#7886);
#7889=VERTEX_POINT('',#7887);
#7890=CARTESIAN_POINT('',(-2.5E1,-3.E0,4.55E1));
#7891=VERTEX_POINT('',#7890);
#7892=CARTESIAN_POINT('',(-2.3E1,-3.E0,4.55E1));
#7893=VERTEX_POINT('',#7892);
#7894=CARTESIAN_POINT('',(2.3E1,-3.E0,4.55E1));
#7895=VERTEX_POINT('',#7894);
#7896=CARTESIAN_POINT('',(2.5E1,-3.E0,4.55E1));
#7897=VERTEX_POINT('',#7896);
#7898=CARTESIAN_POINT('',(2.75E1,-3.E0,4.3E1));
#7899=VERTEX_POINT('',#7898);
#7900=CARTESIAN_POINT('',(2.75E1,-3.E0,4.1E1));
#7901=VERTEX_POINT('',#7900);
#7902=CARTESIAN_POINT('',(2.75E1,-3.E0,-4.1E1));
#7903=VERTEX_POINT('',#7902);
#7904=CARTESIAN_POINT('',(2.75E1,-3.E0,-4.3E1));
#7905=VERTEX_POINT('',#7904);
#7906=CARTESIAN_POINT('',(-2.3E1,-3.E0,-4.55E1));
#7907=VERTEX_POINT('',#7906);
#7908=CARTESIAN_POINT('',(-2.5E1,-3.E0,-4.55E1));
#7909=VERTEX_POINT('',#7908);
#7910=CARTESIAN_POINT('',(2.5E1,-3.E0,-4.55E1));
#7911=VERTEX_POINT('',#7910);
#7912=CARTESIAN_POINT('',(2.3E1,-3.E0,-4.55E1));
#7913=VERTEX_POINT('',#7912);
#7914=CARTESIAN_POINT('',(-2.75E1,-3.E0,4.1E1));
#7915=VERTEX_POINT('',#7914);
#7916=CARTESIAN_POINT('',(-2.75E1,-3.E0,4.3E1));
#7917=VERTEX_POINT('',#7916);
#7918=CARTESIAN_POINT('',(-2.75E1,-3.E0,-4.3E1));
#7919=VERTEX_POINT('',#7918);
#7920=CARTESIAN_POINT('',(-2.75E1,-3.E0,-4.1E1));
#7921=VERTEX_POINT('',#7920);
#7922=CARTESIAN_POINT('',(2.3E1,-3.E0,4.524961536185E1));
#7923=CARTESIAN_POINT('',(2.5E1,-3.E0,4.524961536185E1));
#7924=VERTEX_POINT('',#7922);
#7925=VERTEX_POINT('',#7923);
#7926=CARTESIAN_POINT('',(2.724961536185E1,-3.E0,4.3E1));
#7927=CARTESIAN_POINT('',(2.74E1,-3.E0,4.2E1));
#7928=VERTEX_POINT('',#7926);
#7929=VERTEX_POINT('',#7927);
#7930=CARTESIAN_POINT('',(2.724961536185E1,-3.E0,4.1E1));
#7931=VERTEX_POINT('',#7930);
#7932=CARTESIAN_POINT('',(-2.74E1,-3.E0,4.2E1));
#7933=CARTESIAN_POINT('',(-2.724961536185E1,-3.E0,4.3E1));
#7934=VERTEX_POINT('',#7932);
#7935=VERTEX_POINT('',#7933);
#7936=CARTESIAN_POINT('',(-2.5E1,-3.E0,4.524961536185E1));
#7937=CARTESIAN_POINT('',(-2.3E1,-3.E0,4.524961536185E1));
#7938=VERTEX_POINT('',#7936);
#7939=VERTEX_POINT('',#7937);
#7940=CARTESIAN_POINT('',(-2.724961536185E1,-3.E0,4.1E1));
#7941=VERTEX_POINT('',#7940);
#7942=CARTESIAN_POINT('',(2.724961536185E1,-3.E0,-4.1E1));
#7943=CARTESIAN_POINT('',(2.74E1,-3.E0,-4.2E1));
#7944=VERTEX_POINT('',#7942);
#7945=VERTEX_POINT('',#7943);
#7946=CARTESIAN_POINT('',(2.724961536185E1,-3.E0,-4.3E1));
#7947=VERTEX_POINT('',#7946);
#7948=CARTESIAN_POINT('',(2.5E1,-3.E0,-4.524961536185E1));
#7949=CARTESIAN_POINT('',(2.3E1,-3.E0,-4.524961536185E1));
#7950=VERTEX_POINT('',#7948);
#7951=VERTEX_POINT('',#7949);
#7952=CARTESIAN_POINT('',(-2.74E1,-3.E0,-4.2E1));
#7953=CARTESIAN_POINT('',(-2.724961536185E1,-3.E0,-4.1E1));
#7954=VERTEX_POINT('',#7952);
#7955=VERTEX_POINT('',#7953);
#7956=CARTESIAN_POINT('',(-2.3E1,-3.E0,-4.524961536185E1));
#7957=CARTESIAN_POINT('',(-2.5E1,-3.E0,-4.524961536185E1));
#7958=VERTEX_POINT('',#7956);
#7959=VERTEX_POINT('',#7957);
#7960=CARTESIAN_POINT('',(-2.724961536185E1,-3.E0,-4.3E1));
#7961=VERTEX_POINT('',#7960);
#7962=CARTESIAN_POINT('',(-1.515E1,-9.2E0,3.275E1));
#7963=CARTESIAN_POINT('',(-1.495E1,-9.2E0,3.275E1));
#7964=VERTEX_POINT('',#7962);
#7965=VERTEX_POINT('',#7963);
#7966=CARTESIAN_POINT('',(-1.495E1,-9.2E0,3.125E1));
#7967=VERTEX_POINT('',#7966);
#7968=CARTESIAN_POINT('',(-1.515E1,-9.2E0,3.125E1));
#7969=VERTEX_POINT('',#7968);
#7970=CARTESIAN_POINT('',(7.5E-1,-9.2E0,4.215E1));
#7971=CARTESIAN_POINT('',(7.5E-1,-9.2E0,4.195E1));
#7972=VERTEX_POINT('',#7970);
#7973=VERTEX_POINT('',#7971);
#7974=CARTESIAN_POINT('',(-7.5E-1,-9.2E0,4.195E1));
#7975=VERTEX_POINT('',#7974);
#7976=CARTESIAN_POINT('',(-7.5E-1,-9.2E0,4.215E1));
#7977=VERTEX_POINT('',#7976);
#7978=CARTESIAN_POINT('',(-7.5E-1,-9.2E0,2.185E1));
#7979=CARTESIAN_POINT('',(-7.5E-1,-9.2E0,2.205E1));
#7980=VERTEX_POINT('',#7978);
#7981=VERTEX_POINT('',#7979);
#7982=CARTESIAN_POINT('',(7.5E-1,-9.2E0,2.205E1));
#7983=VERTEX_POINT('',#7982);
#7984=CARTESIAN_POINT('',(7.5E-1,-9.2E0,2.185E1));
#7985=VERTEX_POINT('',#7984);
#7986=CARTESIAN_POINT('',(1.515E1,-9.2E0,3.125E1));
#7987=CARTESIAN_POINT('',(1.495E1,-9.2E0,3.125E1));
#7988=VERTEX_POINT('',#7986);
#7989=VERTEX_POINT('',#7987);
#7990=CARTESIAN_POINT('',(1.495E1,-9.2E0,3.275E1));
#7991=VERTEX_POINT('',#7990);
#7992=CARTESIAN_POINT('',(1.515E1,-9.2E0,3.275E1));
#7993=VERTEX_POINT('',#7992);
#7994=CARTESIAN_POINT('',(-1.515E1,-6.5E0,3.125E1));
#7995=CARTESIAN_POINT('',(-1.495E1,-6.7E0,3.125E1));
#7996=VERTEX_POINT('',#7994);
#7997=VERTEX_POINT('',#7995);
#7998=CARTESIAN_POINT('',(-1.495E1,-6.7E0,3.275E1));
#7999=VERTEX_POINT('',#7998);
#8000=CARTESIAN_POINT('',(-1.515E1,-6.5E0,3.275E1));
#8001=VERTEX_POINT('',#8000);
#8002=CARTESIAN_POINT('',(-7.5E-1,-6.5E0,4.215E1));
#8003=CARTESIAN_POINT('',(-7.5E-1,-6.7E0,4.195E1));
#8004=VERTEX_POINT('',#8002);
#8005=VERTEX_POINT('',#8003);
#8006=CARTESIAN_POINT('',(7.5E-1,-6.7E0,4.195E1));
#8007=VERTEX_POINT('',#8006);
#8008=CARTESIAN_POINT('',(7.5E-1,-6.5E0,4.215E1));
#8009=VERTEX_POINT('',#8008);
#8010=CARTESIAN_POINT('',(7.5E-1,-6.5E0,2.185E1));
#8011=CARTESIAN_POINT('',(7.5E-1,-6.7E0,2.205E1));
#8012=VERTEX_POINT('',#8010);
#8013=VERTEX_POINT('',#8011);
#8014=CARTESIAN_POINT('',(-7.5E-1,-6.7E0,2.205E1));
#8015=VERTEX_POINT('',#8014);
#8016=CARTESIAN_POINT('',(-7.5E-1,-6.5E0,2.185E1));
#8017=VERTEX_POINT('',#8016);
#8018=CARTESIAN_POINT('',(1.515E1,-6.5E0,3.275E1));
#8019=CARTESIAN_POINT('',(1.495E1,-6.7E0,3.275E1));
#8020=VERTEX_POINT('',#8018);
#8021=VERTEX_POINT('',#8019);
#8022=CARTESIAN_POINT('',(1.495E1,-6.7E0,3.125E1));
#8023=VERTEX_POINT('',#8022);
#8024=CARTESIAN_POINT('',(1.515E1,-6.5E0,3.125E1));
#8025=VERTEX_POINT('',#8024);
#8026=CARTESIAN_POINT('',(-2.5E0,-9.E-1,-4.58E1));
#8027=CARTESIAN_POINT('',(2.5E0,-9.E-1,-4.58E1));
#8028=VERTEX_POINT('',#8026);
#8029=VERTEX_POINT('',#8027);
#8030=CARTESIAN_POINT('',(2.5E0,-9.E-1,-4.638429044156E1));
#8031=CARTESIAN_POINT('',(-2.5E0,-9.E-1,-4.638429044156E1));
#8032=VERTEX_POINT('',#8030);
#8033=VERTEX_POINT('',#8031);
#8034=CARTESIAN_POINT('',(-2.5E0,0.E0,-4.64E1));
#8035=VERTEX_POINT('',#8034);
#8036=CARTESIAN_POINT('',(2.5E0,0.E0,-4.64E1));
#8037=VERTEX_POINT('',#8036);
#8038=CARTESIAN_POINT('',(2.5E0,0.E0,-4.63E1));
#8039=CARTESIAN_POINT('',(2.5E0,-5.E-1,-4.58E1));
#8040=VERTEX_POINT('',#8038);
#8041=VERTEX_POINT('',#8039);
#8042=CARTESIAN_POINT('',(-2.5E0,-5.E-1,-4.58E1));
#8043=VERTEX_POINT('',#8042);
#8044=CARTESIAN_POINT('',(-2.5E0,0.E0,-4.63E1));
#8045=VERTEX_POINT('',#8044);
#8046=CARTESIAN_POINT('',(0.E0,0.E0,0.E0));
#8047=DIRECTION('',(0.E0,1.E0,0.E0));
#8048=DIRECTION('',(1.E0,0.E0,0.E0));
#8049=AXIS2_PLACEMENT_3D('',#8046,#8047,#8048);
#8050=PLANE('',#8049);
#8052=ORIENTED_EDGE('',*,*,#8051,.F.);
#8054=ORIENTED_EDGE('',*,*,#8053,.F.);
#8056=ORIENTED_EDGE('',*,*,#8055,.F.);
#8058=ORIENTED_EDGE('',*,*,#8057,.F.);
#8060=ORIENTED_EDGE('',*,*,#8059,.F.);
#8062=ORIENTED_EDGE('',*,*,#8061,.T.);
#8064=ORIENTED_EDGE('',*,*,#8063,.T.);
#8066=ORIENTED_EDGE('',*,*,#8065,.T.);
#8068=ORIENTED_EDGE('',*,*,#8067,.T.);
#8070=ORIENTED_EDGE('',*,*,#8069,.F.);
#8072=ORIENTED_EDGE('',*,*,#8071,.F.);
#8074=ORIENTED_EDGE('',*,*,#8073,.F.);
#8076=ORIENTED_EDGE('',*,*,#8075,.T.);
#8078=ORIENTED_EDGE('',*,*,#8077,.F.);
#8080=ORIENTED_EDGE('',*,*,#8079,.F.);
#8082=ORIENTED_EDGE('',*,*,#8081,.F.);
#8084=ORIENTED_EDGE('',*,*,#8083,.T.);
#8086=ORIENTED_EDGE('',*,*,#8085,.T.);
#8088=ORIENTED_EDGE('',*,*,#8087,.T.);
#8090=ORIENTED_EDGE('',*,*,#8089,.F.);
#8092=ORIENTED_EDGE('',*,*,#8091,.F.);
#8093=EDGE_LOOP('',(#8052,#8054,#8056,#8058,#8060,#8062,#8064,#8066,#8068,#8070,
#8072,#8074,#8076,#8078,#8080,#8082,#8084,#8086,#8088,#8090,#8092));
#8094=FACE_OUTER_BOUND('',#8093,.F.);
#8096=CARTESIAN_POINT('',(0.E0,0.E0,0.E0));
#8097=DIRECTION('',(0.E0,1.E0,0.E0));
#8098=DIRECTION('',(1.E0,0.E0,0.E0));
#8099=AXIS2_PLACEMENT_3D('',#8096,#8097,#8098);
#8100=PLANE('',#8099);
#8102=ORIENTED_EDGE('',*,*,#8101,.F.);
#8104=ORIENTED_EDGE('',*,*,#8103,.F.);
#8106=ORIENTED_EDGE('',*,*,#8105,.T.);
#8108=ORIENTED_EDGE('',*,*,#8107,.T.);
#8110=ORIENTED_EDGE('',*,*,#8109,.T.);
#8112=ORIENTED_EDGE('',*,*,#8111,.T.);
#8114=ORIENTED_EDGE('',*,*,#8113,.F.);
#8116=ORIENTED_EDGE('',*,*,#8115,.F.);
#8118=ORIENTED_EDGE('',*,*,#8117,.F.);
#8120=ORIENTED_EDGE('',*,*,#8119,.T.);
#8122=ORIENTED_EDGE('',*,*,#8121,.F.);
#8124=ORIENTED_EDGE('',*,*,#8123,.F.);
#8126=ORIENTED_EDGE('',*,*,#8125,.F.);
#8128=ORIENTED_EDGE('',*,*,#8127,.T.);
#8130=ORIENTED_EDGE('',*,*,#8129,.T.);
#8132=ORIENTED_EDGE('',*,*,#8131,.T.);
#8134=ORIENTED_EDGE('',*,*,#8133,.F.);
#8136=ORIENTED_EDGE('',*,*,#8135,.F.);
#8138=ORIENTED_EDGE('',*,*,#8137,.F.);
#8140=ORIENTED_EDGE('',*,*,#8139,.T.);
#8142=ORIENTED_EDGE('',*,*,#8141,.F.);
#8144=ORIENTED_EDGE('',*,*,#8143,.F.);
#8146=ORIENTED_EDGE('',*,*,#8145,.F.);
#8148=ORIENTED_EDGE('',*,*,#8147,.F.);
#8150=ORIENTED_EDGE('',*,*,#8149,.F.);
#8151=EDGE_LOOP('',(#8102,#8104,#8106,#8108,#8110,#8112,#8114,#8116,#8118,#8120,
#8122,#8124,#8126,#8128,#8130,#8132,#8134,#8136,#8138,#8140,#8142,#8144,#8146,
#8148,#8150));
#8152=FACE_OUTER_BOUND('',#8151,.F.);
#8154=CARTESIAN_POINT('',(-2.7E1,0.E0,4.75E1));
#8155=DIRECTION('',(0.E0,0.E0,1.E0));
#8156=DIRECTION('',(1.E0,0.E0,0.E0));
#8157=AXIS2_PLACEMENT_3D('',#8154,#8155,#8156);
#8158=PLANE('',#8157);
#8160=ORIENTED_EDGE('',*,*,#8159,.F.);
#8162=ORIENTED_EDGE('',*,*,#8161,.F.);
#8164=ORIENTED_EDGE('',*,*,#8163,.F.);
#8166=ORIENTED_EDGE('',*,*,#8165,.F.);
#8168=ORIENTED_EDGE('',*,*,#8167,.F.);
#8169=ORIENTED_EDGE('',*,*,#8101,.T.);
#8171=ORIENTED_EDGE('',*,*,#8170,.T.);
#8173=ORIENTED_EDGE('',*,*,#8172,.T.);
#8175=ORIENTED_EDGE('',*,*,#8174,.F.);
#8176=ORIENTED_EDGE('',*,*,#8051,.T.);
#8177=EDGE_LOOP('',(#8160,#8162,#8164,#8166,#8168,#8169,#8171,#8173,#8175,
#8176));
#8178=FACE_OUTER_BOUND('',#8177,.F.);
#8180=CARTESIAN_POINT('',(-5.019997224434E0,-1.6516222E-1,4.725E1));
#8181=DIRECTION('',(7.071067811865E-1,0.E0,7.071067811865E-1));
#8182=DIRECTION('',(7.071067811865E-1,0.E0,-7.071067811865E-1));
#8183=AXIS2_PLACEMENT_3D('',#8180,#8181,#8182);
#8184=PLANE('',#8183);
#8185=ORIENTED_EDGE('',*,*,#8159,.T.);
#8186=ORIENTED_EDGE('',*,*,#8091,.T.);
#8188=ORIENTED_EDGE('',*,*,#8187,.F.);
#8190=ORIENTED_EDGE('',*,*,#8189,.F.);
#8191=EDGE_LOOP('',(#8185,#8186,#8188,#8190));
#8192=FACE_OUTER_BOUND('',#8191,.F.);
#8194=CARTESIAN_POINT('',(-4.769997224434E0,2.6967556E-1,0.E0));
#8195=DIRECTION('',(-1.E0,0.E0,0.E0));
#8196=DIRECTION('',(0.E0,-1.E0,0.E0));
#8197=AXIS2_PLACEMENT_3D('',#8194,#8195,#8196);
#8198=PLANE('',#8197);
#8199=ORIENTED_EDGE('',*,*,#8187,.T.);
#8200=ORIENTED_EDGE('',*,*,#8089,.T.);
#8202=ORIENTED_EDGE('',*,*,#8201,.T.);
#8204=ORIENTED_EDGE('',*,*,#8203,.T.);
#8205=EDGE_LOOP('',(#8199,#8200,#8202,#8204));
#8206=FACE_OUTER_BOUND('',#8205,.F.);
#8208=CARTESIAN_POINT('',(-2.920004800192E1,0.E0,4.64E1));
#8209=DIRECTION('',(0.E0,-1.745240643728E-2,9.998476951564E-1));
#8210=DIRECTION('',(1.E0,0.E0,0.E0));
#8211=AXIS2_PLACEMENT_3D('',#8208,#8209,#8210);
#8212=PLANE('',#8211);
#8213=ORIENTED_EDGE('',*,*,#8201,.F.);
#8214=ORIENTED_EDGE('',*,*,#8087,.F.);
#8216=ORIENTED_EDGE('',*,*,#8215,.T.);
#8218=ORIENTED_EDGE('',*,*,#8217,.T.);
#8220=ORIENTED_EDGE('',*,*,#8219,.F.);
#8221=ORIENTED_EDGE('',*,*,#8107,.F.);
#8223=ORIENTED_EDGE('',*,*,#8222,.F.);
#8225=ORIENTED_EDGE('',*,*,#8224,.F.);
#8227=ORIENTED_EDGE('',*,*,#8226,.F.);
#8229=ORIENTED_EDGE('',*,*,#8228,.F.);
#8230=EDGE_LOOP('',(#8213,#8214,#8216,#8218,#8220,#8221,#8223,#8225,#8227,
#8229));
#8231=FACE_OUTER_BOUND('',#8230,.F.);
#8233=CARTESIAN_POINT('',(-2.7E1,-1.5E0,4.5E1));
#8234=DIRECTION('',(0.E0,1.E0,0.E0));
#8235=DIRECTION('',(0.E0,0.E0,-1.E0));
#8236=AXIS2_PLACEMENT_3D('',#8233,#8234,#8235);
#8237=CONICAL_SURFACE('',#8236,1.373817402608E0,1.E0);
#8238=ORIENTED_EDGE('',*,*,#8085,.F.);
#8240=ORIENTED_EDGE('',*,*,#8239,.T.);
#8242=ORIENTED_EDGE('',*,*,#8241,.T.);
#8243=ORIENTED_EDGE('',*,*,#8215,.F.);
#8244=EDGE_LOOP('',(#8238,#8240,#8242,#8243));
#8245=FACE_OUTER_BOUND('',#8244,.F.);
#8247=CARTESIAN_POINT('',(-2.84E1,0.E0,-4.720004800192E1));
#8248=DIRECTION('',(-9.998476951564E-1,-1.745240643728E-2,0.E0));
#8249=DIRECTION('',(0.E0,0.E0,1.E0));
#8250=AXIS2_PLACEMENT_3D('',#8247,#8248,#8249);
#8251=PLANE('',#8250);
#8253=ORIENTED_EDGE('',*,*,#8252,.T.);
#8255=ORIENTED_EDGE('',*,*,#8254,.F.);
#8256=ORIENTED_EDGE('',*,*,#8067,.F.);
#8258=ORIENTED_EDGE('',*,*,#8257,.T.);
#8260=ORIENTED_EDGE('',*,*,#8259,.T.);
#8261=ORIENTED_EDGE('',*,*,#8239,.F.);
#8262=ORIENTED_EDGE('',*,*,#8083,.F.);
#8264=ORIENTED_EDGE('',*,*,#8263,.T.);
#8266=ORIENTED_EDGE('',*,*,#8265,.T.);
#8268=ORIENTED_EDGE('',*,*,#8267,.F.);
#8269=ORIENTED_EDGE('',*,*,#8075,.F.);
#8271=ORIENTED_EDGE('',*,*,#8270,.T.);
#8272=EDGE_LOOP('',(#8253,#8255,#8256,#8258,#8260,#8261,#8262,#8264,#8266,#8268,
#8269,#8271));
#8273=FACE_OUTER_BOUND('',#8272,.F.);
#8275=CARTESIAN_POINT('',(0.E0,-9.E-1,0.E0));
#8276=DIRECTION('',(0.E0,1.E0,0.E0));
#8277=DIRECTION('',(0.E0,0.E0,-1.E0));
#8278=AXIS2_PLACEMENT_3D('',#8275,#8276,#8277);
#8279=PLANE('',#8278);
#8281=ORIENTED_EDGE('',*,*,#8280,.T.);
#8283=ORIENTED_EDGE('',*,*,#8282,.T.);
#8285=ORIENTED_EDGE('',*,*,#8284,.T.);
#8287=ORIENTED_EDGE('',*,*,#8286,.T.);
#8288=EDGE_LOOP('',(#8281,#8283,#8285,#8287));
#8289=FACE_OUTER_BOUND('',#8288,.F.);
#8291=CARTESIAN_POINT('',(0.E0,-9.E-1,0.E0));
#8292=DIRECTION('',(0.E0,1.E0,0.E0));
#8293=DIRECTION('',(0.E0,0.E0,-1.E0));
#8294=AXIS2_PLACEMENT_3D('',#8291,#8292,#8293);
#8295=PLANE('',#8294);
#8297=ORIENTED_EDGE('',*,*,#8296,.T.);
#8299=ORIENTED_EDGE('',*,*,#8298,.T.);
#8301=ORIENTED_EDGE('',*,*,#8300,.T.);
#8303=ORIENTED_EDGE('',*,*,#8302,.T.);
#8304=EDGE_LOOP('',(#8297,#8299,#8301,#8303));
#8305=FACE_OUTER_BOUND('',#8304,.F.);
#8307=CARTESIAN_POINT('',(0.E0,-9.E-1,0.E0));
#8308=DIRECTION('',(0.E0,1.E0,0.E0));
#8309=DIRECTION('',(0.E0,0.E0,-1.E0));
#8310=AXIS2_PLACEMENT_3D('',#8307,#8308,#8309);
#8311=PLANE('',#8310);
#8312=ORIENTED_EDGE('',*,*,#8252,.F.);
#8314=ORIENTED_EDGE('',*,*,#8313,.T.);
#8316=ORIENTED_EDGE('',*,*,#8315,.T.);
#8318=ORIENTED_EDGE('',*,*,#8317,.T.);
#8319=EDGE_LOOP('',(#8312,#8314,#8316,#8318));
#8320=FACE_OUTER_BOUND('',#8319,.F.);
#8322=CARTESIAN_POINT('',(0.E0,-9.E-1,0.E0));
#8323=DIRECTION('',(0.E0,1.E0,0.E0));
#8324=DIRECTION('',(0.E0,0.E0,-1.E0));
#8325=AXIS2_PLACEMENT_3D('',#8322,#8323,#8324);
#8326=PLANE('',#8325);
#8327=ORIENTED_EDGE('',*,*,#8265,.F.);
#8329=ORIENTED_EDGE('',*,*,#8328,.T.);
#8331=ORIENTED_EDGE('',*,*,#8330,.T.);
#8333=ORIENTED_EDGE('',*,*,#8332,.T.);
#8334=EDGE_LOOP('',(#8327,#8329,#8331,#8333));
#8335=FACE_OUTER_BOUND('',#8334,.F.);
#8337=CARTESIAN_POINT('',(0.E0,-9.E-1,0.E0));
#8338=DIRECTION('',(0.E0,1.E0,0.E0));
#8339=DIRECTION('',(0.E0,0.E0,-1.E0));
#8340=AXIS2_PLACEMENT_3D('',#8337,#8338,#8339);
#8341=PLANE('',#8340);
#8343=ORIENTED_EDGE('',*,*,#8342,.T.);
#8345=ORIENTED_EDGE('',*,*,#8344,.T.);
#8347=ORIENTED_EDGE('',*,*,#8346,.T.);
#8349=ORIENTED_EDGE('',*,*,#8348,.T.);
#8350=EDGE_LOOP('',(#8343,#8345,#8347,#8349));
#8351=FACE_OUTER_BOUND('',#8350,.F.);
#8353=CARTESIAN_POINT('',(2.84E1,0.E0,4.720004800192E1));
#8354=DIRECTION('',(9.998476951564E-1,-1.745240643728E-2,0.E0));
#8355=DIRECTION('',(0.E0,0.E0,-1.E0));
#8356=AXIS2_PLACEMENT_3D('',#8353,#8354,#8355);
#8357=PLANE('',#8356);
#8358=ORIENTED_EDGE('',*,*,#8280,.F.);
#8360=ORIENTED_EDGE('',*,*,#8359,.F.);
#8361=ORIENTED_EDGE('',*,*,#8119,.F.);
#8363=ORIENTED_EDGE('',*,*,#8362,.T.);
#8364=ORIENTED_EDGE('',*,*,#8296,.F.);
#8366=ORIENTED_EDGE('',*,*,#8365,.F.);
#8367=ORIENTED_EDGE('',*,*,#8111,.F.);
#8369=ORIENTED_EDGE('',*,*,#8368,.T.);
#8371=ORIENTED_EDGE('',*,*,#8370,.T.);
#8373=ORIENTED_EDGE('',*,*,#8372,.F.);
#8374=ORIENTED_EDGE('',*,*,#8127,.F.);
#8376=ORIENTED_EDGE('',*,*,#8375,.T.);
#8377=EDGE_LOOP('',(#8358,#8360,#8361,#8363,#8364,#8366,#8367,#8369,#8371,#8373,
#8374,#8376));
#8378=FACE_OUTER_BOUND('',#8377,.F.);
#8380=CARTESIAN_POINT('',(2.78E1,0.E0,-3.25E1));
#8381=DIRECTION('',(0.E0,0.E0,1.E0));
#8382=DIRECTION('',(1.E0,0.E0,0.E0));
#8383=AXIS2_PLACEMENT_3D('',#8380,#8381,#8382);
#8384=PLANE('',#8383);
#8386=ORIENTED_EDGE('',*,*,#8385,.F.);
#8387=ORIENTED_EDGE('',*,*,#8121,.T.);
#8388=ORIENTED_EDGE('',*,*,#8359,.T.);
#8389=ORIENTED_EDGE('',*,*,#8286,.F.);
#8391=ORIENTED_EDGE('',*,*,#8390,.F.);
#8392=EDGE_LOOP('',(#8386,#8387,#8388,#8389,#8391));
#8393=FACE_OUTER_BOUND('',#8392,.F.);
#8395=CARTESIAN_POINT('',(2.805E1,-2.5E-1,-3.5E1));
#8396=DIRECTION('',(-7.071067811865E-1,7.071067811865E-1,0.E0));
#8397=DIRECTION('',(-7.071067811865E-1,-7.071067811865E-1,0.E0));
#8398=AXIS2_PLACEMENT_3D('',#8395,#8396,#8397);
#8399=PLANE('',#8398);
#8400=ORIENTED_EDGE('',*,*,#8385,.T.);
#8402=ORIENTED_EDGE('',*,*,#8401,.F.);
#8404=ORIENTED_EDGE('',*,*,#8403,.T.);
#8405=ORIENTED_EDGE('',*,*,#8123,.T.);
#8406=EDGE_LOOP('',(#8400,#8402,#8404,#8405));
#8407=FACE_OUTER_BOUND('',#8406,.F.);
#8409=CARTESIAN_POINT('',(2.78E1,0.E0,-3.75E1));
#8410=DIRECTION('',(-1.E0,0.E0,0.E0));
#8411=DIRECTION('',(0.E0,0.E0,1.E0));
#8412=AXIS2_PLACEMENT_3D('',#8409,#8410,#8411);
#8413=PLANE('',#8412);
#8414=ORIENTED_EDGE('',*,*,#8401,.T.);
#8415=ORIENTED_EDGE('',*,*,#8390,.T.);
#8416=ORIENTED_EDGE('',*,*,#8284,.F.);
#8418=ORIENTED_EDGE('',*,*,#8417,.F.);
#8419=EDGE_LOOP('',(#8414,#8415,#8416,#8418));
#8420=FACE_OUTER_BOUND('',#8419,.F.);
#8422=CARTESIAN_POINT('',(2.84E1,0.E0,-3.75E1));
#8423=DIRECTION('',(0.E0,0.E0,-1.E0));
#8424=DIRECTION('',(-1.E0,0.E0,0.E0));
#8425=AXIS2_PLACEMENT_3D('',#8422,#8423,#8424);
#8426=PLANE('',#8425);
#8427=ORIENTED_EDGE('',*,*,#8403,.F.);
#8428=ORIENTED_EDGE('',*,*,#8417,.T.);
#8429=ORIENTED_EDGE('',*,*,#8282,.F.);
#8430=ORIENTED_EDGE('',*,*,#8375,.F.);
#8431=ORIENTED_EDGE('',*,*,#8125,.T.);
#8432=EDGE_LOOP('',(#8427,#8428,#8429,#8430,#8431));
#8433=FACE_OUTER_BOUND('',#8432,.F.);
#8435=CARTESIAN_POINT('',(2.84E1,0.E0,3.25E1));
#8436=DIRECTION('',(0.E0,0.E0,-1.E0));
#8437=DIRECTION('',(-1.E0,0.E0,0.E0));
#8438=AXIS2_PLACEMENT_3D('',#8435,#8436,#8437);
#8439=PLANE('',#8438);
#8441=ORIENTED_EDGE('',*,*,#8440,.F.);
#8443=ORIENTED_EDGE('',*,*,#8442,.T.);
#8444=ORIENTED_EDGE('',*,*,#8298,.F.);
#8445=ORIENTED_EDGE('',*,*,#8362,.F.);
#8446=ORIENTED_EDGE('',*,*,#8117,.T.);
#8447=EDGE_LOOP('',(#8441,#8443,#8444,#8445,#8446));
#8448=FACE_OUTER_BOUND('',#8447,.F.);
#8450=CARTESIAN_POINT('',(2.805E1,-2.5E-1,3.5E1));
#8451=DIRECTION('',(-7.071067811865E-1,7.071067811865E-1,0.E0));
#8452=DIRECTION('',(-7.071067811865E-1,-7.071067811865E-1,0.E0));
#8453=AXIS2_PLACEMENT_3D('',#8450,#8451,#8452);
#8454=PLANE('',#8453);
#8456=ORIENTED_EDGE('',*,*,#8455,.T.);
#8458=ORIENTED_EDGE('',*,*,#8457,.F.);
#8459=ORIENTED_EDGE('',*,*,#8440,.T.);
#8460=ORIENTED_EDGE('',*,*,#8115,.T.);
#8461=EDGE_LOOP('',(#8456,#8458,#8459,#8460));
#8462=FACE_OUTER_BOUND('',#8461,.F.);
#8464=CARTESIAN_POINT('',(2.78E1,0.E0,3.75E1));
#8465=DIRECTION('',(0.E0,0.E0,1.E0));
#8466=DIRECTION('',(1.E0,0.E0,0.E0));
#8467=AXIS2_PLACEMENT_3D('',#8464,#8465,#8466);
#8468=PLANE('',#8467);
#8469=ORIENTED_EDGE('',*,*,#8455,.F.);
#8470=ORIENTED_EDGE('',*,*,#8113,.T.);
#8471=ORIENTED_EDGE('',*,*,#8365,.T.);
#8472=ORIENTED_EDGE('',*,*,#8302,.F.);
#8474=ORIENTED_EDGE('',*,*,#8473,.F.);
#8475=EDGE_LOOP('',(#8469,#8470,#8471,#8472,#8474));
#8476=FACE_OUTER_BOUND('',#8475,.F.);
#8478=CARTESIAN_POINT('',(2.78E1,0.E0,3.25E1));
#8479=DIRECTION('',(-1.E0,0.E0,0.E0));
#8480=DIRECTION('',(0.E0,0.E0,1.E0));
#8481=AXIS2_PLACEMENT_3D('',#8478,#8479,#8480);
#8482=PLANE('',#8481);
#8483=ORIENTED_EDGE('',*,*,#8457,.T.);
#8484=ORIENTED_EDGE('',*,*,#8473,.T.);
#8485=ORIENTED_EDGE('',*,*,#8300,.F.);
#8486=ORIENTED_EDGE('',*,*,#8442,.F.);
#8487=EDGE_LOOP('',(#8483,#8484,#8485,#8486));
#8488=FACE_OUTER_BOUND('',#8487,.F.);
#8490=CARTESIAN_POINT('',(2.7E1,-1.5E0,4.5E1));
#8491=DIRECTION('',(0.E0,1.E0,0.E0));
#8492=DIRECTION('',(0.E0,0.E0,-1.E0));
#8493=AXIS2_PLACEMENT_3D('',#8490,#8491,#8492);
#8494=CONICAL_SURFACE('',#8493,1.373817402608E0,1.E0);
#8495=ORIENTED_EDGE('',*,*,#8109,.F.);
#8496=ORIENTED_EDGE('',*,*,#8219,.T.);
#8498=ORIENTED_EDGE('',*,*,#8497,.T.);
#8499=ORIENTED_EDGE('',*,*,#8368,.F.);
#8500=EDGE_LOOP('',(#8495,#8496,#8498,#8499));
#8501=FACE_OUTER_BOUND('',#8500,.F.);
#8503=CARTESIAN_POINT('',(0.E0,-3.E0,0.E0));
#8504=DIRECTION('',(0.E0,1.E0,0.E0));
#8505=DIRECTION('',(0.E0,0.E0,-1.E0));
#8506=AXIS2_PLACEMENT_3D('',#8503,#8504,#8505);
#8507=PLANE('',#8506);
#8508=ORIENTED_EDGE('',*,*,#8217,.F.);
#8509=ORIENTED_EDGE('',*,*,#8241,.F.);
#8510=ORIENTED_EDGE('',*,*,#8259,.F.);
#8512=ORIENTED_EDGE('',*,*,#8511,.F.);
#8514=ORIENTED_EDGE('',*,*,#8513,.F.);
#8516=ORIENTED_EDGE('',*,*,#8515,.F.);
#8517=ORIENTED_EDGE('',*,*,#8370,.F.);
#8518=ORIENTED_EDGE('',*,*,#8497,.F.);
#8519=EDGE_LOOP('',(#8508,#8509,#8510,#8512,#8514,#8516,#8517,#8518));
#8520=FACE_OUTER_BOUND('',#8519,.F.);
#8522=ORIENTED_EDGE('',*,*,#8521,.T.);
#8524=ORIENTED_EDGE('',*,*,#8523,.F.);
#8526=ORIENTED_EDGE('',*,*,#8525,.T.);
#8528=ORIENTED_EDGE('',*,*,#8527,.T.);
#8530=ORIENTED_EDGE('',*,*,#8529,.F.);
#8532=ORIENTED_EDGE('',*,*,#8531,.T.);
#8534=ORIENTED_EDGE('',*,*,#8533,.T.);
#8536=ORIENTED_EDGE('',*,*,#8535,.T.);
#8538=ORIENTED_EDGE('',*,*,#8537,.F.);
#8540=ORIENTED_EDGE('',*,*,#8539,.T.);
#8542=ORIENTED_EDGE('',*,*,#8541,.F.);
#8544=ORIENTED_EDGE('',*,*,#8543,.T.);
#8546=ORIENTED_EDGE('',*,*,#8545,.F.);
#8548=ORIENTED_EDGE('',*,*,#8547,.T.);
#8550=ORIENTED_EDGE('',*,*,#8549,.F.);
#8552=ORIENTED_EDGE('',*,*,#8551,.T.);
#8554=ORIENTED_EDGE('',*,*,#8553,.T.);
#8556=ORIENTED_EDGE('',*,*,#8555,.T.);
#8558=ORIENTED_EDGE('',*,*,#8557,.F.);
#8560=ORIENTED_EDGE('',*,*,#8559,.T.);
#8562=ORIENTED_EDGE('',*,*,#8561,.T.);
#8564=ORIENTED_EDGE('',*,*,#8563,.F.);
#8566=ORIENTED_EDGE('',*,*,#8565,.T.);
#8568=ORIENTED_EDGE('',*,*,#8567,.F.);
#8570=ORIENTED_EDGE('',*,*,#8569,.T.);
#8572=ORIENTED_EDGE('',*,*,#8571,.T.);
#8574=ORIENTED_EDGE('',*,*,#8573,.F.);
#8576=ORIENTED_EDGE('',*,*,#8575,.T.);
#8578=ORIENTED_EDGE('',*,*,#8577,.T.);
#8580=ORIENTED_EDGE('',*,*,#8579,.T.);
#8582=ORIENTED_EDGE('',*,*,#8581,.F.);
#8584=ORIENTED_EDGE('',*,*,#8583,.T.);
#8586=ORIENTED_EDGE('',*,*,#8585,.F.);
#8588=ORIENTED_EDGE('',*,*,#8587,.T.);
#8590=ORIENTED_EDGE('',*,*,#8589,.F.);
#8592=ORIENTED_EDGE('',*,*,#8591,.T.);
#8594=ORIENTED_EDGE('',*,*,#8593,.F.);
#8596=ORIENTED_EDGE('',*,*,#8595,.T.);
#8598=ORIENTED_EDGE('',*,*,#8597,.T.);
#8600=ORIENTED_EDGE('',*,*,#8599,.T.);
#8602=ORIENTED_EDGE('',*,*,#8601,.F.);
#8604=ORIENTED_EDGE('',*,*,#8603,.T.);
#8606=ORIENTED_EDGE('',*,*,#8605,.T.);
#8608=ORIENTED_EDGE('',*,*,#8607,.F.);
#8609=EDGE_LOOP('',(#8522,#8524,#8526,#8528,#8530,#8532,#8534,#8536,#8538,#8540,
#8542,#8544,#8546,#8548,#8550,#8552,#8554,#8556,#8558,#8560,#8562,#8564,#8566,
#8568,#8570,#8572,#8574,#8576,#8578,#8580,#8582,#8584,#8586,#8588,#8590,#8592,
#8594,#8596,#8598,#8600,#8602,#8604,#8606,#8608));
#8610=FACE_BOUND('',#8609,.F.);
#8612=CARTESIAN_POINT('',(-2.7E1,-1.5E0,-4.5E1));
#8613=DIRECTION('',(0.E0,1.E0,0.E0));
#8614=DIRECTION('',(0.E0,0.E0,-1.E0));
#8615=AXIS2_PLACEMENT_3D('',#8612,#8613,#8614);
#8616=CONICAL_SURFACE('',#8615,1.373817402608E0,1.E0);
#8617=ORIENTED_EDGE('',*,*,#8065,.F.);
#8619=ORIENTED_EDGE('',*,*,#8618,.T.);
#8620=ORIENTED_EDGE('',*,*,#8511,.T.);
#8621=ORIENTED_EDGE('',*,*,#8257,.F.);
#8622=EDGE_LOOP('',(#8617,#8619,#8620,#8621));
#8623=FACE_OUTER_BOUND('',#8622,.F.);
#8625=CARTESIAN_POINT('',(2.920004800192E1,0.E0,-4.64E1));
#8626=DIRECTION('',(0.E0,-1.745240643728E-2,-9.998476951564E-1));
#8627=DIRECTION('',(-1.E0,0.E0,0.E0));
#8628=AXIS2_PLACEMENT_3D('',#8625,#8626,#8627);
#8629=PLANE('',#8628);
#8630=ORIENTED_EDGE('',*,*,#8342,.F.);
#8632=ORIENTED_EDGE('',*,*,#8631,.F.);
#8633=ORIENTED_EDGE('',*,*,#8131,.F.);
#8635=ORIENTED_EDGE('',*,*,#8634,.T.);
#8636=ORIENTED_EDGE('',*,*,#8513,.T.);
#8637=ORIENTED_EDGE('',*,*,#8618,.F.);
#8638=ORIENTED_EDGE('',*,*,#8063,.F.);
#8640=ORIENTED_EDGE('',*,*,#8639,.T.);
#8641=ORIENTED_EDGE('',*,*,#8139,.F.);
#8643=ORIENTED_EDGE('',*,*,#8642,.T.);
#8644=EDGE_LOOP('',(#8630,#8632,#8633,#8635,#8636,#8637,#8638,#8640,#8641,
#8643));
#8645=FACE_OUTER_BOUND('',#8644,.F.);
#8647=CARTESIAN_POINT('',(2.5E0,0.E0,-4.58E1));
#8648=DIRECTION('',(1.E0,0.E0,0.E0));
#8649=DIRECTION('',(0.E0,0.E0,-1.E0));
#8650=AXIS2_PLACEMENT_3D('',#8647,#8648,#8649);
#8651=PLANE('',#8650);
#8653=ORIENTED_EDGE('',*,*,#8652,.F.);
#8654=ORIENTED_EDGE('',*,*,#8133,.T.);
#8655=ORIENTED_EDGE('',*,*,#8631,.T.);
#8656=ORIENTED_EDGE('',*,*,#8348,.F.);
#8658=ORIENTED_EDGE('',*,*,#8657,.F.);
#8659=EDGE_LOOP('',(#8653,#8654,#8655,#8656,#8658));
#8660=FACE_OUTER_BOUND('',#8659,.F.);
#8662=CARTESIAN_POINT('',(-7.815970093361E-14,-2.5E-1,-4.605E1));
#8663=DIRECTION('',(0.E0,7.071067811865E-1,7.071067811865E-1));
#8664=DIRECTION('',(0.E0,-7.071067811865E-1,7.071067811865E-1));
#8665=AXIS2_PLACEMENT_3D('',#8662,#8663,#8664);
#8666=PLANE('',#8665);
#8667=ORIENTED_EDGE('',*,*,#8652,.T.);
#8669=ORIENTED_EDGE('',*,*,#8668,.F.);
#8671=ORIENTED_EDGE('',*,*,#8670,.T.);
#8672=ORIENTED_EDGE('',*,*,#8135,.T.);
#8673=EDGE_LOOP('',(#8667,#8669,#8671,#8672));
#8674=FACE_OUTER_BOUND('',#8673,.F.);
#8676=CARTESIAN_POINT('',(-2.5E0,0.E0,-4.58E1));
#8677=DIRECTION('',(0.E0,0.E0,1.E0));
#8678=DIRECTION('',(1.E0,0.E0,0.E0));
#8679=AXIS2_PLACEMENT_3D('',#8676,#8677,#8678);
#8680=PLANE('',#8679);
#8681=ORIENTED_EDGE('',*,*,#8668,.T.);
#8682=ORIENTED_EDGE('',*,*,#8657,.T.);
#8683=ORIENTED_EDGE('',*,*,#8346,.F.);
#8685=ORIENTED_EDGE('',*,*,#8684,.F.);
#8686=EDGE_LOOP('',(#8681,#8682,#8683,#8685));
#8687=FACE_OUTER_BOUND('',#8686,.F.);
#8689=CARTESIAN_POINT('',(-2.5E0,0.E0,-4.64E1));
#8690=DIRECTION('',(-1.E0,0.E0,0.E0));
#8691=DIRECTION('',(0.E0,0.E0,1.E0));
#8692=AXIS2_PLACEMENT_3D('',#8689,#8690,#8691);
#8693=PLANE('',#8692);
#8694=ORIENTED_EDGE('',*,*,#8670,.F.);
#8695=ORIENTED_EDGE('',*,*,#8684,.T.);
#8696=ORIENTED_EDGE('',*,*,#8344,.F.);
#8697=ORIENTED_EDGE('',*,*,#8642,.F.);
#8698=ORIENTED_EDGE('',*,*,#8137,.T.);
#8699=EDGE_LOOP('',(#8694,#8695,#8696,#8697,#8698));
#8700=FACE_OUTER_BOUND('',#8699,.F.);
#8702=CARTESIAN_POINT('',(2.7E1,-1.5E0,-4.5E1));
#8703=DIRECTION('',(0.E0,1.E0,0.E0));
#8704=DIRECTION('',(0.E0,0.E0,-1.E0));
#8705=AXIS2_PLACEMENT_3D('',#8702,#8703,#8704);
#8706=CONICAL_SURFACE('',#8705,1.373817402608E0,1.E0);
#8707=ORIENTED_EDGE('',*,*,#8129,.F.);
#8708=ORIENTED_EDGE('',*,*,#8372,.T.);
#8709=ORIENTED_EDGE('',*,*,#8515,.T.);
#8710=ORIENTED_EDGE('',*,*,#8634,.F.);
#8711=EDGE_LOOP('',(#8707,#8708,#8709,#8710));
#8712=FACE_OUTER_BOUND('',#8711,.F.);
#8714=CARTESIAN_POINT('',(-1.374988339536E1,4.499992668630E-1,0.E0));
#8715=DIRECTION('',(0.E0,0.E0,1.E0));
#8716=DIRECTION('',(-1.E0,0.E0,0.E0));
#8717=AXIS2_PLACEMENT_3D('',#8714,#8715,#8716);
#8718=CYLINDRICAL_SURFACE('',#8717,2.975E0);
#8719=ORIENTED_EDGE('',*,*,#8061,.F.);
#8721=ORIENTED_EDGE('',*,*,#8720,.T.);
#8722=ORIENTED_EDGE('',*,*,#8141,.T.);
#8723=ORIENTED_EDGE('',*,*,#8639,.F.);
#8724=EDGE_LOOP('',(#8719,#8721,#8722,#8723));
#8725=FACE_OUTER_BOUND('',#8724,.F.);
#8727=CARTESIAN_POINT('',(2.7E1,0.E0,-4.75E1));
#8728=DIRECTION('',(0.E0,0.E0,-1.E0));
#8729=DIRECTION('',(-1.E0,0.E0,0.E0));
#8730=AXIS2_PLACEMENT_3D('',#8727,#8728,#8729);
#8731=PLANE('',#8730);
#8732=ORIENTED_EDGE('',*,*,#8720,.F.);
#8733=ORIENTED_EDGE('',*,*,#8059,.T.);
#8735=ORIENTED_EDGE('',*,*,#8734,.T.);
#8737=ORIENTED_EDGE('',*,*,#8736,.T.);
#8739=ORIENTED_EDGE('',*,*,#8738,.F.);
#8740=ORIENTED_EDGE('',*,*,#8143,.T.);
#8741=EDGE_LOOP('',(#8732,#8733,#8735,#8737,#8739,#8740));
#8742=FACE_OUTER_BOUND('',#8741,.F.);
#8744=CARTESIAN_POINT('',(-2.7E1,0.E0,-4.5E1));
#8745=DIRECTION('',(0.E0,1.E0,0.E0));
#8746=DIRECTION('',(1.E0,0.E0,0.E0));
#8747=AXIS2_PLACEMENT_3D('',#8744,#8745,#8746);
#8748=CYLINDRICAL_SURFACE('',#8747,2.5E0);
#8750=ORIENTED_EDGE('',*,*,#8749,.T.);
#8751=ORIENTED_EDGE('',*,*,#8734,.F.);
#8752=ORIENTED_EDGE('',*,*,#8057,.T.);
#8754=ORIENTED_EDGE('',*,*,#8753,.T.);
#8755=EDGE_LOOP('',(#8750,#8751,#8752,#8754));
#8756=FACE_OUTER_BOUND('',#8755,.F.);
#8758=CARTESIAN_POINT('',(-2.7E1,-1.05E1,-4.5E1));
#8759=DIRECTION('',(0.E0,1.E0,0.E0));
#8760=DIRECTION('',(-9.961852849244E-1,0.E0,8.726326890563E-2));
#8761=AXIS2_PLACEMENT_3D('',#8758,#8759,#8760);
#8762=TOROIDAL_SURFACE('',#8761,1.5E0,1.E0);
#8764=ORIENTED_EDGE('',*,*,#8763,.T.);
#8766=ORIENTED_EDGE('',*,*,#8765,.T.);
#8767=ORIENTED_EDGE('',*,*,#8749,.F.);
#8769=ORIENTED_EDGE('',*,*,#8768,.F.);
#8770=EDGE_LOOP('',(#8764,#8766,#8767,#8769));
#8771=FACE_OUTER_BOUND('',#8770,.F.);
#8773=CARTESIAN_POINT('',(0.E0,-1.15E1,0.E0));
#8774=DIRECTION('',(0.E0,1.E0,0.E0));
#8775=DIRECTION('',(1.E0,0.E0,0.E0));
#8776=AXIS2_PLACEMENT_3D('',#8773,#8774,#8775);
#8777=PLANE('',#8776);
#8779=ORIENTED_EDGE('',*,*,#8778,.F.);
#8781=ORIENTED_EDGE('',*,*,#8780,.F.);
#8783=ORIENTED_EDGE('',*,*,#8782,.F.);
#8785=ORIENTED_EDGE('',*,*,#8784,.F.);
#8786=ORIENTED_EDGE('',*,*,#8763,.F.);
#8788=ORIENTED_EDGE('',*,*,#8787,.F.);
#8790=ORIENTED_EDGE('',*,*,#8789,.F.);
#8792=ORIENTED_EDGE('',*,*,#8791,.F.);
#8793=EDGE_LOOP('',(#8779,#8781,#8783,#8785,#8786,#8788,#8790,#8792));
#8794=FACE_OUTER_BOUND('',#8793,.F.);
#8796=ORIENTED_EDGE('',*,*,#8795,.T.);
#8798=ORIENTED_EDGE('',*,*,#8797,.T.);
#8799=EDGE_LOOP('',(#8796,#8798));
#8800=FACE_BOUND('',#8799,.F.);
#8802=ORIENTED_EDGE('',*,*,#8801,.T.);
#8804=ORIENTED_EDGE('',*,*,#8803,.T.);
#8805=EDGE_LOOP('',(#8802,#8804));
#8806=FACE_BOUND('',#8805,.F.);
#8808=ORIENTED_EDGE('',*,*,#8807,.T.);
#8810=ORIENTED_EDGE('',*,*,#8809,.T.);
#8811=EDGE_LOOP('',(#8808,#8810));
#8812=FACE_BOUND('',#8811,.F.);
#8814=ORIENTED_EDGE('',*,*,#8813,.F.);
#8816=ORIENTED_EDGE('',*,*,#8815,.F.);
#8817=EDGE_LOOP('',(#8814,#8816));
#8818=FACE_BOUND('',#8817,.F.);
#8820=ORIENTED_EDGE('',*,*,#8819,.F.);
#8822=ORIENTED_EDGE('',*,*,#8821,.F.);
#8823=EDGE_LOOP('',(#8820,#8822));
#8824=FACE_BOUND('',#8823,.F.);
#8826=ORIENTED_EDGE('',*,*,#8825,.F.);
#8828=ORIENTED_EDGE('',*,*,#8827,.F.);
#8829=EDGE_LOOP('',(#8826,#8828));
#8830=FACE_BOUND('',#8829,.F.);
#8832=ORIENTED_EDGE('',*,*,#8831,.F.);
#8834=ORIENTED_EDGE('',*,*,#8833,.F.);
#8835=EDGE_LOOP('',(#8832,#8834));
#8836=FACE_BOUND('',#8835,.F.);
#8838=ORIENTED_EDGE('',*,*,#8837,.F.);
#8840=ORIENTED_EDGE('',*,*,#8839,.F.);
#8841=EDGE_LOOP('',(#8838,#8840));
#8842=FACE_BOUND('',#8841,.F.);
#8844=ORIENTED_EDGE('',*,*,#8843,.F.);
#8846=ORIENTED_EDGE('',*,*,#8845,.F.);
#8847=EDGE_LOOP('',(#8844,#8846));
#8848=FACE_BOUND('',#8847,.F.);
#8850=ORIENTED_EDGE('',*,*,#8849,.F.);
#8852=ORIENTED_EDGE('',*,*,#8851,.F.);
#8853=EDGE_LOOP('',(#8850,#8852));
#8854=FACE_BOUND('',#8853,.F.);
#8856=ORIENTED_EDGE('',*,*,#8855,.F.);
#8858=ORIENTED_EDGE('',*,*,#8857,.F.);
#8859=EDGE_LOOP('',(#8856,#8858));
#8860=FACE_BOUND('',#8859,.F.);
#8862=ORIENTED_EDGE('',*,*,#8861,.F.);
#8864=ORIENTED_EDGE('',*,*,#8863,.F.);
#8865=EDGE_LOOP('',(#8862,#8864));
#8866=FACE_BOUND('',#8865,.F.);
#8868=ORIENTED_EDGE('',*,*,#8867,.F.);
#8870=ORIENTED_EDGE('',*,*,#8869,.F.);
#8871=EDGE_LOOP('',(#8868,#8870));
#8872=FACE_BOUND('',#8871,.F.);
#8874=ORIENTED_EDGE('',*,*,#8873,.F.);
#8876=ORIENTED_EDGE('',*,*,#8875,.F.);
#8877=EDGE_LOOP('',(#8874,#8876));
#8878=FACE_BOUND('',#8877,.F.);
#8880=ORIENTED_EDGE('',*,*,#8879,.F.);
#8882=ORIENTED_EDGE('',*,*,#8881,.F.);
#8883=EDGE_LOOP('',(#8880,#8882));
#8884=FACE_BOUND('',#8883,.F.);
#8886=ORIENTED_EDGE('',*,*,#8885,.F.);
#8888=ORIENTED_EDGE('',*,*,#8887,.F.);
#8889=EDGE_LOOP('',(#8886,#8888));
#8890=FACE_BOUND('',#8889,.F.);
#8892=ORIENTED_EDGE('',*,*,#8891,.F.);
#8894=ORIENTED_EDGE('',*,*,#8893,.F.);
#8895=EDGE_LOOP('',(#8892,#8894));
#8896=FACE_BOUND('',#8895,.F.);
#8898=ORIENTED_EDGE('',*,*,#8897,.F.);
#8900=ORIENTED_EDGE('',*,*,#8899,.F.);
#8901=EDGE_LOOP('',(#8898,#8900));
#8902=FACE_BOUND('',#8901,.F.);
#8904=ORIENTED_EDGE('',*,*,#8903,.F.);
#8906=ORIENTED_EDGE('',*,*,#8905,.F.);
#8907=EDGE_LOOP('',(#8904,#8906));
#8908=FACE_BOUND('',#8907,.F.);
#8910=ORIENTED_EDGE('',*,*,#8909,.F.);
#8912=ORIENTED_EDGE('',*,*,#8911,.F.);
#8913=EDGE_LOOP('',(#8910,#8912));
#8914=FACE_BOUND('',#8913,.F.);
#8916=ORIENTED_EDGE('',*,*,#8915,.F.);
#8918=ORIENTED_EDGE('',*,*,#8917,.F.);
#8919=EDGE_LOOP('',(#8916,#8918));
#8920=FACE_BOUND('',#8919,.F.);
#8922=ORIENTED_EDGE('',*,*,#8921,.F.);
#8924=ORIENTED_EDGE('',*,*,#8923,.F.);
#8925=EDGE_LOOP('',(#8922,#8924));
#8926=FACE_BOUND('',#8925,.F.);
#8928=ORIENTED_EDGE('',*,*,#8927,.F.);
#8930=ORIENTED_EDGE('',*,*,#8929,.F.);
#8931=EDGE_LOOP('',(#8928,#8930));
#8932=FACE_BOUND('',#8931,.F.);
#8934=ORIENTED_EDGE('',*,*,#8933,.F.);
#8936=ORIENTED_EDGE('',*,*,#8935,.F.);
#8937=EDGE_LOOP('',(#8934,#8936));
#8938=FACE_BOUND('',#8937,.F.);
#8940=ORIENTED_EDGE('',*,*,#8939,.F.);
#8942=ORIENTED_EDGE('',*,*,#8941,.F.);
#8943=EDGE_LOOP('',(#8940,#8942));
#8944=FACE_BOUND('',#8943,.F.);
#8946=ORIENTED_EDGE('',*,*,#8945,.F.);
#8948=ORIENTED_EDGE('',*,*,#8947,.F.);
#8949=EDGE_LOOP('',(#8946,#8948));
#8950=FACE_BOUND('',#8949,.F.);
#8952=ORIENTED_EDGE('',*,*,#8951,.F.);
#8954=ORIENTED_EDGE('',*,*,#8953,.F.);
#8955=EDGE_LOOP('',(#8952,#8954));
#8956=FACE_BOUND('',#8955,.F.);
#8958=ORIENTED_EDGE('',*,*,#8957,.F.);
#8960=ORIENTED_EDGE('',*,*,#8959,.F.);
#8961=EDGE_LOOP('',(#8958,#8960));
#8962=FACE_BOUND('',#8961,.F.);
#8964=ORIENTED_EDGE('',*,*,#8963,.F.);
#8966=ORIENTED_EDGE('',*,*,#8965,.F.);
#8967=EDGE_LOOP('',(#8964,#8966));
#8968=FACE_BOUND('',#8967,.F.);
#8970=ORIENTED_EDGE('',*,*,#8969,.F.);
#8972=ORIENTED_EDGE('',*,*,#8971,.F.);
#8973=EDGE_LOOP('',(#8970,#8972));
#8974=FACE_BOUND('',#8973,.F.);
#8976=ORIENTED_EDGE('',*,*,#8975,.F.);
#8978=ORIENTED_EDGE('',*,*,#8977,.F.);
#8979=EDGE_LOOP('',(#8976,#8978));
#8980=FACE_BOUND('',#8979,.F.);
#8982=ORIENTED_EDGE('',*,*,#8981,.F.);
#8984=ORIENTED_EDGE('',*,*,#8983,.F.);
#8985=EDGE_LOOP('',(#8982,#8984));
#8986=FACE_BOUND('',#8985,.F.);
#8988=ORIENTED_EDGE('',*,*,#8987,.F.);
#8990=ORIENTED_EDGE('',*,*,#8989,.F.);
#8991=EDGE_LOOP('',(#8988,#8990));
#8992=FACE_BOUND('',#8991,.F.);
#8994=ORIENTED_EDGE('',*,*,#8993,.F.);
#8996=ORIENTED_EDGE('',*,*,#8995,.F.);
#8997=EDGE_LOOP('',(#8994,#8996));
#8998=FACE_BOUND('',#8997,.F.);
#9000=ORIENTED_EDGE('',*,*,#8999,.F.);
#9002=ORIENTED_EDGE('',*,*,#9001,.F.);
#9003=EDGE_LOOP('',(#9000,#9002));
#9004=FACE_BOUND('',#9003,.F.);
#9006=ORIENTED_EDGE('',*,*,#9005,.F.);
#9008=ORIENTED_EDGE('',*,*,#9007,.F.);
#9009=EDGE_LOOP('',(#9006,#9008));
#9010=FACE_BOUND('',#9009,.F.);
#9012=ORIENTED_EDGE('',*,*,#9011,.F.);
#9014=ORIENTED_EDGE('',*,*,#9013,.F.);
#9015=EDGE_LOOP('',(#9012,#9014));
#9016=FACE_BOUND('',#9015,.F.);
#9018=ORIENTED_EDGE('',*,*,#9017,.F.);
#9020=ORIENTED_EDGE('',*,*,#9019,.F.);
#9021=EDGE_LOOP('',(#9018,#9020));
#9022=FACE_BOUND('',#9021,.F.);
#9024=ORIENTED_EDGE('',*,*,#9023,.F.);
#9026=ORIENTED_EDGE('',*,*,#9025,.F.);
#9027=EDGE_LOOP('',(#9024,#9026));
#9028=FACE_BOUND('',#9027,.F.);
#9030=ORIENTED_EDGE('',*,*,#9029,.F.);
#9032=ORIENTED_EDGE('',*,*,#9031,.F.);
#9033=EDGE_LOOP('',(#9030,#9032));
#9034=FACE_BOUND('',#9033,.F.);
#9036=ORIENTED_EDGE('',*,*,#9035,.F.);
#9038=ORIENTED_EDGE('',*,*,#9037,.F.);
#9039=EDGE_LOOP('',(#9036,#9038));
#9040=FACE_BOUND('',#9039,.F.);
#9042=ORIENTED_EDGE('',*,*,#9041,.F.);
#9044=ORIENTED_EDGE('',*,*,#9043,.F.);
#9045=EDGE_LOOP('',(#9042,#9044));
#9046=FACE_BOUND('',#9045,.F.);
#9048=ORIENTED_EDGE('',*,*,#9047,.F.);
#9050=ORIENTED_EDGE('',*,*,#9049,.F.);
#9051=EDGE_LOOP('',(#9048,#9050));
#9052=FACE_BOUND('',#9051,.F.);
#9054=ORIENTED_EDGE('',*,*,#9053,.F.);
#9056=ORIENTED_EDGE('',*,*,#9055,.F.);
#9057=EDGE_LOOP('',(#9054,#9056));
#9058=FACE_BOUND('',#9057,.F.);
#9060=ORIENTED_EDGE('',*,*,#9059,.T.);
#9062=ORIENTED_EDGE('',*,*,#9061,.T.);
#9064=ORIENTED_EDGE('',*,*,#9063,.T.);
#9066=ORIENTED_EDGE('',*,*,#9065,.T.);
#9068=ORIENTED_EDGE('',*,*,#9067,.T.);
#9070=ORIENTED_EDGE('',*,*,#9069,.T.);
#9071=EDGE_LOOP('',(#9060,#9062,#9064,#9066,#9068,#9070));
#9072=FACE_BOUND('',#9071,.F.);
#9074=ORIENTED_EDGE('',*,*,#9073,.T.);
#9076=ORIENTED_EDGE('',*,*,#9075,.T.);
#9078=ORIENTED_EDGE('',*,*,#9077,.T.);
#9080=ORIENTED_EDGE('',*,*,#9079,.T.);
#9082=ORIENTED_EDGE('',*,*,#9081,.T.);
#9084=ORIENTED_EDGE('',*,*,#9083,.T.);
#9085=EDGE_LOOP('',(#9074,#9076,#9078,#9080,#9082,#9084));
#9086=FACE_BOUND('',#9085,.F.);
#9088=ORIENTED_EDGE('',*,*,#9087,.T.);
#9090=ORIENTED_EDGE('',*,*,#9089,.T.);
#9092=ORIENTED_EDGE('',*,*,#9091,.T.);
#9094=ORIENTED_EDGE('',*,*,#9093,.T.);
#9096=ORIENTED_EDGE('',*,*,#9095,.T.);
#9097=EDGE_LOOP('',(#9088,#9090,#9092,#9094,#9096));
#9098=FACE_BOUND('',#9097,.F.);
#9100=ORIENTED_EDGE('',*,*,#9099,.T.);
#9102=ORIENTED_EDGE('',*,*,#9101,.T.);
#9104=ORIENTED_EDGE('',*,*,#9103,.T.);
#9106=ORIENTED_EDGE('',*,*,#9105,.T.);
#9107=EDGE_LOOP('',(#9100,#9102,#9104,#9106));
#9108=FACE_BOUND('',#9107,.F.);
#9110=ORIENTED_EDGE('',*,*,#9109,.T.);
#9112=ORIENTED_EDGE('',*,*,#9111,.T.);
#9114=ORIENTED_EDGE('',*,*,#9113,.T.);
#9116=ORIENTED_EDGE('',*,*,#9115,.T.);
#9118=ORIENTED_EDGE('',*,*,#9117,.T.);
#9120=ORIENTED_EDGE('',*,*,#9119,.T.);
#9121=EDGE_LOOP('',(#9110,#9112,#9114,#9116,#9118,#9120));
#9122=FACE_BOUND('',#9121,.F.);
#9124=ORIENTED_EDGE('',*,*,#9123,.T.);
#9126=ORIENTED_EDGE('',*,*,#9125,.T.);
#9128=ORIENTED_EDGE('',*,*,#9127,.T.);
#9130=ORIENTED_EDGE('',*,*,#9129,.T.);
#9132=ORIENTED_EDGE('',*,*,#9131,.T.);
#9134=ORIENTED_EDGE('',*,*,#9133,.T.);
#9136=ORIENTED_EDGE('',*,*,#9135,.T.);
#9138=ORIENTED_EDGE('',*,*,#9137,.T.);
#9139=EDGE_LOOP('',(#9124,#9126,#9128,#9130,#9132,#9134,#9136,#9138));
#9140=FACE_BOUND('',#9139,.F.);
#9142=ORIENTED_EDGE('',*,*,#9141,.T.);
#9144=ORIENTED_EDGE('',*,*,#9143,.T.);
#9146=ORIENTED_EDGE('',*,*,#9145,.T.);
#9148=ORIENTED_EDGE('',*,*,#9147,.T.);
#9150=ORIENTED_EDGE('',*,*,#9149,.T.);
#9152=ORIENTED_EDGE('',*,*,#9151,.T.);
#9154=ORIENTED_EDGE('',*,*,#9153,.T.);
#9156=ORIENTED_EDGE('',*,*,#9155,.T.);
#9157=EDGE_LOOP('',(#9142,#9144,#9146,#9148,#9150,#9152,#9154,#9156));
#9158=FACE_BOUND('',#9157,.F.);
#9160=CARTESIAN_POINT('',(0.E0,-1.15E1,0.E0));
#9161=DIRECTION('',(0.E0,1.E0,0.E0));
#9162=DIRECTION('',(1.E0,0.E0,0.E0));
#9163=AXIS2_PLACEMENT_3D('',#9160,#9161,#9162);
#9164=PLANE('',#9163);
#9166=ORIENTED_EDGE('',*,*,#9165,.F.);
#9168=ORIENTED_EDGE('',*,*,#9167,.T.);
#9170=ORIENTED_EDGE('',*,*,#9169,.F.);
#9171=EDGE_LOOP('',(#9166,#9168,#9170));
#9172=FACE_OUTER_BOUND('',#9171,.F.);
#9174=CARTESIAN_POINT('',(0.E0,-1.15E1,0.E0));
#9175=DIRECTION('',(0.E0,1.E0,0.E0));
#9176=DIRECTION('',(1.E0,0.E0,0.E0));
#9177=AXIS2_PLACEMENT_3D('',#9174,#9175,#9176);
#9178=PLANE('',#9177);
#9180=ORIENTED_EDGE('',*,*,#9179,.F.);
#9182=ORIENTED_EDGE('',*,*,#9181,.F.);
#9183=EDGE_LOOP('',(#9180,#9182));
#9184=FACE_OUTER_BOUND('',#9183,.F.);
#9186=CARTESIAN_POINT('',(0.E0,-1.15E1,0.E0));
#9187=DIRECTION('',(0.E0,1.E0,0.E0));
#9188=DIRECTION('',(1.E0,0.E0,0.E0));
#9189=AXIS2_PLACEMENT_3D('',#9186,#9187,#9188);
#9190=PLANE('',#9189);
#9192=ORIENTED_EDGE('',*,*,#9191,.F.);
#9194=ORIENTED_EDGE('',*,*,#9193,.F.);
#9195=EDGE_LOOP('',(#9192,#9194));
#9196=FACE_OUTER_BOUND('',#9195,.F.);
#9198=CARTESIAN_POINT('',(2.7E1,-1.05E1,4.5E1));
#9199=DIRECTION('',(0.E0,1.E0,0.E0));
#9200=DIRECTION('',(9.961852849244E-1,0.E0,-8.726326890563E-2));
#9201=AXIS2_PLACEMENT_3D('',#9198,#9199,#9200);
#9202=TOROIDAL_SURFACE('',#9201,1.5E0,1.E0);
#9203=ORIENTED_EDGE('',*,*,#8778,.T.);
#9205=ORIENTED_EDGE('',*,*,#9204,.T.);
#9207=ORIENTED_EDGE('',*,*,#9206,.F.);
#9209=ORIENTED_EDGE('',*,*,#9208,.F.);
#9210=EDGE_LOOP('',(#9203,#9205,#9207,#9209));
#9211=FACE_OUTER_BOUND('',#9210,.F.);
#9213=CARTESIAN_POINT('',(2.7218436E1,-1.05E1,4.65E1));
#9214=DIRECTION('',(-1.E0,0.E0,0.E0));
#9215=DIRECTION('',(0.E0,-1.E0,0.E0));
#9216=AXIS2_PLACEMENT_3D('',#9213,#9214,#9215);
#9217=CYLINDRICAL_SURFACE('',#9216,1.E0);
#9218=ORIENTED_EDGE('',*,*,#8791,.T.);
#9220=ORIENTED_EDGE('',*,*,#9219,.T.);
#9221=ORIENTED_EDGE('',*,*,#8172,.F.);
#9222=ORIENTED_EDGE('',*,*,#9204,.F.);
#9223=EDGE_LOOP('',(#9218,#9220,#9221,#9222));
#9224=FACE_OUTER_BOUND('',#9223,.F.);
#9226=CARTESIAN_POINT('',(-2.7E1,-1.05E1,4.5E1));
#9227=DIRECTION('',(0.E0,1.E0,0.E0));
#9228=DIRECTION('',(8.726326890564E-2,0.E0,9.961852849244E-1));
#9229=AXIS2_PLACEMENT_3D('',#9226,#9227,#9228);
#9230=TOROIDAL_SURFACE('',#9229,1.5E0,1.E0);
#9231=ORIENTED_EDGE('',*,*,#8789,.T.);
#9233=ORIENTED_EDGE('',*,*,#9232,.T.);
#9235=ORIENTED_EDGE('',*,*,#9234,.F.);
#9236=ORIENTED_EDGE('',*,*,#9219,.F.);
#9237=EDGE_LOOP('',(#9231,#9233,#9235,#9236));
#9238=FACE_OUTER_BOUND('',#9237,.F.);
#9240=CARTESIAN_POINT('',(-2.85E1,-1.05E1,4.5218436E1));
#9241=DIRECTION('',(0.E0,0.E0,-1.E0));
#9242=DIRECTION('',(0.E0,-1.E0,0.E0));
#9243=AXIS2_PLACEMENT_3D('',#9240,#9241,#9242);
#9244=CYLINDRICAL_SURFACE('',#9243,1.E0);
#9245=ORIENTED_EDGE('',*,*,#8787,.T.);
#9246=ORIENTED_EDGE('',*,*,#8768,.T.);
#9248=ORIENTED_EDGE('',*,*,#9247,.F.);
#9249=ORIENTED_EDGE('',*,*,#9232,.F.);
#9250=EDGE_LOOP('',(#9245,#9246,#9248,#9249));
#9251=FACE_OUTER_BOUND('',#9250,.F.);
#9253=CARTESIAN_POINT('',(-2.95E1,0.E0,-4.5E1));
#9254=DIRECTION('',(-1.E0,0.E0,0.E0));
#9255=DIRECTION('',(0.E0,0.E0,1.E0));
#9256=AXIS2_PLACEMENT_3D('',#9253,#9254,#9255);
#9257=PLANE('',#9256);
#9258=ORIENTED_EDGE('',*,*,#9247,.T.);
#9259=ORIENTED_EDGE('',*,*,#8753,.F.);
#9260=ORIENTED_EDGE('',*,*,#8055,.T.);
#9262=ORIENTED_EDGE('',*,*,#9261,.T.);
#9263=EDGE_LOOP('',(#9258,#9259,#9260,#9262));
#9264=FACE_OUTER_BOUND('',#9263,.F.);
#9266=CARTESIAN_POINT('',(-2.7E1,0.E0,4.5E1));
#9267=DIRECTION('',(0.E0,1.E0,0.E0));
#9268=DIRECTION('',(1.E0,0.E0,0.E0));
#9269=AXIS2_PLACEMENT_3D('',#9266,#9267,#9268);
#9270=CYLINDRICAL_SURFACE('',#9269,2.5E0);
#9271=ORIENTED_EDGE('',*,*,#9234,.T.);
#9272=ORIENTED_EDGE('',*,*,#9261,.F.);
#9273=ORIENTED_EDGE('',*,*,#8053,.T.);
#9274=ORIENTED_EDGE('',*,*,#8174,.T.);
#9275=EDGE_LOOP('',(#9271,#9272,#9273,#9274));
#9276=FACE_OUTER_BOUND('',#9275,.F.);
#9278=CARTESIAN_POINT('',(2.7E1,0.E0,4.5E1));
#9279=DIRECTION('',(0.E0,1.E0,0.E0));
#9280=DIRECTION('',(1.E0,0.E0,0.E0));
#9281=AXIS2_PLACEMENT_3D('',#9278,#9279,#9280);
#9282=CYLINDRICAL_SURFACE('',#9281,2.5E0);
#9283=ORIENTED_EDGE('',*,*,#9206,.T.);
#9284=ORIENTED_EDGE('',*,*,#8170,.F.);
#9285=ORIENTED_EDGE('',*,*,#8149,.T.);
#9287=ORIENTED_EDGE('',*,*,#9286,.T.);
#9288=EDGE_LOOP('',(#9283,#9284,#9285,#9287));
#9289=FACE_OUTER_BOUND('',#9288,.F.);
#9291=CARTESIAN_POINT('',(2.95E1,0.E0,4.5E1));
#9292=DIRECTION('',(1.E0,0.E0,0.E0));
#9293=DIRECTION('',(0.E0,0.E0,-1.E0));
#9294=AXIS2_PLACEMENT_3D('',#9291,#9292,#9293);
#9295=PLANE('',#9294);
#9297=ORIENTED_EDGE('',*,*,#9296,.T.);
#9298=ORIENTED_EDGE('',*,*,#9286,.F.);
#9299=ORIENTED_EDGE('',*,*,#8147,.T.);
#9301=ORIENTED_EDGE('',*,*,#9300,.T.);
#9302=EDGE_LOOP('',(#9297,#9298,#9299,#9301));
#9303=FACE_OUTER_BOUND('',#9302,.F.);
#9305=CARTESIAN_POINT('',(2.85E1,-1.05E1,-4.5218436E1));
#9306=DIRECTION('',(0.E0,0.E0,1.E0));
#9307=DIRECTION('',(0.E0,-1.E0,0.E0));
#9308=AXIS2_PLACEMENT_3D('',#9305,#9306,#9307);
#9309=CYLINDRICAL_SURFACE('',#9308,1.E0);
#9310=ORIENTED_EDGE('',*,*,#8780,.T.);
#9311=ORIENTED_EDGE('',*,*,#9208,.T.);
#9312=ORIENTED_EDGE('',*,*,#9296,.F.);
#9314=ORIENTED_EDGE('',*,*,#9313,.F.);
#9315=EDGE_LOOP('',(#9310,#9311,#9312,#9314));
#9316=FACE_OUTER_BOUND('',#9315,.F.);
#9318=CARTESIAN_POINT('',(2.7E1,-1.05E1,-4.5E1));
#9319=DIRECTION('',(0.E0,1.E0,0.E0));
#9320=DIRECTION('',(-8.726326890563E-2,0.E0,-9.961852849244E-1));
#9321=AXIS2_PLACEMENT_3D('',#9318,#9319,#9320);
#9322=TOROIDAL_SURFACE('',#9321,1.5E0,1.E0);
#9323=ORIENTED_EDGE('',*,*,#8782,.T.);
#9324=ORIENTED_EDGE('',*,*,#9313,.T.);
#9326=ORIENTED_EDGE('',*,*,#9325,.F.);
#9328=ORIENTED_EDGE('',*,*,#9327,.F.);
#9329=EDGE_LOOP('',(#9323,#9324,#9326,#9328));
#9330=FACE_OUTER_BOUND('',#9329,.F.);
#9332=CARTESIAN_POINT('',(2.7E1,0.E0,-4.5E1));
#9333=DIRECTION('',(0.E0,1.E0,0.E0));
#9334=DIRECTION('',(1.E0,0.E0,0.E0));
#9335=AXIS2_PLACEMENT_3D('',#9332,#9333,#9334);
#9336=CYLINDRICAL_SURFACE('',#9335,2.5E0);
#9337=ORIENTED_EDGE('',*,*,#9325,.T.);
#9338=ORIENTED_EDGE('',*,*,#9300,.F.);
#9339=ORIENTED_EDGE('',*,*,#8145,.T.);
#9340=ORIENTED_EDGE('',*,*,#8738,.T.);
#9341=EDGE_LOOP('',(#9337,#9338,#9339,#9340));
#9342=FACE_OUTER_BOUND('',#9341,.F.);
#9344=CARTESIAN_POINT('',(-2.7218436E1,-1.05E1,-4.65E1));
#9345=DIRECTION('',(1.E0,0.E0,0.E0));
#9346=DIRECTION('',(0.E0,-1.E0,0.E0));
#9347=AXIS2_PLACEMENT_3D('',#9344,#9345,#9346);
#9348=CYLINDRICAL_SURFACE('',#9347,1.E0);
#9349=ORIENTED_EDGE('',*,*,#8784,.T.);
#9350=ORIENTED_EDGE('',*,*,#9327,.T.);
#9351=ORIENTED_EDGE('',*,*,#8736,.F.);
#9352=ORIENTED_EDGE('',*,*,#8765,.F.);
#9353=EDGE_LOOP('',(#9349,#9350,#9351,#9352));
#9354=FACE_OUTER_BOUND('',#9353,.F.);
#9356=CARTESIAN_POINT('',(2.4E1,-7.6E0,4.2E1));
#9357=DIRECTION('',(0.E0,-1.E0,0.E0));
#9358=DIRECTION('',(0.E0,0.E0,-1.E0));
#9359=AXIS2_PLACEMENT_3D('',#9356,#9357,#9358);
#9360=CONICAL_SURFACE('',#9359,2.568074753220E0,1.E0);
#9361=ORIENTED_EDGE('',*,*,#8795,.F.);
#9363=ORIENTED_EDGE('',*,*,#9362,.T.);
#9365=ORIENTED_EDGE('',*,*,#9364,.T.);
#9367=ORIENTED_EDGE('',*,*,#9366,.F.);
#9368=EDGE_LOOP('',(#9361,#9363,#9365,#9367));
#9369=FACE_OUTER_BOUND('',#9368,.F.);
#9371=CARTESIAN_POINT('',(2.4E1,-7.6E0,4.2E1));
#9372=DIRECTION('',(0.E0,-1.E0,0.E0));
#9373=DIRECTION('',(0.E0,0.E0,-1.E0));
#9374=AXIS2_PLACEMENT_3D('',#9371,#9372,#9373);
#9375=CONICAL_SURFACE('',#9374,2.568074753220E0,1.E0);
#9376=ORIENTED_EDGE('',*,*,#8797,.F.);
#9377=ORIENTED_EDGE('',*,*,#9366,.T.);
#9379=ORIENTED_EDGE('',*,*,#9378,.T.);
#9380=ORIENTED_EDGE('',*,*,#9362,.F.);
#9381=EDGE_LOOP('',(#9376,#9377,#9379,#9380));
#9382=FACE_OUTER_BOUND('',#9381,.F.);
#9384=CARTESIAN_POINT('',(0.E0,-3.7E0,0.E0));
#9385=DIRECTION('',(0.E0,-1.E0,0.E0));
#9386=DIRECTION('',(0.E0,0.E0,-1.E0));
#9387=AXIS2_PLACEMENT_3D('',#9384,#9385,#9386);
#9388=PLANE('',#9387);
#9389=ORIENTED_EDGE('',*,*,#9364,.F.);
#9390=ORIENTED_EDGE('',*,*,#9378,.F.);
#9391=EDGE_LOOP('',(#9389,#9390));
#9392=FACE_OUTER_BOUND('',#9391,.F.);
#9394=ORIENTED_EDGE('',*,*,#9393,.F.);
#9396=ORIENTED_EDGE('',*,*,#9395,.F.);
#9397=EDGE_LOOP('',(#9394,#9396));
#9398=FACE_BOUND('',#9397,.F.);
#9400=CARTESIAN_POINT('',(0.E0,-3.7E0,0.E0));
#9401=DIRECTION('',(0.E0,-1.E0,0.E0));
#9402=DIRECTION('',(0.E0,0.E0,-1.E0));
#9403=AXIS2_PLACEMENT_3D('',#9400,#9401,#9402);
#9404=PLANE('',#9403);
#9406=ORIENTED_EDGE('',*,*,#9405,.F.);
#9408=ORIENTED_EDGE('',*,*,#9407,.F.);
#9409=EDGE_LOOP('',(#9406,#9408));
#9410=FACE_OUTER_BOUND('',#9409,.F.);
#9412=ORIENTED_EDGE('',*,*,#9411,.F.);
#9414=ORIENTED_EDGE('',*,*,#9413,.F.);
#9415=EDGE_LOOP('',(#9412,#9414));
#9416=FACE_BOUND('',#9415,.F.);
#9418=CARTESIAN_POINT('',(0.E0,-3.7E0,0.E0));
#9419=DIRECTION('',(0.E0,-1.E0,0.E0));
#9420=DIRECTION('',(0.E0,0.E0,-1.E0));
#9421=AXIS2_PLACEMENT_3D('',#9418,#9419,#9420);
#9422=PLANE('',#9421);
#9424=ORIENTED_EDGE('',*,*,#9423,.F.);
#9426=ORIENTED_EDGE('',*,*,#9425,.F.);
#9427=EDGE_LOOP('',(#9424,#9426));
#9428=FACE_OUTER_BOUND('',#9427,.F.);
#9430=ORIENTED_EDGE('',*,*,#9429,.F.);
#9432=ORIENTED_EDGE('',*,*,#9431,.F.);
#9433=EDGE_LOOP('',(#9430,#9432));
#9434=FACE_BOUND('',#9433,.F.);
#9436=CARTESIAN_POINT('',(-2.4E1,-7.6E0,4.2E1));
#9437=DIRECTION('',(0.E0,-1.E0,0.E0));
#9438=DIRECTION('',(0.E0,0.E0,-1.E0));
#9439=AXIS2_PLACEMENT_3D('',#9436,#9437,#9438);
#9440=CONICAL_SURFACE('',#9439,2.568074753220E0,1.E0);
#9441=ORIENTED_EDGE('',*,*,#8801,.F.);
#9443=ORIENTED_EDGE('',*,*,#9442,.T.);
#9444=ORIENTED_EDGE('',*,*,#9405,.T.);
#9446=ORIENTED_EDGE('',*,*,#9445,.F.);
#9447=EDGE_LOOP('',(#9441,#9443,#9444,#9446));
#9448=FACE_OUTER_BOUND('',#9447,.F.);
#9450=CARTESIAN_POINT('',(-2.4E1,-7.6E0,4.2E1));
#9451=DIRECTION('',(0.E0,-1.E0,0.E0));
#9452=DIRECTION('',(0.E0,0.E0,-1.E0));
#9453=AXIS2_PLACEMENT_3D('',#9450,#9451,#9452);
#9454=CONICAL_SURFACE('',#9453,2.568074753220E0,1.E0);
#9455=ORIENTED_EDGE('',*,*,#8803,.F.);
#9456=ORIENTED_EDGE('',*,*,#9445,.T.);
#9457=ORIENTED_EDGE('',*,*,#9407,.T.);
#9458=ORIENTED_EDGE('',*,*,#9442,.F.);
#9459=EDGE_LOOP('',(#9455,#9456,#9457,#9458));
#9460=FACE_OUTER_BOUND('',#9459,.F.);
#9462=CARTESIAN_POINT('',(-2.4E1,-7.6E0,-4.2E1));
#9463=DIRECTION('',(0.E0,-1.E0,0.E0));
#9464=DIRECTION('',(0.E0,0.E0,-1.E0));
#9465=AXIS2_PLACEMENT_3D('',#9462,#9463,#9464);
#9466=CONICAL_SURFACE('',#9465,2.568074753220E0,1.E0);
#9467=ORIENTED_EDGE('',*,*,#8807,.F.);
#9469=ORIENTED_EDGE('',*,*,#9468,.T.);
#9470=ORIENTED_EDGE('',*,*,#9423,.T.);
#9472=ORIENTED_EDGE('',*,*,#9471,.F.);
#9473=EDGE_LOOP('',(#9467,#9469,#9470,#9472));
#9474=FACE_OUTER_BOUND('',#9473,.F.);
#9476=CARTESIAN_POINT('',(-2.4E1,-7.6E0,-4.2E1));
#9477=DIRECTION('',(0.E0,-1.E0,0.E0));
#9478=DIRECTION('',(0.E0,0.E0,-1.E0));
#9479=AXIS2_PLACEMENT_3D('',#9476,#9477,#9478);
#9480=CONICAL_SURFACE('',#9479,2.568074753220E0,1.E0);
#9481=ORIENTED_EDGE('',*,*,#8809,.F.);
#9482=ORIENTED_EDGE('',*,*,#9471,.T.);
#9483=ORIENTED_EDGE('',*,*,#9425,.T.);
#9484=ORIENTED_EDGE('',*,*,#9468,.F.);
#9485=EDGE_LOOP('',(#9481,#9482,#9483,#9484));
#9486=FACE_OUTER_BOUND('',#9485,.F.);
#9488=CARTESIAN_POINT('',(2.4E1,-9.5E0,4.2E1));
#9489=DIRECTION('',(0.E0,1.E0,0.E0));
#9490=DIRECTION('',(-1.E0,0.E0,0.E0));
#9491=AXIS2_PLACEMENT_3D('',#9488,#9489,#9490);
#9492=CYLINDRICAL_SURFACE('',#9491,1.6E0);
#9493=ORIENTED_EDGE('',*,*,#9393,.T.);
#9495=ORIENTED_EDGE('',*,*,#9494,.T.);
#9497=ORIENTED_EDGE('',*,*,#9496,.T.);
#9499=ORIENTED_EDGE('',*,*,#9498,.F.);
#9500=EDGE_LOOP('',(#9493,#9495,#9497,#9499));
#9501=FACE_OUTER_BOUND('',#9500,.F.);
#9503=CARTESIAN_POINT('',(2.4E1,-9.5E0,4.2E1));
#9504=DIRECTION('',(0.E0,1.E0,0.E0));
#9505=DIRECTION('',(-1.E0,0.E0,0.E0));
#9506=AXIS2_PLACEMENT_3D('',#9503,#9504,#9505);
#9507=CYLINDRICAL_SURFACE('',#9506,1.6E0);
#9508=ORIENTED_EDGE('',*,*,#9395,.T.);
#9509=ORIENTED_EDGE('',*,*,#9498,.T.);
#9511=ORIENTED_EDGE('',*,*,#9510,.T.);
#9512=ORIENTED_EDGE('',*,*,#9494,.F.);
#9513=EDGE_LOOP('',(#9508,#9509,#9511,#9512));
#9514=FACE_OUTER_BOUND('',#9513,.F.);
#9516=CARTESIAN_POINT('',(0.E0,-1.7E0,0.E0));
#9517=DIRECTION('',(0.E0,1.E0,0.E0));
#9518=DIRECTION('',(-1.E0,0.E0,0.E0));
#9519=AXIS2_PLACEMENT_3D('',#9516,#9517,#9518);
#9520=PLANE('',#9519);
#9522=ORIENTED_EDGE('',*,*,#9521,.F.);
#9524=ORIENTED_EDGE('',*,*,#9523,.F.);
#9525=EDGE_LOOP('',(#9522,#9524));
#9526=FACE_OUTER_BOUND('',#9525,.F.);
#9527=ORIENTED_EDGE('',*,*,#9496,.F.);
#9528=ORIENTED_EDGE('',*,*,#9510,.F.);
#9529=EDGE_LOOP('',(#9527,#9528));
#9530=FACE_BOUND('',#9529,.F.);
#9532=CARTESIAN_POINT('',(0.E0,-1.7E0,0.E0));
#9533=DIRECTION('',(0.E0,1.E0,0.E0));
#9534=DIRECTION('',(-1.E0,0.E0,0.E0));
#9535=AXIS2_PLACEMENT_3D('',#9532,#9533,#9534);
#9536=PLANE('',#9535);
#9538=ORIENTED_EDGE('',*,*,#9537,.F.);
#9540=ORIENTED_EDGE('',*,*,#9539,.F.);
#9541=EDGE_LOOP('',(#9538,#9540));
#9542=FACE_OUTER_BOUND('',#9541,.F.);
#9544=ORIENTED_EDGE('',*,*,#9543,.F.);
#9546=ORIENTED_EDGE('',*,*,#9545,.F.);
#9547=EDGE_LOOP('',(#9544,#9546));
#9548=FACE_BOUND('',#9547,.F.);
#9550=CARTESIAN_POINT('',(0.E0,-1.7E0,0.E0));
#9551=DIRECTION('',(0.E0,1.E0,0.E0));
#9552=DIRECTION('',(-1.E0,0.E0,0.E0));
#9553=AXIS2_PLACEMENT_3D('',#9550,#9551,#9552);
#9554=PLANE('',#9553);
#9556=ORIENTED_EDGE('',*,*,#9555,.F.);
#9558=ORIENTED_EDGE('',*,*,#9557,.F.);
#9559=EDGE_LOOP('',(#9556,#9558));
#9560=FACE_OUTER_BOUND('',#9559,.F.);
#9562=CARTESIAN_POINT('',(0.E0,-1.7E0,0.E0));
#9563=DIRECTION('',(0.E0,1.E0,0.E0));
#9564=DIRECTION('',(-1.E0,0.E0,0.E0));
#9565=AXIS2_PLACEMENT_3D('',#9562,#9563,#9564);
#9566=PLANE('',#9565);
#9568=ORIENTED_EDGE('',*,*,#9567,.F.);
#9570=ORIENTED_EDGE('',*,*,#9569,.F.);
#9571=EDGE_LOOP('',(#9568,#9570));
#9572=FACE_OUTER_BOUND('',#9571,.F.);
#9574=ORIENTED_EDGE('',*,*,#9573,.F.);
#9576=ORIENTED_EDGE('',*,*,#9575,.F.);
#9577=EDGE_LOOP('',(#9574,#9576));
#9578=FACE_BOUND('',#9577,.F.);
#9580=CARTESIAN_POINT('',(2.4E1,-9.5E0,4.2E1));
#9581=DIRECTION('',(0.E0,1.E0,0.E0));
#9582=DIRECTION('',(-1.E0,0.E0,0.E0));
#9583=AXIS2_PLACEMENT_3D('',#9580,#9581,#9582);
#9584=CYLINDRICAL_SURFACE('',#9583,3.4E0);
#9585=ORIENTED_EDGE('',*,*,#8547,.F.);
#9587=ORIENTED_EDGE('',*,*,#9586,.F.);
#9589=ORIENTED_EDGE('',*,*,#9588,.F.);
#9591=ORIENTED_EDGE('',*,*,#9590,.T.);
#9592=ORIENTED_EDGE('',*,*,#9521,.T.);
#9594=ORIENTED_EDGE('',*,*,#9593,.F.);
#9595=ORIENTED_EDGE('',*,*,#8559,.F.);
#9597=ORIENTED_EDGE('',*,*,#9596,.F.);
#9599=ORIENTED_EDGE('',*,*,#9598,.F.);
#9601=ORIENTED_EDGE('',*,*,#9600,.T.);
#9602=EDGE_LOOP('',(#9585,#9587,#9589,#9591,#9592,#9594,#9595,#9597,#9599,
#9601));
#9603=FACE_OUTER_BOUND('',#9602,.F.);
#9605=CARTESIAN_POINT('',(2.3E1,-3.E0,4.524961536185E1));
#9606=DIRECTION('',(-1.E0,0.E0,0.E0));
#9607=DIRECTION('',(0.E0,0.E0,1.E0));
#9608=AXIS2_PLACEMENT_3D('',#9605,#9606,#9607);
#9609=PLANE('',#9608);
#9611=ORIENTED_EDGE('',*,*,#9610,.T.);
#9612=ORIENTED_EDGE('',*,*,#9586,.T.);
#9613=ORIENTED_EDGE('',*,*,#8545,.T.);
#9615=ORIENTED_EDGE('',*,*,#9614,.F.);
#9616=EDGE_LOOP('',(#9611,#9612,#9613,#9615));
#9617=FACE_OUTER_BOUND('',#9616,.F.);
#9619=CARTESIAN_POINT('',(0.E0,-9.5E0,0.E0));
#9620=DIRECTION('',(0.E0,1.E0,0.E0));
#9621=DIRECTION('',(1.E0,0.E0,0.E0));
#9622=AXIS2_PLACEMENT_3D('',#9619,#9620,#9621);
#9623=PLANE('',#9622);
#9625=ORIENTED_EDGE('',*,*,#9624,.T.);
#9627=ORIENTED_EDGE('',*,*,#9626,.T.);
#9629=ORIENTED_EDGE('',*,*,#9628,.T.);
#9631=ORIENTED_EDGE('',*,*,#9630,.F.);
#9633=ORIENTED_EDGE('',*,*,#9632,.T.);
#9635=ORIENTED_EDGE('',*,*,#9634,.T.);
#9637=ORIENTED_EDGE('',*,*,#9636,.T.);
#9639=ORIENTED_EDGE('',*,*,#9638,.F.);
#9641=ORIENTED_EDGE('',*,*,#9640,.T.);
#9643=ORIENTED_EDGE('',*,*,#9642,.T.);
#9645=ORIENTED_EDGE('',*,*,#9644,.T.);
#9647=ORIENTED_EDGE('',*,*,#9646,.F.);
#9649=ORIENTED_EDGE('',*,*,#9648,.T.);
#9651=ORIENTED_EDGE('',*,*,#9650,.T.);
#9653=ORIENTED_EDGE('',*,*,#9652,.T.);
#9655=ORIENTED_EDGE('',*,*,#9654,.T.);
#9657=ORIENTED_EDGE('',*,*,#9656,.T.);
#9659=ORIENTED_EDGE('',*,*,#9658,.T.);
#9661=ORIENTED_EDGE('',*,*,#9660,.T.);
#9663=ORIENTED_EDGE('',*,*,#9662,.T.);
#9664=EDGE_LOOP('',(#9625,#9627,#9629,#9631,#9633,#9635,#9637,#9639,#9641,#9643,
#9645,#9647,#9649,#9651,#9653,#9655,#9657,#9659,#9661,#9663));
#9665=FACE_OUTER_BOUND('',#9664,.F.);
#9667=ORIENTED_EDGE('',*,*,#9666,.T.);
#9669=ORIENTED_EDGE('',*,*,#9668,.T.);
#9670=EDGE_LOOP('',(#9667,#9669));
#9671=FACE_BOUND('',#9670,.F.);
#9673=ORIENTED_EDGE('',*,*,#9672,.T.);
#9675=ORIENTED_EDGE('',*,*,#9674,.T.);
#9676=EDGE_LOOP('',(#9673,#9675));
#9677=FACE_BOUND('',#9676,.F.);
#9679=ORIENTED_EDGE('',*,*,#9678,.T.);
#9681=ORIENTED_EDGE('',*,*,#9680,.T.);
#9682=EDGE_LOOP('',(#9679,#9681));
#9683=FACE_BOUND('',#9682,.F.);
#9685=ORIENTED_EDGE('',*,*,#9684,.T.);
#9687=ORIENTED_EDGE('',*,*,#9686,.T.);
#9688=EDGE_LOOP('',(#9685,#9687));
#9689=FACE_BOUND('',#9688,.F.);
#9691=ORIENTED_EDGE('',*,*,#9690,.T.);
#9693=ORIENTED_EDGE('',*,*,#9692,.T.);
#9694=EDGE_LOOP('',(#9691,#9693));
#9695=FACE_BOUND('',#9694,.F.);
#9697=ORIENTED_EDGE('',*,*,#9696,.T.);
#9699=ORIENTED_EDGE('',*,*,#9698,.T.);
#9700=EDGE_LOOP('',(#9697,#9699));
#9701=FACE_BOUND('',#9700,.F.);
#9703=ORIENTED_EDGE('',*,*,#9702,.T.);
#9705=ORIENTED_EDGE('',*,*,#9704,.T.);
#9706=EDGE_LOOP('',(#9703,#9705));
#9707=FACE_BOUND('',#9706,.F.);
#9709=ORIENTED_EDGE('',*,*,#9708,.T.);
#9711=ORIENTED_EDGE('',*,*,#9710,.T.);
#9712=EDGE_LOOP('',(#9709,#9711));
#9713=FACE_BOUND('',#9712,.F.);
#9715=ORIENTED_EDGE('',*,*,#9714,.T.);
#9717=ORIENTED_EDGE('',*,*,#9716,.T.);
#9718=EDGE_LOOP('',(#9715,#9717));
#9719=FACE_BOUND('',#9718,.F.);
#9721=ORIENTED_EDGE('',*,*,#9720,.T.);
#9723=ORIENTED_EDGE('',*,*,#9722,.T.);
#9724=EDGE_LOOP('',(#9721,#9723));
#9725=FACE_BOUND('',#9724,.F.);
#9727=ORIENTED_EDGE('',*,*,#9726,.T.);
#9729=ORIENTED_EDGE('',*,*,#9728,.T.);
#9730=EDGE_LOOP('',(#9727,#9729));
#9731=FACE_BOUND('',#9730,.F.);
#9733=ORIENTED_EDGE('',*,*,#9732,.T.);
#9735=ORIENTED_EDGE('',*,*,#9734,.T.);
#9736=EDGE_LOOP('',(#9733,#9735));
#9737=FACE_BOUND('',#9736,.F.);
#9739=ORIENTED_EDGE('',*,*,#9738,.T.);
#9741=ORIENTED_EDGE('',*,*,#9740,.T.);
#9742=EDGE_LOOP('',(#9739,#9741));
#9743=FACE_BOUND('',#9742,.F.);
#9745=ORIENTED_EDGE('',*,*,#9744,.T.);
#9747=ORIENTED_EDGE('',*,*,#9746,.T.);
#9748=EDGE_LOOP('',(#9745,#9747));
#9749=FACE_BOUND('',#9748,.F.);
#9751=ORIENTED_EDGE('',*,*,#9750,.T.);
#9753=ORIENTED_EDGE('',*,*,#9752,.T.);
#9754=EDGE_LOOP('',(#9751,#9753));
#9755=FACE_BOUND('',#9754,.F.);
#9757=ORIENTED_EDGE('',*,*,#9756,.T.);
#9759=ORIENTED_EDGE('',*,*,#9758,.T.);
#9760=EDGE_LOOP('',(#9757,#9759));
#9761=FACE_BOUND('',#9760,.F.);
#9763=ORIENTED_EDGE('',*,*,#9762,.T.);
#9765=ORIENTED_EDGE('',*,*,#9764,.T.);
#9766=EDGE_LOOP('',(#9763,#9765));
#9767=FACE_BOUND('',#9766,.F.);
#9769=ORIENTED_EDGE('',*,*,#9768,.T.);
#9771=ORIENTED_EDGE('',*,*,#9770,.T.);
#9772=EDGE_LOOP('',(#9769,#9771));
#9773=FACE_BOUND('',#9772,.F.);
#9775=ORIENTED_EDGE('',*,*,#9774,.T.);
#9777=ORIENTED_EDGE('',*,*,#9776,.T.);
#9778=EDGE_LOOP('',(#9775,#9777));
#9779=FACE_BOUND('',#9778,.F.);
#9781=ORIENTED_EDGE('',*,*,#9780,.T.);
#9783=ORIENTED_EDGE('',*,*,#9782,.T.);
#9784=EDGE_LOOP('',(#9781,#9783));
#9785=FACE_BOUND('',#9784,.F.);
#9787=ORIENTED_EDGE('',*,*,#9786,.T.);
#9789=ORIENTED_EDGE('',*,*,#9788,.T.);
#9790=EDGE_LOOP('',(#9787,#9789));
#9791=FACE_BOUND('',#9790,.F.);
#9793=ORIENTED_EDGE('',*,*,#9792,.T.);
#9795=ORIENTED_EDGE('',*,*,#9794,.T.);
#9796=EDGE_LOOP('',(#9793,#9795));
#9797=FACE_BOUND('',#9796,.F.);
#9799=ORIENTED_EDGE('',*,*,#9798,.T.);
#9801=ORIENTED_EDGE('',*,*,#9800,.T.);
#9802=EDGE_LOOP('',(#9799,#9801));
#9803=FACE_BOUND('',#9802,.F.);
#9805=ORIENTED_EDGE('',*,*,#9804,.T.);
#9807=ORIENTED_EDGE('',*,*,#9806,.T.);
#9808=EDGE_LOOP('',(#9805,#9807));
#9809=FACE_BOUND('',#9808,.F.);
#9811=ORIENTED_EDGE('',*,*,#9810,.T.);
#9813=ORIENTED_EDGE('',*,*,#9812,.T.);
#9814=EDGE_LOOP('',(#9811,#9813));
#9815=FACE_BOUND('',#9814,.F.);
#9817=ORIENTED_EDGE('',*,*,#9816,.T.);
#9819=ORIENTED_EDGE('',*,*,#9818,.T.);
#9820=EDGE_LOOP('',(#9817,#9819));
#9821=FACE_BOUND('',#9820,.F.);
#9823=ORIENTED_EDGE('',*,*,#9822,.T.);
#9825=ORIENTED_EDGE('',*,*,#9824,.T.);
#9826=EDGE_LOOP('',(#9823,#9825));
#9827=FACE_BOUND('',#9826,.F.);
#9829=ORIENTED_EDGE('',*,*,#9828,.T.);
#9831=ORIENTED_EDGE('',*,*,#9830,.T.);
#9832=EDGE_LOOP('',(#9829,#9831));
#9833=FACE_BOUND('',#9832,.F.);
#9835=ORIENTED_EDGE('',*,*,#9834,.T.);
#9837=ORIENTED_EDGE('',*,*,#9836,.T.);
#9838=EDGE_LOOP('',(#9835,#9837));
#9839=FACE_BOUND('',#9838,.F.);
#9841=ORIENTED_EDGE('',*,*,#9840,.T.);
#9843=ORIENTED_EDGE('',*,*,#9842,.T.);
#9844=EDGE_LOOP('',(#9841,#9843));
#9845=FACE_BOUND('',#9844,.F.);
#9847=ORIENTED_EDGE('',*,*,#9846,.T.);
#9849=ORIENTED_EDGE('',*,*,#9848,.T.);
#9850=EDGE_LOOP('',(#9847,#9849));
#9851=FACE_BOUND('',#9850,.F.);
#9853=ORIENTED_EDGE('',*,*,#9852,.T.);
#9855=ORIENTED_EDGE('',*,*,#9854,.T.);
#9856=EDGE_LOOP('',(#9853,#9855));
#9857=FACE_BOUND('',#9856,.F.);
#9859=ORIENTED_EDGE('',*,*,#9858,.T.);
#9861=ORIENTED_EDGE('',*,*,#9860,.T.);
#9862=EDGE_LOOP('',(#9859,#9861));
#9863=FACE_BOUND('',#9862,.F.);
#9865=ORIENTED_EDGE('',*,*,#9864,.T.);
#9867=ORIENTED_EDGE('',*,*,#9866,.T.);
#9868=EDGE_LOOP('',(#9865,#9867));
#9869=FACE_BOUND('',#9868,.F.);
#9871=ORIENTED_EDGE('',*,*,#9870,.T.);
#9873=ORIENTED_EDGE('',*,*,#9872,.T.);
#9874=EDGE_LOOP('',(#9871,#9873));
#9875=FACE_BOUND('',#9874,.F.);
#9877=ORIENTED_EDGE('',*,*,#9876,.T.);
#9879=ORIENTED_EDGE('',*,*,#9878,.T.);
#9880=EDGE_LOOP('',(#9877,#9879));
#9881=FACE_BOUND('',#9880,.F.);
#9883=ORIENTED_EDGE('',*,*,#9882,.T.);
#9885=ORIENTED_EDGE('',*,*,#9884,.T.);
#9886=EDGE_LOOP('',(#9883,#9885));
#9887=FACE_BOUND('',#9886,.F.);
#9889=CARTESIAN_POINT('',(0.E0,-9.5E0,0.E0));
#9890=DIRECTION('',(0.E0,1.E0,0.E0));
#9891=DIRECTION('',(1.E0,0.E0,0.E0));
#9892=AXIS2_PLACEMENT_3D('',#9889,#9890,#9891);
#9893=PLANE('',#9892);
#9895=ORIENTED_EDGE('',*,*,#9894,.F.);
#9897=ORIENTED_EDGE('',*,*,#9896,.T.);
#9899=ORIENTED_EDGE('',*,*,#9898,.T.);
#9901=ORIENTED_EDGE('',*,*,#9900,.T.);
#9903=ORIENTED_EDGE('',*,*,#9902,.T.);
#9905=ORIENTED_EDGE('',*,*,#9904,.F.);
#9907=ORIENTED_EDGE('',*,*,#9906,.T.);
#9909=ORIENTED_EDGE('',*,*,#9908,.T.);
#9911=ORIENTED_EDGE('',*,*,#9910,.T.);
#9913=ORIENTED_EDGE('',*,*,#9912,.T.);
#9915=ORIENTED_EDGE('',*,*,#9914,.F.);
#9917=ORIENTED_EDGE('',*,*,#9916,.T.);
#9919=ORIENTED_EDGE('',*,*,#9918,.T.);
#9921=ORIENTED_EDGE('',*,*,#9920,.T.);
#9922=ORIENTED_EDGE('',*,*,#9588,.T.);
#9923=ORIENTED_EDGE('',*,*,#9610,.F.);
#9925=ORIENTED_EDGE('',*,*,#9924,.T.);
#9927=ORIENTED_EDGE('',*,*,#9926,.T.);
#9929=ORIENTED_EDGE('',*,*,#9928,.T.);
#9931=ORIENTED_EDGE('',*,*,#9930,.T.);
#9932=EDGE_LOOP('',(#9895,#9897,#9899,#9901,#9903,#9905,#9907,#9909,#9911,#9913,
#9915,#9917,#9919,#9921,#9922,#9923,#9925,#9927,#9929,#9931));
#9933=FACE_OUTER_BOUND('',#9932,.F.);
#9935=ORIENTED_EDGE('',*,*,#9934,.T.);
#9937=ORIENTED_EDGE('',*,*,#9936,.T.);
#9939=ORIENTED_EDGE('',*,*,#9938,.T.);
#9941=ORIENTED_EDGE('',*,*,#9940,.T.);
#9943=ORIENTED_EDGE('',*,*,#9942,.T.);
#9945=ORIENTED_EDGE('',*,*,#9944,.T.);
#9947=ORIENTED_EDGE('',*,*,#9946,.T.);
#9949=ORIENTED_EDGE('',*,*,#9948,.T.);
#9950=EDGE_LOOP('',(#9935,#9937,#9939,#9941,#9943,#9945,#9947,#9949));
#9951=FACE_BOUND('',#9950,.F.);
#9953=CARTESIAN_POINT('',(0.E0,-9.5E0,0.E0));
#9954=DIRECTION('',(0.E0,1.E0,0.E0));
#9955=DIRECTION('',(1.E0,0.E0,0.E0));
#9956=AXIS2_PLACEMENT_3D('',#9953,#9954,#9955);
#9957=PLANE('',#9956);
#9959=ORIENTED_EDGE('',*,*,#9958,.T.);
#9961=ORIENTED_EDGE('',*,*,#9960,.T.);
#9963=ORIENTED_EDGE('',*,*,#9962,.F.);
#9965=ORIENTED_EDGE('',*,*,#9964,.T.);
#9967=ORIENTED_EDGE('',*,*,#9966,.T.);
#9969=ORIENTED_EDGE('',*,*,#9968,.T.);
#9970=EDGE_LOOP('',(#9959,#9961,#9963,#9965,#9967,#9969));
#9971=FACE_OUTER_BOUND('',#9970,.F.);
#9973=CARTESIAN_POINT('',(0.E0,-9.5E0,0.E0));
#9974=DIRECTION('',(0.E0,1.E0,0.E0));
#9975=DIRECTION('',(1.E0,0.E0,0.E0));
#9976=AXIS2_PLACEMENT_3D('',#9973,#9974,#9975);
#9977=PLANE('',#9976);
#9979=ORIENTED_EDGE('',*,*,#9978,.F.);
#9981=ORIENTED_EDGE('',*,*,#9980,.T.);
#9983=ORIENTED_EDGE('',*,*,#9982,.T.);
#9985=ORIENTED_EDGE('',*,*,#9984,.T.);
#9987=ORIENTED_EDGE('',*,*,#9986,.T.);
#9989=ORIENTED_EDGE('',*,*,#9988,.T.);
#9990=EDGE_LOOP('',(#9979,#9981,#9983,#9985,#9987,#9989));
#9991=FACE_OUTER_BOUND('',#9990,.F.);
#9993=CARTESIAN_POINT('',(0.E0,-9.5E0,0.E0));
#9994=DIRECTION('',(0.E0,1.E0,0.E0));
#9995=DIRECTION('',(1.E0,0.E0,0.E0));
#9996=AXIS2_PLACEMENT_3D('',#9993,#9994,#9995);
#9997=PLANE('',#9996);
#9999=ORIENTED_EDGE('',*,*,#9998,.F.);
#10001=ORIENTED_EDGE('',*,*,#10000,.T.);
#10003=ORIENTED_EDGE('',*,*,#10002,.T.);
#10005=ORIENTED_EDGE('',*,*,#10004,.T.);
#10007=ORIENTED_EDGE('',*,*,#10006,.T.);
#10008=ORIENTED_EDGE('',*,*,#9598,.T.);
#10009=EDGE_LOOP('',(#9999,#10001,#10003,#10005,#10007,#10008));
#10010=FACE_OUTER_BOUND('',#10009,.F.);
#10012=CARTESIAN_POINT('',(0.E0,-9.5E0,0.E0));
#10013=DIRECTION('',(0.E0,1.E0,0.E0));
#10014=DIRECTION('',(1.E0,0.E0,0.E0));
#10015=AXIS2_PLACEMENT_3D('',#10012,#10013,#10014);
#10016=PLANE('',#10015);
#10018=ORIENTED_EDGE('',*,*,#10017,.T.);
#10020=ORIENTED_EDGE('',*,*,#10019,.T.);
#10022=ORIENTED_EDGE('',*,*,#10021,.F.);
#10024=ORIENTED_EDGE('',*,*,#10023,.T.);
#10026=ORIENTED_EDGE('',*,*,#10025,.T.);
#10028=ORIENTED_EDGE('',*,*,#10027,.T.);
#10029=EDGE_LOOP('',(#10018,#10020,#10022,#10024,#10026,#10028));
#10030=FACE_OUTER_BOUND('',#10029,.F.);
#10032=CARTESIAN_POINT('',(-1.1E1,-9.5E0,2.6E1));
#10033=DIRECTION('',(0.E0,1.E0,0.E0));
#10034=DIRECTION('',(0.E0,0.E0,-1.E0));
#10035=AXIS2_PLACEMENT_3D('',#10032,#10033,#10034);
#10036=CYLINDRICAL_SURFACE('',#10035,5.2E0);
#10037=ORIENTED_EDGE('',*,*,#9934,.F.);
#10039=ORIENTED_EDGE('',*,*,#10038,.T.);
#10041=ORIENTED_EDGE('',*,*,#10040,.T.);
#10043=ORIENTED_EDGE('',*,*,#10042,.F.);
#10044=EDGE_LOOP('',(#10037,#10039,#10041,#10043));
#10045=FACE_OUTER_BOUND('',#10044,.F.);
#10047=CARTESIAN_POINT('',(1.1E1,-9.5E0,2.08E1));
#10048=DIRECTION('',(0.E0,0.E0,-1.E0));
#10049=DIRECTION('',(-1.E0,0.E0,0.E0));
#10050=AXIS2_PLACEMENT_3D('',#10047,#10048,#10049);
#10051=PLANE('',#10050);
#10052=ORIENTED_EDGE('',*,*,#9948,.F.);
#10054=ORIENTED_EDGE('',*,*,#10053,.T.);
#10056=ORIENTED_EDGE('',*,*,#10055,.T.);
#10057=ORIENTED_EDGE('',*,*,#10038,.F.);
#10058=EDGE_LOOP('',(#10052,#10054,#10056,#10057));
#10059=FACE_OUTER_BOUND('',#10058,.F.);
#10061=CARTESIAN_POINT('',(1.1E1,-9.5E0,2.6E1));
#10062=DIRECTION('',(0.E0,1.E0,0.E0));
#10063=DIRECTION('',(0.E0,0.E0,-1.E0));
#10064=AXIS2_PLACEMENT_3D('',#10061,#10062,#10063);
#10065=CYLINDRICAL_SURFACE('',#10064,5.2E0);
#10066=ORIENTED_EDGE('',*,*,#9946,.F.);
#10068=ORIENTED_EDGE('',*,*,#10067,.T.);
#10070=ORIENTED_EDGE('',*,*,#10069,.T.);
#10071=ORIENTED_EDGE('',*,*,#10053,.F.);
#10072=EDGE_LOOP('',(#10066,#10068,#10070,#10071));
#10073=FACE_OUTER_BOUND('',#10072,.F.);
#10075=CARTESIAN_POINT('',(1.62E1,-9.5E0,3.8E1));
#10076=DIRECTION('',(1.E0,0.E0,0.E0));
#10077=DIRECTION('',(0.E0,0.E0,-1.E0));
#10078=AXIS2_PLACEMENT_3D('',#10075,#10076,#10077);
#10079=PLANE('',#10078);
#10080=ORIENTED_EDGE('',*,*,#9944,.F.);
#10082=ORIENTED_EDGE('',*,*,#10081,.T.);
#10084=ORIENTED_EDGE('',*,*,#10083,.T.);
#10085=ORIENTED_EDGE('',*,*,#10067,.F.);
#10086=EDGE_LOOP('',(#10080,#10082,#10084,#10085));
#10087=FACE_OUTER_BOUND('',#10086,.F.);
#10089=CARTESIAN_POINT('',(1.1E1,-9.5E0,3.8E1));
#10090=DIRECTION('',(0.E0,1.E0,0.E0));
#10091=DIRECTION('',(0.E0,0.E0,-1.E0));
#10092=AXIS2_PLACEMENT_3D('',#10089,#10090,#10091);
#10093=CYLINDRICAL_SURFACE('',#10092,5.2E0);
#10094=ORIENTED_EDGE('',*,*,#9942,.F.);
#10096=ORIENTED_EDGE('',*,*,#10095,.T.);
#10098=ORIENTED_EDGE('',*,*,#10097,.T.);
#10099=ORIENTED_EDGE('',*,*,#10081,.F.);
#10100=EDGE_LOOP('',(#10094,#10096,#10098,#10099));
#10101=FACE_OUTER_BOUND('',#10100,.F.);
#10103=CARTESIAN_POINT('',(-1.1E1,-9.5E0,4.32E1));
#10104=DIRECTION('',(0.E0,0.E0,1.E0));
#10105=DIRECTION('',(1.E0,0.E0,0.E0));
#10106=AXIS2_PLACEMENT_3D('',#10103,#10104,#10105);
#10107=PLANE('',#10106);
#10108=ORIENTED_EDGE('',*,*,#9940,.F.);
#10110=ORIENTED_EDGE('',*,*,#10109,.T.);
#10112=ORIENTED_EDGE('',*,*,#10111,.T.);
#10113=ORIENTED_EDGE('',*,*,#10095,.F.);
#10114=EDGE_LOOP('',(#10108,#10110,#10112,#10113));
#10115=FACE_OUTER_BOUND('',#10114,.F.);
#10117=CARTESIAN_POINT('',(-1.1E1,-9.5E0,3.8E1));
#10118=DIRECTION('',(0.E0,1.E0,0.E0));
#10119=DIRECTION('',(0.E0,0.E0,-1.E0));
#10120=AXIS2_PLACEMENT_3D('',#10117,#10118,#10119);
#10121=CYLINDRICAL_SURFACE('',#10120,5.2E0);
#10122=ORIENTED_EDGE('',*,*,#9938,.F.);
#10124=ORIENTED_EDGE('',*,*,#10123,.T.);
#10126=ORIENTED_EDGE('',*,*,#10125,.T.);
#10127=ORIENTED_EDGE('',*,*,#10109,.F.);
#10128=EDGE_LOOP('',(#10122,#10124,#10126,#10127));
#10129=FACE_OUTER_BOUND('',#10128,.F.);
#10131=CARTESIAN_POINT('',(-1.62E1,-9.5E0,2.6E1));
#10132=DIRECTION('',(-1.E0,0.E0,0.E0));
#10133=DIRECTION('',(0.E0,0.E0,1.E0));
#10134=AXIS2_PLACEMENT_3D('',#10131,#10132,#10133);
#10135=PLANE('',#10134);
#10136=ORIENTED_EDGE('',*,*,#9936,.F.);
#10137=ORIENTED_EDGE('',*,*,#10042,.T.);
#10139=ORIENTED_EDGE('',*,*,#10138,.T.);
#10140=ORIENTED_EDGE('',*,*,#10123,.F.);
#10141=EDGE_LOOP('',(#10136,#10137,#10139,#10140));
#10142=FACE_OUTER_BOUND('',#10141,.F.);
#10144=CARTESIAN_POINT('',(0.E0,-6.5E0,0.E0));
#10145=DIRECTION('',(0.E0,1.E0,0.E0));
#10146=DIRECTION('',(0.E0,0.E0,-1.E0));
#10147=AXIS2_PLACEMENT_3D('',#10144,#10145,#10146);
#10148=PLANE('',#10147);
#10149=ORIENTED_EDGE('',*,*,#10040,.F.);
#10150=ORIENTED_EDGE('',*,*,#10055,.F.);
#10151=ORIENTED_EDGE('',*,*,#10069,.F.);
#10152=ORIENTED_EDGE('',*,*,#10083,.F.);
#10153=ORIENTED_EDGE('',*,*,#10097,.F.);
#10154=ORIENTED_EDGE('',*,*,#10111,.F.);
#10155=ORIENTED_EDGE('',*,*,#10125,.F.);
#10156=ORIENTED_EDGE('',*,*,#10138,.F.);
#10157=EDGE_LOOP('',(#10149,#10150,#10151,#10152,#10153,#10154,#10155,#10156));
#10158=FACE_OUTER_BOUND('',#10157,.F.);
#10160=ORIENTED_EDGE('',*,*,#10159,.F.);
#10162=ORIENTED_EDGE('',*,*,#10161,.F.);
#10164=ORIENTED_EDGE('',*,*,#10163,.F.);
#10166=ORIENTED_EDGE('',*,*,#10165,.F.);
#10168=ORIENTED_EDGE('',*,*,#10167,.F.);
#10170=ORIENTED_EDGE('',*,*,#10169,.F.);
#10172=ORIENTED_EDGE('',*,*,#10171,.F.);
#10174=ORIENTED_EDGE('',*,*,#10173,.F.);
#10176=ORIENTED_EDGE('',*,*,#10175,.F.);
#10178=ORIENTED_EDGE('',*,*,#10177,.F.);
#10180=ORIENTED_EDGE('',*,*,#10179,.F.);
#10182=ORIENTED_EDGE('',*,*,#10181,.F.);
#10184=ORIENTED_EDGE('',*,*,#10183,.F.);
#10186=ORIENTED_EDGE('',*,*,#10185,.F.);
#10188=ORIENTED_EDGE('',*,*,#10187,.F.);
#10190=ORIENTED_EDGE('',*,*,#10189,.F.);
#10191=EDGE_LOOP('',(#10160,#10162,#10164,#10166,#10168,#10170,#10172,#10174,
#10176,#10178,#10180,#10182,#10184,#10186,#10188,#10190));
#10192=FACE_BOUND('',#10191,.F.);
#10194=CARTESIAN_POINT('',(-1.505E1,-6.6E0,3.2E1));
#10195=DIRECTION('',(7.071067811865E-1,7.071067811865E-1,0.E0));
#10196=DIRECTION('',(7.071067811865E-1,-7.071067811865E-1,0.E0));
#10197=AXIS2_PLACEMENT_3D('',#10194,#10195,#10196);
#10198=PLANE('',#10197);
#10200=ORIENTED_EDGE('',*,*,#10199,.T.);
#10202=ORIENTED_EDGE('',*,*,#10201,.F.);
#10204=ORIENTED_EDGE('',*,*,#10203,.T.);
#10205=ORIENTED_EDGE('',*,*,#10159,.T.);
#10206=EDGE_LOOP('',(#10200,#10202,#10204,#10205));
#10207=FACE_OUTER_BOUND('',#10206,.F.);
#10209=CARTESIAN_POINT('',(-1.495E1,-6.5E0,3.125E1));
#10210=DIRECTION('',(0.E0,0.E0,-1.E0));
#10211=DIRECTION('',(-1.E0,0.E0,0.E0));
#10212=AXIS2_PLACEMENT_3D('',#10209,#10210,#10211);
#10213=PLANE('',#10212);
#10214=ORIENTED_EDGE('',*,*,#10199,.F.);
#10216=ORIENTED_EDGE('',*,*,#10215,.F.);
#10218=ORIENTED_EDGE('',*,*,#10217,.T.);
#10220=ORIENTED_EDGE('',*,*,#10219,.F.);
#10221=EDGE_LOOP('',(#10214,#10216,#10218,#10220));
#10222=FACE_OUTER_BOUND('',#10221,.F.);
#10224=CARTESIAN_POINT('',(-1.515E1,-9.5E0,3.8E1));
#10225=DIRECTION('',(1.E0,0.E0,0.E0));
#10226=DIRECTION('',(0.E0,0.E0,-1.E0));
#10227=AXIS2_PLACEMENT_3D('',#10224,#10225,#10226);
#10228=PLANE('',#10227);
#10230=ORIENTED_EDGE('',*,*,#10229,.F.);
#10232=ORIENTED_EDGE('',*,*,#10231,.F.);
#10234=ORIENTED_EDGE('',*,*,#10233,.T.);
#10235=ORIENTED_EDGE('',*,*,#10161,.T.);
#10236=EDGE_LOOP('',(#10230,#10232,#10234,#10235));
#10237=FACE_OUTER_BOUND('',#10236,.F.);
#10239=CARTESIAN_POINT('',(-1.515E1,-9.5E0,3.8E1));
#10240=DIRECTION('',(1.E0,0.E0,0.E0));
#10241=DIRECTION('',(0.E0,0.E0,-1.E0));
#10242=AXIS2_PLACEMENT_3D('',#10239,#10240,#10241);
#10243=PLANE('',#10242);
#10244=ORIENTED_EDGE('',*,*,#10215,.T.);
#10245=ORIENTED_EDGE('',*,*,#10189,.T.);
#10247=ORIENTED_EDGE('',*,*,#10246,.F.);
#10249=ORIENTED_EDGE('',*,*,#10248,.F.);
#10250=EDGE_LOOP('',(#10244,#10245,#10247,#10249));
#10251=FACE_OUTER_BOUND('',#10250,.F.);
#10253=CARTESIAN_POINT('',(-1.515E1,-6.5E0,3.275E1));
#10254=DIRECTION('',(0.E0,0.E0,1.E0));
#10255=DIRECTION('',(1.E0,0.E0,0.E0));
#10256=AXIS2_PLACEMENT_3D('',#10253,#10254,#10255);
#10257=PLANE('',#10256);
#10258=ORIENTED_EDGE('',*,*,#10203,.F.);
#10260=ORIENTED_EDGE('',*,*,#10259,.T.);
#10262=ORIENTED_EDGE('',*,*,#10261,.F.);
#10263=ORIENTED_EDGE('',*,*,#10229,.T.);
#10264=EDGE_LOOP('',(#10258,#10260,#10262,#10263));
#10265=FACE_OUTER_BOUND('',#10264,.F.);
#10267=CARTESIAN_POINT('',(-1.495E1,-6.5E0,3.275E1));
#10268=DIRECTION('',(1.E0,0.E0,0.E0));
#10269=DIRECTION('',(0.E0,0.E0,-1.E0));
#10270=AXIS2_PLACEMENT_3D('',#10267,#10268,#10269);
#10271=PLANE('',#10270);
#10272=ORIENTED_EDGE('',*,*,#10201,.T.);
#10273=ORIENTED_EDGE('',*,*,#10219,.T.);
#10275=ORIENTED_EDGE('',*,*,#10274,.F.);
#10276=ORIENTED_EDGE('',*,*,#10259,.F.);
#10277=EDGE_LOOP('',(#10272,#10273,#10275,#10276));
#10278=FACE_OUTER_BOUND('',#10277,.F.);
#10280=CARTESIAN_POINT('',(0.E0,-9.2E0,1.05E1));
#10281=DIRECTION('',(0.E0,1.E0,0.E0));
#10282=DIRECTION('',(1.E0,0.E0,0.E0));
#10283=AXIS2_PLACEMENT_3D('',#10280,#10281,#10282);
#10284=PLANE('',#10283);
#10285=ORIENTED_EDGE('',*,*,#10261,.T.);
#10286=ORIENTED_EDGE('',*,*,#10274,.T.);
#10287=ORIENTED_EDGE('',*,*,#10217,.F.);
#10288=ORIENTED_EDGE('',*,*,#10248,.T.);
#10290=ORIENTED_EDGE('',*,*,#10289,.F.);
#10292=ORIENTED_EDGE('',*,*,#10291,.T.);
#10294=ORIENTED_EDGE('',*,*,#10293,.T.);
#10296=ORIENTED_EDGE('',*,*,#10295,.T.);
#10298=ORIENTED_EDGE('',*,*,#10297,.F.);
#10300=ORIENTED_EDGE('',*,*,#10299,.T.);
#10302=ORIENTED_EDGE('',*,*,#10301,.F.);
#10304=ORIENTED_EDGE('',*,*,#10303,.T.);
#10306=ORIENTED_EDGE('',*,*,#10305,.T.);
#10308=ORIENTED_EDGE('',*,*,#10307,.T.);
#10310=ORIENTED_EDGE('',*,*,#10309,.F.);
#10312=ORIENTED_EDGE('',*,*,#10311,.T.);
#10314=ORIENTED_EDGE('',*,*,#10313,.F.);
#10316=ORIENTED_EDGE('',*,*,#10315,.T.);
#10318=ORIENTED_EDGE('',*,*,#10317,.T.);
#10320=ORIENTED_EDGE('',*,*,#10319,.T.);
#10322=ORIENTED_EDGE('',*,*,#10321,.F.);
#10324=ORIENTED_EDGE('',*,*,#10323,.T.);
#10326=ORIENTED_EDGE('',*,*,#10325,.F.);
#10327=ORIENTED_EDGE('',*,*,#10231,.T.);
#10328=EDGE_LOOP('',(#10285,#10286,#10287,#10288,#10290,#10292,#10294,#10296,
#10298,#10300,#10302,#10304,#10306,#10308,#10310,#10312,#10314,#10316,#10318,
#10320,#10322,#10324,#10326,#10327));
#10329=FACE_OUTER_BOUND('',#10328,.F.);
#10331=ORIENTED_EDGE('',*,*,#10330,.F.);
#10333=ORIENTED_EDGE('',*,*,#10332,.F.);
#10335=ORIENTED_EDGE('',*,*,#10334,.F.);
#10337=ORIENTED_EDGE('',*,*,#10336,.F.);
#10338=EDGE_LOOP('',(#10331,#10333,#10335,#10337));
#10339=FACE_BOUND('',#10338,.F.);
#10341=CARTESIAN_POINT('',(-5.E0,-9.5E0,2.35E1));
#10342=DIRECTION('',(0.E0,0.E0,1.E0));
#10343=DIRECTION('',(1.E0,0.E0,0.E0));
#10344=AXIS2_PLACEMENT_3D('',#10341,#10342,#10343);
#10345=PLANE('',#10344);
#10346=ORIENTED_EDGE('',*,*,#9628,.F.);
#10348=ORIENTED_EDGE('',*,*,#10347,.T.);
#10349=ORIENTED_EDGE('',*,*,#10330,.T.);
#10351=ORIENTED_EDGE('',*,*,#10350,.F.);
#10352=EDGE_LOOP('',(#10346,#10348,#10349,#10351));
#10353=FACE_OUTER_BOUND('',#10352,.F.);
#10355=CARTESIAN_POINT('',(-5.E0,-9.5E0,3.2E1));
#10356=DIRECTION('',(0.E0,1.E0,0.E0));
#10357=DIRECTION('',(1.E0,0.E0,0.E0));
#10358=AXIS2_PLACEMENT_3D('',#10355,#10356,#10357);
#10359=CYLINDRICAL_SURFACE('',#10358,8.5E0);
#10361=ORIENTED_EDGE('',*,*,#10360,.T.);
#10362=ORIENTED_EDGE('',*,*,#9658,.F.);
#10364=ORIENTED_EDGE('',*,*,#10363,.T.);
#10365=ORIENTED_EDGE('',*,*,#9650,.F.);
#10367=ORIENTED_EDGE('',*,*,#10366,.T.);
#10368=ORIENTED_EDGE('',*,*,#10332,.T.);
#10369=ORIENTED_EDGE('',*,*,#10347,.F.);
#10370=ORIENTED_EDGE('',*,*,#9626,.F.);
#10371=EDGE_LOOP('',(#10361,#10362,#10364,#10365,#10367,#10368,#10369,#10370));
#10372=FACE_OUTER_BOUND('',#10371,.F.);
#10374=CARTESIAN_POINT('',(-1.2E1,-9.5E0,-3.E0));
#10375=DIRECTION('',(0.E0,1.E0,0.E0));
#10376=DIRECTION('',(0.E0,0.E0,-1.E0));
#10377=AXIS2_PLACEMENT_3D('',#10374,#10375,#10376);
#10378=PLANE('',#10377);
#10379=ORIENTED_EDGE('',*,*,#10360,.F.);
#10381=ORIENTED_EDGE('',*,*,#10380,.T.);
#10382=EDGE_LOOP('',(#10379,#10381));
#10383=FACE_OUTER_BOUND('',#10382,.F.);
#10385=CARTESIAN_POINT('',(-1.2E1,-9.5E0,2.9E1));
#10386=DIRECTION('',(0.E0,1.E0,0.E0));
#10387=DIRECTION('',(0.E0,0.E0,-1.E0));
#10388=AXIS2_PLACEMENT_3D('',#10385,#10386,#10387);
#10389=CYLINDRICAL_SURFACE('',#10388,9.E-1);
#10390=ORIENTED_EDGE('',*,*,#9053,.T.);
#10392=ORIENTED_EDGE('',*,*,#10391,.F.);
#10393=ORIENTED_EDGE('',*,*,#9660,.F.);
#10394=ORIENTED_EDGE('',*,*,#10380,.F.);
#10395=ORIENTED_EDGE('',*,*,#9624,.F.);
#10397=ORIENTED_EDGE('',*,*,#10396,.T.);
#10398=EDGE_LOOP('',(#10390,#10392,#10393,#10394,#10395,#10397));
#10399=FACE_OUTER_BOUND('',#10398,.F.);
#10401=CARTESIAN_POINT('',(-1.2E1,-9.5E0,2.9E1));
#10402=DIRECTION('',(0.E0,1.E0,0.E0));
#10403=DIRECTION('',(0.E0,0.E0,-1.E0));
#10404=AXIS2_PLACEMENT_3D('',#10401,#10402,#10403);
#10405=CYLINDRICAL_SURFACE('',#10404,9.E-1);
#10406=ORIENTED_EDGE('',*,*,#9055,.T.);
#10407=ORIENTED_EDGE('',*,*,#10396,.F.);
#10408=ORIENTED_EDGE('',*,*,#9662,.F.);
#10409=ORIENTED_EDGE('',*,*,#10391,.T.);
#10410=EDGE_LOOP('',(#10406,#10407,#10408,#10409));
#10411=FACE_OUTER_BOUND('',#10410,.F.);
#10413=CARTESIAN_POINT('',(-1.2E1,-9.5E0,3.E0));
#10414=DIRECTION('',(0.E0,1.E0,0.E0));
#10415=DIRECTION('',(0.E0,0.E0,-1.E0));
#10416=AXIS2_PLACEMENT_3D('',#10413,#10414,#10415);
#10417=PLANE('',#10416);
#10418=ORIENTED_EDGE('',*,*,#10363,.F.);
#10420=ORIENTED_EDGE('',*,*,#10419,.T.);
#10421=EDGE_LOOP('',(#10418,#10420));
#10422=FACE_OUTER_BOUND('',#10421,.F.);
#10424=CARTESIAN_POINT('',(-1.2E1,-9.5E0,3.5E1));
#10425=DIRECTION('',(0.E0,1.E0,0.E0));
#10426=DIRECTION('',(0.E0,0.E0,-1.E0));
#10427=AXIS2_PLACEMENT_3D('',#10424,#10425,#10426);
#10428=CYLINDRICAL_SURFACE('',#10427,9.E-1);
#10429=ORIENTED_EDGE('',*,*,#9041,.T.);
#10431=ORIENTED_EDGE('',*,*,#10430,.F.);
#10432=ORIENTED_EDGE('',*,*,#9652,.F.);
#10433=ORIENTED_EDGE('',*,*,#10419,.F.);
#10434=ORIENTED_EDGE('',*,*,#9656,.F.);
#10436=ORIENTED_EDGE('',*,*,#10435,.T.);
#10437=EDGE_LOOP('',(#10429,#10431,#10432,#10433,#10434,#10436));
#10438=FACE_OUTER_BOUND('',#10437,.F.);
#10440=CARTESIAN_POINT('',(-1.2E1,-9.5E0,3.5E1));
#10441=DIRECTION('',(0.E0,1.E0,0.E0));
#10442=DIRECTION('',(0.E0,0.E0,-1.E0));
#10443=AXIS2_PLACEMENT_3D('',#10440,#10441,#10442);
#10444=CYLINDRICAL_SURFACE('',#10443,9.E-1);
#10445=ORIENTED_EDGE('',*,*,#9043,.T.);
#10446=ORIENTED_EDGE('',*,*,#10435,.F.);
#10447=ORIENTED_EDGE('',*,*,#9654,.F.);
#10448=ORIENTED_EDGE('',*,*,#10430,.T.);
#10449=EDGE_LOOP('',(#10445,#10446,#10447,#10448));
#10450=FACE_OUTER_BOUND('',#10449,.F.);
#10452=CARTESIAN_POINT('',(5.E0,-9.5E0,4.05E1));
#10453=DIRECTION('',(0.E0,0.E0,-1.E0));
#10454=DIRECTION('',(-1.E0,0.E0,0.E0));
#10455=AXIS2_PLACEMENT_3D('',#10452,#10453,#10454);
#10456=PLANE('',#10455);
#10457=ORIENTED_EDGE('',*,*,#9648,.F.);
#10459=ORIENTED_EDGE('',*,*,#10458,.T.);
#10460=ORIENTED_EDGE('',*,*,#10334,.T.);
#10461=ORIENTED_EDGE('',*,*,#10366,.F.);
#10462=EDGE_LOOP('',(#10457,#10459,#10460,#10461));
#10463=FACE_OUTER_BOUND('',#10462,.F.);
#10465=CARTESIAN_POINT('',(5.E0,-9.5E0,3.2E1));
#10466=DIRECTION('',(0.E0,1.E0,0.E0));
#10467=DIRECTION('',(1.E0,0.E0,0.E0));
#10468=AXIS2_PLACEMENT_3D('',#10465,#10466,#10467);
#10469=CYLINDRICAL_SURFACE('',#10468,8.5E0);
#10471=ORIENTED_EDGE('',*,*,#10470,.T.);
#10472=ORIENTED_EDGE('',*,*,#9638,.T.);
#10474=ORIENTED_EDGE('',*,*,#10473,.T.);
#10475=ORIENTED_EDGE('',*,*,#9630,.T.);
#10476=ORIENTED_EDGE('',*,*,#10350,.T.);
#10477=ORIENTED_EDGE('',*,*,#10336,.T.);
#10478=ORIENTED_EDGE('',*,*,#10458,.F.);
#10479=ORIENTED_EDGE('',*,*,#9646,.T.);
#10480=EDGE_LOOP('',(#10471,#10472,#10474,#10475,#10476,#10477,#10478,#10479));
#10481=FACE_OUTER_BOUND('',#10480,.F.);
#10483=CARTESIAN_POINT('',(1.2E1,-9.5E0,3.E0));
#10484=DIRECTION('',(0.E0,1.E0,0.E0));
#10485=DIRECTION('',(0.E0,0.E0,-1.E0));
#10486=AXIS2_PLACEMENT_3D('',#10483,#10484,#10485);
#10487=PLANE('',#10486);
#10488=ORIENTED_EDGE('',*,*,#10470,.F.);
#10490=ORIENTED_EDGE('',*,*,#10489,.T.);
#10491=EDGE_LOOP('',(#10488,#10490));
#10492=FACE_OUTER_BOUND('',#10491,.F.);
#10494=CARTESIAN_POINT('',(1.2E1,-9.5E0,3.5E1));
#10495=DIRECTION('',(0.E0,1.E0,0.E0));
#10496=DIRECTION('',(0.E0,0.E0,-1.E0));
#10497=AXIS2_PLACEMENT_3D('',#10494,#10495,#10496);
#10498=CYLINDRICAL_SURFACE('',#10497,9.E-1);
#10499=ORIENTED_EDGE('',*,*,#9037,.T.);
#10501=ORIENTED_EDGE('',*,*,#10500,.F.);
#10502=ORIENTED_EDGE('',*,*,#9640,.F.);
#10503=ORIENTED_EDGE('',*,*,#10489,.F.);
#10504=ORIENTED_EDGE('',*,*,#9644,.F.);
#10506=ORIENTED_EDGE('',*,*,#10505,.T.);
#10507=EDGE_LOOP('',(#10499,#10501,#10502,#10503,#10504,#10506));
#10508=FACE_OUTER_BOUND('',#10507,.F.);
#10510=CARTESIAN_POINT('',(1.2E1,-9.5E0,3.5E1));
#10511=DIRECTION('',(0.E0,1.E0,0.E0));
#10512=DIRECTION('',(0.E0,0.E0,-1.E0));
#10513=AXIS2_PLACEMENT_3D('',#10510,#10511,#10512);
#10514=CYLINDRICAL_SURFACE('',#10513,9.E-1);
#10515=ORIENTED_EDGE('',*,*,#9035,.T.);
#10516=ORIENTED_EDGE('',*,*,#10505,.F.);
#10517=ORIENTED_EDGE('',*,*,#9642,.F.);
#10518=ORIENTED_EDGE('',*,*,#10500,.T.);
#10519=EDGE_LOOP('',(#10515,#10516,#10517,#10518));
#10520=FACE_OUTER_BOUND('',#10519,.F.);
#10522=CARTESIAN_POINT('',(1.2E1,-9.5E0,-3.E0));
#10523=DIRECTION('',(0.E0,1.E0,0.E0));
#10524=DIRECTION('',(0.E0,0.E0,-1.E0));
#10525=AXIS2_PLACEMENT_3D('',#10522,#10523,#10524);
#10526=PLANE('',#10525);
#10527=ORIENTED_EDGE('',*,*,#10473,.F.);
#10529=ORIENTED_EDGE('',*,*,#10528,.T.);
#10530=EDGE_LOOP('',(#10527,#10529));
#10531=FACE_OUTER_BOUND('',#10530,.F.);
#10533=CARTESIAN_POINT('',(1.2E1,-9.5E0,2.9E1));
#10534=DIRECTION('',(0.E0,1.E0,0.E0));
#10535=DIRECTION('',(0.E0,0.E0,-1.E0));
#10536=AXIS2_PLACEMENT_3D('',#10533,#10534,#10535);
#10537=CYLINDRICAL_SURFACE('',#10536,9.E-1);
#10538=ORIENTED_EDGE('',*,*,#9025,.T.);
#10540=ORIENTED_EDGE('',*,*,#10539,.F.);
#10541=ORIENTED_EDGE('',*,*,#9632,.F.);
#10542=ORIENTED_EDGE('',*,*,#10528,.F.);
#10543=ORIENTED_EDGE('',*,*,#9636,.F.);
#10545=ORIENTED_EDGE('',*,*,#10544,.T.);
#10546=EDGE_LOOP('',(#10538,#10540,#10541,#10542,#10543,#10545));
#10547=FACE_OUTER_BOUND('',#10546,.F.);
#10549=CARTESIAN_POINT('',(1.2E1,-9.5E0,2.9E1));
#10550=DIRECTION('',(0.E0,1.E0,0.E0));
#10551=DIRECTION('',(0.E0,0.E0,-1.E0));
#10552=AXIS2_PLACEMENT_3D('',#10549,#10550,#10551);
#10553=CYLINDRICAL_SURFACE('',#10552,9.E-1);
#10554=ORIENTED_EDGE('',*,*,#9023,.T.);
#10555=ORIENTED_EDGE('',*,*,#10544,.F.);
#10556=ORIENTED_EDGE('',*,*,#9634,.F.);
#10557=ORIENTED_EDGE('',*,*,#10539,.T.);
#10558=EDGE_LOOP('',(#10554,#10555,#10556,#10557));
#10559=FACE_OUTER_BOUND('',#10558,.F.);
#10561=CARTESIAN_POINT('',(-1.1E1,-9.5E0,2.6E1));
#10562=DIRECTION('',(0.E0,1.E0,0.E0));
#10563=DIRECTION('',(0.E0,0.E0,-1.E0));
#10564=AXIS2_PLACEMENT_3D('',#10561,#10562,#10563);
#10565=CYLINDRICAL_SURFACE('',#10564,4.15E0);
#10566=ORIENTED_EDGE('',*,*,#10289,.T.);
#10567=ORIENTED_EDGE('',*,*,#10246,.T.);
#10568=ORIENTED_EDGE('',*,*,#10187,.T.);
#10570=ORIENTED_EDGE('',*,*,#10569,.F.);
#10571=EDGE_LOOP('',(#10566,#10567,#10568,#10570));
#10572=FACE_OUTER_BOUND('',#10571,.F.);
#10574=CARTESIAN_POINT('',(-1.1E1,-9.5E0,2.185E1));
#10575=DIRECTION('',(0.E0,0.E0,1.E0));
#10576=DIRECTION('',(1.E0,0.E0,0.E0));
#10577=AXIS2_PLACEMENT_3D('',#10574,#10575,#10576);
#10578=PLANE('',#10577);
#10580=ORIENTED_EDGE('',*,*,#10579,.F.);
#10581=ORIENTED_EDGE('',*,*,#10291,.F.);
#10582=ORIENTED_EDGE('',*,*,#10569,.T.);
#10583=ORIENTED_EDGE('',*,*,#10185,.T.);
#10584=EDGE_LOOP('',(#10580,#10581,#10582,#10583));
#10585=FACE_OUTER_BOUND('',#10584,.F.);
#10587=CARTESIAN_POINT('',(-1.1E1,-9.5E0,2.185E1));
#10588=DIRECTION('',(0.E0,0.E0,1.E0));
#10589=DIRECTION('',(1.E0,0.E0,0.E0));
#10590=AXIS2_PLACEMENT_3D('',#10587,#10588,#10589);
#10591=PLANE('',#10590);
#10593=ORIENTED_EDGE('',*,*,#10592,.T.);
#10594=ORIENTED_EDGE('',*,*,#10181,.T.);
#10596=ORIENTED_EDGE('',*,*,#10595,.F.);
#10597=ORIENTED_EDGE('',*,*,#10299,.F.);
#10598=EDGE_LOOP('',(#10593,#10594,#10596,#10597));
#10599=FACE_OUTER_BOUND('',#10598,.F.);
#10601=CARTESIAN_POINT('',(-7.5E-1,-6.5E0,2.185E1));
#10602=DIRECTION('',(-1.E0,0.E0,0.E0));
#10603=DIRECTION('',(0.E0,0.E0,1.E0));
#10604=AXIS2_PLACEMENT_3D('',#10601,#10602,#10603);
#10605=PLANE('',#10604);
#10607=ORIENTED_EDGE('',*,*,#10606,.F.);
#10609=ORIENTED_EDGE('',*,*,#10608,.T.);
#10610=ORIENTED_EDGE('',*,*,#10293,.F.);
#10611=ORIENTED_EDGE('',*,*,#10579,.T.);
#10612=EDGE_LOOP('',(#10607,#10609,#10610,#10611));
#10613=FACE_OUTER_BOUND('',#10612,.F.);
#10615=CARTESIAN_POINT('',(-1.421085471520E-14,-6.6E0,2.195E1));
#10616=DIRECTION('',(0.E0,7.071067811865E-1,7.071067811865E-1));
#10617=DIRECTION('',(0.E0,-7.071067811865E-1,7.071067811865E-1));
#10618=AXIS2_PLACEMENT_3D('',#10615,#10616,#10617);
#10619=PLANE('',#10618);
#10621=ORIENTED_EDGE('',*,*,#10620,.T.);
#10623=ORIENTED_EDGE('',*,*,#10622,.F.);
#10624=ORIENTED_EDGE('',*,*,#10606,.T.);
#10625=ORIENTED_EDGE('',*,*,#10183,.T.);
#10626=EDGE_LOOP('',(#10621,#10623,#10624,#10625));
#10627=FACE_OUTER_BOUND('',#10626,.F.);
#10629=CARTESIAN_POINT('',(7.5E-1,-6.5E0,2.205E1));
#10630=DIRECTION('',(1.E0,0.E0,0.E0));
#10631=DIRECTION('',(0.E0,0.E0,-1.E0));
#10632=AXIS2_PLACEMENT_3D('',#10629,#10630,#10631);
#10633=PLANE('',#10632);
#10634=ORIENTED_EDGE('',*,*,#10620,.F.);
#10635=ORIENTED_EDGE('',*,*,#10592,.F.);
#10636=ORIENTED_EDGE('',*,*,#10297,.T.);
#10638=ORIENTED_EDGE('',*,*,#10637,.F.);
#10639=EDGE_LOOP('',(#10634,#10635,#10636,#10638));
#10640=FACE_OUTER_BOUND('',#10639,.F.);
#10642=CARTESIAN_POINT('',(-7.5E-1,-6.5E0,2.205E1));
#10643=DIRECTION('',(0.E0,0.E0,1.E0));
#10644=DIRECTION('',(1.E0,0.E0,0.E0));
#10645=AXIS2_PLACEMENT_3D('',#10642,#10643,#10644);
#10646=PLANE('',#10645);
#10647=ORIENTED_EDGE('',*,*,#10622,.T.);
#10648=ORIENTED_EDGE('',*,*,#10637,.T.);
#10649=ORIENTED_EDGE('',*,*,#10295,.F.);
#10650=ORIENTED_EDGE('',*,*,#10608,.F.);
#10651=EDGE_LOOP('',(#10647,#10648,#10649,#10650));
#10652=FACE_OUTER_BOUND('',#10651,.F.);
#10654=CARTESIAN_POINT('',(1.1E1,-9.5E0,2.6E1));
#10655=DIRECTION('',(0.E0,1.E0,0.E0));
#10656=DIRECTION('',(0.E0,0.E0,-1.E0));
#10657=AXIS2_PLACEMENT_3D('',#10654,#10655,#10656);
#10658=CYLINDRICAL_SURFACE('',#10657,4.15E0);
#10659=ORIENTED_EDGE('',*,*,#10301,.T.);
#10660=ORIENTED_EDGE('',*,*,#10595,.T.);
#10661=ORIENTED_EDGE('',*,*,#10179,.T.);
#10663=ORIENTED_EDGE('',*,*,#10662,.F.);
#10664=EDGE_LOOP('',(#10659,#10660,#10661,#10663));
#10665=FACE_OUTER_BOUND('',#10664,.F.);
#10667=CARTESIAN_POINT('',(1.515E1,-9.5E0,2.6E1));
#10668=DIRECTION('',(-1.E0,0.E0,0.E0));
#10669=DIRECTION('',(0.E0,0.E0,1.E0));
#10670=AXIS2_PLACEMENT_3D('',#10667,#10668,#10669);
#10671=PLANE('',#10670);
#10673=ORIENTED_EDGE('',*,*,#10672,.F.);
#10674=ORIENTED_EDGE('',*,*,#10303,.F.);
#10675=ORIENTED_EDGE('',*,*,#10662,.T.);
#10676=ORIENTED_EDGE('',*,*,#10177,.T.);
#10677=EDGE_LOOP('',(#10673,#10674,#10675,#10676));
#10678=FACE_OUTER_BOUND('',#10677,.F.);
#10680=CARTESIAN_POINT('',(1.515E1,-9.5E0,2.6E1));
#10681=DIRECTION('',(-1.E0,0.E0,0.E0));
#10682=DIRECTION('',(0.E0,0.E0,1.E0));
#10683=AXIS2_PLACEMENT_3D('',#10680,#10681,#10682);
#10684=PLANE('',#10683);
#10686=ORIENTED_EDGE('',*,*,#10685,.T.);
#10687=ORIENTED_EDGE('',*,*,#10173,.T.);
#10689=ORIENTED_EDGE('',*,*,#10688,.F.);
#10690=ORIENTED_EDGE('',*,*,#10311,.F.);
#10691=EDGE_LOOP('',(#10686,#10687,#10689,#10690));
#10692=FACE_OUTER_BOUND('',#10691,.F.);
#10694=CARTESIAN_POINT('',(1.515E1,-6.5E0,3.125E1));
#10695=DIRECTION('',(0.E0,0.E0,-1.E0));
#10696=DIRECTION('',(-1.E0,0.E0,0.E0));
#10697=AXIS2_PLACEMENT_3D('',#10694,#10695,#10696);
#10698=PLANE('',#10697);
#10700=ORIENTED_EDGE('',*,*,#10699,.F.);
#10702=ORIENTED_EDGE('',*,*,#10701,.T.);
#10703=ORIENTED_EDGE('',*,*,#10305,.F.);
#10704=ORIENTED_EDGE('',*,*,#10672,.T.);
#10705=EDGE_LOOP('',(#10700,#10702,#10703,#10704));
#10706=FACE_OUTER_BOUND('',#10705,.F.);
#10708=CARTESIAN_POINT('',(1.505E1,-6.6E0,3.2E1));
#10709=DIRECTION('',(-7.071067811865E-1,7.071067811865E-1,0.E0));
#10710=DIRECTION('',(-7.071067811865E-1,-7.071067811865E-1,0.E0));
#10711=AXIS2_PLACEMENT_3D('',#10708,#10709,#10710);
#10712=PLANE('',#10711);
#10714=ORIENTED_EDGE('',*,*,#10713,.T.);
#10716=ORIENTED_EDGE('',*,*,#10715,.F.);
#10717=ORIENTED_EDGE('',*,*,#10699,.T.);
#10718=ORIENTED_EDGE('',*,*,#10175,.T.);
#10719=EDGE_LOOP('',(#10714,#10716,#10717,#10718));
#10720=FACE_OUTER_BOUND('',#10719,.F.);
#10722=CARTESIAN_POINT('',(1.495E1,-6.5E0,3.275E1));
#10723=DIRECTION('',(0.E0,0.E0,1.E0));
#10724=DIRECTION('',(1.E0,0.E0,0.E0));
#10725=AXIS2_PLACEMENT_3D('',#10722,#10723,#10724);
#10726=PLANE('',#10725);
#10727=ORIENTED_EDGE('',*,*,#10713,.F.);
#10728=ORIENTED_EDGE('',*,*,#10685,.F.);
#10729=ORIENTED_EDGE('',*,*,#10309,.T.);
#10731=ORIENTED_EDGE('',*,*,#10730,.F.);
#10732=EDGE_LOOP('',(#10727,#10728,#10729,#10731));
#10733=FACE_OUTER_BOUND('',#10732,.F.);
#10735=CARTESIAN_POINT('',(1.495E1,-6.5E0,3.125E1));
#10736=DIRECTION('',(-1.E0,0.E0,0.E0));
#10737=DIRECTION('',(0.E0,0.E0,1.E0));
#10738=AXIS2_PLACEMENT_3D('',#10735,#10736,#10737);
#10739=PLANE('',#10738);
#10740=ORIENTED_EDGE('',*,*,#10715,.T.);
#10741=ORIENTED_EDGE('',*,*,#10730,.T.);
#10742=ORIENTED_EDGE('',*,*,#10307,.F.);
#10743=ORIENTED_EDGE('',*,*,#10701,.F.);
#10744=EDGE_LOOP('',(#10740,#10741,#10742,#10743));
#10745=FACE_OUTER_BOUND('',#10744,.F.);
#10747=CARTESIAN_POINT('',(1.1E1,-9.5E0,3.8E1));
#10748=DIRECTION('',(0.E0,1.E0,0.E0));
#10749=DIRECTION('',(0.E0,0.E0,-1.E0));
#10750=AXIS2_PLACEMENT_3D('',#10747,#10748,#10749);
#10751=CYLINDRICAL_SURFACE('',#10750,4.15E0);
#10752=ORIENTED_EDGE('',*,*,#10313,.T.);
#10753=ORIENTED_EDGE('',*,*,#10688,.T.);
#10754=ORIENTED_EDGE('',*,*,#10171,.T.);
#10756=ORIENTED_EDGE('',*,*,#10755,.F.);
#10757=EDGE_LOOP('',(#10752,#10753,#10754,#10756));
#10758=FACE_OUTER_BOUND('',#10757,.F.);
#10760=CARTESIAN_POINT('',(1.1E1,-9.5E0,4.215E1));
#10761=DIRECTION('',(0.E0,0.E0,-1.E0));
#10762=DIRECTION('',(-1.E0,0.E0,0.E0));
#10763=AXIS2_PLACEMENT_3D('',#10760,#10761,#10762);
#10764=PLANE('',#10763);
#10766=ORIENTED_EDGE('',*,*,#10765,.F.);
#10767=ORIENTED_EDGE('',*,*,#10315,.F.);
#10768=ORIENTED_EDGE('',*,*,#10755,.T.);
#10769=ORIENTED_EDGE('',*,*,#10169,.T.);
#10770=EDGE_LOOP('',(#10766,#10767,#10768,#10769));
#10771=FACE_OUTER_BOUND('',#10770,.F.);
#10773=CARTESIAN_POINT('',(1.1E1,-9.5E0,4.215E1));
#10774=DIRECTION('',(0.E0,0.E0,-1.E0));
#10775=DIRECTION('',(-1.E0,0.E0,0.E0));
#10776=AXIS2_PLACEMENT_3D('',#10773,#10774,#10775);
#10777=PLANE('',#10776);
#10779=ORIENTED_EDGE('',*,*,#10778,.T.);
#10780=ORIENTED_EDGE('',*,*,#10165,.T.);
#10782=ORIENTED_EDGE('',*,*,#10781,.F.);
#10783=ORIENTED_EDGE('',*,*,#10323,.F.);
#10784=EDGE_LOOP('',(#10779,#10780,#10782,#10783));
#10785=FACE_OUTER_BOUND('',#10784,.F.);
#10787=CARTESIAN_POINT('',(7.5E-1,-6.5E0,4.215E1));
#10788=DIRECTION('',(1.E0,0.E0,0.E0));
#10789=DIRECTION('',(0.E0,0.E0,-1.E0));
#10790=AXIS2_PLACEMENT_3D('',#10787,#10788,#10789);
#10791=PLANE('',#10790);
#10793=ORIENTED_EDGE('',*,*,#10792,.F.);
#10795=ORIENTED_EDGE('',*,*,#10794,.T.);
#10796=ORIENTED_EDGE('',*,*,#10317,.F.);
#10797=ORIENTED_EDGE('',*,*,#10765,.T.);
#10798=EDGE_LOOP('',(#10793,#10795,#10796,#10797));
#10799=FACE_OUTER_BOUND('',#10798,.F.);
#10801=CARTESIAN_POINT('',(-5.684341886081E-14,-6.6E0,4.205E1));
#10802=DIRECTION('',(0.E0,7.071067811866E-1,-7.071067811865E-1));
#10803=DIRECTION('',(0.E0,-7.071067811865E-1,-7.071067811866E-1));
#10804=AXIS2_PLACEMENT_3D('',#10801,#10802,#10803);
#10805=PLANE('',#10804);
#10807=ORIENTED_EDGE('',*,*,#10806,.T.);
#10809=ORIENTED_EDGE('',*,*,#10808,.F.);
#10810=ORIENTED_EDGE('',*,*,#10792,.T.);
#10811=ORIENTED_EDGE('',*,*,#10167,.T.);
#10812=EDGE_LOOP('',(#10807,#10809,#10810,#10811));
#10813=FACE_OUTER_BOUND('',#10812,.F.);
#10815=CARTESIAN_POINT('',(-7.5E-1,-6.5E0,4.195E1));
#10816=DIRECTION('',(-1.E0,0.E0,0.E0));
#10817=DIRECTION('',(0.E0,0.E0,1.E0));
#10818=AXIS2_PLACEMENT_3D('',#10815,#10816,#10817);
#10819=PLANE('',#10818);
#10820=ORIENTED_EDGE('',*,*,#10806,.F.);
#10821=ORIENTED_EDGE('',*,*,#10778,.F.);
#10822=ORIENTED_EDGE('',*,*,#10321,.T.);
#10824=ORIENTED_EDGE('',*,*,#10823,.F.);
#10825=EDGE_LOOP('',(#10820,#10821,#10822,#10824));
#10826=FACE_OUTER_BOUND('',#10825,.F.);
#10828=CARTESIAN_POINT('',(7.5E-1,-6.5E0,4.195E1));
#10829=DIRECTION('',(0.E0,0.E0,-1.E0));
#10830=DIRECTION('',(-1.E0,0.E0,0.E0));
#10831=AXIS2_PLACEMENT_3D('',#10828,#10829,#10830);
#10832=PLANE('',#10831);
#10833=ORIENTED_EDGE('',*,*,#10808,.T.);
#10834=ORIENTED_EDGE('',*,*,#10823,.T.);
#10835=ORIENTED_EDGE('',*,*,#10319,.F.);
#10836=ORIENTED_EDGE('',*,*,#10794,.F.);
#10837=EDGE_LOOP('',(#10833,#10834,#10835,#10836));
#10838=FACE_OUTER_BOUND('',#10837,.F.);
#10840=CARTESIAN_POINT('',(-1.1E1,-9.5E0,3.8E1));
#10841=DIRECTION('',(0.E0,1.E0,0.E0));
#10842=DIRECTION('',(0.E0,0.E0,-1.E0));
#10843=AXIS2_PLACEMENT_3D('',#10840,#10841,#10842);
#10844=CYLINDRICAL_SURFACE('',#10843,4.15E0);
#10845=ORIENTED_EDGE('',*,*,#10325,.T.);
#10846=ORIENTED_EDGE('',*,*,#10781,.T.);
#10847=ORIENTED_EDGE('',*,*,#10163,.T.);
#10848=ORIENTED_EDGE('',*,*,#10233,.F.);
#10849=EDGE_LOOP('',(#10845,#10846,#10847,#10848));
#10850=FACE_OUTER_BOUND('',#10849,.F.);
#10852=CARTESIAN_POINT('',(0.E0,-9.5E0,3.2E1));
#10853=DIRECTION('',(0.E0,1.E0,0.E0));
#10854=DIRECTION('',(0.E0,0.E0,-1.E0));
#10855=AXIS2_PLACEMENT_3D('',#10852,#10853,#10854);
#10856=CYLINDRICAL_SURFACE('',#10855,9.E-1);
#10857=ORIENTED_EDGE('',*,*,#8813,.T.);
#10859=ORIENTED_EDGE('',*,*,#10858,.F.);
#10860=ORIENTED_EDGE('',*,*,#9666,.F.);
#10862=ORIENTED_EDGE('',*,*,#10861,.T.);
#10863=EDGE_LOOP('',(#10857,#10859,#10860,#10862));
#10864=FACE_OUTER_BOUND('',#10863,.F.);
#10866=CARTESIAN_POINT('',(0.E0,-9.5E0,3.2E1));
#10867=DIRECTION('',(0.E0,1.E0,0.E0));
#10868=DIRECTION('',(0.E0,0.E0,-1.E0));
#10869=AXIS2_PLACEMENT_3D('',#10866,#10867,#10868);
#10870=CYLINDRICAL_SURFACE('',#10869,9.E-1);
#10871=ORIENTED_EDGE('',*,*,#8815,.T.);
#10872=ORIENTED_EDGE('',*,*,#10861,.F.);
#10873=ORIENTED_EDGE('',*,*,#9668,.F.);
#10874=ORIENTED_EDGE('',*,*,#10858,.T.);
#10875=EDGE_LOOP('',(#10871,#10872,#10873,#10874));
#10876=FACE_OUTER_BOUND('',#10875,.F.);
#10878=CARTESIAN_POINT('',(0.E0,-9.5E0,2.9E1));
#10879=DIRECTION('',(0.E0,1.E0,0.E0));
#10880=DIRECTION('',(0.E0,0.E0,-1.E0));
#10881=AXIS2_PLACEMENT_3D('',#10878,#10879,#10880);
#10882=CYLINDRICAL_SURFACE('',#10881,9.E-1);
#10883=ORIENTED_EDGE('',*,*,#8819,.T.);
#10885=ORIENTED_EDGE('',*,*,#10884,.F.);
#10886=ORIENTED_EDGE('',*,*,#9672,.F.);
#10888=ORIENTED_EDGE('',*,*,#10887,.T.);
#10889=EDGE_LOOP('',(#10883,#10885,#10886,#10888));
#10890=FACE_OUTER_BOUND('',#10889,.F.);
#10892=CARTESIAN_POINT('',(0.E0,-9.5E0,2.9E1));
#10893=DIRECTION('',(0.E0,1.E0,0.E0));
#10894=DIRECTION('',(0.E0,0.E0,-1.E0));
#10895=AXIS2_PLACEMENT_3D('',#10892,#10893,#10894);
#10896=CYLINDRICAL_SURFACE('',#10895,9.E-1);
#10897=ORIENTED_EDGE('',*,*,#8821,.T.);
#10898=ORIENTED_EDGE('',*,*,#10887,.F.);
#10899=ORIENTED_EDGE('',*,*,#9674,.F.);
#10900=ORIENTED_EDGE('',*,*,#10884,.T.);
#10901=EDGE_LOOP('',(#10897,#10898,#10899,#10900));
#10902=FACE_OUTER_BOUND('',#10901,.F.);
#10904=CARTESIAN_POINT('',(3.E0,-9.5E0,2.9E1));
#10905=DIRECTION('',(0.E0,1.E0,0.E0));
#10906=DIRECTION('',(0.E0,0.E0,-1.E0));
#10907=AXIS2_PLACEMENT_3D('',#10904,#10905,#10906);
#10908=CYLINDRICAL_SURFACE('',#10907,9.E-1);
#10909=ORIENTED_EDGE('',*,*,#8825,.T.);
#10911=ORIENTED_EDGE('',*,*,#10910,.F.);
#10912=ORIENTED_EDGE('',*,*,#9678,.F.);
#10914=ORIENTED_EDGE('',*,*,#10913,.T.);
#10915=EDGE_LOOP('',(#10909,#10911,#10912,#10914));
#10916=FACE_OUTER_BOUND('',#10915,.F.);
#10918=CARTESIAN_POINT('',(3.E0,-9.5E0,2.9E1));
#10919=DIRECTION('',(0.E0,1.E0,0.E0));
#10920=DIRECTION('',(0.E0,0.E0,-1.E0));
#10921=AXIS2_PLACEMENT_3D('',#10918,#10919,#10920);
#10922=CYLINDRICAL_SURFACE('',#10921,9.E-1);
#10923=ORIENTED_EDGE('',*,*,#8827,.T.);
#10924=ORIENTED_EDGE('',*,*,#10913,.F.);
#10925=ORIENTED_EDGE('',*,*,#9680,.F.);
#10926=ORIENTED_EDGE('',*,*,#10910,.T.);
#10927=EDGE_LOOP('',(#10923,#10924,#10925,#10926));
#10928=FACE_OUTER_BOUND('',#10927,.F.);
#10930=CARTESIAN_POINT('',(3.E0,-9.5E0,3.2E1));
#10931=DIRECTION('',(0.E0,1.E0,0.E0));
#10932=DIRECTION('',(0.E0,0.E0,-1.E0));
#10933=AXIS2_PLACEMENT_3D('',#10930,#10931,#10932);
#10934=CYLINDRICAL_SURFACE('',#10933,9.E-1);
#10935=ORIENTED_EDGE('',*,*,#8831,.T.);
#10937=ORIENTED_EDGE('',*,*,#10936,.F.);
#10938=ORIENTED_EDGE('',*,*,#9684,.F.);
#10940=ORIENTED_EDGE('',*,*,#10939,.T.);
#10941=EDGE_LOOP('',(#10935,#10937,#10938,#10940));
#10942=FACE_OUTER_BOUND('',#10941,.F.);
#10944=CARTESIAN_POINT('',(3.E0,-9.5E0,3.2E1));
#10945=DIRECTION('',(0.E0,1.E0,0.E0));
#10946=DIRECTION('',(0.E0,0.E0,-1.E0));
#10947=AXIS2_PLACEMENT_3D('',#10944,#10945,#10946);
#10948=CYLINDRICAL_SURFACE('',#10947,9.E-1);
#10949=ORIENTED_EDGE('',*,*,#8833,.T.);
#10950=ORIENTED_EDGE('',*,*,#10939,.F.);
#10951=ORIENTED_EDGE('',*,*,#9686,.F.);
#10952=ORIENTED_EDGE('',*,*,#10936,.T.);
#10953=EDGE_LOOP('',(#10949,#10950,#10951,#10952));
#10954=FACE_OUTER_BOUND('',#10953,.F.);
#10956=CARTESIAN_POINT('',(3.E0,-9.5E0,3.5E1));
#10957=DIRECTION('',(0.E0,1.E0,0.E0));
#10958=DIRECTION('',(0.E0,0.E0,-1.E0));
#10959=AXIS2_PLACEMENT_3D('',#10956,#10957,#10958);
#10960=CYLINDRICAL_SURFACE('',#10959,9.E-1);
#10961=ORIENTED_EDGE('',*,*,#8837,.T.);
#10963=ORIENTED_EDGE('',*,*,#10962,.F.);
#10964=ORIENTED_EDGE('',*,*,#9690,.F.);
#10966=ORIENTED_EDGE('',*,*,#10965,.T.);
#10967=EDGE_LOOP('',(#10961,#10963,#10964,#10966));
#10968=FACE_OUTER_BOUND('',#10967,.F.);
#10970=CARTESIAN_POINT('',(3.E0,-9.5E0,3.5E1));
#10971=DIRECTION('',(0.E0,1.E0,0.E0));
#10972=DIRECTION('',(0.E0,0.E0,-1.E0));
#10973=AXIS2_PLACEMENT_3D('',#10970,#10971,#10972);
#10974=CYLINDRICAL_SURFACE('',#10973,9.E-1);
#10975=ORIENTED_EDGE('',*,*,#8839,.T.);
#10976=ORIENTED_EDGE('',*,*,#10965,.F.);
#10977=ORIENTED_EDGE('',*,*,#9692,.F.);
#10978=ORIENTED_EDGE('',*,*,#10962,.T.);
#10979=EDGE_LOOP('',(#10975,#10976,#10977,#10978));
#10980=FACE_OUTER_BOUND('',#10979,.F.);
#10982=CARTESIAN_POINT('',(0.E0,-9.5E0,3.5E1));
#10983=DIRECTION('',(0.E0,1.E0,0.E0));
#10984=DIRECTION('',(0.E0,0.E0,-1.E0));
#10985=AXIS2_PLACEMENT_3D('',#10982,#10983,#10984);
#10986=CYLINDRICAL_SURFACE('',#10985,9.E-1);
#10987=ORIENTED_EDGE('',*,*,#8843,.T.);
#10989=ORIENTED_EDGE('',*,*,#10988,.F.);
#10990=ORIENTED_EDGE('',*,*,#9696,.F.);
#10992=ORIENTED_EDGE('',*,*,#10991,.T.);
#10993=EDGE_LOOP('',(#10987,#10989,#10990,#10992));
#10994=FACE_OUTER_BOUND('',#10993,.F.);
#10996=CARTESIAN_POINT('',(0.E0,-9.5E0,3.5E1));
#10997=DIRECTION('',(0.E0,1.E0,0.E0));
#10998=DIRECTION('',(0.E0,0.E0,-1.E0));
#10999=AXIS2_PLACEMENT_3D('',#10996,#10997,#10998);
#11000=CYLINDRICAL_SURFACE('',#10999,9.E-1);
#11001=ORIENTED_EDGE('',*,*,#8845,.T.);
#11002=ORIENTED_EDGE('',*,*,#10991,.F.);
#11003=ORIENTED_EDGE('',*,*,#9698,.F.);
#11004=ORIENTED_EDGE('',*,*,#10988,.T.);
#11005=EDGE_LOOP('',(#11001,#11002,#11003,#11004));
#11006=FACE_OUTER_BOUND('',#11005,.F.);
#11008=CARTESIAN_POINT('',(-3.E0,-9.5E0,3.5E1));
#11009=DIRECTION('',(0.E0,1.E0,0.E0));
#11010=DIRECTION('',(0.E0,0.E0,-1.E0));
#11011=AXIS2_PLACEMENT_3D('',#11008,#11009,#11010);
#11012=CYLINDRICAL_SURFACE('',#11011,9.E-1);
#11013=ORIENTED_EDGE('',*,*,#8849,.T.);
#11015=ORIENTED_EDGE('',*,*,#11014,.F.);
#11016=ORIENTED_EDGE('',*,*,#9702,.F.);
#11018=ORIENTED_EDGE('',*,*,#11017,.T.);
#11019=EDGE_LOOP('',(#11013,#11015,#11016,#11018));
#11020=FACE_OUTER_BOUND('',#11019,.F.);
#11022=CARTESIAN_POINT('',(-3.E0,-9.5E0,3.5E1));
#11023=DIRECTION('',(0.E0,1.E0,0.E0));
#11024=DIRECTION('',(0.E0,0.E0,-1.E0));
#11025=AXIS2_PLACEMENT_3D('',#11022,#11023,#11024);
#11026=CYLINDRICAL_SURFACE('',#11025,9.E-1);
#11027=ORIENTED_EDGE('',*,*,#8851,.T.);
#11028=ORIENTED_EDGE('',*,*,#11017,.F.);
#11029=ORIENTED_EDGE('',*,*,#9704,.F.);
#11030=ORIENTED_EDGE('',*,*,#11014,.T.);
#11031=EDGE_LOOP('',(#11027,#11028,#11029,#11030));
#11032=FACE_OUTER_BOUND('',#11031,.F.);
#11034=CARTESIAN_POINT('',(-3.E0,-9.5E0,3.2E1));
#11035=DIRECTION('',(0.E0,1.E0,0.E0));
#11036=DIRECTION('',(0.E0,0.E0,-1.E0));
#11037=AXIS2_PLACEMENT_3D('',#11034,#11035,#11036);
#11038=CYLINDRICAL_SURFACE('',#11037,9.E-1);
#11039=ORIENTED_EDGE('',*,*,#8855,.T.);
#11041=ORIENTED_EDGE('',*,*,#11040,.F.);
#11042=ORIENTED_EDGE('',*,*,#9708,.F.);
#11044=ORIENTED_EDGE('',*,*,#11043,.T.);
#11045=EDGE_LOOP('',(#11039,#11041,#11042,#11044));
#11046=FACE_OUTER_BOUND('',#11045,.F.);
#11048=CARTESIAN_POINT('',(-3.E0,-9.5E0,3.2E1));
#11049=DIRECTION('',(0.E0,1.E0,0.E0));
#11050=DIRECTION('',(0.E0,0.E0,-1.E0));
#11051=AXIS2_PLACEMENT_3D('',#11048,#11049,#11050);
#11052=CYLINDRICAL_SURFACE('',#11051,9.E-1);
#11053=ORIENTED_EDGE('',*,*,#8857,.T.);
#11054=ORIENTED_EDGE('',*,*,#11043,.F.);
#11055=ORIENTED_EDGE('',*,*,#9710,.F.);
#11056=ORIENTED_EDGE('',*,*,#11040,.T.);
#11057=EDGE_LOOP('',(#11053,#11054,#11055,#11056));
#11058=FACE_OUTER_BOUND('',#11057,.F.);
#11060=CARTESIAN_POINT('',(-3.E0,-9.5E0,2.9E1));
#11061=DIRECTION('',(0.E0,1.E0,0.E0));
#11062=DIRECTION('',(0.E0,0.E0,-1.E0));
#11063=AXIS2_PLACEMENT_3D('',#11060,#11061,#11062);
#11064=CYLINDRICAL_SURFACE('',#11063,9.E-1);
#11065=ORIENTED_EDGE('',*,*,#8861,.T.);
#11067=ORIENTED_EDGE('',*,*,#11066,.F.);
#11068=ORIENTED_EDGE('',*,*,#9714,.F.);
#11070=ORIENTED_EDGE('',*,*,#11069,.T.);
#11071=EDGE_LOOP('',(#11065,#11067,#11068,#11070));
#11072=FACE_OUTER_BOUND('',#11071,.F.);
#11074=CARTESIAN_POINT('',(-3.E0,-9.5E0,2.9E1));
#11075=DIRECTION('',(0.E0,1.E0,0.E0));
#11076=DIRECTION('',(0.E0,0.E0,-1.E0));
#11077=AXIS2_PLACEMENT_3D('',#11074,#11075,#11076);
#11078=CYLINDRICAL_SURFACE('',#11077,9.E-1);
#11079=ORIENTED_EDGE('',*,*,#8863,.T.);
#11080=ORIENTED_EDGE('',*,*,#11069,.F.);
#11081=ORIENTED_EDGE('',*,*,#9716,.F.);
#11082=ORIENTED_EDGE('',*,*,#11066,.T.);
#11083=EDGE_LOOP('',(#11079,#11080,#11081,#11082));
#11084=FACE_OUTER_BOUND('',#11083,.F.);
#11086=CARTESIAN_POINT('',(-3.E0,-9.5E0,2.6E1));
#11087=DIRECTION('',(0.E0,1.E0,0.E0));
#11088=DIRECTION('',(0.E0,0.E0,-1.E0));
#11089=AXIS2_PLACEMENT_3D('',#11086,#11087,#11088);
#11090=CYLINDRICAL_SURFACE('',#11089,9.E-1);
#11091=ORIENTED_EDGE('',*,*,#8867,.T.);
#11093=ORIENTED_EDGE('',*,*,#11092,.F.);
#11094=ORIENTED_EDGE('',*,*,#9720,.F.);
#11096=ORIENTED_EDGE('',*,*,#11095,.T.);
#11097=EDGE_LOOP('',(#11091,#11093,#11094,#11096));
#11098=FACE_OUTER_BOUND('',#11097,.F.);
#11100=CARTESIAN_POINT('',(-3.E0,-9.5E0,2.6E1));
#11101=DIRECTION('',(0.E0,1.E0,0.E0));
#11102=DIRECTION('',(0.E0,0.E0,-1.E0));
#11103=AXIS2_PLACEMENT_3D('',#11100,#11101,#11102);
#11104=CYLINDRICAL_SURFACE('',#11103,9.E-1);
#11105=ORIENTED_EDGE('',*,*,#8869,.T.);
#11106=ORIENTED_EDGE('',*,*,#11095,.F.);
#11107=ORIENTED_EDGE('',*,*,#9722,.F.);
#11108=ORIENTED_EDGE('',*,*,#11092,.T.);
#11109=EDGE_LOOP('',(#11105,#11106,#11107,#11108));
#11110=FACE_OUTER_BOUND('',#11109,.F.);
#11112=CARTESIAN_POINT('',(0.E0,-9.5E0,2.6E1));
#11113=DIRECTION('',(0.E0,1.E0,0.E0));
#11114=DIRECTION('',(0.E0,0.E0,-1.E0));
#11115=AXIS2_PLACEMENT_3D('',#11112,#11113,#11114);
#11116=CYLINDRICAL_SURFACE('',#11115,9.E-1);
#11117=ORIENTED_EDGE('',*,*,#8873,.T.);
#11119=ORIENTED_EDGE('',*,*,#11118,.F.);
#11120=ORIENTED_EDGE('',*,*,#9726,.F.);
#11122=ORIENTED_EDGE('',*,*,#11121,.T.);
#11123=EDGE_LOOP('',(#11117,#11119,#11120,#11122));
#11124=FACE_OUTER_BOUND('',#11123,.F.);
#11126=CARTESIAN_POINT('',(0.E0,-9.5E0,2.6E1));
#11127=DIRECTION('',(0.E0,1.E0,0.E0));
#11128=DIRECTION('',(0.E0,0.E0,-1.E0));
#11129=AXIS2_PLACEMENT_3D('',#11126,#11127,#11128);
#11130=CYLINDRICAL_SURFACE('',#11129,9.E-1);
#11131=ORIENTED_EDGE('',*,*,#8875,.T.);
#11132=ORIENTED_EDGE('',*,*,#11121,.F.);
#11133=ORIENTED_EDGE('',*,*,#9728,.F.);
#11134=ORIENTED_EDGE('',*,*,#11118,.T.);
#11135=EDGE_LOOP('',(#11131,#11132,#11133,#11134));
#11136=FACE_OUTER_BOUND('',#11135,.F.);
#11138=CARTESIAN_POINT('',(3.E0,-9.5E0,2.6E1));
#11139=DIRECTION('',(0.E0,1.E0,0.E0));
#11140=DIRECTION('',(0.E0,0.E0,-1.E0));
#11141=AXIS2_PLACEMENT_3D('',#11138,#11139,#11140);
#11142=CYLINDRICAL_SURFACE('',#11141,9.E-1);
#11143=ORIENTED_EDGE('',*,*,#8879,.T.);
#11145=ORIENTED_EDGE('',*,*,#11144,.F.);
#11146=ORIENTED_EDGE('',*,*,#9732,.F.);
#11148=ORIENTED_EDGE('',*,*,#11147,.T.);
#11149=EDGE_LOOP('',(#11143,#11145,#11146,#11148));
#11150=FACE_OUTER_BOUND('',#11149,.F.);
#11152=CARTESIAN_POINT('',(3.E0,-9.5E0,2.6E1));
#11153=DIRECTION('',(0.E0,1.E0,0.E0));
#11154=DIRECTION('',(0.E0,0.E0,-1.E0));
#11155=AXIS2_PLACEMENT_3D('',#11152,#11153,#11154);
#11156=CYLINDRICAL_SURFACE('',#11155,9.E-1);
#11157=ORIENTED_EDGE('',*,*,#8881,.T.);
#11158=ORIENTED_EDGE('',*,*,#11147,.F.);
#11159=ORIENTED_EDGE('',*,*,#9734,.F.);
#11160=ORIENTED_EDGE('',*,*,#11144,.T.);
#11161=EDGE_LOOP('',(#11157,#11158,#11159,#11160));
#11162=FACE_OUTER_BOUND('',#11161,.F.);
#11164=CARTESIAN_POINT('',(6.E0,-9.5E0,2.6E1));
#11165=DIRECTION('',(0.E0,1.E0,0.E0));
#11166=DIRECTION('',(0.E0,0.E0,-1.E0));
#11167=AXIS2_PLACEMENT_3D('',#11164,#11165,#11166);
#11168=CYLINDRICAL_SURFACE('',#11167,9.E-1);
#11169=ORIENTED_EDGE('',*,*,#8885,.T.);
#11171=ORIENTED_EDGE('',*,*,#11170,.F.);
#11172=ORIENTED_EDGE('',*,*,#9738,.F.);
#11174=ORIENTED_EDGE('',*,*,#11173,.T.);
#11175=EDGE_LOOP('',(#11169,#11171,#11172,#11174));
#11176=FACE_OUTER_BOUND('',#11175,.F.);
#11178=CARTESIAN_POINT('',(6.E0,-9.5E0,2.6E1));
#11179=DIRECTION('',(0.E0,1.E0,0.E0));
#11180=DIRECTION('',(0.E0,0.E0,-1.E0));
#11181=AXIS2_PLACEMENT_3D('',#11178,#11179,#11180);
#11182=CYLINDRICAL_SURFACE('',#11181,9.E-1);
#11183=ORIENTED_EDGE('',*,*,#8887,.T.);
#11184=ORIENTED_EDGE('',*,*,#11173,.F.);
#11185=ORIENTED_EDGE('',*,*,#9740,.F.);
#11186=ORIENTED_EDGE('',*,*,#11170,.T.);
#11187=EDGE_LOOP('',(#11183,#11184,#11185,#11186));
#11188=FACE_OUTER_BOUND('',#11187,.F.);
#11190=CARTESIAN_POINT('',(6.E0,-9.5E0,2.9E1));
#11191=DIRECTION('',(0.E0,1.E0,0.E0));
#11192=DIRECTION('',(0.E0,0.E0,-1.E0));
#11193=AXIS2_PLACEMENT_3D('',#11190,#11191,#11192);
#11194=CYLINDRICAL_SURFACE('',#11193,9.E-1);
#11195=ORIENTED_EDGE('',*,*,#8891,.T.);
#11197=ORIENTED_EDGE('',*,*,#11196,.F.);
#11198=ORIENTED_EDGE('',*,*,#9744,.F.);
#11200=ORIENTED_EDGE('',*,*,#11199,.T.);
#11201=EDGE_LOOP('',(#11195,#11197,#11198,#11200));
#11202=FACE_OUTER_BOUND('',#11201,.F.);
#11204=CARTESIAN_POINT('',(6.E0,-9.5E0,2.9E1));
#11205=DIRECTION('',(0.E0,1.E0,0.E0));
#11206=DIRECTION('',(0.E0,0.E0,-1.E0));
#11207=AXIS2_PLACEMENT_3D('',#11204,#11205,#11206);
#11208=CYLINDRICAL_SURFACE('',#11207,9.E-1);
#11209=ORIENTED_EDGE('',*,*,#8893,.T.);
#11210=ORIENTED_EDGE('',*,*,#11199,.F.);
#11211=ORIENTED_EDGE('',*,*,#9746,.F.);
#11212=ORIENTED_EDGE('',*,*,#11196,.T.);
#11213=EDGE_LOOP('',(#11209,#11210,#11211,#11212));
#11214=FACE_OUTER_BOUND('',#11213,.F.);
#11216=CARTESIAN_POINT('',(6.E0,-9.5E0,3.2E1));
#11217=DIRECTION('',(0.E0,1.E0,0.E0));
#11218=DIRECTION('',(0.E0,0.E0,-1.E0));
#11219=AXIS2_PLACEMENT_3D('',#11216,#11217,#11218);
#11220=CYLINDRICAL_SURFACE('',#11219,9.E-1);
#11221=ORIENTED_EDGE('',*,*,#8897,.T.);
#11223=ORIENTED_EDGE('',*,*,#11222,.F.);
#11224=ORIENTED_EDGE('',*,*,#9750,.F.);
#11226=ORIENTED_EDGE('',*,*,#11225,.T.);
#11227=EDGE_LOOP('',(#11221,#11223,#11224,#11226));
#11228=FACE_OUTER_BOUND('',#11227,.F.);
#11230=CARTESIAN_POINT('',(6.E0,-9.5E0,3.2E1));
#11231=DIRECTION('',(0.E0,1.E0,0.E0));
#11232=DIRECTION('',(0.E0,0.E0,-1.E0));
#11233=AXIS2_PLACEMENT_3D('',#11230,#11231,#11232);
#11234=CYLINDRICAL_SURFACE('',#11233,9.E-1);
#11235=ORIENTED_EDGE('',*,*,#8899,.T.);
#11236=ORIENTED_EDGE('',*,*,#11225,.F.);
#11237=ORIENTED_EDGE('',*,*,#9752,.F.);
#11238=ORIENTED_EDGE('',*,*,#11222,.T.);
#11239=EDGE_LOOP('',(#11235,#11236,#11237,#11238));
#11240=FACE_OUTER_BOUND('',#11239,.F.);
#11242=CARTESIAN_POINT('',(6.E0,-9.5E0,3.5E1));
#11243=DIRECTION('',(0.E0,1.E0,0.E0));
#11244=DIRECTION('',(0.E0,0.E0,-1.E0));
#11245=AXIS2_PLACEMENT_3D('',#11242,#11243,#11244);
#11246=CYLINDRICAL_SURFACE('',#11245,9.E-1);
#11247=ORIENTED_EDGE('',*,*,#8903,.T.);
#11249=ORIENTED_EDGE('',*,*,#11248,.F.);
#11250=ORIENTED_EDGE('',*,*,#9756,.F.);
#11252=ORIENTED_EDGE('',*,*,#11251,.T.);
#11253=EDGE_LOOP('',(#11247,#11249,#11250,#11252));
#11254=FACE_OUTER_BOUND('',#11253,.F.);
#11256=CARTESIAN_POINT('',(6.E0,-9.5E0,3.5E1));
#11257=DIRECTION('',(0.E0,1.E0,0.E0));
#11258=DIRECTION('',(0.E0,0.E0,-1.E0));
#11259=AXIS2_PLACEMENT_3D('',#11256,#11257,#11258);
#11260=CYLINDRICAL_SURFACE('',#11259,9.E-1);
#11261=ORIENTED_EDGE('',*,*,#8905,.T.);
#11262=ORIENTED_EDGE('',*,*,#11251,.F.);
#11263=ORIENTED_EDGE('',*,*,#9758,.F.);
#11264=ORIENTED_EDGE('',*,*,#11248,.T.);
#11265=EDGE_LOOP('',(#11261,#11262,#11263,#11264));
#11266=FACE_OUTER_BOUND('',#11265,.F.);
#11268=CARTESIAN_POINT('',(6.E0,-9.5E0,3.8E1));
#11269=DIRECTION('',(0.E0,1.E0,0.E0));
#11270=DIRECTION('',(0.E0,0.E0,-1.E0));
#11271=AXIS2_PLACEMENT_3D('',#11268,#11269,#11270);
#11272=CYLINDRICAL_SURFACE('',#11271,9.E-1);
#11273=ORIENTED_EDGE('',*,*,#8909,.T.);
#11275=ORIENTED_EDGE('',*,*,#11274,.F.);
#11276=ORIENTED_EDGE('',*,*,#9762,.F.);
#11278=ORIENTED_EDGE('',*,*,#11277,.T.);
#11279=EDGE_LOOP('',(#11273,#11275,#11276,#11278));
#11280=FACE_OUTER_BOUND('',#11279,.F.);
#11282=CARTESIAN_POINT('',(6.E0,-9.5E0,3.8E1));
#11283=DIRECTION('',(0.E0,1.E0,0.E0));
#11284=DIRECTION('',(0.E0,0.E0,-1.E0));
#11285=AXIS2_PLACEMENT_3D('',#11282,#11283,#11284);
#11286=CYLINDRICAL_SURFACE('',#11285,9.E-1);
#11287=ORIENTED_EDGE('',*,*,#8911,.T.);
#11288=ORIENTED_EDGE('',*,*,#11277,.F.);
#11289=ORIENTED_EDGE('',*,*,#9764,.F.);
#11290=ORIENTED_EDGE('',*,*,#11274,.T.);
#11291=EDGE_LOOP('',(#11287,#11288,#11289,#11290));
#11292=FACE_OUTER_BOUND('',#11291,.F.);
#11294=CARTESIAN_POINT('',(3.E0,-9.5E0,3.8E1));
#11295=DIRECTION('',(0.E0,1.E0,0.E0));
#11296=DIRECTION('',(0.E0,0.E0,-1.E0));
#11297=AXIS2_PLACEMENT_3D('',#11294,#11295,#11296);
#11298=CYLINDRICAL_SURFACE('',#11297,9.E-1);
#11299=ORIENTED_EDGE('',*,*,#8915,.T.);
#11301=ORIENTED_EDGE('',*,*,#11300,.F.);
#11302=ORIENTED_EDGE('',*,*,#9768,.F.);
#11304=ORIENTED_EDGE('',*,*,#11303,.T.);
#11305=EDGE_LOOP('',(#11299,#11301,#11302,#11304));
#11306=FACE_OUTER_BOUND('',#11305,.F.);
#11308=CARTESIAN_POINT('',(3.E0,-9.5E0,3.8E1));
#11309=DIRECTION('',(0.E0,1.E0,0.E0));
#11310=DIRECTION('',(0.E0,0.E0,-1.E0));
#11311=AXIS2_PLACEMENT_3D('',#11308,#11309,#11310);
#11312=CYLINDRICAL_SURFACE('',#11311,9.E-1);
#11313=ORIENTED_EDGE('',*,*,#8917,.T.);
#11314=ORIENTED_EDGE('',*,*,#11303,.F.);
#11315=ORIENTED_EDGE('',*,*,#9770,.F.);
#11316=ORIENTED_EDGE('',*,*,#11300,.T.);
#11317=EDGE_LOOP('',(#11313,#11314,#11315,#11316));
#11318=FACE_OUTER_BOUND('',#11317,.F.);
#11320=CARTESIAN_POINT('',(0.E0,-9.5E0,3.8E1));
#11321=DIRECTION('',(0.E0,1.E0,0.E0));
#11322=DIRECTION('',(0.E0,0.E0,-1.E0));
#11323=AXIS2_PLACEMENT_3D('',#11320,#11321,#11322);
#11324=CYLINDRICAL_SURFACE('',#11323,9.E-1);
#11325=ORIENTED_EDGE('',*,*,#8921,.T.);
#11327=ORIENTED_EDGE('',*,*,#11326,.F.);
#11328=ORIENTED_EDGE('',*,*,#9774,.F.);
#11330=ORIENTED_EDGE('',*,*,#11329,.T.);
#11331=EDGE_LOOP('',(#11325,#11327,#11328,#11330));
#11332=FACE_OUTER_BOUND('',#11331,.F.);
#11334=CARTESIAN_POINT('',(0.E0,-9.5E0,3.8E1));
#11335=DIRECTION('',(0.E0,1.E0,0.E0));
#11336=DIRECTION('',(0.E0,0.E0,-1.E0));
#11337=AXIS2_PLACEMENT_3D('',#11334,#11335,#11336);
#11338=CYLINDRICAL_SURFACE('',#11337,9.E-1);
#11339=ORIENTED_EDGE('',*,*,#8923,.T.);
#11340=ORIENTED_EDGE('',*,*,#11329,.F.);
#11341=ORIENTED_EDGE('',*,*,#9776,.F.);
#11342=ORIENTED_EDGE('',*,*,#11326,.T.);
#11343=EDGE_LOOP('',(#11339,#11340,#11341,#11342));
#11344=FACE_OUTER_BOUND('',#11343,.F.);
#11346=CARTESIAN_POINT('',(-3.E0,-9.5E0,3.8E1));
#11347=DIRECTION('',(0.E0,1.E0,0.E0));
#11348=DIRECTION('',(0.E0,0.E0,-1.E0));
#11349=AXIS2_PLACEMENT_3D('',#11346,#11347,#11348);
#11350=CYLINDRICAL_SURFACE('',#11349,9.E-1);
#11351=ORIENTED_EDGE('',*,*,#8927,.T.);
#11353=ORIENTED_EDGE('',*,*,#11352,.F.);
#11354=ORIENTED_EDGE('',*,*,#9780,.F.);
#11356=ORIENTED_EDGE('',*,*,#11355,.T.);
#11357=EDGE_LOOP('',(#11351,#11353,#11354,#11356));
#11358=FACE_OUTER_BOUND('',#11357,.F.);
#11360=CARTESIAN_POINT('',(-3.E0,-9.5E0,3.8E1));
#11361=DIRECTION('',(0.E0,1.E0,0.E0));
#11362=DIRECTION('',(0.E0,0.E0,-1.E0));
#11363=AXIS2_PLACEMENT_3D('',#11360,#11361,#11362);
#11364=CYLINDRICAL_SURFACE('',#11363,9.E-1);
#11365=ORIENTED_EDGE('',*,*,#8929,.T.);
#11366=ORIENTED_EDGE('',*,*,#11355,.F.);
#11367=ORIENTED_EDGE('',*,*,#9782,.F.);
#11368=ORIENTED_EDGE('',*,*,#11352,.T.);
#11369=EDGE_LOOP('',(#11365,#11366,#11367,#11368));
#11370=FACE_OUTER_BOUND('',#11369,.F.);
#11372=CARTESIAN_POINT('',(-6.E0,-9.5E0,3.8E1));
#11373=DIRECTION('',(0.E0,1.E0,0.E0));
#11374=DIRECTION('',(0.E0,0.E0,-1.E0));
#11375=AXIS2_PLACEMENT_3D('',#11372,#11373,#11374);
#11376=CYLINDRICAL_SURFACE('',#11375,9.E-1);
#11377=ORIENTED_EDGE('',*,*,#8933,.T.);
#11379=ORIENTED_EDGE('',*,*,#11378,.F.);
#11380=ORIENTED_EDGE('',*,*,#9786,.F.);
#11382=ORIENTED_EDGE('',*,*,#11381,.T.);
#11383=EDGE_LOOP('',(#11377,#11379,#11380,#11382));
#11384=FACE_OUTER_BOUND('',#11383,.F.);
#11386=CARTESIAN_POINT('',(-6.E0,-9.5E0,3.8E1));
#11387=DIRECTION('',(0.E0,1.E0,0.E0));
#11388=DIRECTION('',(0.E0,0.E0,-1.E0));
#11389=AXIS2_PLACEMENT_3D('',#11386,#11387,#11388);
#11390=CYLINDRICAL_SURFACE('',#11389,9.E-1);
#11391=ORIENTED_EDGE('',*,*,#8935,.T.);
#11392=ORIENTED_EDGE('',*,*,#11381,.F.);
#11393=ORIENTED_EDGE('',*,*,#9788,.F.);
#11394=ORIENTED_EDGE('',*,*,#11378,.T.);
#11395=EDGE_LOOP('',(#11391,#11392,#11393,#11394));
#11396=FACE_OUTER_BOUND('',#11395,.F.);
#11398=CARTESIAN_POINT('',(-6.E0,-9.5E0,3.5E1));
#11399=DIRECTION('',(0.E0,1.E0,0.E0));
#11400=DIRECTION('',(0.E0,0.E0,-1.E0));
#11401=AXIS2_PLACEMENT_3D('',#11398,#11399,#11400);
#11402=CYLINDRICAL_SURFACE('',#11401,9.E-1);
#11403=ORIENTED_EDGE('',*,*,#8939,.T.);
#11405=ORIENTED_EDGE('',*,*,#11404,.F.);
#11406=ORIENTED_EDGE('',*,*,#9792,.F.);
#11408=ORIENTED_EDGE('',*,*,#11407,.T.);
#11409=EDGE_LOOP('',(#11403,#11405,#11406,#11408));
#11410=FACE_OUTER_BOUND('',#11409,.F.);
#11412=CARTESIAN_POINT('',(-6.E0,-9.5E0,3.5E1));
#11413=DIRECTION('',(0.E0,1.E0,0.E0));
#11414=DIRECTION('',(0.E0,0.E0,-1.E0));
#11415=AXIS2_PLACEMENT_3D('',#11412,#11413,#11414);
#11416=CYLINDRICAL_SURFACE('',#11415,9.E-1);
#11417=ORIENTED_EDGE('',*,*,#8941,.T.);
#11418=ORIENTED_EDGE('',*,*,#11407,.F.);
#11419=ORIENTED_EDGE('',*,*,#9794,.F.);
#11420=ORIENTED_EDGE('',*,*,#11404,.T.);
#11421=EDGE_LOOP('',(#11417,#11418,#11419,#11420));
#11422=FACE_OUTER_BOUND('',#11421,.F.);
#11424=CARTESIAN_POINT('',(-6.E0,-9.5E0,3.2E1));
#11425=DIRECTION('',(0.E0,1.E0,0.E0));
#11426=DIRECTION('',(0.E0,0.E0,-1.E0));
#11427=AXIS2_PLACEMENT_3D('',#11424,#11425,#11426);
#11428=CYLINDRICAL_SURFACE('',#11427,9.E-1);
#11429=ORIENTED_EDGE('',*,*,#8945,.T.);
#11431=ORIENTED_EDGE('',*,*,#11430,.F.);
#11432=ORIENTED_EDGE('',*,*,#9798,.F.);
#11434=ORIENTED_EDGE('',*,*,#11433,.T.);
#11435=EDGE_LOOP('',(#11429,#11431,#11432,#11434));
#11436=FACE_OUTER_BOUND('',#11435,.F.);
#11438=CARTESIAN_POINT('',(-6.E0,-9.5E0,3.2E1));
#11439=DIRECTION('',(0.E0,1.E0,0.E0));
#11440=DIRECTION('',(0.E0,0.E0,-1.E0));
#11441=AXIS2_PLACEMENT_3D('',#11438,#11439,#11440);
#11442=CYLINDRICAL_SURFACE('',#11441,9.E-1);
#11443=ORIENTED_EDGE('',*,*,#8947,.T.);
#11444=ORIENTED_EDGE('',*,*,#11433,.F.);
#11445=ORIENTED_EDGE('',*,*,#9800,.F.);
#11446=ORIENTED_EDGE('',*,*,#11430,.T.);
#11447=EDGE_LOOP('',(#11443,#11444,#11445,#11446));
#11448=FACE_OUTER_BOUND('',#11447,.F.);
#11450=CARTESIAN_POINT('',(-6.E0,-9.5E0,2.9E1));
#11451=DIRECTION('',(0.E0,1.E0,0.E0));
#11452=DIRECTION('',(0.E0,0.E0,-1.E0));
#11453=AXIS2_PLACEMENT_3D('',#11450,#11451,#11452);
#11454=CYLINDRICAL_SURFACE('',#11453,9.E-1);
#11455=ORIENTED_EDGE('',*,*,#8951,.T.);
#11457=ORIENTED_EDGE('',*,*,#11456,.F.);
#11458=ORIENTED_EDGE('',*,*,#9804,.F.);
#11460=ORIENTED_EDGE('',*,*,#11459,.T.);
#11461=EDGE_LOOP('',(#11455,#11457,#11458,#11460));
#11462=FACE_OUTER_BOUND('',#11461,.F.);
#11464=CARTESIAN_POINT('',(-6.E0,-9.5E0,2.9E1));
#11465=DIRECTION('',(0.E0,1.E0,0.E0));
#11466=DIRECTION('',(0.E0,0.E0,-1.E0));
#11467=AXIS2_PLACEMENT_3D('',#11464,#11465,#11466);
#11468=CYLINDRICAL_SURFACE('',#11467,9.E-1);
#11469=ORIENTED_EDGE('',*,*,#8953,.T.);
#11470=ORIENTED_EDGE('',*,*,#11459,.F.);
#11471=ORIENTED_EDGE('',*,*,#9806,.F.);
#11472=ORIENTED_EDGE('',*,*,#11456,.T.);
#11473=EDGE_LOOP('',(#11469,#11470,#11471,#11472));
#11474=FACE_OUTER_BOUND('',#11473,.F.);
#11476=CARTESIAN_POINT('',(-6.E0,-9.5E0,2.6E1));
#11477=DIRECTION('',(0.E0,1.E0,0.E0));
#11478=DIRECTION('',(0.E0,0.E0,-1.E0));
#11479=AXIS2_PLACEMENT_3D('',#11476,#11477,#11478);
#11480=CYLINDRICAL_SURFACE('',#11479,9.E-1);
#11481=ORIENTED_EDGE('',*,*,#8957,.T.);
#11483=ORIENTED_EDGE('',*,*,#11482,.F.);
#11484=ORIENTED_EDGE('',*,*,#9810,.F.);
#11486=ORIENTED_EDGE('',*,*,#11485,.T.);
#11487=EDGE_LOOP('',(#11481,#11483,#11484,#11486));
#11488=FACE_OUTER_BOUND('',#11487,.F.);
#11490=CARTESIAN_POINT('',(-6.E0,-9.5E0,2.6E1));
#11491=DIRECTION('',(0.E0,1.E0,0.E0));
#11492=DIRECTION('',(0.E0,0.E0,-1.E0));
#11493=AXIS2_PLACEMENT_3D('',#11490,#11491,#11492);
#11494=CYLINDRICAL_SURFACE('',#11493,9.E-1);
#11495=ORIENTED_EDGE('',*,*,#8959,.T.);
#11496=ORIENTED_EDGE('',*,*,#11485,.F.);
#11497=ORIENTED_EDGE('',*,*,#9812,.F.);
#11498=ORIENTED_EDGE('',*,*,#11482,.T.);
#11499=EDGE_LOOP('',(#11495,#11496,#11497,#11498));
#11500=FACE_OUTER_BOUND('',#11499,.F.);
#11502=CARTESIAN_POINT('',(9.E0,-9.5E0,2.6E1));
#11503=DIRECTION('',(0.E0,1.E0,0.E0));
#11504=DIRECTION('',(0.E0,0.E0,-1.E0));
#11505=AXIS2_PLACEMENT_3D('',#11502,#11503,#11504);
#11506=CYLINDRICAL_SURFACE('',#11505,9.E-1);
#11507=ORIENTED_EDGE('',*,*,#8963,.T.);
#11509=ORIENTED_EDGE('',*,*,#11508,.F.);
#11510=ORIENTED_EDGE('',*,*,#9816,.F.);
#11512=ORIENTED_EDGE('',*,*,#11511,.T.);
#11513=EDGE_LOOP('',(#11507,#11509,#11510,#11512));
#11514=FACE_OUTER_BOUND('',#11513,.F.);
#11516=CARTESIAN_POINT('',(9.E0,-9.5E0,2.6E1));
#11517=DIRECTION('',(0.E0,1.E0,0.E0));
#11518=DIRECTION('',(0.E0,0.E0,-1.E0));
#11519=AXIS2_PLACEMENT_3D('',#11516,#11517,#11518);
#11520=CYLINDRICAL_SURFACE('',#11519,9.E-1);
#11521=ORIENTED_EDGE('',*,*,#8965,.T.);
#11522=ORIENTED_EDGE('',*,*,#11511,.F.);
#11523=ORIENTED_EDGE('',*,*,#9818,.F.);
#11524=ORIENTED_EDGE('',*,*,#11508,.T.);
#11525=EDGE_LOOP('',(#11521,#11522,#11523,#11524));
#11526=FACE_OUTER_BOUND('',#11525,.F.);
#11528=CARTESIAN_POINT('',(9.E0,-9.5E0,2.9E1));
#11529=DIRECTION('',(0.E0,1.E0,0.E0));
#11530=DIRECTION('',(0.E0,0.E0,-1.E0));
#11531=AXIS2_PLACEMENT_3D('',#11528,#11529,#11530);
#11532=CYLINDRICAL_SURFACE('',#11531,9.E-1);
#11533=ORIENTED_EDGE('',*,*,#8969,.T.);
#11535=ORIENTED_EDGE('',*,*,#11534,.F.);
#11536=ORIENTED_EDGE('',*,*,#9822,.F.);
#11538=ORIENTED_EDGE('',*,*,#11537,.T.);
#11539=EDGE_LOOP('',(#11533,#11535,#11536,#11538));
#11540=FACE_OUTER_BOUND('',#11539,.F.);
#11542=CARTESIAN_POINT('',(9.E0,-9.5E0,2.9E1));
#11543=DIRECTION('',(0.E0,1.E0,0.E0));
#11544=DIRECTION('',(0.E0,0.E0,-1.E0));
#11545=AXIS2_PLACEMENT_3D('',#11542,#11543,#11544);
#11546=CYLINDRICAL_SURFACE('',#11545,9.E-1);
#11547=ORIENTED_EDGE('',*,*,#8971,.T.);
#11548=ORIENTED_EDGE('',*,*,#11537,.F.);
#11549=ORIENTED_EDGE('',*,*,#9824,.F.);
#11550=ORIENTED_EDGE('',*,*,#11534,.T.);
#11551=EDGE_LOOP('',(#11547,#11548,#11549,#11550));
#11552=FACE_OUTER_BOUND('',#11551,.F.);
#11554=CARTESIAN_POINT('',(9.E0,-9.5E0,3.2E1));
#11555=DIRECTION('',(0.E0,1.E0,0.E0));
#11556=DIRECTION('',(0.E0,0.E0,-1.E0));
#11557=AXIS2_PLACEMENT_3D('',#11554,#11555,#11556);
#11558=CYLINDRICAL_SURFACE('',#11557,9.E-1);
#11559=ORIENTED_EDGE('',*,*,#8975,.T.);
#11561=ORIENTED_EDGE('',*,*,#11560,.F.);
#11562=ORIENTED_EDGE('',*,*,#9828,.F.);
#11564=ORIENTED_EDGE('',*,*,#11563,.T.);
#11565=EDGE_LOOP('',(#11559,#11561,#11562,#11564));
#11566=FACE_OUTER_BOUND('',#11565,.F.);
#11568=CARTESIAN_POINT('',(9.E0,-9.5E0,3.2E1));
#11569=DIRECTION('',(0.E0,1.E0,0.E0));
#11570=DIRECTION('',(0.E0,0.E0,-1.E0));
#11571=AXIS2_PLACEMENT_3D('',#11568,#11569,#11570);
#11572=CYLINDRICAL_SURFACE('',#11571,9.E-1);
#11573=ORIENTED_EDGE('',*,*,#8977,.T.);
#11574=ORIENTED_EDGE('',*,*,#11563,.F.);
#11575=ORIENTED_EDGE('',*,*,#9830,.F.);
#11576=ORIENTED_EDGE('',*,*,#11560,.T.);
#11577=EDGE_LOOP('',(#11573,#11574,#11575,#11576));
#11578=FACE_OUTER_BOUND('',#11577,.F.);
#11580=CARTESIAN_POINT('',(9.E0,-9.5E0,3.5E1));
#11581=DIRECTION('',(0.E0,1.E0,0.E0));
#11582=DIRECTION('',(0.E0,0.E0,-1.E0));
#11583=AXIS2_PLACEMENT_3D('',#11580,#11581,#11582);
#11584=CYLINDRICAL_SURFACE('',#11583,9.E-1);
#11585=ORIENTED_EDGE('',*,*,#8981,.T.);
#11587=ORIENTED_EDGE('',*,*,#11586,.F.);
#11588=ORIENTED_EDGE('',*,*,#9834,.F.);
#11590=ORIENTED_EDGE('',*,*,#11589,.T.);
#11591=EDGE_LOOP('',(#11585,#11587,#11588,#11590));
#11592=FACE_OUTER_BOUND('',#11591,.F.);
#11594=CARTESIAN_POINT('',(9.E0,-9.5E0,3.5E1));
#11595=DIRECTION('',(0.E0,1.E0,0.E0));
#11596=DIRECTION('',(0.E0,0.E0,-1.E0));
#11597=AXIS2_PLACEMENT_3D('',#11594,#11595,#11596);
#11598=CYLINDRICAL_SURFACE('',#11597,9.E-1);
#11599=ORIENTED_EDGE('',*,*,#8983,.T.);
#11600=ORIENTED_EDGE('',*,*,#11589,.F.);
#11601=ORIENTED_EDGE('',*,*,#9836,.F.);
#11602=ORIENTED_EDGE('',*,*,#11586,.T.);
#11603=EDGE_LOOP('',(#11599,#11600,#11601,#11602));
#11604=FACE_OUTER_BOUND('',#11603,.F.);
#11606=CARTESIAN_POINT('',(9.E0,-9.5E0,3.8E1));
#11607=DIRECTION('',(0.E0,1.E0,0.E0));
#11608=DIRECTION('',(0.E0,0.E0,-1.E0));
#11609=AXIS2_PLACEMENT_3D('',#11606,#11607,#11608);
#11610=CYLINDRICAL_SURFACE('',#11609,9.E-1);
#11611=ORIENTED_EDGE('',*,*,#8987,.T.);
#11613=ORIENTED_EDGE('',*,*,#11612,.F.);
#11614=ORIENTED_EDGE('',*,*,#9840,.F.);
#11616=ORIENTED_EDGE('',*,*,#11615,.T.);
#11617=EDGE_LOOP('',(#11611,#11613,#11614,#11616));
#11618=FACE_OUTER_BOUND('',#11617,.F.);
#11620=CARTESIAN_POINT('',(9.E0,-9.5E0,3.8E1));
#11621=DIRECTION('',(0.E0,1.E0,0.E0));
#11622=DIRECTION('',(0.E0,0.E0,-1.E0));
#11623=AXIS2_PLACEMENT_3D('',#11620,#11621,#11622);
#11624=CYLINDRICAL_SURFACE('',#11623,9.E-1);
#11625=ORIENTED_EDGE('',*,*,#8989,.T.);
#11626=ORIENTED_EDGE('',*,*,#11615,.F.);
#11627=ORIENTED_EDGE('',*,*,#9842,.F.);
#11628=ORIENTED_EDGE('',*,*,#11612,.T.);
#11629=EDGE_LOOP('',(#11625,#11626,#11627,#11628));
#11630=FACE_OUTER_BOUND('',#11629,.F.);
#11632=CARTESIAN_POINT('',(-9.E0,-9.5E0,3.8E1));
#11633=DIRECTION('',(0.E0,1.E0,0.E0));
#11634=DIRECTION('',(0.E0,0.E0,-1.E0));
#11635=AXIS2_PLACEMENT_3D('',#11632,#11633,#11634);
#11636=CYLINDRICAL_SURFACE('',#11635,9.E-1);
#11637=ORIENTED_EDGE('',*,*,#8993,.T.);
#11639=ORIENTED_EDGE('',*,*,#11638,.F.);
#11640=ORIENTED_EDGE('',*,*,#9846,.F.);
#11642=ORIENTED_EDGE('',*,*,#11641,.T.);
#11643=EDGE_LOOP('',(#11637,#11639,#11640,#11642));
#11644=FACE_OUTER_BOUND('',#11643,.F.);
#11646=CARTESIAN_POINT('',(-9.E0,-9.5E0,3.8E1));
#11647=DIRECTION('',(0.E0,1.E0,0.E0));
#11648=DIRECTION('',(0.E0,0.E0,-1.E0));
#11649=AXIS2_PLACEMENT_3D('',#11646,#11647,#11648);
#11650=CYLINDRICAL_SURFACE('',#11649,9.E-1);
#11651=ORIENTED_EDGE('',*,*,#8995,.T.);
#11652=ORIENTED_EDGE('',*,*,#11641,.F.);
#11653=ORIENTED_EDGE('',*,*,#9848,.F.);
#11654=ORIENTED_EDGE('',*,*,#11638,.T.);
#11655=EDGE_LOOP('',(#11651,#11652,#11653,#11654));
#11656=FACE_OUTER_BOUND('',#11655,.F.);
#11658=CARTESIAN_POINT('',(-9.E0,-9.5E0,3.5E1));
#11659=DIRECTION('',(0.E0,1.E0,0.E0));
#11660=DIRECTION('',(0.E0,0.E0,-1.E0));
#11661=AXIS2_PLACEMENT_3D('',#11658,#11659,#11660);
#11662=CYLINDRICAL_SURFACE('',#11661,9.E-1);
#11663=ORIENTED_EDGE('',*,*,#8999,.T.);
#11665=ORIENTED_EDGE('',*,*,#11664,.F.);
#11666=ORIENTED_EDGE('',*,*,#9852,.F.);
#11668=ORIENTED_EDGE('',*,*,#11667,.T.);
#11669=EDGE_LOOP('',(#11663,#11665,#11666,#11668));
#11670=FACE_OUTER_BOUND('',#11669,.F.);
#11672=CARTESIAN_POINT('',(-9.E0,-9.5E0,3.5E1));
#11673=DIRECTION('',(0.E0,1.E0,0.E0));
#11674=DIRECTION('',(0.E0,0.E0,-1.E0));
#11675=AXIS2_PLACEMENT_3D('',#11672,#11673,#11674);
#11676=CYLINDRICAL_SURFACE('',#11675,9.E-1);
#11677=ORIENTED_EDGE('',*,*,#9001,.T.);
#11678=ORIENTED_EDGE('',*,*,#11667,.F.);
#11679=ORIENTED_EDGE('',*,*,#9854,.F.);
#11680=ORIENTED_EDGE('',*,*,#11664,.T.);
#11681=EDGE_LOOP('',(#11677,#11678,#11679,#11680));
#11682=FACE_OUTER_BOUND('',#11681,.F.);
#11684=CARTESIAN_POINT('',(-9.E0,-9.5E0,3.2E1));
#11685=DIRECTION('',(0.E0,1.E0,0.E0));
#11686=DIRECTION('',(0.E0,0.E0,-1.E0));
#11687=AXIS2_PLACEMENT_3D('',#11684,#11685,#11686);
#11688=CYLINDRICAL_SURFACE('',#11687,9.E-1);
#11689=ORIENTED_EDGE('',*,*,#9005,.T.);
#11691=ORIENTED_EDGE('',*,*,#11690,.F.);
#11692=ORIENTED_EDGE('',*,*,#9858,.F.);
#11694=ORIENTED_EDGE('',*,*,#11693,.T.);
#11695=EDGE_LOOP('',(#11689,#11691,#11692,#11694));
#11696=FACE_OUTER_BOUND('',#11695,.F.);
#11698=CARTESIAN_POINT('',(-9.E0,-9.5E0,3.2E1));
#11699=DIRECTION('',(0.E0,1.E0,0.E0));
#11700=DIRECTION('',(0.E0,0.E0,-1.E0));
#11701=AXIS2_PLACEMENT_3D('',#11698,#11699,#11700);
#11702=CYLINDRICAL_SURFACE('',#11701,9.E-1);
#11703=ORIENTED_EDGE('',*,*,#9007,.T.);
#11704=ORIENTED_EDGE('',*,*,#11693,.F.);
#11705=ORIENTED_EDGE('',*,*,#9860,.F.);
#11706=ORIENTED_EDGE('',*,*,#11690,.T.);
#11707=EDGE_LOOP('',(#11703,#11704,#11705,#11706));
#11708=FACE_OUTER_BOUND('',#11707,.F.);
#11710=CARTESIAN_POINT('',(-9.E0,-9.5E0,2.9E1));
#11711=DIRECTION('',(0.E0,1.E0,0.E0));
#11712=DIRECTION('',(0.E0,0.E0,-1.E0));
#11713=AXIS2_PLACEMENT_3D('',#11710,#11711,#11712);
#11714=CYLINDRICAL_SURFACE('',#11713,9.E-1);
#11715=ORIENTED_EDGE('',*,*,#9011,.T.);
#11717=ORIENTED_EDGE('',*,*,#11716,.F.);
#11718=ORIENTED_EDGE('',*,*,#9864,.F.);
#11720=ORIENTED_EDGE('',*,*,#11719,.T.);
#11721=EDGE_LOOP('',(#11715,#11717,#11718,#11720));
#11722=FACE_OUTER_BOUND('',#11721,.F.);
#11724=CARTESIAN_POINT('',(-9.E0,-9.5E0,2.9E1));
#11725=DIRECTION('',(0.E0,1.E0,0.E0));
#11726=DIRECTION('',(0.E0,0.E0,-1.E0));
#11727=AXIS2_PLACEMENT_3D('',#11724,#11725,#11726);
#11728=CYLINDRICAL_SURFACE('',#11727,9.E-1);
#11729=ORIENTED_EDGE('',*,*,#9013,.T.);
#11730=ORIENTED_EDGE('',*,*,#11719,.F.);
#11731=ORIENTED_EDGE('',*,*,#9866,.F.);
#11732=ORIENTED_EDGE('',*,*,#11716,.T.);
#11733=EDGE_LOOP('',(#11729,#11730,#11731,#11732));
#11734=FACE_OUTER_BOUND('',#11733,.F.);
#11736=CARTESIAN_POINT('',(-9.E0,-9.5E0,2.6E1));
#11737=DIRECTION('',(0.E0,1.E0,0.E0));
#11738=DIRECTION('',(0.E0,0.E0,-1.E0));
#11739=AXIS2_PLACEMENT_3D('',#11736,#11737,#11738);
#11740=CYLINDRICAL_SURFACE('',#11739,9.E-1);
#11741=ORIENTED_EDGE('',*,*,#9017,.T.);
#11743=ORIENTED_EDGE('',*,*,#11742,.F.);
#11744=ORIENTED_EDGE('',*,*,#9870,.F.);
#11746=ORIENTED_EDGE('',*,*,#11745,.T.);
#11747=EDGE_LOOP('',(#11741,#11743,#11744,#11746));
#11748=FACE_OUTER_BOUND('',#11747,.F.);
#11750=CARTESIAN_POINT('',(-9.E0,-9.5E0,2.6E1));
#11751=DIRECTION('',(0.E0,1.E0,0.E0));
#11752=DIRECTION('',(0.E0,0.E0,-1.E0));
#11753=AXIS2_PLACEMENT_3D('',#11750,#11751,#11752);
#11754=CYLINDRICAL_SURFACE('',#11753,9.E-1);
#11755=ORIENTED_EDGE('',*,*,#9019,.T.);
#11756=ORIENTED_EDGE('',*,*,#11745,.F.);
#11757=ORIENTED_EDGE('',*,*,#9872,.F.);
#11758=ORIENTED_EDGE('',*,*,#11742,.T.);
#11759=EDGE_LOOP('',(#11755,#11756,#11757,#11758));
#11760=FACE_OUTER_BOUND('',#11759,.F.);
#11762=CARTESIAN_POINT('',(1.2E1,-9.5E0,3.2E1));
#11763=DIRECTION('',(0.E0,1.E0,0.E0));
#11764=DIRECTION('',(0.E0,0.E0,-1.E0));
#11765=AXIS2_PLACEMENT_3D('',#11762,#11763,#11764);
#11766=CYLINDRICAL_SURFACE('',#11765,9.E-1);
#11767=ORIENTED_EDGE('',*,*,#9029,.T.);
#11769=ORIENTED_EDGE('',*,*,#11768,.F.);
#11770=ORIENTED_EDGE('',*,*,#9876,.F.);
#11772=ORIENTED_EDGE('',*,*,#11771,.T.);
#11773=EDGE_LOOP('',(#11767,#11769,#11770,#11772));
#11774=FACE_OUTER_BOUND('',#11773,.F.);
#11776=CARTESIAN_POINT('',(1.2E1,-9.5E0,3.2E1));
#11777=DIRECTION('',(0.E0,1.E0,0.E0));
#11778=DIRECTION('',(0.E0,0.E0,-1.E0));
#11779=AXIS2_PLACEMENT_3D('',#11776,#11777,#11778);
#11780=CYLINDRICAL_SURFACE('',#11779,9.E-1);
#11781=ORIENTED_EDGE('',*,*,#9031,.T.);
#11782=ORIENTED_EDGE('',*,*,#11771,.F.);
#11783=ORIENTED_EDGE('',*,*,#9878,.F.);
#11784=ORIENTED_EDGE('',*,*,#11768,.T.);
#11785=EDGE_LOOP('',(#11781,#11782,#11783,#11784));
#11786=FACE_OUTER_BOUND('',#11785,.F.);
#11788=CARTESIAN_POINT('',(-1.2E1,-9.5E0,3.2E1));
#11789=DIRECTION('',(0.E0,1.E0,0.E0));
#11790=DIRECTION('',(0.E0,0.E0,-1.E0));
#11791=AXIS2_PLACEMENT_3D('',#11788,#11789,#11790);
#11792=CYLINDRICAL_SURFACE('',#11791,9.E-1);
#11793=ORIENTED_EDGE('',*,*,#9047,.T.);
#11795=ORIENTED_EDGE('',*,*,#11794,.F.);
#11796=ORIENTED_EDGE('',*,*,#9882,.F.);
#11798=ORIENTED_EDGE('',*,*,#11797,.T.);
#11799=EDGE_LOOP('',(#11793,#11795,#11796,#11798));
#11800=FACE_OUTER_BOUND('',#11799,.F.);
#11802=CARTESIAN_POINT('',(-1.2E1,-9.5E0,3.2E1));
#11803=DIRECTION('',(0.E0,1.E0,0.E0));
#11804=DIRECTION('',(0.E0,0.E0,-1.E0));
#11805=AXIS2_PLACEMENT_3D('',#11802,#11803,#11804);
#11806=CYLINDRICAL_SURFACE('',#11805,9.E-1);
#11807=ORIENTED_EDGE('',*,*,#9049,.T.);
#11808=ORIENTED_EDGE('',*,*,#11797,.F.);
#11809=ORIENTED_EDGE('',*,*,#9884,.F.);
#11810=ORIENTED_EDGE('',*,*,#11794,.T.);
#11811=EDGE_LOOP('',(#11807,#11808,#11809,#11810));
#11812=FACE_OUTER_BOUND('',#11811,.F.);
#11814=CARTESIAN_POINT('',(-2.724961536185E1,-3.E0,4.1E1));
#11815=DIRECTION('',(0.E0,0.E0,-1.E0));
#11816=DIRECTION('',(-1.E0,0.E0,0.E0));
#11817=AXIS2_PLACEMENT_3D('',#11814,#11815,#11816);
#11818=PLANE('',#11817);
#11819=ORIENTED_EDGE('',*,*,#9894,.T.);
#11821=ORIENTED_EDGE('',*,*,#11820,.T.);
#11822=ORIENTED_EDGE('',*,*,#8523,.T.);
#11824=ORIENTED_EDGE('',*,*,#11823,.F.);
#11825=EDGE_LOOP('',(#11819,#11821,#11822,#11824));
#11826=FACE_OUTER_BOUND('',#11825,.F.);
#11828=CARTESIAN_POINT('',(-2.4E1,-9.5E0,4.2E1));
#11829=DIRECTION('',(0.E0,1.E0,0.E0));
#11830=DIRECTION('',(-1.E0,0.E0,0.E0));
#11831=AXIS2_PLACEMENT_3D('',#11828,#11829,#11830);
#11832=CYLINDRICAL_SURFACE('',#11831,3.4E0);
#11833=ORIENTED_EDGE('',*,*,#8525,.F.);
#11834=ORIENTED_EDGE('',*,*,#11820,.F.);
#11835=ORIENTED_EDGE('',*,*,#9930,.F.);
#11837=ORIENTED_EDGE('',*,*,#11836,.T.);
#11838=ORIENTED_EDGE('',*,*,#9539,.T.);
#11840=ORIENTED_EDGE('',*,*,#11839,.F.);
#11841=EDGE_LOOP('',(#11833,#11834,#11835,#11837,#11838,#11840));
#11842=FACE_OUTER_BOUND('',#11841,.F.);
#11844=CARTESIAN_POINT('',(-2.4E1,-9.5E0,4.2E1));
#11845=DIRECTION('',(0.E0,1.E0,0.E0));
#11846=DIRECTION('',(-1.E0,0.E0,0.E0));
#11847=AXIS2_PLACEMENT_3D('',#11844,#11845,#11846);
#11848=CYLINDRICAL_SURFACE('',#11847,3.4E0);
#11849=ORIENTED_EDGE('',*,*,#8527,.F.);
#11850=ORIENTED_EDGE('',*,*,#11839,.T.);
#11851=ORIENTED_EDGE('',*,*,#9537,.T.);
#11852=ORIENTED_EDGE('',*,*,#11836,.F.);
#11853=ORIENTED_EDGE('',*,*,#9928,.F.);
#11855=ORIENTED_EDGE('',*,*,#11854,.T.);
#11856=ORIENTED_EDGE('',*,*,#8539,.F.);
#11858=ORIENTED_EDGE('',*,*,#11857,.F.);
#11859=ORIENTED_EDGE('',*,*,#9960,.F.);
#11861=ORIENTED_EDGE('',*,*,#11860,.T.);
#11862=EDGE_LOOP('',(#11849,#11850,#11851,#11852,#11853,#11855,#11856,#11858,
#11859,#11861));
#11863=FACE_OUTER_BOUND('',#11862,.F.);
#11865=CARTESIAN_POINT('',(-2.3E1,-3.E0,4.55E1));
#11866=DIRECTION('',(1.E0,0.E0,0.E0));
#11867=DIRECTION('',(0.E0,0.E0,-1.E0));
#11868=AXIS2_PLACEMENT_3D('',#11865,#11866,#11867);
#11869=PLANE('',#11868);
#11870=ORIENTED_EDGE('',*,*,#9926,.F.);
#11872=ORIENTED_EDGE('',*,*,#11871,.T.);
#11873=ORIENTED_EDGE('',*,*,#8541,.T.);
#11874=ORIENTED_EDGE('',*,*,#11854,.F.);
#11875=EDGE_LOOP('',(#11870,#11872,#11873,#11874));
#11876=FACE_OUTER_BOUND('',#11875,.F.);
#11878=CARTESIAN_POINT('',(-2.7E1,0.E0,4.55E1));
#11879=DIRECTION('',(0.E0,0.E0,1.E0));
#11880=DIRECTION('',(1.E0,0.E0,0.E0));
#11881=AXIS2_PLACEMENT_3D('',#11878,#11879,#11880);
#11882=PLANE('',#11881);
#11884=ORIENTED_EDGE('',*,*,#11883,.T.);
#11885=ORIENTED_EDGE('',*,*,#8535,.F.);
#11887=ORIENTED_EDGE('',*,*,#11886,.T.);
#11888=ORIENTED_EDGE('',*,*,#9964,.F.);
#11889=EDGE_LOOP('',(#11884,#11885,#11887,#11888));
#11890=FACE_OUTER_BOUND('',#11889,.F.);
#11892=CARTESIAN_POINT('',(-2.7E1,0.E0,4.55E1));
#11893=DIRECTION('',(0.E0,0.E0,1.E0));
#11894=DIRECTION('',(1.E0,0.E0,0.E0));
#11895=AXIS2_PLACEMENT_3D('',#11892,#11893,#11894);
#11896=PLANE('',#11895);
#11897=ORIENTED_EDGE('',*,*,#11871,.F.);
#11898=ORIENTED_EDGE('',*,*,#9924,.F.);
#11899=ORIENTED_EDGE('',*,*,#9614,.T.);
#11900=ORIENTED_EDGE('',*,*,#8543,.F.);
#11901=EDGE_LOOP('',(#11897,#11898,#11899,#11900));
#11902=FACE_OUTER_BOUND('',#11901,.F.);
#11904=CARTESIAN_POINT('',(-2.7E1,0.E0,4.55E1));
#11905=DIRECTION('',(0.E0,0.E0,1.E0));
#11906=DIRECTION('',(1.E0,0.E0,0.E0));
#11907=AXIS2_PLACEMENT_3D('',#11904,#11905,#11906);
#11908=PLANE('',#11907);
#11910=ORIENTED_EDGE('',*,*,#11909,.F.);
#11911=ORIENTED_EDGE('',*,*,#10004,.F.);
#11913=ORIENTED_EDGE('',*,*,#11912,.F.);
#11914=ORIENTED_EDGE('',*,*,#8551,.F.);
#11915=EDGE_LOOP('',(#11910,#11911,#11913,#11914));
#11916=FACE_OUTER_BOUND('',#11915,.F.);
#11918=CARTESIAN_POINT('',(-2.5E1,-3.E0,4.524961536185E1));
#11919=DIRECTION('',(-1.E0,0.E0,0.E0));
#11920=DIRECTION('',(0.E0,0.E0,1.E0));
#11921=AXIS2_PLACEMENT_3D('',#11918,#11919,#11920);
#11922=PLANE('',#11921);
#11923=ORIENTED_EDGE('',*,*,#9962,.T.);
#11924=ORIENTED_EDGE('',*,*,#11857,.T.);
#11925=ORIENTED_EDGE('',*,*,#8537,.T.);
#11926=ORIENTED_EDGE('',*,*,#11883,.F.);
#11927=EDGE_LOOP('',(#11923,#11924,#11925,#11926));
#11928=FACE_OUTER_BOUND('',#11927,.F.);
#11930=CARTESIAN_POINT('',(-2.7E1,0.E0,4.5E1));
#11931=DIRECTION('',(0.E0,1.E0,0.E0));
#11932=DIRECTION('',(1.E0,0.E0,0.E0));
#11933=AXIS2_PLACEMENT_3D('',#11930,#11931,#11932);
#11934=CYLINDRICAL_SURFACE('',#11933,5.E-1);
#11935=ORIENTED_EDGE('',*,*,#8533,.F.);
#11937=ORIENTED_EDGE('',*,*,#11936,.T.);
#11938=ORIENTED_EDGE('',*,*,#9966,.F.);
#11939=ORIENTED_EDGE('',*,*,#11886,.F.);
#11940=EDGE_LOOP('',(#11935,#11937,#11938,#11939));
#11941=FACE_OUTER_BOUND('',#11940,.F.);
#11943=CARTESIAN_POINT('',(-2.75E1,0.E0,-4.5E1));
#11944=DIRECTION('',(-1.E0,0.E0,0.E0));
#11945=DIRECTION('',(0.E0,0.E0,1.E0));
#11946=AXIS2_PLACEMENT_3D('',#11943,#11944,#11945);
#11947=PLANE('',#11946);
#11948=ORIENTED_EDGE('',*,*,#11823,.T.);
#11949=ORIENTED_EDGE('',*,*,#8521,.F.);
#11951=ORIENTED_EDGE('',*,*,#11950,.F.);
#11952=ORIENTED_EDGE('',*,*,#9896,.F.);
#11953=EDGE_LOOP('',(#11948,#11949,#11951,#11952));
#11954=FACE_OUTER_BOUND('',#11953,.F.);
#11956=CARTESIAN_POINT('',(-2.75E1,0.E0,-4.5E1));
#11957=DIRECTION('',(-1.E0,0.E0,0.E0));
#11958=DIRECTION('',(0.E0,0.E0,1.E0));
#11959=AXIS2_PLACEMENT_3D('',#11956,#11957,#11958);
#11960=PLANE('',#11959);
#11962=ORIENTED_EDGE('',*,*,#11961,.F.);
#11963=ORIENTED_EDGE('',*,*,#9968,.F.);
#11964=ORIENTED_EDGE('',*,*,#11936,.F.);
#11965=ORIENTED_EDGE('',*,*,#8531,.F.);
#11966=EDGE_LOOP('',(#11962,#11963,#11964,#11965));
#11967=FACE_OUTER_BOUND('',#11966,.F.);
#11969=CARTESIAN_POINT('',(-2.75E1,0.E0,-4.5E1));
#11970=DIRECTION('',(-1.E0,0.E0,0.E0));
#11971=DIRECTION('',(0.E0,0.E0,1.E0));
#11972=AXIS2_PLACEMENT_3D('',#11969,#11970,#11971);
#11973=PLANE('',#11972);
#11975=ORIENTED_EDGE('',*,*,#11974,.T.);
#11976=ORIENTED_EDGE('',*,*,#8599,.F.);
#11978=ORIENTED_EDGE('',*,*,#11977,.T.);
#11979=ORIENTED_EDGE('',*,*,#9980,.F.);
#11980=EDGE_LOOP('',(#11975,#11976,#11978,#11979));
#11981=FACE_OUTER_BOUND('',#11980,.F.);
#11983=CARTESIAN_POINT('',(-2.75E1,-3.E0,-4.1E1));
#11984=DIRECTION('',(0.E0,0.E0,1.E0));
#11985=DIRECTION('',(1.E0,0.E0,0.E0));
#11986=AXIS2_PLACEMENT_3D('',#11983,#11984,#11985);
#11987=PLANE('',#11986);
#11988=ORIENTED_EDGE('',*,*,#9898,.F.);
#11989=ORIENTED_EDGE('',*,*,#11950,.T.);
#11990=ORIENTED_EDGE('',*,*,#8607,.T.);
#11992=ORIENTED_EDGE('',*,*,#11991,.F.);
#11993=EDGE_LOOP('',(#11988,#11989,#11990,#11992));
#11994=FACE_OUTER_BOUND('',#11993,.F.);
#11996=CARTESIAN_POINT('',(-2.4E1,-9.5E0,-4.2E1));
#11997=DIRECTION('',(0.E0,1.E0,0.E0));
#11998=DIRECTION('',(-1.E0,0.E0,0.E0));
#11999=AXIS2_PLACEMENT_3D('',#11996,#11997,#11998);
#12000=CYLINDRICAL_SURFACE('',#11999,3.4E0);
#12001=ORIENTED_EDGE('',*,*,#8605,.F.);
#12003=ORIENTED_EDGE('',*,*,#12002,.T.);
#12004=ORIENTED_EDGE('',*,*,#9567,.T.);
#12006=ORIENTED_EDGE('',*,*,#12005,.F.);
#12007=ORIENTED_EDGE('',*,*,#9900,.F.);
#12008=ORIENTED_EDGE('',*,*,#11991,.T.);
#12009=EDGE_LOOP('',(#12001,#12003,#12004,#12006,#12007,#12008));
#12010=FACE_OUTER_BOUND('',#12009,.F.);
#12012=CARTESIAN_POINT('',(-2.4E1,-9.5E0,-4.2E1));
#12013=DIRECTION('',(0.E0,1.E0,0.E0));
#12014=DIRECTION('',(-1.E0,0.E0,0.E0));
#12015=AXIS2_PLACEMENT_3D('',#12012,#12013,#12014);
#12016=CYLINDRICAL_SURFACE('',#12015,3.4E0);
#12017=ORIENTED_EDGE('',*,*,#8591,.F.);
#12019=ORIENTED_EDGE('',*,*,#12018,.F.);
#12020=ORIENTED_EDGE('',*,*,#9902,.F.);
#12021=ORIENTED_EDGE('',*,*,#12005,.T.);
#12022=ORIENTED_EDGE('',*,*,#9569,.T.);
#12023=ORIENTED_EDGE('',*,*,#12002,.F.);
#12024=ORIENTED_EDGE('',*,*,#8603,.F.);
#12026=ORIENTED_EDGE('',*,*,#12025,.F.);
#12027=ORIENTED_EDGE('',*,*,#9988,.F.);
#12029=ORIENTED_EDGE('',*,*,#12028,.T.);
#12030=EDGE_LOOP('',(#12017,#12019,#12020,#12021,#12022,#12023,#12024,#12026,
#12027,#12029));
#12031=FACE_OUTER_BOUND('',#12030,.F.);
#12033=CARTESIAN_POINT('',(-2.3E1,-3.E0,-4.524961536185E1));
#12034=DIRECTION('',(1.E0,0.E0,0.E0));
#12035=DIRECTION('',(0.E0,0.E0,-1.E0));
#12036=AXIS2_PLACEMENT_3D('',#12033,#12034,#12035);
#12037=PLANE('',#12036);
#12038=ORIENTED_EDGE('',*,*,#9904,.T.);
#12039=ORIENTED_EDGE('',*,*,#12018,.T.);
#12040=ORIENTED_EDGE('',*,*,#8589,.T.);
#12042=ORIENTED_EDGE('',*,*,#12041,.F.);
#12043=EDGE_LOOP('',(#12038,#12039,#12040,#12042));
#12044=FACE_OUTER_BOUND('',#12043,.F.);
#12046=CARTESIAN_POINT('',(2.7E1,0.E0,-4.55E1));
#12047=DIRECTION('',(0.E0,0.E0,-1.E0));
#12048=DIRECTION('',(-1.E0,0.E0,0.E0));
#12049=AXIS2_PLACEMENT_3D('',#12046,#12047,#12048);
#12050=PLANE('',#12049);
#12051=ORIENTED_EDGE('',*,*,#12041,.T.);
#12052=ORIENTED_EDGE('',*,*,#8587,.F.);
#12054=ORIENTED_EDGE('',*,*,#12053,.F.);
#12055=ORIENTED_EDGE('',*,*,#9906,.F.);
#12056=EDGE_LOOP('',(#12051,#12052,#12054,#12055));
#12057=FACE_OUTER_BOUND('',#12056,.F.);
#12059=CARTESIAN_POINT('',(2.7E1,0.E0,-4.55E1));
#12060=DIRECTION('',(0.E0,0.E0,-1.E0));
#12061=DIRECTION('',(-1.E0,0.E0,0.E0));
#12062=AXIS2_PLACEMENT_3D('',#12059,#12060,#12061);
#12063=PLANE('',#12062);
#12065=ORIENTED_EDGE('',*,*,#12064,.F.);
#12066=ORIENTED_EDGE('',*,*,#9984,.F.);
#12068=ORIENTED_EDGE('',*,*,#12067,.F.);
#12069=ORIENTED_EDGE('',*,*,#8595,.F.);
#12070=EDGE_LOOP('',(#12065,#12066,#12068,#12069));
#12071=FACE_OUTER_BOUND('',#12070,.F.);
#12073=CARTESIAN_POINT('',(2.7E1,0.E0,-4.55E1));
#12074=DIRECTION('',(0.E0,0.E0,-1.E0));
#12075=DIRECTION('',(-1.E0,0.E0,0.E0));
#12076=AXIS2_PLACEMENT_3D('',#12073,#12074,#12075);
#12077=PLANE('',#12076);
#12079=ORIENTED_EDGE('',*,*,#12078,.T.);
#12080=ORIENTED_EDGE('',*,*,#8579,.F.);
#12082=ORIENTED_EDGE('',*,*,#12081,.T.);
#12083=ORIENTED_EDGE('',*,*,#10023,.F.);
#12084=EDGE_LOOP('',(#12079,#12080,#12082,#12083));
#12085=FACE_OUTER_BOUND('',#12084,.F.);
#12087=CARTESIAN_POINT('',(2.3E1,-3.E0,-4.55E1));
#12088=DIRECTION('',(-1.E0,0.E0,0.E0));
#12089=DIRECTION('',(0.E0,0.E0,1.E0));
#12090=AXIS2_PLACEMENT_3D('',#12087,#12088,#12089);
#12091=PLANE('',#12090);
#12092=ORIENTED_EDGE('',*,*,#9908,.F.);
#12093=ORIENTED_EDGE('',*,*,#12053,.T.);
#12094=ORIENTED_EDGE('',*,*,#8585,.T.);
#12096=ORIENTED_EDGE('',*,*,#12095,.F.);
#12097=EDGE_LOOP('',(#12092,#12093,#12094,#12096));
#12098=FACE_OUTER_BOUND('',#12097,.F.);
#12100=CARTESIAN_POINT('',(2.4E1,-9.5E0,-4.2E1));
#12101=DIRECTION('',(0.E0,1.E0,0.E0));
#12102=DIRECTION('',(-1.E0,0.E0,0.E0));
#12103=AXIS2_PLACEMENT_3D('',#12100,#12101,#12102);
#12104=CYLINDRICAL_SURFACE('',#12103,3.4E0);
#12105=ORIENTED_EDGE('',*,*,#8571,.F.);
#12107=ORIENTED_EDGE('',*,*,#12106,.T.);
#12108=ORIENTED_EDGE('',*,*,#9557,.T.);
#12110=ORIENTED_EDGE('',*,*,#12109,.F.);
#12111=ORIENTED_EDGE('',*,*,#9910,.F.);
#12112=ORIENTED_EDGE('',*,*,#12095,.T.);
#12113=ORIENTED_EDGE('',*,*,#8583,.F.);
#12115=ORIENTED_EDGE('',*,*,#12114,.F.);
#12116=ORIENTED_EDGE('',*,*,#10019,.F.);
#12118=ORIENTED_EDGE('',*,*,#12117,.T.);
#12119=EDGE_LOOP('',(#12105,#12107,#12108,#12110,#12111,#12112,#12113,#12115,
#12116,#12118));
#12120=FACE_OUTER_BOUND('',#12119,.F.);
#12122=CARTESIAN_POINT('',(2.4E1,-9.5E0,-4.2E1));
#12123=DIRECTION('',(0.E0,1.E0,0.E0));
#12124=DIRECTION('',(-1.E0,0.E0,0.E0));
#12125=AXIS2_PLACEMENT_3D('',#12122,#12123,#12124);
#12126=CYLINDRICAL_SURFACE('',#12125,3.4E0);
#12127=ORIENTED_EDGE('',*,*,#8569,.F.);
#12129=ORIENTED_EDGE('',*,*,#12128,.F.);
#12130=ORIENTED_EDGE('',*,*,#9912,.F.);
#12131=ORIENTED_EDGE('',*,*,#12109,.T.);
#12132=ORIENTED_EDGE('',*,*,#9555,.T.);
#12133=ORIENTED_EDGE('',*,*,#12106,.F.);
#12134=EDGE_LOOP('',(#12127,#12129,#12130,#12131,#12132,#12133));
#12135=FACE_OUTER_BOUND('',#12134,.F.);
#12137=CARTESIAN_POINT('',(2.724961536185E1,-3.E0,-4.1E1));
#12138=DIRECTION('',(0.E0,0.E0,1.E0));
#12139=DIRECTION('',(1.E0,0.E0,0.E0));
#12140=AXIS2_PLACEMENT_3D('',#12137,#12138,#12139);
#12141=PLANE('',#12140);
#12142=ORIENTED_EDGE('',*,*,#9914,.T.);
#12143=ORIENTED_EDGE('',*,*,#12128,.T.);
#12144=ORIENTED_EDGE('',*,*,#8567,.T.);
#12146=ORIENTED_EDGE('',*,*,#12145,.F.);
#12147=EDGE_LOOP('',(#12142,#12143,#12144,#12146));
#12148=FACE_OUTER_BOUND('',#12147,.F.);
#12150=CARTESIAN_POINT('',(2.75E1,0.E0,4.5E1));
#12151=DIRECTION('',(1.E0,0.E0,0.E0));
#12152=DIRECTION('',(0.E0,0.E0,-1.E0));
#12153=AXIS2_PLACEMENT_3D('',#12150,#12151,#12152);
#12154=PLANE('',#12153);
#12156=ORIENTED_EDGE('',*,*,#12155,.T.);
#12157=ORIENTED_EDGE('',*,*,#8555,.F.);
#12159=ORIENTED_EDGE('',*,*,#12158,.T.);
#12160=ORIENTED_EDGE('',*,*,#10000,.F.);
#12161=EDGE_LOOP('',(#12156,#12157,#12159,#12160));
#12162=FACE_OUTER_BOUND('',#12161,.F.);
#12164=CARTESIAN_POINT('',(2.75E1,0.E0,4.5E1));
#12165=DIRECTION('',(1.E0,0.E0,0.E0));
#12166=DIRECTION('',(0.E0,0.E0,-1.E0));
#12167=AXIS2_PLACEMENT_3D('',#12164,#12165,#12166);
#12168=PLANE('',#12167);
#12170=ORIENTED_EDGE('',*,*,#12169,.F.);
#12171=ORIENTED_EDGE('',*,*,#9916,.F.);
#12172=ORIENTED_EDGE('',*,*,#12145,.T.);
#12173=ORIENTED_EDGE('',*,*,#8565,.F.);
#12174=EDGE_LOOP('',(#12170,#12171,#12172,#12173));
#12175=FACE_OUTER_BOUND('',#12174,.F.);
#12177=CARTESIAN_POINT('',(2.75E1,0.E0,4.5E1));
#12178=DIRECTION('',(1.E0,0.E0,0.E0));
#12179=DIRECTION('',(0.E0,0.E0,-1.E0));
#12180=AXIS2_PLACEMENT_3D('',#12177,#12178,#12179);
#12181=PLANE('',#12180);
#12183=ORIENTED_EDGE('',*,*,#12182,.F.);
#12184=ORIENTED_EDGE('',*,*,#10027,.F.);
#12186=ORIENTED_EDGE('',*,*,#12185,.F.);
#12187=ORIENTED_EDGE('',*,*,#8575,.F.);
#12188=EDGE_LOOP('',(#12183,#12184,#12186,#12187));
#12189=FACE_OUTER_BOUND('',#12188,.F.);
#12191=CARTESIAN_POINT('',(2.724961536185E1,-3.E0,4.3E1));
#12192=DIRECTION('',(0.E0,0.E0,1.E0));
#12193=DIRECTION('',(1.E0,0.E0,0.E0));
#12194=AXIS2_PLACEMENT_3D('',#12191,#12192,#12193);
#12195=PLANE('',#12194);
#12196=ORIENTED_EDGE('',*,*,#9998,.T.);
#12197=ORIENTED_EDGE('',*,*,#9596,.T.);
#12198=ORIENTED_EDGE('',*,*,#8557,.T.);
#12199=ORIENTED_EDGE('',*,*,#12155,.F.);
#12200=EDGE_LOOP('',(#12196,#12197,#12198,#12199));
#12201=FACE_OUTER_BOUND('',#12200,.F.);
#12203=CARTESIAN_POINT('',(2.7E1,0.E0,4.5E1));
#12204=DIRECTION('',(0.E0,1.E0,0.E0));
#12205=DIRECTION('',(1.E0,0.E0,0.E0));
#12206=AXIS2_PLACEMENT_3D('',#12203,#12204,#12205);
#12207=CYLINDRICAL_SURFACE('',#12206,5.E-1);
#12208=ORIENTED_EDGE('',*,*,#8553,.F.);
#12209=ORIENTED_EDGE('',*,*,#11912,.T.);
#12210=ORIENTED_EDGE('',*,*,#10002,.F.);
#12211=ORIENTED_EDGE('',*,*,#12158,.F.);
#12212=EDGE_LOOP('',(#12208,#12209,#12210,#12211));
#12213=FACE_OUTER_BOUND('',#12212,.F.);
#12215=CARTESIAN_POINT('',(2.75E1,-3.E0,4.1E1));
#12216=DIRECTION('',(0.E0,0.E0,-1.E0));
#12217=DIRECTION('',(-1.E0,0.E0,0.E0));
#12218=AXIS2_PLACEMENT_3D('',#12215,#12216,#12217);
#12219=PLANE('',#12218);
#12220=ORIENTED_EDGE('',*,*,#9918,.F.);
#12221=ORIENTED_EDGE('',*,*,#12169,.T.);
#12222=ORIENTED_EDGE('',*,*,#8563,.T.);
#12224=ORIENTED_EDGE('',*,*,#12223,.F.);
#12225=EDGE_LOOP('',(#12220,#12221,#12222,#12224));
#12226=FACE_OUTER_BOUND('',#12225,.F.);
#12228=CARTESIAN_POINT('',(2.4E1,-9.5E0,4.2E1));
#12229=DIRECTION('',(0.E0,1.E0,0.E0));
#12230=DIRECTION('',(-1.E0,0.E0,0.E0));
#12231=AXIS2_PLACEMENT_3D('',#12228,#12229,#12230);
#12232=CYLINDRICAL_SURFACE('',#12231,3.4E0);
#12233=ORIENTED_EDGE('',*,*,#8561,.F.);
#12234=ORIENTED_EDGE('',*,*,#9593,.T.);
#12235=ORIENTED_EDGE('',*,*,#9523,.T.);
#12236=ORIENTED_EDGE('',*,*,#9590,.F.);
#12237=ORIENTED_EDGE('',*,*,#9920,.F.);
#12238=ORIENTED_EDGE('',*,*,#12223,.T.);
#12239=EDGE_LOOP('',(#12233,#12234,#12235,#12236,#12237,#12238));
#12240=FACE_OUTER_BOUND('',#12239,.F.);
#12242=CARTESIAN_POINT('',(2.75E1,-3.E0,-4.3E1));
#12243=DIRECTION('',(0.E0,0.E0,-1.E0));
#12244=DIRECTION('',(-1.E0,0.E0,0.E0));
#12245=AXIS2_PLACEMENT_3D('',#12242,#12243,#12244);
#12246=PLANE('',#12245);
#12247=ORIENTED_EDGE('',*,*,#10017,.F.);
#12248=ORIENTED_EDGE('',*,*,#12182,.T.);
#12249=ORIENTED_EDGE('',*,*,#8573,.T.);
#12250=ORIENTED_EDGE('',*,*,#12117,.F.);
#12251=EDGE_LOOP('',(#12247,#12248,#12249,#12250));
#12252=FACE_OUTER_BOUND('',#12251,.F.);
#12254=CARTESIAN_POINT('',(2.7E1,0.E0,-4.5E1));
#12255=DIRECTION('',(0.E0,1.E0,0.E0));
#12256=DIRECTION('',(1.E0,0.E0,0.E0));
#12257=AXIS2_PLACEMENT_3D('',#12254,#12255,#12256);
#12258=CYLINDRICAL_SURFACE('',#12257,5.E-1);
#12259=ORIENTED_EDGE('',*,*,#8577,.F.);
#12260=ORIENTED_EDGE('',*,*,#12185,.T.);
#12261=ORIENTED_EDGE('',*,*,#10025,.F.);
#12262=ORIENTED_EDGE('',*,*,#12081,.F.);
#12263=EDGE_LOOP('',(#12259,#12260,#12261,#12262));
#12264=FACE_OUTER_BOUND('',#12263,.F.);
#12266=CARTESIAN_POINT('',(2.5E1,-3.E0,-4.524961536185E1));
#12267=DIRECTION('',(1.E0,0.E0,0.E0));
#12268=DIRECTION('',(0.E0,0.E0,-1.E0));
#12269=AXIS2_PLACEMENT_3D('',#12266,#12267,#12268);
#12270=PLANE('',#12269);
#12271=ORIENTED_EDGE('',*,*,#10021,.T.);
#12272=ORIENTED_EDGE('',*,*,#12114,.T.);
#12273=ORIENTED_EDGE('',*,*,#8581,.T.);
#12274=ORIENTED_EDGE('',*,*,#12078,.F.);
#12275=EDGE_LOOP('',(#12271,#12272,#12273,#12274));
#12276=FACE_OUTER_BOUND('',#12275,.F.);
#12278=CARTESIAN_POINT('',(-2.5E1,-3.E0,-4.55E1));
#12279=DIRECTION('',(-1.E0,0.E0,0.E0));
#12280=DIRECTION('',(0.E0,0.E0,1.E0));
#12281=AXIS2_PLACEMENT_3D('',#12278,#12279,#12280);
#12282=PLANE('',#12281);
#12283=ORIENTED_EDGE('',*,*,#9986,.F.);
#12284=ORIENTED_EDGE('',*,*,#12064,.T.);
#12285=ORIENTED_EDGE('',*,*,#8593,.T.);
#12286=ORIENTED_EDGE('',*,*,#12028,.F.);
#12287=EDGE_LOOP('',(#12283,#12284,#12285,#12286));
#12288=FACE_OUTER_BOUND('',#12287,.F.);
#12290=CARTESIAN_POINT('',(-2.7E1,0.E0,-4.5E1));
#12291=DIRECTION('',(0.E0,1.E0,0.E0));
#12292=DIRECTION('',(1.E0,0.E0,0.E0));
#12293=AXIS2_PLACEMENT_3D('',#12290,#12291,#12292);
#12294=CYLINDRICAL_SURFACE('',#12293,5.E-1);
#12295=ORIENTED_EDGE('',*,*,#8597,.F.);
#12296=ORIENTED_EDGE('',*,*,#12067,.T.);
#12297=ORIENTED_EDGE('',*,*,#9982,.F.);
#12298=ORIENTED_EDGE('',*,*,#11977,.F.);
#12299=EDGE_LOOP('',(#12295,#12296,#12297,#12298));
#12300=FACE_OUTER_BOUND('',#12299,.F.);
#12302=CARTESIAN_POINT('',(-2.724961536185E1,-3.E0,-4.3E1));
#12303=DIRECTION('',(0.E0,0.E0,-1.E0));
#12304=DIRECTION('',(-1.E0,0.E0,0.E0));
#12305=AXIS2_PLACEMENT_3D('',#12302,#12303,#12304);
#12306=PLANE('',#12305);
#12307=ORIENTED_EDGE('',*,*,#9978,.T.);
#12308=ORIENTED_EDGE('',*,*,#12025,.T.);
#12309=ORIENTED_EDGE('',*,*,#8601,.T.);
#12310=ORIENTED_EDGE('',*,*,#11974,.F.);
#12311=EDGE_LOOP('',(#12307,#12308,#12309,#12310));
#12312=FACE_OUTER_BOUND('',#12311,.F.);
#12314=CARTESIAN_POINT('',(-2.75E1,-3.E0,4.3E1));
#12315=DIRECTION('',(0.E0,0.E0,1.E0));
#12316=DIRECTION('',(1.E0,0.E0,0.E0));
#12317=AXIS2_PLACEMENT_3D('',#12314,#12315,#12316);
#12318=PLANE('',#12317);
#12319=ORIENTED_EDGE('',*,*,#9958,.F.);
#12320=ORIENTED_EDGE('',*,*,#11961,.T.);
#12321=ORIENTED_EDGE('',*,*,#8529,.T.);
#12322=ORIENTED_EDGE('',*,*,#11860,.F.);
#12323=EDGE_LOOP('',(#12319,#12320,#12321,#12322));
#12324=FACE_OUTER_BOUND('',#12323,.F.);
#12326=CARTESIAN_POINT('',(2.5E1,-3.E0,4.55E1));
#12327=DIRECTION('',(1.E0,0.E0,0.E0));
#12328=DIRECTION('',(0.E0,0.E0,-1.E0));
#12329=AXIS2_PLACEMENT_3D('',#12326,#12327,#12328);
#12330=PLANE('',#12329);
#12331=ORIENTED_EDGE('',*,*,#10006,.F.);
#12332=ORIENTED_EDGE('',*,*,#11909,.T.);
#12333=ORIENTED_EDGE('',*,*,#8549,.T.);
#12334=ORIENTED_EDGE('',*,*,#9600,.F.);
#12335=EDGE_LOOP('',(#12331,#12332,#12333,#12334));
#12336=FACE_OUTER_BOUND('',#12335,.F.);
#12338=CARTESIAN_POINT('',(-2.4E1,-9.5E0,4.2E1));
#12339=DIRECTION('',(0.E0,1.E0,0.E0));
#12340=DIRECTION('',(-1.E0,0.E0,0.E0));
#12341=AXIS2_PLACEMENT_3D('',#12338,#12339,#12340);
#12342=CYLINDRICAL_SURFACE('',#12341,1.6E0);
#12343=ORIENTED_EDGE('',*,*,#9411,.T.);
#12345=ORIENTED_EDGE('',*,*,#12344,.T.);
#12346=ORIENTED_EDGE('',*,*,#9543,.T.);
#12348=ORIENTED_EDGE('',*,*,#12347,.F.);
#12349=EDGE_LOOP('',(#12343,#12345,#12346,#12348));
#12350=FACE_OUTER_BOUND('',#12349,.F.);
#12352=CARTESIAN_POINT('',(-2.4E1,-9.5E0,4.2E1));
#12353=DIRECTION('',(0.E0,1.E0,0.E0));
#12354=DIRECTION('',(-1.E0,0.E0,0.E0));
#12355=AXIS2_PLACEMENT_3D('',#12352,#12353,#12354);
#12356=CYLINDRICAL_SURFACE('',#12355,1.6E0);
#12357=ORIENTED_EDGE('',*,*,#9413,.T.);
#12358=ORIENTED_EDGE('',*,*,#12347,.T.);
#12359=ORIENTED_EDGE('',*,*,#9545,.T.);
#12360=ORIENTED_EDGE('',*,*,#12344,.F.);
#12361=EDGE_LOOP('',(#12357,#12358,#12359,#12360));
#12362=FACE_OUTER_BOUND('',#12361,.F.);
#12364=CARTESIAN_POINT('',(-2.4E1,-9.5E0,-4.2E1));
#12365=DIRECTION('',(0.E0,1.E0,0.E0));
#12366=DIRECTION('',(-1.E0,0.E0,0.E0));
#12367=AXIS2_PLACEMENT_3D('',#12364,#12365,#12366);
#12368=CYLINDRICAL_SURFACE('',#12367,1.6E0);
#12369=ORIENTED_EDGE('',*,*,#9429,.T.);
#12371=ORIENTED_EDGE('',*,*,#12370,.T.);
#12372=ORIENTED_EDGE('',*,*,#9573,.T.);
#12374=ORIENTED_EDGE('',*,*,#12373,.F.);
#12375=EDGE_LOOP('',(#12369,#12371,#12372,#12374));
#12376=FACE_OUTER_BOUND('',#12375,.F.);
#12378=CARTESIAN_POINT('',(-2.4E1,-9.5E0,-4.2E1));
#12379=DIRECTION('',(0.E0,1.E0,0.E0));
#12380=DIRECTION('',(-1.E0,0.E0,0.E0));
#12381=AXIS2_PLACEMENT_3D('',#12378,#12379,#12380);
#12382=CYLINDRICAL_SURFACE('',#12381,1.6E0);
#12383=ORIENTED_EDGE('',*,*,#9431,.T.);
#12384=ORIENTED_EDGE('',*,*,#12373,.T.);
#12385=ORIENTED_EDGE('',*,*,#9575,.T.);
#12386=ORIENTED_EDGE('',*,*,#12370,.F.);
#12387=EDGE_LOOP('',(#12383,#12384,#12385,#12386));
#12388=FACE_OUTER_BOUND('',#12387,.F.);
#12390=CARTESIAN_POINT('',(-1.545584787045E0,-1.15E1,1.635783625741E1));
#12391=DIRECTION('',(-1.045346185607E-1,0.E0,-9.945212484016E-1));
#12392=DIRECTION('',(9.945212484016E-1,0.E0,-1.045346185607E-1));
#12393=AXIS2_PLACEMENT_3D('',#12390,#12391,#12392);
#12394=PLANE('',#12393);
#12395=ORIENTED_EDGE('',*,*,#9059,.F.);
#12397=ORIENTED_EDGE('',*,*,#12396,.T.);
#12399=ORIENTED_EDGE('',*,*,#12398,.T.);
#12401=ORIENTED_EDGE('',*,*,#12400,.F.);
#12402=EDGE_LOOP('',(#12395,#12397,#12399,#12401));
#12403=FACE_OUTER_BOUND('',#12402,.F.);
#12405=CARTESIAN_POINT('',(-1.545584787045E0,-1.15E1,1.388932321338E1));
#12406=DIRECTION('',(1.E0,0.E0,0.E0));
#12407=DIRECTION('',(0.E0,0.E0,1.E0));
#12408=AXIS2_PLACEMENT_3D('',#12405,#12406,#12407);
#12409=PLANE('',#12408);
#12410=ORIENTED_EDGE('',*,*,#9069,.F.);
#12412=ORIENTED_EDGE('',*,*,#12411,.T.);
#12414=ORIENTED_EDGE('',*,*,#12413,.T.);
#12415=ORIENTED_EDGE('',*,*,#12396,.F.);
#12416=EDGE_LOOP('',(#12410,#12412,#12414,#12415));
#12417=FACE_OUTER_BOUND('',#12416,.F.);
#12419=CARTESIAN_POINT('',(-2.920699812074E0,-1.15E1,1.403385362654E1));
#12420=DIRECTION('',(-1.045284633098E-1,0.E0,-9.945218953638E-1));
#12421=DIRECTION('',(9.945218953638E-1,0.E0,-1.045284633098E-1));
#12422=AXIS2_PLACEMENT_3D('',#12419,#12420,#12421);
#12423=PLANE('',#12422);
#12424=ORIENTED_EDGE('',*,*,#9067,.F.);
#12426=ORIENTED_EDGE('',*,*,#12425,.T.);
#12428=ORIENTED_EDGE('',*,*,#12427,.T.);
#12429=ORIENTED_EDGE('',*,*,#12411,.F.);
#12430=EDGE_LOOP('',(#12424,#12426,#12428,#12429));
#12431=FACE_OUTER_BOUND('',#12430,.F.);
#12433=CARTESIAN_POINT('',(-2.920699812074E0,-1.15E1,1.800156936994E1));
#12434=DIRECTION('',(-1.E0,0.E0,0.E0));
#12435=DIRECTION('',(0.E0,0.E0,-1.E0));
#12436=AXIS2_PLACEMENT_3D('',#12433,#12434,#12435);
#12437=PLANE('',#12436);
#12438=ORIENTED_EDGE('',*,*,#9065,.F.);
#12440=ORIENTED_EDGE('',*,*,#12439,.T.);
#12442=ORIENTED_EDGE('',*,*,#12441,.T.);
#12443=ORIENTED_EDGE('',*,*,#12425,.F.);
#12444=EDGE_LOOP('',(#12438,#12440,#12442,#12443));
#12445=FACE_OUTER_BOUND('',#12444,.F.);
#12447=CARTESIAN_POINT('',(5.450850813908E0,-1.15E1,1.712168419199E1));
#12448=DIRECTION('',(1.045284340597E-1,0.E0,9.945218984381E-1));
#12449=DIRECTION('',(-9.945218984381E-1,0.E0,1.045284340597E-1));
#12450=AXIS2_PLACEMENT_3D('',#12447,#12448,#12449);
#12451=PLANE('',#12450);
#12452=ORIENTED_EDGE('',*,*,#9063,.F.);
#12454=ORIENTED_EDGE('',*,*,#12453,.T.);
#12456=ORIENTED_EDGE('',*,*,#12455,.T.);
#12457=ORIENTED_EDGE('',*,*,#12439,.F.);
#12458=EDGE_LOOP('',(#12452,#12454,#12456,#12457));
#12459=FACE_OUTER_BOUND('',#12458,.F.);
#12461=CARTESIAN_POINT('',(5.450850813908E0,-1.15E1,1.562243746327E1));
#12462=DIRECTION('',(1.E0,0.E0,0.E0));
#12463=DIRECTION('',(0.E0,0.E0,1.E0));
#12464=AXIS2_PLACEMENT_3D('',#12461,#12462,#12463);
#12465=PLANE('',#12464);
#12466=ORIENTED_EDGE('',*,*,#9061,.F.);
#12467=ORIENTED_EDGE('',*,*,#12400,.T.);
#12469=ORIENTED_EDGE('',*,*,#12468,.T.);
#12470=ORIENTED_EDGE('',*,*,#12453,.F.);
#12471=EDGE_LOOP('',(#12466,#12467,#12469,#12470));
#12472=FACE_OUTER_BOUND('',#12471,.F.);
#12474=CARTESIAN_POINT('',(0.E0,-1.115E1,0.E0));
#12475=DIRECTION('',(0.E0,-1.E0,0.E0));
#12476=DIRECTION('',(0.E0,0.E0,-1.E0));
#12477=AXIS2_PLACEMENT_3D('',#12474,#12475,#12476);
#12478=PLANE('',#12477);
#12479=ORIENTED_EDGE('',*,*,#12398,.F.);
#12480=ORIENTED_EDGE('',*,*,#12413,.F.);
#12481=ORIENTED_EDGE('',*,*,#12427,.F.);
#12482=ORIENTED_EDGE('',*,*,#12441,.F.);
#12483=ORIENTED_EDGE('',*,*,#12455,.F.);
#12484=ORIENTED_EDGE('',*,*,#12468,.F.);
#12485=EDGE_LOOP('',(#12479,#12480,#12481,#12482,#12483,#12484));
#12486=FACE_OUTER_BOUND('',#12485,.F.);
#12488=FILL_AREA_STYLE_COLOUR('',#6);
#12489=FILL_AREA_STYLE('',(#12488));
#12490=SURFACE_STYLE_FILL_AREA(#12489);
#12491=SURFACE_SIDE_STYLE('',(#12490));
#12492=SURFACE_STYLE_USAGE(.POSITIVE.,#12491);
#12493=FILL_AREA_STYLE_COLOUR('',#5);
#12494=FILL_AREA_STYLE('',(#12493));
#12495=SURFACE_STYLE_FILL_AREA(#12494);
#12496=SURFACE_SIDE_STYLE('',(#12495));
#12497=SURFACE_STYLE_USAGE(.NEGATIVE.,#12496);
#12498=PRESENTATION_STYLE_ASSIGNMENT((#12492,#12497));
#12499=OVER_RIDING_STYLED_ITEM('',(#12498),#12487,#15);
#12500=CARTESIAN_POINT('',(0.E0,-1.115E1,0.E0));
#12501=DIRECTION('',(0.E0,-1.E0,0.E0));
#12502=DIRECTION('',(0.E0,0.E0,-1.E0));
#12503=AXIS2_PLACEMENT_3D('',#12500,#12501,#12502);
#12504=PLANE('',#12503);
#12506=ORIENTED_EDGE('',*,*,#12505,.F.);
#12508=ORIENTED_EDGE('',*,*,#12507,.F.);
#12510=ORIENTED_EDGE('',*,*,#12509,.F.);
#12512=ORIENTED_EDGE('',*,*,#12511,.F.);
#12514=ORIENTED_EDGE('',*,*,#12513,.F.);
#12516=ORIENTED_EDGE('',*,*,#12515,.F.);
#12517=EDGE_LOOP('',(#12506,#12508,#12510,#12512,#12514,#12516));
#12518=FACE_OUTER_BOUND('',#12517,.F.);
#12520=FILL_AREA_STYLE_COLOUR('',#6);
#12521=FILL_AREA_STYLE('',(#12520));
#12522=SURFACE_STYLE_FILL_AREA(#12521);
#12523=SURFACE_SIDE_STYLE('',(#12522));
#12524=SURFACE_STYLE_USAGE(.POSITIVE.,#12523);
#12525=FILL_AREA_STYLE_COLOUR('',#5);
#12526=FILL_AREA_STYLE('',(#12525));
#12527=SURFACE_STYLE_FILL_AREA(#12526);
#12528=SURFACE_SIDE_STYLE('',(#12527));
#12529=SURFACE_STYLE_USAGE(.NEGATIVE.,#12528);
#12530=PRESENTATION_STYLE_ASSIGNMENT((#12524,#12529));
#12531=OVER_RIDING_STYLED_ITEM('',(#12530),#12519,#15);
#12532=CARTESIAN_POINT('',(0.E0,-1.115E1,0.E0));
#12533=DIRECTION('',(0.E0,-1.E0,0.E0));
#12534=DIRECTION('',(0.E0,0.E0,-1.E0));
#12535=AXIS2_PLACEMENT_3D('',#12532,#12533,#12534);
#12536=PLANE('',#12535);
#12538=ORIENTED_EDGE('',*,*,#12537,.F.);
#12540=ORIENTED_EDGE('',*,*,#12539,.F.);
#12542=ORIENTED_EDGE('',*,*,#12541,.F.);
#12544=ORIENTED_EDGE('',*,*,#12543,.F.);
#12546=ORIENTED_EDGE('',*,*,#12545,.F.);
#12547=EDGE_LOOP('',(#12538,#12540,#12542,#12544,#12546));
#12548=FACE_OUTER_BOUND('',#12547,.F.);
#12550=ORIENTED_EDGE('',*,*,#12549,.F.);
#12552=ORIENTED_EDGE('',*,*,#12551,.F.);
#12554=ORIENTED_EDGE('',*,*,#12553,.F.);
#12555=EDGE_LOOP('',(#12550,#12552,#12554));
#12556=FACE_BOUND('',#12555,.F.);
#12558=FILL_AREA_STYLE_COLOUR('',#6);
#12559=FILL_AREA_STYLE('',(#12558));
#12560=SURFACE_STYLE_FILL_AREA(#12559);
#12561=SURFACE_SIDE_STYLE('',(#12560));
#12562=SURFACE_STYLE_USAGE(.POSITIVE.,#12561);
#12563=FILL_AREA_STYLE_COLOUR('',#5);
#12564=FILL_AREA_STYLE('',(#12563));
#12565=SURFACE_STYLE_FILL_AREA(#12564);
#12566=SURFACE_SIDE_STYLE('',(#12565));
#12567=SURFACE_STYLE_USAGE(.NEGATIVE.,#12566);
#12568=PRESENTATION_STYLE_ASSIGNMENT((#12562,#12567));
#12569=OVER_RIDING_STYLED_ITEM('',(#12568),#12557,#15);
#12570=CARTESIAN_POINT('',(0.E0,-1.115E1,0.E0));
#12571=DIRECTION('',(0.E0,-1.E0,0.E0));
#12572=DIRECTION('',(0.E0,0.E0,-1.E0));
#12573=AXIS2_PLACEMENT_3D('',#12570,#12571,#12572);
#12574=PLANE('',#12573);
#12576=ORIENTED_EDGE('',*,*,#12575,.F.);
#12578=ORIENTED_EDGE('',*,*,#12577,.F.);
#12580=ORIENTED_EDGE('',*,*,#12579,.F.);
#12582=ORIENTED_EDGE('',*,*,#12581,.F.);
#12583=EDGE_LOOP('',(#12576,#12578,#12580,#12582));
#12584=FACE_OUTER_BOUND('',#12583,.F.);
#12586=FILL_AREA_STYLE_COLOUR('',#6);
#12587=FILL_AREA_STYLE('',(#12586));
#12588=SURFACE_STYLE_FILL_AREA(#12587);
#12589=SURFACE_SIDE_STYLE('',(#12588));
#12590=SURFACE_STYLE_USAGE(.POSITIVE.,#12589);
#12591=FILL_AREA_STYLE_COLOUR('',#5);
#12592=FILL_AREA_STYLE('',(#12591));
#12593=SURFACE_STYLE_FILL_AREA(#12592);
#12594=SURFACE_SIDE_STYLE('',(#12593));
#12595=SURFACE_STYLE_USAGE(.NEGATIVE.,#12594);
#12596=PRESENTATION_STYLE_ASSIGNMENT((#12590,#12595));
#12597=OVER_RIDING_STYLED_ITEM('',(#12596),#12585,#15);
#12598=CARTESIAN_POINT('',(0.E0,-1.115E1,0.E0));
#12599=DIRECTION('',(0.E0,-1.E0,0.E0));
#12600=DIRECTION('',(0.E0,0.E0,-1.E0));
#12601=AXIS2_PLACEMENT_3D('',#12598,#12599,#12600);
#12602=PLANE('',#12601);
#12604=ORIENTED_EDGE('',*,*,#12603,.F.);
#12606=ORIENTED_EDGE('',*,*,#12605,.F.);
#12608=ORIENTED_EDGE('',*,*,#12607,.F.);
#12610=ORIENTED_EDGE('',*,*,#12609,.F.);
#12612=ORIENTED_EDGE('',*,*,#12611,.F.);
#12614=ORIENTED_EDGE('',*,*,#12613,.F.);
#12615=EDGE_LOOP('',(#12604,#12606,#12608,#12610,#12612,#12614));
#12616=FACE_OUTER_BOUND('',#12615,.F.);
#12618=FILL_AREA_STYLE_COLOUR('',#6);
#12619=FILL_AREA_STYLE('',(#12618));
#12620=SURFACE_STYLE_FILL_AREA(#12619);
#12621=SURFACE_SIDE_STYLE('',(#12620));
#12622=SURFACE_STYLE_USAGE(.POSITIVE.,#12621);
#12623=FILL_AREA_STYLE_COLOUR('',#5);
#12624=FILL_AREA_STYLE('',(#12623));
#12625=SURFACE_STYLE_FILL_AREA(#12624);
#12626=SURFACE_SIDE_STYLE('',(#12625));
#12627=SURFACE_STYLE_USAGE(.NEGATIVE.,#12626);
#12628=PRESENTATION_STYLE_ASSIGNMENT((#12622,#12627));
#12629=OVER_RIDING_STYLED_ITEM('',(#12628),#12617,#15);
#12630=CARTESIAN_POINT('',(0.E0,-1.115E1,0.E0));
#12631=DIRECTION('',(0.E0,-1.E0,0.E0));
#12632=DIRECTION('',(0.E0,0.E0,-1.E0));
#12633=AXIS2_PLACEMENT_3D('',#12630,#12631,#12632);
#12634=PLANE('',#12633);
#12636=ORIENTED_EDGE('',*,*,#12635,.F.);
#12638=ORIENTED_EDGE('',*,*,#12637,.F.);
#12640=ORIENTED_EDGE('',*,*,#12639,.F.);
#12642=ORIENTED_EDGE('',*,*,#12641,.F.);
#12644=ORIENTED_EDGE('',*,*,#12643,.F.);
#12646=ORIENTED_EDGE('',*,*,#12645,.F.);
#12648=ORIENTED_EDGE('',*,*,#12647,.F.);
#12650=ORIENTED_EDGE('',*,*,#12649,.F.);
#12651=EDGE_LOOP('',(#12636,#12638,#12640,#12642,#12644,#12646,#12648,#12650));
#12652=FACE_OUTER_BOUND('',#12651,.F.);
#12654=ORIENTED_EDGE('',*,*,#12653,.F.);
#12656=ORIENTED_EDGE('',*,*,#12655,.F.);
#12657=EDGE_LOOP('',(#12654,#12656));
#12658=FACE_BOUND('',#12657,.F.);
#12660=FILL_AREA_STYLE_COLOUR('',#6);
#12661=FILL_AREA_STYLE('',(#12660));
#12662=SURFACE_STYLE_FILL_AREA(#12661);
#12663=SURFACE_SIDE_STYLE('',(#12662));
#12664=SURFACE_STYLE_USAGE(.POSITIVE.,#12663);
#12665=FILL_AREA_STYLE_COLOUR('',#5);
#12666=FILL_AREA_STYLE('',(#12665));
#12667=SURFACE_STYLE_FILL_AREA(#12666);
#12668=SURFACE_SIDE_STYLE('',(#12667));
#12669=SURFACE_STYLE_USAGE(.NEGATIVE.,#12668);
#12670=PRESENTATION_STYLE_ASSIGNMENT((#12664,#12669));
#12671=OVER_RIDING_STYLED_ITEM('',(#12670),#12659,#15);
#12672=CARTESIAN_POINT('',(0.E0,-1.115E1,0.E0));
#12673=DIRECTION('',(0.E0,-1.E0,0.E0));
#12674=DIRECTION('',(0.E0,0.E0,-1.E0));
#12675=AXIS2_PLACEMENT_3D('',#12672,#12673,#12674);
#12676=PLANE('',#12675);
#12678=ORIENTED_EDGE('',*,*,#12677,.F.);
#12680=ORIENTED_EDGE('',*,*,#12679,.F.);
#12682=ORIENTED_EDGE('',*,*,#12681,.F.);
#12684=ORIENTED_EDGE('',*,*,#12683,.F.);
#12686=ORIENTED_EDGE('',*,*,#12685,.F.);
#12688=ORIENTED_EDGE('',*,*,#12687,.F.);
#12690=ORIENTED_EDGE('',*,*,#12689,.F.);
#12692=ORIENTED_EDGE('',*,*,#12691,.F.);
#12693=EDGE_LOOP('',(#12678,#12680,#12682,#12684,#12686,#12688,#12690,#12692));
#12694=FACE_OUTER_BOUND('',#12693,.F.);
#12696=ORIENTED_EDGE('',*,*,#12695,.F.);
#12698=ORIENTED_EDGE('',*,*,#12697,.F.);
#12699=EDGE_LOOP('',(#12696,#12698));
#12700=FACE_BOUND('',#12699,.F.);
#12702=FILL_AREA_STYLE_COLOUR('',#6);
#12703=FILL_AREA_STYLE('',(#12702));
#12704=SURFACE_STYLE_FILL_AREA(#12703);
#12705=SURFACE_SIDE_STYLE('',(#12704));
#12706=SURFACE_STYLE_USAGE(.POSITIVE.,#12705);
#12707=FILL_AREA_STYLE_COLOUR('',#5);
#12708=FILL_AREA_STYLE('',(#12707));
#12709=SURFACE_STYLE_FILL_AREA(#12708);
#12710=SURFACE_SIDE_STYLE('',(#12709));
#12711=SURFACE_STYLE_USAGE(.NEGATIVE.,#12710);
#12712=PRESENTATION_STYLE_ASSIGNMENT((#12706,#12711));
#12713=OVER_RIDING_STYLED_ITEM('',(#12712),#12701,#15);
#12714=CARTESIAN_POINT('',(2.134742660034E0,-1.15E1,1.084044176714E1));
#12715=DIRECTION('',(9.999996563861E-1,0.E0,-8.289919881573E-4));
#12716=DIRECTION('',(8.289919881573E-4,0.E0,9.999996563861E-1));
#12717=AXIS2_PLACEMENT_3D('',#12714,#12715,#12716);
#12718=PLANE('',#12717);
#12719=ORIENTED_EDGE('',*,*,#9073,.F.);
#12721=ORIENTED_EDGE('',*,*,#12720,.T.);
#12722=ORIENTED_EDGE('',*,*,#12505,.T.);
#12724=ORIENTED_EDGE('',*,*,#12723,.F.);
#12725=EDGE_LOOP('',(#12719,#12721,#12722,#12724));
#12726=FACE_OUTER_BOUND('',#12725,.F.);
#12728=CARTESIAN_POINT('',(-2.920699812074E0,-1.15E1,1.137208260540E1));
#12729=DIRECTION('',(-1.045853606036E-1,0.E0,-9.945159135717E-1));
#12730=DIRECTION('',(9.945159135717E-1,0.E0,-1.045853606036E-1));
#12731=AXIS2_PLACEMENT_3D('',#12728,#12729,#12730);
#12732=PLANE('',#12731);
#12733=ORIENTED_EDGE('',*,*,#9083,.F.);
#12735=ORIENTED_EDGE('',*,*,#12734,.T.);
#12736=ORIENTED_EDGE('',*,*,#12507,.T.);
#12737=ORIENTED_EDGE('',*,*,#12720,.F.);
#12738=EDGE_LOOP('',(#12733,#12735,#12736,#12737));
#12739=FACE_OUTER_BOUND('',#12738,.F.);
#12741=CARTESIAN_POINT('',(-2.920699812074E0,-1.15E1,1.283250757075E1));
#12742=DIRECTION('',(-1.E0,0.E0,0.E0));
#12743=DIRECTION('',(0.E0,0.E0,-1.E0));
#12744=AXIS2_PLACEMENT_3D('',#12741,#12742,#12743);
#12745=PLANE('',#12744);
#12746=ORIENTED_EDGE('',*,*,#9081,.F.);
#12748=ORIENTED_EDGE('',*,*,#12747,.T.);
#12749=ORIENTED_EDGE('',*,*,#12509,.T.);
#12750=ORIENTED_EDGE('',*,*,#12734,.F.);
#12751=EDGE_LOOP('',(#12746,#12748,#12749,#12750));
#12752=FACE_OUTER_BOUND('',#12751,.F.);
#12754=CARTESIAN_POINT('',(7.624571360020E-1,-1.15E1,1.244556970718E1));
#12755=DIRECTION('',(1.044810500043E-1,0.E0,9.945268775604E-1));
#12756=DIRECTION('',(-9.945268775604E-1,0.E0,1.044810500043E-1));
#12757=AXIS2_PLACEMENT_3D('',#12754,#12755,#12756);
#12758=PLANE('',#12757);
#12759=ORIENTED_EDGE('',*,*,#9079,.F.);
#12761=ORIENTED_EDGE('',*,*,#12760,.T.);
#12762=ORIENTED_EDGE('',*,*,#12511,.T.);
#12763=ORIENTED_EDGE('',*,*,#12747,.F.);
#12764=EDGE_LOOP('',(#12759,#12761,#12762,#12763));
#12765=FACE_OUTER_BOUND('',#12764,.F.);
#12767=CARTESIAN_POINT('',(7.624571360020E-1,-1.15E1,1.434505938822E1));
#12768=DIRECTION('',(-1.E0,0.E0,0.E0));
#12769=DIRECTION('',(0.E0,0.E0,-1.E0));
#12770=AXIS2_PLACEMENT_3D('',#12767,#12768,#12769);
#12771=PLANE('',#12770);
#12772=ORIENTED_EDGE('',*,*,#9077,.F.);
#12774=ORIENTED_EDGE('',*,*,#12773,.T.);
#12775=ORIENTED_EDGE('',*,*,#12513,.T.);
#12776=ORIENTED_EDGE('',*,*,#12760,.F.);
#12777=EDGE_LOOP('',(#12772,#12774,#12775,#12776));
#12778=FACE_OUTER_BOUND('',#12777,.F.);
#12780=CARTESIAN_POINT('',(2.137527248313E0,-1.15E1,1.419944566878E1));
#12781=DIRECTION('',(1.053066863384E-1,0.E0,9.944397929550E-1));
#12782=DIRECTION('',(-9.944397929550E-1,0.E0,1.053066863384E-1));
#12783=AXIS2_PLACEMENT_3D('',#12780,#12781,#12782);
#12784=PLANE('',#12783);
#12785=ORIENTED_EDGE('',*,*,#9075,.F.);
#12786=ORIENTED_EDGE('',*,*,#12723,.T.);
#12787=ORIENTED_EDGE('',*,*,#12515,.T.);
#12788=ORIENTED_EDGE('',*,*,#12773,.F.);
#12789=EDGE_LOOP('',(#12785,#12786,#12787,#12788));
#12790=FACE_OUTER_BOUND('',#12789,.F.);
#12792=CARTESIAN_POINT('',(1.133027932638E-1,-1.15E1,6.132510455904E0));
#12793=CARTESIAN_POINT('',(1.332800684523E-1,-1.15E1,6.134211534557E0));
#12794=CARTESIAN_POINT('',(3.194473014680E-1,-1.15E1,6.153206693037E0));
#12795=CARTESIAN_POINT('',(6.468068560555E-1,-1.15E1,6.241159756453E0));
#12796=CARTESIAN_POINT('',(1.000497337430E0,-1.15E1,6.533214128898E0));
#12797=CARTESIAN_POINT('',(1.189827940296E0,-1.15E1,6.915471054234E0));
#12798=CARTESIAN_POINT('',(1.228085385544E0,-1.15E1,7.212682679012E0));
#12799=CARTESIAN_POINT('',(1.225102725405E0,-1.15E1,7.371649516013E0));
#12800=CARTESIAN_POINT('',(1.224364191565E0,-1.15E1,7.391671074384E0));
#12802=DIRECTION('',(0.E0,-1.E0,0.E0));
#12803=VECTOR('',#12802,1.E0);
#12804=SURFACE_OF_LINEAR_EXTRUSION('',#12801,#12803);
#12805=ORIENTED_EDGE('',*,*,#9165,.T.);
#12807=ORIENTED_EDGE('',*,*,#12806,.T.);
#12808=ORIENTED_EDGE('',*,*,#12549,.T.);
#12810=ORIENTED_EDGE('',*,*,#12809,.F.);
#12811=EDGE_LOOP('',(#12805,#12807,#12808,#12810));
#12812=FACE_OUTER_BOUND('',#12811,.F.);
#12814=CARTESIAN_POINT('',(1.224591399004E0,-1.15E1,7.271265539490E0));
#12815=CARTESIAN_POINT('',(1.225179873075E0,-1.15E1,7.291310028389E0));
#12816=CARTESIAN_POINT('',(1.228014834033E0,-1.15E1,7.481485554790E0));
#12817=CARTESIAN_POINT('',(1.184214013407E0,-1.15E1,7.831821553612E0));
#12818=CARTESIAN_POINT('',(9.724456296269E-1,-1.15E1,8.275743224023E0));
#12819=CARTESIAN_POINT('',(6.253198456556E-1,-1.15E1,8.618946771042E0));
#12820=CARTESIAN_POINT('',(3.126557015807E-1,-1.15E1,8.772194387920E0));
#12821=CARTESIAN_POINT('',(1.352470979692E-1,-1.15E1,8.829509859681E0));
#12822=CARTESIAN_POINT('',(1.161156692559E-1,-1.15E1,8.835371574392E0));
#12824=DIRECTION('',(0.E0,-1.E0,0.E0));
#12825=VECTOR('',#12824,1.E0);
#12826=SURFACE_OF_LINEAR_EXTRUSION('',#12823,#12825);
#12827=ORIENTED_EDGE('',*,*,#9169,.T.);
#12829=ORIENTED_EDGE('',*,*,#12828,.T.);
#12830=ORIENTED_EDGE('',*,*,#12551,.T.);
#12831=ORIENTED_EDGE('',*,*,#12806,.F.);
#12832=EDGE_LOOP('',(#12827,#12829,#12830,#12831));
#12833=FACE_OUTER_BOUND('',#12832,.F.);
#12835=CARTESIAN_POINT('',(1.733054934827E-1,-1.15E1,6.138654303228E0));
#12836=DIRECTION('',(9.999999999999E-1,0.E0,-3.314127461350E-7));
#12837=DIRECTION('',(3.314127461350E-7,0.E0,9.999999999999E-1));
#12838=AXIS2_PLACEMENT_3D('',#12835,#12836,#12837);
#12839=PLANE('',#12838);
#12840=ORIENTED_EDGE('',*,*,#9167,.F.);
#12841=ORIENTED_EDGE('',*,*,#12809,.T.);
#12842=ORIENTED_EDGE('',*,*,#12553,.T.);
#12843=ORIENTED_EDGE('',*,*,#12828,.F.);
#12844=EDGE_LOOP('',(#12840,#12841,#12842,#12843));
#12845=FACE_OUTER_BOUND('',#12844,.F.);
#12847=CARTESIAN_POINT('',(-1.024696230384E0,-1.15E1,4.991183221590E0));
#12848=CARTESIAN_POINT('',(-9.728283258170E-1,-1.15E1,4.975082670446E0));
#12849=CARTESIAN_POINT('',(-8.767713454094E-1,-1.15E1,4.946300395256E0));
#12850=CARTESIAN_POINT('',(-7.352542774997E-1,-1.15E1,4.908494277512E0));
#12851=CARTESIAN_POINT('',(-5.995196831738E-1,-1.15E1,4.877547138137E0));
#12852=CARTESIAN_POINT('',(-4.839944205639E-1,-1.15E1,4.856586463088E0));
#12853=CARTESIAN_POINT('',(-3.891723882353E-1,-1.15E1,4.842980911933E0));
#12854=CARTESIAN_POINT('',(-2.934158620531E-1,-1.15E1,4.831798821524E0));
#12855=CARTESIAN_POINT('',(-1.745626451194E-1,-1.15E1,4.822127797868E0));
#12856=CARTESIAN_POINT('',(1.156219147349E-2,-1.15E1,4.815336142401E0));
#12857=CARTESIAN_POINT('',(3.256263344415E-1,-1.15E1,4.825393049543E0));
#12858=CARTESIAN_POINT('',(7.566909272950E-1,-1.15E1,4.900493081540E0));
#12859=CARTESIAN_POINT('',(1.230931188873E0,-1.15E1,5.087140039864E0));
#12860=CARTESIAN_POINT('',(1.644004744352E0,-1.15E1,5.362973745437E0));
#12861=CARTESIAN_POINT('',(1.984294917813E0,-1.15E1,5.721598429891E0));
#12862=CARTESIAN_POINT('',(2.195373868402E0,-1.15E1,6.080488576316E0));
#12863=CARTESIAN_POINT('',(2.316592516103E0,-1.15E1,6.397026830222E0));
#12864=CARTESIAN_POINT('',(2.383846877645E0,-1.15E1,6.653204233741E0));
#12865=CARTESIAN_POINT('',(2.417746414568E0,-1.15E1,6.877053817239E0));
#12866=CARTESIAN_POINT('',(2.431604266234E0,-1.15E1,7.062694951356E0));
#12867=CARTESIAN_POINT('',(2.435048889280E0,-1.15E1,7.208850864448E0));
#12868=CARTESIAN_POINT('',(2.431576074660E0,-1.15E1,7.358454484362E0));
#12869=CARTESIAN_POINT('',(2.417922245149E0,-1.15E1,7.558523917289E0));
#12870=CARTESIAN_POINT('',(2.384255342714E0,-1.15E1,7.802660263767E0));
#12871=CARTESIAN_POINT('',(2.317882091958E0,-1.15E1,8.086042012124E0));
#12872=CARTESIAN_POINT('',(2.197706101657E0,-1.15E1,8.444566501170E0));
#12873=CARTESIAN_POINT('',(1.989173651251E0,-1.15E1,8.862348382752E0));
#12874=CARTESIAN_POINT('',(1.653823819934E0,-1.15E1,9.303848276545E0));
#12875=CARTESIAN_POINT('',(1.245206167173E0,-1.15E1,9.674675810954E0));
#12876=CARTESIAN_POINT('',(8.529578019119E-1,-1.15E1,9.917403427106E0));
#12877=CARTESIAN_POINT('',(5.144920033127E-1,-1.15E1,1.006800271652E1));
#12878=CARTESIAN_POINT('',(2.474788378913E-1,-1.15E1,1.015896131420E1));
#12879=CARTESIAN_POINT('',(1.684064744466E-2,-1.15E1,1.021492211227E1));
#12880=CARTESIAN_POINT('',(-1.721364959610E-1,-1.15E1,1.024752987885E1));
#12881=CARTESIAN_POINT('',(-3.159965810057E-1,-1.15E1,1.026574457116E1));
#12882=CARTESIAN_POINT('',(-4.598534457948E-1,-1.15E1,1.027752288494E1));
#12883=CARTESIAN_POINT('',(-6.479679546707E-1,-1.15E1,1.028435431683E1));
#12884=CARTESIAN_POINT('',(-8.776550549121E-1,-1.15E1,1.027677985022E1));
#12885=CARTESIAN_POINT('',(-1.144991964167E0,-1.15E1,1.024160936813E1));
#12886=CARTESIAN_POINT('',(-1.481802120234E0,-1.15E1,1.016172572715E1));
#12887=CARTESIAN_POINT('',(-1.875356932768E0,-1.15E1,9.999276431353E0));
#12888=CARTESIAN_POINT('',(-2.288452325506E0,-1.15E1,9.704261291464E0));
#12889=CARTESIAN_POINT('',(-2.626564468892E0,-1.15E1,9.315852188485E0));
#12890=CARTESIAN_POINT('',(-2.832921640578E0,-1.15E1,8.925834794933E0));
#12891=CARTESIAN_POINT('',(-2.951524943930E0,-1.15E1,8.578791969141E0));
#12892=CARTESIAN_POINT('',(-3.017620327217E0,-1.15E1,8.293897864520E0));
#12893=CARTESIAN_POINT('',(-3.050765659083E0,-1.15E1,8.043772162574E0));
#12894=CARTESIAN_POINT('',(-3.064303041571E0,-1.15E1,7.834934735509E0));
#12895=CARTESIAN_POINT('',(-3.067223166762E0,-1.15E1,7.696237676934E0));
#12896=CARTESIAN_POINT('',(-3.065775625676E0,-1.15E1,7.579506792639E0));
#12897=CARTESIAN_POINT('',(-3.061075905682E0,-1.15E1,7.456185075884E0));
#12898=CARTESIAN_POINT('',(-3.049429358049E0,-1.15E1,7.304583413918E0));
#12899=CARTESIAN_POINT('',(-3.026140729710E0,-1.15E1,7.126148775524E0));
#12900=CARTESIAN_POINT('',(-2.983312059374E0,-1.15E1,6.896049089513E0));
#12901=CARTESIAN_POINT('',(-2.907637782153E0,-1.15E1,6.618886413543E0));
#12902=CARTESIAN_POINT('',(-2.781413563121E0,-1.15E1,6.303658000003E0));
#12903=CARTESIAN_POINT('',(-2.621593049270E0,-1.15E1,6.009184283788E0));
#12904=CARTESIAN_POINT('',(-2.365125923646E0,-1.15E1,5.644973835580E0));
#12905=CARTESIAN_POINT('',(-2.087083868673E0,-1.15E1,5.368295386541E0));
#12906=CARTESIAN_POINT('',(-1.866293623324E0,-1.15E1,5.200847227901E0));
#12907=CARTESIAN_POINT('',(-1.822340435959E0,-1.15E1,5.169297988470E0));
#12909=DIRECTION('',(0.E0,-1.E0,0.E0));
#12910=VECTOR('',#12909,1.E0);
#12911=SURFACE_OF_LINEAR_EXTRUSION('',#12908,#12910);
#12912=ORIENTED_EDGE('',*,*,#9087,.F.);
#12914=ORIENTED_EDGE('',*,*,#12913,.T.);
#12915=ORIENTED_EDGE('',*,*,#12537,.T.);
#12917=ORIENTED_EDGE('',*,*,#12916,.F.);
#12918=EDGE_LOOP('',(#12912,#12914,#12915,#12917));
#12919=FACE_OUTER_BOUND('',#12918,.F.);
#12921=CARTESIAN_POINT('',(-8.684438693871E-1,-1.15E1,8.904292257396E0));
#12922=DIRECTION('',(-9.999999999999E-1,0.E0,3.314126646662E-7));
#12923=DIRECTION('',(-3.314126646662E-7,0.E0,-9.999999999999E-1));
#12924=AXIS2_PLACEMENT_3D('',#12921,#12922,#12923);
#12925=PLANE('',#12924);
#12926=ORIENTED_EDGE('',*,*,#9095,.F.);
#12928=ORIENTED_EDGE('',*,*,#12927,.T.);
#12929=ORIENTED_EDGE('',*,*,#12539,.T.);
#12930=ORIENTED_EDGE('',*,*,#12913,.F.);
#12931=EDGE_LOOP('',(#12926,#12928,#12929,#12930));
#12932=FACE_OUTER_BOUND('',#12931,.F.);
#12934=CARTESIAN_POINT('',(-1.847040652244E0,-1.15E1,7.465006053743E0));
#12935=CARTESIAN_POINT('',(-1.847475354650E0,-1.15E1,7.485087102322E0));
#12936=CARTESIAN_POINT('',(-1.849580262584E0,-1.15E1,7.672878636343E0));
#12937=CARTESIAN_POINT('',(-1.818049140329E0,-1.15E1,8.012292590134E0));
#12938=CARTESIAN_POINT('',(-1.645584800670E0,-1.15E1,8.448739875311E0));
#12939=CARTESIAN_POINT('',(-1.317657269610E0,-1.15E1,8.777423357296E0));
#12940=CARTESIAN_POINT('',(-1.004120756167E0,-1.15E1,8.884451436832E0));
#12941=CARTESIAN_POINT('',(-8.288967005376E-1,-1.15E1,8.910624855395E0));
#12942=CARTESIAN_POINT('',(-8.091369645599E-1,-1.15E1,8.913170786586E0));
#12944=DIRECTION('',(0.E0,-1.E0,0.E0));
#12945=VECTOR('',#12944,1.E0);
#12946=SURFACE_OF_LINEAR_EXTRUSION('',#12943,#12945);
#12947=ORIENTED_EDGE('',*,*,#9093,.F.);
#12949=ORIENTED_EDGE('',*,*,#12948,.T.);
#12950=ORIENTED_EDGE('',*,*,#12541,.T.);
#12951=ORIENTED_EDGE('',*,*,#12927,.F.);
#12952=EDGE_LOOP('',(#12947,#12949,#12950,#12951));
#12953=FACE_OUTER_BOUND('',#12952,.F.);
#12955=CARTESIAN_POINT('',(-1.280237901333E0,-1.15E1,6.256239806215E0));
#12956=CARTESIAN_POINT('',(-1.296067499995E0,-1.15E1,6.268703694130E0));
#12957=CARTESIAN_POINT('',(-1.475301424915E0,-1.15E1,6.417095168114E0));
#12958=CARTESIAN_POINT('',(-1.758007055196E0,-1.15E1,6.821138787852E0));
#12959=CARTESIAN_POINT('',(-1.851664846199E0,-1.15E1,7.302778384307E0));
#12960=CARTESIAN_POINT('',(-1.847372173155E0,-1.15E1,7.565552656172E0));
#12961=CARTESIAN_POINT('',(-1.846717215641E0,-1.15E1,7.585628122657E0));
#12963=DIRECTION('',(0.E0,-1.E0,0.E0));
#12964=VECTOR('',#12963,1.E0);
#12965=SURFACE_OF_LINEAR_EXTRUSION('',#12962,#12964);
#12966=ORIENTED_EDGE('',*,*,#9091,.F.);
#12968=ORIENTED_EDGE('',*,*,#12967,.T.);
#12969=ORIENTED_EDGE('',*,*,#12543,.T.);
#12970=ORIENTED_EDGE('',*,*,#12948,.F.);
#12971=EDGE_LOOP('',(#12966,#12968,#12969,#12970));
#12972=FACE_OUTER_BOUND('',#12971,.F.);
#12974=CARTESIAN_POINT('',(-1.951865365271E0,-1.15E1,5.267547116517E0));
#12975=DIRECTION('',(8.542813906075E-1,0.E0,-5.198108364219E-1));
#12976=DIRECTION('',(5.198108364219E-1,0.E0,8.542813906075E-1));
#12977=AXIS2_PLACEMENT_3D('',#12974,#12975,#12976);
#12978=PLANE('',#12977);
#12979=ORIENTED_EDGE('',*,*,#9089,.F.);
#12980=ORIENTED_EDGE('',*,*,#12916,.T.);
#12981=ORIENTED_EDGE('',*,*,#12545,.T.);
#12982=ORIENTED_EDGE('',*,*,#12967,.F.);
#12983=EDGE_LOOP('',(#12979,#12980,#12981,#12982));
#12984=FACE_OUTER_BOUND('',#12983,.F.);
#12986=CARTESIAN_POINT('',(3.126239278494E0,-1.15E1,1.073559870078E1));
#12987=DIRECTION('',(-1.045284633098E-1,0.E0,-9.945218953638E-1));
#12988=DIRECTION('',(9.945218953638E-1,0.E0,-1.045284633098E-1));
#12989=AXIS2_PLACEMENT_3D('',#12986,#12987,#12988);
#12990=PLANE('',#12989);
#12991=ORIENTED_EDGE('',*,*,#9099,.F.);
#12993=ORIENTED_EDGE('',*,*,#12992,.T.);
#12994=ORIENTED_EDGE('',*,*,#12575,.T.);
#12996=ORIENTED_EDGE('',*,*,#12995,.F.);
#12997=EDGE_LOOP('',(#12991,#12993,#12994,#12996));
#12998=FACE_OUTER_BOUND('',#12997,.F.);
#13000=CARTESIAN_POINT('',(3.126239278494E0,-1.15E1,1.219712619248E1));
#13001=DIRECTION('',(-1.E0,0.E0,0.E0));
#13002=DIRECTION('',(0.E0,0.E0,-1.E0));
#13003=AXIS2_PLACEMENT_3D('',#13000,#13001,#13002);
#13004=PLANE('',#13003);
#13005=ORIENTED_EDGE('',*,*,#9105,.F.);
#13007=ORIENTED_EDGE('',*,*,#13006,.T.);
#13008=ORIENTED_EDGE('',*,*,#12577,.T.);
#13009=ORIENTED_EDGE('',*,*,#12992,.F.);
#13010=EDGE_LOOP('',(#13005,#13007,#13008,#13009));
#13011=FACE_OUTER_BOUND('',#13010,.F.);
#13013=CARTESIAN_POINT('',(4.470102581255E0,-1.15E1,1.205588046769E1));
#13014=DIRECTION('',(1.045284633098E-1,0.E0,9.945218953638E-1));
#13015=DIRECTION('',(-9.945218953638E-1,0.E0,1.045284633098E-1));
#13016=AXIS2_PLACEMENT_3D('',#13013,#13014,#13015);
#13017=PLANE('',#13016);
#13018=ORIENTED_EDGE('',*,*,#9103,.F.);
#13020=ORIENTED_EDGE('',*,*,#13019,.T.);
#13021=ORIENTED_EDGE('',*,*,#12579,.T.);
#13022=ORIENTED_EDGE('',*,*,#13006,.F.);
#13023=EDGE_LOOP('',(#13018,#13020,#13021,#13022));
#13024=FACE_OUTER_BOUND('',#13023,.F.);
#13026=CARTESIAN_POINT('',(4.470102581255E0,-1.15E1,1.059435297599E1));
#13027=DIRECTION('',(1.E0,0.E0,0.E0));
#13028=DIRECTION('',(0.E0,0.E0,1.E0));
#13029=AXIS2_PLACEMENT_3D('',#13026,#13027,#13028);
#13030=PLANE('',#13029);
#13031=ORIENTED_EDGE('',*,*,#9101,.F.);
#13032=ORIENTED_EDGE('',*,*,#12995,.T.);
#13033=ORIENTED_EDGE('',*,*,#12581,.T.);
#13034=ORIENTED_EDGE('',*,*,#13019,.F.);
#13035=EDGE_LOOP('',(#13031,#13032,#13033,#13034));
#13036=FACE_OUTER_BOUND('',#13035,.F.);
#13038=CARTESIAN_POINT('',(2.283397310266E0,-1.15E1,3.724080466055E0));
#13039=DIRECTION('',(1.045284633099E-1,0.E0,9.945218953638E-1));
#13040=DIRECTION('',(-9.945218953638E-1,0.E0,1.045284633099E-1));
#13041=AXIS2_PLACEMENT_3D('',#13038,#13039,#13040);
#13042=PLANE('',#13041);
#13043=ORIENTED_EDGE('',*,*,#9109,.F.);
#13045=ORIENTED_EDGE('',*,*,#13044,.T.);
#13046=ORIENTED_EDGE('',*,*,#12603,.T.);
#13048=ORIENTED_EDGE('',*,*,#13047,.F.);
#13049=EDGE_LOOP('',(#13043,#13045,#13046,#13048));
#13050=FACE_OUTER_BOUND('',#13049,.F.);
#13052=CARTESIAN_POINT('',(2.283397310266E0,-1.15E1,1.276158919698E0));
#13053=DIRECTION('',(1.E0,0.E0,0.E0));
#13054=DIRECTION('',(0.E0,0.E0,1.E0));
#13055=AXIS2_PLACEMENT_3D('',#13052,#13053,#13054);
#13056=PLANE('',#13055);
#13057=ORIENTED_EDGE('',*,*,#9119,.F.);
#13059=ORIENTED_EDGE('',*,*,#13058,.T.);
#13060=ORIENTED_EDGE('',*,*,#12605,.T.);
#13061=ORIENTED_EDGE('',*,*,#13044,.F.);
#13062=EDGE_LOOP('',(#13057,#13059,#13060,#13061));
#13063=FACE_OUTER_BOUND('',#13062,.F.);
#13065=CARTESIAN_POINT('',(9.082900959065E-1,-1.15E1,1.420688511931E0));
#13066=DIRECTION('',(-1.045284633098E-1,0.E0,-9.945218953638E-1));
#13067=DIRECTION('',(9.945218953638E-1,0.E0,-1.045284633098E-1));
#13068=AXIS2_PLACEMENT_3D('',#13065,#13066,#13067);
#13069=PLANE('',#13068);
#13070=ORIENTED_EDGE('',*,*,#9117,.F.);
#13072=ORIENTED_EDGE('',*,*,#13071,.T.);
#13073=ORIENTED_EDGE('',*,*,#12607,.T.);
#13074=ORIENTED_EDGE('',*,*,#13058,.F.);
#13075=EDGE_LOOP('',(#13070,#13072,#13073,#13074));
#13076=FACE_OUTER_BOUND('',#13075,.F.);
#13078=CARTESIAN_POINT('',(9.082900959065E-1,-1.15E1,2.407500699426E0));
#13079=DIRECTION('',(-1.E0,0.E0,0.E0));
#13080=DIRECTION('',(0.E0,0.E0,-1.E0));
#13081=AXIS2_PLACEMENT_3D('',#13078,#13079,#13080);
#13082=PLANE('',#13081);
#13083=ORIENTED_EDGE('',*,*,#9115,.F.);
#13085=ORIENTED_EDGE('',*,*,#13084,.T.);
#13086=ORIENTED_EDGE('',*,*,#12609,.T.);
#13087=ORIENTED_EDGE('',*,*,#13071,.F.);
#13088=EDGE_LOOP('',(#13083,#13085,#13086,#13087));
#13089=FACE_OUTER_BOUND('',#13088,.F.);
#13091=CARTESIAN_POINT('',(-2.920697443644E0,-1.15E1,2.810629856799E0));
#13092=DIRECTION('',(-1.047047796655E-1,0.E0,-9.945033479658E-1));
#13093=DIRECTION('',(9.945033479658E-1,0.E0,-1.047047796655E-1));
#13094=AXIS2_PLACEMENT_3D('',#13091,#13092,#13093);
#13095=PLANE('',#13094);
#13096=ORIENTED_EDGE('',*,*,#9113,.F.);
#13098=ORIENTED_EDGE('',*,*,#13097,.T.);
#13099=ORIENTED_EDGE('',*,*,#12611,.T.);
#13100=ORIENTED_EDGE('',*,*,#13084,.F.);
#13101=EDGE_LOOP('',(#13096,#13098,#13099,#13100));
#13102=FACE_OUTER_BOUND('',#13101,.F.);
#13104=CARTESIAN_POINT('',(-2.920697443644E0,-1.15E1,4.271052865638E0));
#13105=DIRECTION('',(-1.E0,0.E0,0.E0));
#13106=DIRECTION('',(0.E0,0.E0,-1.E0));
#13107=AXIS2_PLACEMENT_3D('',#13104,#13105,#13106);
#13108=PLANE('',#13107);
#13109=ORIENTED_EDGE('',*,*,#9111,.F.);
#13110=ORIENTED_EDGE('',*,*,#13047,.T.);
#13111=ORIENTED_EDGE('',*,*,#12613,.T.);
#13112=ORIENTED_EDGE('',*,*,#13097,.F.);
#13113=EDGE_LOOP('',(#13109,#13110,#13111,#13112));
#13114=FACE_OUTER_BOUND('',#13113,.F.);
#13116=CARTESIAN_POINT('',(-2.609646426264E-1,-1.15E1,-5.239884245012E-1));
#13117=CARTESIAN_POINT('',(-2.806685249035E-1,-1.15E1,-5.211488252010E-1));
#13118=CARTESIAN_POINT('',(-3.277001177095E-1,-1.15E1,-5.151595444111E-1));
#13119=CARTESIAN_POINT('',(-4.018791667445E-1,-1.15E1,-5.085782421202E-1));
#13120=CARTESIAN_POINT('',(-5.076572645488E-1,-1.15E1,-5.040062785921E-1));
#13121=CARTESIAN_POINT('',(-6.356244357202E-1,-1.15E1,-5.074716049940E-1));
#13122=CARTESIAN_POINT('',(-7.816045917347E-1,-1.15E1,-5.258253543532E-1));
#13123=CARTESIAN_POINT('',(-9.656700268589E-1,-1.15E1,-5.684963435613E-1));
#13124=CARTESIAN_POINT('',(-1.174715867723E0,-1.15E1,-6.546327998616E-1));
#13125=CARTESIAN_POINT('',(-1.388276378300E0,-1.15E1,-8.061926915660E-1));
#13126=CARTESIAN_POINT('',(-1.560880456844E0,-1.15E1,-1.001702128820E0));
#13127=CARTESIAN_POINT('',(-1.688869242193E0,-1.15E1,-1.236801587300E0));
#13128=CARTESIAN_POINT('',(-1.755308659970E0,-1.15E1,-1.462424961777E0));
#13129=CARTESIAN_POINT('',(-1.782479479884E0,-1.15E1,-1.657997516526E0));
#13130=CARTESIAN_POINT('',(-1.789435497457E0,-1.15E1,-1.812600223175E0));
#13131=CARTESIAN_POINT('',(-1.782494753324E0,-1.15E1,-1.968185916667E0));
#13132=CARTESIAN_POINT('',(-1.755299842129E0,-1.15E1,-2.167641227841E0));
#13133=CARTESIAN_POINT('',(-1.688872235558E0,-1.15E1,-2.405852684425E0));
#13134=CARTESIAN_POINT('',(-1.560879663465E0,-1.15E1,-2.667514372773E0));
#13135=CARTESIAN_POINT('',(-1.388276558448E0,-1.15E1,-2.900101380753E0));
#13136=CARTESIAN_POINT('',(-1.174715940508E0,-1.15E1,-3.098328441691E0));
#13137=CARTESIAN_POINT('',(-9.656700305494E-1,-1.15E1,-3.230552221268E0));
#13138=CARTESIAN_POINT('',(-7.816045705349E-1,-1.15E1,-3.313954135876E0));
#13139=CARTESIAN_POINT('',(-6.356244192903E-1,-1.15E1,-3.364663045396E0));
#13140=CARTESIAN_POINT('',(-5.076572573829E-1,-1.15E1,-3.396518981018E0));
#13141=CARTESIAN_POINT('',(-4.019218635395E-1,-1.15E1,-3.415415129024E0));
#13142=CARTESIAN_POINT('',(-3.277883898795E-1,-1.15E1,-3.425294983363E0));
#13143=CARTESIAN_POINT('',(-2.808000729932E-1,-1.15E1,-3.429743982271E0));
#13144=CARTESIAN_POINT('',(-2.610957311540E-1,-1.15E1,-3.431279152423E0));
#13146=DIRECTION('',(0.E0,-1.E0,0.E0));
#13147=VECTOR('',#13146,1.E0);
#13148=SURFACE_OF_LINEAR_EXTRUSION('',#13145,#13147);
#13149=ORIENTED_EDGE('',*,*,#9179,.T.);
#13151=ORIENTED_EDGE('',*,*,#13150,.T.);
#13152=ORIENTED_EDGE('',*,*,#12653,.T.);
#13154=ORIENTED_EDGE('',*,*,#13153,.F.);
#13155=EDGE_LOOP('',(#13149,#13151,#13152,#13154));
#13156=FACE_OUTER_BOUND('',#13155,.F.);
#13158=CARTESIAN_POINT('',(-3.798776627412E-1,-1.15E1,-3.418096829632E0));
#13159=CARTESIAN_POINT('',(-3.601732509544E-1,-1.15E1,-3.420935230989E0));
#13160=CARTESIAN_POINT('',(-3.131834906038E-1,-1.15E1,-3.426915842096E0));
#13161=CARTESIAN_POINT('',(-2.390473987787E-1,-1.15E1,-3.433490641786E0));
#13162=CARTESIAN_POINT('',(-1.333072215444E-1,-1.15E1,-3.438063715510E0));
#13163=CARTESIAN_POINT('',(-5.334964282424E-3,-1.15E1,-3.434611485395E0));
#13164=CARTESIAN_POINT('',(1.406499968781E-1,-1.15E1,-3.416304367486E0));
#13165=CARTESIAN_POINT('',(3.247203113455E-1,-1.15E1,-3.373757528698E0));
#13166=CARTESIAN_POINT('',(5.337696884113E-1,-1.15E1,-3.287933247935E0));
#13167=CARTESIAN_POINT('',(7.473313465747E-1,-1.15E1,-3.137107484740E0));
#13168=CARTESIAN_POINT('',(9.199334114195E-1,-1.15E1,-2.942830754750E0));
#13169=CARTESIAN_POINT('',(1.047923903090E0,-1.15E1,-2.709577627949E0));
#13170=CARTESIAN_POINT('',(1.114349776252E0,-1.15E1,-2.486110022786E0));
#13171=CARTESIAN_POINT('',(1.141543820185E0,-1.15E1,-2.292690704608E0));
#13172=CARTESIAN_POINT('',(1.148484304549E0,-1.15E1,-2.138645526056E0));
#13173=CARTESIAN_POINT('',(1.141528547317E0,-1.15E1,-1.982498914489E0));
#13174=CARTESIAN_POINT('',(1.114358593763E0,-1.15E1,-1.780895713861E0));
#13175=CARTESIAN_POINT('',(1.047920909837E0,-1.15E1,-1.540525866444E0));
#13176=CARTESIAN_POINT('',(9.199342047681E-1,-1.15E1,-1.277018686864E0));
#13177=CARTESIAN_POINT('',(7.473311664331E-1,-1.15E1,-1.043198755654E0));
#13178=CARTESIAN_POINT('',(5.337696156288E-1,-1.15E1,-8.442375896271E-1));
#13179=CARTESIAN_POINT('',(3.247203076552E-1,-1.15E1,-7.117016511283E-1));
#13180=CARTESIAN_POINT('',(1.406500180771E-1,-1.15E1,-6.281755890164E-1));
#13181=CARTESIAN_POINT('',(-5.334947853226E-3,-1.15E1,-5.774200549533E-1));
#13182=CARTESIAN_POINT('',(-1.333072143788E-1,-1.15E1,-5.455509960629E-1));
#13183=CARTESIAN_POINT('',(-2.390047000028E-1,-1.15E1,-5.266595732698E-1));
#13184=CARTESIAN_POINT('',(-3.130955384019E-1,-1.15E1,-5.167828128874E-1));
#13185=CARTESIAN_POINT('',(-3.600423373209E-1,-1.15E1,-5.123343708244E-1));
#13186=CARTESIAN_POINT('',(-3.797475196119E-1,-1.15E1,-5.107975756216E-1));
#13188=DIRECTION('',(0.E0,-1.E0,0.E0));
#13189=VECTOR('',#13188,1.E0);
#13190=SURFACE_OF_LINEAR_EXTRUSION('',#13187,#13189);
#13191=ORIENTED_EDGE('',*,*,#9181,.T.);
#13192=ORIENTED_EDGE('',*,*,#13153,.T.);
#13193=ORIENTED_EDGE('',*,*,#12655,.T.);
#13194=ORIENTED_EDGE('',*,*,#13150,.F.);
#13195=EDGE_LOOP('',(#13191,#13192,#13193,#13194));
#13196=FACE_OUTER_BOUND('',#13195,.F.);
#13198=CARTESIAN_POINT('',(2.424095787841E0,-1.15E1,-2.112688933581E0));
#13199=CARTESIAN_POINT('',(2.425088034612E0,-1.15E1,-2.084822733834E0));
#13200=CARTESIAN_POINT('',(2.431680398131E0,-1.15E1,-1.710824460145E0));
#13201=CARTESIAN_POINT('',(2.311681805760E0,-1.15E1,-1.154720609196E0));
#13202=CARTESIAN_POINT('',(1.977204053994E0,-1.15E1,-5.382267064683E-1));
#13203=CARTESIAN_POINT('',(1.643080678552E0,-1.15E1,-1.193228119066E-1));
#13204=CARTESIAN_POINT('',(1.236465114143E0,-1.15E1,2.408972516468E-1));
#13205=CARTESIAN_POINT('',(8.464954712057E-1,-1.15E1,4.822451250513E-1));
#13206=CARTESIAN_POINT('',(5.090556531678E-1,-1.15E1,6.347659945341E-1));
#13207=CARTESIAN_POINT('',(2.425567580698E-1,-1.15E1,7.279963061279E-1));
#13208=CARTESIAN_POINT('',(1.226020062737E-2,-1.15E1,7.860719409335E-1));
#13209=CARTESIAN_POINT('',(-1.764731074610E-1,-1.15E1,8.202526910527E-1));
#13210=CARTESIAN_POINT('',(-3.201183094839E-1,-1.15E1,8.395355241421E-1));
#13211=CARTESIAN_POINT('',(-4.637675870414E-1,-1.15E1,8.521701765634E-1));
#13212=CARTESIAN_POINT('',(-6.515878203226E-1,-1.15E1,8.598873778741E-1));
#13213=CARTESIAN_POINT('',(-8.808992238904E-1,-1.15E1,8.531768924282E-1));
#13214=CARTESIAN_POINT('',(-1.147734338808E0,-1.15E1,8.192964473279E-1));
#13215=CARTESIAN_POINT('',(-1.483241298938E0,-1.15E1,7.424285899731E-1));
#13216=CARTESIAN_POINT('',(-1.873468111670E0,-1.15E1,5.887254873297E-1));
#13217=CARTESIAN_POINT('',(-2.283643192147E0,-1.15E1,3.170778121936E-1));
#13218=CARTESIAN_POINT('',(-2.620381987903E0,-1.15E1,-3.074703569139E-2));
#13219=CARTESIAN_POINT('',(-2.962088015867E0,-1.15E1,-5.878060644609E-1));
#13220=CARTESIAN_POINT('',(-3.072489162620E0,-1.15E1,-1.116765334280E0));
#13221=CARTESIAN_POINT('',(-3.066053865344E0,-1.15E1,-1.475142479627E0));
#13222=CARTESIAN_POINT('',(-3.065054670363E0,-1.15E1,-1.502881742861E0));
#13224=DIRECTION('',(0.E0,-1.E0,0.E0));
#13225=VECTOR('',#13224,1.E0);
#13226=SURFACE_OF_LINEAR_EXTRUSION('',#13223,#13225);
#13227=ORIENTED_EDGE('',*,*,#9123,.F.);
#13229=ORIENTED_EDGE('',*,*,#13228,.T.);
#13230=ORIENTED_EDGE('',*,*,#12635,.T.);
#13232=ORIENTED_EDGE('',*,*,#13231,.F.);
#13233=EDGE_LOOP('',(#13227,#13229,#13230,#13232));
#13234=FACE_OUTER_BOUND('',#13233,.F.);
#13236=CARTESIAN_POINT('',(1.646742681677E0,-1.15E1,-3.663144943581E0));
#13237=CARTESIAN_POINT('',(1.663738244082E0,-1.15E1,-3.652438134716E0));
#13238=CARTESIAN_POINT('',(1.798080090845E0,-1.15E1,-3.564568613559E0));
#13239=CARTESIAN_POINT('',(2.028639545829E0,-1.15E1,-3.363766781882E0));
#13240=CARTESIAN_POINT('',(2.359452741438E0,-1.15E1,-2.842845525473E0));
#13241=CARTESIAN_POINT('',(2.428411689907E0,-1.15E1,-2.336071999355E0));
#13242=CARTESIAN_POINT('',(2.425406705415E0,-1.15E1,-1.988881521898E0));
#13243=CARTESIAN_POINT('',(2.425070624856E0,-1.15E1,-1.968915606618E0));
#13245=DIRECTION('',(0.E0,-1.E0,0.E0));
#13246=VECTOR('',#13245,1.E0);
#13247=SURFACE_OF_LINEAR_EXTRUSION('',#13244,#13246);
#13248=ORIENTED_EDGE('',*,*,#9137,.F.);
#13250=ORIENTED_EDGE('',*,*,#13249,.T.);
#13251=ORIENTED_EDGE('',*,*,#12637,.T.);
#13252=ORIENTED_EDGE('',*,*,#13228,.F.);
#13253=EDGE_LOOP('',(#13248,#13250,#13251,#13252));
#13254=FACE_OUTER_BOUND('',#13253,.F.);
#13256=CARTESIAN_POINT('',(4.360319891578E0,-1.15E1,-3.910078676998E0));
#13257=DIRECTION('',(1.045518232936E-1,0.E0,9.945194398532E-1));
#13258=DIRECTION('',(-9.945194398532E-1,0.E0,1.045518232936E-1));
#13259=AXIS2_PLACEMENT_3D('',#13256,#13257,#13258);
#13260=PLANE('',#13259);
#13261=ORIENTED_EDGE('',*,*,#9135,.F.);
#13263=ORIENTED_EDGE('',*,*,#13262,.T.);
#13264=ORIENTED_EDGE('',*,*,#12639,.T.);
#13265=ORIENTED_EDGE('',*,*,#13249,.F.);
#13266=EDGE_LOOP('',(#13261,#13263,#13264,#13265));
#13267=FACE_OUTER_BOUND('',#13266,.F.);
#13269=CARTESIAN_POINT('',(4.360319891578E0,-1.15E1,-5.257549136589E0));
#13270=DIRECTION('',(1.E0,0.E0,0.E0));
#13271=DIRECTION('',(0.E0,0.E0,1.E0));
#13272=AXIS2_PLACEMENT_3D('',#13269,#13270,#13271);
#13273=PLANE('',#13272);
#13274=ORIENTED_EDGE('',*,*,#9133,.F.);
#13276=ORIENTED_EDGE('',*,*,#13275,.T.);
#13277=ORIENTED_EDGE('',*,*,#12641,.T.);
#13278=ORIENTED_EDGE('',*,*,#13262,.F.);
#13279=EDGE_LOOP('',(#13274,#13276,#13277,#13278));
#13280=FACE_OUTER_BOUND('',#13279,.F.);
#13282=CARTESIAN_POINT('',(-2.920917466821E0,-1.15E1,-4.491938653099E0));
#13283=DIRECTION('',(-1.045719092634E-1,0.E0,-9.945173280506E-1));
#13284=DIRECTION('',(9.945173280506E-1,0.E0,-1.045719092634E-1));
#13285=AXIS2_PLACEMENT_3D('',#13282,#13283,#13284);
#13286=PLANE('',#13285);
#13287=ORIENTED_EDGE('',*,*,#9131,.F.);
#13289=ORIENTED_EDGE('',*,*,#13288,.T.);
#13290=ORIENTED_EDGE('',*,*,#12643,.T.);
#13291=ORIENTED_EDGE('',*,*,#13275,.F.);
#13292=EDGE_LOOP('',(#13287,#13289,#13290,#13291));
#13293=FACE_OUTER_BOUND('',#13292,.F.);
#13295=CARTESIAN_POINT('',(-2.920697443644E0,-1.15E1,-3.144812918045E0));
#13296=DIRECTION('',(-9.999999866620E-1,0.E0,1.633278679487E-4));
#13297=DIRECTION('',(-1.633278679487E-4,0.E0,-9.999999866620E-1));
#13298=AXIS2_PLACEMENT_3D('',#13295,#13296,#13297);
#13299=PLANE('',#13298);
#13300=ORIENTED_EDGE('',*,*,#9129,.F.);
#13302=ORIENTED_EDGE('',*,*,#13301,.T.);
#13303=ORIENTED_EDGE('',*,*,#12645,.T.);
#13304=ORIENTED_EDGE('',*,*,#13288,.F.);
#13305=EDGE_LOOP('',(#13300,#13302,#13303,#13304));
#13306=FACE_OUTER_BOUND('',#13305,.F.);
#13308=CARTESIAN_POINT('',(-2.306957588053E0,-1.15E1,-3.209319576217E0));
#13309=DIRECTION('',(1.045284632645E-1,0.E0,9.945218953686E-1));
#13310=DIRECTION('',(-9.945218953686E-1,0.E0,1.045284632645E-1));
#13311=AXIS2_PLACEMENT_3D('',#13308,#13309,#13310);
#13312=PLANE('',#13311);
#13313=ORIENTED_EDGE('',*,*,#9127,.F.);
#13315=ORIENTED_EDGE('',*,*,#13314,.T.);
#13316=ORIENTED_EDGE('',*,*,#12647,.T.);
#13317=ORIENTED_EDGE('',*,*,#13301,.F.);
#13318=EDGE_LOOP('',(#13313,#13315,#13316,#13317));
#13319=FACE_OUTER_BOUND('',#13318,.F.);
#13321=CARTESIAN_POINT('',(-3.065948081029E0,-1.15E1,-1.359036309494E0));
#13322=CARTESIAN_POINT('',(-3.066350232461E0,-1.15E1,-1.379150011064E0));
#13323=CARTESIAN_POINT('',(-3.070044344519E0,-1.15E1,-1.745621930048E0));
#13324=CARTESIAN_POINT('',(-2.951679050546E0,-1.15E1,-2.443680983898E0));
#13325=CARTESIAN_POINT('',(-2.530016844071E0,-1.15E1,-3.013906189687E0));
#13326=CARTESIAN_POINT('',(-2.276895474346E0,-1.15E1,-3.236054879503E0));
#13327=CARTESIAN_POINT('',(-2.261629360166E0,-1.15E1,-3.249101301446E0));
#13329=DIRECTION('',(0.E0,-1.E0,0.E0));
#13330=VECTOR('',#13329,1.E0);
#13331=SURFACE_OF_LINEAR_EXTRUSION('',#13328,#13330);
#13332=ORIENTED_EDGE('',*,*,#9125,.F.);
#13333=ORIENTED_EDGE('',*,*,#13231,.T.);
#13334=ORIENTED_EDGE('',*,*,#12649,.T.);
#13335=ORIENTED_EDGE('',*,*,#13314,.F.);
#13336=EDGE_LOOP('',(#13332,#13333,#13334,#13335));
#13337=FACE_OUTER_BOUND('',#13336,.F.);
#13339=CARTESIAN_POINT('',(2.432382608920E0,-1.15E1,-8.551356720943E0));
#13340=CARTESIAN_POINT('',(2.433388771101E0,-1.15E1,-8.523525122665E0));
#13341=CARTESIAN_POINT('',(2.440046950355E0,-1.15E1,-8.151289389223E0));
#13342=CARTESIAN_POINT('',(2.319176072908E0,-1.15E1,-7.597363013283E0));
#13343=CARTESIAN_POINT('',(1.984569785189E0,-1.15E1,-6.983202782777E0));
#13344=CARTESIAN_POINT('',(1.649977593873E0,-1.15E1,-6.564581722127E0));
#13345=CARTESIAN_POINT('',(1.242829105613E0,-1.15E1,-6.203894816511E0));
#13346=CARTESIAN_POINT('',(8.523835088706E-1,-1.15E1,-5.961659138812E0));
#13347=CARTESIAN_POINT('',(5.144681963445E-1,-1.15E1,-5.808169052848E0));
#13348=CARTESIAN_POINT('',(2.475793299751E-1,-1.15E1,-5.714114217793E0));
#13349=CARTESIAN_POINT('',(1.693312690305E-2,-1.15E1,-5.655293510204E0));
#13350=CARTESIAN_POINT('',(-1.720932997290E-1,-1.15E1,-5.620494267859E0));
#13351=CARTESIAN_POINT('',(-3.159548192237E-1,-1.15E1,-5.600739942596E0));
#13352=CARTESIAN_POINT('',(-4.598206798468E-1,-1.15E1,-5.587633679165E0));
#13353=CARTESIAN_POINT('',(-6.479099048369E-1,-1.15E1,-5.579297891569E0));
#13354=CARTESIAN_POINT('',(-8.775449224686E-1,-1.15E1,-5.585239577308E0));
#13355=CARTESIAN_POINT('',(-1.144778307234E0,-1.15E1,-5.618193177121E0));
#13356=CARTESIAN_POINT('',(-1.480704697377E0,-1.15E1,-5.693812427360E0));
#13357=CARTESIAN_POINT('',(-1.871390103314E0,-1.15E1,-5.845834155961E0));
#13358=CARTESIAN_POINT('',(-2.282181847336E0,-1.15E1,-6.115306743949E0));
#13359=CARTESIAN_POINT('',(-2.619467431544E0,-1.15E1,-6.460714090022E0));
#13360=CARTESIAN_POINT('',(-2.961549168421E0,-1.15E1,-7.013632626597E0));
#13361=CARTESIAN_POINT('',(-3.072547823387E0,-1.15E1,-7.539669875358E0));
#13362=CARTESIAN_POINT('',(-3.066046679689E0,-1.15E1,-7.895827862981E0));
#13363=CARTESIAN_POINT('',(-3.065031904537E0,-1.15E1,-7.923530327133E0));
#13365=DIRECTION('',(0.E0,-1.E0,0.E0));
#13366=VECTOR('',#13365,1.E0);
#13367=SURFACE_OF_LINEAR_EXTRUSION('',#13364,#13366);
#13368=ORIENTED_EDGE('',*,*,#9141,.F.);
#13370=ORIENTED_EDGE('',*,*,#13369,.T.);
#13371=ORIENTED_EDGE('',*,*,#12677,.T.);
#13373=ORIENTED_EDGE('',*,*,#13372,.F.);
#13374=EDGE_LOOP('',(#13368,#13370,#13371,#13373));
#13375=FACE_OUTER_BOUND('',#13374,.F.);
#13377=CARTESIAN_POINT('',(1.675728912672E0,-1.15E1,-1.009051205080E1));
#13378=CARTESIAN_POINT('',(1.692570033759E0,-1.15E1,-1.007968516525E1));
#13379=CARTESIAN_POINT('',(1.824189978164E0,-1.15E1,-9.991881949761E0));
#13380=CARTESIAN_POINT('',(2.049768252361E0,-1.15E1,-9.792573185517E0));
#13381=CARTESIAN_POINT('',(2.279361861016E0,-1.15E1,-9.424289541884E0));
#13382=CARTESIAN_POINT('',(2.410994418523E0,-1.15E1,-8.972479700636E0));
#13383=CARTESIAN_POINT('',(2.435288346687E0,-1.15E1,-8.623645647146E0));
#13384=CARTESIAN_POINT('',(2.433727879453E0,-1.15E1,-8.427674426281E0));
#13385=CARTESIAN_POINT('',(2.433420387166E0,-1.15E1,-8.407656888115E0));
#13387=DIRECTION('',(0.E0,-1.E0,0.E0));
#13388=VECTOR('',#13387,1.E0);
#13389=SURFACE_OF_LINEAR_EXTRUSION('',#13386,#13388);
#13390=ORIENTED_EDGE('',*,*,#9155,.F.);
#13392=ORIENTED_EDGE('',*,*,#13391,.T.);
#13393=ORIENTED_EDGE('',*,*,#12679,.T.);
#13394=ORIENTED_EDGE('',*,*,#13369,.F.);
#13395=EDGE_LOOP('',(#13390,#13392,#13393,#13394));
#13396=FACE_OUTER_BOUND('',#13395,.F.);
#13398=CARTESIAN_POINT('',(2.283397310270E0,-1.15E1,-1.011573740632E1));
#13399=DIRECTION('',(1.045191403688E-1,0.E0,9.945228752002E-1));
#13400=DIRECTION('',(-9.945228752002E-1,0.E0,1.045191403688E-1));
#13401=AXIS2_PLACEMENT_3D('',#13398,#13399,#13400);
#13402=PLANE('',#13401);
#13403=ORIENTED_EDGE('',*,*,#9153,.F.);
#13405=ORIENTED_EDGE('',*,*,#13404,.T.);
#13406=ORIENTED_EDGE('',*,*,#12681,.T.);
#13407=ORIENTED_EDGE('',*,*,#13391,.F.);
#13408=EDGE_LOOP('',(#13403,#13405,#13406,#13407));
#13409=FACE_OUTER_BOUND('',#13408,.F.);
#13411=CARTESIAN_POINT('',(2.283397310270E0,-1.15E1,-1.146663414332E1));
#13412=DIRECTION('',(1.E0,0.E0,0.E0));
#13413=DIRECTION('',(0.E0,0.E0,1.E0));
#13414=AXIS2_PLACEMENT_3D('',#13411,#13412,#13413);
#13415=PLANE('',#13414);
#13416=ORIENTED_EDGE('',*,*,#9151,.F.);
#13418=ORIENTED_EDGE('',*,*,#13417,.T.);
#13419=ORIENTED_EDGE('',*,*,#12683,.T.);
#13420=ORIENTED_EDGE('',*,*,#13404,.F.);
#13421=EDGE_LOOP('',(#13416,#13418,#13419,#13420));
#13422=FACE_OUTER_BOUND('',#13421,.F.);
#13424=CARTESIAN_POINT('',(-2.920917466821E0,-1.15E1,-1.091594006535E1));
#13425=DIRECTION('',(-1.052274406651E-1,0.E0,-9.944481815213E-1));
#13426=DIRECTION('',(9.944481815213E-1,0.E0,-1.052274406651E-1));
#13427=AXIS2_PLACEMENT_3D('',#13424,#13425,#13426);
#13428=PLANE('',#13427);
#13429=ORIENTED_EDGE('',*,*,#9149,.F.);
#13431=ORIENTED_EDGE('',*,*,#13430,.T.);
#13432=ORIENTED_EDGE('',*,*,#12685,.T.);
#13433=ORIENTED_EDGE('',*,*,#13417,.F.);
#13434=EDGE_LOOP('',(#13429,#13431,#13432,#13433));
#13435=FACE_OUTER_BOUND('',#13434,.F.);
#13437=CARTESIAN_POINT('',(-2.920697582129E0,-1.15E1,-9.568814330294E0));
#13438=DIRECTION('',(-9.999999866788E-1,0.E0,1.632250676748E-4));
#13439=DIRECTION('',(-1.632250676748E-4,0.E0,-9.999999866788E-1));
#13440=AXIS2_PLACEMENT_3D('',#13437,#13438,#13439);
#13441=PLANE('',#13440);
#13442=ORIENTED_EDGE('',*,*,#9147,.F.);
#13444=ORIENTED_EDGE('',*,*,#13443,.T.);
#13445=ORIENTED_EDGE('',*,*,#12687,.T.);
#13446=ORIENTED_EDGE('',*,*,#13430,.F.);
#13447=EDGE_LOOP('',(#13442,#13444,#13445,#13446));
#13448=FACE_OUTER_BOUND('',#13447,.F.);
#13450=CARTESIAN_POINT('',(-2.308028792875E0,-1.15E1,-9.633202594E0));
#13451=DIRECTION('',(1.045191177134E-1,0.E0,9.945228775812E-1));
#13452=DIRECTION('',(-9.945228775812E-1,0.E0,1.045191177134E-1));
#13453=AXIS2_PLACEMENT_3D('',#13450,#13451,#13452);
#13454=PLANE('',#13453);
#13455=ORIENTED_EDGE('',*,*,#9145,.F.);
#13457=ORIENTED_EDGE('',*,*,#13456,.T.);
#13458=ORIENTED_EDGE('',*,*,#12689,.T.);
#13459=ORIENTED_EDGE('',*,*,#13443,.F.);
#13460=EDGE_LOOP('',(#13455,#13457,#13458,#13459));
#13461=FACE_OUTER_BOUND('',#13460,.F.);
#13463=CARTESIAN_POINT('',(-3.065925018587E0,-1.15E1,-7.779803276999E0));
#13464=CARTESIAN_POINT('',(-3.066343115435E0,-1.15E1,-7.799915067048E0));
#13465=CARTESIAN_POINT('',(-3.070182032505E0,-1.15E1,-8.167069443841E0));
#13466=CARTESIAN_POINT('',(-2.947077439076E0,-1.15E1,-8.864639789587E0));
#13467=CARTESIAN_POINT('',(-2.528655603666E0,-1.15E1,-9.435540480637E0));
#13468=CARTESIAN_POINT('',(-2.278261300631E0,-1.15E1,-9.660261388513E0));
#13469=CARTESIAN_POINT('',(-2.263146132942E0,-1.15E1,-9.673483713621E0));
#13471=DIRECTION('',(0.E0,-1.E0,0.E0));
#13472=VECTOR('',#13471,1.E0);
#13473=SURFACE_OF_LINEAR_EXTRUSION('',#13470,#13472);
#13474=ORIENTED_EDGE('',*,*,#9143,.F.);
#13475=ORIENTED_EDGE('',*,*,#13372,.T.);
#13476=ORIENTED_EDGE('',*,*,#12691,.T.);
#13477=ORIENTED_EDGE('',*,*,#13456,.F.);
#13478=EDGE_LOOP('',(#13474,#13475,#13476,#13477));
#13479=FACE_OUTER_BOUND('',#13478,.F.);
#13481=CARTESIAN_POINT('',(-2.568318129373E-1,-1.15E1,-6.964440654619E0));
#13482=CARTESIAN_POINT('',(-2.765285729042E-1,-1.15E1,-6.961542970855E0));
#13483=CARTESIAN_POINT('',(-3.235941449249E-1,-1.15E1,-6.955405666048E0));
#13484=CARTESIAN_POINT('',(-3.978482646244E-1,-1.15E1,-6.948584409043E0));
#13485=CARTESIAN_POINT('',(-5.037869114097E-1,-1.15E1,-6.943662863169E0));
#13486=CARTESIAN_POINT('',(-6.319476552183E-1,-1.15E1,-6.946695582892E0));
#13487=CARTESIAN_POINT('',(-7.781486293993E-1,-1.15E1,-6.964524284044E0));
#13488=CARTESIAN_POINT('',(-9.624925036643E-1,-1.15E1,-7.006468325714E0));
#13489=CARTESIAN_POINT('',(-1.171854495641E0,-1.15E1,-7.091611165517E0));
#13490=CARTESIAN_POINT('',(-1.385738327879E0,-1.15E1,-7.241731643585E0));
#13491=CARTESIAN_POINT('',(-1.558602479718E0,-1.15E1,-7.435443349818E0));
#13492=CARTESIAN_POINT('',(-1.686788674539E0,-1.15E1,-7.668276028032E0));
#13493=CARTESIAN_POINT('',(-1.753316761290E0,-1.15E1,-7.891525613267E0));
#13494=CARTESIAN_POINT('',(-1.780552809825E0,-1.15E1,-8.084855610016E0));
#13495=CARTESIAN_POINT('',(-1.787504052921E0,-1.15E1,-8.238877990668E0));
#13496=CARTESIAN_POINT('',(-1.780537513282E0,-1.15E1,-8.395047442775E0));
#13497=CARTESIAN_POINT('',(-1.753325592465E0,-1.15E1,-8.596739876300E0));
#13498=CARTESIAN_POINT('',(-1.686785676679E0,-1.15E1,-8.837327770157E0));
#13499=CARTESIAN_POINT('',(-1.558603274176E0,-1.15E1,-9.101255378277E0));
#13500=CARTESIAN_POINT('',(-1.385738147906E0,-1.15E1,-9.335640309771E0));
#13501=CARTESIAN_POINT('',(-1.171854421075E0,-1.15E1,-9.535306813005E0));
#13502=CARTESIAN_POINT('',(-9.624925000144E-1,-1.15E1,-9.668524138560E0));
#13503=CARTESIAN_POINT('',(-7.781486508824E-1,-1.15E1,-9.752652986119E0));
#13504=CARTESIAN_POINT('',(-6.319476718861E-1,-1.15E1,-9.803886944341E0));
#13505=CARTESIAN_POINT('',(-5.037869186766E-1,-1.15E1,-9.836175491474E0));
#13506=CARTESIAN_POINT('',(-3.978915698305E-1,-1.15E1,-9.855421058689E0));
#13507=CARTESIAN_POINT('',(-3.236836650163E-1,-1.15E1,-9.865538956846E0));
#13508=CARTESIAN_POINT('',(-2.766619792895E-1,-1.15E1,-9.870139857471E0));
#13509=CARTESIAN_POINT('',(-2.569647500271E-1,-1.15E1,-9.871738057071E0));
#13511=DIRECTION('',(0.E0,-1.E0,0.E0));
#13512=VECTOR('',#13511,1.E0);
#13513=SURFACE_OF_LINEAR_EXTRUSION('',#13510,#13512);
#13514=ORIENTED_EDGE('',*,*,#9191,.T.);
#13516=ORIENTED_EDGE('',*,*,#13515,.T.);
#13517=ORIENTED_EDGE('',*,*,#12695,.T.);
#13519=ORIENTED_EDGE('',*,*,#13518,.F.);
#13520=EDGE_LOOP('',(#13514,#13516,#13517,#13519));
#13521=FACE_OUTER_BOUND('',#13520,.F.);
#13523=CARTESIAN_POINT('',(-3.757016823565E-1,-1.15E1,-9.858191719391E0));
#13524=CARTESIAN_POINT('',(-3.560043833350E-1,-1.15E1,-9.861087942210E0));
#13525=CARTESIAN_POINT('',(-3.089812521344E-1,-1.15E1,-9.867216329450E0));
#13526=CARTESIAN_POINT('',(-2.347707251245E-1,-1.15E1,-9.874030859160E0));
#13527=CARTESIAN_POINT('',(-1.288705856525E-1,-1.15E1,-9.878948232864E0));
#13528=CARTESIAN_POINT('',(-7.047293819639E-4,-1.15E1,-9.875902969527E0));
#13529=CARTESIAN_POINT('',(1.455010668055E-1,-1.15E1,-9.858028555948E0));
#13530=CARTESIAN_POINT('',(3.298497777348E-1,-1.15E1,-9.815962393362E0));
#13531=CARTESIAN_POINT('',(5.392151711541E-1,-1.15E1,-9.730516023361E0));
#13532=CARTESIAN_POINT('',(7.530999397799E-1,-1.15E1,-9.579651947669E0));
#13533=CARTESIAN_POINT('',(9.259640242691E-1,-1.15E1,-9.384709904165E0));
#13534=CARTESIAN_POINT('',(1.054144343346E0,-1.15E1,-9.150029712167E0));
#13535=CARTESIAN_POINT('',(1.120682522657E0,-1.15E1,-8.924624175569E0));
#13536=CARTESIAN_POINT('',(1.147893575803E0,-1.15E1,-8.729140645417E0));
#13537=CARTESIAN_POINT('',(1.154859854709E0,-1.15E1,-8.574560733861E0));
#13538=CARTESIAN_POINT('',(1.147908871773E0,-1.15E1,-8.418952302836E0));
#13539=CARTESIAN_POINT('',(1.120673691813E0,-1.15E1,-8.219407897543E0));
#13540=CARTESIAN_POINT('',(1.054147341093E0,-1.15E1,-7.980978654060E0));
#13541=CARTESIAN_POINT('',(9.259632298406E-1,-1.15E1,-7.718897694409E0));
#13542=CARTESIAN_POINT('',(7.531001197462E-1,-1.15E1,-7.485743322632E0));
#13543=CARTESIAN_POINT('',(5.392152457176E-1,-1.15E1,-7.286820392561E0));
#13544=CARTESIAN_POINT('',(3.298497813846E-1,-1.15E1,-7.153906582303E0));
#13545=CARTESIAN_POINT('',(1.455010453232E-1,-1.15E1,-7.069899847317E0));
#13546=CARTESIAN_POINT('',(-7.047460491154E-4,-1.15E1,-7.018711610589E0));
#13547=CARTESIAN_POINT('',(-1.288705929191E-1,-1.15E1,-6.986435584287E0));
#13548=CARTESIAN_POINT('',(-2.347274224088E-1,-1.15E1,-6.967200098579E0));
#13549=CARTESIAN_POINT('',(-3.088920477475E-1,-1.15E1,-6.957085483105E0));
#13550=CARTESIAN_POINT('',(-3.558715997247E-1,-1.15E1,-6.952485289523E0));
#13551=CARTESIAN_POINT('',(-3.755696723688E-1,-1.15E1,-6.950885695053E0));
#13553=DIRECTION('',(0.E0,-1.E0,0.E0));
#13554=VECTOR('',#13553,1.E0);
#13555=SURFACE_OF_LINEAR_EXTRUSION('',#13552,#13554);
#13556=ORIENTED_EDGE('',*,*,#9193,.T.);
#13557=ORIENTED_EDGE('',*,*,#13518,.T.);
#13558=ORIENTED_EDGE('',*,*,#12697,.T.);
#13559=ORIENTED_EDGE('',*,*,#13515,.F.);
#13560=EDGE_LOOP('',(#13556,#13557,#13558,#13559));
#13561=FACE_OUTER_BOUND('',#13560,.F.);
#13563=CARTESIAN_POINT('',(-2.84E1,0.E0,-3.25E1));
#13564=DIRECTION('',(0.E0,0.E0,1.E0));
#13565=DIRECTION('',(1.E0,0.E0,0.E0));
#13566=AXIS2_PLACEMENT_3D('',#13563,#13564,#13565);
#13567=PLANE('',#13566);
#13569=ORIENTED_EDGE('',*,*,#13568,.F.);
#13571=ORIENTED_EDGE('',*,*,#13570,.T.);
#13572=ORIENTED_EDGE('',*,*,#8313,.F.);
#13573=ORIENTED_EDGE('',*,*,#8270,.F.);
#13574=ORIENTED_EDGE('',*,*,#8073,.T.);
#13575=EDGE_LOOP('',(#13569,#13571,#13572,#13573,#13574));
#13576=FACE_OUTER_BOUND('',#13575,.F.);
#13578=CARTESIAN_POINT('',(-2.805E1,-2.5E-1,-3.5E1));
#13579=DIRECTION('',(7.071067811865E-1,7.071067811865E-1,0.E0));
#13580=DIRECTION('',(7.071067811865E-1,-7.071067811865E-1,0.E0));
#13581=AXIS2_PLACEMENT_3D('',#13578,#13579,#13580);
#13582=PLANE('',#13581);
#13584=ORIENTED_EDGE('',*,*,#13583,.T.);
#13586=ORIENTED_EDGE('',*,*,#13585,.F.);
#13587=ORIENTED_EDGE('',*,*,#13568,.T.);
#13588=ORIENTED_EDGE('',*,*,#8071,.T.);
#13589=EDGE_LOOP('',(#13584,#13586,#13587,#13588));
#13590=FACE_OUTER_BOUND('',#13589,.F.);
#13592=CARTESIAN_POINT('',(-2.78E1,0.E0,-3.75E1));
#13593=DIRECTION('',(0.E0,0.E0,-1.E0));
#13594=DIRECTION('',(-1.E0,0.E0,0.E0));
#13595=AXIS2_PLACEMENT_3D('',#13592,#13593,#13594);
#13596=PLANE('',#13595);
#13597=ORIENTED_EDGE('',*,*,#13583,.F.);
#13598=ORIENTED_EDGE('',*,*,#8069,.T.);
#13599=ORIENTED_EDGE('',*,*,#8254,.T.);
#13600=ORIENTED_EDGE('',*,*,#8317,.F.);
#13602=ORIENTED_EDGE('',*,*,#13601,.F.);
#13603=EDGE_LOOP('',(#13597,#13598,#13599,#13600,#13602));
#13604=FACE_OUTER_BOUND('',#13603,.F.);
#13606=CARTESIAN_POINT('',(-2.78E1,0.E0,-3.25E1));
#13607=DIRECTION('',(1.E0,0.E0,0.E0));
#13608=DIRECTION('',(0.E0,0.E0,-1.E0));
#13609=AXIS2_PLACEMENT_3D('',#13606,#13607,#13608);
#13610=PLANE('',#13609);
#13611=ORIENTED_EDGE('',*,*,#13585,.T.);
#13612=ORIENTED_EDGE('',*,*,#13601,.T.);
#13613=ORIENTED_EDGE('',*,*,#8315,.F.);
#13614=ORIENTED_EDGE('',*,*,#13570,.F.);
#13615=EDGE_LOOP('',(#13611,#13612,#13613,#13614));
#13616=FACE_OUTER_BOUND('',#13615,.F.);
#13618=CARTESIAN_POINT('',(-2.84E1,0.E0,3.75E1));
#13619=DIRECTION('',(0.E0,0.E0,1.E0));
#13620=DIRECTION('',(1.E0,0.E0,0.E0));
#13621=AXIS2_PLACEMENT_3D('',#13618,#13619,#13620);
#13622=PLANE('',#13621);
#13624=ORIENTED_EDGE('',*,*,#13623,.F.);
#13626=ORIENTED_EDGE('',*,*,#13625,.T.);
#13627=ORIENTED_EDGE('',*,*,#8328,.F.);
#13628=ORIENTED_EDGE('',*,*,#8263,.F.);
#13629=ORIENTED_EDGE('',*,*,#8081,.T.);
#13630=EDGE_LOOP('',(#13624,#13626,#13627,#13628,#13629));
#13631=FACE_OUTER_BOUND('',#13630,.F.);
#13633=CARTESIAN_POINT('',(-2.805E1,-2.5E-1,3.5E1));
#13634=DIRECTION('',(7.071067811865E-1,7.071067811865E-1,0.E0));
#13635=DIRECTION('',(7.071067811865E-1,-7.071067811865E-1,0.E0));
#13636=AXIS2_PLACEMENT_3D('',#13633,#13634,#13635);
#13637=PLANE('',#13636);
#13639=ORIENTED_EDGE('',*,*,#13638,.T.);
#13641=ORIENTED_EDGE('',*,*,#13640,.F.);
#13642=ORIENTED_EDGE('',*,*,#13623,.T.);
#13643=ORIENTED_EDGE('',*,*,#8079,.T.);
#13644=EDGE_LOOP('',(#13639,#13641,#13642,#13643));
#13645=FACE_OUTER_BOUND('',#13644,.F.);
#13647=CARTESIAN_POINT('',(-2.78E1,0.E0,3.25E1));
#13648=DIRECTION('',(0.E0,0.E0,-1.E0));
#13649=DIRECTION('',(-1.E0,0.E0,0.E0));
#13650=AXIS2_PLACEMENT_3D('',#13647,#13648,#13649);
#13651=PLANE('',#13650);
#13652=ORIENTED_EDGE('',*,*,#13638,.F.);
#13653=ORIENTED_EDGE('',*,*,#8077,.T.);
#13654=ORIENTED_EDGE('',*,*,#8267,.T.);
#13655=ORIENTED_EDGE('',*,*,#8332,.F.);
#13657=ORIENTED_EDGE('',*,*,#13656,.F.);
#13658=EDGE_LOOP('',(#13652,#13653,#13654,#13655,#13657));
#13659=FACE_OUTER_BOUND('',#13658,.F.);
#13661=CARTESIAN_POINT('',(-2.78E1,0.E0,3.75E1));
#13662=DIRECTION('',(1.E0,0.E0,0.E0));
#13663=DIRECTION('',(0.E0,0.E0,-1.E0));
#13664=AXIS2_PLACEMENT_3D('',#13661,#13662,#13663);
#13665=PLANE('',#13664);
#13666=ORIENTED_EDGE('',*,*,#13640,.T.);
#13667=ORIENTED_EDGE('',*,*,#13656,.T.);
#13668=ORIENTED_EDGE('',*,*,#8330,.F.);
#13669=ORIENTED_EDGE('',*,*,#13625,.F.);
#13670=EDGE_LOOP('',(#13666,#13667,#13668,#13669));
#13671=FACE_OUTER_BOUND('',#13670,.F.);
#13673=CARTESIAN_POINT('',(4.770002775566E0,-3.3032444E-1,0.E0));
#13674=DIRECTION('',(1.E0,0.E0,0.E0));
#13675=DIRECTION('',(0.E0,1.E0,0.E0));
#13676=AXIS2_PLACEMENT_3D('',#13673,#13674,#13675);
#13677=PLANE('',#13676);
#13679=ORIENTED_EDGE('',*,*,#13678,.T.);
#13681=ORIENTED_EDGE('',*,*,#13680,.F.);
#13682=ORIENTED_EDGE('',*,*,#8222,.T.);
#13683=ORIENTED_EDGE('',*,*,#8105,.F.);
#13684=EDGE_LOOP('',(#13679,#13681,#13682,#13683));
#13685=FACE_OUTER_BOUND('',#13684,.F.);
#13687=CARTESIAN_POINT('',(5.020002775566E0,-1.6516222E-1,4.725E1));
#13688=DIRECTION('',(-7.071067811865E-1,0.E0,7.071067811865E-1));
#13689=DIRECTION('',(-7.071067811865E-1,0.E0,-7.071067811865E-1));
#13690=AXIS2_PLACEMENT_3D('',#13687,#13688,#13689);
#13691=PLANE('',#13690);
#13692=ORIENTED_EDGE('',*,*,#8167,.T.);
#13694=ORIENTED_EDGE('',*,*,#13693,.T.);
#13695=ORIENTED_EDGE('',*,*,#13678,.F.);
#13696=ORIENTED_EDGE('',*,*,#8103,.T.);
#13697=EDGE_LOOP('',(#13692,#13694,#13695,#13696));
#13698=FACE_OUTER_BOUND('',#13697,.F.);
#13700=CARTESIAN_POINT('',(3.190002775566E0,-3.3032444E-1,4.724999999443E1));
#13701=DIRECTION('',(0.E0,0.E0,1.E0));
#13702=DIRECTION('',(0.E0,-1.E0,0.E0));
#13703=AXIS2_PLACEMENT_3D('',#13700,#13701,#13702);
#13704=CONICAL_SURFACE('',#13703,1.829999994427E0,4.5E1);
#13705=ORIENTED_EDGE('',*,*,#8165,.T.);
#13707=ORIENTED_EDGE('',*,*,#13706,.T.);
#13709=ORIENTED_EDGE('',*,*,#13708,.F.);
#13710=ORIENTED_EDGE('',*,*,#13693,.F.);
#13711=EDGE_LOOP('',(#13705,#13707,#13709,#13710));
#13712=FACE_OUTER_BOUND('',#13711,.F.);
#13714=CARTESIAN_POINT('',(2.775566484092E-6,-2.16032444E0,4.725E1));
#13715=DIRECTION('',(0.E0,7.071067811865E-1,7.071067811865E-1));
#13716=DIRECTION('',(0.E0,7.071067811865E-1,-7.071067811865E-1));
#13717=AXIS2_PLACEMENT_3D('',#13714,#13715,#13716);
#13718=PLANE('',#13717);
#13719=ORIENTED_EDGE('',*,*,#8163,.T.);
#13721=ORIENTED_EDGE('',*,*,#13720,.T.);
#13723=ORIENTED_EDGE('',*,*,#13722,.F.);
#13724=ORIENTED_EDGE('',*,*,#13706,.F.);
#13725=EDGE_LOOP('',(#13719,#13721,#13723,#13724));
#13726=FACE_OUTER_BOUND('',#13725,.F.);
#13728=CARTESIAN_POINT('',(-3.189997224434E0,-3.3032444E-1,4.724999999443E1));
#13729=DIRECTION('',(0.E0,0.E0,1.E0));
#13730=DIRECTION('',(0.E0,-1.E0,0.E0));
#13731=AXIS2_PLACEMENT_3D('',#13728,#13729,#13730);
#13732=CONICAL_SURFACE('',#13731,1.829999994427E0,4.5E1);
#13733=ORIENTED_EDGE('',*,*,#8161,.T.);
#13734=ORIENTED_EDGE('',*,*,#8189,.T.);
#13736=ORIENTED_EDGE('',*,*,#13735,.F.);
#13737=ORIENTED_EDGE('',*,*,#13720,.F.);
#13738=EDGE_LOOP('',(#13733,#13734,#13736,#13737));
#13739=FACE_OUTER_BOUND('',#13738,.F.);
#13741=CARTESIAN_POINT('',(-3.189997224434E0,-3.3032444E-1,0.E0));
#13742=DIRECTION('',(0.E0,0.E0,1.E0));
#13743=DIRECTION('',(-1.E0,0.E0,0.E0));
#13744=AXIS2_PLACEMENT_3D('',#13741,#13742,#13743);
#13745=CYLINDRICAL_SURFACE('',#13744,1.58E0);
#13746=ORIENTED_EDGE('',*,*,#13735,.T.);
#13747=ORIENTED_EDGE('',*,*,#8203,.F.);
#13748=ORIENTED_EDGE('',*,*,#8228,.T.);
#13750=ORIENTED_EDGE('',*,*,#13749,.T.);
#13751=EDGE_LOOP('',(#13746,#13747,#13748,#13750));
#13752=FACE_OUTER_BOUND('',#13751,.F.);
#13754=CARTESIAN_POINT('',(-3.189997224436E0,-1.91032444E0,0.E0));
#13755=DIRECTION('',(1.037136242439E-14,-1.E0,0.E0));
#13756=DIRECTION('',(1.E0,1.037136242439E-14,0.E0));
#13757=AXIS2_PLACEMENT_3D('',#13754,#13755,#13756);
#13758=PLANE('',#13757);
#13759=ORIENTED_EDGE('',*,*,#13722,.T.);
#13760=ORIENTED_EDGE('',*,*,#13749,.F.);
#13761=ORIENTED_EDGE('',*,*,#8226,.T.);
#13763=ORIENTED_EDGE('',*,*,#13762,.T.);
#13764=EDGE_LOOP('',(#13759,#13760,#13761,#13763));
#13765=FACE_OUTER_BOUND('',#13764,.F.);
#13767=CARTESIAN_POINT('',(3.190002775566E0,-3.3032444E-1,0.E0));
#13768=DIRECTION('',(0.E0,0.E0,1.E0));
#13769=DIRECTION('',(-1.E0,0.E0,0.E0));
#13770=AXIS2_PLACEMENT_3D('',#13767,#13768,#13769);
#13771=CYLINDRICAL_SURFACE('',#13770,1.58E0);
#13772=ORIENTED_EDGE('',*,*,#13708,.T.);
#13773=ORIENTED_EDGE('',*,*,#13762,.F.);
#13774=ORIENTED_EDGE('',*,*,#8224,.T.);
#13775=ORIENTED_EDGE('',*,*,#13680,.T.);
#13776=EDGE_LOOP('',(#13772,#13773,#13774,#13775));
#13777=FACE_OUTER_BOUND('',#13776,.F.);
#13781=FILL_AREA_STYLE_COLOUR('',#5);
#13782=FILL_AREA_STYLE('',(#13781));
#13783=SURFACE_STYLE_FILL_AREA(#13782);
#13784=SURFACE_SIDE_STYLE('',(#13783));
#13785=SURFACE_STYLE_USAGE(.BOTH.,#13784);
#13786=PRESENTATION_STYLE_ASSIGNMENT((#13785));
#15=STYLED_ITEM('',(#13786),#13780);
#13789=PLANE_ANGLE_MEASURE_WITH_UNIT(PLANE_ANGLE_MEASURE(1.745329251994E-2),
#13788);
#13790=(CONVERSION_BASED_UNIT('DEGREE',#13789)NAMED_UNIT(*)PLANE_ANGLE_UNIT());
#13792=UNCERTAINTY_MEASURE_WITH_UNIT(LENGTH_MEASURE(1.E-2),#13787,
'distance_accuracy_value',
'Maximum model space distance between geometric entities at asserted connectivities');
#13795=MECHANICAL_DESIGN_GEOMETRIC_PRESENTATION_REPRESENTATION('',(#23,#31,#38,
#46,#53,#60,#67,#75,#82,#89,#96,#103,#110,#117,#124,#131,#138,#146,#153,#160,
#167,#174,#181,#188,#195,#203,#210,#217,#224,#231,#238,#245,#252,#259,#266,#274,
#281,#288,#295,#302,#309,#316,#323,#331,#338,#346,#353,#361,#368,#376,#383,#390,
#397,#404,#411,#418,#425,#432,#443,#450,#461,#468,#475,#482,#489,#496,#503,#510,
#517,#524,#531,#538,#545,#552,#559,#566,#573,#580,#587,#594,#601,#608,#615,#622,
#629,#636,#643,#650,#657,#664,#671,#678,#685,#692,#699,#706,#713,#720,#727,#734,
#741,#748,#755,#763,#770,#778,#785,#793,#800,#808,#815,#822,#829,#836,#843,#850,
#857,#864,#871,#878,#885,#892,#899,#906,#913,#920,#927,#934,#941,#948,#981,#988,
#995,#1002,#1009,#1016,#1023,#1030,#1038,#1045,#1052,#1060,#1067,#1075,#1083,
#1090,#1098,#1105,#1113,#1120,#1128,#1135,#1143,#1151,#1159,#1167,#1175,#1183,
#1191,#1199,#1207,#1215,#1223,#1231,#1239,#1247,#1255,#1263,#1271,#1279,#1287,
#1295,#1303,#1311,#1319,#1327,#1335,#1343,#1351,#1359,#1367,#1375,#1383,#1391,
#1399,#1407,#1415,#1423,#1431,#1439,#1447,#1455,#1463,#1471,#1479,#1487,#1495,
#1503,#1511,#1519,#1527,#1535,#1543,#1551,#1559,#1567,#1575,#1583,#1591,#1599,
#1607,#1615,#1623,#1631,#1639,#1647,#1655,#1663,#1671,#1679,#1687,#1695,#1703,
#1711,#1719,#1727,#1735,#1743,#1751,#1759,#1767,#1775,#1783,#1791,#1799,#1807,
#1815,#1823,#1831,#1839,#1846,#1853,#1860,#1867,#1874,#1881,#1888,#1895,#1902,
#1909,#1916,#1923,#1934,#1941,#1952,#2015,#2022,#2031,#2042,#2049,#2056,#2063,
#2070,#2077,#2084,#2091,#2098,#2105,#2112,#2119,#2150,#2181,#2208,#2217,#2224,
#2231,#2238,#2245,#2252,#2262,#2289,#2298,#2305,#2312,#2319,#2326,#2333,#2344,
#2375,#2406,#2414,#2422,#2430,#2438,#2445,#2452,#2460,#2467,#2475,#2482,#2489,
#2496,#2504,#2512,#2520,#2527,#2535,#2542,#2549,#2557,#2565,#2573,#2581,#2589,
#2597,#2604,#2611,#2618,#2625,#2633,#2640,#2648,#2655,#2663,#2671,#2679,#2687,
#2695,#2703,#2711,#2719,#2727,#2735,#2743,#2751,#2759,#2767,#2775,#2782,#2789,
#2797,#2804,#2811,#2819,#2826,#2834,#2841,#2849,#2856,#2864,#2871,#2879,#2887,
#2895,#2903,#2911,#2919,#2927,#2935,#2943,#2951,#2959,#2967,#2975,#2983,#2991,
#2999,#3007,#3015,#3023,#3031,#3039,#3047,#3055,#3063,#3071,#3079,#3087,#3095,
#3103,#3111,#3119,#3127,#3135,#3143,#3151,#3159,#3167,#3175,#3183,#3191,#3199,
#3207,#3215,#3223,#3231,#3239,#3247,#3255,#3263,#3271,#3279,#3287,#3295,#3303,
#3311,#3319,#3327,#3335,#3343,#3351,#3359,#3367,#3375,#3383,#3391,#3399,#3407,
#3415,#3423,#3431,#3439,#3447,#3455,#3463,#3471,#3479,#3486,#3494,#3502,#3510,
#3518,#3526,#3534,#3542,#3550,#3558,#3565,#3573,#3581,#3589,#3597,#3605,#3613,
#3621,#3628,#3635,#3642,#3650,#3658,#3665,#3672,#3679,#3687,#3695,#3702,#3709,
#3716,#3724,#3732,#3739,#3746,#3753,#3761,#3769,#3776,#3784,#3791,#3798,#3806,
#3813,#3820,#3827,#3835,#3842,#3849,#3857,#3864,#3871,#3879,#3886,#3893,#3901,
#3908,#3916,#3923,#3930,#3938,#3945,#3952,#3959,#3966,#3973,#3980,#3987,#3994,
#4001,#4009,#4016,#4024,#4031,#4039,#4046,#4054,#4061,#4068,#4075,#4083,#4090,
#4097,#4104,#4112,#4119,#4126,#4133,#4141,#4148,#4155,#4162,#4170,#4177,#4184,
#4191,#4198,#4205,#4212,#4219,#4226,#4233,#4240,#4247,#4254,#4262,#4269,#4277,
#4284,#4291,#4298,#4305,#4312,#4319,#4326,#4333,#4340,#4347,#4354,#4361,#4368,
#4376,#4384,#4391,#4399,#4406,#4413,#4421,#4428,#4435,#4442,#4450,#4458,#4465,
#4473,#4480,#4487,#4495,#4502,#4509,#4517,#4524,#4531,#4538,#4545,#4552,#4559,
#4566,#4573,#4580,#4587,#4594,#4602,#4609,#4616,#4623,#4630,#4637,#4644,#4651,
#4658,#4665,#4672,#4679,#4687,#4694,#4701,#4708,#4715,#4722,#4729,#4736,#4743,
#4750,#4757,#4764,#4772,#4779,#4786,#4793,#4800,#4807,#4814,#4821,#4828,#4835,
#4842,#4849,#4856,#4863,#4870,#4877,#4884,#4891,#4898,#4905,#4912,#4919,#4926,
#4933,#4940,#4947,#4954,#4961,#4968,#4975,#4982,#4989,#4996,#5003,#5010,#5017,
#5024,#5031,#5038,#5045,#5052,#5059,#5066,#5073,#5080,#5087,#5094,#5101,#5108,
#5115,#5122,#5129,#5136,#5143,#5150,#5157,#5164,#5171,#5178,#5185,#5192,#5199,
#5206,#5213,#5220,#5227,#5234,#5241,#5248,#5255,#5262,#5269,#5276,#5283,#5290,
#5297,#5305,#5312,#5319,#5327,#5334,#5341,#5349,#5356,#5363,#5370,#5377,#5384,
#5391,#5398,#5405,#5412,#5419,#5427,#5434,#5441,#5448,#5455,#5462,#5469,#5476,
#5483,#5490,#5498,#5505,#5512,#5520,#5527,#5534,#5542,#5549,#5556,#5563,#5570,
#5577,#5584,#5591,#5598,#5605,#5612,#5620,#5627,#5634,#5642,#5649,#5656,#5664,
#5671,#5678,#5685,#5692,#5699,#5706,#5713,#5720,#5727,#5734,#5742,#5749,#5757,
#5764,#5771,#5779,#5786,#5794,#5801,#5809,#5816,#5824,#5831,#5839,#5846,#5854,
#5861,#5868,#5875,#5882,#5889,#5896,#5903,#5910,#5917,#5924,#5931,#5938,#5945,
#5952,#5959,#5966,#5973,#5980,#5987,#5998,#6009,#6016,#6079,#6086,#6097,#6106,
#6113,#6120,#6127,#6134,#6141,#6148,#6155,#6162,#6169,#6176,#6183,#6214,#6245,
#6272,#6282,#6289,#6296,#6303,#6310,#6317,#6326,#6353,#6364,#6371,#6378,#6385,
#6392,#6399,#6408,#6439,#6470,#6477,#6484,#6491,#6498,#6505,#6512,#6519,#6526,
#6533,#6540,#6547,#6554,#6561,#6568,#6575,#6582,#6589,#6596,#6603,#6610,#6617,
#6624,#6631,#6638,#6645,#6652,#6659,#6666,#6673,#6680,#6687,#6694,#6701,#6708,
#6715,#6722,#6729,#6736,#6743,#6750,#6757,#6764,#6771,#6778,#6785,#6792,#6799,
#6806,#6813,#6820,#6827,#6834,#6841,#6848,#6855,#6862,#6869,#6876,#6883,#6891,
#6898,#6905,#6912,#6920,#6927,#12499,#12531,#12569,#12597,#12629,#12671,#12713,
#15),#13793);
#13796=APPLICATION_CONTEXT('automotive_design');
#13797=APPLICATION_PROTOCOL_DEFINITION('international standard',
'automotive_design',2001,#13796);
#13798=PRODUCT_DEFINITION_CONTEXT('part definition',#13796,'design');
#13799=PRODUCT_CONTEXT('',#13796,'mechanical');
#13800=PRODUCT('I-0526-02_REVX01','I-0526-02_REVX01','NOT SPECIFIED',(#13799));
#13801=PRODUCT_DEFINITION_FORMATION('46','LAST_VERSION',#13800);
#13809=DERIVED_UNIT_ELEMENT(#13808,2.E0);
#13810=DERIVED_UNIT((#13809));
#13811=MEASURE_REPRESENTATION_ITEM('surface area measure',AREA_MEASURE(
1.905848049358E4),#13810);
#13816=DERIVED_UNIT_ELEMENT(#13815,3.E0);
#13817=DERIVED_UNIT((#13816));
#13818=MEASURE_REPRESENTATION_ITEM('volume measure',VOLUME_MEASURE(
1.673522643333E4),#13817);
#13822=CARTESIAN_POINT('centre point',(2.650574296775E-1,-8.699795212112E0,
-1.717440498227E-1));
#13827=DERIVED_UNIT_ELEMENT(#13826,2.E0);
#13828=DERIVED_UNIT((#13827));
#13829=MEASURE_REPRESENTATION_ITEM('surface area measure',AREA_MEASURE(
1.905848049358E4),#13828);
#13834=DERIVED_UNIT_ELEMENT(#13833,3.E0);
#13835=DERIVED_UNIT((#13834));
#13836=MEASURE_REPRESENTATION_ITEM('volume measure',VOLUME_MEASURE(
1.673522643333E4),#13835);
#13840=CARTESIAN_POINT('centre point',(2.650574296775E-1,-8.699795212112E0,
-1.717440498227E-1));
#13845=PRODUCT_RELATED_PRODUCT_CATEGORY('part','',(#13800));
#1=DRAUGHTING_PRE_DEFINED_COLOUR('green');
#2=COLOUR_RGB('',1.1E-2,1.2E-2,1.E0);
#3=COLOUR_RGB('',4.1E-1,2.61589E-1,1.12848E-1);
#4=COLOUR_RGB('',5.04854E-1,1.5455E-2,1.5455E-2);
#5=COLOUR_RGB('',5.88235E-1,5.88235E-1,5.88235E-1);
#6=COLOUR_RGB('',6.35294E-1,6.86275E-1,7.4902E-1);
#7=COLOUR_RGB('',6.40777E-1,6.40777E-1,6.40777E-1);
#8=COLOUR_RGB('',6.69062E-1,6.69903E-1,6.55217E-1);
#9=COLOUR_RGB('',9.21569E-1,7.05882E-1,4.70588E-1);
#10=DRAUGHTING_PRE_DEFINED_COLOUR('red');
#11=DRAUGHTING_PRE_DEFINED_COLOUR('yellow');
#12=COLOUR_RGB('',1.E0,1.E0,5.3E-1);
#13=COLOUR_RGB('',1.E0,1.E0,9.49E-1);
#14=DRAUGHTING_PRE_DEFINED_COLOUR('white');
#28=CIRCLE('',#27,2.5E0);
#43=CIRCLE('',#42,2.5E0);
#72=CIRCLE('',#71,1.4E0);
#143=CIRCLE('',#142,1.4E0);
#200=CIRCLE('',#199,1.4E0);
#271=CIRCLE('',#270,1.4E0);
#328=CIRCLE('',#327,2.5E0);
#343=CIRCLE('',#342,2.5E0);
#358=CIRCLE('',#357,2.08E0);
#373=CIRCLE('',#372,2.08E0);
#440=B_SPLINE_CURVE_WITH_KNOTS('',3,(#433,#434,#435,#436,#437,#438,#439),
.UNSPECIFIED.,.F.,.F.,(4,1,1,1,4),(0.E0,2.5E-1,5.E-1,7.5E-1,1.E0),
.UNSPECIFIED.);
#458=B_SPLINE_CURVE_WITH_KNOTS('',3,(#451,#452,#453,#454,#455,#456,#457),
.UNSPECIFIED.,.F.,.F.,(4,1,1,1,4),(0.E0,2.5E-1,5.E-1,7.5E-1,1.E0),
.UNSPECIFIED.);
#760=CIRCLE('',#759,1.347634805215E0);
#775=CIRCLE('',#774,1.347634805215E0);
#790=CIRCLE('',#789,1.347634805215E0);
#805=CIRCLE('',#804,1.347634805215E0);
#978=B_SPLINE_CURVE_WITH_KNOTS('',3,(#949,#950,#951,#952,#953,#954,#955,#956,
#957,#958,#959,#960,#961,#962,#963,#964,#965,#966,#967,#968,#969,#970,#971,#972,
#973,#974,#975,#976,#977),.UNSPECIFIED.,.F.,.F.,(4,1,1,1,1,1,1,1,1,1,1,1,1,1,1,
1,1,1,1,1,1,1,1,1,1,1,4),(0.E0,7.8125E-3,1.5625E-2,3.125E-2,4.6875E-2,6.25E-2,
9.375E-2,1.25E-1,1.5625E-1,1.875E-1,2.5E-1,3.125E-1,3.75E-1,5.E-1,6.25E-1,
6.875E-1,7.5E-1,8.125E-1,8.4375E-1,8.75E-1,9.0625E-1,9.375E-1,9.53125E-1,
9.6875E-1,9.84375E-1,9.921875E-1,1.E0),.UNSPECIFIED.);
#1035=CIRCLE('',#1034,2.975E0);
#1057=CIRCLE('',#1056,2.5E0);
#1072=CIRCLE('',#1071,1.E0);
#1080=CIRCLE('',#1079,1.5E0);
#1095=CIRCLE('',#1094,1.5E0);
#1110=CIRCLE('',#1109,1.5E0);
#1125=CIRCLE('',#1124,1.5E0);
#1140=CIRCLE('',#1139,2.636149506440E0);
#1148=CIRCLE('',#1147,2.636149506440E0);
#1156=CIRCLE('',#1155,2.636149506440E0);
#1164=CIRCLE('',#1163,2.636149506440E0);
#1172=CIRCLE('',#1171,2.636149506440E0);
#1180=CIRCLE('',#1179,2.636149506440E0);
#1188=CIRCLE('',#1187,9.E-1);
#1196=CIRCLE('',#1195,9.E-1);
#1204=CIRCLE('',#1203,9.E-1);
#1212=CIRCLE('',#1211,9.E-1);
#1220=CIRCLE('',#1219,9.E-1);
#1228=CIRCLE('',#1227,9.E-1);
#1236=CIRCLE('',#1235,9.E-1);
#1244=CIRCLE('',#1243,9.E-1);
#1252=CIRCLE('',#1251,9.E-1);
#1260=CIRCLE('',#1259,9.E-1);
#1268=CIRCLE('',#1267,9.E-1);
#1276=CIRCLE('',#1275,9.E-1);
#1284=CIRCLE('',#1283,9.E-1);
#1292=CIRCLE('',#1291,9.E-1);
#1300=CIRCLE('',#1299,9.E-1);
#1308=CIRCLE('',#1307,9.E-1);
#1316=CIRCLE('',#1315,9.E-1);
#1324=CIRCLE('',#1323,9.E-1);
#1332=CIRCLE('',#1331,9.E-1);
#1340=CIRCLE('',#1339,9.E-1);
#1348=CIRCLE('',#1347,9.E-1);
#1356=CIRCLE('',#1355,9.E-1);
#1364=CIRCLE('',#1363,9.E-1);
#1372=CIRCLE('',#1371,9.E-1);
#1380=CIRCLE('',#1379,9.E-1);
#1388=CIRCLE('',#1387,9.E-1);
#1396=CIRCLE('',#1395,9.E-1);
#1404=CIRCLE('',#1403,9.E-1);
#1412=CIRCLE('',#1411,9.E-1);
#1420=CIRCLE('',#1419,9.E-1);
#1428=CIRCLE('',#1427,9.E-1);
#1436=CIRCLE('',#1435,9.E-1);
#1444=CIRCLE('',#1443,9.E-1);
#1452=CIRCLE('',#1451,9.E-1);
#1460=CIRCLE('',#1459,9.E-1);
#1468=CIRCLE('',#1467,9.E-1);
#1476=CIRCLE('',#1475,9.E-1);
#1484=CIRCLE('',#1483,9.E-1);
#1492=CIRCLE('',#1491,9.E-1);
#1500=CIRCLE('',#1499,9.E-1);
#1508=CIRCLE('',#1507,9.E-1);
#1516=CIRCLE('',#1515,9.E-1);
#1524=CIRCLE('',#1523,9.E-1);
#1532=CIRCLE('',#1531,9.E-1);
#1540=CIRCLE('',#1539,9.E-1);
#1548=CIRCLE('',#1547,9.E-1);
#1556=CIRCLE('',#1555,9.E-1);
#1564=CIRCLE('',#1563,9.E-1);
#1572=CIRCLE('',#1571,9.E-1);
#1580=CIRCLE('',#1579,9.E-1);
#1588=CIRCLE('',#1587,9.E-1);
#1596=CIRCLE('',#1595,9.E-1);
#1604=CIRCLE('',#1603,9.E-1);
#1612=CIRCLE('',#1611,9.E-1);
#1620=CIRCLE('',#1619,9.E-1);
#1628=CIRCLE('',#1627,9.E-1);
#1636=CIRCLE('',#1635,9.E-1);
#1644=CIRCLE('',#1643,9.E-1);
#1652=CIRCLE('',#1651,9.E-1);
#1660=CIRCLE('',#1659,9.E-1);
#1668=CIRCLE('',#1667,9.E-1);
#1676=CIRCLE('',#1675,9.E-1);
#1684=CIRCLE('',#1683,9.E-1);
#1692=CIRCLE('',#1691,9.E-1);
#1700=CIRCLE('',#1699,9.E-1);
#1708=CIRCLE('',#1707,9.E-1);
#1716=CIRCLE('',#1715,9.E-1);
#1724=CIRCLE('',#1723,9.E-1);
#1732=CIRCLE('',#1731,9.E-1);
#1740=CIRCLE('',#1739,9.E-1);
#1748=CIRCLE('',#1747,9.E-1);
#1756=CIRCLE('',#1755,9.E-1);
#1764=CIRCLE('',#1763,9.E-1);
#1772=CIRCLE('',#1771,9.E-1);
#1780=CIRCLE('',#1779,9.E-1);
#1788=CIRCLE('',#1787,9.E-1);
#1796=CIRCLE('',#1795,9.E-1);
#1804=CIRCLE('',#1803,9.E-1);
#1812=CIRCLE('',#1811,9.E-1);
#1820=CIRCLE('',#1819,9.E-1);
#1828=CIRCLE('',#1827,9.E-1);
#1836=CIRCLE('',#1835,9.E-1);
#1931=B_SPLINE_CURVE_WITH_KNOTS('',3,(#1924,#1925,#1926,#1927,#1928,#1929,
#1930),.UNSPECIFIED.,.F.,.F.,(4,1,1,1,4),(0.E0,2.865738959446E-1,
5.294551138292E-1,7.618996225577E-1,1.E0),.UNSPECIFIED.);
#1949=B_SPLINE_CURVE_WITH_KNOTS('',3,(#1942,#1943,#1944,#1945,#1946,#1947,
#1948),.UNSPECIFIED.,.F.,.F.,(4,1,1,1,4),(0.E0,2.621999050838E-1,
5.037759787477E-1,7.435234032491E-1,1.E0),.UNSPECIFIED.);
#2012=B_SPLINE_CURVE_WITH_KNOTS('',3,(#1953,#1954,#1955,#1956,#1957,#1958,#1959,
#1960,#1961,#1962,#1963,#1964,#1965,#1966,#1967,#1968,#1969,#1970,#1971,#1972,
#1973,#1974,#1975,#1976,#1977,#1978,#1979,#1980,#1981,#1982,#1983,#1984,#1985,
#1986,#1987,#1988,#1989,#1990,#1991,#1992,#1993,#1994,#1995,#1996,#1997,#1998,
#1999,#2000,#2001,#2002,#2003,#2004,#2005,#2006,#2007,#2008,#2009,#2010,#2011),
.UNSPECIFIED.,.F.,.F.,(4,1,1,1,1,1,1,1,1,1,1,1,1,1,1,1,1,1,1,1,1,1,1,1,1,1,1,1,
1,1,1,1,1,1,1,1,1,1,1,1,1,1,1,1,1,1,1,1,1,1,1,1,1,1,1,1,4),(0.E0,
8.456625822468E-3,1.696014750316E-2,2.563118922941E-2,3.006985831580E-2,
3.459939110998E-2,4.338356803674E-2,5.202169900877E-2,6.888732303476E-2,
1.011812529402E-1,1.320525825487E-1,1.620801515984E-1,1.919233716528E-1,
2.223423227855E-1,2.380566384831E-1,2.542430572406E-1,2.710199108012E-1,
2.796701508195E-1,2.885132641396E-1,2.979319206957E-1,3.072181488453E-1,
3.254329105604E-1,3.432469838429E-1,3.607376710325E-1,3.949850439535E-1,
4.286953895692E-1,4.622657344481E-1,4.960449996606E-1,5.131369220463E-1,
5.304121072375E-1,5.479197313353E-1,5.567795438168E-1,5.657180521540E-1,
5.746149720483E-1,5.833511976900E-1,6.003738033171E-1,6.168685834592E-1,
6.329208038292E-1,6.640314367123E-1,6.945945393326E-1,7.255769493658E-1,
7.580208386153E-1,7.751445357489E-1,7.930251192571E-1,8.117870860763E-1,
8.215386643238E-1,8.315550843738E-1,8.373258228532E-1,8.430351873702E-1,
8.542799847823E-1,8.653130214212E-1,8.761573340879E-1,8.973652164107E-1,
9.181014132759E-1,9.385562995967E-1,9.589169676507E-1,1.E0),.UNSPECIFIED.);
#2028=B_SPLINE_CURVE_WITH_KNOTS('',3,(#2023,#2024,#2025,#2026,#2027),
.UNSPECIFIED.,.F.,.F.,(4,1,4),(0.E0,4.667075039529E-1,1.E0),.UNSPECIFIED.);
#2039=B_SPLINE_CURVE_WITH_KNOTS('',3,(#2032,#2033,#2034,#2035,#2036,#2037,
#2038),.UNSPECIFIED.,.F.,.F.,(4,1,1,1,4),(0.E0,2.716721709313E-1,
5.138436815945E-1,7.449165794054E-1,1.E0),.UNSPECIFIED.);
#2147=B_SPLINE_CURVE_WITH_KNOTS('',3,(#2120,#2121,#2122,#2123,#2124,#2125,#2126,
#2127,#2128,#2129,#2130,#2131,#2132,#2133,#2134,#2135,#2136,#2137,#2138,#2139,
#2140,#2141,#2142,#2143,#2144,#2145,#2146),.UNSPECIFIED.,.F.,.F.,(4,1,1,1,1,1,1,
1,1,1,1,1,1,1,1,1,1,1,1,1,1,1,1,1,4),(0.E0,1.574832068467E-2,3.147124454309E-2,
6.291709225991E-2,9.436293997674E-2,1.258087876936E-1,1.887004831272E-1,
2.515921785609E-1,3.144838739945E-1,3.773755694282E-1,4.402672648618E-1,
4.717131125786E-1,5.031589602955E-1,5.342115252770E-1,5.652640902585E-1,
6.273692202216E-1,6.894743501847E-1,7.515794801477E-1,8.136846101108E-1,
8.757897400739E-1,9.068423050554E-1,9.378948700369E-1,9.689474350185E-1,
9.844737175092E-1,1.E0),.UNSPECIFIED.);
#2178=B_SPLINE_CURVE_WITH_KNOTS('',3,(#2151,#2152,#2153,#2154,#2155,#2156,#2157,
#2158,#2159,#2160,#2161,#2162,#2163,#2164,#2165,#2166,#2167,#2168,#2169,#2170,
#2171,#2172,#2173,#2174,#2175,#2176,#2177),.UNSPECIFIED.,.F.,.F.,(4,1,1,1,1,1,1,
1,1,1,1,1,1,1,1,1,1,1,1,1,1,1,1,1,4),(0.E0,1.552707114735E-2,3.105414229470E-2,
6.210828458940E-2,9.316242688410E-2,1.242165691788E-1,1.863248537682E-1,
2.484331383576E-1,3.105414229470E-1,3.726497075364E-1,4.347579921258E-1,
4.658121344205E-1,4.968662767152E-1,5.283137217221E-1,5.597611667291E-1,
6.226560567430E-1,6.855509467569E-1,7.484458367707E-1,8.113407267846E-1,
8.742356167985E-1,9.056830618054E-1,9.371305068124E-1,9.685779518193E-1,
9.843016743228E-1,1.E0),.UNSPECIFIED.);
#2205=B_SPLINE_CURVE_WITH_KNOTS('',3,(#2182,#2183,#2184,#2185,#2186,#2187,#2188,
#2189,#2190,#2191,#2192,#2193,#2194,#2195,#2196,#2197,#2198,#2199,#2200,#2201,
#2202,#2203,#2204),.UNSPECIFIED.,.F.,.F.,(4,1,1,1,1,1,1,1,1,1,1,1,1,1,1,1,1,1,1,
1,4),(0.E0,1.244407294033E-1,1.873745039641E-1,2.511309129258E-1,
3.158435089797E-1,3.816132691082E-1,4.149867315795E-1,4.487253681213E-1,
4.828978505968E-1,5.001789525291E-1,5.176049508255E-1,5.349420602899E-1,
5.519604677778E-1,5.851104343008E-1,6.172162419424E-1,6.484216011729E-1,
7.085913597303E-1,7.667316710955E-1,8.238571835249E-1,8.810477762156E-1,1.E0),
.UNSPECIFIED.);
#2214=B_SPLINE_CURVE_WITH_KNOTS('',3,(#2209,#2210,#2211,#2212,#2213),
.UNSPECIFIED.,.F.,.F.,(4,1,4),(0.E0,5.224269500891E-1,1.E0),.UNSPECIFIED.);
#2259=B_SPLINE_CURVE_WITH_KNOTS('',3,(#2253,#2254,#2255,#2256,#2257,#2258),
.UNSPECIFIED.,.F.,.F.,(4,1,1,4),(0.E0,2.306822501119E-1,4.617348909772E-1,1.E0),
.UNSPECIFIED.);
#2286=B_SPLINE_CURVE_WITH_KNOTS('',3,(#2263,#2264,#2265,#2266,#2267,#2268,#2269,
#2270,#2271,#2272,#2273,#2274,#2275,#2276,#2277,#2278,#2279,#2280,#2281,#2282,
#2283,#2284,#2285),.UNSPECIFIED.,.F.,.F.,(4,1,1,1,1,1,1,1,1,1,1,1,1,1,1,1,1,1,1,
1,4),(0.E0,1.239740076137E-1,1.868978880936E-1,2.507569520760E-1,
3.156512633814E-1,3.816482644685E-1,4.151423837198E-1,4.490018785762E-1,
4.832924144037E-1,5.006306754393E-1,5.181122435556E-1,5.355023644290E-1,
5.525703897739E-1,5.858092492520E-1,6.179896836866E-1,6.492546464560E-1,
7.094946362669E-1,7.676315009151E-1,8.246698340790E-1,8.816819883394E-1,1.E0),
.UNSPECIFIED.);
#2295=B_SPLINE_CURVE_WITH_KNOTS('',3,(#2290,#2291,#2292,#2293,#2294),
.UNSPECIFIED.,.F.,.F.,(4,1,4),(0.E0,5.231805396767E-1,1.E0),.UNSPECIFIED.);
#2341=B_SPLINE_CURVE_WITH_KNOTS('',3,(#2334,#2335,#2336,#2337,#2338,#2339,
#2340),.UNSPECIFIED.,.F.,.F.,(4,1,1,1,4),(0.E0,2.288659685178E-1,
4.580207418261E-1,7.086959461395E-1,1.E0),.UNSPECIFIED.);
#2372=B_SPLINE_CURVE_WITH_KNOTS('',3,(#2345,#2346,#2347,#2348,#2349,#2350,#2351,
#2352,#2353,#2354,#2355,#2356,#2357,#2358,#2359,#2360,#2361,#2362,#2363,#2364,
#2365,#2366,#2367,#2368,#2369,#2370,#2371),.UNSPECIFIED.,.F.,.F.,(4,1,1,1,1,1,1,
1,1,1,1,1,1,1,1,1,1,1,1,1,1,1,1,1,4),(0.E0,1.555167931663E-2,3.107796180732E-2,
6.213052678871E-2,9.318309177009E-2,1.242356567515E-1,1.863407867142E-1,
2.484459166770E-1,3.105510466398E-1,3.726561766025E-1,4.347613065653E-1,
4.658138715467E-1,4.968664365281E-1,5.283122842451E-1,5.597581319621E-1,
6.226498273961E-1,6.855415228301E-1,7.484332182640E-1,8.113249136980E-1,
8.742166091320E-1,9.056624568490E-1,9.371083045660E-1,9.685541522830E-1,
9.842770761415E-1,1.E0),.UNSPECIFIED.);
#2403=B_SPLINE_CURVE_WITH_KNOTS('',3,(#2376,#2377,#2378,#2379,#2380,#2381,#2382,
#2383,#2384,#2385,#2386,#2387,#2388,#2389,#2390,#2391,#2392,#2393,#2394,#2395,
#2396,#2397,#2398,#2399,#2400,#2401,#2402),.UNSPECIFIED.,.F.,.F.,(4,1,1,1,1,1,1,
1,1,1,1,1,1,1,1,1,1,1,1,1,1,1,1,1,4),(0.E0,1.572372250350E-2,3.144744500700E-2,
6.289489001400E-2,9.434233502101E-2,1.257897800280E-1,1.886846700420E-1,
2.515795600560E-1,3.144744500700E-1,3.773693400840E-1,4.402642300980E-1,
4.717116751050E-1,5.031591201120E-1,5.342132624066E-1,5.652674047013E-1,
6.273756892905E-1,6.894839738797E-1,7.515922584690E-1,8.137005430582E-1,
8.758088276475E-1,9.068629699421E-1,9.379171122367E-1,9.689712545313E-1,
9.844983256786E-1,1.E0),.UNSPECIFIED.);
#2411=CIRCLE('',#2410,1.E0);
#2419=CIRCLE('',#2418,1.E0);
#2427=CIRCLE('',#2426,1.E0);
#2435=CIRCLE('',#2434,1.E0);
#2457=CIRCLE('',#2456,2.5E0);
#2472=CIRCLE('',#2471,2.5E0);
#2501=CIRCLE('',#2500,1.E0);
#2509=CIRCLE('',#2508,1.E0);
#2517=CIRCLE('',#2516,2.5E0);
#2532=CIRCLE('',#2531,1.E0);
#2554=CIRCLE('',#2553,2.5E0);
#2562=CIRCLE('',#2561,2.5E0);
#2570=CIRCLE('',#2569,2.5E0);
#2578=CIRCLE('',#2577,2.5E0);
#2586=CIRCLE('',#2585,2.5E0);
#2594=CIRCLE('',#2593,2.5E0);
#2630=CIRCLE('',#2629,1.6E0);
#2645=CIRCLE('',#2644,1.6E0);
#2660=CIRCLE('',#2659,3.4E0);
#2668=CIRCLE('',#2667,3.4E0);
#2676=CIRCLE('',#2675,1.6E0);
#2684=CIRCLE('',#2683,1.6E0);
#2692=CIRCLE('',#2691,3.4E0);
#2700=CIRCLE('',#2699,3.4E0);
#2708=CIRCLE('',#2707,1.6E0);
#2716=CIRCLE('',#2715,1.6E0);
#2724=CIRCLE('',#2723,3.4E0);
#2732=CIRCLE('',#2731,3.4E0);
#2740=CIRCLE('',#2739,1.6E0);
#2748=CIRCLE('',#2747,1.6E0);
#2756=CIRCLE('',#2755,3.4E0);
#2764=CIRCLE('',#2763,3.4E0);
#2772=CIRCLE('',#2771,3.4E0);
#2794=CIRCLE('',#2793,3.4E0);
#2816=CIRCLE('',#2815,5.2E0);
#2831=CIRCLE('',#2830,5.2E0);
#2846=CIRCLE('',#2845,5.2E0);
#2861=CIRCLE('',#2860,5.2E0);
#2876=CIRCLE('',#2875,9.E-1);
#2884=CIRCLE('',#2883,9.E-1);
#2892=CIRCLE('',#2891,9.E-1);
#2900=CIRCLE('',#2899,9.E-1);
#2908=CIRCLE('',#2907,9.E-1);
#2916=CIRCLE('',#2915,9.E-1);
#2924=CIRCLE('',#2923,9.E-1);
#2932=CIRCLE('',#2931,9.E-1);
#2940=CIRCLE('',#2939,9.E-1);
#2948=CIRCLE('',#2947,9.E-1);
#2956=CIRCLE('',#2955,9.E-1);
#2964=CIRCLE('',#2963,9.E-1);
#2972=CIRCLE('',#2971,9.E-1);
#2980=CIRCLE('',#2979,9.E-1);
#2988=CIRCLE('',#2987,9.E-1);
#2996=CIRCLE('',#2995,9.E-1);
#3004=CIRCLE('',#3003,9.E-1);
#3012=CIRCLE('',#3011,9.E-1);
#3020=CIRCLE('',#3019,9.E-1);
#3028=CIRCLE('',#3027,9.E-1);
#3036=CIRCLE('',#3035,9.E-1);
#3044=CIRCLE('',#3043,9.E-1);
#3052=CIRCLE('',#3051,9.E-1);
#3060=CIRCLE('',#3059,9.E-1);
#3068=CIRCLE('',#3067,9.E-1);
#3076=CIRCLE('',#3075,9.E-1);
#3084=CIRCLE('',#3083,9.E-1);
#3092=CIRCLE('',#3091,9.E-1);
#3100=CIRCLE('',#3099,9.E-1);
#3108=CIRCLE('',#3107,9.E-1);
#3116=CIRCLE('',#3115,9.E-1);
#3124=CIRCLE('',#3123,9.E-1);
#3132=CIRCLE('',#3131,9.E-1);
#3140=CIRCLE('',#3139,9.E-1);
#3148=CIRCLE('',#3147,9.E-1);
#3156=CIRCLE('',#3155,9.E-1);
#3164=CIRCLE('',#3163,9.E-1);
#3172=CIRCLE('',#3171,9.E-1);
#3180=CIRCLE('',#3179,9.E-1);
#3188=CIRCLE('',#3187,9.E-1);
#3196=CIRCLE('',#3195,9.E-1);
#3204=CIRCLE('',#3203,9.E-1);
#3212=CIRCLE('',#3211,9.E-1);
#3220=CIRCLE('',#3219,9.E-1);
#3228=CIRCLE('',#3227,9.E-1);
#3236=CIRCLE('',#3235,9.E-1);
#3244=CIRCLE('',#3243,9.E-1);
#3252=CIRCLE('',#3251,9.E-1);
#3260=CIRCLE('',#3259,9.E-1);
#3268=CIRCLE('',#3267,9.E-1);
#3276=CIRCLE('',#3275,9.E-1);
#3284=CIRCLE('',#3283,9.E-1);
#3292=CIRCLE('',#3291,9.E-1);
#3300=CIRCLE('',#3299,9.E-1);
#3308=CIRCLE('',#3307,9.E-1);
#3316=CIRCLE('',#3315,9.E-1);
#3324=CIRCLE('',#3323,9.E-1);
#3332=CIRCLE('',#3331,9.E-1);
#3340=CIRCLE('',#3339,9.E-1);
#3348=CIRCLE('',#3347,9.E-1);
#3356=CIRCLE('',#3355,9.E-1);
#3364=CIRCLE('',#3363,9.E-1);
#3372=CIRCLE('',#3371,9.E-1);
#3380=CIRCLE('',#3379,9.E-1);
#3388=CIRCLE('',#3387,9.E-1);
#3396=CIRCLE('',#3395,9.E-1);
#3404=CIRCLE('',#3403,9.E-1);
#3412=CIRCLE('',#3411,9.E-1);
#3420=CIRCLE('',#3419,9.E-1);
#3428=CIRCLE('',#3427,9.E-1);
#3436=CIRCLE('',#3435,9.E-1);
#3444=CIRCLE('',#3443,9.E-1);
#3452=CIRCLE('',#3451,9.E-1);
#3460=CIRCLE('',#3459,9.E-1);
#3468=CIRCLE('',#3467,9.E-1);
#3476=CIRCLE('',#3475,8.5E0);
#3491=CIRCLE('',#3490,8.5E0);
#3499=CIRCLE('',#3498,9.E-1);
#3507=CIRCLE('',#3506,9.E-1);
#3515=CIRCLE('',#3514,9.E-1);
#3523=CIRCLE('',#3522,8.5E0);
#3531=CIRCLE('',#3530,9.E-1);
#3539=CIRCLE('',#3538,9.E-1);
#3547=CIRCLE('',#3546,9.E-1);
#3555=CIRCLE('',#3554,8.5E0);
#3570=CIRCLE('',#3569,8.5E0);
#3578=CIRCLE('',#3577,9.E-1);
#3586=CIRCLE('',#3585,9.E-1);
#3594=CIRCLE('',#3593,9.E-1);
#3602=CIRCLE('',#3601,8.5E0);
#3610=CIRCLE('',#3609,9.E-1);
#3618=CIRCLE('',#3617,9.E-1);
#3647=CIRCLE('',#3646,3.4E0);
#3655=CIRCLE('',#3654,3.4E0);
#3684=CIRCLE('',#3683,3.4E0);
#3692=CIRCLE('',#3691,3.4E0);
#3721=CIRCLE('',#3720,3.4E0);
#3729=CIRCLE('',#3728,3.4E0);
#3758=CIRCLE('',#3757,3.4E0);
#3766=CIRCLE('',#3765,3.4E0);
#3781=CIRCLE('',#3780,3.4E0);
#3803=CIRCLE('',#3802,5.E-1);
#3832=CIRCLE('',#3831,5.E-1);
#3854=CIRCLE('',#3853,3.4E0);
#3876=CIRCLE('',#3875,5.E-1);
#3898=CIRCLE('',#3897,3.4E0);
#3913=CIRCLE('',#3912,3.4E0);
#3935=CIRCLE('',#3934,5.E-1);
#4006=CIRCLE('',#4005,5.2E0);
#4021=CIRCLE('',#4020,5.2E0);
#4036=CIRCLE('',#4035,5.2E0);
#4051=CIRCLE('',#4050,5.2E0);
#4080=CIRCLE('',#4079,4.15E0);
#4109=CIRCLE('',#4108,4.15E0);
#4138=CIRCLE('',#4137,4.15E0);
#4167=CIRCLE('',#4166,4.15E0);
#4259=CIRCLE('',#4258,8.5E0);
#4274=CIRCLE('',#4273,8.5E0);
#4373=CIRCLE('',#4372,8.5E0);
#4381=CIRCLE('',#4380,8.5E0);
#4396=CIRCLE('',#4395,9.E-1);
#4418=CIRCLE('',#4417,9.E-1);
#4447=CIRCLE('',#4446,8.5E0);
#4455=CIRCLE('',#4454,8.5E0);
#4470=CIRCLE('',#4469,9.E-1);
#4492=CIRCLE('',#4491,9.E-1);
#4514=CIRCLE('',#4513,4.15E0);
#4599=CIRCLE('',#4598,4.15E0);
#4684=CIRCLE('',#4683,4.15E0);
#4769=CIRCLE('',#4768,4.15E0);
#5302=CIRCLE('',#5301,3.4E0);
#5324=CIRCLE('',#5323,3.4E0);
#5346=CIRCLE('',#5345,3.4E0);
#5424=CIRCLE('',#5423,5.E-1);
#5495=CIRCLE('',#5494,3.4E0);
#5517=CIRCLE('',#5516,3.4E0);
#5539=CIRCLE('',#5538,3.4E0);
#5617=CIRCLE('',#5616,3.4E0);
#5639=CIRCLE('',#5638,3.4E0);
#5661=CIRCLE('',#5660,3.4E0);
#5739=CIRCLE('',#5738,5.E-1);
#5754=CIRCLE('',#5753,3.4E0);
#5776=CIRCLE('',#5775,5.E-1);
#5791=CIRCLE('',#5790,5.E-1);
#5806=CIRCLE('',#5805,1.6E0);
#5821=CIRCLE('',#5820,1.6E0);
#5836=CIRCLE('',#5835,1.6E0);
#5851=CIRCLE('',#5850,1.6E0);
#5995=B_SPLINE_CURVE_WITH_KNOTS('',3,(#5988,#5989,#5990,#5991,#5992,#5993,
#5994),.UNSPECIFIED.,.F.,.F.,(4,1,1,1,4),(0.E0,2.381003774423E-1,
4.705448861708E-1,7.134261040554E-1,1.E0),.UNSPECIFIED.);
#6006=B_SPLINE_CURVE_WITH_KNOTS('',3,(#5999,#6000,#6001,#6002,#6003,#6004,
#6005),.UNSPECIFIED.,.F.,.F.,(4,1,1,1,4),(0.E0,2.564765967509E-1,
4.962240212523E-1,7.378000949162E-1,1.E0),.UNSPECIFIED.);
#6076=B_SPLINE_CURVE_WITH_KNOTS('',3,(#6017,#6018,#6019,#6020,#6021,#6022,#6023,
#6024,#6025,#6026,#6027,#6028,#6029,#6030,#6031,#6032,#6033,#6034,#6035,#6036,
#6037,#6038,#6039,#6040,#6041,#6042,#6043,#6044,#6045,#6046,#6047,#6048,#6049,
#6050,#6051,#6052,#6053,#6054,#6055,#6056,#6057,#6058,#6059,#6060,#6061,#6062,
#6063,#6064,#6065,#6066,#6067,#6068,#6069,#6070,#6071,#6072,#6073,#6074,#6075),
.UNSPECIFIED.,.F.,.F.,(4,1,1,1,1,1,1,1,1,1,1,1,1,1,1,1,1,1,1,1,1,1,1,1,1,1,1,1,
1,1,1,1,1,1,1,1,1,1,1,1,1,1,1,1,1,1,1,1,1,1,1,1,1,1,1,1,4),(0.E0,
8.456625822468E-3,1.696014750316E-2,2.563118922941E-2,3.006985831580E-2,
3.459939110998E-2,4.338356803674E-2,5.202169900877E-2,6.888732303476E-2,
1.011812529402E-1,1.320525825487E-1,1.620801515984E-1,1.919233716528E-1,
2.223423227855E-1,2.380566384831E-1,2.542430572406E-1,2.710199108012E-1,
2.796701508195E-1,2.885132641396E-1,2.979319206957E-1,3.072181488453E-1,
3.254329105604E-1,3.432469838429E-1,3.607376710325E-1,3.949850439535E-1,
4.286953895692E-1,4.622657344481E-1,4.960449996606E-1,5.131369220463E-1,
5.304121072375E-1,5.479197313353E-1,5.567795438168E-1,5.657180521540E-1,
5.746149720483E-1,5.833511976900E-1,6.003738033171E-1,6.168685834592E-1,
6.329208038292E-1,6.640314367123E-1,6.945945393326E-1,7.255769493658E-1,
7.580208386153E-1,7.751445357489E-1,7.930251192571E-1,8.117870860763E-1,
8.215386643238E-1,8.315550843738E-1,8.373258228532E-1,8.430351873702E-1,
8.542799847823E-1,8.653130214212E-1,8.761573340879E-1,8.973652164107E-1,
9.181014132759E-1,9.385562995967E-1,9.589169676507E-1,1.E0),.UNSPECIFIED.);
#6094=B_SPLINE_CURVE_WITH_KNOTS('',3,(#6087,#6088,#6089,#6090,#6091,#6092,
#6093),.UNSPECIFIED.,.F.,.F.,(4,1,1,1,4),(0.E0,2.716721709313E-1,
5.138436815945E-1,7.449165794054E-1,1.E0),.UNSPECIFIED.);
#6103=B_SPLINE_CURVE_WITH_KNOTS('',3,(#6098,#6099,#6100,#6101,#6102),
.UNSPECIFIED.,.F.,.F.,(4,1,4),(0.E0,4.667075039529E-1,1.E0),.UNSPECIFIED.);
#6211=B_SPLINE_CURVE_WITH_KNOTS('',3,(#6184,#6185,#6186,#6187,#6188,#6189,#6190,
#6191,#6192,#6193,#6194,#6195,#6196,#6197,#6198,#6199,#6200,#6201,#6202,#6203,
#6204,#6205,#6206,#6207,#6208,#6209,#6210),.UNSPECIFIED.,.F.,.F.,(4,1,1,1,1,1,1,
1,1,1,1,1,1,1,1,1,1,1,1,1,1,1,1,1,4),(0.E0,1.552628249077E-2,3.105256498153E-2,
6.210512996307E-2,9.315769494460E-2,1.242102599261E-1,1.863153898892E-1,
2.484205198523E-1,3.105256498153E-1,3.726307797784E-1,4.347359097415E-1,
4.657884747230E-1,4.968410397045E-1,5.282868874214E-1,5.597327351382E-1,
6.226244305718E-1,6.855161260055E-1,7.484078214391E-1,8.112995168728E-1,
8.741912123064E-1,9.056370600233E-1,9.370829077401E-1,9.685287554569E-1,
9.842516793153E-1,1.E0),.UNSPECIFIED.);
#6242=B_SPLINE_CURVE_WITH_KNOTS('',3,(#6215,#6216,#6217,#6218,#6219,#6220,#6221,
#6222,#6223,#6224,#6225,#6226,#6227,#6228,#6229,#6230,#6231,#6232,#6233,#6234,
#6235,#6236,#6237,#6238,#6239,#6240,#6241),.UNSPECIFIED.,.F.,.F.,(4,1,1,1,1,1,1,
1,1,1,1,1,1,1,1,1,1,1,1,1,1,1,1,1,4),(0.E0,1.569832567721E-2,3.142204818068E-2,
6.286949318762E-2,9.431693819456E-2,1.257643832015E-1,1.886592732154E-1,
2.515541632293E-1,3.144490532431E-1,3.773439432570E-1,4.402388332709E-1,
4.716862782779E-1,5.031337232848E-1,5.341878655795E-1,5.652420078742E-1,
6.273502924636E-1,6.894585770530E-1,7.515668616424E-1,8.136751462318E-1,
8.757834308212E-1,9.068375731159E-1,9.378917154106E-1,9.689458577053E-1,
9.844729288526E-1,1.E0),.UNSPECIFIED.);
#6269=B_SPLINE_CURVE_WITH_KNOTS('',3,(#6246,#6247,#6248,#6249,#6250,#6251,#6252,
#6253,#6254,#6255,#6256,#6257,#6258,#6259,#6260,#6261,#6262,#6263,#6264,#6265,
#6266,#6267,#6268),.UNSPECIFIED.,.F.,.F.,(4,1,1,1,1,1,1,1,1,1,1,1,1,1,1,1,1,1,1,
1,4),(0.E0,1.244407294033E-1,1.873745039641E-1,2.511309129258E-1,
3.158435089797E-1,3.816132691082E-1,4.149867315795E-1,4.487253681213E-1,
4.828978505968E-1,5.001789525291E-1,5.176049508255E-1,5.349420602899E-1,
5.519604677778E-1,5.851104343008E-1,6.172162419424E-1,6.484216011729E-1,
7.085913597303E-1,7.667316710955E-1,8.238571835249E-1,8.810477762156E-1,1.E0),
.UNSPECIFIED.);
#6279=B_SPLINE_CURVE_WITH_KNOTS('',3,(#6273,#6274,#6275,#6276,#6277,#6278),
.UNSPECIFIED.,.F.,.F.,(4,1,1,4),(0.E0,2.306822501119E-1,4.617348909772E-1,1.E0),
.UNSPECIFIED.);
#6323=B_SPLINE_CURVE_WITH_KNOTS('',3,(#6318,#6319,#6320,#6321,#6322),
.UNSPECIFIED.,.F.,.F.,(4,1,4),(0.E0,5.224269500891E-1,1.E0),.UNSPECIFIED.);
#6350=B_SPLINE_CURVE_WITH_KNOTS('',3,(#6327,#6328,#6329,#6330,#6331,#6332,#6333,
#6334,#6335,#6336,#6337,#6338,#6339,#6340,#6341,#6342,#6343,#6344,#6345,#6346,
#6347,#6348,#6349),.UNSPECIFIED.,.F.,.F.,(4,1,1,1,1,1,1,1,1,1,1,1,1,1,1,1,1,1,1,
1,4),(0.E0,1.239740076137E-1,1.868978880936E-1,2.507569520760E-1,
3.156512633814E-1,3.816482644685E-1,4.151423837198E-1,4.490018785762E-1,
4.832924144037E-1,5.006306754393E-1,5.181122435556E-1,5.355023644290E-1,
5.525703897739E-1,5.858092492520E-1,6.179896836866E-1,6.492546464560E-1,
7.094946362669E-1,7.676315009151E-1,8.246698340790E-1,8.816819883394E-1,1.E0),
.UNSPECIFIED.);
#6361=B_SPLINE_CURVE_WITH_KNOTS('',3,(#6354,#6355,#6356,#6357,#6358,#6359,
#6360),.UNSPECIFIED.,.F.,.F.,(4,1,1,1,4),(0.E0,2.288659685178E-1,
4.580207418261E-1,7.086959461395E-1,1.E0),.UNSPECIFIED.);
#6405=B_SPLINE_CURVE_WITH_KNOTS('',3,(#6400,#6401,#6402,#6403,#6404),
.UNSPECIFIED.,.F.,.F.,(4,1,4),(0.E0,5.231805396767E-1,1.E0),.UNSPECIFIED.);
#6436=B_SPLINE_CURVE_WITH_KNOTS('',3,(#6409,#6410,#6411,#6412,#6413,#6414,#6415,
#6416,#6417,#6418,#6419,#6420,#6421,#6422,#6423,#6424,#6425,#6426,#6427,#6428,
#6429,#6430,#6431,#6432,#6433,#6434,#6435),.UNSPECIFIED.,.F.,.F.,(4,1,1,1,1,1,1,
1,1,1,1,1,1,1,1,1,1,1,1,1,1,1,1,1,4),(0.E0,1.572292385850E-2,3.144584771699E-2,
6.289169543399E-2,9.433754315098E-2,1.257833908680E-1,1.886750863020E-1,
2.515667817360E-1,3.144584771699E-1,3.773501726039E-1,4.402418680379E-1,
4.716877157549E-1,5.031335634719E-1,5.341861284533E-1,5.652386934347E-1,
6.273438233975E-1,6.894489533602E-1,7.515540833230E-1,8.136592132858E-1,
8.757643432485E-1,9.068169082299E-1,9.378694732113E-1,9.689220381927E-1,
9.844483206834E-1,1.E0),.UNSPECIFIED.);
#6467=B_SPLINE_CURVE_WITH_KNOTS('',3,(#6440,#6441,#6442,#6443,#6444,#6445,#6446,
#6447,#6448,#6449,#6450,#6451,#6452,#6453,#6454,#6455,#6456,#6457,#6458,#6459,
#6460,#6461,#6462,#6463,#6464,#6465,#6466),.UNSPECIFIED.,.F.,.F.,(4,1,1,1,1,1,1,
1,1,1,1,1,1,1,1,1,1,1,1,1,1,1,1,1,4),(0.E0,1.550167432137E-2,3.102874546868E-2,
6.208288776330E-2,9.313703005792E-2,1.241911723525E-1,1.862994569418E-1,
2.484077415310E-1,3.105160261203E-1,3.726243107095E-1,4.347325952987E-1,
4.657867375934E-1,4.968408798880E-1,5.282883248950E-1,5.597357699020E-1,
6.226306599160E-1,6.855255499300E-1,7.484204399440E-1,8.113153299580E-1,
8.742102199720E-1,9.056576649790E-1,9.371051099860E-1,9.685525549930E-1,
9.842762774965E-1,1.E0),.UNSPECIFIED.);
#6888=CIRCLE('',#6887,1.58E0);
#6917=CIRCLE('',#6916,1.58E0);
#8051=EDGE_CURVE('',#6943,#7721,#19,.T.);
#8053=EDGE_CURVE('',#6941,#6943,#28,.T.);
#8055=EDGE_CURVE('',#6939,#6941,#35,.T.);
#8057=EDGE_CURVE('',#6938,#6939,#43,.T.);
#8059=EDGE_CURVE('',#7632,#6938,#50,.T.);
#8061=EDGE_CURVE('',#7632,#7633,#57,.T.);
#8063=EDGE_CURVE('',#7633,#7034,#64,.T.);
#8065=EDGE_CURVE('',#7034,#7035,#72,.T.);
#8067=EDGE_CURVE('',#7035,#7685,#79,.T.);
#8069=EDGE_CURVE('',#7696,#7685,#86,.T.);
#8071=EDGE_CURVE('',#7701,#7696,#93,.T.);
#8073=EDGE_CURVE('',#7683,#7701,#100,.T.);
#8075=EDGE_CURVE('',#7683,#7681,#107,.T.);
#8077=EDGE_CURVE('',#7688,#7681,#114,.T.);
#8079=EDGE_CURVE('',#7693,#7688,#121,.T.);
#8081=EDGE_CURVE('',#7679,#7693,#128,.T.);
#8083=EDGE_CURVE('',#7679,#7038,#135,.T.);
#8085=EDGE_CURVE('',#7038,#7039,#143,.T.);
#8087=EDGE_CURVE('',#7039,#7622,#150,.T.);
#8089=EDGE_CURVE('',#7725,#7622,#157,.T.);
#8091=EDGE_CURVE('',#7721,#7725,#164,.T.);
#8095=ADVANCED_FACE('',(#8094),#8050,.T.);
#8101=EDGE_CURVE('',#7739,#6930,#171,.T.);
#8103=EDGE_CURVE('',#7741,#7739,#178,.T.);
#8105=EDGE_CURVE('',#7741,#7629,#185,.T.);
#8107=EDGE_CURVE('',#7629,#7026,#192,.T.);
#8109=EDGE_CURVE('',#7026,#7027,#200,.T.);
#8111=EDGE_CURVE('',#7027,#7665,#207,.T.);
#8113=EDGE_CURVE('',#7712,#7665,#214,.T.);
#8115=EDGE_CURVE('',#7717,#7712,#221,.T.);
#8117=EDGE_CURVE('',#7663,#7717,#228,.T.);
#8119=EDGE_CURVE('',#7663,#7669,#235,.T.);
#8121=EDGE_CURVE('',#7704,#7669,#242,.T.);
#8123=EDGE_CURVE('',#7709,#7704,#249,.T.);
#8125=EDGE_CURVE('',#7667,#7709,#256,.T.);
#8127=EDGE_CURVE('',#7667,#7030,#263,.T.);
#8129=EDGE_CURVE('',#7030,#7031,#271,.T.);
#8131=EDGE_CURVE('',#7031,#8037,#278,.T.);
#8133=EDGE_CURVE('',#8040,#8037,#285,.T.);
#8135=EDGE_CURVE('',#8045,#8040,#292,.T.);
#8137=EDGE_CURVE('',#8035,#8045,#299,.T.);
#8139=EDGE_CURVE('',#8035,#7637,#306,.T.);
#8141=EDGE_CURVE('',#7636,#7637,#313,.T.);
#8143=EDGE_CURVE('',#6935,#7636,#320,.T.);
#8145=EDGE_CURVE('',#6933,#6935,#328,.T.);
#8147=EDGE_CURVE('',#6931,#6933,#335,.T.);
#8149=EDGE_CURVE('',#6930,#6931,#343,.T.);
#8153=ADVANCED_FACE('',(#8152),#8100,.T.);
#8159=EDGE_CURVE('',#7720,#7721,#350,.T.);
#8161=EDGE_CURVE('',#7727,#7720,#358,.T.);
#8163=EDGE_CURVE('',#7731,#7727,#365,.T.);
#8165=EDGE_CURVE('',#7735,#7731,#373,.T.);
#8167=EDGE_CURVE('',#7739,#7735,#380,.T.);
#8170=EDGE_CURVE('',#6930,#6951,#2479,.T.);
#8172=EDGE_CURVE('',#6951,#6955,#387,.T.);
#8174=EDGE_CURVE('',#6943,#6955,#394,.T.);
#8179=ADVANCED_FACE('',(#8178),#8158,.T.);
#8187=EDGE_CURVE('',#7724,#7725,#408,.T.);
#8189=EDGE_CURVE('',#7720,#7724,#401,.T.);
#8193=ADVANCED_FACE('',(#8192),#8184,.T.);
#8201=EDGE_CURVE('',#7622,#7623,#415,.T.);
#8203=EDGE_CURVE('',#7623,#7724,#6895,.T.);
#8207=ADVANCED_FACE('',(#8206),#8198,.F.);
#8215=EDGE_CURVE('',#7039,#7010,#422,.T.);
#8217=EDGE_CURVE('',#7010,#7011,#752,.T.);
#8219=EDGE_CURVE('',#7026,#7011,#745,.T.);
#8222=EDGE_CURVE('',#7627,#7629,#429,.T.);
#8224=EDGE_CURVE('',#7626,#7627,#440,.T.);
#8226=EDGE_CURVE('',#7624,#7626,#447,.T.);
#8228=EDGE_CURVE('',#7623,#7624,#458,.T.);
#8232=ADVANCED_FACE('',(#8231),#8212,.F.);
#8239=EDGE_CURVE('',#7038,#7023,#465,.T.);
#8241=EDGE_CURVE('',#7023,#7010,#760,.T.);
#8246=ADVANCED_FACE('',(#8245),#8237,.F.);
#8252=EDGE_CURVE('',#7672,#7673,#472,.T.);
#8254=EDGE_CURVE('',#7685,#7673,#479,.T.);
#8257=EDGE_CURVE('',#7035,#7021,#486,.T.);
#8259=EDGE_CURVE('',#7021,#7023,#767,.T.);
#8263=EDGE_CURVE('',#7679,#7676,#493,.T.);
#8265=EDGE_CURVE('',#7676,#7677,#500,.T.);
#8267=EDGE_CURVE('',#7681,#7677,#507,.T.);
#8270=EDGE_CURVE('',#7683,#7672,#514,.T.);
#8274=ADVANCED_FACE('',(#8273),#8251,.F.);
#8280=EDGE_CURVE('',#7656,#7657,#626,.T.);
#8282=EDGE_CURVE('',#7657,#7652,#521,.T.);
#8284=EDGE_CURVE('',#7652,#7653,#528,.T.);
#8286=EDGE_CURVE('',#7653,#7656,#535,.T.);
#8290=ADVANCED_FACE('',(#8289),#8279,.F.);
#8296=EDGE_CURVE('',#7660,#7661,#647,.T.);
#8298=EDGE_CURVE('',#7661,#7648,#542,.T.);
#8300=EDGE_CURVE('',#7648,#7649,#549,.T.);
#8302=EDGE_CURVE('',#7649,#7660,#556,.T.);
#8306=ADVANCED_FACE('',(#8305),#8295,.F.);
#8313=EDGE_CURVE('',#7672,#7644,#563,.T.);
#8315=EDGE_CURVE('',#7644,#7645,#570,.T.);
#8317=EDGE_CURVE('',#7645,#7673,#577,.T.);
#8321=ADVANCED_FACE('',(#8320),#8311,.F.);
#8328=EDGE_CURVE('',#7676,#7640,#584,.T.);
#8330=EDGE_CURVE('',#7640,#7641,#591,.T.);
#8332=EDGE_CURVE('',#7641,#7677,#598,.T.);
#8336=ADVANCED_FACE('',(#8335),#8326,.F.);
#8342=EDGE_CURVE('',#8032,#8033,#931,.T.);
#8344=EDGE_CURVE('',#8033,#8028,#605,.T.);
#8346=EDGE_CURVE('',#8028,#8029,#612,.T.);
#8348=EDGE_CURVE('',#8029,#8032,#619,.T.);
#8352=ADVANCED_FACE('',(#8351),#8341,.F.);
#8359=EDGE_CURVE('',#7669,#7656,#633,.T.);
#8362=EDGE_CURVE('',#7663,#7661,#640,.T.);
#8365=EDGE_CURVE('',#7665,#7660,#654,.T.);
#8368=EDGE_CURVE('',#7027,#7013,#661,.T.);
#8370=EDGE_CURVE('',#7013,#7015,#797,.T.);
#8372=EDGE_CURVE('',#7030,#7015,#1027,.T.);
#8375=EDGE_CURVE('',#7667,#7657,#668,.T.);
#8379=ADVANCED_FACE('',(#8378),#8357,.F.);
#8385=EDGE_CURVE('',#7704,#7705,#675,.T.);
#8390=EDGE_CURVE('',#7705,#7653,#682,.T.);
#8394=ADVANCED_FACE('',(#8393),#8384,.T.);
#8401=EDGE_CURVE('',#7707,#7705,#689,.T.);
#8403=EDGE_CURVE('',#7707,#7709,#703,.T.);
#8408=ADVANCED_FACE('',(#8407),#8399,.T.);
#8417=EDGE_CURVE('',#7707,#7652,#696,.T.);
#8421=ADVANCED_FACE('',(#8420),#8413,.T.);
#8434=ADVANCED_FACE('',(#8433),#8426,.T.);
#8440=EDGE_CURVE('',#7715,#7717,#710,.T.);
#8442=EDGE_CURVE('',#7715,#7648,#738,.T.);
#8449=ADVANCED_FACE('',(#8448),#8439,.T.);
#8455=EDGE_CURVE('',#7712,#7713,#717,.T.);
#8457=EDGE_CURVE('',#7715,#7713,#731,.T.);
#8463=ADVANCED_FACE('',(#8462),#8454,.T.);
#8473=EDGE_CURVE('',#7713,#7649,#724,.T.);
#8477=ADVANCED_FACE('',(#8476),#8468,.T.);
#8489=ADVANCED_FACE('',(#8488),#8482,.T.);
#8497=EDGE_CURVE('',#7011,#7013,#805,.T.);
#8502=ADVANCED_FACE('',(#8501),#8494,.F.);
#8511=EDGE_CURVE('',#7019,#7021,#775,.T.);
#8513=EDGE_CURVE('',#7017,#7019,#782,.T.);
#8515=EDGE_CURVE('',#7015,#7017,#790,.T.);
#8521=EDGE_CURVE('',#7921,#7915,#5445,.T.);
#8523=EDGE_CURVE('',#7941,#7915,#812,.T.);
#8525=EDGE_CURVE('',#7941,#7934,#5302,.T.);
#8527=EDGE_CURVE('',#7934,#7935,#5324,.T.);
#8529=EDGE_CURVE('',#7917,#7935,#819,.T.);
#8531=EDGE_CURVE('',#7917,#7006,#5466,.T.);
#8533=EDGE_CURVE('',#7006,#7007,#5424,.T.);
#8535=EDGE_CURVE('',#7007,#7891,#5374,.T.);
#8537=EDGE_CURVE('',#7938,#7891,#826,.T.);
#8539=EDGE_CURVE('',#7938,#7939,#5346,.T.);
#8541=EDGE_CURVE('',#7893,#7939,#833,.T.);
#8543=EDGE_CURVE('',#7893,#7895,#5402,.T.);
#8545=EDGE_CURVE('',#7924,#7895,#840,.T.);
#8547=EDGE_CURVE('',#7924,#7925,#2772,.T.);
#8549=EDGE_CURVE('',#7897,#7925,#847,.T.);
#8551=EDGE_CURVE('',#7897,#6994,#5416,.T.);
#8553=EDGE_CURVE('',#6994,#6995,#5739,.T.);
#8555=EDGE_CURVE('',#6995,#7899,#5689,.T.);
#8557=EDGE_CURVE('',#7928,#7899,#854,.T.);
#8559=EDGE_CURVE('',#7928,#7929,#2794,.T.);
#8561=EDGE_CURVE('',#7929,#7931,#5754,.T.);
#8563=EDGE_CURVE('',#7901,#7931,#861,.T.);
#8565=EDGE_CURVE('',#7901,#7903,#5717,.T.);
#8567=EDGE_CURVE('',#7944,#7903,#868,.T.);
#8569=EDGE_CURVE('',#7944,#7945,#5661,.T.);
#8571=EDGE_CURVE('',#7945,#7947,#5617,.T.);
#8573=EDGE_CURVE('',#7905,#7947,#875,.T.);
#8575=EDGE_CURVE('',#7905,#6998,#5731,.T.);
#8577=EDGE_CURVE('',#6998,#6999,#5776,.T.);
#8579=EDGE_CURVE('',#6999,#7911,#5602,.T.);
#8581=EDGE_CURVE('',#7950,#7911,#882,.T.);
#8583=EDGE_CURVE('',#7950,#7951,#5639,.T.);
#8585=EDGE_CURVE('',#7913,#7951,#889,.T.);
#8587=EDGE_CURVE('',#7913,#7907,#5567,.T.);
#8589=EDGE_CURVE('',#7958,#7907,#896,.T.);
#8591=EDGE_CURVE('',#7958,#7959,#5517,.T.);
#8593=EDGE_CURVE('',#7909,#7959,#903,.T.);
#8595=EDGE_CURVE('',#7909,#7002,#5588,.T.);
#8597=EDGE_CURVE('',#7002,#7003,#5791,.T.);
#8599=EDGE_CURVE('',#7003,#7919,#5480,.T.);
#8601=EDGE_CURVE('',#7961,#7919,#910,.T.);
#8603=EDGE_CURVE('',#7961,#7954,#5539,.T.);
#8605=EDGE_CURVE('',#7954,#7955,#5495,.T.);
#8607=EDGE_CURVE('',#7921,#7955,#917,.T.);
#8611=ADVANCED_FACE('',(#8520,#8610),#8507,.T.);
#8618=EDGE_CURVE('',#7034,#7019,#924,.T.);
#8624=ADVANCED_FACE('',(#8623),#8616,.F.);
#8631=EDGE_CURVE('',#8037,#8032,#938,.T.);
#8634=EDGE_CURVE('',#7031,#7017,#945,.T.);
#8639=EDGE_CURVE('',#7633,#7637,#978,.T.);
#8642=EDGE_CURVE('',#8035,#8033,#985,.T.);
#8646=ADVANCED_FACE('',(#8645),#8629,.F.);
#8652=EDGE_CURVE('',#8040,#8041,#992,.T.);
#8657=EDGE_CURVE('',#8041,#8029,#999,.T.);
#8661=ADVANCED_FACE('',(#8660),#8651,.T.);
#8668=EDGE_CURVE('',#8043,#8041,#1006,.T.);
#8670=EDGE_CURVE('',#8043,#8045,#1020,.T.);
#8675=ADVANCED_FACE('',(#8674),#8666,.T.);
#8684=EDGE_CURVE('',#8043,#8028,#1013,.T.);
#8688=ADVANCED_FACE('',(#8687),#8680,.T.);
#8701=ADVANCED_FACE('',(#8700),#8693,.T.);
#8713=ADVANCED_FACE('',(#8712),#8706,.F.);
#8720=EDGE_CURVE('',#7632,#7636,#1035,.T.);
#8726=ADVANCED_FACE('',(#8725),#8718,.F.);
#8734=EDGE_CURVE('',#6938,#6967,#1064,.T.);
#8736=EDGE_CURVE('',#6967,#6971,#1042,.T.);
#8738=EDGE_CURVE('',#6935,#6971,#1049,.T.);
#8743=ADVANCED_FACE('',(#8742),#8731,.T.);
#8749=EDGE_CURVE('',#6963,#6967,#1057,.T.);
#8753=EDGE_CURVE('',#6939,#6963,#2449,.T.);
#8757=ADVANCED_FACE('',(#8756),#8748,.T.);
#8763=EDGE_CURVE('',#6961,#6965,#1110,.T.);
#8765=EDGE_CURVE('',#6965,#6967,#2532,.T.);
#8768=EDGE_CURVE('',#6961,#6963,#1072,.T.);
#8772=ADVANCED_FACE('',(#8771),#8762,.T.);
#8778=EDGE_CURVE('',#6946,#6947,#1080,.T.);
#8780=EDGE_CURVE('',#6973,#6946,#1087,.T.);
#8782=EDGE_CURVE('',#6969,#6973,#1095,.T.);
#8784=EDGE_CURVE('',#6965,#6969,#1102,.T.);
#8787=EDGE_CURVE('',#6957,#6961,#1117,.T.);
#8789=EDGE_CURVE('',#6953,#6957,#1125,.T.);
#8791=EDGE_CURVE('',#6947,#6953,#1132,.T.);
#8795=EDGE_CURVE('',#7078,#7079,#1140,.T.);
#8797=EDGE_CURVE('',#7079,#7078,#1148,.T.);
#8801=EDGE_CURVE('',#7082,#7083,#1156,.T.);
#8803=EDGE_CURVE('',#7083,#7082,#1164,.T.);
#8807=EDGE_CURVE('',#7110,#7111,#1172,.T.);
#8809=EDGE_CURVE('',#7111,#7110,#1180,.T.);
#8813=EDGE_CURVE('',#7114,#7115,#1188,.T.);
#8815=EDGE_CURVE('',#7115,#7114,#1196,.T.);
#8819=EDGE_CURVE('',#7126,#7127,#1204,.T.);
#8821=EDGE_CURVE('',#7127,#7126,#1212,.T.);
#8825=EDGE_CURVE('',#7134,#7135,#1220,.T.);
#8827=EDGE_CURVE('',#7135,#7134,#1228,.T.);
#8831=EDGE_CURVE('',#7142,#7143,#1236,.T.);
#8833=EDGE_CURVE('',#7143,#7142,#1244,.T.);
#8837=EDGE_CURVE('',#7150,#7151,#1252,.T.);
#8839=EDGE_CURVE('',#7151,#7150,#1260,.T.);
#8843=EDGE_CURVE('',#7158,#7159,#1268,.T.);
#8845=EDGE_CURVE('',#7159,#7158,#1276,.T.);
#8849=EDGE_CURVE('',#7166,#7167,#1284,.T.);
#8851=EDGE_CURVE('',#7167,#7166,#1292,.T.);
#8855=EDGE_CURVE('',#7174,#7175,#1300,.T.);
#8857=EDGE_CURVE('',#7175,#7174,#1308,.T.);
#8861=EDGE_CURVE('',#7182,#7183,#1316,.T.);
#8863=EDGE_CURVE('',#7183,#7182,#1324,.T.);
#8867=EDGE_CURVE('',#7190,#7191,#1332,.T.);
#8869=EDGE_CURVE('',#7191,#7190,#1340,.T.);
#8873=EDGE_CURVE('',#7198,#7199,#1348,.T.);
#8875=EDGE_CURVE('',#7199,#7198,#1356,.T.);
#8879=EDGE_CURVE('',#7206,#7207,#1364,.T.);
#8881=EDGE_CURVE('',#7207,#7206,#1372,.T.);
#8885=EDGE_CURVE('',#7214,#7215,#1380,.T.);
#8887=EDGE_CURVE('',#7215,#7214,#1388,.T.);
#8891=EDGE_CURVE('',#7222,#7223,#1396,.T.);
#8893=EDGE_CURVE('',#7223,#7222,#1404,.T.);
#8897=EDGE_CURVE('',#7230,#7231,#1412,.T.);
#8899=EDGE_CURVE('',#7231,#7230,#1420,.T.);
#8903=EDGE_CURVE('',#7238,#7239,#1428,.T.);
#8905=EDGE_CURVE('',#7239,#7238,#1436,.T.);
#8909=EDGE_CURVE('',#7246,#7247,#1444,.T.);
#8911=EDGE_CURVE('',#7247,#7246,#1452,.T.);
#8915=EDGE_CURVE('',#7254,#7255,#1460,.T.);
#8917=EDGE_CURVE('',#7255,#7254,#1468,.T.);
#8921=EDGE_CURVE('',#7262,#7263,#1476,.T.);
#8923=EDGE_CURVE('',#7263,#7262,#1484,.T.);
#8927=EDGE_CURVE('',#7270,#7271,#1492,.T.);
#8929=EDGE_CURVE('',#7271,#7270,#1500,.T.);
#8933=EDGE_CURVE('',#7278,#7279,#1508,.T.);
#8935=EDGE_CURVE('',#7279,#7278,#1516,.T.);
#8939=EDGE_CURVE('',#7286,#7287,#1524,.T.);
#8941=EDGE_CURVE('',#7287,#7286,#1532,.T.);
#8945=EDGE_CURVE('',#7294,#7295,#1540,.T.);
#8947=EDGE_CURVE('',#7295,#7294,#1548,.T.);
#8951=EDGE_CURVE('',#7302,#7303,#1556,.T.);
#8953=EDGE_CURVE('',#7303,#7302,#1564,.T.);
#8957=EDGE_CURVE('',#7310,#7311,#1572,.T.);
#8959=EDGE_CURVE('',#7311,#7310,#1580,.T.);
#8963=EDGE_CURVE('',#7318,#7319,#1588,.T.);
#8965=EDGE_CURVE('',#7319,#7318,#1596,.T.);
#8969=EDGE_CURVE('',#7326,#7327,#1604,.T.);
#8971=EDGE_CURVE('',#7327,#7326,#1612,.T.);
#8975=EDGE_CURVE('',#7334,#7335,#1620,.T.);
#8977=EDGE_CURVE('',#7335,#7334,#1628,.T.);
#8981=EDGE_CURVE('',#7342,#7343,#1636,.T.);
#8983=EDGE_CURVE('',#7343,#7342,#1644,.T.);
#8987=EDGE_CURVE('',#7350,#7351,#1652,.T.);
#8989=EDGE_CURVE('',#7351,#7350,#1660,.T.);
#8993=EDGE_CURVE('',#7358,#7359,#1668,.T.);
#8995=EDGE_CURVE('',#7359,#7358,#1676,.T.);
#8999=EDGE_CURVE('',#7366,#7367,#1684,.T.);
#9001=EDGE_CURVE('',#7367,#7366,#1692,.T.);
#9005=EDGE_CURVE('',#7374,#7375,#1700,.T.);
#9007=EDGE_CURVE('',#7375,#7374,#1708,.T.);
#9011=EDGE_CURVE('',#7382,#7383,#1716,.T.);
#9013=EDGE_CURVE('',#7383,#7382,#1724,.T.);
#9017=EDGE_CURVE('',#7390,#7391,#1732,.T.);
#9019=EDGE_CURVE('',#7391,#7390,#1740,.T.);
#9023=EDGE_CURVE('',#7398,#7399,#1748,.T.);
#9025=EDGE_CURVE('',#7399,#7398,#1756,.T.);
#9029=EDGE_CURVE('',#7408,#7409,#1764,.T.);
#9031=EDGE_CURVE('',#7409,#7408,#1772,.T.);
#9035=EDGE_CURVE('',#7416,#7417,#1780,.T.);
#9037=EDGE_CURVE('',#7417,#7416,#1788,.T.);
#9041=EDGE_CURVE('',#7426,#7427,#1796,.T.);
#9043=EDGE_CURVE('',#7427,#7426,#1804,.T.);
#9047=EDGE_CURVE('',#7436,#7437,#1812,.T.);
#9049=EDGE_CURVE('',#7437,#7436,#1820,.T.);
#9053=EDGE_CURVE('',#7444,#7445,#1828,.T.);
#9055=EDGE_CURVE('',#7445,#7444,#1836,.T.);
#9059=EDGE_CURVE('',#7538,#7539,#1843,.T.);
#9061=EDGE_CURVE('',#7539,#7541,#1850,.T.);
#9063=EDGE_CURVE('',#7541,#7543,#1857,.T.);
#9065=EDGE_CURVE('',#7543,#7545,#1864,.T.);
#9067=EDGE_CURVE('',#7545,#7547,#1871,.T.);
#9069=EDGE_CURVE('',#7547,#7538,#1878,.T.);
#9073=EDGE_CURVE('',#7550,#7551,#1885,.T.);
#9075=EDGE_CURVE('',#7551,#7553,#1892,.T.);
#9077=EDGE_CURVE('',#7553,#7555,#1899,.T.);
#9079=EDGE_CURVE('',#7555,#7557,#1906,.T.);
#9081=EDGE_CURVE('',#7557,#7559,#1913,.T.);
#9083=EDGE_CURVE('',#7559,#7550,#1920,.T.);
#9087=EDGE_CURVE('',#7564,#7565,#2012,.T.);
#9089=EDGE_CURVE('',#7565,#7567,#2019,.T.);
#9091=EDGE_CURVE('',#7567,#7568,#2028,.T.);
#9093=EDGE_CURVE('',#7568,#7569,#2039,.T.);
#9095=EDGE_CURVE('',#7569,#7564,#2046,.T.);
#9099=EDGE_CURVE('',#7572,#7573,#2053,.T.);
#9101=EDGE_CURVE('',#7573,#7575,#2060,.T.);
#9103=EDGE_CURVE('',#7575,#7577,#2067,.T.);
#9105=EDGE_CURVE('',#7577,#7572,#2074,.T.);
#9109=EDGE_CURVE('',#7580,#7581,#2081,.T.);
#9111=EDGE_CURVE('',#7581,#7583,#2088,.T.);
#9113=EDGE_CURVE('',#7583,#7585,#2095,.T.);
#9115=EDGE_CURVE('',#7585,#7587,#2102,.T.);
#9117=EDGE_CURVE('',#7587,#7589,#2109,.T.);
#9119=EDGE_CURVE('',#7589,#7580,#2116,.T.);
#9123=EDGE_CURVE('',#7592,#7593,#2205,.T.);
#9125=EDGE_CURVE('',#7593,#7594,#2214,.T.);
#9127=EDGE_CURVE('',#7594,#7596,#2221,.T.);
#9129=EDGE_CURVE('',#7596,#7598,#2228,.T.);
#9131=EDGE_CURVE('',#7598,#7600,#2235,.T.);
#9133=EDGE_CURVE('',#7600,#7602,#2242,.T.);
#9135=EDGE_CURVE('',#7602,#7604,#2249,.T.);
#9137=EDGE_CURVE('',#7604,#7592,#2259,.T.);
#9141=EDGE_CURVE('',#7605,#7606,#2286,.T.);
#9143=EDGE_CURVE('',#7606,#7607,#2295,.T.);
#9145=EDGE_CURVE('',#7607,#7609,#2302,.T.);
#9147=EDGE_CURVE('',#7609,#7611,#2309,.T.);
#9149=EDGE_CURVE('',#7611,#7613,#2316,.T.);
#9151=EDGE_CURVE('',#7613,#7615,#2323,.T.);
#9153=EDGE_CURVE('',#7615,#7617,#2330,.T.);
#9155=EDGE_CURVE('',#7617,#7605,#2341,.T.);
#9159=ADVANCED_FACE('',(#8794,#8800,#8806,#8812,#8818,#8824,#8830,#8836,#8842,
#8848,#8854,#8860,#8866,#8872,#8878,#8884,#8890,#8896,#8902,#8908,#8914,#8920,
#8926,#8932,#8938,#8944,#8950,#8956,#8962,#8968,#8974,#8980,#8986,#8992,#8998,
#9004,#9010,#9016,#9022,#9028,#9034,#9040,#9046,#9052,#9058,#9072,#9086,#9098,
#9108,#9122,#9140,#9158),#8777,.F.);
#9165=EDGE_CURVE('',#7560,#7561,#1931,.T.);
#9167=EDGE_CURVE('',#7560,#7563,#1938,.T.);
#9169=EDGE_CURVE('',#7561,#7563,#1949,.T.);
#9173=ADVANCED_FACE('',(#9172),#9164,.F.);
#9179=EDGE_CURVE('',#7590,#7591,#2147,.T.);
#9181=EDGE_CURVE('',#7591,#7590,#2178,.T.);
#9185=ADVANCED_FACE('',(#9184),#9178,.F.);
#9191=EDGE_CURVE('',#7618,#7619,#2372,.T.);
#9193=EDGE_CURVE('',#7619,#7618,#2403,.T.);
#9197=ADVANCED_FACE('',(#9196),#9190,.F.);
#9204=EDGE_CURVE('',#6947,#6951,#2419,.T.);
#9206=EDGE_CURVE('',#6950,#6951,#2472,.T.);
#9208=EDGE_CURVE('',#6946,#6950,#2411,.T.);
#9212=ADVANCED_FACE('',(#9211),#9202,.T.);
#9219=EDGE_CURVE('',#6953,#6955,#2427,.T.);
#9225=ADVANCED_FACE('',(#9224),#9217,.T.);
#9232=EDGE_CURVE('',#6957,#6959,#2435,.T.);
#9234=EDGE_CURVE('',#6955,#6959,#2457,.T.);
#9239=ADVANCED_FACE('',(#9238),#9230,.T.);
#9247=EDGE_CURVE('',#6959,#6963,#2442,.T.);
#9252=ADVANCED_FACE('',(#9251),#9244,.T.);
#9261=EDGE_CURVE('',#6941,#6959,#2464,.T.);
#9265=ADVANCED_FACE('',(#9264),#9257,.T.);
#9277=ADVANCED_FACE('',(#9276),#9270,.T.);
#9286=EDGE_CURVE('',#6931,#6950,#2493,.T.);
#9290=ADVANCED_FACE('',(#9289),#9282,.T.);
#9296=EDGE_CURVE('',#6975,#6950,#2486,.T.);
#9300=EDGE_CURVE('',#6933,#6975,#2524,.T.);
#9304=ADVANCED_FACE('',(#9303),#9295,.T.);
#9313=EDGE_CURVE('',#6973,#6975,#2501,.T.);
#9317=ADVANCED_FACE('',(#9316),#9309,.T.);
#9325=EDGE_CURVE('',#6971,#6975,#2517,.T.);
#9327=EDGE_CURVE('',#6969,#6971,#2509,.T.);
#9331=ADVANCED_FACE('',(#9330),#9322,.T.);
#9343=ADVANCED_FACE('',(#9342),#9336,.T.);
#9355=ADVANCED_FACE('',(#9354),#9348,.T.);
#9362=EDGE_CURVE('',#7078,#7070,#2539,.T.);
#9364=EDGE_CURVE('',#7070,#7071,#2554,.T.);
#9366=EDGE_CURVE('',#7079,#7071,#2546,.T.);
#9370=ADVANCED_FACE('',(#9369),#9360,.F.);
#9378=EDGE_CURVE('',#7071,#7070,#2562,.T.);
#9383=ADVANCED_FACE('',(#9382),#9375,.F.);
#9393=EDGE_CURVE('',#7062,#7063,#2630,.T.);
#9395=EDGE_CURVE('',#7063,#7062,#2645,.T.);
#9399=ADVANCED_FACE('',(#9392,#9398),#9388,.T.);
#9405=EDGE_CURVE('',#7074,#7075,#2570,.T.);
#9407=EDGE_CURVE('',#7075,#7074,#2578,.T.);
#9411=EDGE_CURVE('',#7066,#7067,#5806,.T.);
#9413=EDGE_CURVE('',#7067,#7066,#5821,.T.);
#9417=ADVANCED_FACE('',(#9410,#9416),#9404,.T.);
#9423=EDGE_CURVE('',#7106,#7107,#2586,.T.);
#9425=EDGE_CURVE('',#7107,#7106,#2594,.T.);
#9429=EDGE_CURVE('',#7102,#7103,#5836,.T.);
#9431=EDGE_CURVE('',#7103,#7102,#5851,.T.);
#9435=ADVANCED_FACE('',(#9428,#9434),#9422,.T.);
#9442=EDGE_CURVE('',#7082,#7074,#2601,.T.);
#9445=EDGE_CURVE('',#7083,#7075,#2608,.T.);
#9449=ADVANCED_FACE('',(#9448),#9440,.F.);
#9461=ADVANCED_FACE('',(#9460),#9454,.F.);
#9468=EDGE_CURVE('',#7110,#7106,#2615,.T.);
#9471=EDGE_CURVE('',#7111,#7107,#2622,.T.);
#9475=ADVANCED_FACE('',(#9474),#9466,.F.);
#9487=ADVANCED_FACE('',(#9486),#9480,.F.);
#9494=EDGE_CURVE('',#7063,#7046,#2637,.T.);
#9496=EDGE_CURVE('',#7046,#7047,#2676,.T.);
#9498=EDGE_CURVE('',#7062,#7047,#2652,.T.);
#9502=ADVANCED_FACE('',(#9501),#9492,.F.);
#9510=EDGE_CURVE('',#7047,#7046,#2684,.T.);
#9515=ADVANCED_FACE('',(#9514),#9507,.F.);
#9521=EDGE_CURVE('',#7042,#7043,#2660,.T.);
#9523=EDGE_CURVE('',#7043,#7042,#2668,.T.);
#9531=ADVANCED_FACE('',(#9526,#9530),#9520,.T.);
#9537=EDGE_CURVE('',#7050,#7051,#2692,.T.);
#9539=EDGE_CURVE('',#7051,#7050,#2700,.T.);
#9543=EDGE_CURVE('',#7054,#7055,#2708,.T.);
#9545=EDGE_CURVE('',#7055,#7054,#2716,.T.);
#9549=ADVANCED_FACE('',(#9542,#9548),#9536,.T.);
#9555=EDGE_CURVE('',#7086,#7087,#2724,.T.);
#9557=EDGE_CURVE('',#7087,#7086,#2732,.T.);
#9561=ADVANCED_FACE('',(#9560),#9554,.T.);
#9567=EDGE_CURVE('',#7094,#7095,#2756,.T.);
#9569=EDGE_CURVE('',#7095,#7094,#2764,.T.);
#9573=EDGE_CURVE('',#7090,#7091,#2740,.T.);
#9575=EDGE_CURVE('',#7091,#7090,#2748,.T.);
#9579=ADVANCED_FACE('',(#9572,#9578),#9566,.T.);
#9586=EDGE_CURVE('',#7869,#7924,#2779,.T.);
#9588=EDGE_CURVE('',#7057,#7869,#3729,.T.);
#9590=EDGE_CURVE('',#7057,#7042,#2786,.T.);
#9593=EDGE_CURVE('',#7929,#7043,#5761,.T.);
#9596=EDGE_CURVE('',#7861,#7928,#2801,.T.);
#9598=EDGE_CURVE('',#7873,#7861,#3898,.T.);
#9600=EDGE_CURVE('',#7873,#7925,#2808,.T.);
#9604=ADVANCED_FACE('',(#9603),#9584,.T.);
#9610=EDGE_CURVE('',#7868,#7869,#3736,.T.);
#9614=EDGE_CURVE('',#7868,#7895,#5395,.T.);
#9618=ADVANCED_FACE('',(#9617),#9609,.T.);
#9624=EDGE_CURVE('',#7448,#7449,#3468,.T.);
#9626=EDGE_CURVE('',#7449,#7812,#3476,.T.);
#9628=EDGE_CURVE('',#7812,#7813,#3483,.T.);
#9630=EDGE_CURVE('',#7819,#7813,#3491,.T.);
#9632=EDGE_CURVE('',#7819,#7402,#3499,.T.);
#9634=EDGE_CURVE('',#7402,#7403,#3507,.T.);
#9636=EDGE_CURVE('',#7403,#7405,#3515,.T.);
#9638=EDGE_CURVE('',#7821,#7405,#3523,.T.);
#9640=EDGE_CURVE('',#7821,#7420,#3531,.T.);
#9642=EDGE_CURVE('',#7420,#7421,#3539,.T.);
#9644=EDGE_CURVE('',#7421,#7423,#3547,.T.);
#9646=EDGE_CURVE('',#7816,#7423,#3555,.T.);
#9648=EDGE_CURVE('',#7816,#7817,#3562,.T.);
#9650=EDGE_CURVE('',#7817,#7823,#3570,.T.);
#9652=EDGE_CURVE('',#7823,#7433,#3578,.T.);
#9654=EDGE_CURVE('',#7433,#7430,#3586,.T.);
#9656=EDGE_CURVE('',#7430,#7431,#3594,.T.);
#9658=EDGE_CURVE('',#7431,#7825,#3602,.T.);
#9660=EDGE_CURVE('',#7825,#7451,#3610,.T.);
#9662=EDGE_CURVE('',#7451,#7448,#3618,.T.);
#9666=EDGE_CURVE('',#7118,#7119,#2876,.T.);
#9668=EDGE_CURVE('',#7119,#7118,#2884,.T.);
#9672=EDGE_CURVE('',#7130,#7131,#2892,.T.);
#9674=EDGE_CURVE('',#7131,#7130,#2900,.T.);
#9678=EDGE_CURVE('',#7138,#7139,#2908,.T.);
#9680=EDGE_CURVE('',#7139,#7138,#2916,.T.);
#9684=EDGE_CURVE('',#7146,#7147,#2924,.T.);
#9686=EDGE_CURVE('',#7147,#7146,#2932,.T.);
#9690=EDGE_CURVE('',#7154,#7155,#2940,.T.);
#9692=EDGE_CURVE('',#7155,#7154,#2948,.T.);
#9696=EDGE_CURVE('',#7162,#7163,#2956,.T.);
#9698=EDGE_CURVE('',#7163,#7162,#2964,.T.);
#9702=EDGE_CURVE('',#7170,#7171,#2972,.T.);
#9704=EDGE_CURVE('',#7171,#7170,#2980,.T.);
#9708=EDGE_CURVE('',#7178,#7179,#2988,.T.);
#9710=EDGE_CURVE('',#7179,#7178,#2996,.T.);
#9714=EDGE_CURVE('',#7186,#7187,#3004,.T.);
#9716=EDGE_CURVE('',#7187,#7186,#3012,.T.);
#9720=EDGE_CURVE('',#7194,#7195,#3020,.T.);
#9722=EDGE_CURVE('',#7195,#7194,#3028,.T.);
#9726=EDGE_CURVE('',#7202,#7203,#3036,.T.);
#9728=EDGE_CURVE('',#7203,#7202,#3044,.T.);
#9732=EDGE_CURVE('',#7210,#7211,#3052,.T.);
#9734=EDGE_CURVE('',#7211,#7210,#3060,.T.);
#9738=EDGE_CURVE('',#7218,#7219,#3068,.T.);
#9740=EDGE_CURVE('',#7219,#7218,#3076,.T.);
#9744=EDGE_CURVE('',#7226,#7227,#3084,.T.);
#9746=EDGE_CURVE('',#7227,#7226,#3092,.T.);
#9750=EDGE_CURVE('',#7234,#7235,#3100,.T.);
#9752=EDGE_CURVE('',#7235,#7234,#3108,.T.);
#9756=EDGE_CURVE('',#7242,#7243,#3116,.T.);
#9758=EDGE_CURVE('',#7243,#7242,#3124,.T.);
#9762=EDGE_CURVE('',#7250,#7251,#3132,.T.);
#9764=EDGE_CURVE('',#7251,#7250,#3140,.T.);
#9768=EDGE_CURVE('',#7258,#7259,#3148,.T.);
#9770=EDGE_CURVE('',#7259,#7258,#3156,.T.);
#9774=EDGE_CURVE('',#7266,#7267,#3164,.T.);
#9776=EDGE_CURVE('',#7267,#7266,#3172,.T.);
#9780=EDGE_CURVE('',#7274,#7275,#3180,.T.);
#9782=EDGE_CURVE('',#7275,#7274,#3188,.T.);
#9786=EDGE_CURVE('',#7282,#7283,#3196,.T.);
#9788=EDGE_CURVE('',#7283,#7282,#3204,.T.);
#9792=EDGE_CURVE('',#7290,#7291,#3212,.T.);
#9794=EDGE_CURVE('',#7291,#7290,#3220,.T.);
#9798=EDGE_CURVE('',#7298,#7299,#3228,.T.);
#9800=EDGE_CURVE('',#7299,#7298,#3236,.T.);
#9804=EDGE_CURVE('',#7306,#7307,#3244,.T.);
#9806=EDGE_CURVE('',#7307,#7306,#3252,.T.);
#9810=EDGE_CURVE('',#7314,#7315,#3260,.T.);
#9812=EDGE_CURVE('',#7315,#7314,#3268,.T.);
#9816=EDGE_CURVE('',#7322,#7323,#3276,.T.);
#9818=EDGE_CURVE('',#7323,#7322,#3284,.T.);
#9822=EDGE_CURVE('',#7330,#7331,#3292,.T.);
#9824=EDGE_CURVE('',#7331,#7330,#3300,.T.);
#9828=EDGE_CURVE('',#7338,#7339,#3308,.T.);
#9830=EDGE_CURVE('',#7339,#7338,#3316,.T.);
#9834=EDGE_CURVE('',#7346,#7347,#3324,.T.);
#9836=EDGE_CURVE('',#7347,#7346,#3332,.T.);
#9840=EDGE_CURVE('',#7354,#7355,#3340,.T.);
#9842=EDGE_CURVE('',#7355,#7354,#3348,.T.);
#9846=EDGE_CURVE('',#7362,#7363,#3356,.T.);
#9848=EDGE_CURVE('',#7363,#7362,#3364,.T.);
#9852=EDGE_CURVE('',#7370,#7371,#3372,.T.);
#9854=EDGE_CURVE('',#7371,#7370,#3380,.T.);
#9858=EDGE_CURVE('',#7378,#7379,#3388,.T.);
#9860=EDGE_CURVE('',#7379,#7378,#3396,.T.);
#9864=EDGE_CURVE('',#7386,#7387,#3404,.T.);
#9866=EDGE_CURVE('',#7387,#7386,#3412,.T.);
#9870=EDGE_CURVE('',#7394,#7395,#3420,.T.);
#9872=EDGE_CURVE('',#7395,#7394,#3428,.T.);
#9876=EDGE_CURVE('',#7412,#7413,#3436,.T.);
#9878=EDGE_CURVE('',#7413,#7412,#3444,.T.);
#9882=EDGE_CURVE('',#7440,#7441,#3452,.T.);
#9884=EDGE_CURVE('',#7441,#7440,#3460,.T.);
#9888=ADVANCED_FACE('',(#9665,#9671,#9677,#9683,#9689,#9695,#9701,#9707,#9713,
#9719,#9725,#9731,#9737,#9743,#9749,#9755,#9761,#9767,#9773,#9779,#9785,#9791,
#9797,#9803,#9809,#9815,#9821,#9827,#9833,#9839,#9845,#9851,#9857,#9863,#9869,
#9875,#9881,#9887),#9623,.T.);
#9894=EDGE_CURVE('',#7828,#7829,#3625,.T.);
#9896=EDGE_CURVE('',#7828,#7848,#3632,.T.);
#9898=EDGE_CURVE('',#7848,#7849,#3639,.T.);
#9900=EDGE_CURVE('',#7849,#7099,#3647,.T.);
#9902=EDGE_CURVE('',#7099,#7853,#3655,.T.);
#9904=EDGE_CURVE('',#7852,#7853,#3662,.T.);
#9906=EDGE_CURVE('',#7852,#7888,#3669,.T.);
#9908=EDGE_CURVE('',#7888,#7889,#3676,.T.);
#9910=EDGE_CURVE('',#7889,#7097,#3684,.T.);
#9912=EDGE_CURVE('',#7097,#7877,#3692,.T.);
#9914=EDGE_CURVE('',#7876,#7877,#3699,.T.);
#9916=EDGE_CURVE('',#7876,#7864,#3706,.T.);
#9918=EDGE_CURVE('',#7864,#7865,#3713,.T.);
#9920=EDGE_CURVE('',#7865,#7057,#3721,.T.);
#9924=EDGE_CURVE('',#7868,#7840,#3743,.T.);
#9926=EDGE_CURVE('',#7840,#7841,#3750,.T.);
#9928=EDGE_CURVE('',#7841,#7059,#3758,.T.);
#9930=EDGE_CURVE('',#7059,#7829,#3766,.T.);
#9934=EDGE_CURVE('',#7776,#7777,#2816,.T.);
#9936=EDGE_CURVE('',#7777,#7779,#2823,.T.);
#9938=EDGE_CURVE('',#7779,#7781,#2831,.T.);
#9940=EDGE_CURVE('',#7781,#7783,#2838,.T.);
#9942=EDGE_CURVE('',#7783,#7785,#2846,.T.);
#9944=EDGE_CURVE('',#7785,#7787,#2853,.T.);
#9946=EDGE_CURVE('',#7787,#7789,#2861,.T.);
#9948=EDGE_CURVE('',#7789,#7776,#2868,.T.);
#9952=ADVANCED_FACE('',(#9933,#9951),#9893,.T.);
#9958=EDGE_CURVE('',#7832,#7833,#3773,.T.);
#9960=EDGE_CURVE('',#7833,#7837,#3781,.T.);
#9962=EDGE_CURVE('',#7836,#7837,#3788,.T.);
#9964=EDGE_CURVE('',#7836,#6982,#3795,.T.);
#9966=EDGE_CURVE('',#6982,#6983,#3803,.T.);
#9968=EDGE_CURVE('',#6983,#7832,#3810,.T.);
#9972=ADVANCED_FACE('',(#9971),#9957,.T.);
#9978=EDGE_CURVE('',#7844,#7845,#3817,.T.);
#9980=EDGE_CURVE('',#7844,#6986,#3824,.T.);
#9982=EDGE_CURVE('',#6986,#6987,#3832,.T.);
#9984=EDGE_CURVE('',#6987,#7856,#3839,.T.);
#9986=EDGE_CURVE('',#7856,#7857,#3846,.T.);
#9988=EDGE_CURVE('',#7857,#7845,#3854,.T.);
#9992=ADVANCED_FACE('',(#9991),#9977,.T.);
#9998=EDGE_CURVE('',#7860,#7861,#3861,.T.);
#10000=EDGE_CURVE('',#7860,#6978,#3868,.T.);
#10002=EDGE_CURVE('',#6978,#6979,#3876,.T.);
#10004=EDGE_CURVE('',#6979,#7872,#3883,.T.);
#10006=EDGE_CURVE('',#7872,#7873,#3890,.T.);
#10011=ADVANCED_FACE('',(#10010),#9997,.T.);
#10017=EDGE_CURVE('',#7880,#7881,#3905,.T.);
#10019=EDGE_CURVE('',#7881,#7885,#3913,.T.);
#10021=EDGE_CURVE('',#7884,#7885,#3920,.T.);
#10023=EDGE_CURVE('',#7884,#6990,#3927,.T.);
#10025=EDGE_CURVE('',#6990,#6991,#3935,.T.);
#10027=EDGE_CURVE('',#6991,#7880,#3942,.T.);
#10031=ADVANCED_FACE('',(#10030),#10016,.T.);
#10038=EDGE_CURVE('',#7776,#7760,#3949,.T.);
#10040=EDGE_CURVE('',#7760,#7761,#4006,.T.);
#10042=EDGE_CURVE('',#7777,#7761,#3998,.T.);
#10046=ADVANCED_FACE('',(#10045),#10036,.T.);
#10053=EDGE_CURVE('',#7789,#7773,#3956,.T.);
#10055=EDGE_CURVE('',#7773,#7760,#4013,.T.);
#10060=ADVANCED_FACE('',(#10059),#10051,.T.);
#10067=EDGE_CURVE('',#7787,#7771,#3963,.T.);
#10069=EDGE_CURVE('',#7771,#7773,#4021,.T.);
#10074=ADVANCED_FACE('',(#10073),#10065,.T.);
#10081=EDGE_CURVE('',#7785,#7769,#3970,.T.);
#10083=EDGE_CURVE('',#7769,#7771,#4028,.T.);
#10088=ADVANCED_FACE('',(#10087),#10079,.T.);
#10095=EDGE_CURVE('',#7783,#7767,#3977,.T.);
#10097=EDGE_CURVE('',#7767,#7769,#4036,.T.);
#10102=ADVANCED_FACE('',(#10101),#10093,.T.);
#10109=EDGE_CURVE('',#7781,#7765,#3984,.T.);
#10111=EDGE_CURVE('',#7765,#7767,#4043,.T.);
#10116=ADVANCED_FACE('',(#10115),#10107,.T.);
#10123=EDGE_CURVE('',#7779,#7763,#3991,.T.);
#10125=EDGE_CURVE('',#7763,#7765,#4051,.T.);
#10130=ADVANCED_FACE('',(#10129),#10121,.T.);
#10138=EDGE_CURVE('',#7761,#7763,#4058,.T.);
#10143=ADVANCED_FACE('',(#10142),#10135,.T.);
#10159=EDGE_CURVE('',#8001,#7996,#4065,.T.);
#10161=EDGE_CURVE('',#7753,#8001,#4072,.T.);
#10163=EDGE_CURVE('',#7752,#7753,#4080,.T.);
#10165=EDGE_CURVE('',#8004,#7752,#4087,.T.);
#10167=EDGE_CURVE('',#8009,#8004,#4094,.T.);
#10169=EDGE_CURVE('',#7749,#8009,#4101,.T.);
#10171=EDGE_CURVE('',#7748,#7749,#4109,.T.);
#10173=EDGE_CURVE('',#8020,#7748,#4116,.T.);
#10175=EDGE_CURVE('',#8025,#8020,#4123,.T.);
#10177=EDGE_CURVE('',#7745,#8025,#4130,.T.);
#10179=EDGE_CURVE('',#7744,#7745,#4138,.T.);
#10181=EDGE_CURVE('',#8012,#7744,#4145,.T.);
#10183=EDGE_CURVE('',#8017,#8012,#4152,.T.);
#10185=EDGE_CURVE('',#7757,#8017,#4159,.T.);
#10187=EDGE_CURVE('',#7756,#7757,#4167,.T.);
#10189=EDGE_CURVE('',#7996,#7756,#4174,.T.);
#10193=ADVANCED_FACE('',(#10158,#10192),#10148,.T.);
#10199=EDGE_CURVE('',#7996,#7997,#4181,.T.);
#10201=EDGE_CURVE('',#7999,#7997,#4237,.T.);
#10203=EDGE_CURVE('',#7999,#8001,#4230,.T.);
#10208=ADVANCED_FACE('',(#10207),#10198,.T.);
#10215=EDGE_CURVE('',#7969,#7996,#4216,.T.);
#10217=EDGE_CURVE('',#7969,#7967,#4295,.T.);
#10219=EDGE_CURVE('',#7997,#7967,#4188,.T.);
#10223=ADVANCED_FACE('',(#10222),#10213,.T.);
#10229=EDGE_CURVE('',#7964,#8001,#4195,.T.);
#10231=EDGE_CURVE('',#7800,#7964,#4202,.T.);
#10233=EDGE_CURVE('',#7800,#7753,#4209,.T.);
#10238=ADVANCED_FACE('',(#10237),#10228,.T.);
#10246=EDGE_CURVE('',#7805,#7756,#4521,.T.);
#10248=EDGE_CURVE('',#7969,#7805,#4223,.T.);
#10252=ADVANCED_FACE('',(#10251),#10243,.T.);
#10259=EDGE_CURVE('',#7999,#7965,#4244,.T.);
#10261=EDGE_CURVE('',#7964,#7965,#4281,.T.);
#10266=ADVANCED_FACE('',(#10265),#10257,.T.);
#10274=EDGE_CURVE('',#7965,#7967,#4288,.T.);
#10279=ADVANCED_FACE('',(#10278),#10271,.T.);
#10289=EDGE_CURVE('',#7804,#7805,#4514,.T.);
#10291=EDGE_CURVE('',#7804,#7980,#4535,.T.);
#10293=EDGE_CURVE('',#7980,#7981,#4302,.T.);
#10295=EDGE_CURVE('',#7981,#7983,#4309,.T.);
#10297=EDGE_CURVE('',#7985,#7983,#4316,.T.);
#10299=EDGE_CURVE('',#7985,#7793,#4556,.T.);
#10301=EDGE_CURVE('',#7792,#7793,#4599,.T.);
#10303=EDGE_CURVE('',#7792,#7988,#4620,.T.);
#10305=EDGE_CURVE('',#7988,#7989,#4323,.T.);
#10307=EDGE_CURVE('',#7989,#7991,#4330,.T.);
#10309=EDGE_CURVE('',#7993,#7991,#4337,.T.);
#10311=EDGE_CURVE('',#7993,#7797,#4641,.T.);
#10313=EDGE_CURVE('',#7796,#7797,#4684,.T.);
#10315=EDGE_CURVE('',#7796,#7972,#4705,.T.);
#10317=EDGE_CURVE('',#7972,#7973,#4344,.T.);
#10319=EDGE_CURVE('',#7973,#7975,#4351,.T.);
#10321=EDGE_CURVE('',#7977,#7975,#4358,.T.);
#10323=EDGE_CURVE('',#7977,#7801,#4726,.T.);
#10325=EDGE_CURVE('',#7800,#7801,#4769,.T.);
#10330=EDGE_CURVE('',#7123,#7807,#4251,.T.);
#10332=EDGE_CURVE('',#7122,#7123,#4259,.T.);
#10334=EDGE_CURVE('',#7809,#7122,#4266,.T.);
#10336=EDGE_CURVE('',#7807,#7809,#4274,.T.);
#10340=ADVANCED_FACE('',(#10329,#10339),#10284,.T.);
#10347=EDGE_CURVE('',#7812,#7123,#4365,.T.);
#10350=EDGE_CURVE('',#7813,#7807,#4462,.T.);
#10354=ADVANCED_FACE('',(#10353),#10345,.T.);
#10360=EDGE_CURVE('',#7449,#7825,#4373,.T.);
#10363=EDGE_CURVE('',#7431,#7823,#4381,.T.);
#10366=EDGE_CURVE('',#7817,#7122,#4388,.T.);
#10373=ADVANCED_FACE('',(#10372),#10359,.F.);
#10380=EDGE_CURVE('',#7449,#7825,#4396,.T.);
#10384=ADVANCED_FACE('',(#10383),#10378,.F.);
#10391=EDGE_CURVE('',#7451,#7445,#4410,.T.);
#10396=EDGE_CURVE('',#7448,#7444,#4403,.T.);
#10400=ADVANCED_FACE('',(#10399),#10389,.F.);
#10412=ADVANCED_FACE('',(#10411),#10405,.F.);
#10419=EDGE_CURVE('',#7431,#7823,#4418,.T.);
#10423=ADVANCED_FACE('',(#10422),#10417,.F.);
#10430=EDGE_CURVE('',#7433,#7427,#4432,.T.);
#10435=EDGE_CURVE('',#7430,#7426,#4425,.T.);
#10439=ADVANCED_FACE('',(#10438),#10428,.F.);
#10451=ADVANCED_FACE('',(#10450),#10444,.F.);
#10458=EDGE_CURVE('',#7816,#7809,#4439,.T.);
#10464=ADVANCED_FACE('',(#10463),#10456,.T.);
#10470=EDGE_CURVE('',#7423,#7821,#4447,.T.);
#10473=EDGE_CURVE('',#7405,#7819,#4455,.T.);
#10482=ADVANCED_FACE('',(#10481),#10469,.F.);
#10489=EDGE_CURVE('',#7423,#7821,#4470,.T.);
#10493=ADVANCED_FACE('',(#10492),#10487,.F.);
#10500=EDGE_CURVE('',#7420,#7416,#4484,.T.);
#10505=EDGE_CURVE('',#7421,#7417,#4477,.T.);
#10509=ADVANCED_FACE('',(#10508),#10498,.F.);
#10521=ADVANCED_FACE('',(#10520),#10514,.F.);
#10528=EDGE_CURVE('',#7405,#7819,#4492,.T.);
#10532=ADVANCED_FACE('',(#10531),#10526,.F.);
#10539=EDGE_CURVE('',#7402,#7398,#4506,.T.);
#10544=EDGE_CURVE('',#7403,#7399,#4499,.T.);
#10548=ADVANCED_FACE('',(#10547),#10537,.F.);
#10560=ADVANCED_FACE('',(#10559),#10553,.F.);
#10569=EDGE_CURVE('',#7804,#7757,#4542,.T.);
#10573=ADVANCED_FACE('',(#10572),#10565,.F.);
#10579=EDGE_CURVE('',#7980,#8017,#4528,.T.);
#10586=ADVANCED_FACE('',(#10585),#10578,.T.);
#10592=EDGE_CURVE('',#7985,#8012,#4549,.T.);
#10595=EDGE_CURVE('',#7793,#7744,#4606,.T.);
#10600=ADVANCED_FACE('',(#10599),#10591,.T.);
#10606=EDGE_CURVE('',#8015,#8017,#4563,.T.);
#10608=EDGE_CURVE('',#8015,#7981,#4591,.T.);
#10614=ADVANCED_FACE('',(#10613),#10605,.T.);
#10620=EDGE_CURVE('',#8012,#8013,#4570,.T.);
#10622=EDGE_CURVE('',#8015,#8013,#4584,.T.);
#10628=ADVANCED_FACE('',(#10627),#10619,.T.);
#10637=EDGE_CURVE('',#8013,#7983,#4577,.T.);
#10641=ADVANCED_FACE('',(#10640),#10633,.T.);
#10653=ADVANCED_FACE('',(#10652),#10646,.T.);
#10662=EDGE_CURVE('',#7792,#7745,#4627,.T.);
#10666=ADVANCED_FACE('',(#10665),#10658,.F.);
#10672=EDGE_CURVE('',#7988,#8025,#4613,.T.);
#10679=ADVANCED_FACE('',(#10678),#10671,.T.);
#10685=EDGE_CURVE('',#7993,#8020,#4634,.T.);
#10688=EDGE_CURVE('',#7797,#7748,#4691,.T.);
#10693=ADVANCED_FACE('',(#10692),#10684,.T.);
#10699=EDGE_CURVE('',#8023,#8025,#4648,.T.);
#10701=EDGE_CURVE('',#8023,#7989,#4676,.T.);
#10707=ADVANCED_FACE('',(#10706),#10698,.T.);
#10713=EDGE_CURVE('',#8020,#8021,#4655,.T.);
#10715=EDGE_CURVE('',#8023,#8021,#4669,.T.);
#10721=ADVANCED_FACE('',(#10720),#10712,.T.);
#10730=EDGE_CURVE('',#8021,#7991,#4662,.T.);
#10734=ADVANCED_FACE('',(#10733),#10726,.T.);
#10746=ADVANCED_FACE('',(#10745),#10739,.T.);
#10755=EDGE_CURVE('',#7796,#7749,#4712,.T.);
#10759=ADVANCED_FACE('',(#10758),#10751,.F.);
#10765=EDGE_CURVE('',#7972,#8009,#4698,.T.);
#10772=ADVANCED_FACE('',(#10771),#10764,.T.);
#10778=EDGE_CURVE('',#7977,#8004,#4719,.T.);
#10781=EDGE_CURVE('',#7801,#7752,#4776,.T.);
#10786=ADVANCED_FACE('',(#10785),#10777,.T.);
#10792=EDGE_CURVE('',#8007,#8009,#4733,.T.);
#10794=EDGE_CURVE('',#8007,#7973,#4761,.T.);
#10800=ADVANCED_FACE('',(#10799),#10791,.T.);
#10806=EDGE_CURVE('',#8004,#8005,#4740,.T.);
#10808=EDGE_CURVE('',#8007,#8005,#4754,.T.);
#10814=ADVANCED_FACE('',(#10813),#10805,.T.);
#10823=EDGE_CURVE('',#8005,#7975,#4747,.T.);
#10827=ADVANCED_FACE('',(#10826),#10819,.T.);
#10839=ADVANCED_FACE('',(#10838),#10832,.T.);
#10851=ADVANCED_FACE('',(#10850),#10844,.F.);
#10858=EDGE_CURVE('',#7119,#7115,#4790,.T.);
#10861=EDGE_CURVE('',#7118,#7114,#4783,.T.);
#10865=ADVANCED_FACE('',(#10864),#10856,.F.);
#10877=ADVANCED_FACE('',(#10876),#10870,.F.);
#10884=EDGE_CURVE('',#7131,#7127,#4804,.T.);
#10887=EDGE_CURVE('',#7130,#7126,#4797,.T.);
#10891=ADVANCED_FACE('',(#10890),#10882,.F.);
#10903=ADVANCED_FACE('',(#10902),#10896,.F.);
#10910=EDGE_CURVE('',#7139,#7135,#4818,.T.);
#10913=EDGE_CURVE('',#7138,#7134,#4811,.T.);
#10917=ADVANCED_FACE('',(#10916),#10908,.F.);
#10929=ADVANCED_FACE('',(#10928),#10922,.F.);
#10936=EDGE_CURVE('',#7147,#7143,#4832,.T.);
#10939=EDGE_CURVE('',#7146,#7142,#4825,.T.);
#10943=ADVANCED_FACE('',(#10942),#10934,.F.);
#10955=ADVANCED_FACE('',(#10954),#10948,.F.);
#10962=EDGE_CURVE('',#7155,#7151,#4846,.T.);
#10965=EDGE_CURVE('',#7154,#7150,#4839,.T.);
#10969=ADVANCED_FACE('',(#10968),#10960,.F.);
#10981=ADVANCED_FACE('',(#10980),#10974,.F.);
#10988=EDGE_CURVE('',#7163,#7159,#4860,.T.);
#10991=EDGE_CURVE('',#7162,#7158,#4853,.T.);
#10995=ADVANCED_FACE('',(#10994),#10986,.F.);
#11007=ADVANCED_FACE('',(#11006),#11000,.F.);
#11014=EDGE_CURVE('',#7171,#7167,#4874,.T.);
#11017=EDGE_CURVE('',#7170,#7166,#4867,.T.);
#11021=ADVANCED_FACE('',(#11020),#11012,.F.);
#11033=ADVANCED_FACE('',(#11032),#11026,.F.);
#11040=EDGE_CURVE('',#7179,#7175,#4888,.T.);
#11043=EDGE_CURVE('',#7178,#7174,#4881,.T.);
#11047=ADVANCED_FACE('',(#11046),#11038,.F.);
#11059=ADVANCED_FACE('',(#11058),#11052,.F.);
#11066=EDGE_CURVE('',#7187,#7183,#4902,.T.);
#11069=EDGE_CURVE('',#7186,#7182,#4895,.T.);
#11073=ADVANCED_FACE('',(#11072),#11064,.F.);
#11085=ADVANCED_FACE('',(#11084),#11078,.F.);
#11092=EDGE_CURVE('',#7195,#7191,#4916,.T.);
#11095=EDGE_CURVE('',#7194,#7190,#4909,.T.);
#11099=ADVANCED_FACE('',(#11098),#11090,.F.);
#11111=ADVANCED_FACE('',(#11110),#11104,.F.);
#11118=EDGE_CURVE('',#7203,#7199,#4930,.T.);
#11121=EDGE_CURVE('',#7202,#7198,#4923,.T.);
#11125=ADVANCED_FACE('',(#11124),#11116,.F.);
#11137=ADVANCED_FACE('',(#11136),#11130,.F.);
#11144=EDGE_CURVE('',#7211,#7207,#4944,.T.);
#11147=EDGE_CURVE('',#7210,#7206,#4937,.T.);
#11151=ADVANCED_FACE('',(#11150),#11142,.F.);
#11163=ADVANCED_FACE('',(#11162),#11156,.F.);
#11170=EDGE_CURVE('',#7219,#7215,#4958,.T.);
#11173=EDGE_CURVE('',#7218,#7214,#4951,.T.);
#11177=ADVANCED_FACE('',(#11176),#11168,.F.);
#11189=ADVANCED_FACE('',(#11188),#11182,.F.);
#11196=EDGE_CURVE('',#7227,#7223,#4972,.T.);
#11199=EDGE_CURVE('',#7226,#7222,#4965,.T.);
#11203=ADVANCED_FACE('',(#11202),#11194,.F.);
#11215=ADVANCED_FACE('',(#11214),#11208,.F.);
#11222=EDGE_CURVE('',#7235,#7231,#4986,.T.);
#11225=EDGE_CURVE('',#7234,#7230,#4979,.T.);
#11229=ADVANCED_FACE('',(#11228),#11220,.F.);
#11241=ADVANCED_FACE('',(#11240),#11234,.F.);
#11248=EDGE_CURVE('',#7243,#7239,#5000,.T.);
#11251=EDGE_CURVE('',#7242,#7238,#4993,.T.);
#11255=ADVANCED_FACE('',(#11254),#11246,.F.);
#11267=ADVANCED_FACE('',(#11266),#11260,.F.);
#11274=EDGE_CURVE('',#7251,#7247,#5014,.T.);
#11277=EDGE_CURVE('',#7250,#7246,#5007,.T.);
#11281=ADVANCED_FACE('',(#11280),#11272,.F.);
#11293=ADVANCED_FACE('',(#11292),#11286,.F.);
#11300=EDGE_CURVE('',#7259,#7255,#5028,.T.);
#11303=EDGE_CURVE('',#7258,#7254,#5021,.T.);
#11307=ADVANCED_FACE('',(#11306),#11298,.F.);
#11319=ADVANCED_FACE('',(#11318),#11312,.F.);
#11326=EDGE_CURVE('',#7267,#7263,#5042,.T.);
#11329=EDGE_CURVE('',#7266,#7262,#5035,.T.);
#11333=ADVANCED_FACE('',(#11332),#11324,.F.);
#11345=ADVANCED_FACE('',(#11344),#11338,.F.);
#11352=EDGE_CURVE('',#7275,#7271,#5056,.T.);
#11355=EDGE_CURVE('',#7274,#7270,#5049,.T.);
#11359=ADVANCED_FACE('',(#11358),#11350,.F.);
#11371=ADVANCED_FACE('',(#11370),#11364,.F.);
#11378=EDGE_CURVE('',#7283,#7279,#5070,.T.);
#11381=EDGE_CURVE('',#7282,#7278,#5063,.T.);
#11385=ADVANCED_FACE('',(#11384),#11376,.F.);
#11397=ADVANCED_FACE('',(#11396),#11390,.F.);
#11404=EDGE_CURVE('',#7291,#7287,#5084,.T.);
#11407=EDGE_CURVE('',#7290,#7286,#5077,.T.);
#11411=ADVANCED_FACE('',(#11410),#11402,.F.);
#11423=ADVANCED_FACE('',(#11422),#11416,.F.);
#11430=EDGE_CURVE('',#7299,#7295,#5098,.T.);
#11433=EDGE_CURVE('',#7298,#7294,#5091,.T.);
#11437=ADVANCED_FACE('',(#11436),#11428,.F.);
#11449=ADVANCED_FACE('',(#11448),#11442,.F.);
#11456=EDGE_CURVE('',#7307,#7303,#5112,.T.);
#11459=EDGE_CURVE('',#7306,#7302,#5105,.T.);
#11463=ADVANCED_FACE('',(#11462),#11454,.F.);
#11475=ADVANCED_FACE('',(#11474),#11468,.F.);
#11482=EDGE_CURVE('',#7315,#7311,#5126,.T.);
#11485=EDGE_CURVE('',#7314,#7310,#5119,.T.);
#11489=ADVANCED_FACE('',(#11488),#11480,.F.);
#11501=ADVANCED_FACE('',(#11500),#11494,.F.);
#11508=EDGE_CURVE('',#7323,#7319,#5140,.T.);
#11511=EDGE_CURVE('',#7322,#7318,#5133,.T.);
#11515=ADVANCED_FACE('',(#11514),#11506,.F.);
#11527=ADVANCED_FACE('',(#11526),#11520,.F.);
#11534=EDGE_CURVE('',#7331,#7327,#5154,.T.);
#11537=EDGE_CURVE('',#7330,#7326,#5147,.T.);
#11541=ADVANCED_FACE('',(#11540),#11532,.F.);
#11553=ADVANCED_FACE('',(#11552),#11546,.F.);
#11560=EDGE_CURVE('',#7339,#7335,#5168,.T.);
#11563=EDGE_CURVE('',#7338,#7334,#5161,.T.);
#11567=ADVANCED_FACE('',(#11566),#11558,.F.);
#11579=ADVANCED_FACE('',(#11578),#11572,.F.);
#11586=EDGE_CURVE('',#7347,#7343,#5182,.T.);
#11589=EDGE_CURVE('',#7346,#7342,#5175,.T.);
#11593=ADVANCED_FACE('',(#11592),#11584,.F.);
#11605=ADVANCED_FACE('',(#11604),#11598,.F.);
#11612=EDGE_CURVE('',#7355,#7351,#5196,.T.);
#11615=EDGE_CURVE('',#7354,#7350,#5189,.T.);
#11619=ADVANCED_FACE('',(#11618),#11610,.F.);
#11631=ADVANCED_FACE('',(#11630),#11624,.F.);
#11638=EDGE_CURVE('',#7363,#7359,#5210,.T.);
#11641=EDGE_CURVE('',#7362,#7358,#5203,.T.);
#11645=ADVANCED_FACE('',(#11644),#11636,.F.);
#11657=ADVANCED_FACE('',(#11656),#11650,.F.);
#11664=EDGE_CURVE('',#7371,#7367,#5224,.T.);
#11667=EDGE_CURVE('',#7370,#7366,#5217,.T.);
#11671=ADVANCED_FACE('',(#11670),#11662,.F.);
#11683=ADVANCED_FACE('',(#11682),#11676,.F.);
#11690=EDGE_CURVE('',#7379,#7375,#5238,.T.);
#11693=EDGE_CURVE('',#7378,#7374,#5231,.T.);
#11697=ADVANCED_FACE('',(#11696),#11688,.F.);
#11709=ADVANCED_FACE('',(#11708),#11702,.F.);
#11716=EDGE_CURVE('',#7387,#7383,#5252,.T.);
#11719=EDGE_CURVE('',#7386,#7382,#5245,.T.);
#11723=ADVANCED_FACE('',(#11722),#11714,.F.);
#11735=ADVANCED_FACE('',(#11734),#11728,.F.);
#11742=EDGE_CURVE('',#7395,#7391,#5266,.T.);
#11745=EDGE_CURVE('',#7394,#7390,#5259,.T.);
#11749=ADVANCED_FACE('',(#11748),#11740,.F.);
#11761=ADVANCED_FACE('',(#11760),#11754,.F.);
#11768=EDGE_CURVE('',#7413,#7409,#5280,.T.);
#11771=EDGE_CURVE('',#7412,#7408,#5273,.T.);
#11775=ADVANCED_FACE('',(#11774),#11766,.F.);
#11787=ADVANCED_FACE('',(#11786),#11780,.F.);
#11794=EDGE_CURVE('',#7441,#7437,#5294,.T.);
#11797=EDGE_CURVE('',#7440,#7436,#5287,.T.);
#11801=ADVANCED_FACE('',(#11800),#11792,.F.);
#11813=ADVANCED_FACE('',(#11812),#11806,.F.);
#11820=EDGE_CURVE('',#7829,#7941,#5309,.T.);
#11823=EDGE_CURVE('',#7828,#7915,#5438,.T.);
#11827=ADVANCED_FACE('',(#11826),#11818,.T.);
#11836=EDGE_CURVE('',#7059,#7051,#5316,.T.);
#11839=EDGE_CURVE('',#7934,#7050,#5331,.T.);
#11843=ADVANCED_FACE('',(#11842),#11832,.T.);
#11854=EDGE_CURVE('',#7841,#7939,#5338,.T.);
#11857=EDGE_CURVE('',#7837,#7938,#5353,.T.);
#11860=EDGE_CURVE('',#7833,#7935,#5360,.T.);
#11864=ADVANCED_FACE('',(#11863),#11848,.T.);
#11871=EDGE_CURVE('',#7840,#7893,#5388,.T.);
#11877=ADVANCED_FACE('',(#11876),#11869,.T.);
#11883=EDGE_CURVE('',#7836,#7891,#5367,.T.);
#11886=EDGE_CURVE('',#7007,#6982,#5381,.T.);
#11891=ADVANCED_FACE('',(#11890),#11882,.F.);
#11903=ADVANCED_FACE('',(#11902),#11896,.F.);
#11909=EDGE_CURVE('',#7872,#7897,#5409,.T.);
#11912=EDGE_CURVE('',#6994,#6979,#5746,.T.);
#11917=ADVANCED_FACE('',(#11916),#11908,.F.);
#11929=ADVANCED_FACE('',(#11928),#11922,.T.);
#11936=EDGE_CURVE('',#7006,#6983,#5431,.T.);
#11942=ADVANCED_FACE('',(#11941),#11934,.F.);
#11950=EDGE_CURVE('',#7848,#7921,#5452,.T.);
#11955=ADVANCED_FACE('',(#11954),#11947,.F.);
#11961=EDGE_CURVE('',#7832,#7917,#5459,.T.);
#11968=ADVANCED_FACE('',(#11967),#11960,.F.);
#11974=EDGE_CURVE('',#7844,#7919,#5473,.T.);
#11977=EDGE_CURVE('',#7003,#6986,#5487,.T.);
#11982=ADVANCED_FACE('',(#11981),#11973,.F.);
#11991=EDGE_CURVE('',#7849,#7955,#5509,.T.);
#11995=ADVANCED_FACE('',(#11994),#11987,.T.);
#12002=EDGE_CURVE('',#7954,#7094,#5502,.T.);
#12005=EDGE_CURVE('',#7099,#7095,#5531,.T.);
#12011=ADVANCED_FACE('',(#12010),#12000,.T.);
#12018=EDGE_CURVE('',#7853,#7958,#5524,.T.);
#12025=EDGE_CURVE('',#7845,#7961,#5546,.T.);
#12028=EDGE_CURVE('',#7857,#7959,#5553,.T.);
#12032=ADVANCED_FACE('',(#12031),#12016,.T.);
#12041=EDGE_CURVE('',#7852,#7907,#5560,.T.);
#12045=ADVANCED_FACE('',(#12044),#12037,.T.);
#12053=EDGE_CURVE('',#7888,#7913,#5574,.T.);
#12058=ADVANCED_FACE('',(#12057),#12050,.F.);
#12064=EDGE_CURVE('',#7856,#7909,#5581,.T.);
#12067=EDGE_CURVE('',#7002,#6987,#5798,.T.);
#12072=ADVANCED_FACE('',(#12071),#12063,.F.);
#12078=EDGE_CURVE('',#7884,#7911,#5595,.T.);
#12081=EDGE_CURVE('',#6999,#6990,#5609,.T.);
#12086=ADVANCED_FACE('',(#12085),#12077,.F.);
#12095=EDGE_CURVE('',#7889,#7951,#5631,.T.);
#12099=ADVANCED_FACE('',(#12098),#12091,.T.);
#12106=EDGE_CURVE('',#7945,#7087,#5624,.T.);
#12109=EDGE_CURVE('',#7097,#7086,#5675,.T.);
#12114=EDGE_CURVE('',#7885,#7950,#5646,.T.);
#12117=EDGE_CURVE('',#7881,#7947,#5653,.T.);
#12121=ADVANCED_FACE('',(#12120),#12104,.T.);
#12128=EDGE_CURVE('',#7877,#7944,#5668,.T.);
#12136=ADVANCED_FACE('',(#12135),#12126,.T.);
#12145=EDGE_CURVE('',#7876,#7903,#5710,.T.);
#12149=ADVANCED_FACE('',(#12148),#12141,.T.);
#12155=EDGE_CURVE('',#7860,#7899,#5682,.T.);
#12158=EDGE_CURVE('',#6995,#6978,#5696,.T.);
#12163=ADVANCED_FACE('',(#12162),#12154,.F.);
#12169=EDGE_CURVE('',#7864,#7901,#5703,.T.);
#12176=ADVANCED_FACE('',(#12175),#12168,.F.);
#12182=EDGE_CURVE('',#7880,#7905,#5724,.T.);
#12185=EDGE_CURVE('',#6998,#6991,#5783,.T.);
#12190=ADVANCED_FACE('',(#12189),#12181,.F.);
#12202=ADVANCED_FACE('',(#12201),#12195,.T.);
#12214=ADVANCED_FACE('',(#12213),#12207,.F.);
#12223=EDGE_CURVE('',#7865,#7931,#5768,.T.);
#12227=ADVANCED_FACE('',(#12226),#12219,.T.);
#12241=ADVANCED_FACE('',(#12240),#12232,.T.);
#12253=ADVANCED_FACE('',(#12252),#12246,.T.);
#12265=ADVANCED_FACE('',(#12264),#12258,.F.);
#12277=ADVANCED_FACE('',(#12276),#12270,.T.);
#12289=ADVANCED_FACE('',(#12288),#12282,.T.);
#12301=ADVANCED_FACE('',(#12300),#12294,.F.);
#12313=ADVANCED_FACE('',(#12312),#12306,.T.);
#12325=ADVANCED_FACE('',(#12324),#12318,.T.);
#12337=ADVANCED_FACE('',(#12336),#12330,.T.);
#12344=EDGE_CURVE('',#7067,#7054,#5813,.T.);
#12347=EDGE_CURVE('',#7066,#7055,#5828,.T.);
#12351=ADVANCED_FACE('',(#12350),#12342,.F.);
#12363=ADVANCED_FACE('',(#12362),#12356,.F.);
#12370=EDGE_CURVE('',#7103,#7090,#5843,.T.);
#12373=EDGE_CURVE('',#7102,#7091,#5858,.T.);
#12377=ADVANCED_FACE('',(#12376),#12368,.F.);
#12389=ADVANCED_FACE('',(#12388),#12382,.F.);
#12396=EDGE_CURVE('',#7538,#7454,#5865,.T.);
#12398=EDGE_CURVE('',#7454,#7455,#5907,.T.);
#12400=EDGE_CURVE('',#7539,#7455,#5900,.T.);
#12404=ADVANCED_FACE('',(#12403),#12394,.F.);
#12411=EDGE_CURVE('',#7547,#7463,#5872,.T.);
#12413=EDGE_CURVE('',#7463,#7454,#5914,.T.);
#12418=ADVANCED_FACE('',(#12417),#12409,.F.);
#12425=EDGE_CURVE('',#7545,#7461,#5879,.T.);
#12427=EDGE_CURVE('',#7461,#7463,#5921,.T.);
#12432=ADVANCED_FACE('',(#12431),#12423,.F.);
#12439=EDGE_CURVE('',#7543,#7459,#5886,.T.);
#12441=EDGE_CURVE('',#7459,#7461,#5928,.T.);
#12446=ADVANCED_FACE('',(#12445),#12437,.F.);
#12453=EDGE_CURVE('',#7541,#7457,#5893,.T.);
#12455=EDGE_CURVE('',#7457,#7459,#5935,.T.);
#12460=ADVANCED_FACE('',(#12459),#12451,.F.);
#12468=EDGE_CURVE('',#7455,#7457,#5942,.T.);
#12473=ADVANCED_FACE('',(#12472),#12465,.F.);
#12487=ADVANCED_FACE('',(#12486),#12478,.T.);
#12505=EDGE_CURVE('',#7466,#7467,#5949,.T.);
#12507=EDGE_CURVE('',#7475,#7466,#5956,.T.);
#12509=EDGE_CURVE('',#7473,#7475,#5963,.T.);
#12511=EDGE_CURVE('',#7471,#7473,#5970,.T.);
#12513=EDGE_CURVE('',#7469,#7471,#5977,.T.);
#12515=EDGE_CURVE('',#7467,#7469,#5984,.T.);
#12519=ADVANCED_FACE('',(#12518),#12504,.T.);
#12537=EDGE_CURVE('',#7480,#7481,#6076,.T.);
#12539=EDGE_CURVE('',#7485,#7480,#6083,.T.);
#12541=EDGE_CURVE('',#7484,#7485,#6094,.T.);
#12543=EDGE_CURVE('',#7483,#7484,#6103,.T.);
#12545=EDGE_CURVE('',#7481,#7483,#6110,.T.);
#12549=EDGE_CURVE('',#7476,#7477,#5995,.T.);
#12551=EDGE_CURVE('',#7479,#7476,#6006,.T.);
#12553=EDGE_CURVE('',#7477,#7479,#6013,.T.);
#12557=ADVANCED_FACE('',(#12548,#12556),#12536,.T.);
#12575=EDGE_CURVE('',#7488,#7489,#6117,.T.);
#12577=EDGE_CURVE('',#7493,#7488,#6124,.T.);
#12579=EDGE_CURVE('',#7491,#7493,#6131,.T.);
#12581=EDGE_CURVE('',#7489,#7491,#6138,.T.);
#12585=ADVANCED_FACE('',(#12584),#12574,.T.);
#12603=EDGE_CURVE('',#7496,#7497,#6145,.T.);
#12605=EDGE_CURVE('',#7505,#7496,#6152,.T.);
#12607=EDGE_CURVE('',#7503,#7505,#6159,.T.);
#12609=EDGE_CURVE('',#7501,#7503,#6166,.T.);
#12611=EDGE_CURVE('',#7499,#7501,#6173,.T.);
#12613=EDGE_CURVE('',#7497,#7499,#6180,.T.);
#12617=ADVANCED_FACE('',(#12616),#12602,.T.);
#12635=EDGE_CURVE('',#7508,#7509,#6269,.T.);
#12637=EDGE_CURVE('',#7520,#7508,#6279,.T.);
#12639=EDGE_CURVE('',#7518,#7520,#6286,.T.);
#12641=EDGE_CURVE('',#7516,#7518,#6293,.T.);
#12643=EDGE_CURVE('',#7514,#7516,#6300,.T.);
#12645=EDGE_CURVE('',#7512,#7514,#6307,.T.);
#12647=EDGE_CURVE('',#7510,#7512,#6314,.T.);
#12649=EDGE_CURVE('',#7509,#7510,#6323,.T.);
#12653=EDGE_CURVE('',#7506,#7507,#6211,.T.);
#12655=EDGE_CURVE('',#7507,#7506,#6242,.T.);
#12659=ADVANCED_FACE('',(#12652,#12658),#12634,.T.);
#12677=EDGE_CURVE('',#7521,#7522,#6350,.T.);
#12679=EDGE_CURVE('',#7533,#7521,#6361,.T.);
#12681=EDGE_CURVE('',#7531,#7533,#6368,.T.);
#12683=EDGE_CURVE('',#7529,#7531,#6375,.T.);
#12685=EDGE_CURVE('',#7527,#7529,#6382,.T.);
#12687=EDGE_CURVE('',#7525,#7527,#6389,.T.);
#12689=EDGE_CURVE('',#7523,#7525,#6396,.T.);
#12691=EDGE_CURVE('',#7522,#7523,#6405,.T.);
#12695=EDGE_CURVE('',#7534,#7535,#6436,.T.);
#12697=EDGE_CURVE('',#7535,#7534,#6467,.T.);
#12701=ADVANCED_FACE('',(#12694,#12700),#12676,.T.);
#12720=EDGE_CURVE('',#7550,#7466,#6474,.T.);
#12723=EDGE_CURVE('',#7551,#7467,#6509,.T.);
#12727=ADVANCED_FACE('',(#12726),#12718,.F.);
#12734=EDGE_CURVE('',#7559,#7475,#6481,.T.);
#12740=ADVANCED_FACE('',(#12739),#12732,.F.);
#12747=EDGE_CURVE('',#7557,#7473,#6488,.T.);
#12753=ADVANCED_FACE('',(#12752),#12745,.F.);
#12760=EDGE_CURVE('',#7555,#7471,#6495,.T.);
#12766=ADVANCED_FACE('',(#12765),#12758,.F.);
#12773=EDGE_CURVE('',#7553,#7469,#6502,.T.);
#12779=ADVANCED_FACE('',(#12778),#12771,.F.);
#12791=ADVANCED_FACE('',(#12790),#12784,.F.);
#12801=B_SPLINE_CURVE_WITH_KNOTS('',3,(#12792,#12793,#12794,#12795,#12796,
#12797,#12798,#12799,#12800),.UNSPECIFIED.,.F.,.F.,(4,1,1,1,1,1,4),(0.E0,
3.228930319611E-2,3.003878377482E-1,5.276105524006E-1,7.450694104357E-1,
9.678195044670E-1,1.E0),.UNSPECIFIED.);
#12806=EDGE_CURVE('',#7561,#7476,#6516,.T.);
#12809=EDGE_CURVE('',#7560,#7477,#6530,.T.);
#12813=ADVANCED_FACE('',(#12812),#12804,.T.);
#12823=B_SPLINE_CURVE_WITH_KNOTS('',3,(#12814,#12815,#12816,#12817,#12818,
#12819,#12820,#12821,#12822),.UNSPECIFIED.,.F.,.F.,(4,1,1,1,1,1,4),(0.E0,
2.915202753689E-2,2.760808362797E-1,5.035869906834E-1,7.293710004539E-1,
9.709098388677E-1,1.E0),.UNSPECIFIED.);
#12828=EDGE_CURVE('',#7563,#7479,#6523,.T.);
#12834=ADVANCED_FACE('',(#12833),#12826,.T.);
#12846=ADVANCED_FACE('',(#12845),#12839,.F.);
#12908=B_SPLINE_CURVE_WITH_KNOTS('',3,(#12847,#12848,#12849,#12850,#12851,
#12852,#12853,#12854,#12855,#12856,#12857,#12858,#12859,#12860,#12861,#12862,
#12863,#12864,#12865,#12866,#12867,#12868,#12869,#12870,#12871,#12872,#12873,
#12874,#12875,#12876,#12877,#12878,#12879,#12880,#12881,#12882,#12883,#12884,
#12885,#12886,#12887,#12888,#12889,#12890,#12891,#12892,#12893,#12894,#12895,
#12896,#12897,#12898,#12899,#12900,#12901,#12902,#12903,#12904,#12905,#12906,
#12907),.UNSPECIFIED.,.F.,.F.,(4,1,1,1,1,1,1,1,1,1,1,1,1,1,1,1,1,1,1,1,1,1,1,1,
1,1,1,1,1,1,1,1,1,1,1,1,1,1,1,1,1,1,1,1,1,1,1,1,1,1,1,1,1,1,1,1,1,1,4),(0.E0,
9.813495686408E-3,1.810426026663E-2,2.644100092863E-2,3.494197603701E-2,
3.929358875080E-2,4.373428304700E-2,5.234617441593E-2,6.081488425432E-2,
7.734971992444E-2,1.090102634836E-1,1.392761084478E-1,1.687147416727E-1,
1.979726415704E-1,2.277949806349E-1,2.432010887829E-1,2.590700405531E-1,
2.755178468281E-1,2.839984282160E-1,2.926681000487E-1,3.019020268900E-1,
3.110061226656E-1,3.288636351576E-1,3.463283179875E-1,3.634759573510E-1,
3.970516307152E-1,4.301008095823E-1,4.630127335707E-1,4.961294803027E-1,
5.128861759042E-1,5.298225399467E-1,5.469867840319E-1,5.556728275025E-1,
5.644360233537E-1,5.731584464431E-1,5.817233270038E-1,5.984120653680E-1,
6.145833305785E-1,6.303207160171E-1,6.608211707600E-1,6.907848340443E-1,
7.211595807939E-1,7.529671425190E-1,7.697549896649E-1,7.872848782441E-1,
8.056788634133E-1,8.152391822961E-1,8.250591485941E-1,8.307167045971E-1,
8.363140903757E-1,8.473383416613E-1,8.581549854739E-1,8.687866067898E-1,
8.895785353053E-1,9.099080296105E-1,9.299617307628E-1,9.499230615672E-1,
9.902003254075E-1,1.E0),.UNSPECIFIED.);
#12913=EDGE_CURVE('',#7564,#7480,#6537,.T.);
#12916=EDGE_CURVE('',#7565,#7481,#6565,.T.);
#12920=ADVANCED_FACE('',(#12919),#12911,.F.);
#12927=EDGE_CURVE('',#7569,#7485,#6544,.T.);
#12933=ADVANCED_FACE('',(#12932),#12925,.F.);
#12943=B_SPLINE_CURVE_WITH_KNOTS('',3,(#12934,#12935,#12936,#12937,#12938,
#12939,#12940,#12941,#12942),.UNSPECIFIED.,.F.,.F.,(4,1,1,1,1,1,4),(0.E0,
3.058365194127E-2,2.856662465705E-1,5.130496295408E-1,7.300121329876E-1,
9.695189641404E-1,1.E0),.UNSPECIFIED.);
#12948=EDGE_CURVE('',#7568,#7484,#6551,.T.);
#12954=ADVANCED_FACE('',(#12953),#12946,.F.);
#12962=B_SPLINE_CURVE_WITH_KNOTS('',3,(#12955,#12956,#12957,#12958,#12959,
#12960,#12961),.UNSPECIFIED.,.F.,.F.,(4,1,1,1,4),(0.E0,4.066840536036E-2,
4.694456099613E-1,9.593963044604E-1,1.E0),.UNSPECIFIED.);
#12967=EDGE_CURVE('',#7567,#7483,#6558,.T.);
#12973=ADVANCED_FACE('',(#12972),#12965,.F.);
#12985=ADVANCED_FACE('',(#12984),#12978,.F.);
#12992=EDGE_CURVE('',#7572,#7488,#6572,.T.);
#12995=EDGE_CURVE('',#7573,#7489,#6593,.T.);
#12999=ADVANCED_FACE('',(#12998),#12990,.F.);
#13006=EDGE_CURVE('',#7577,#7493,#6579,.T.);
#13012=ADVANCED_FACE('',(#13011),#13004,.F.);
#13019=EDGE_CURVE('',#7575,#7491,#6586,.T.);
#13025=ADVANCED_FACE('',(#13024),#13017,.F.);
#13037=ADVANCED_FACE('',(#13036),#13030,.F.);
#13044=EDGE_CURVE('',#7580,#7496,#6600,.T.);
#13047=EDGE_CURVE('',#7581,#7497,#6635,.T.);
#13051=ADVANCED_FACE('',(#13050),#13042,.F.);
#13058=EDGE_CURVE('',#7589,#7505,#6607,.T.);
#13064=ADVANCED_FACE('',(#13063),#13056,.F.);
#13071=EDGE_CURVE('',#7587,#7503,#6614,.T.);
#13077=ADVANCED_FACE('',(#13076),#13069,.F.);
#13084=EDGE_CURVE('',#7585,#7501,#6621,.T.);
#13090=ADVANCED_FACE('',(#13089),#13082,.F.);
#13097=EDGE_CURVE('',#7583,#7499,#6628,.T.);
#13103=ADVANCED_FACE('',(#13102),#13095,.F.);
#13115=ADVANCED_FACE('',(#13114),#13108,.F.);
#13145=B_SPLINE_CURVE_WITH_KNOTS('',3,(#13116,#13117,#13118,#13119,#13120,
#13121,#13122,#13123,#13124,#13125,#13126,#13127,#13128,#13129,#13130,#13131,
#13132,#13133,#13134,#13135,#13136,#13137,#13138,#13139,#13140,#13141,#13142,
#13143,#13144),.UNSPECIFIED.,.F.,.F.,(4,1,1,1,1,1,1,1,1,1,1,1,1,1,1,1,1,1,1,1,1,
1,1,1,1,1,4),(0.E0,1.123700592013E-2,2.663361327978E-2,4.200539101029E-2,
7.274894647131E-2,1.034925019323E-1,1.342360573934E-1,1.957231683154E-1,
2.572102792374E-1,3.186973901595E-1,3.801845010815E-1,4.416716120036E-1,
4.724151674646E-1,5.031587229256E-1,5.335177789865E-1,5.638768350473E-1,
6.245949471691E-1,6.853130592908E-1,7.460311714126E-1,8.067492835343E-1,
8.674673956561E-1,8.978264517169E-1,9.281855077778E-1,9.585445638387E-1,
9.737240918691E-1,9.889036198995E-1,1.E0),.UNSPECIFIED.);
#13150=EDGE_CURVE('',#7591,#7506,#6642,.T.);
#13153=EDGE_CURVE('',#7590,#7507,#6649,.T.);
#13157=ADVANCED_FACE('',(#13156),#13148,.T.);
#13187=B_SPLINE_CURVE_WITH_KNOTS('',3,(#13158,#13159,#13160,#13161,#13162,
#13163,#13164,#13165,#13166,#13167,#13168,#13169,#13170,#13171,#13172,#13173,
#13174,#13175,#13176,#13177,#13178,#13179,#13180,#13181,#13182,#13183,#13184,
#13185,#13186),.UNSPECIFIED.,.F.,.F.,(4,1,1,1,1,1,1,1,1,1,1,1,1,1,1,1,1,1,1,1,1,
1,1,1,1,1,4),(0.E0,1.109638008626E-2,2.627667914050E-2,4.145697819474E-2,
7.181757630321E-2,1.021781744117E-1,1.325387725202E-1,1.932599687371E-1,
2.539811649541E-1,3.147023611710E-1,3.754235573879E-1,4.361447536049E-1,
4.665053517134E-1,4.968659498218E-1,5.276110668608E-1,5.583561838997E-1,
6.198464179775E-1,6.813366520554E-1,7.428268861333E-1,8.043171202111E-1,
8.658073542890E-1,8.965524713279E-1,9.272975883668E-1,9.580427054057E-1,
9.734152639252E-1,9.887629928156E-1,1.E0),.UNSPECIFIED.);
#13197=ADVANCED_FACE('',(#13196),#13190,.T.);
#13223=B_SPLINE_CURVE_WITH_KNOTS('',3,(#13198,#13199,#13200,#13201,#13202,
#13203,#13204,#13205,#13206,#13207,#13208,#13209,#13210,#13211,#13212,#13213,
#13214,#13215,#13216,#13217,#13218,#13219,#13220,#13221,#13222),.UNSPECIFIED.,
.F.,.F.,(4,1,1,1,1,1,1,1,1,1,1,1,1,1,1,1,1,1,1,1,1,1,4),(0.E0,9.838565993264E-3,
1.318339661934E-1,1.935310572541E-1,2.560346174944E-1,3.194755752214E-1,
3.839529231638E-1,4.166705786273E-1,4.497462322888E-1,4.832472065712E-1,
5.001887252865E-1,5.172722930722E-1,5.342687187406E-1,5.509527051026E-1,
5.834512564370E-1,6.149261671899E-1,6.455183238412E-1,7.045057133427E-1,
7.615035354124E-1,8.175064999071E-1,8.735732657999E-1,9.901880125541E-1,1.E0),
.UNSPECIFIED.);
#13228=EDGE_CURVE('',#7592,#7508,#6656,.T.);
#13231=EDGE_CURVE('',#7593,#7509,#6705,.T.);
#13235=ADVANCED_FACE('',(#13234),#13226,.F.);
#13244=B_SPLINE_CURVE_WITH_KNOTS('',3,(#13236,#13237,#13238,#13239,#13240,
#13241,#13242,#13243),.UNSPECIFIED.,.F.,.F.,(4,1,1,1,1,4),(0.E0,
3.100512386297E-2,2.474060517047E-1,4.641544397548E-1,9.690960594973E-1,1.E0),
.UNSPECIFIED.);
#13249=EDGE_CURVE('',#7604,#7520,#6663,.T.);
#13255=ADVANCED_FACE('',(#13254),#13247,.F.);
#13262=EDGE_CURVE('',#7602,#7518,#6670,.T.);
#13268=ADVANCED_FACE('',(#13267),#13260,.F.);
#13275=EDGE_CURVE('',#7600,#7516,#6677,.T.);
#13281=ADVANCED_FACE('',(#13280),#13273,.F.);
#13288=EDGE_CURVE('',#7598,#7514,#6684,.T.);
#13294=ADVANCED_FACE('',(#13293),#13286,.F.);
#13301=EDGE_CURVE('',#7596,#7512,#6691,.T.);
#13307=ADVANCED_FACE('',(#13306),#13299,.F.);
#13314=EDGE_CURVE('',#7594,#7510,#6698,.T.);
#13320=ADVANCED_FACE('',(#13319),#13312,.F.);
#13328=B_SPLINE_CURVE_WITH_KNOTS('',3,(#13321,#13322,#13323,#13324,#13325,
#13326,#13327),.UNSPECIFIED.,.F.,.F.,(4,1,1,1,4),(0.E0,2.865061672728E-2,
5.211753301497E-1,9.714134534042E-1,1.E0),.UNSPECIFIED.);
#13338=ADVANCED_FACE('',(#13337),#13331,.F.);
#13364=B_SPLINE_CURVE_WITH_KNOTS('',3,(#13339,#13340,#13341,#13342,#13343,
#13344,#13345,#13346,#13347,#13348,#13349,#13350,#13351,#13352,#13353,#13354,
#13355,#13356,#13357,#13358,#13359,#13360,#13361,#13362,#13363),.UNSPECIFIED.,
.F.,.F.,(4,1,1,1,1,1,1,1,1,1,1,1,1,1,1,1,1,1,1,1,1,1,4),(0.E0,9.838501309912E-3,
1.313763689946E-1,1.930637695003E-1,2.556679767706E-1,3.192870883306E-1,
3.839872213674E-1,4.168231674833E-1,4.500173094244E-1,4.836340222052E-1,
5.006315793238E-1,5.177696274803E-1,5.348180253696E-1,5.515506570393E-1,
5.841363593409E-1,6.156844350838E-1,6.463350285539E-1,7.053912779395E-1,
7.623857294316E-1,8.183032360321E-1,8.741950781552E-1,9.901880925194E-1,1.E0),
.UNSPECIFIED.);
#13369=EDGE_CURVE('',#7605,#7521,#6712,.T.);
#13372=EDGE_CURVE('',#7606,#7522,#6761,.T.);
#13376=ADVANCED_FACE('',(#13375),#13367,.F.);
#13386=B_SPLINE_CURVE_WITH_KNOTS('',3,(#13377,#13378,#13379,#13380,#13381,
#13382,#13383,#13384,#13385),.UNSPECIFIED.,.F.,.F.,(4,1,1,1,1,1,4),(0.E0,
3.114769251983E-2,2.457667503947E-1,4.606566349566E-1,6.957273033079E-1,
9.688976745935E-1,1.E0),.UNSPECIFIED.);
#13391=EDGE_CURVE('',#7617,#7533,#6719,.T.);
#13397=ADVANCED_FACE('',(#13396),#13389,.F.);
#13404=EDGE_CURVE('',#7615,#7531,#6726,.T.);
#13410=ADVANCED_FACE('',(#13409),#13402,.F.);
#13417=EDGE_CURVE('',#7613,#7529,#6733,.T.);
#13423=ADVANCED_FACE('',(#13422),#13415,.F.);
#13430=EDGE_CURVE('',#7611,#7527,#6740,.T.);
#13436=ADVANCED_FACE('',(#13435),#13428,.F.);
#13443=EDGE_CURVE('',#7609,#7525,#6747,.T.);
#13449=ADVANCED_FACE('',(#13448),#13441,.F.);
#13456=EDGE_CURVE('',#7607,#7523,#6754,.T.);
#13462=ADVANCED_FACE('',(#13461),#13454,.F.);
#13470=B_SPLINE_CURVE_WITH_KNOTS('',3,(#13463,#13464,#13465,#13466,#13467,
#13468,#13469),.UNSPECIFIED.,.F.,.F.,(4,1,1,1,4),(0.E0,2.863129052420E-2,
5.218845498483E-1,9.714287034954E-1,1.E0),.UNSPECIFIED.);
#13480=ADVANCED_FACE('',(#13479),#13473,.F.);
#13510=B_SPLINE_CURVE_WITH_KNOTS('',3,(#13481,#13482,#13483,#13484,#13485,
#13486,#13487,#13488,#13489,#13490,#13491,#13492,#13493,#13494,#13495,#13496,
#13497,#13498,#13499,#13500,#13501,#13502,#13503,#13504,#13505,#13506,#13507,
#13508,#13509),.UNSPECIFIED.,.F.,.F.,(4,1,1,1,1,1,1,1,1,1,1,1,1,1,1,1,1,1,1,1,1,
1,1,1,1,1,4),(0.E0,1.107588052519E-2,2.628088258648E-2,4.146105396660E-2,
7.182139672684E-2,1.021817394871E-1,1.325420822473E-1,1.932627677678E-1,
2.539834532883E-1,3.147041388088E-1,3.754248243292E-1,4.361455098497E-1,
4.665058526100E-1,4.968661953702E-1,5.276110538270E-1,5.583559122839E-1,
6.198456291975E-1,6.813353461112E-1,7.428250630249E-1,8.043147799385E-1,
8.658044968522E-1,8.965493553090E-1,9.272942137659E-1,9.580390722227E-1,
9.734115014511E-1,9.887839306795E-1,1.E0),.UNSPECIFIED.);
#13515=EDGE_CURVE('',#7619,#7534,#6768,.T.);
#13518=EDGE_CURVE('',#7618,#7535,#6775,.T.);
#13522=ADVANCED_FACE('',(#13521),#13513,.T.);
#13552=B_SPLINE_CURVE_WITH_KNOTS('',3,(#13523,#13524,#13525,#13526,#13527,
#13528,#13529,#13530,#13531,#13532,#13533,#13534,#13535,#13536,#13537,#13538,
#13539,#13540,#13541,#13542,#13543,#13544,#13545,#13546,#13547,#13548,#13549,
#13550,#13551),.UNSPECIFIED.,.F.,.F.,(4,1,1,1,1,1,1,1,1,1,1,1,1,1,1,1,1,1,1,1,1,
1,1,1,1,1,4),(0.E0,1.121606930542E-2,2.658927935485E-2,4.196248940429E-2,
7.270890950316E-2,1.034553296020E-1,1.342017497009E-1,1.956945898987E-1,
2.571874300964E-1,3.186802702941E-1,3.801731104919E-1,4.416659506896E-1,
4.724123707885E-1,5.031587908874E-1,5.335206757587E-1,5.638825606301E-1,
6.246063303728E-1,6.853301001155E-1,7.460538698581E-1,8.067776396008E-1,
8.675014093435E-1,8.978632942149E-1,9.282251790862E-1,9.585870639576E-1,
9.737680063932E-1,9.889241181478E-1,1.E0),.UNSPECIFIED.);
#13562=ADVANCED_FACE('',(#13561),#13555,.T.);
#13568=EDGE_CURVE('',#7699,#7701,#6782,.T.);
#13570=EDGE_CURVE('',#7699,#7644,#6810,.T.);
#13577=ADVANCED_FACE('',(#13576),#13567,.T.);
#13583=EDGE_CURVE('',#7696,#7697,#6789,.T.);
#13585=EDGE_CURVE('',#7699,#7697,#6803,.T.);
#13591=ADVANCED_FACE('',(#13590),#13582,.T.);
#13601=EDGE_CURVE('',#7697,#7645,#6796,.T.);
#13605=ADVANCED_FACE('',(#13604),#13596,.T.);
#13617=ADVANCED_FACE('',(#13616),#13610,.T.);
#13623=EDGE_CURVE('',#7691,#7693,#6817,.T.);
#13625=EDGE_CURVE('',#7691,#7640,#6845,.T.);
#13632=ADVANCED_FACE('',(#13631),#13622,.T.);
#13638=EDGE_CURVE('',#7688,#7689,#6824,.T.);
#13640=EDGE_CURVE('',#7691,#7689,#6838,.T.);
#13646=ADVANCED_FACE('',(#13645),#13637,.T.);
#13656=EDGE_CURVE('',#7689,#7641,#6831,.T.);
#13660=ADVANCED_FACE('',(#13659),#13651,.T.);
#13672=ADVANCED_FACE('',(#13671),#13665,.T.);
#13678=EDGE_CURVE('',#7741,#7737,#6852,.T.);
#13680=EDGE_CURVE('',#7627,#7737,#6859,.T.);
#13686=ADVANCED_FACE('',(#13685),#13677,.F.);
#13693=EDGE_CURVE('',#7735,#7737,#6866,.T.);
#13699=ADVANCED_FACE('',(#13698),#13691,.T.);
#13706=EDGE_CURVE('',#7731,#7733,#6873,.T.);
#13708=EDGE_CURVE('',#7737,#7733,#6917,.T.);
#13713=ADVANCED_FACE('',(#13712),#13704,.F.);
#13720=EDGE_CURVE('',#7727,#7729,#6880,.T.);
#13722=EDGE_CURVE('',#7733,#7729,#6902,.T.);
#13727=ADVANCED_FACE('',(#13726),#13718,.T.);
#13735=EDGE_CURVE('',#7729,#7724,#6888,.T.);
#13740=ADVANCED_FACE('',(#13739),#13732,.F.);
#13749=EDGE_CURVE('',#7624,#7729,#6909,.T.);
#13753=ADVANCED_FACE('',(#13752),#13745,.F.);
#13762=EDGE_CURVE('',#7626,#7733,#6924,.T.);
#13766=ADVANCED_FACE('',(#13765),#13758,.F.);
#13778=ADVANCED_FACE('',(#13777),#13771,.F.);
#13779=CLOSED_SHELL('',(#8095,#8153,#8179,#8193,#8207,#8232,#8246,#8274,#8290,
#8306,#8321,#8336,#8352,#8379,#8394,#8408,#8421,#8434,#8449,#8463,#8477,#8489,
#8502,#8611,#8624,#8646,#8661,#8675,#8688,#8701,#8713,#8726,#8743,#8757,#8772,
#9159,#9173,#9185,#9197,#9212,#9225,#9239,#9252,#9265,#9277,#9290,#9304,#9317,
#9331,#9343,#9355,#9370,#9383,#9399,#9417,#9435,#9449,#9461,#9475,#9487,#9502,
#9515,#9531,#9549,#9561,#9579,#9604,#9618,#9888,#9952,#9972,#9992,#10011,#10031,
#10046,#10060,#10074,#10088,#10102,#10116,#10130,#10143,#10193,#10208,#10223,
#10238,#10252,#10266,#10279,#10340,#10354,#10373,#10384,#10400,#10412,#10423,
#10439,#10451,#10464,#10482,#10493,#10509,#10521,#10532,#10548,#10560,#10573,
#10586,#10600,#10614,#10628,#10641,#10653,#10666,#10679,#10693,#10707,#10721,
#10734,#10746,#10759,#10772,#10786,#10800,#10814,#10827,#10839,#10851,#10865,
#10877,#10891,#10903,#10917,#10929,#10943,#10955,#10969,#10981,#10995,#11007,
#11021,#11033,#11047,#11059,#11073,#11085,#11099,#11111,#11125,#11137,#11151,
#11163,#11177,#11189,#11203,#11215,#11229,#11241,#11255,#11267,#11281,#11293,
#11307,#11319,#11333,#11345,#11359,#11371,#11385,#11397,#11411,#11423,#11437,
#11449,#11463,#11475,#11489,#11501,#11515,#11527,#11541,#11553,#11567,#11579,
#11593,#11605,#11619,#11631,#11645,#11657,#11671,#11683,#11697,#11709,#11723,
#11735,#11749,#11761,#11775,#11787,#11801,#11813,#11827,#11843,#11864,#11877,
#11891,#11903,#11917,#11929,#11942,#11955,#11968,#11982,#11995,#12011,#12032,
#12045,#12058,#12072,#12086,#12099,#12121,#12136,#12149,#12163,#12176,#12190,
#12202,#12214,#12227,#12241,#12253,#12265,#12277,#12289,#12301,#12313,#12325,
#12337,#12351,#12363,#12377,#12389,#12404,#12418,#12432,#12446,#12460,#12473,
#12487,#12519,#12557,#12585,#12617,#12659,#12701,#12727,#12740,#12753,#12766,
#12779,#12791,#12813,#12834,#12846,#12920,#12933,#12954,#12973,#12985,#12999,
#13012,#13025,#13037,#13051,#13064,#13077,#13090,#13103,#13115,#13157,#13197,
#13235,#13255,#13268,#13281,#13294,#13307,#13320,#13338,#13376,#13397,#13410,
#13423,#13436,#13449,#13462,#13480,#13522,#13562,#13577,#13591,#13605,#13617,
#13632,#13646,#13660,#13672,#13686,#13699,#13713,#13727,#13740,#13753,#13766,
#13778));
#13780=MANIFOLD_SOLID_BREP('',#13779);
#13787=(LENGTH_UNIT()NAMED_UNIT(*)SI_UNIT(.MILLI.,.METRE.));
#13788=(NAMED_UNIT(*)PLANE_ANGLE_UNIT()SI_UNIT($,.RADIAN.));
#13791=(NAMED_UNIT(*)SI_UNIT($,.STERADIAN.)SOLID_ANGLE_UNIT());
#13793=(GEOMETRIC_REPRESENTATION_CONTEXT(3)GLOBAL_UNCERTAINTY_ASSIGNED_CONTEXT((
#13792))GLOBAL_UNIT_ASSIGNED_CONTEXT((#13787,#13790,#13791))REPRESENTATION_CONTEXT('ID1','3'));
#13794=ADVANCED_BREP_SHAPE_REPRESENTATION('',(#13780),#13793);
#13802=PRODUCT_DEFINITION('part definition','',#13801,#13798);
#13803=PRODUCT_DEFINITION_SHAPE('','SHAPE FOR I-0526-02_REVX01.',#13802);
#13804=SHAPE_ASPECT('','solid data associated with I-0526-02_REVX01',#13803,
.F.);
#13805=PROPERTY_DEFINITION('',
'shape for solid data with which properties are associated',#13804);
#13806=SHAPE_REPRESENTATION('',(#13780),#13793);
#13807=SHAPE_DEFINITION_REPRESENTATION(#13805,#13806);
#13808=(LENGTH_UNIT()NAMED_UNIT(*)SI_UNIT(.MILLI.,.METRE.));
#13812=PROPERTY_DEFINITION('geometric validation property',
'area of I-0526-02_REVX01',#13804);
#13813=REPRESENTATION('surface area',(#13811),#13793);
#13814=PROPERTY_DEFINITION_REPRESENTATION(#13812,#13813);
#13815=(LENGTH_UNIT()NAMED_UNIT(*)SI_UNIT(.MILLI.,.METRE.));
#13819=PROPERTY_DEFINITION('geometric validation property',
'volume of I-0526-02_REVX01',#13804);
#13820=REPRESENTATION('volume',(#13818),#13793);
#13821=PROPERTY_DEFINITION_REPRESENTATION(#13819,#13820);
#13823=PROPERTY_DEFINITION('geometric validation property',
'centroid of I-0526-02_REVX01',#13804);
#13824=REPRESENTATION('centroid',(#13822),#13793);
#13825=PROPERTY_DEFINITION_REPRESENTATION(#13823,#13824);
#13826=(LENGTH_UNIT()NAMED_UNIT(*)SI_UNIT(.MILLI.,.METRE.));
#13830=PROPERTY_DEFINITION('geometric validation property',
'area of I-0526-02_REVX01',#13803);
#13831=REPRESENTATION('surface area',(#13829),#13793);
#13832=PROPERTY_DEFINITION_REPRESENTATION(#13830,#13831);
#13833=(LENGTH_UNIT()NAMED_UNIT(*)SI_UNIT(.MILLI.,.METRE.));
#13837=PROPERTY_DEFINITION('geometric validation property',
'volume of I-0526-02_REVX01',#13803);
#13838=REPRESENTATION('volume',(#13836),#13793);
#13839=PROPERTY_DEFINITION_REPRESENTATION(#13837,#13838);
#13841=PROPERTY_DEFINITION('geometric validation property',
'centroid of I-0526-02_REVX01',#13803);
#13842=REPRESENTATION('centroid',(#13840),#13793);
#13843=PROPERTY_DEFINITION_REPRESENTATION(#13841,#13842);
#13844=SHAPE_DEFINITION_REPRESENTATION(#13803,#13794);
ENDSEC;
END-ISO-10303-21;
