ISO-10303-21;
HEADER;
FILE_DESCRIPTION((''),'2;1');
FILE_NAME('I-0515-01_REVX01','2026-08-07T15:56:27',('LSD'),(''),
'CREO PARAMETRIC BY PTC INC, 2020053','CREO PARAMETRIC BY PTC INC, 2020053','');
FILE_SCHEMA(('AUTOMOTIVE_DESIGN { 1 0 10303 214 1 1 1 1 }'));
ENDSEC;
DATA;
#17=DIRECTION('',(0.E0,0.E0,-1.E0));
#18=VECTOR('',#17,1.125268975705E0);
#19=CARTESIAN_POINT('',(2.865E1,0.E0,2.417800768391E1));
#20=LINE('',#19,#18);
#21=DRAUGHTING_PRE_DEFINED_CURVE_FONT('continuous');
#22=CURVE_STYLE('',#21,POSITIVE_LENGTH_MEASURE(2.E-2),#8);
#23=PRESENTATION_STYLE_ASSIGNMENT((#22));
#24=STYLED_ITEM('',(#23),#20);
#25=DIRECTION('',(1.E0,0.E0,0.E0));
#26=VECTOR('',#25,8.5E-1);
#27=CARTESIAN_POINT('',(2.865E1,0.E0,2.417800768391E1));
#28=LINE('',#27,#26);
#29=CURVE_STYLE('',#21,POSITIVE_LENGTH_MEASURE(2.E-2),#8);
#30=PRESENTATION_STYLE_ASSIGNMENT((#29));
#31=STYLED_ITEM('',(#30),#28);
#32=DIRECTION('',(0.E0,0.E0,-1.E0));
#33=VECTOR('',#32,8.356019507824E0);
#34=CARTESIAN_POINT('',(2.95E1,0.E0,2.417800768391E1));
#35=LINE('',#34,#33);
#36=CURVE_STYLE('',#21,POSITIVE_LENGTH_MEASURE(2.E-2),#8);
#37=PRESENTATION_STYLE_ASSIGNMENT((#36));
#38=STYLED_ITEM('',(#37),#35);
#39=DIRECTION('',(1.E0,0.E0,0.E0));
#40=VECTOR('',#39,8.5E-1);
#41=CARTESIAN_POINT('',(2.865E1,0.E0,1.582198817609E1));
#42=LINE('',#41,#40);
#43=CURVE_STYLE('',#21,POSITIVE_LENGTH_MEASURE(2.E-2),#8);
#44=PRESENTATION_STYLE_ASSIGNMENT((#43));
#45=STYLED_ITEM('',(#44),#42);
#46=DIRECTION('',(0.E0,0.E0,-1.E0));
#47=VECTOR('',#46,1.125268975705E0);
#48=CARTESIAN_POINT('',(2.865E1,0.E0,1.694725715179E1));
#49=LINE('',#48,#47);
#50=CURVE_STYLE('',#21,POSITIVE_LENGTH_MEASURE(2.E-2),#8);
#51=PRESENTATION_STYLE_ASSIGNMENT((#50));
#52=STYLED_ITEM('',(#51),#49);
#53=DIRECTION('',(1.E0,0.E0,0.E0));
#54=VECTOR('',#53,3.5E-1);
#55=CARTESIAN_POINT('',(2.83E1,0.E0,1.694725715179E1));
#56=LINE('',#55,#54);
#57=CURVE_STYLE('',#21,POSITIVE_LENGTH_MEASURE(2.E-2),#8);
#58=PRESENTATION_STYLE_ASSIGNMENT((#57));
#59=STYLED_ITEM('',(#58),#56);
#60=DIRECTION('',(0.E0,0.E0,1.E0));
#61=VECTOR('',#60,6.105481556415E0);
#62=CARTESIAN_POINT('',(2.83E1,0.E0,1.694725715179E1));
#63=LINE('',#62,#61);
#64=CURVE_STYLE('',#21,POSITIVE_LENGTH_MEASURE(2.E-2),#8);
#65=PRESENTATION_STYLE_ASSIGNMENT((#64));
#66=STYLED_ITEM('',(#65),#63);
#67=DIRECTION('',(1.E0,0.E0,0.E0));
#68=VECTOR('',#67,3.5E-1);
#69=CARTESIAN_POINT('',(2.83E1,0.E0,2.305273870821E1));
#70=LINE('',#69,#68);
#71=CURVE_STYLE('',#21,POSITIVE_LENGTH_MEASURE(2.E-2),#8);
#72=PRESENTATION_STYLE_ASSIGNMENT((#71));
#73=STYLED_ITEM('',(#72),#70);
#74=DIRECTION('',(0.E0,0.E0,-1.E0));
#75=VECTOR('',#74,1.125268975705E0);
#76=CARTESIAN_POINT('',(2.865E1,0.E0,1.017800774391E1));
#77=LINE('',#76,#75);
#78=CURVE_STYLE('',#21,POSITIVE_LENGTH_MEASURE(2.E-2),#8);
#79=PRESENTATION_STYLE_ASSIGNMENT((#78));
#80=STYLED_ITEM('',(#79),#77);
#81=DIRECTION('',(1.E0,0.E0,0.E0));
#82=VECTOR('',#81,8.5E-1);
#83=CARTESIAN_POINT('',(2.865E1,0.E0,1.017800774391E1));
#84=LINE('',#83,#82);
#85=CURVE_STYLE('',#21,POSITIVE_LENGTH_MEASURE(2.E-2),#8);
#86=PRESENTATION_STYLE_ASSIGNMENT((#85));
#87=STYLED_ITEM('',(#86),#84);
#88=DIRECTION('',(0.E0,0.E0,-1.E0));
#89=VECTOR('',#88,1.035601804782E1);
#90=CARTESIAN_POINT('',(2.95E1,0.E0,1.017800774391E1));
#91=LINE('',#90,#89);
#92=CURVE_STYLE('',#21,POSITIVE_LENGTH_MEASURE(2.E-2),#8);
#93=PRESENTATION_STYLE_ASSIGNMENT((#92));
#94=STYLED_ITEM('',(#93),#91);
#95=DIRECTION('',(1.E0,0.E0,0.E0));
#96=VECTOR('',#95,8.5E-1);
#97=CARTESIAN_POINT('',(2.865E1,0.E0,-1.780103039117E-1));
#98=LINE('',#97,#96);
#99=CURVE_STYLE('',#21,POSITIVE_LENGTH_MEASURE(2.E-2),#8);
#100=PRESENTATION_STYLE_ASSIGNMENT((#99));
#101=STYLED_ITEM('',(#100),#98);
#102=DIRECTION('',(0.E0,0.E0,-1.E0));
#103=VECTOR('',#102,1.125268975705E0);
#104=CARTESIAN_POINT('',(2.865E1,0.E0,9.472586717930E-1));
#105=LINE('',#104,#103);
#106=CURVE_STYLE('',#21,POSITIVE_LENGTH_MEASURE(2.E-2),#8);
#107=PRESENTATION_STYLE_ASSIGNMENT((#106));
#108=STYLED_ITEM('',(#107),#105);
#109=DIRECTION('',(1.E0,0.E0,0.E0));
#110=VECTOR('',#109,3.5E-1);
#111=CARTESIAN_POINT('',(2.83E1,0.E0,9.472586717930E-1));
#112=LINE('',#111,#110);
#113=CURVE_STYLE('',#21,POSITIVE_LENGTH_MEASURE(2.E-2),#8);
#114=PRESENTATION_STYLE_ASSIGNMENT((#113));
#115=STYLED_ITEM('',(#114),#112);
#116=DIRECTION('',(0.E0,0.E0,1.E0));
#117=VECTOR('',#116,8.105480096415E0);
#118=CARTESIAN_POINT('',(2.83E1,0.E0,9.472586717930E-1));
#119=LINE('',#118,#117);
#120=CURVE_STYLE('',#21,POSITIVE_LENGTH_MEASURE(2.E-2),#8);
#121=PRESENTATION_STYLE_ASSIGNMENT((#120));
#122=STYLED_ITEM('',(#121),#119);
#123=DIRECTION('',(1.E0,0.E0,-1.015061051086E-14));
#124=VECTOR('',#123,3.5E-1);
#125=CARTESIAN_POINT('',(2.83E1,0.E0,9.052738768208E0));
#126=LINE('',#125,#124);
#127=CURVE_STYLE('',#21,POSITIVE_LENGTH_MEASURE(2.E-2),#8);
#128=PRESENTATION_STYLE_ASSIGNMENT((#127));
#129=STYLED_ITEM('',(#128),#126);
#130=DIRECTION('',(0.E0,0.E0,1.E0));
#131=VECTOR('',#130,3.177875790800E0);
#132=CARTESIAN_POINT('',(2.83E1,0.E0,-2.105274304821E1));
#133=LINE('',#132,#131);
#134=CURVE_STYLE('',#21,POSITIVE_LENGTH_MEASURE(2.E-2),#8);
#135=PRESENTATION_STYLE_ASSIGNMENT((#134));
#136=STYLED_ITEM('',(#135),#133);
#137=DIRECTION('',(1.E0,0.E0,0.E0));
#138=VECTOR('',#137,3.5E-1);
#139=CARTESIAN_POINT('',(2.83E1,0.E0,-1.787486725741E1));
#140=LINE('',#139,#138);
#141=CURVE_STYLE('',#21,POSITIVE_LENGTH_MEASURE(2.E-2),#8);
#142=PRESENTATION_STYLE_ASSIGNMENT((#141));
#143=STYLED_ITEM('',(#142),#140);
#144=DIRECTION('',(0.E0,0.E0,-1.E0));
#145=VECTOR('',#144,1.125868817728E0);
#146=CARTESIAN_POINT('',(2.865E1,0.E0,-1.674899843968E1));
#147=LINE('',#146,#145);
#148=CURVE_STYLE('',#21,POSITIVE_LENGTH_MEASURE(2.E-2),#8);
#149=PRESENTATION_STYLE_ASSIGNMENT((#148));
#150=STYLED_ITEM('',(#149),#147);
#151=DIRECTION('',(1.E0,0.E0,1.253898945459E-14));
#152=VECTOR('',#151,8.5E-1);
#153=CARTESIAN_POINT('',(2.865E1,0.E0,-1.674899843968E1));
#154=LINE('',#153,#152);
#155=CURVE_STYLE('',#21,POSITIVE_LENGTH_MEASURE(2.E-2),#8);
#156=PRESENTATION_STYLE_ASSIGNMENT((#155));
#157=STYLED_ITEM('',(#156),#154);
#158=DIRECTION('',(0.E0,0.E0,-1.E0));
#159=VECTOR('',#158,5.429013584233E0);
#160=CARTESIAN_POINT('',(2.95E1,0.E0,-1.674899843968E1));
#161=LINE('',#160,#159);
#162=CURVE_STYLE('',#21,POSITIVE_LENGTH_MEASURE(2.E-2),#8);
#163=PRESENTATION_STYLE_ASSIGNMENT((#162));
#164=STYLED_ITEM('',(#163),#161);
#165=DIRECTION('',(1.E0,0.E0,0.E0));
#166=VECTOR('',#165,8.5E-1);
#167=CARTESIAN_POINT('',(2.865E1,0.E0,-2.217801202391E1));
#168=LINE('',#167,#166);
#169=CURVE_STYLE('',#21,POSITIVE_LENGTH_MEASURE(2.E-2),#8);
#170=PRESENTATION_STYLE_ASSIGNMENT((#169));
#171=STYLED_ITEM('',(#170),#168);
#172=DIRECTION('',(0.E0,0.E0,-1.E0));
#173=VECTOR('',#172,1.125268975705E0);
#174=CARTESIAN_POINT('',(2.865E1,0.E0,-2.105274304821E1));
#175=LINE('',#174,#173);
#176=CURVE_STYLE('',#21,POSITIVE_LENGTH_MEASURE(2.E-2),#8);
#177=PRESENTATION_STYLE_ASSIGNMENT((#176));
#178=STYLED_ITEM('',(#177),#175);
#179=DIRECTION('',(1.E0,0.E0,0.E0));
#180=VECTOR('',#179,3.5E-1);
#181=CARTESIAN_POINT('',(2.83E1,0.E0,-2.105274304821E1));
#182=LINE('',#181,#180);
#183=CURVE_STYLE('',#21,POSITIVE_LENGTH_MEASURE(2.E-2),#8);
#184=PRESENTATION_STYLE_ASSIGNMENT((#183));
#185=STYLED_ITEM('',(#184),#182);
#186=DIRECTION('',(0.E0,0.E0,1.E0));
#187=VECTOR('',#186,3.388813269746E0);
#188=CARTESIAN_POINT('',(2.83E1,0.E0,-1.019440631487E1));
#189=LINE('',#188,#187);
#190=CURVE_STYLE('',#21,POSITIVE_LENGTH_MEASURE(2.E-2),#8);
#191=PRESENTATION_STYLE_ASSIGNMENT((#190));
#192=STYLED_ITEM('',(#191),#189);
#193=DIRECTION('',(1.E0,0.E0,0.E0));
#194=VECTOR('',#193,3.5E-1);
#195=CARTESIAN_POINT('',(2.83E1,0.E0,-6.805593045127E0));
#196=LINE('',#195,#194);
#197=CURVE_STYLE('',#21,POSITIVE_LENGTH_MEASURE(2.E-2),#8);
#198=PRESENTATION_STYLE_ASSIGNMENT((#197));
#199=STYLED_ITEM('',(#198),#196);
#200=DIRECTION('',(0.E0,0.E0,-1.E0));
#201=VECTOR('',#200,1.125268975705E0);
#202=CARTESIAN_POINT('',(2.865E1,0.E0,-5.680324069422E0));
#203=LINE('',#202,#201);
#204=CURVE_STYLE('',#21,POSITIVE_LENGTH_MEASURE(2.E-2),#8);
#205=PRESENTATION_STYLE_ASSIGNMENT((#204));
#206=STYLED_ITEM('',(#205),#203);
#207=DIRECTION('',(1.E0,0.E0,0.E0));
#208=VECTOR('',#207,8.5E-1);
#209=CARTESIAN_POINT('',(2.865E1,0.E0,-5.680324069422E0));
#210=LINE('',#209,#208);
#211=CURVE_STYLE('',#21,POSITIVE_LENGTH_MEASURE(2.E-2),#8);
#212=PRESENTATION_STYLE_ASSIGNMENT((#211));
#213=STYLED_ITEM('',(#212),#210);
#214=DIRECTION('',(0.E0,0.E0,-1.E0));
#215=VECTOR('',#214,5.639351221155E0);
#216=CARTESIAN_POINT('',(2.95E1,0.E0,-5.680324069422E0));
#217=LINE('',#216,#215);
#218=CURVE_STYLE('',#21,POSITIVE_LENGTH_MEASURE(2.E-2),#8);
#219=PRESENTATION_STYLE_ASSIGNMENT((#218));
#220=STYLED_ITEM('',(#219),#217);
#221=DIRECTION('',(1.E0,0.E0,0.E0));
#222=VECTOR('',#221,8.5E-1);
#223=CARTESIAN_POINT('',(2.865E1,0.E0,-1.131967529058E1));
#224=LINE('',#223,#222);
#225=CURVE_STYLE('',#21,POSITIVE_LENGTH_MEASURE(2.E-2),#8);
#226=PRESENTATION_STYLE_ASSIGNMENT((#225));
#227=STYLED_ITEM('',(#226),#224);
#228=DIRECTION('',(0.E0,0.E0,-1.E0));
#229=VECTOR('',#228,1.125268975705E0);
#230=CARTESIAN_POINT('',(2.865E1,0.E0,-1.019440631487E1));
#231=LINE('',#230,#229);
#232=CURVE_STYLE('',#21,POSITIVE_LENGTH_MEASURE(2.E-2),#8);
#233=PRESENTATION_STYLE_ASSIGNMENT((#232));
#234=STYLED_ITEM('',(#233),#231);
#235=DIRECTION('',(1.E0,0.E0,0.E0));
#236=VECTOR('',#235,3.5E-1);
#237=CARTESIAN_POINT('',(2.83E1,0.E0,-1.019440631487E1));
#238=LINE('',#237,#236);
#239=CURVE_STYLE('',#21,POSITIVE_LENGTH_MEASURE(2.E-2),#8);
#240=PRESENTATION_STYLE_ASSIGNMENT((#239));
#241=STYLED_ITEM('',(#240),#238);
#242=DIRECTION('',(0.E0,0.E0,1.E0));
#243=VECTOR('',#242,1.4E0);
#244=CARTESIAN_POINT('',(-1.077488339536E1,0.E0,-4.75E1));
#245=LINE('',#244,#243);
#246=CURVE_STYLE('',#21,POSITIVE_LENGTH_MEASURE(2.E-2),#8);
#247=PRESENTATION_STYLE_ASSIGNMENT((#246));
#248=STYLED_ITEM('',(#247),#245);
#249=DIRECTION('',(0.E0,0.E0,1.E0));
#250=VECTOR('',#249,2.E-1);
#251=CARTESIAN_POINT('',(-1.024988339536E1,0.E0,-4.63E1));
#252=LINE('',#251,#250);
#253=CURVE_STYLE('',#21,POSITIVE_LENGTH_MEASURE(2.E-2),#8);
#254=PRESENTATION_STYLE_ASSIGNMENT((#253));
#255=STYLED_ITEM('',(#254),#252);
#256=DIRECTION('',(1.E0,0.E0,0.E0));
#257=VECTOR('',#256,3.724988339536E1);
#258=CARTESIAN_POINT('',(-1.024988339536E1,0.E0,-4.63E1));
#259=LINE('',#258,#257);
#260=CURVE_STYLE('',#21,POSITIVE_LENGTH_MEASURE(2.E-2),#8);
#261=PRESENTATION_STYLE_ASSIGNMENT((#260));
#262=STYLED_ITEM('',(#261),#259);
#263=CARTESIAN_POINT('',(2.7E1,0.E0,-4.5E1));
#264=DIRECTION('',(0.E0,-1.E0,0.E0));
#265=DIRECTION('',(0.E0,0.E0,-1.E0));
#266=AXIS2_PLACEMENT_3D('',#263,#264,#265);
#268=CURVE_STYLE('',#21,POSITIVE_LENGTH_MEASURE(2.E-2),#8);
#269=PRESENTATION_STYLE_ASSIGNMENT((#268));
#270=STYLED_ITEM('',(#269),#267);
#271=DIRECTION('',(0.E0,0.E0,1.E0));
#272=VECTOR('',#271,7.E0);
#273=CARTESIAN_POINT('',(2.83E1,0.E0,-4.5E1));
#274=LINE('',#273,#272);
#275=CURVE_STYLE('',#21,POSITIVE_LENGTH_MEASURE(2.E-2),#8);
#276=PRESENTATION_STYLE_ASSIGNMENT((#275));
#277=STYLED_ITEM('',(#276),#274);
#278=DIRECTION('',(1.E0,0.E0,0.E0));
#279=VECTOR('',#278,8.E-1);
#280=CARTESIAN_POINT('',(2.75E1,0.E0,-3.8E1));
#281=LINE('',#280,#279);
#282=CURVE_STYLE('',#21,POSITIVE_LENGTH_MEASURE(2.E-2),#8);
#283=PRESENTATION_STYLE_ASSIGNMENT((#282));
#284=STYLED_ITEM('',(#283),#281);
#285=DIRECTION('',(-1.E0,0.E0,0.E0));
#286=VECTOR('',#285,8.E-1);
#287=CARTESIAN_POINT('',(2.83E1,0.E0,-3.2E1));
#288=LINE('',#287,#286);
#289=CURVE_STYLE('',#21,POSITIVE_LENGTH_MEASURE(2.E-2),#8);
#290=PRESENTATION_STYLE_ASSIGNMENT((#289));
#291=STYLED_ITEM('',(#290),#288);
#292=DIRECTION('',(0.E0,0.E0,1.E0));
#293=VECTOR('',#292,3.194405234873E0);
#294=CARTESIAN_POINT('',(2.83E1,0.E0,-3.2E1));
#295=LINE('',#294,#293);
#296=CURVE_STYLE('',#21,POSITIVE_LENGTH_MEASURE(2.E-2),#8);
#297=PRESENTATION_STYLE_ASSIGNMENT((#296));
#298=STYLED_ITEM('',(#297),#295);
#299=DIRECTION('',(1.E0,0.E0,0.E0));
#300=VECTOR('',#299,3.5E-1);
#301=CARTESIAN_POINT('',(2.83E1,0.E0,-2.880559476513E1));
#302=LINE('',#301,#300);
#303=CURVE_STYLE('',#21,POSITIVE_LENGTH_MEASURE(2.E-2),#8);
#304=PRESENTATION_STYLE_ASSIGNMENT((#303));
#305=STYLED_ITEM('',(#304),#302);
#306=DIRECTION('',(0.E0,0.E0,-1.E0));
#307=VECTOR('',#306,1.125268975705E0);
#308=CARTESIAN_POINT('',(2.865E1,0.E0,-2.768032578942E1));
#309=LINE('',#308,#307);
#310=CURVE_STYLE('',#21,POSITIVE_LENGTH_MEASURE(2.E-2),#8);
#311=PRESENTATION_STYLE_ASSIGNMENT((#310));
#312=STYLED_ITEM('',(#311),#309);
#313=DIRECTION('',(1.E0,0.E0,0.E0));
#314=VECTOR('',#313,8.5E-1);
#315=CARTESIAN_POINT('',(2.865E1,0.E0,-2.768032578942E1));
#316=LINE('',#315,#314);
#317=CURVE_STYLE('',#21,POSITIVE_LENGTH_MEASURE(2.E-2),#8);
#318=PRESENTATION_STYLE_ASSIGNMENT((#317));
#319=STYLED_ITEM('',(#318),#316);
#320=DIRECTION('',(0.E0,0.E0,-1.E0));
#321=VECTOR('',#320,1.731967421058E1);
#322=CARTESIAN_POINT('',(2.95E1,0.E0,-2.768032578942E1));
#323=LINE('',#322,#321);
#324=CURVE_STYLE('',#21,POSITIVE_LENGTH_MEASURE(2.E-2),#8);
#325=PRESENTATION_STYLE_ASSIGNMENT((#324));
#326=STYLED_ITEM('',(#325),#323);
#327=CARTESIAN_POINT('',(2.7E1,0.E0,-4.5E1));
#328=DIRECTION('',(0.E0,1.E0,0.E0));
#329=DIRECTION('',(1.E0,0.E0,1.136868377216E-14));
#330=AXIS2_PLACEMENT_3D('',#327,#328,#329);
#332=CURVE_STYLE('',#21,POSITIVE_LENGTH_MEASURE(2.E-2),#8);
#333=PRESENTATION_STYLE_ASSIGNMENT((#332));
#334=STYLED_ITEM('',(#333),#331);
#335=DIRECTION('',(-1.E0,0.E0,0.E0));
#336=VECTOR('',#335,3.777488339536E1);
#337=CARTESIAN_POINT('',(2.7E1,0.E0,-4.75E1));
#338=LINE('',#337,#336);
#339=CURVE_STYLE('',#21,POSITIVE_LENGTH_MEASURE(2.E-2),#8);
#340=PRESENTATION_STYLE_ASSIGNMENT((#339));
#341=STYLED_ITEM('',(#340),#338);
#342=DIRECTION('',(1.E0,0.E0,0.E0));
#343=VECTOR('',#342,2.173000277557E1);
#344=CARTESIAN_POINT('',(-2.7E1,0.E0,4.75E1));
#345=LINE('',#344,#343);
#346=CURVE_STYLE('',#21,POSITIVE_LENGTH_MEASURE(2.E-2),#8);
#347=PRESENTATION_STYLE_ASSIGNMENT((#346));
#348=STYLED_ITEM('',(#347),#345);
#349=DIRECTION('',(-7.071067811865E-1,0.E0,7.071067811865E-1));
#350=VECTOR('',#349,7.071067811865E-1);
#351=CARTESIAN_POINT('',(-4.769997224434E0,0.E0,4.7E1));
#352=LINE('',#351,#350);
#353=CURVE_STYLE('',#21,POSITIVE_LENGTH_MEASURE(2.E-2),#8);
#354=PRESENTATION_STYLE_ASSIGNMENT((#353));
#355=STYLED_ITEM('',(#354),#352);
#356=DIRECTION('',(0.E0,0.E0,-1.E0));
#357=VECTOR('',#356,7.E-1);
#358=CARTESIAN_POINT('',(-4.769997224434E0,0.E0,4.7E1));
#359=LINE('',#358,#357);
#360=CURVE_STYLE('',#21,POSITIVE_LENGTH_MEASURE(2.E-2),#8);
#361=PRESENTATION_STYLE_ASSIGNMENT((#360));
#362=STYLED_ITEM('',(#361),#359);
#363=DIRECTION('',(-1.E0,0.E0,0.E0));
#364=VECTOR('',#363,2.223000277557E1);
#365=CARTESIAN_POINT('',(-4.769997224434E0,0.E0,4.63E1));
#366=LINE('',#365,#364);
#367=CURVE_STYLE('',#21,POSITIVE_LENGTH_MEASURE(2.E-2),#8);
#368=PRESENTATION_STYLE_ASSIGNMENT((#367));
#369=STYLED_ITEM('',(#368),#366);
#370=CARTESIAN_POINT('',(-2.7E1,0.E0,4.5E1));
#371=DIRECTION('',(0.E0,-1.E0,0.E0));
#372=DIRECTION('',(0.E0,0.E0,1.E0));
#373=AXIS2_PLACEMENT_3D('',#370,#371,#372);
#375=CURVE_STYLE('',#21,POSITIVE_LENGTH_MEASURE(2.E-2),#8);
#376=PRESENTATION_STYLE_ASSIGNMENT((#375));
#377=STYLED_ITEM('',(#376),#374);
#378=DIRECTION('',(0.E0,0.E0,-1.E0));
#379=VECTOR('',#378,7.E0);
#380=CARTESIAN_POINT('',(-2.83E1,0.E0,4.5E1));
#381=LINE('',#380,#379);
#382=CURVE_STYLE('',#21,POSITIVE_LENGTH_MEASURE(2.E-2),#8);
#383=PRESENTATION_STYLE_ASSIGNMENT((#382));
#384=STYLED_ITEM('',(#383),#381);
#385=DIRECTION('',(-1.E0,0.E0,0.E0));
#386=VECTOR('',#385,8.E-1);
#387=CARTESIAN_POINT('',(-2.75E1,0.E0,3.8E1));
#388=LINE('',#387,#386);
#389=CURVE_STYLE('',#21,POSITIVE_LENGTH_MEASURE(2.E-2),#8);
#390=PRESENTATION_STYLE_ASSIGNMENT((#389));
#391=STYLED_ITEM('',(#390),#388);
#392=DIRECTION('',(1.E0,0.E0,0.E0));
#393=VECTOR('',#392,8.E-1);
#394=CARTESIAN_POINT('',(-2.83E1,0.E0,3.2E1));
#395=LINE('',#394,#393);
#396=CURVE_STYLE('',#21,POSITIVE_LENGTH_MEASURE(2.E-2),#8);
#397=PRESENTATION_STYLE_ASSIGNMENT((#396));
#398=STYLED_ITEM('',(#397),#395);
#399=DIRECTION('',(0.E0,0.E0,-1.E0));
#400=VECTOR('',#399,6.4E1);
#401=CARTESIAN_POINT('',(-2.83E1,0.E0,3.2E1));
#402=LINE('',#401,#400);
#403=CURVE_STYLE('',#21,POSITIVE_LENGTH_MEASURE(2.E-2),#8);
#404=PRESENTATION_STYLE_ASSIGNMENT((#403));
#405=STYLED_ITEM('',(#404),#402);
#406=DIRECTION('',(-1.E0,0.E0,0.E0));
#407=VECTOR('',#406,8.E-1);
#408=CARTESIAN_POINT('',(-2.75E1,0.E0,-3.2E1));
#409=LINE('',#408,#407);
#410=CURVE_STYLE('',#21,POSITIVE_LENGTH_MEASURE(2.E-2),#8);
#411=PRESENTATION_STYLE_ASSIGNMENT((#410));
#412=STYLED_ITEM('',(#411),#409);
#413=DIRECTION('',(1.E0,0.E0,0.E0));
#414=VECTOR('',#413,8.E-1);
#415=CARTESIAN_POINT('',(-2.83E1,0.E0,-3.8E1));
#416=LINE('',#415,#414);
#417=CURVE_STYLE('',#21,POSITIVE_LENGTH_MEASURE(2.E-2),#8);
#418=PRESENTATION_STYLE_ASSIGNMENT((#417));
#419=STYLED_ITEM('',(#418),#416);
#420=DIRECTION('',(0.E0,0.E0,-1.E0));
#421=VECTOR('',#420,7.E0);
#422=CARTESIAN_POINT('',(-2.83E1,0.E0,-3.8E1));
#423=LINE('',#422,#421);
#424=CURVE_STYLE('',#21,POSITIVE_LENGTH_MEASURE(2.E-2),#8);
#425=PRESENTATION_STYLE_ASSIGNMENT((#424));
#426=STYLED_ITEM('',(#425),#423);
#427=CARTESIAN_POINT('',(-2.7E1,0.E0,-4.5E1));
#428=DIRECTION('',(0.E0,-1.E0,0.E0));
#429=DIRECTION('',(-1.E0,0.E0,2.186285340800E-14));
#430=AXIS2_PLACEMENT_3D('',#427,#428,#429);
#432=CURVE_STYLE('',#21,POSITIVE_LENGTH_MEASURE(2.E-2),#8);
#433=PRESENTATION_STYLE_ASSIGNMENT((#432));
#434=STYLED_ITEM('',(#433),#431);
#435=DIRECTION('',(1.E0,0.E0,0.E0));
#436=VECTOR('',#435,9.750116604643E0);
#437=CARTESIAN_POINT('',(-2.7E1,0.E0,-4.63E1));
#438=LINE('',#437,#436);
#439=CURVE_STYLE('',#21,POSITIVE_LENGTH_MEASURE(2.E-2),#8);
#440=PRESENTATION_STYLE_ASSIGNMENT((#439));
#441=STYLED_ITEM('',(#440),#438);
#442=DIRECTION('',(0.E0,0.E0,-1.E0));
#443=VECTOR('',#442,2.E-1);
#444=CARTESIAN_POINT('',(-1.724988339536E1,0.E0,-4.61E1));
#445=LINE('',#444,#443);
#446=CURVE_STYLE('',#21,POSITIVE_LENGTH_MEASURE(2.E-2),#8);
#447=PRESENTATION_STYLE_ASSIGNMENT((#446));
#448=STYLED_ITEM('',(#447),#445);
#449=DIRECTION('',(0.E0,0.E0,-1.E0));
#450=VECTOR('',#449,1.4E0);
#451=CARTESIAN_POINT('',(-1.672488339536E1,0.E0,-4.61E1));
#452=LINE('',#451,#450);
#453=CURVE_STYLE('',#21,POSITIVE_LENGTH_MEASURE(2.E-2),#8);
#454=PRESENTATION_STYLE_ASSIGNMENT((#453));
#455=STYLED_ITEM('',(#454),#452);
#456=DIRECTION('',(-1.E0,0.E0,0.E0));
#457=VECTOR('',#456,1.027511660464E1);
#458=CARTESIAN_POINT('',(-1.672488339536E1,0.E0,-4.75E1));
#459=LINE('',#458,#457);
#460=CURVE_STYLE('',#21,POSITIVE_LENGTH_MEASURE(2.E-2),#8);
#461=PRESENTATION_STYLE_ASSIGNMENT((#460));
#462=STYLED_ITEM('',(#461),#459);
#463=CARTESIAN_POINT('',(-2.7E1,0.E0,-4.5E1));
#464=DIRECTION('',(0.E0,1.E0,0.E0));
#465=DIRECTION('',(0.E0,0.E0,-1.E0));
#466=AXIS2_PLACEMENT_3D('',#463,#464,#465);
#468=CURVE_STYLE('',#21,POSITIVE_LENGTH_MEASURE(2.E-2),#8);
#469=PRESENTATION_STYLE_ASSIGNMENT((#468));
#470=STYLED_ITEM('',(#469),#467);
#471=DIRECTION('',(0.E0,0.E0,1.E0));
#472=VECTOR('',#471,9.E1);
#473=CARTESIAN_POINT('',(-2.95E1,0.E0,-4.5E1));
#474=LINE('',#473,#472);
#475=CURVE_STYLE('',#21,POSITIVE_LENGTH_MEASURE(2.E-2),#8);
#476=PRESENTATION_STYLE_ASSIGNMENT((#475));
#477=STYLED_ITEM('',(#476),#474);
#478=CARTESIAN_POINT('',(-2.7E1,0.E0,4.5E1));
#479=DIRECTION('',(0.E0,1.E0,0.E0));
#480=DIRECTION('',(-1.E0,0.E0,-1.136868377216E-14));
#481=AXIS2_PLACEMENT_3D('',#478,#479,#480);
#483=CURVE_STYLE('',#21,POSITIVE_LENGTH_MEASURE(2.E-2),#8);
#484=PRESENTATION_STYLE_ASSIGNMENT((#483));
#485=STYLED_ITEM('',(#484),#482);
#486=DIRECTION('',(1.E0,0.E0,0.E0));
#487=VECTOR('',#486,2.172999722443E1);
#488=CARTESIAN_POINT('',(5.270002775566E0,0.E0,4.75E1));
#489=LINE('',#488,#487);
#490=CURVE_STYLE('',#21,POSITIVE_LENGTH_MEASURE(2.E-2),#8);
#491=PRESENTATION_STYLE_ASSIGNMENT((#490));
#492=STYLED_ITEM('',(#491),#489);
#493=CARTESIAN_POINT('',(2.7E1,0.E0,4.5E1));
#494=DIRECTION('',(0.E0,1.E0,0.E0));
#495=DIRECTION('',(0.E0,0.E0,1.E0));
#496=AXIS2_PLACEMENT_3D('',#493,#494,#495);
#498=CURVE_STYLE('',#21,POSITIVE_LENGTH_MEASURE(2.E-2),#8);
#499=PRESENTATION_STYLE_ASSIGNMENT((#498));
#500=STYLED_ITEM('',(#499),#497);
#501=DIRECTION('',(0.E0,0.E0,-1.E0));
#502=VECTOR('',#501,1.525100250032E1);
#503=CARTESIAN_POINT('',(2.95E1,0.E0,4.5E1));
#504=LINE('',#503,#502);
#505=CURVE_STYLE('',#21,POSITIVE_LENGTH_MEASURE(2.E-2),#8);
#506=PRESENTATION_STYLE_ASSIGNMENT((#505));
#507=STYLED_ITEM('',(#506),#504);
#508=DIRECTION('',(1.E0,0.E0,-1.671865260612E-14));
#509=VECTOR('',#508,8.5E-1);
#510=CARTESIAN_POINT('',(2.865E1,0.E0,2.974899749968E1));
#511=LINE('',#510,#509);
#512=CURVE_STYLE('',#21,POSITIVE_LENGTH_MEASURE(2.E-2),#8);
#513=PRESENTATION_STYLE_ASSIGNMENT((#512));
#514=STYLED_ITEM('',(#513),#511);
#515=DIRECTION('',(0.E0,0.E0,-1.E0));
#516=VECTOR('',#515,1.125868817728E0);
#517=CARTESIAN_POINT('',(2.865E1,0.E0,3.087486631741E1));
#518=LINE('',#517,#516);
#519=CURVE_STYLE('',#21,POSITIVE_LENGTH_MEASURE(2.E-2),#8);
#520=PRESENTATION_STYLE_ASSIGNMENT((#519));
#521=STYLED_ITEM('',(#520),#518);
#522=DIRECTION('',(1.E0,0.E0,0.E0));
#523=VECTOR('',#522,3.5E-1);
#524=CARTESIAN_POINT('',(2.83E1,0.E0,3.087486631741E1));
#525=LINE('',#524,#523);
#526=CURVE_STYLE('',#21,POSITIVE_LENGTH_MEASURE(2.E-2),#8);
#527=PRESENTATION_STYLE_ASSIGNMENT((#526));
#528=STYLED_ITEM('',(#527),#525);
#529=DIRECTION('',(0.E0,0.E0,1.E0));
#530=VECTOR('',#529,1.125133682592E0);
#531=CARTESIAN_POINT('',(2.83E1,0.E0,3.087486631741E1));
#532=LINE('',#531,#530);
#533=CURVE_STYLE('',#21,POSITIVE_LENGTH_MEASURE(2.E-2),#8);
#534=PRESENTATION_STYLE_ASSIGNMENT((#533));
#535=STYLED_ITEM('',(#534),#532);
#536=DIRECTION('',(1.E0,0.E0,0.E0));
#537=VECTOR('',#536,8.E-1);
#538=CARTESIAN_POINT('',(2.75E1,0.E0,3.2E1));
#539=LINE('',#538,#537);
#540=CURVE_STYLE('',#21,POSITIVE_LENGTH_MEASURE(2.E-2),#8);
#541=PRESENTATION_STYLE_ASSIGNMENT((#540));
#542=STYLED_ITEM('',(#541),#539);
#543=DIRECTION('',(-1.E0,0.E0,0.E0));
#544=VECTOR('',#543,8.E-1);
#545=CARTESIAN_POINT('',(2.83E1,0.E0,3.8E1));
#546=LINE('',#545,#544);
#547=CURVE_STYLE('',#21,POSITIVE_LENGTH_MEASURE(2.E-2),#8);
#548=PRESENTATION_STYLE_ASSIGNMENT((#547));
#549=STYLED_ITEM('',(#548),#546);
#550=DIRECTION('',(0.E0,0.E0,1.E0));
#551=VECTOR('',#550,7.E0);
#552=CARTESIAN_POINT('',(2.83E1,0.E0,3.8E1));
#553=LINE('',#552,#551);
#554=CURVE_STYLE('',#21,POSITIVE_LENGTH_MEASURE(2.E-2),#8);
#555=PRESENTATION_STYLE_ASSIGNMENT((#554));
#556=STYLED_ITEM('',(#555),#553);
#557=CARTESIAN_POINT('',(2.7E1,0.E0,4.5E1));
#558=DIRECTION('',(0.E0,-1.E0,0.E0));
#559=DIRECTION('',(1.E0,0.E0,-2.186285340800E-14));
#560=AXIS2_PLACEMENT_3D('',#557,#558,#559);
#562=CURVE_STYLE('',#21,POSITIVE_LENGTH_MEASURE(2.E-2),#8);
#563=PRESENTATION_STYLE_ASSIGNMENT((#562));
#564=STYLED_ITEM('',(#563),#561);
#565=DIRECTION('',(-1.E0,0.E0,0.E0));
#566=VECTOR('',#565,2.222999722443E1);
#567=CARTESIAN_POINT('',(2.7E1,0.E0,4.63E1));
#568=LINE('',#567,#566);
#569=CURVE_STYLE('',#21,POSITIVE_LENGTH_MEASURE(2.E-2),#8);
#570=PRESENTATION_STYLE_ASSIGNMENT((#569));
#571=STYLED_ITEM('',(#570),#568);
#572=DIRECTION('',(0.E0,0.E0,-1.E0));
#573=VECTOR('',#572,7.E-1);
#574=CARTESIAN_POINT('',(4.770002775566E0,0.E0,4.7E1));
#575=LINE('',#574,#573);
#576=CURVE_STYLE('',#21,POSITIVE_LENGTH_MEASURE(2.E-2),#8);
#577=PRESENTATION_STYLE_ASSIGNMENT((#576));
#578=STYLED_ITEM('',(#577),#575);
#579=DIRECTION('',(-7.071067811865E-1,0.E0,-7.071067811865E-1));
#580=VECTOR('',#579,7.071067811865E-1);
#581=CARTESIAN_POINT('',(5.270002775566E0,0.E0,4.75E1));
#582=LINE('',#581,#580);
#583=CURVE_STYLE('',#21,POSITIVE_LENGTH_MEASURE(2.E-2),#8);
#584=PRESENTATION_STYLE_ASSIGNMENT((#583));
#585=STYLED_ITEM('',(#584),#582);
#586=DIRECTION('',(0.E0,0.E0,1.E0));
#587=VECTOR('',#586,2.221736489260E0);
#588=CARTESIAN_POINT('',(2.865E1,1.E0,-2.057480385280E1));
#589=LINE('',#588,#587);
#590=CURVE_STYLE('',#21,POSITIVE_LENGTH_MEASURE(2.E-2),#8);
#591=PRESENTATION_STYLE_ASSIGNMENT((#590));
#592=STYLED_ITEM('',(#591),#589);
#593=DIRECTION('',(0.E0,0.E0,-1.E0));
#594=VECTOR('',#593,2.221736489260E0);
#595=CARTESIAN_POINT('',(2.865E1,2.5E0,-1.835306736354E1));
#596=LINE('',#595,#594);
#597=CURVE_STYLE('',#21,POSITIVE_LENGTH_MEASURE(2.E-2),#8);
#598=PRESENTATION_STYLE_ASSIGNMENT((#597));
#599=STYLED_ITEM('',(#598),#596);
#600=DIRECTION('',(0.E0,0.E0,-1.E0));
#601=VECTOR('',#600,2.432934878925E0);
#602=CARTESIAN_POINT('',(2.865E1,2.5E0,-7.283532240537E0));
#603=LINE('',#602,#601);
#604=CURVE_STYLE('',#21,POSITIVE_LENGTH_MEASURE(2.E-2),#8);
#605=PRESENTATION_STYLE_ASSIGNMENT((#604));
#606=STYLED_ITEM('',(#605),#603);
#607=DIRECTION('',(0.E0,0.E0,-1.E0));
#608=VECTOR('',#607,7.149601705594E0);
#609=CARTESIAN_POINT('',(2.865E1,2.5E0,8.574799572797E0));
#610=LINE('',#609,#608);
#611=CURVE_STYLE('',#21,POSITIVE_LENGTH_MEASURE(2.E-2),#8);
#612=PRESENTATION_STYLE_ASSIGNMENT((#611));
#613=STYLED_ITEM('',(#612),#610);
#614=DIRECTION('',(0.E0,0.E0,-1.E0));
#615=VECTOR('',#614,5.149603165594E0);
#616=CARTESIAN_POINT('',(2.865E1,2.5E0,2.257479951280E1));
#617=LINE('',#616,#615);
#618=CURVE_STYLE('',#21,POSITIVE_LENGTH_MEASURE(2.E-2),#8);
#619=PRESENTATION_STYLE_ASSIGNMENT((#618));
#620=STYLED_ITEM('',(#619),#617);
#621=DIRECTION('',(0.E0,0.E0,1.E0));
#622=VECTOR('',#621,5.149603165594E0);
#623=CARTESIAN_POINT('',(2.865E1,1.E0,1.742519634720E1));
#624=LINE('',#623,#622);
#625=CURVE_STYLE('',#21,POSITIVE_LENGTH_MEASURE(2.E-2),#8);
#626=PRESENTATION_STYLE_ASSIGNMENT((#625));
#627=STYLED_ITEM('',(#626),#624);
#628=DIRECTION('',(0.E0,0.E0,1.E0));
#629=VECTOR('',#628,7.149601705594E0);
#630=CARTESIAN_POINT('',(2.865E1,1.E0,1.425197867204E0));
#631=LINE('',#630,#629);
#632=CURVE_STYLE('',#21,POSITIVE_LENGTH_MEASURE(2.E-2),#8);
#633=PRESENTATION_STYLE_ASSIGNMENT((#632));
#634=STYLED_ITEM('',(#633),#631);
#635=DIRECTION('',(0.E0,0.E0,1.E0));
#636=VECTOR('',#635,2.432934878925E0);
#637=CARTESIAN_POINT('',(2.865E1,1.E0,-9.716467119462E0));
#638=LINE('',#637,#636);
#639=CURVE_STYLE('',#21,POSITIVE_LENGTH_MEASURE(2.E-2),#8);
#640=PRESENTATION_STYLE_ASSIGNMENT((#639));
#641=STYLED_ITEM('',(#640),#638);
#642=DIRECTION('',(1.E0,0.E0,0.E0));
#643=VECTOR('',#642,1.15E0);
#644=CARTESIAN_POINT('',(2.75E1,2.5E0,-1.835306736354E1));
#645=LINE('',#644,#643);
#646=CURVE_STYLE('',#21,POSITIVE_LENGTH_MEASURE(2.E-2),#8);
#647=PRESENTATION_STYLE_ASSIGNMENT((#646));
#648=STYLED_ITEM('',(#647),#645);
#649=CARTESIAN_POINT('',(2.865E1,1.75E0,-1.549999884E1));
#650=DIRECTION('',(1.E0,0.E0,0.E0));
#651=DIRECTION('',(0.E0,2.542372881356E-1,-9.671418723856E-1));
#652=AXIS2_PLACEMENT_3D('',#649,#650,#651);
#654=CURVE_STYLE('',#21,POSITIVE_LENGTH_MEASURE(2.E-2),#8);
#655=PRESENTATION_STYLE_ASSIGNMENT((#654));
#656=STYLED_ITEM('',(#655),#653);
#657=DIRECTION('',(1.E0,0.E0,0.E0));
#658=VECTOR('',#657,1.15E0);
#659=CARTESIAN_POINT('',(2.75E1,1.E0,-1.835306736354E1));
#660=LINE('',#659,#658);
#661=CURVE_STYLE('',#21,POSITIVE_LENGTH_MEASURE(2.E-2),#8);
#662=PRESENTATION_STYLE_ASSIGNMENT((#661));
#663=STYLED_ITEM('',(#662),#660);
#664=CARTESIAN_POINT('',(2.865E1,1.75E0,-1.549999884E1));
#665=DIRECTION('',(1.E0,0.E0,0.E0));
#666=DIRECTION('',(0.E0,-5.932203389831E-1,-8.050401414941E-1));
#667=AXIS2_PLACEMENT_3D('',#664,#665,#666);
#669=CURVE_STYLE('',#21,POSITIVE_LENGTH_MEASURE(2.E-2),#8);
#670=PRESENTATION_STYLE_ASSIGNMENT((#669));
#671=STYLED_ITEM('',(#670),#668);
#672=DIRECTION('',(1.E0,0.E0,0.E0));
#673=VECTOR('',#672,7.790539220861E-1);
#674=CARTESIAN_POINT('',(2.75E1,-1.2E0,-1.549999884E1));
#675=LINE('',#674,#673);
#676=CURVE_STYLE('',#21,POSITIVE_LENGTH_MEASURE(2.E-2),#8);
#677=PRESENTATION_STYLE_ASSIGNMENT((#676));
#678=STYLED_ITEM('',(#677),#675);
#679=DIRECTION('',(0.E0,-1.E0,0.E0));
#680=VECTOR('',#679,1.1E1);
#681=CARTESIAN_POINT('',(2.75E1,8.5E0,4.5E1));
#682=LINE('',#681,#680);
#683=CURVE_STYLE('',#21,POSITIVE_LENGTH_MEASURE(2.E-2),#8);
#684=PRESENTATION_STYLE_ASSIGNMENT((#683));
#685=STYLED_ITEM('',(#684),#682);
#686=DIRECTION('',(0.E0,1.E0,0.E0));
#687=VECTOR('',#686,1.1E1);
#688=CARTESIAN_POINT('',(2.75E1,-2.5E0,-4.5E1));
#689=LINE('',#688,#687);
#690=CURVE_STYLE('',#21,POSITIVE_LENGTH_MEASURE(2.E-2),#8);
#691=PRESENTATION_STYLE_ASSIGNMENT((#690));
#692=STYLED_ITEM('',(#691),#689);
#693=DIRECTION('',(0.E0,0.E0,1.E0));
#694=VECTOR('',#693,6.E0);
#695=CARTESIAN_POINT('',(2.75E1,0.E0,-3.8E1));
#696=LINE('',#695,#694);
#697=CURVE_STYLE('',#21,POSITIVE_LENGTH_MEASURE(2.E-2),#8);
#698=PRESENTATION_STYLE_ASSIGNMENT((#697));
#699=STYLED_ITEM('',(#698),#696);
#700=DIRECTION('',(0.E0,-1.E0,0.E0));
#701=VECTOR('',#700,1.E0);
#702=CARTESIAN_POINT('',(2.75E1,0.E0,-3.8E1));
#703=LINE('',#702,#701);
#704=CURVE_STYLE('',#21,POSITIVE_LENGTH_MEASURE(2.E-2),#8);
#705=PRESENTATION_STYLE_ASSIGNMENT((#704));
#706=STYLED_ITEM('',(#705),#703);
#707=DIRECTION('',(0.E0,0.E0,1.E0));
#708=VECTOR('',#707,6.E0);
#709=CARTESIAN_POINT('',(2.75E1,-1.E0,-3.8E1));
#710=LINE('',#709,#708);
#711=CURVE_STYLE('',#21,POSITIVE_LENGTH_MEASURE(2.E-2),#8);
#712=PRESENTATION_STYLE_ASSIGNMENT((#711));
#713=STYLED_ITEM('',(#712),#710);
#714=DIRECTION('',(0.E0,-1.E0,0.E0));
#715=VECTOR('',#714,1.E0);
#716=CARTESIAN_POINT('',(2.75E1,0.E0,-3.2E1));
#717=LINE('',#716,#715);
#718=CURVE_STYLE('',#21,POSITIVE_LENGTH_MEASURE(2.E-2),#8);
#719=PRESENTATION_STYLE_ASSIGNMENT((#718));
#720=STYLED_ITEM('',(#719),#717);
#721=DIRECTION('',(0.E0,0.E0,1.E0));
#722=VECTOR('',#721,6.E0);
#723=CARTESIAN_POINT('',(2.75E1,0.E0,3.2E1));
#724=LINE('',#723,#722);
#725=CURVE_STYLE('',#21,POSITIVE_LENGTH_MEASURE(2.E-2),#8);
#726=PRESENTATION_STYLE_ASSIGNMENT((#725));
#727=STYLED_ITEM('',(#726),#724);
#728=DIRECTION('',(0.E0,-1.E0,0.E0));
#729=VECTOR('',#728,1.E0);
#730=CARTESIAN_POINT('',(2.75E1,0.E0,3.2E1));
#731=LINE('',#730,#729);
#732=CURVE_STYLE('',#21,POSITIVE_LENGTH_MEASURE(2.E-2),#8);
#733=PRESENTATION_STYLE_ASSIGNMENT((#732));
#734=STYLED_ITEM('',(#733),#731);
#735=DIRECTION('',(0.E0,0.E0,1.E0));
#736=VECTOR('',#735,6.E0);
#737=CARTESIAN_POINT('',(2.75E1,-1.E0,3.2E1));
#738=LINE('',#737,#736);
#739=CURVE_STYLE('',#21,POSITIVE_LENGTH_MEASURE(2.E-2),#8);
#740=PRESENTATION_STYLE_ASSIGNMENT((#739));
#741=STYLED_ITEM('',(#740),#738);
#742=DIRECTION('',(0.E0,-1.E0,0.E0));
#743=VECTOR('',#742,1.E0);
#744=CARTESIAN_POINT('',(2.75E1,0.E0,3.8E1));
#745=LINE('',#744,#743);
#746=CURVE_STYLE('',#21,POSITIVE_LENGTH_MEASURE(2.E-2),#8);
#747=PRESENTATION_STYLE_ASSIGNMENT((#746));
#748=STYLED_ITEM('',(#747),#745);
#749=DIRECTION('',(0.E0,0.E0,-1.E0));
#750=VECTOR('',#749,5.149603165594E0);
#751=CARTESIAN_POINT('',(2.75E1,2.5E0,2.257479951280E1));
#752=LINE('',#751,#750);
#753=CURVE_STYLE('',#21,POSITIVE_LENGTH_MEASURE(2.E-2),#8);
#754=PRESENTATION_STYLE_ASSIGNMENT((#753));
#755=STYLED_ITEM('',(#754),#752);
#756=CARTESIAN_POINT('',(2.75E1,1.75E0,1.457083129333E1));
#757=DIRECTION('',(1.E0,0.E0,0.E0));
#758=DIRECTION('',(0.E0,9.995751137637E-1,-2.914776053508E-2));
#759=AXIS2_PLACEMENT_3D('',#756,#757,#758);
#761=CURVE_STYLE('',#21,POSITIVE_LENGTH_MEASURE(2.E-2),#8);
#762=PRESENTATION_STYLE_ASSIGNMENT((#761));
#763=STYLED_ITEM('',(#762),#760);
#764=DIRECTION('',(0.E0,0.E0,1.E0));
#765=VECTOR('',#764,2.969621780004E0);
#766=CARTESIAN_POINT('',(2.75E1,4.7E0,1.151518707E1));
#767=LINE('',#766,#765);
#768=CURVE_STYLE('',#21,POSITIVE_LENGTH_MEASURE(2.E-2),#8);
#769=PRESENTATION_STYLE_ASSIGNMENT((#768));
#770=STYLED_ITEM('',(#769),#767);
#771=CARTESIAN_POINT('',(2.75E1,1.75E0,1.142916462667E1));
#772=DIRECTION('',(1.E0,0.E0,0.E0));
#773=DIRECTION('',(0.E0,2.541292662111E-1,-9.671702621850E-1));
#774=AXIS2_PLACEMENT_3D('',#771,#772,#773);
#776=CURVE_STYLE('',#21,POSITIVE_LENGTH_MEASURE(2.E-2),#8);
#777=PRESENTATION_STYLE_ASSIGNMENT((#776));
#778=STYLED_ITEM('',(#777),#775);
#779=DIRECTION('',(0.E0,0.E0,-1.E0));
#780=VECTOR('',#779,7.149601705594E0);
#781=CARTESIAN_POINT('',(2.75E1,2.5E0,8.574799572797E0));
#782=LINE('',#781,#780);
#783=CURVE_STYLE('',#21,POSITIVE_LENGTH_MEASURE(2.E-2),#8);
#784=PRESENTATION_STYLE_ASSIGNMENT((#783));
#785=STYLED_ITEM('',(#784),#782);
#786=CARTESIAN_POINT('',(2.75E1,1.75E0,-1.429167186667E0));
#787=DIRECTION('',(1.E0,0.E0,0.E0));
#788=DIRECTION('',(0.E0,9.995751137637E-1,-2.914776053509E-2));
#789=AXIS2_PLACEMENT_3D('',#786,#787,#788);
#791=CURVE_STYLE('',#21,POSITIVE_LENGTH_MEASURE(2.E-2),#8);
#792=PRESENTATION_STYLE_ASSIGNMENT((#791));
#793=STYLED_ITEM('',(#792),#790);
#794=DIRECTION('',(0.E0,0.E0,1.E0));
#795=VECTOR('',#794,3.E0);
#796=CARTESIAN_POINT('',(2.75E1,4.7E0,-4.515189629997E0));
#797=LINE('',#796,#795);
#798=CURVE_STYLE('',#21,POSITIVE_LENGTH_MEASURE(2.E-2),#8);
#799=PRESENTATION_STYLE_ASSIGNMENT((#798));
#800=STYLED_ITEM('',(#799),#797);
#801=CARTESIAN_POINT('',(2.75E1,1.75E0,-4.429167186667E0));
#802=DIRECTION('',(1.E0,0.E0,0.E0));
#803=DIRECTION('',(0.E0,2.541292662111E-1,-9.671702621850E-1));
#804=AXIS2_PLACEMENT_3D('',#801,#802,#803);
#806=CURVE_STYLE('',#21,POSITIVE_LENGTH_MEASURE(2.E-2),#8);
#807=PRESENTATION_STYLE_ASSIGNMENT((#806));
#808=STYLED_ITEM('',(#807),#805);
#809=DIRECTION('',(0.E0,0.E0,-1.E0));
#810=VECTOR('',#809,2.432934878925E0);
#811=CARTESIAN_POINT('',(2.75E1,2.5E0,-7.283532240537E0));
#812=LINE('',#811,#810);
#813=CURVE_STYLE('',#21,POSITIVE_LENGTH_MEASURE(2.E-2),#8);
#814=PRESENTATION_STYLE_ASSIGNMENT((#813));
#815=STYLED_ITEM('',(#814),#812);
#816=CARTESIAN_POINT('',(2.75E1,1.75E0,-1.257083217333E1));
#817=DIRECTION('',(1.E0,0.E0,0.E0));
#818=DIRECTION('',(0.E0,9.995751137637E-1,2.914776053508E-2));
#819=AXIS2_PLACEMENT_3D('',#816,#817,#818);
#821=CURVE_STYLE('',#21,POSITIVE_LENGTH_MEASURE(2.E-2),#8);
#822=PRESENTATION_STYLE_ASSIGNMENT((#821));
#823=STYLED_ITEM('',(#822),#820);
#824=DIRECTION('',(0.E0,0.E0,1.E0));
#825=VECTOR('',#824,3.015189109998E0);
#826=CARTESIAN_POINT('',(2.75E1,4.7E0,-1.549999884E1));
#827=LINE('',#826,#825);
#828=CURVE_STYLE('',#21,POSITIVE_LENGTH_MEASURE(2.E-2),#8);
#829=PRESENTATION_STYLE_ASSIGNMENT((#828));
#830=STYLED_ITEM('',(#829),#827);
#831=CARTESIAN_POINT('',(2.75E1,1.75E0,-1.549999884E1));
#832=DIRECTION('',(1.E0,0.E0,0.E0));
#833=DIRECTION('',(0.E0,2.542372881356E-1,-9.671418723856E-1));
#834=AXIS2_PLACEMENT_3D('',#831,#832,#833);
#836=CURVE_STYLE('',#21,POSITIVE_LENGTH_MEASURE(2.E-2),#8);
#837=PRESENTATION_STYLE_ASSIGNMENT((#836));
#838=STYLED_ITEM('',(#837),#835);
#839=DIRECTION('',(0.E0,0.E0,-1.E0));
#840=VECTOR('',#839,2.221736489260E0);
#841=CARTESIAN_POINT('',(2.75E1,2.5E0,-1.835306736354E1));
#842=LINE('',#841,#840);
#843=CURVE_STYLE('',#21,POSITIVE_LENGTH_MEASURE(2.E-2),#8);
#844=PRESENTATION_STYLE_ASSIGNMENT((#843));
#845=STYLED_ITEM('',(#844),#842);
#846=CARTESIAN_POINT('',(2.75E1,1.75E0,-2.342916890667E1));
#847=DIRECTION('',(1.E0,0.E0,0.E0));
#848=DIRECTION('',(0.E0,9.995751137637E-1,-2.914776053507E-2));
#849=AXIS2_PLACEMENT_3D('',#846,#847,#848);
#851=CURVE_STYLE('',#21,POSITIVE_LENGTH_MEASURE(2.E-2),#8);
#852=PRESENTATION_STYLE_ASSIGNMENT((#851));
#853=STYLED_ITEM('',(#852),#850);
#854=DIRECTION('',(0.E0,0.E0,1.E0));
#855=VECTOR('',#854,3.E0);
#856=CARTESIAN_POINT('',(2.75E1,4.7E0,-2.651519135E1));
#857=LINE('',#856,#855);
#858=CURVE_STYLE('',#21,POSITIVE_LENGTH_MEASURE(2.E-2),#8);
#859=PRESENTATION_STYLE_ASSIGNMENT((#858));
#860=STYLED_ITEM('',(#859),#857);
#861=CARTESIAN_POINT('',(2.75E1,1.75E0,-2.642916890667E1));
#862=DIRECTION('',(1.E0,0.E0,0.E0));
#863=DIRECTION('',(0.E0,-9.995751137637E-1,-2.914776053508E-2));
#864=AXIS2_PLACEMENT_3D('',#861,#862,#863);
#866=CURVE_STYLE('',#21,POSITIVE_LENGTH_MEASURE(2.E-2),#8);
#867=PRESENTATION_STYLE_ASSIGNMENT((#866));
#868=STYLED_ITEM('',(#867),#865);
#869=DIRECTION('',(0.E0,0.E0,-1.E0));
#870=VECTOR('',#869,3.E0);
#871=CARTESIAN_POINT('',(2.75E1,-1.2E0,-2.351519135E1));
#872=LINE('',#871,#870);
#873=CURVE_STYLE('',#21,POSITIVE_LENGTH_MEASURE(2.E-2),#8);
#874=PRESENTATION_STYLE_ASSIGNMENT((#873));
#875=STYLED_ITEM('',(#874),#872);
#876=CARTESIAN_POINT('',(2.75E1,1.75E0,-2.342916890667E1));
#877=DIRECTION('',(1.E0,0.E0,0.E0));
#878=DIRECTION('',(0.E0,-2.541292662111E-1,9.671702621850E-1));
#879=AXIS2_PLACEMENT_3D('',#876,#877,#878);
#881=CURVE_STYLE('',#21,POSITIVE_LENGTH_MEASURE(2.E-2),#8);
#882=PRESENTATION_STYLE_ASSIGNMENT((#881));
#883=STYLED_ITEM('',(#882),#880);
#884=DIRECTION('',(0.E0,0.E0,1.E0));
#885=VECTOR('',#884,2.221736489260E0);
#886=CARTESIAN_POINT('',(2.75E1,1.E0,-2.057480385280E1));
#887=LINE('',#886,#885);
#888=CURVE_STYLE('',#21,POSITIVE_LENGTH_MEASURE(2.E-2),#8);
#889=PRESENTATION_STYLE_ASSIGNMENT((#888));
#890=STYLED_ITEM('',(#889),#887);
#891=CARTESIAN_POINT('',(2.75E1,1.75E0,-1.549999884E1));
#892=DIRECTION('',(1.E0,0.E0,0.E0));
#893=DIRECTION('',(0.E0,-1.E0,0.E0));
#894=AXIS2_PLACEMENT_3D('',#891,#892,#893);
#896=CURVE_STYLE('',#21,POSITIVE_LENGTH_MEASURE(2.E-2),#8);
#897=PRESENTATION_STYLE_ASSIGNMENT((#896));
#898=STYLED_ITEM('',(#897),#895);
#899=DIRECTION('',(0.E0,0.E0,-1.E0));
#900=VECTOR('',#899,3.015189109998E0);
#901=CARTESIAN_POINT('',(2.75E1,-1.2E0,-1.248480973E1));
#902=LINE('',#901,#900);
#903=CURVE_STYLE('',#21,POSITIVE_LENGTH_MEASURE(2.E-2),#8);
#904=PRESENTATION_STYLE_ASSIGNMENT((#903));
#905=STYLED_ITEM('',(#904),#902);
#906=CARTESIAN_POINT('',(2.75E1,1.75E0,-1.257083217333E1));
#907=DIRECTION('',(1.E0,0.E0,0.E0));
#908=DIRECTION('',(0.E0,-2.541292662111E-1,9.671702621850E-1));
#909=AXIS2_PLACEMENT_3D('',#906,#907,#908);
#911=CURVE_STYLE('',#21,POSITIVE_LENGTH_MEASURE(2.E-2),#8);
#912=PRESENTATION_STYLE_ASSIGNMENT((#911));
#913=STYLED_ITEM('',(#912),#910);
#914=DIRECTION('',(0.E0,0.E0,1.E0));
#915=VECTOR('',#914,2.432934878925E0);
#916=CARTESIAN_POINT('',(2.75E1,1.E0,-9.716467119462E0));
#917=LINE('',#916,#915);
#918=CURVE_STYLE('',#21,POSITIVE_LENGTH_MEASURE(2.E-2),#8);
#919=PRESENTATION_STYLE_ASSIGNMENT((#918));
#920=STYLED_ITEM('',(#919),#917);
#921=CARTESIAN_POINT('',(2.75E1,1.75E0,-4.429167186667E0));
#922=DIRECTION('',(1.E0,0.E0,0.E0));
#923=DIRECTION('',(0.E0,-9.995751137637E-1,-2.914776053509E-2));
#924=AXIS2_PLACEMENT_3D('',#921,#922,#923);
#926=CURVE_STYLE('',#21,POSITIVE_LENGTH_MEASURE(2.E-2),#8);
#927=PRESENTATION_STYLE_ASSIGNMENT((#926));
#928=STYLED_ITEM('',(#927),#925);
#929=DIRECTION('',(0.E0,0.E0,-1.E0));
#930=VECTOR('',#929,3.E0);
#931=CARTESIAN_POINT('',(2.75E1,-1.2E0,-1.515189629997E0));
#932=LINE('',#931,#930);
#933=CURVE_STYLE('',#21,POSITIVE_LENGTH_MEASURE(2.E-2),#8);
#934=PRESENTATION_STYLE_ASSIGNMENT((#933));
#935=STYLED_ITEM('',(#934),#932);
#936=CARTESIAN_POINT('',(2.75E1,1.75E0,-1.429167186667E0));
#937=DIRECTION('',(1.E0,0.E0,0.E0));
#938=DIRECTION('',(0.E0,-2.541292662111E-1,9.671702621850E-1));
#939=AXIS2_PLACEMENT_3D('',#936,#937,#938);
#941=CURVE_STYLE('',#21,POSITIVE_LENGTH_MEASURE(2.E-2),#8);
#942=PRESENTATION_STYLE_ASSIGNMENT((#941));
#943=STYLED_ITEM('',(#942),#940);
#944=DIRECTION('',(0.E0,0.E0,1.E0));
#945=VECTOR('',#944,7.149601705594E0);
#946=CARTESIAN_POINT('',(2.75E1,1.E0,1.425197867204E0));
#947=LINE('',#946,#945);
#948=CURVE_STYLE('',#21,POSITIVE_LENGTH_MEASURE(2.E-2),#8);
#949=PRESENTATION_STYLE_ASSIGNMENT((#948));
#950=STYLED_ITEM('',(#949),#947);
#951=CARTESIAN_POINT('',(2.75E1,1.75E0,1.142916462667E1));
#952=DIRECTION('',(1.E0,0.E0,0.E0));
#953=DIRECTION('',(0.E0,-9.995751137637E-1,2.914776053510E-2));
#954=AXIS2_PLACEMENT_3D('',#951,#952,#953);
#956=CURVE_STYLE('',#21,POSITIVE_LENGTH_MEASURE(2.E-2),#8);
#957=PRESENTATION_STYLE_ASSIGNMENT((#956));
#958=STYLED_ITEM('',(#957),#955);
#959=DIRECTION('',(0.E0,0.E0,-1.E0));
#960=VECTOR('',#959,2.969621780004E0);
#961=CARTESIAN_POINT('',(2.75E1,-1.2E0,1.448480885E1));
#962=LINE('',#961,#960);
#963=CURVE_STYLE('',#21,POSITIVE_LENGTH_MEASURE(2.E-2),#8);
#964=PRESENTATION_STYLE_ASSIGNMENT((#963));
#965=STYLED_ITEM('',(#964),#962);
#966=CARTESIAN_POINT('',(2.75E1,1.75E0,1.457083129333E1));
#967=DIRECTION('',(1.E0,0.E0,0.E0));
#968=DIRECTION('',(0.E0,-2.541292662111E-1,9.671702621850E-1));
#969=AXIS2_PLACEMENT_3D('',#966,#967,#968);
#971=CURVE_STYLE('',#21,POSITIVE_LENGTH_MEASURE(2.E-2),#8);
#972=PRESENTATION_STYLE_ASSIGNMENT((#971));
#973=STYLED_ITEM('',(#972),#970);
#974=DIRECTION('',(0.E0,0.E0,1.E0));
#975=VECTOR('',#974,5.149603165594E0);
#976=CARTESIAN_POINT('',(2.75E1,1.E0,1.742519634720E1));
#977=LINE('',#976,#975);
#978=CURVE_STYLE('',#21,POSITIVE_LENGTH_MEASURE(2.E-2),#8);
#979=PRESENTATION_STYLE_ASSIGNMENT((#978));
#980=STYLED_ITEM('',(#979),#977);
#981=CARTESIAN_POINT('',(2.75E1,1.75E0,2.542916456667E1));
#982=DIRECTION('',(1.E0,0.E0,0.E0));
#983=DIRECTION('',(0.E0,-9.995751137637E-1,2.914776053509E-2));
#984=AXIS2_PLACEMENT_3D('',#981,#982,#983);
#986=CURVE_STYLE('',#21,POSITIVE_LENGTH_MEASURE(2.E-2),#8);
#987=PRESENTATION_STYLE_ASSIGNMENT((#986));
#988=STYLED_ITEM('',(#987),#985);
#989=DIRECTION('',(0.E0,0.E0,-1.E0));
#990=VECTOR('',#989,2.984810890002E0);
#991=CARTESIAN_POINT('',(2.75E1,-1.2E0,2.84999979E1));
#992=LINE('',#991,#990);
#993=CURVE_STYLE('',#21,POSITIVE_LENGTH_MEASURE(2.E-2),#8);
#994=PRESENTATION_STYLE_ASSIGNMENT((#993));
#995=STYLED_ITEM('',(#994),#992);
#996=CARTESIAN_POINT('',(2.75E1,1.75E0,2.84999979E1));
#997=DIRECTION('',(1.E0,0.E0,0.E0));
#998=DIRECTION('',(0.E0,1.E0,0.E0));
#999=AXIS2_PLACEMENT_3D('',#996,#997,#998);
#1001=CURVE_STYLE('',#21,POSITIVE_LENGTH_MEASURE(2.E-2),#8);
#1002=PRESENTATION_STYLE_ASSIGNMENT((#1001));
#1003=STYLED_ITEM('',(#1002),#1000);
#1004=DIRECTION('',(0.E0,0.E0,1.E0));
#1005=VECTOR('',#1004,2.984810890002E0);
#1006=CARTESIAN_POINT('',(2.75E1,4.7E0,2.551518701E1));
#1007=LINE('',#1006,#1005);
#1008=CURVE_STYLE('',#21,POSITIVE_LENGTH_MEASURE(2.E-2),#8);
#1009=PRESENTATION_STYLE_ASSIGNMENT((#1008));
#1010=STYLED_ITEM('',(#1009),#1007);
#1011=CARTESIAN_POINT('',(2.75E1,1.75E0,2.542916456667E1));
#1012=DIRECTION('',(1.E0,0.E0,0.E0));
#1013=DIRECTION('',(0.E0,2.541292662111E-1,-9.671702621850E-1));
#1014=AXIS2_PLACEMENT_3D('',#1011,#1012,#1013);
#1016=CURVE_STYLE('',#21,POSITIVE_LENGTH_MEASURE(2.E-2),#8);
#1017=PRESENTATION_STYLE_ASSIGNMENT((#1016));
#1018=STYLED_ITEM('',(#1017),#1015);
#1019=DIRECTION('',(0.E0,-1.E0,0.E0));
#1020=VECTOR('',#1019,1.1E1);
#1021=CARTESIAN_POINT('',(2.7E1,8.5E0,4.55E1));
#1022=LINE('',#1021,#1020);
#1023=CURVE_STYLE('',#21,POSITIVE_LENGTH_MEASURE(2.E-2),#8);
#1024=PRESENTATION_STYLE_ASSIGNMENT((#1023));
#1025=STYLED_ITEM('',(#1024),#1022);
#1026=DIRECTION('',(1.E0,0.E0,0.E0));
#1027=VECTOR('',#1026,3.709447398198E0);
#1028=CARTESIAN_POINT('',(-1.945472369910E1,5.E0,4.55E1));
#1029=LINE('',#1028,#1027);
#1030=CURVE_STYLE('',#21,POSITIVE_LENGTH_MEASURE(2.E-2),#8);
#1031=PRESENTATION_STYLE_ASSIGNMENT((#1030));
#1032=STYLED_ITEM('',(#1031),#1029);
#1033=DIRECTION('',(0.E0,-1.E0,0.E0));
#1034=VECTOR('',#1033,3.5E0);
#1035=CARTESIAN_POINT('',(-1.945472369910E1,8.5E0,4.55E1));
#1036=LINE('',#1035,#1034);
#1037=CURVE_STYLE('',#21,POSITIVE_LENGTH_MEASURE(2.E-2),#8);
#1038=PRESENTATION_STYLE_ASSIGNMENT((#1037));
#1039=STYLED_ITEM('',(#1038),#1036);
#1040=DIRECTION('',(0.E0,-1.E0,0.E0));
#1041=VECTOR('',#1040,1.1E1);
#1042=CARTESIAN_POINT('',(-2.7E1,8.5E0,4.55E1));
#1043=LINE('',#1042,#1041);
#1044=CURVE_STYLE('',#21,POSITIVE_LENGTH_MEASURE(2.E-2),#8);
#1045=PRESENTATION_STYLE_ASSIGNMENT((#1044));
#1046=STYLED_ITEM('',(#1045),#1043);
#1047=DIRECTION('',(0.E0,1.E0,0.E0));
#1048=VECTOR('',#1047,2.76967556E0);
#1049=CARTESIAN_POINT('',(-4.769997224434E0,-2.5E0,4.55E1));
#1050=LINE('',#1049,#1048);
#1051=CURVE_STYLE('',#21,POSITIVE_LENGTH_MEASURE(2.E-2),#8);
#1052=PRESENTATION_STYLE_ASSIGNMENT((#1051));
#1053=STYLED_ITEM('',(#1052),#1050);
#1054=CARTESIAN_POINT('',(-3.189997224434E0,2.6967556E-1,4.55E1));
#1055=DIRECTION('',(0.E0,0.E0,1.E0));
#1056=DIRECTION('',(0.E0,1.E0,0.E0));
#1057=AXIS2_PLACEMENT_3D('',#1054,#1055,#1056);
#1059=CURVE_STYLE('',#21,POSITIVE_LENGTH_MEASURE(2.E-2),#8);
#1060=PRESENTATION_STYLE_ASSIGNMENT((#1059));
#1061=STYLED_ITEM('',(#1060),#1058);
#1062=DIRECTION('',(-1.E0,0.E0,0.E0));
#1063=VECTOR('',#1062,6.38E0);
#1064=CARTESIAN_POINT('',(3.190002775566E0,1.84967556E0,4.55E1));
#1065=LINE('',#1064,#1063);
#1066=CURVE_STYLE('',#21,POSITIVE_LENGTH_MEASURE(2.E-2),#8);
#1067=PRESENTATION_STYLE_ASSIGNMENT((#1066));
#1068=STYLED_ITEM('',(#1067),#1065);
#1069=CARTESIAN_POINT('',(3.190002775566E0,2.6967556E-1,4.55E1));
#1070=DIRECTION('',(0.E0,0.E0,1.E0));
#1071=DIRECTION('',(1.E0,0.E0,0.E0));
#1072=AXIS2_PLACEMENT_3D('',#1069,#1070,#1071);
#1074=CURVE_STYLE('',#21,POSITIVE_LENGTH_MEASURE(2.E-2),#8);
#1075=PRESENTATION_STYLE_ASSIGNMENT((#1074));
#1076=STYLED_ITEM('',(#1075),#1073);
#1077=DIRECTION('',(0.E0,1.E0,0.E0));
#1078=VECTOR('',#1077,2.76967556E0);
#1079=CARTESIAN_POINT('',(4.770002775566E0,-2.5E0,4.55E1));
#1080=LINE('',#1079,#1078);
#1081=CURVE_STYLE('',#21,POSITIVE_LENGTH_MEASURE(2.E-2),#8);
#1082=PRESENTATION_STYLE_ASSIGNMENT((#1081));
#1083=STYLED_ITEM('',(#1082),#1080);
#1084=DIRECTION('',(1.015061051086E-14,-1.E0,0.E0));
#1085=VECTOR('',#1084,3.5E0);
#1086=CARTESIAN_POINT('',(-1.574527630090E1,8.5E0,4.55E1));
#1087=LINE('',#1086,#1085);
#1088=CURVE_STYLE('',#21,POSITIVE_LENGTH_MEASURE(2.E-2),#8);
#1089=PRESENTATION_STYLE_ASSIGNMENT((#1088));
#1090=STYLED_ITEM('',(#1089),#1087);
#1091=CARTESIAN_POINT('',(-1.76E1,5.E0,4.14E1));
#1092=DIRECTION('',(0.E0,1.E0,0.E0));
#1093=DIRECTION('',(1.E0,0.E0,0.E0));
#1094=AXIS2_PLACEMENT_3D('',#1091,#1092,#1093);
#1096=CURVE_STYLE('',#21,POSITIVE_LENGTH_MEASURE(2.E-2),#8);
#1097=PRESENTATION_STYLE_ASSIGNMENT((#1096));
#1098=STYLED_ITEM('',(#1097),#1095);
#1099=CARTESIAN_POINT('',(-1.76E1,5.E0,4.14E1));
#1100=DIRECTION('',(0.E0,1.E0,0.E0));
#1101=DIRECTION('',(-9.778293919708E-1,0.E0,2.094031523116E-1));
#1102=AXIS2_PLACEMENT_3D('',#1099,#1100,#1101);
#1104=CURVE_STYLE('',#21,POSITIVE_LENGTH_MEASURE(2.E-2),#8);
#1105=PRESENTATION_STYLE_ASSIGNMENT((#1104));
#1106=STYLED_ITEM('',(#1105),#1103);
#1107=CARTESIAN_POINT('',(-1.76E1,5.E0,4.14E1));
#1108=DIRECTION('',(0.E0,-1.E0,0.E0));
#1109=DIRECTION('',(-4.121608220221E-1,0.E0,9.111111111111E-1));
#1110=AXIS2_PLACEMENT_3D('',#1107,#1108,#1109);
#1112=CURVE_STYLE('',#21,POSITIVE_LENGTH_MEASURE(2.E-2),#8);
#1113=PRESENTATION_STYLE_ASSIGNMENT((#1112));
#1114=STYLED_ITEM('',(#1113),#1111);
#1115=DIRECTION('',(-7.071067729785E-1,7.071067511403E-1,2.325934412878E-4));
#1116=VECTOR('',#1115,7.072964508368E-1);
#1117=CARTESIAN_POINT('',(-1.359979267597E1,4.999792675968E0,4.139999982156E1));
#1118=LINE('',#1117,#1116);
#1119=CURVE_STYLE('',#21,POSITIVE_LENGTH_MEASURE(2.E-2),#8);
#1120=PRESENTATION_STYLE_ASSIGNMENT((#1119));
#1121=STYLED_ITEM('',(#1120),#1118);
#1122=CARTESIAN_POINT('',(-2.157314177553E1,5.026858213204E0,4.139970077602E1));
#1123=CARTESIAN_POINT('',(-2.157573296618E1,5.024266233625E0,4.138922524631E1));
#1124=CARTESIAN_POINT('',(-2.158108817566E1,5.018825993213E0,4.136821292312E1));
#1125=CARTESIAN_POINT('',(-2.158946706887E1,5.010073539714E0,4.133674326642E1));
#1126=CARTESIAN_POINT('',(-2.159564540056E1,5.003471463551E0,4.131535501309E1));
#1127=CARTESIAN_POINT('',(-2.159885461623E1,5.E0,4.130428398743E1));
#1129=CURVE_STYLE('',#21,POSITIVE_LENGTH_MEASURE(2.E-2),#8);
#1130=PRESENTATION_STYLE_ASSIGNMENT((#1129));
#1131=STYLED_ITEM('',(#1130),#1128);
#1132=CARTESIAN_POINT('',(-1.76E1,5.5E0,4.14E1));
#1133=DIRECTION('',(0.E0,1.E0,0.E0));
#1134=DIRECTION('',(1.E0,0.E0,0.E0));
#1135=AXIS2_PLACEMENT_3D('',#1132,#1133,#1134);
#1137=CURVE_STYLE('',#21,POSITIVE_LENGTH_MEASURE(2.E-2),#8);
#1138=PRESENTATION_STYLE_ASSIGNMENT((#1137));
#1139=STYLED_ITEM('',(#1138),#1136);
#1140=DIRECTION('',(2.440378479772E-5,-9.999999982020E-1,5.477668764433E-5));
#1141=VECTOR('',#1140,3.000073233982E0);
#1142=CARTESIAN_POINT('',(-1.41E1,8.5E0,4.14E1));
#1143=LINE('',#1142,#1141);
#1144=CURVE_STYLE('',#21,POSITIVE_LENGTH_MEASURE(2.E-2),#8);
#1145=PRESENTATION_STYLE_ASSIGNMENT((#1144));
#1146=STYLED_ITEM('',(#1145),#1143);
#1147=CARTESIAN_POINT('',(-1.76E1,5.5E0,4.14E1));
#1148=DIRECTION('',(0.E0,1.E0,0.E0));
#1149=DIRECTION('',(-1.E0,0.E0,0.E0));
#1150=AXIS2_PLACEMENT_3D('',#1147,#1148,#1149);
#1152=CURVE_STYLE('',#21,POSITIVE_LENGTH_MEASURE(2.E-2),#8);
#1153=PRESENTATION_STYLE_ASSIGNMENT((#1152));
#1154=STYLED_ITEM('',(#1153),#1151);
#1155=DIRECTION('',(2.066002477716E-9,-9.999999987948E-1,4.909516940192E-5));
#1156=VECTOR('',#1155,3.000000003616E0);
#1157=CARTESIAN_POINT('',(-2.11E1,8.5E0,4.14E1));
#1158=LINE('',#1157,#1156);
#1159=CURVE_STYLE('',#21,POSITIVE_LENGTH_MEASURE(2.E-2),#8);
#1160=PRESENTATION_STYLE_ASSIGNMENT((#1159));
#1161=STYLED_ITEM('',(#1160),#1158);
#1162=DIRECTION('',(7.071066199625E-1,7.071066275389E-1,6.673048755240E-4));
#1163=VECTOR('',#1162,6.691236772068E-1);
#1164=CARTESIAN_POINT('',(-2.157314177553E1,5.026858213204E0,4.139970077602E1));
#1165=LINE('',#1164,#1163);
#1166=CURVE_STYLE('',#21,POSITIVE_LENGTH_MEASURE(2.E-2),#8);
#1167=PRESENTATION_STYLE_ASSIGNMENT((#1166));
#1168=STYLED_ITEM('',(#1167),#1165);
#1169=CARTESIAN_POINT('',(-2.15E1,5.054116068610E0,4.2E1));
#1170=CARTESIAN_POINT('',(-2.15E1,5.064354621189E0,4.193266643316E1));
#1171=CARTESIAN_POINT('',(-2.150549832089E1,5.075976006500E0,4.179801569919E1));
#1172=CARTESIAN_POINT('',(-2.152947354402E1,5.067141847527E0,4.159998985616E1));
#1173=CARTESIAN_POINT('',(-2.155667536709E1,5.043329635061E0,4.146627030860E1));
#1174=CARTESIAN_POINT('',(-2.157314177553E1,5.026858213204E0,4.139970077602E1));
#1176=CURVE_STYLE('',#21,POSITIVE_LENGTH_MEASURE(2.E-2),#8);
#1177=PRESENTATION_STYLE_ASSIGNMENT((#1176));
#1178=STYLED_ITEM('',(#1177),#1175);
#1179=CARTESIAN_POINT('',(-2.151131989118E1,5.E0,4.223760176016E1));
#1180=CARTESIAN_POINT('',(-2.150749134610E1,5.012140205601E0,4.219750273966E1));
#1181=CARTESIAN_POINT('',(-2.150182759758E1,5.033272064899E0,4.211774326663E1));
#1182=CARTESIAN_POINT('',(-2.15E1,5.048180570270E0,4.203903464587E1));
#1183=CARTESIAN_POINT('',(-2.15E1,5.054116068610E0,4.2E1));
#1185=CURVE_STYLE('',#21,POSITIVE_LENGTH_MEASURE(2.E-2),#8);
#1186=PRESENTATION_STYLE_ASSIGNMENT((#1185));
#1187=STYLED_ITEM('',(#1186),#1184);
#1188=CARTESIAN_POINT('',(-2.4E1,5.E0,4.2E1));
#1189=DIRECTION('',(0.E0,1.E0,0.E0));
#1190=DIRECTION('',(9.604611994669E-1,0.E0,-2.784138723530E-1));
#1191=AXIS2_PLACEMENT_3D('',#1188,#1189,#1190);
#1193=CURVE_STYLE('',#21,POSITIVE_LENGTH_MEASURE(2.E-2),#8);
#1194=PRESENTATION_STYLE_ASSIGNMENT((#1193));
#1195=STYLED_ITEM('',(#1194),#1192);
#1196=DIRECTION('',(0.E0,1.E0,0.E0));
#1197=VECTOR('',#1196,3.5E0);
#1198=CARTESIAN_POINT('',(-2.200713783450E1,5.E0,4.049052976534E1));
#1199=LINE('',#1198,#1197);
#1200=CURVE_STYLE('',#21,POSITIVE_LENGTH_MEASURE(2.E-2),#8);
#1201=PRESENTATION_STYLE_ASSIGNMENT((#1200));
#1202=STYLED_ITEM('',(#1201),#1199);
#1203=CARTESIAN_POINT('',(-2.4E1,5.E0,4.2E1));
#1204=DIRECTION('',(0.E0,1.E0,0.E0));
#1205=DIRECTION('',(8.954785607115E-1,0.E0,4.451046475897E-1));
#1206=AXIS2_PLACEMENT_3D('',#1203,#1204,#1205);
#1208=CURVE_STYLE('',#21,POSITIVE_LENGTH_MEASURE(2.E-2),#8);
#1209=PRESENTATION_STYLE_ASSIGNMENT((#1208));
#1210=STYLED_ITEM('',(#1209),#1207);
#1211=DIRECTION('',(0.E0,-1.E0,0.E0));
#1212=VECTOR('',#1211,5.054116068610E0);
#1213=CARTESIAN_POINT('',(-2.15E1,5.054116068610E0,4.2E1));
#1214=LINE('',#1213,#1212);
#1215=CURVE_STYLE('',#21,POSITIVE_LENGTH_MEASURE(2.E-2),#8);
#1216=PRESENTATION_STYLE_ASSIGNMENT((#1215));
#1217=STYLED_ITEM('',(#1216),#1214);
#1218=DIRECTION('',(0.E0,1.E0,0.E0));
#1219=VECTOR('',#1218,8.5E0);
#1220=CARTESIAN_POINT('',(-2.65E1,0.E0,4.2E1));
#1221=LINE('',#1220,#1219);
#1222=CURVE_STYLE('',#21,POSITIVE_LENGTH_MEASURE(2.E-2),#8);
#1223=PRESENTATION_STYLE_ASSIGNMENT((#1222));
#1224=STYLED_ITEM('',(#1223),#1221);
#1225=DIRECTION('',(0.E0,1.E0,0.E0));
#1226=VECTOR('',#1225,3.5E0);
#1227=CARTESIAN_POINT('',(-2.176130359822E1,5.E0,4.311276161897E1));
#1228=LINE('',#1227,#1226);
#1229=CURVE_STYLE('',#21,POSITIVE_LENGTH_MEASURE(2.E-2),#8);
#1230=PRESENTATION_STYLE_ASSIGNMENT((#1229));
#1231=STYLED_ITEM('',(#1230),#1228);
#1232=CARTESIAN_POINT('',(2.4E1,0.E0,4.2E1));
#1233=DIRECTION('',(0.E0,1.E0,0.E0));
#1234=DIRECTION('',(-1.E0,0.E0,0.E0));
#1235=AXIS2_PLACEMENT_3D('',#1232,#1233,#1234);
#1237=CURVE_STYLE('',#21,POSITIVE_LENGTH_MEASURE(2.E-2),#8);
#1238=PRESENTATION_STYLE_ASSIGNMENT((#1237));
#1239=STYLED_ITEM('',(#1238),#1236);
#1240=CARTESIAN_POINT('',(2.4E1,0.E0,4.2E1));
#1241=DIRECTION('',(0.E0,1.E0,0.E0));
#1242=DIRECTION('',(1.E0,0.E0,0.E0));
#1243=AXIS2_PLACEMENT_3D('',#1240,#1241,#1242);
#1245=CURVE_STYLE('',#21,POSITIVE_LENGTH_MEASURE(2.E-2),#8);
#1246=PRESENTATION_STYLE_ASSIGNMENT((#1245));
#1247=STYLED_ITEM('',(#1246),#1244);
#1248=CARTESIAN_POINT('',(-2.4E1,0.E0,4.2E1));
#1249=DIRECTION('',(0.E0,1.E0,0.E0));
#1250=DIRECTION('',(-1.E0,0.E0,0.E0));
#1251=AXIS2_PLACEMENT_3D('',#1248,#1249,#1250);
#1253=CURVE_STYLE('',#21,POSITIVE_LENGTH_MEASURE(2.E-2),#8);
#1254=PRESENTATION_STYLE_ASSIGNMENT((#1253));
#1255=STYLED_ITEM('',(#1254),#1252);
#1256=CARTESIAN_POINT('',(-2.4E1,0.E0,4.2E1));
#1257=DIRECTION('',(0.E0,1.E0,0.E0));
#1258=DIRECTION('',(1.E0,0.E0,0.E0));
#1259=AXIS2_PLACEMENT_3D('',#1256,#1257,#1258);
#1261=CURVE_STYLE('',#21,POSITIVE_LENGTH_MEASURE(2.E-2),#8);
#1262=PRESENTATION_STYLE_ASSIGNMENT((#1261));
#1263=STYLED_ITEM('',(#1262),#1260);
#1264=CARTESIAN_POINT('',(2.4E1,0.E0,-4.2E1));
#1265=DIRECTION('',(0.E0,-1.E0,0.E0));
#1266=DIRECTION('',(-1.E0,0.E0,0.E0));
#1267=AXIS2_PLACEMENT_3D('',#1264,#1265,#1266);
#1269=CURVE_STYLE('',#21,POSITIVE_LENGTH_MEASURE(2.E-2),#8);
#1270=PRESENTATION_STYLE_ASSIGNMENT((#1269));
#1271=STYLED_ITEM('',(#1270),#1268);
#1272=CARTESIAN_POINT('',(2.4E1,0.E0,-4.2E1));
#1273=DIRECTION('',(0.E0,-1.E0,0.E0));
#1274=DIRECTION('',(1.E0,0.E0,0.E0));
#1275=AXIS2_PLACEMENT_3D('',#1272,#1273,#1274);
#1277=CURVE_STYLE('',#21,POSITIVE_LENGTH_MEASURE(2.E-2),#8);
#1278=PRESENTATION_STYLE_ASSIGNMENT((#1277));
#1279=STYLED_ITEM('',(#1278),#1276);
#1280=CARTESIAN_POINT('',(2.4E1,0.E0,-4.2E1));
#1281=DIRECTION('',(0.E0,1.E0,0.E0));
#1282=DIRECTION('',(-1.E0,0.E0,0.E0));
#1283=AXIS2_PLACEMENT_3D('',#1280,#1281,#1282);
#1285=CURVE_STYLE('',#21,POSITIVE_LENGTH_MEASURE(2.E-2),#8);
#1286=PRESENTATION_STYLE_ASSIGNMENT((#1285));
#1287=STYLED_ITEM('',(#1286),#1284);
#1288=CARTESIAN_POINT('',(2.4E1,0.E0,-4.2E1));
#1289=DIRECTION('',(0.E0,1.E0,0.E0));
#1290=DIRECTION('',(1.E0,0.E0,0.E0));
#1291=AXIS2_PLACEMENT_3D('',#1288,#1289,#1290);
#1293=CURVE_STYLE('',#21,POSITIVE_LENGTH_MEASURE(2.E-2),#8);
#1294=PRESENTATION_STYLE_ASSIGNMENT((#1293));
#1295=STYLED_ITEM('',(#1294),#1292);
#1296=CARTESIAN_POINT('',(-2.4E1,0.E0,-4.2E1));
#1297=DIRECTION('',(0.E0,1.E0,0.E0));
#1298=DIRECTION('',(-1.E0,0.E0,0.E0));
#1299=AXIS2_PLACEMENT_3D('',#1296,#1297,#1298);
#1301=CURVE_STYLE('',#21,POSITIVE_LENGTH_MEASURE(2.E-2),#8);
#1302=PRESENTATION_STYLE_ASSIGNMENT((#1301));
#1303=STYLED_ITEM('',(#1302),#1300);
#1304=CARTESIAN_POINT('',(-2.4E1,0.E0,-4.2E1));
#1305=DIRECTION('',(0.E0,1.E0,0.E0));
#1306=DIRECTION('',(1.E0,0.E0,0.E0));
#1307=AXIS2_PLACEMENT_3D('',#1304,#1305,#1306);
#1309=CURVE_STYLE('',#21,POSITIVE_LENGTH_MEASURE(2.E-2),#8);
#1310=PRESENTATION_STYLE_ASSIGNMENT((#1309));
#1311=STYLED_ITEM('',(#1310),#1308);
#1312=CARTESIAN_POINT('',(-2.4E1,0.E0,-4.2E1));
#1313=DIRECTION('',(0.E0,-1.E0,0.E0));
#1314=DIRECTION('',(1.E0,0.E0,0.E0));
#1315=AXIS2_PLACEMENT_3D('',#1312,#1313,#1314);
#1317=CURVE_STYLE('',#21,POSITIVE_LENGTH_MEASURE(2.E-2),#8);
#1318=PRESENTATION_STYLE_ASSIGNMENT((#1317));
#1319=STYLED_ITEM('',(#1318),#1316);
#1320=CARTESIAN_POINT('',(-2.4E1,0.E0,-4.2E1));
#1321=DIRECTION('',(0.E0,-1.E0,0.E0));
#1322=DIRECTION('',(-1.E0,0.E0,0.E0));
#1323=AXIS2_PLACEMENT_3D('',#1320,#1321,#1322);
#1325=CURVE_STYLE('',#21,POSITIVE_LENGTH_MEASURE(2.E-2),#8);
#1326=PRESENTATION_STYLE_ASSIGNMENT((#1325));
#1327=STYLED_ITEM('',(#1326),#1324);
#1328=CARTESIAN_POINT('',(2.4E1,0.E0,4.2E1));
#1329=DIRECTION('',(0.E0,-1.E0,0.E0));
#1330=DIRECTION('',(1.E0,0.E0,0.E0));
#1331=AXIS2_PLACEMENT_3D('',#1328,#1329,#1330);
#1333=CURVE_STYLE('',#21,POSITIVE_LENGTH_MEASURE(2.E-2),#8);
#1334=PRESENTATION_STYLE_ASSIGNMENT((#1333));
#1335=STYLED_ITEM('',(#1334),#1332);
#1336=CARTESIAN_POINT('',(2.4E1,0.E0,4.2E1));
#1337=DIRECTION('',(0.E0,-1.E0,0.E0));
#1338=DIRECTION('',(-1.E0,0.E0,0.E0));
#1339=AXIS2_PLACEMENT_3D('',#1336,#1337,#1338);
#1341=CURVE_STYLE('',#21,POSITIVE_LENGTH_MEASURE(2.E-2),#8);
#1342=PRESENTATION_STYLE_ASSIGNMENT((#1341));
#1343=STYLED_ITEM('',(#1342),#1340);
#1344=CARTESIAN_POINT('',(-2.4E1,0.E0,4.2E1));
#1345=DIRECTION('',(0.E0,-1.E0,0.E0));
#1346=DIRECTION('',(1.E0,0.E0,0.E0));
#1347=AXIS2_PLACEMENT_3D('',#1344,#1345,#1346);
#1349=CURVE_STYLE('',#21,POSITIVE_LENGTH_MEASURE(2.E-2),#8);
#1350=PRESENTATION_STYLE_ASSIGNMENT((#1349));
#1351=STYLED_ITEM('',(#1350),#1348);
#1352=CARTESIAN_POINT('',(-2.4E1,0.E0,4.2E1));
#1353=DIRECTION('',(0.E0,-1.E0,0.E0));
#1354=DIRECTION('',(-1.E0,0.E0,0.E0));
#1355=AXIS2_PLACEMENT_3D('',#1352,#1353,#1354);
#1357=CURVE_STYLE('',#21,POSITIVE_LENGTH_MEASURE(2.E-2),#8);
#1358=PRESENTATION_STYLE_ASSIGNMENT((#1357));
#1359=STYLED_ITEM('',(#1358),#1356);
#1360=DIRECTION('',(0.E0,1.E0,0.E0));
#1361=VECTOR('',#1360,8.5E0);
#1362=CARTESIAN_POINT('',(2.15E1,0.E0,4.2E1));
#1363=LINE('',#1362,#1361);
#1364=CURVE_STYLE('',#21,POSITIVE_LENGTH_MEASURE(2.E-2),#8);
#1365=PRESENTATION_STYLE_ASSIGNMENT((#1364));
#1366=STYLED_ITEM('',(#1365),#1363);
#1367=CARTESIAN_POINT('',(2.4E1,8.5E0,4.2E1));
#1368=DIRECTION('',(0.E0,1.E0,0.E0));
#1369=DIRECTION('',(1.E0,0.E0,0.E0));
#1370=AXIS2_PLACEMENT_3D('',#1367,#1368,#1369);
#1372=CURVE_STYLE('',#21,POSITIVE_LENGTH_MEASURE(2.E-2),#8);
#1373=PRESENTATION_STYLE_ASSIGNMENT((#1372));
#1374=STYLED_ITEM('',(#1373),#1371);
#1375=CARTESIAN_POINT('',(2.4E1,8.5E0,4.2E1));
#1376=DIRECTION('',(0.E0,1.E0,0.E0));
#1377=DIRECTION('',(-1.E0,0.E0,0.E0));
#1378=AXIS2_PLACEMENT_3D('',#1375,#1376,#1377);
#1380=CURVE_STYLE('',#21,POSITIVE_LENGTH_MEASURE(2.E-2),#8);
#1381=PRESENTATION_STYLE_ASSIGNMENT((#1380));
#1382=STYLED_ITEM('',(#1381),#1379);
#1383=CARTESIAN_POINT('',(2.4E1,8.5E0,4.2E1));
#1384=DIRECTION('',(0.E0,1.E0,0.E0));
#1385=DIRECTION('',(-1.E0,0.E0,0.E0));
#1386=AXIS2_PLACEMENT_3D('',#1383,#1384,#1385);
#1388=CURVE_STYLE('',#21,POSITIVE_LENGTH_MEASURE(2.E-2),#8);
#1389=PRESENTATION_STYLE_ASSIGNMENT((#1388));
#1390=STYLED_ITEM('',(#1389),#1387);
#1391=CARTESIAN_POINT('',(2.4E1,8.5E0,4.2E1));
#1392=DIRECTION('',(0.E0,1.E0,0.E0));
#1393=DIRECTION('',(1.E0,0.E0,0.E0));
#1394=AXIS2_PLACEMENT_3D('',#1391,#1392,#1393);
#1396=CURVE_STYLE('',#21,POSITIVE_LENGTH_MEASURE(2.E-2),#8);
#1397=PRESENTATION_STYLE_ASSIGNMENT((#1396));
#1398=STYLED_ITEM('',(#1397),#1395);
#1399=CARTESIAN_POINT('',(-2.4E1,8.5E0,4.2E1));
#1400=DIRECTION('',(0.E0,1.E0,0.E0));
#1401=DIRECTION('',(1.E0,0.E0,0.E0));
#1402=AXIS2_PLACEMENT_3D('',#1399,#1400,#1401);
#1404=CURVE_STYLE('',#21,POSITIVE_LENGTH_MEASURE(2.E-2),#8);
#1405=PRESENTATION_STYLE_ASSIGNMENT((#1404));
#1406=STYLED_ITEM('',(#1405),#1403);
#1407=CARTESIAN_POINT('',(-2.4E1,8.5E0,4.2E1));
#1408=DIRECTION('',(0.E0,1.E0,0.E0));
#1409=DIRECTION('',(-1.E0,0.E0,0.E0));
#1410=AXIS2_PLACEMENT_3D('',#1407,#1408,#1409);
#1412=CURVE_STYLE('',#21,POSITIVE_LENGTH_MEASURE(2.E-2),#8);
#1413=PRESENTATION_STYLE_ASSIGNMENT((#1412));
#1414=STYLED_ITEM('',(#1413),#1411);
#1415=CARTESIAN_POINT('',(2.4E1,8.5E0,-4.2E1));
#1416=DIRECTION('',(0.E0,1.E0,0.E0));
#1417=DIRECTION('',(4.639999976338E-1,0.E0,8.858352003594E-1));
#1418=AXIS2_PLACEMENT_3D('',#1415,#1416,#1417);
#1420=CURVE_STYLE('',#21,POSITIVE_LENGTH_MEASURE(2.E-2),#8);
#1421=PRESENTATION_STYLE_ASSIGNMENT((#1420));
#1422=STYLED_ITEM('',(#1421),#1419);
#1423=DIRECTION('',(0.E0,0.E0,1.E0));
#1424=VECTOR('',#1423,6.511541198211E1);
#1425=CARTESIAN_POINT('',(2.515999999408E1,8.5E0,-3.978541199910E1));
#1426=LINE('',#1425,#1424);
#1427=CURVE_STYLE('',#21,POSITIVE_LENGTH_MEASURE(2.E-2),#8);
#1428=PRESENTATION_STYLE_ASSIGNMENT((#1427));
#1429=STYLED_ITEM('',(#1428),#1426);
#1430=CARTESIAN_POINT('',(2.265999999408E1,8.5E0,2.532999998300E1));
#1431=DIRECTION('',(0.E0,-1.E0,0.E0));
#1432=DIRECTION('',(1.E0,0.E0,0.E0));
#1433=AXIS2_PLACEMENT_3D('',#1430,#1431,#1432);
#1435=CURVE_STYLE('',#21,POSITIVE_LENGTH_MEASURE(2.E-2),#8);
#1436=PRESENTATION_STYLE_ASSIGNMENT((#1435));
#1437=STYLED_ITEM('',(#1436),#1434);
#1438=DIRECTION('',(-1.E0,0.E0,0.E0));
#1439=VECTOR('',#1438,4.531999998817E1);
#1440=CARTESIAN_POINT('',(2.265999999408E1,8.5E0,2.782999998300E1));
#1441=LINE('',#1440,#1439);
#1442=CURVE_STYLE('',#21,POSITIVE_LENGTH_MEASURE(2.E-2),#8);
#1443=PRESENTATION_STYLE_ASSIGNMENT((#1442));
#1444=STYLED_ITEM('',(#1443),#1441);
#1445=CARTESIAN_POINT('',(-2.265999999408E1,8.5E0,2.532999998300E1));
#1446=DIRECTION('',(0.E0,-1.E0,0.E0));
#1447=DIRECTION('',(0.E0,0.E0,1.E0));
#1448=AXIS2_PLACEMENT_3D('',#1445,#1446,#1447);
#1450=CURVE_STYLE('',#21,POSITIVE_LENGTH_MEASURE(2.E-2),#8);
#1451=PRESENTATION_STYLE_ASSIGNMENT((#1450));
#1452=STYLED_ITEM('',(#1451),#1449);
#1453=DIRECTION('',(0.E0,0.E0,-1.E0));
#1454=VECTOR('',#1453,6.511541198211E1);
#1455=CARTESIAN_POINT('',(-2.515999999408E1,8.5E0,2.532999998300E1));
#1456=LINE('',#1455,#1454);
#1457=CURVE_STYLE('',#21,POSITIVE_LENGTH_MEASURE(2.E-2),#8);
#1458=PRESENTATION_STYLE_ASSIGNMENT((#1457));
#1459=STYLED_ITEM('',(#1458),#1456);
#1460=CARTESIAN_POINT('',(-2.4E1,8.5E0,-4.2E1));
#1461=DIRECTION('',(0.E0,1.E0,0.E0));
#1462=DIRECTION('',(-1.E0,0.E0,0.E0));
#1463=AXIS2_PLACEMENT_3D('',#1460,#1461,#1462);
#1465=CURVE_STYLE('',#21,POSITIVE_LENGTH_MEASURE(2.E-2),#8);
#1466=PRESENTATION_STYLE_ASSIGNMENT((#1465));
#1467=STYLED_ITEM('',(#1466),#1464);
#1468=CARTESIAN_POINT('',(-2.4E1,8.5E0,-4.2E1));
#1469=DIRECTION('',(0.E0,1.E0,0.E0));
#1470=DIRECTION('',(8.879189152169E-1,0.E0,-4.6E-1));
#1471=AXIS2_PLACEMENT_3D('',#1468,#1469,#1470);
#1473=CURVE_STYLE('',#21,POSITIVE_LENGTH_MEASURE(2.E-2),#8);
#1474=PRESENTATION_STYLE_ASSIGNMENT((#1473));
#1475=STYLED_ITEM('',(#1474),#1472);
#1476=DIRECTION('',(1.E0,0.E0,0.E0));
#1477=VECTOR('',#1476,4.356040542392E1);
#1478=CARTESIAN_POINT('',(-2.178020271196E1,8.5E0,-4.315E1));
#1479=LINE('',#1478,#1477);
#1480=CURVE_STYLE('',#21,POSITIVE_LENGTH_MEASURE(2.E-2),#8);
#1481=PRESENTATION_STYLE_ASSIGNMENT((#1480));
#1482=STYLED_ITEM('',(#1481),#1479);
#1483=CARTESIAN_POINT('',(2.4E1,8.5E0,-4.2E1));
#1484=DIRECTION('',(0.E0,1.E0,0.E0));
#1485=DIRECTION('',(1.E0,0.E0,0.E0));
#1486=AXIS2_PLACEMENT_3D('',#1483,#1484,#1485);
#1488=CURVE_STYLE('',#21,POSITIVE_LENGTH_MEASURE(2.E-2),#8);
#1489=PRESENTATION_STYLE_ASSIGNMENT((#1488));
#1490=STYLED_ITEM('',(#1489),#1487);
#1491=CARTESIAN_POINT('',(2.4E1,8.5E0,-4.2E1));
#1492=DIRECTION('',(0.E0,1.E0,0.E0));
#1493=DIRECTION('',(1.E0,0.E0,0.E0));
#1494=AXIS2_PLACEMENT_3D('',#1491,#1492,#1493);
#1496=CURVE_STYLE('',#21,POSITIVE_LENGTH_MEASURE(2.E-2),#8);
#1497=PRESENTATION_STYLE_ASSIGNMENT((#1496));
#1498=STYLED_ITEM('',(#1497),#1495);
#1499=CARTESIAN_POINT('',(2.265999999408E1,8.5E0,-4.065E1));
#1500=DIRECTION('',(0.E0,-1.E0,0.E0));
#1501=DIRECTION('',(2.434638305815E-1,0.E0,-9.699099768528E-1));
#1502=AXIS2_PLACEMENT_3D('',#1499,#1500,#1501);
#1504=CURVE_STYLE('',#21,POSITIVE_LENGTH_MEASURE(2.E-2),#8);
#1505=PRESENTATION_STYLE_ASSIGNMENT((#1504));
#1506=STYLED_ITEM('',(#1505),#1503);
#1507=CARTESIAN_POINT('',(2.4E1,8.5E0,-4.2E1));
#1508=DIRECTION('',(0.E0,1.E0,0.E0));
#1509=DIRECTION('',(8.309097181549E-1,0.E0,5.564072611638E-1));
#1510=AXIS2_PLACEMENT_3D('',#1507,#1508,#1509);
#1512=CURVE_STYLE('',#21,POSITIVE_LENGTH_MEASURE(2.E-2),#8);
#1513=PRESENTATION_STYLE_ASSIGNMENT((#1512));
#1514=STYLED_ITEM('',(#1513),#1511);
#1515=CARTESIAN_POINT('',(-2.4E1,8.5E0,-4.2E1));
#1516=DIRECTION('',(0.E0,1.E0,0.E0));
#1517=DIRECTION('',(5.625695611244E-1,0.E0,-8.267499554861E-1));
#1518=AXIS2_PLACEMENT_3D('',#1515,#1516,#1517);
#1520=CURVE_STYLE('',#21,POSITIVE_LENGTH_MEASURE(2.E-2),#8);
#1521=PRESENTATION_STYLE_ASSIGNMENT((#1520));
#1522=STYLED_ITEM('',(#1521),#1519);
#1523=CARTESIAN_POINT('',(-2.4E1,8.5E0,-4.2E1));
#1524=DIRECTION('',(0.E0,1.E0,0.E0));
#1525=DIRECTION('',(-1.E0,0.E0,0.E0));
#1526=AXIS2_PLACEMENT_3D('',#1523,#1524,#1525);
#1528=CURVE_STYLE('',#21,POSITIVE_LENGTH_MEASURE(2.E-2),#8);
#1529=PRESENTATION_STYLE_ASSIGNMENT((#1528));
#1530=STYLED_ITEM('',(#1529),#1527);
#1531=CARTESIAN_POINT('',(-2.265999999408E1,8.5E0,-4.065E1));
#1532=DIRECTION('',(0.E0,-1.E0,0.E0));
#1533=DIRECTION('',(-9.680730558067E-1,0.E0,-2.506682241948E-1));
#1534=AXIS2_PLACEMENT_3D('',#1531,#1532,#1533);
#1536=CURVE_STYLE('',#21,POSITIVE_LENGTH_MEASURE(2.E-2),#8);
#1537=PRESENTATION_STYLE_ASSIGNMENT((#1536));
#1538=STYLED_ITEM('',(#1537),#1535);
#1539=CARTESIAN_POINT('',(-9.881765520913E0,8.5E0,3.459999815518E1));
#1540=DIRECTION('',(0.E0,-1.E0,0.E0));
#1541=DIRECTION('',(0.E0,0.E0,-1.E0));
#1542=AXIS2_PLACEMENT_3D('',#1539,#1540,#1541);
#1544=CURVE_STYLE('',#21,POSITIVE_LENGTH_MEASURE(2.E-2),#8);
#1545=PRESENTATION_STYLE_ASSIGNMENT((#1544));
#1546=STYLED_ITEM('',(#1545),#1543);
#1547=CARTESIAN_POINT('',(-9.881765520913E0,8.5E0,3.459999815518E1));
#1548=DIRECTION('',(0.E0,-1.E0,0.E0));
#1549=DIRECTION('',(0.E0,0.E0,1.E0));
#1550=AXIS2_PLACEMENT_3D('',#1547,#1548,#1549);
#1552=CURVE_STYLE('',#21,POSITIVE_LENGTH_MEASURE(2.E-2),#8);
#1553=PRESENTATION_STYLE_ASSIGNMENT((#1552));
#1554=STYLED_ITEM('',(#1553),#1551);
#1555=CARTESIAN_POINT('',(8.118234479087E0,8.5E0,3.459999815518E1));
#1556=DIRECTION('',(0.E0,-1.E0,0.E0));
#1557=DIRECTION('',(0.E0,0.E0,-1.E0));
#1558=AXIS2_PLACEMENT_3D('',#1555,#1556,#1557);
#1560=CURVE_STYLE('',#21,POSITIVE_LENGTH_MEASURE(2.E-2),#8);
#1561=PRESENTATION_STYLE_ASSIGNMENT((#1560));
#1562=STYLED_ITEM('',(#1561),#1559);
#1563=CARTESIAN_POINT('',(8.118234479087E0,8.5E0,3.459999815518E1));
#1564=DIRECTION('',(0.E0,-1.E0,0.E0));
#1565=DIRECTION('',(0.E0,0.E0,1.E0));
#1566=AXIS2_PLACEMENT_3D('',#1563,#1564,#1565);
#1568=CURVE_STYLE('',#21,POSITIVE_LENGTH_MEASURE(2.E-2),#8);
#1569=PRESENTATION_STYLE_ASSIGNMENT((#1568));
#1570=STYLED_ITEM('',(#1569),#1567);
#1571=CARTESIAN_POINT('',(2.196823447909E1,8.5E0,3.459999815518E1));
#1572=DIRECTION('',(0.E0,-1.E0,0.E0));
#1573=DIRECTION('',(0.E0,0.E0,-1.E0));
#1574=AXIS2_PLACEMENT_3D('',#1571,#1572,#1573);
#1576=CURVE_STYLE('',#21,POSITIVE_LENGTH_MEASURE(2.E-2),#8);
#1577=PRESENTATION_STYLE_ASSIGNMENT((#1576));
#1578=STYLED_ITEM('',(#1577),#1575);
#1579=CARTESIAN_POINT('',(2.196823447909E1,8.5E0,3.459999815518E1));
#1580=DIRECTION('',(0.E0,-1.E0,0.E0));
#1581=DIRECTION('',(0.E0,0.E0,1.E0));
#1582=AXIS2_PLACEMENT_3D('',#1579,#1580,#1581);
#1584=CURVE_STYLE('',#21,POSITIVE_LENGTH_MEASURE(2.E-2),#8);
#1585=PRESENTATION_STYLE_ASSIGNMENT((#1584));
#1586=STYLED_ITEM('',(#1585),#1583);
#1587=CARTESIAN_POINT('',(-1.76E1,8.5E0,4.14E1));
#1588=DIRECTION('',(0.E0,-1.E0,0.E0));
#1589=DIRECTION('',(-1.E0,0.E0,0.E0));
#1590=AXIS2_PLACEMENT_3D('',#1587,#1588,#1589);
#1592=CURVE_STYLE('',#21,POSITIVE_LENGTH_MEASURE(2.E-2),#8);
#1593=PRESENTATION_STYLE_ASSIGNMENT((#1592));
#1594=STYLED_ITEM('',(#1593),#1591);
#1595=CARTESIAN_POINT('',(-1.76E1,8.5E0,4.14E1));
#1596=DIRECTION('',(0.E0,-1.E0,0.E0));
#1597=DIRECTION('',(1.E0,0.E0,0.E0));
#1598=AXIS2_PLACEMENT_3D('',#1595,#1596,#1597);
#1600=CURVE_STYLE('',#21,POSITIVE_LENGTH_MEASURE(2.E-2),#8);
#1601=PRESENTATION_STYLE_ASSIGNMENT((#1600));
#1602=STYLED_ITEM('',(#1601),#1599);
#1603=DIRECTION('',(1.E0,0.E0,0.E0));
#1604=VECTOR('',#1603,4.274527630090E1);
#1605=CARTESIAN_POINT('',(-1.574527630090E1,8.5E0,4.55E1));
#1606=LINE('',#1605,#1604);
#1607=CURVE_STYLE('',#21,POSITIVE_LENGTH_MEASURE(2.E-2),#8);
#1608=PRESENTATION_STYLE_ASSIGNMENT((#1607));
#1609=STYLED_ITEM('',(#1608),#1606);
#1610=CARTESIAN_POINT('',(2.7E1,8.5E0,4.5E1));
#1611=DIRECTION('',(0.E0,1.E0,0.E0));
#1612=DIRECTION('',(0.E0,0.E0,1.E0));
#1613=AXIS2_PLACEMENT_3D('',#1610,#1611,#1612);
#1615=CURVE_STYLE('',#21,POSITIVE_LENGTH_MEASURE(2.E-2),#8);
#1616=PRESENTATION_STYLE_ASSIGNMENT((#1615));
#1617=STYLED_ITEM('',(#1616),#1614);
#1618=DIRECTION('',(0.E0,0.E0,-1.E0));
#1619=VECTOR('',#1618,9.E1);
#1620=CARTESIAN_POINT('',(2.75E1,8.5E0,4.5E1));
#1621=LINE('',#1620,#1619);
#1622=CURVE_STYLE('',#21,POSITIVE_LENGTH_MEASURE(2.E-2),#8);
#1623=PRESENTATION_STYLE_ASSIGNMENT((#1622));
#1624=STYLED_ITEM('',(#1623),#1621);
#1625=CARTESIAN_POINT('',(2.7E1,8.5E0,-4.5E1));
#1626=DIRECTION('',(0.E0,1.E0,0.E0));
#1627=DIRECTION('',(1.E0,0.E0,0.E0));
#1628=AXIS2_PLACEMENT_3D('',#1625,#1626,#1627);
#1630=CURVE_STYLE('',#21,POSITIVE_LENGTH_MEASURE(2.E-2),#8);
#1631=PRESENTATION_STYLE_ASSIGNMENT((#1630));
#1632=STYLED_ITEM('',(#1631),#1629);
#1633=DIRECTION('',(-1.E0,0.E0,0.E0));
#1634=VECTOR('',#1633,5.4E1);
#1635=CARTESIAN_POINT('',(2.7E1,8.5E0,-4.55E1));
#1636=LINE('',#1635,#1634);
#1637=CURVE_STYLE('',#21,POSITIVE_LENGTH_MEASURE(2.E-2),#8);
#1638=PRESENTATION_STYLE_ASSIGNMENT((#1637));
#1639=STYLED_ITEM('',(#1638),#1636);
#1640=CARTESIAN_POINT('',(-2.7E1,8.5E0,-4.5E1));
#1641=DIRECTION('',(0.E0,1.E0,0.E0));
#1642=DIRECTION('',(0.E0,0.E0,-1.E0));
#1643=AXIS2_PLACEMENT_3D('',#1640,#1641,#1642);
#1645=CURVE_STYLE('',#21,POSITIVE_LENGTH_MEASURE(2.E-2),#8);
#1646=PRESENTATION_STYLE_ASSIGNMENT((#1645));
#1647=STYLED_ITEM('',(#1646),#1644);
#1648=DIRECTION('',(0.E0,0.E0,1.E0));
#1649=VECTOR('',#1648,9.E1);
#1650=CARTESIAN_POINT('',(-2.75E1,8.5E0,-4.5E1));
#1651=LINE('',#1650,#1649);
#1652=CURVE_STYLE('',#21,POSITIVE_LENGTH_MEASURE(2.E-2),#8);
#1653=PRESENTATION_STYLE_ASSIGNMENT((#1652));
#1654=STYLED_ITEM('',(#1653),#1651);
#1655=CARTESIAN_POINT('',(-2.7E1,8.5E0,4.5E1));
#1656=DIRECTION('',(0.E0,1.E0,0.E0));
#1657=DIRECTION('',(-1.E0,0.E0,0.E0));
#1658=AXIS2_PLACEMENT_3D('',#1655,#1656,#1657);
#1660=CURVE_STYLE('',#21,POSITIVE_LENGTH_MEASURE(2.E-2),#8);
#1661=PRESENTATION_STYLE_ASSIGNMENT((#1660));
#1662=STYLED_ITEM('',(#1661),#1659);
#1663=DIRECTION('',(1.E0,0.E0,0.E0));
#1664=VECTOR('',#1663,7.545276300901E0);
#1665=CARTESIAN_POINT('',(-2.7E1,8.5E0,4.55E1));
#1666=LINE('',#1665,#1664);
#1667=CURVE_STYLE('',#21,POSITIVE_LENGTH_MEASURE(2.E-2),#8);
#1668=PRESENTATION_STYLE_ASSIGNMENT((#1667));
#1669=STYLED_ITEM('',(#1668),#1666);
#1670=CARTESIAN_POINT('',(-1.76E1,8.5E0,4.14E1));
#1671=DIRECTION('',(0.E0,-1.E0,0.E0));
#1672=DIRECTION('',(-4.121608220220E-1,0.E0,9.111111111111E-1));
#1673=AXIS2_PLACEMENT_3D('',#1670,#1671,#1672);
#1675=CURVE_STYLE('',#21,POSITIVE_LENGTH_MEASURE(2.E-2),#8);
#1676=PRESENTATION_STYLE_ASSIGNMENT((#1675));
#1677=STYLED_ITEM('',(#1676),#1674);
#1678=CARTESIAN_POINT('',(-2.4E1,8.5E0,4.2E1));
#1679=DIRECTION('',(0.E0,1.E0,0.E0));
#1680=DIRECTION('',(-1.E0,0.E0,0.E0));
#1681=AXIS2_PLACEMENT_3D('',#1678,#1679,#1680);
#1683=CURVE_STYLE('',#21,POSITIVE_LENGTH_MEASURE(2.E-2),#8);
#1684=PRESENTATION_STYLE_ASSIGNMENT((#1683));
#1685=STYLED_ITEM('',(#1684),#1682);
#1686=CARTESIAN_POINT('',(-2.4E1,8.5E0,4.2E1));
#1687=DIRECTION('',(0.E0,1.E0,0.E0));
#1688=DIRECTION('',(7.971448662004E-1,0.E0,-6.037880938627E-1));
#1689=AXIS2_PLACEMENT_3D('',#1686,#1687,#1688);
#1691=CURVE_STYLE('',#21,POSITIVE_LENGTH_MEASURE(2.E-2),#8);
#1692=PRESENTATION_STYLE_ASSIGNMENT((#1691));
#1693=STYLED_ITEM('',(#1692),#1690);
#1694=CARTESIAN_POINT('',(-1.76E1,8.5E0,4.14E1));
#1695=DIRECTION('',(0.E0,1.E0,0.E0));
#1696=DIRECTION('',(0.E0,0.E0,1.E0));
#1697=AXIS2_PLACEMENT_3D('',#1694,#1695,#1696);
#1699=CURVE_STYLE('',#21,POSITIVE_LENGTH_MEASURE(2.E-2),#8);
#1700=PRESENTATION_STYLE_ASSIGNMENT((#1699));
#1701=STYLED_ITEM('',(#1700),#1698);
#1702=CARTESIAN_POINT('',(-1.76E1,8.5E0,4.14E1));
#1703=DIRECTION('',(0.E0,1.E0,0.E0));
#1704=DIRECTION('',(0.E0,0.E0,-1.E0));
#1705=AXIS2_PLACEMENT_3D('',#1702,#1703,#1704);
#1707=CURVE_STYLE('',#21,POSITIVE_LENGTH_MEASURE(2.E-2),#8);
#1708=PRESENTATION_STYLE_ASSIGNMENT((#1707));
#1709=STYLED_ITEM('',(#1708),#1706);
#1710=DIRECTION('',(0.E0,-1.E0,0.E0));
#1711=VECTOR('',#1710,9.E0);
#1712=CARTESIAN_POINT('',(2.27E1,8.5E0,4.2E1));
#1713=LINE('',#1712,#1711);
#1714=CURVE_STYLE('',#21,POSITIVE_LENGTH_MEASURE(2.E-2),#8);
#1715=PRESENTATION_STYLE_ASSIGNMENT((#1714));
#1716=STYLED_ITEM('',(#1715),#1713);
#1717=DIRECTION('',(0.E0,1.E0,0.E0));
#1718=VECTOR('',#1717,9.E0);
#1719=CARTESIAN_POINT('',(2.53E1,-5.E-1,4.2E1));
#1720=LINE('',#1719,#1718);
#1721=CURVE_STYLE('',#21,POSITIVE_LENGTH_MEASURE(2.E-2),#8);
#1722=PRESENTATION_STYLE_ASSIGNMENT((#1721));
#1723=STYLED_ITEM('',(#1722),#1720);
#1724=CARTESIAN_POINT('',(-2.4E1,-5.E-1,-4.2E1));
#1725=DIRECTION('',(0.E0,-1.E0,0.E0));
#1726=DIRECTION('',(1.E0,0.E0,0.E0));
#1727=AXIS2_PLACEMENT_3D('',#1724,#1725,#1726);
#1729=CURVE_STYLE('',#21,POSITIVE_LENGTH_MEASURE(2.E-2),#8);
#1730=PRESENTATION_STYLE_ASSIGNMENT((#1729));
#1731=STYLED_ITEM('',(#1730),#1728);
#1732=CARTESIAN_POINT('',(-2.4E1,-5.E-1,-4.2E1));
#1733=DIRECTION('',(0.E0,-1.E0,0.E0));
#1734=DIRECTION('',(-1.E0,0.E0,0.E0));
#1735=AXIS2_PLACEMENT_3D('',#1732,#1733,#1734);
#1737=CURVE_STYLE('',#21,POSITIVE_LENGTH_MEASURE(2.E-2),#8);
#1738=PRESENTATION_STYLE_ASSIGNMENT((#1737));
#1739=STYLED_ITEM('',(#1738),#1736);
#1740=CARTESIAN_POINT('',(2.4E1,-5.E-1,4.2E1));
#1741=DIRECTION('',(0.E0,-1.E0,0.E0));
#1742=DIRECTION('',(1.E0,0.E0,0.E0));
#1743=AXIS2_PLACEMENT_3D('',#1740,#1741,#1742);
#1745=CURVE_STYLE('',#21,POSITIVE_LENGTH_MEASURE(2.E-2),#8);
#1746=PRESENTATION_STYLE_ASSIGNMENT((#1745));
#1747=STYLED_ITEM('',(#1746),#1744);
#1748=CARTESIAN_POINT('',(2.4E1,-5.E-1,4.2E1));
#1749=DIRECTION('',(0.E0,-1.E0,0.E0));
#1750=DIRECTION('',(-1.E0,0.E0,0.E0));
#1751=AXIS2_PLACEMENT_3D('',#1748,#1749,#1750);
#1753=CURVE_STYLE('',#21,POSITIVE_LENGTH_MEASURE(2.E-2),#8);
#1754=PRESENTATION_STYLE_ASSIGNMENT((#1753));
#1755=STYLED_ITEM('',(#1754),#1752);
#1756=CARTESIAN_POINT('',(-2.4E1,-5.E-1,4.2E1));
#1757=DIRECTION('',(0.E0,-1.E0,0.E0));
#1758=DIRECTION('',(1.E0,0.E0,0.E0));
#1759=AXIS2_PLACEMENT_3D('',#1756,#1757,#1758);
#1761=CURVE_STYLE('',#21,POSITIVE_LENGTH_MEASURE(2.E-2),#8);
#1762=PRESENTATION_STYLE_ASSIGNMENT((#1761));
#1763=STYLED_ITEM('',(#1762),#1760);
#1764=CARTESIAN_POINT('',(-2.4E1,-5.E-1,4.2E1));
#1765=DIRECTION('',(0.E0,-1.E0,0.E0));
#1766=DIRECTION('',(-1.E0,0.E0,0.E0));
#1767=AXIS2_PLACEMENT_3D('',#1764,#1765,#1766);
#1769=CURVE_STYLE('',#21,POSITIVE_LENGTH_MEASURE(2.E-2),#8);
#1770=PRESENTATION_STYLE_ASSIGNMENT((#1769));
#1771=STYLED_ITEM('',(#1770),#1768);
#1772=CARTESIAN_POINT('',(-2.4E1,-5.E-1,4.2E1));
#1773=DIRECTION('',(0.E0,1.E0,0.E0));
#1774=DIRECTION('',(1.E0,0.E0,0.E0));
#1775=AXIS2_PLACEMENT_3D('',#1772,#1773,#1774);
#1777=CURVE_STYLE('',#21,POSITIVE_LENGTH_MEASURE(2.E-2),#8);
#1778=PRESENTATION_STYLE_ASSIGNMENT((#1777));
#1779=STYLED_ITEM('',(#1778),#1776);
#1780=CARTESIAN_POINT('',(-2.4E1,-5.E-1,4.2E1));
#1781=DIRECTION('',(0.E0,1.E0,0.E0));
#1782=DIRECTION('',(-1.E0,0.E0,0.E0));
#1783=AXIS2_PLACEMENT_3D('',#1780,#1781,#1782);
#1785=CURVE_STYLE('',#21,POSITIVE_LENGTH_MEASURE(2.E-2),#8);
#1786=PRESENTATION_STYLE_ASSIGNMENT((#1785));
#1787=STYLED_ITEM('',(#1786),#1784);
#1788=CARTESIAN_POINT('',(2.4E1,-5.E-1,4.2E1));
#1789=DIRECTION('',(0.E0,1.E0,0.E0));
#1790=DIRECTION('',(1.E0,0.E0,0.E0));
#1791=AXIS2_PLACEMENT_3D('',#1788,#1789,#1790);
#1793=CURVE_STYLE('',#21,POSITIVE_LENGTH_MEASURE(2.E-2),#8);
#1794=PRESENTATION_STYLE_ASSIGNMENT((#1793));
#1795=STYLED_ITEM('',(#1794),#1792);
#1796=CARTESIAN_POINT('',(2.4E1,-5.E-1,4.2E1));
#1797=DIRECTION('',(0.E0,1.E0,0.E0));
#1798=DIRECTION('',(-1.E0,0.E0,0.E0));
#1799=AXIS2_PLACEMENT_3D('',#1796,#1797,#1798);
#1801=CURVE_STYLE('',#21,POSITIVE_LENGTH_MEASURE(2.E-2),#8);
#1802=PRESENTATION_STYLE_ASSIGNMENT((#1801));
#1803=STYLED_ITEM('',(#1802),#1800);
#1804=CARTESIAN_POINT('',(-2.4E1,-5.E-1,-4.2E1));
#1805=DIRECTION('',(0.E0,1.E0,0.E0));
#1806=DIRECTION('',(1.E0,0.E0,0.E0));
#1807=AXIS2_PLACEMENT_3D('',#1804,#1805,#1806);
#1809=CURVE_STYLE('',#21,POSITIVE_LENGTH_MEASURE(2.E-2),#8);
#1810=PRESENTATION_STYLE_ASSIGNMENT((#1809));
#1811=STYLED_ITEM('',(#1810),#1808);
#1812=CARTESIAN_POINT('',(-2.4E1,-5.E-1,-4.2E1));
#1813=DIRECTION('',(0.E0,1.E0,0.E0));
#1814=DIRECTION('',(-1.E0,0.E0,0.E0));
#1815=AXIS2_PLACEMENT_3D('',#1812,#1813,#1814);
#1817=CURVE_STYLE('',#21,POSITIVE_LENGTH_MEASURE(2.E-2),#8);
#1818=PRESENTATION_STYLE_ASSIGNMENT((#1817));
#1819=STYLED_ITEM('',(#1818),#1816);
#1820=DIRECTION('',(0.E0,-1.E0,0.E0));
#1821=VECTOR('',#1820,5.E-1);
#1822=CARTESIAN_POINT('',(-2.24E1,0.E0,-4.2E1));
#1823=LINE('',#1822,#1821);
#1824=CURVE_STYLE('',#21,POSITIVE_LENGTH_MEASURE(2.E-2),#8);
#1825=PRESENTATION_STYLE_ASSIGNMENT((#1824));
#1826=STYLED_ITEM('',(#1825),#1823);
#1827=DIRECTION('',(0.E0,-1.E0,0.E0));
#1828=VECTOR('',#1827,5.E-1);
#1829=CARTESIAN_POINT('',(-2.56E1,0.E0,-4.2E1));
#1830=LINE('',#1829,#1828);
#1831=CURVE_STYLE('',#21,POSITIVE_LENGTH_MEASURE(2.E-2),#8);
#1832=PRESENTATION_STYLE_ASSIGNMENT((#1831));
#1833=STYLED_ITEM('',(#1832),#1830);
#1834=DIRECTION('',(0.E0,-1.E0,0.E0));
#1835=VECTOR('',#1834,5.E-1);
#1836=CARTESIAN_POINT('',(2.56E1,0.E0,4.2E1));
#1837=LINE('',#1836,#1835);
#1838=CURVE_STYLE('',#21,POSITIVE_LENGTH_MEASURE(2.E-2),#8);
#1839=PRESENTATION_STYLE_ASSIGNMENT((#1838));
#1840=STYLED_ITEM('',(#1839),#1837);
#1841=DIRECTION('',(0.E0,-1.E0,0.E0));
#1842=VECTOR('',#1841,5.E-1);
#1843=CARTESIAN_POINT('',(2.24E1,0.E0,4.2E1));
#1844=LINE('',#1843,#1842);
#1845=CURVE_STYLE('',#21,POSITIVE_LENGTH_MEASURE(2.E-2),#8);
#1846=PRESENTATION_STYLE_ASSIGNMENT((#1845));
#1847=STYLED_ITEM('',(#1846),#1844);
#1848=DIRECTION('',(0.E0,-1.E0,0.E0));
#1849=VECTOR('',#1848,5.E-1);
#1850=CARTESIAN_POINT('',(-2.24E1,0.E0,4.2E1));
#1851=LINE('',#1850,#1849);
#1852=CURVE_STYLE('',#21,POSITIVE_LENGTH_MEASURE(2.E-2),#8);
#1853=PRESENTATION_STYLE_ASSIGNMENT((#1852));
#1854=STYLED_ITEM('',(#1853),#1851);
#1855=DIRECTION('',(0.E0,-1.E0,0.E0));
#1856=VECTOR('',#1855,5.E-1);
#1857=CARTESIAN_POINT('',(-2.56E1,0.E0,4.2E1));
#1858=LINE('',#1857,#1856);
#1859=CURVE_STYLE('',#21,POSITIVE_LENGTH_MEASURE(2.E-2),#8);
#1860=PRESENTATION_STYLE_ASSIGNMENT((#1859));
#1861=STYLED_ITEM('',(#1860),#1858);
#1862=DIRECTION('',(0.E0,-1.E0,0.E0));
#1863=VECTOR('',#1862,9.E0);
#1864=CARTESIAN_POINT('',(-2.53E1,8.5E0,4.2E1));
#1865=LINE('',#1864,#1863);
#1866=CURVE_STYLE('',#21,POSITIVE_LENGTH_MEASURE(2.E-2),#8);
#1867=PRESENTATION_STYLE_ASSIGNMENT((#1866));
#1868=STYLED_ITEM('',(#1867),#1865);
#1869=DIRECTION('',(0.E0,1.E0,0.E0));
#1870=VECTOR('',#1869,9.E0);
#1871=CARTESIAN_POINT('',(-2.27E1,-5.E-1,4.2E1));
#1872=LINE('',#1871,#1870);
#1873=CURVE_STYLE('',#21,POSITIVE_LENGTH_MEASURE(2.E-2),#8);
#1874=PRESENTATION_STYLE_ASSIGNMENT((#1873));
#1875=STYLED_ITEM('',(#1874),#1872);
#1876=CARTESIAN_POINT('',(-2.4E1,6.7E0,-4.2E1));
#1877=DIRECTION('',(0.E0,1.E0,0.E0));
#1878=DIRECTION('',(1.E0,0.E0,0.E0));
#1879=AXIS2_PLACEMENT_3D('',#1876,#1877,#1878);
#1881=CURVE_STYLE('',#21,POSITIVE_LENGTH_MEASURE(2.E-2),#8);
#1882=PRESENTATION_STYLE_ASSIGNMENT((#1881));
#1883=STYLED_ITEM('',(#1882),#1880);
#1884=DIRECTION('',(0.E0,1.E0,0.E0));
#1885=VECTOR('',#1884,1.8E0);
#1886=CARTESIAN_POINT('',(-2.326865957054E1,6.7E0,-4.307477494213E1));
#1887=LINE('',#1886,#1885);
#1888=CURVE_STYLE('',#21,POSITIVE_LENGTH_MEASURE(2.E-2),#8);
#1889=PRESENTATION_STYLE_ASSIGNMENT((#1888));
#1890=STYLED_ITEM('',(#1889),#1887);
#1891=CARTESIAN_POINT('',(2.265999999408E1,6.7E0,-4.065E1));
#1892=DIRECTION('',(0.E0,-1.E0,0.E0));
#1893=DIRECTION('',(2.434638305815E-1,0.E0,-9.699099768528E-1));
#1894=AXIS2_PLACEMENT_3D('',#1891,#1892,#1893);
#1896=CURVE_STYLE('',#21,POSITIVE_LENGTH_MEASURE(2.E-2),#8);
#1897=PRESENTATION_STYLE_ASSIGNMENT((#1896));
#1898=STYLED_ITEM('',(#1897),#1895);
#1899=CARTESIAN_POINT('',(-2.265999999408E1,6.7E0,-4.065E1));
#1900=DIRECTION('',(0.E0,-1.E0,0.E0));
#1901=DIRECTION('',(-9.680730558067E-1,0.E0,-2.506682241948E-1));
#1902=AXIS2_PLACEMENT_3D('',#1899,#1900,#1901);
#1904=CURVE_STYLE('',#21,POSITIVE_LENGTH_MEASURE(2.E-2),#8);
#1905=PRESENTATION_STYLE_ASSIGNMENT((#1904));
#1906=STYLED_ITEM('',(#1905),#1903);
#1907=CARTESIAN_POINT('',(2.2E1,6.7E0,4.6E0));
#1908=DIRECTION('',(0.E0,-1.E0,0.E0));
#1909=DIRECTION('',(0.E0,0.E0,-1.E0));
#1910=AXIS2_PLACEMENT_3D('',#1907,#1908,#1909);
#1912=CURVE_STYLE('',#21,POSITIVE_LENGTH_MEASURE(2.E-2),#8);
#1913=PRESENTATION_STYLE_ASSIGNMENT((#1912));
#1914=STYLED_ITEM('',(#1913),#1911);
#1915=CARTESIAN_POINT('',(2.2E1,6.7E0,4.6E0));
#1916=DIRECTION('',(0.E0,-1.E0,0.E0));
#1917=DIRECTION('',(0.E0,0.E0,1.E0));
#1918=AXIS2_PLACEMENT_3D('',#1915,#1916,#1917);
#1920=CURVE_STYLE('',#21,POSITIVE_LENGTH_MEASURE(2.E-2),#8);
#1921=PRESENTATION_STYLE_ASSIGNMENT((#1920));
#1922=STYLED_ITEM('',(#1921),#1919);
#1923=DIRECTION('',(0.E0,0.E0,-1.E0));
#1924=VECTOR('',#1923,1.738363682547E1);
#1925=CARTESIAN_POINT('',(2.170498355608E1,6.7E0,2.267317674296E1));
#1926=LINE('',#1925,#1924);
#1927=CURVE_STYLE('',#21,POSITIVE_LENGTH_MEASURE(2.E-2),#8);
#1928=PRESENTATION_STYLE_ASSIGNMENT((#1927));
#1929=STYLED_ITEM('',(#1928),#1926);
#1930=DIRECTION('',(1.E0,0.E0,0.E0));
#1931=VECTOR('',#1930,2.704983556082E0);
#1932=CARTESIAN_POINT('',(1.9E1,6.7E0,2.267317674296E1));
#1933=LINE('',#1932,#1931);
#1934=CURVE_STYLE('',#21,POSITIVE_LENGTH_MEASURE(2.E-2),#8);
#1935=PRESENTATION_STYLE_ASSIGNMENT((#1934));
#1936=STYLED_ITEM('',(#1935),#1933);
#1937=DIRECTION('',(0.E0,0.E0,-1.E0));
#1938=VECTOR('',#1937,5.156823240041E0);
#1939=CARTESIAN_POINT('',(1.9E1,6.7E0,2.782999998300E1));
#1940=LINE('',#1939,#1938);
#1941=CURVE_STYLE('',#21,POSITIVE_LENGTH_MEASURE(2.E-2),#8);
#1942=PRESENTATION_STYLE_ASSIGNMENT((#1941));
#1943=STYLED_ITEM('',(#1942),#1940);
#1944=DIRECTION('',(-1.E0,0.E0,0.E0));
#1945=VECTOR('',#1944,3.659999994085E0);
#1946=CARTESIAN_POINT('',(2.265999999408E1,6.7E0,2.782999998300E1));
#1947=LINE('',#1946,#1945);
#1948=CURVE_STYLE('',#21,POSITIVE_LENGTH_MEASURE(2.E-2),#8);
#1949=PRESENTATION_STYLE_ASSIGNMENT((#1948));
#1950=STYLED_ITEM('',(#1949),#1947);
#1951=CARTESIAN_POINT('',(2.265999999408E1,6.7E0,2.532999998300E1));
#1952=DIRECTION('',(0.E0,-1.E0,0.E0));
#1953=DIRECTION('',(1.E0,0.E0,0.E0));
#1954=AXIS2_PLACEMENT_3D('',#1951,#1952,#1953);
#1956=CURVE_STYLE('',#21,POSITIVE_LENGTH_MEASURE(2.E-2),#8);
#1957=PRESENTATION_STYLE_ASSIGNMENT((#1956));
#1958=STYLED_ITEM('',(#1957),#1955);
#1959=DIRECTION('',(0.E0,0.E0,1.E0));
#1960=VECTOR('',#1959,6.511541198211E1);
#1961=CARTESIAN_POINT('',(2.515999999408E1,6.7E0,-3.978541199910E1));
#1962=LINE('',#1961,#1960);
#1963=CURVE_STYLE('',#21,POSITIVE_LENGTH_MEASURE(2.E-2),#8);
#1964=PRESENTATION_STYLE_ASSIGNMENT((#1963));
#1965=STYLED_ITEM('',(#1964),#1962);
#1966=DIRECTION('',(1.E0,0.E0,0.E0));
#1967=VECTOR('',#1966,4.356040542392E1);
#1968=CARTESIAN_POINT('',(-2.178020271196E1,6.7E0,-4.315E1));
#1969=LINE('',#1968,#1967);
#1970=CURVE_STYLE('',#21,POSITIVE_LENGTH_MEASURE(2.E-2),#8);
#1971=PRESENTATION_STYLE_ASSIGNMENT((#1970));
#1972=STYLED_ITEM('',(#1971),#1969);
#1973=DIRECTION('',(0.E0,0.E0,-1.E0));
#1974=VECTOR('',#1973,6.511541198211E1);
#1975=CARTESIAN_POINT('',(-2.515999999408E1,6.7E0,2.532999998300E1));
#1976=LINE('',#1975,#1974);
#1977=CURVE_STYLE('',#21,POSITIVE_LENGTH_MEASURE(2.E-2),#8);
#1978=PRESENTATION_STYLE_ASSIGNMENT((#1977));
#1979=STYLED_ITEM('',(#1978),#1976);
#1980=CARTESIAN_POINT('',(-2.265999999408E1,6.7E0,2.532999998300E1));
#1981=DIRECTION('',(0.E0,-1.E0,0.E0));
#1982=DIRECTION('',(0.E0,0.E0,1.E0));
#1983=AXIS2_PLACEMENT_3D('',#1980,#1981,#1982);
#1985=CURVE_STYLE('',#21,POSITIVE_LENGTH_MEASURE(2.E-2),#8);
#1986=PRESENTATION_STYLE_ASSIGNMENT((#1985));
#1987=STYLED_ITEM('',(#1986),#1984);
#1988=DIRECTION('',(-1.E0,0.E0,0.E0));
#1989=VECTOR('',#1988,1.665999999408E1);
#1990=CARTESIAN_POINT('',(-6.E0,6.7E0,2.782999998300E1));
#1991=LINE('',#1990,#1989);
#1992=CURVE_STYLE('',#21,POSITIVE_LENGTH_MEASURE(2.E-2),#8);
#1993=PRESENTATION_STYLE_ASSIGNMENT((#1992));
#1994=STYLED_ITEM('',(#1993),#1991);
#1995=DIRECTION('',(0.E0,0.E0,-1.E0));
#1996=VECTOR('',#1995,5.156823240041E0);
#1997=CARTESIAN_POINT('',(-6.E0,6.7E0,2.782999998300E1));
#1998=LINE('',#1997,#1996);
#1999=CURVE_STYLE('',#21,POSITIVE_LENGTH_MEASURE(2.E-2),#8);
#2000=PRESENTATION_STYLE_ASSIGNMENT((#1999));
#2001=STYLED_ITEM('',(#2000),#1998);
#2002=DIRECTION('',(1.E0,0.E0,0.E0));
#2003=VECTOR('',#2002,1.581501712169E1);
#2004=CARTESIAN_POINT('',(-2.181501712169E1,6.7E0,2.267317674296E1));
#2005=LINE('',#2004,#2003);
#2006=CURVE_STYLE('',#21,POSITIVE_LENGTH_MEASURE(2.E-2),#8);
#2007=PRESENTATION_STYLE_ASSIGNMENT((#2006));
#2008=STYLED_ITEM('',(#2007),#2005);
#2009=DIRECTION('',(0.E0,0.E0,1.E0));
#2010=VECTOR('',#2009,1.734648182E1);
#2011=CARTESIAN_POINT('',(-2.181501712169E1,6.7E0,5.326694922963E0));
#2012=LINE('',#2011,#2010);
#2013=CURVE_STYLE('',#21,POSITIVE_LENGTH_MEASURE(2.E-2),#8);
#2014=PRESENTATION_STYLE_ASSIGNMENT((#2013));
#2015=STYLED_ITEM('',(#2014),#2012);
#2016=CARTESIAN_POINT('',(-2.199999852E1,6.7E0,4.5998649E0));
#2017=DIRECTION('',(0.E0,-1.E0,0.E0));
#2018=DIRECTION('',(2.466418644078E-1,0.E0,9.691066972844E-1));
#2019=AXIS2_PLACEMENT_3D('',#2016,#2017,#2018);
#2021=CURVE_STYLE('',#21,POSITIVE_LENGTH_MEASURE(2.E-2),#8);
#2022=PRESENTATION_STYLE_ASSIGNMENT((#2021));
#2023=STYLED_ITEM('',(#2022),#2020);
#2024=CARTESIAN_POINT('',(-2.199999852E1,6.7E0,4.5998649E0));
#2025=DIRECTION('',(0.E0,-1.E0,0.E0));
#2026=DIRECTION('',(0.E0,0.E0,1.E0));
#2027=AXIS2_PLACEMENT_3D('',#2024,#2025,#2026);
#2029=CURVE_STYLE('',#21,POSITIVE_LENGTH_MEASURE(2.E-2),#8);
#2030=PRESENTATION_STYLE_ASSIGNMENT((#2029));
#2031=STYLED_ITEM('',(#2030),#2028);
#2032=CARTESIAN_POINT('',(-2.199999852E1,6.7E0,4.5998649E0));
#2033=DIRECTION('',(0.E0,-1.E0,0.E0));
#2034=DIRECTION('',(0.E0,0.E0,-1.E0));
#2035=AXIS2_PLACEMENT_3D('',#2032,#2033,#2034);
#2037=CURVE_STYLE('',#21,POSITIVE_LENGTH_MEASURE(2.E-2),#8);
#2038=PRESENTATION_STYLE_ASSIGNMENT((#2037));
#2039=STYLED_ITEM('',(#2038),#2036);
#2040=DIRECTION('',(0.E0,0.E0,1.E0));
#2041=VECTOR('',#2040,3.754634198697E1);
#2042=CARTESIAN_POINT('',(-2.181501712169E1,6.7E0,-3.367330710994E1));
#2043=LINE('',#2042,#2041);
#2044=CURVE_STYLE('',#21,POSITIVE_LENGTH_MEASURE(2.E-2),#8);
#2045=PRESENTATION_STYLE_ASSIGNMENT((#2044));
#2046=STYLED_ITEM('',(#2045),#2043);
#2047=CARTESIAN_POINT('',(-2.20000036E1,6.7E0,-3.440013584E1));
#2048=DIRECTION('',(0.E0,-1.E0,0.E0));
#2049=DIRECTION('',(2.466486377412E-1,0.E0,9.691049734164E-1));
#2050=AXIS2_PLACEMENT_3D('',#2047,#2048,#2049);
#2052=CURVE_STYLE('',#21,POSITIVE_LENGTH_MEASURE(2.E-2),#8);
#2053=PRESENTATION_STYLE_ASSIGNMENT((#2052));
#2054=STYLED_ITEM('',(#2053),#2051);
#2055=CARTESIAN_POINT('',(-2.20000036E1,6.7E0,-3.440013584E1));
#2056=DIRECTION('',(0.E0,-1.E0,0.E0));
#2057=DIRECTION('',(0.E0,0.E0,1.E0));
#2058=AXIS2_PLACEMENT_3D('',#2055,#2056,#2057);
#2060=CURVE_STYLE('',#21,POSITIVE_LENGTH_MEASURE(2.E-2),#8);
#2061=PRESENTATION_STYLE_ASSIGNMENT((#2060));
#2062=STYLED_ITEM('',(#2061),#2059);
#2063=CARTESIAN_POINT('',(-2.20000036E1,6.7E0,-3.440013584E1));
#2064=DIRECTION('',(0.E0,-1.E0,0.E0));
#2065=DIRECTION('',(0.E0,0.E0,-1.E0));
#2066=AXIS2_PLACEMENT_3D('',#2063,#2064,#2065);
#2068=CURVE_STYLE('',#21,POSITIVE_LENGTH_MEASURE(2.E-2),#8);
#2069=PRESENTATION_STYLE_ASSIGNMENT((#2068));
#2070=STYLED_ITEM('',(#2069),#2067);
#2071=DIRECTION('',(0.E0,0.E0,1.E0));
#2072=VECTOR('',#2071,2.886660230887E0);
#2073=CARTESIAN_POINT('',(-2.181501712169E1,6.7E0,-3.801362480095E1));
#2074=LINE('',#2073,#2072);
#2075=CURVE_STYLE('',#21,POSITIVE_LENGTH_MEASURE(2.E-2),#8);
#2076=PRESENTATION_STYLE_ASSIGNMENT((#2075));
#2077=STYLED_ITEM('',(#2076),#2074);
#2078=DIRECTION('',(-1.E0,0.E0,-1.077569389472E-14));
#2079=VECTOR('',#2078,4.352000067778E1);
#2080=CARTESIAN_POINT('',(2.170498355608E1,6.7E0,-3.801362480095E1));
#2081=LINE('',#2080,#2079);
#2082=CURVE_STYLE('',#21,POSITIVE_LENGTH_MEASURE(2.E-2),#8);
#2083=PRESENTATION_STYLE_ASSIGNMENT((#2082));
#2084=STYLED_ITEM('',(#2083),#2081);
#2085=DIRECTION('',(0.E0,0.E0,-1.E0));
#2086=VECTOR('',#2085,2.923947888279E0);
#2087=CARTESIAN_POINT('',(2.170498355608E1,6.7E0,-3.508967691267E1));
#2088=LINE('',#2087,#2086);
#2089=CURVE_STYLE('',#21,POSITIVE_LENGTH_MEASURE(2.E-2),#8);
#2090=PRESENTATION_STYLE_ASSIGNMENT((#2089));
#2091=STYLED_ITEM('',(#2090),#2088);
#2092=CARTESIAN_POINT('',(2.19999973E1,6.7E0,-3.440013584E1));
#2093=DIRECTION('',(0.E0,-1.E0,0.E0));
#2094=DIRECTION('',(-3.933516585571E-1,0.E0,-9.193880968940E-1));
#2095=AXIS2_PLACEMENT_3D('',#2092,#2093,#2094);
#2097=CURVE_STYLE('',#21,POSITIVE_LENGTH_MEASURE(2.E-2),#8);
#2098=PRESENTATION_STYLE_ASSIGNMENT((#2097));
#2099=STYLED_ITEM('',(#2098),#2096);
#2100=CARTESIAN_POINT('',(2.19999973E1,6.7E0,-3.440013584E1));
#2101=DIRECTION('',(0.E0,-1.E0,0.E0));
#2102=DIRECTION('',(0.E0,0.E0,-1.E0));
#2103=AXIS2_PLACEMENT_3D('',#2100,#2101,#2102);
#2105=CURVE_STYLE('',#21,POSITIVE_LENGTH_MEASURE(2.E-2),#8);
#2106=PRESENTATION_STYLE_ASSIGNMENT((#2105));
#2107=STYLED_ITEM('',(#2106),#2104);
#2108=CARTESIAN_POINT('',(2.19999973E1,6.7E0,-3.440013584E1));
#2109=DIRECTION('',(0.E0,-1.E0,0.E0));
#2110=DIRECTION('',(0.E0,0.E0,1.E0));
#2111=AXIS2_PLACEMENT_3D('',#2108,#2109,#2110);
#2113=CURVE_STYLE('',#21,POSITIVE_LENGTH_MEASURE(2.E-2),#8);
#2114=PRESENTATION_STYLE_ASSIGNMENT((#2113));
#2115=STYLED_ITEM('',(#2114),#2112);
#2116=DIRECTION('',(0.E0,0.E0,-1.E0));
#2117=VECTOR('',#2116,3.762105484984E1);
#2118=CARTESIAN_POINT('',(2.170498355608E1,6.7E0,3.910460082506E0));
#2119=LINE('',#2118,#2117);
#2120=CURVE_STYLE('',#21,POSITIVE_LENGTH_MEASURE(2.E-2),#8);
#2121=PRESENTATION_STYLE_ASSIGNMENT((#2120));
#2122=STYLED_ITEM('',(#2121),#2119);
#2123=CARTESIAN_POINT('',(2.2E1,6.7E0,4.6E0));
#2124=DIRECTION('',(0.E0,-1.E0,0.E0));
#2125=DIRECTION('',(-3.933552585571E-1,0.E0,-9.193865566591E-1));
#2126=AXIS2_PLACEMENT_3D('',#2123,#2124,#2125);
#2128=CURVE_STYLE('',#21,POSITIVE_LENGTH_MEASURE(2.E-2),#8);
#2129=PRESENTATION_STYLE_ASSIGNMENT((#2128));
#2130=STYLED_ITEM('',(#2129),#2127);
#2131=CARTESIAN_POINT('',(2.4E1,6.7E0,-4.2E1));
#2132=DIRECTION('',(0.E0,1.E0,0.E0));
#2133=DIRECTION('',(-5.625695611244E-1,0.E0,-8.267499554861E-1));
#2134=AXIS2_PLACEMENT_3D('',#2131,#2132,#2133);
#2136=CURVE_STYLE('',#21,POSITIVE_LENGTH_MEASURE(2.E-2),#8);
#2137=PRESENTATION_STYLE_ASSIGNMENT((#2136));
#2138=STYLED_ITEM('',(#2137),#2135);
#2139=DIRECTION('',(0.E0,1.E0,0.E0));
#2140=VECTOR('',#2139,1.8E0);
#2141=CARTESIAN_POINT('',(2.326865957054E1,6.7E0,-4.307477494213E1));
#2142=LINE('',#2141,#2140);
#2143=CURVE_STYLE('',#21,POSITIVE_LENGTH_MEASURE(2.E-2),#8);
#2144=PRESENTATION_STYLE_ASSIGNMENT((#2143));
#2145=STYLED_ITEM('',(#2144),#2142);
#2146=DIRECTION('',(0.E0,1.E0,0.E0));
#2147=VECTOR('',#2146,6.7E0);
#2148=CARTESIAN_POINT('',(2.27E1,0.E0,-4.2E1));
#2149=LINE('',#2148,#2147);
#2150=CURVE_STYLE('',#21,POSITIVE_LENGTH_MEASURE(2.E-2),#8);
#2151=PRESENTATION_STYLE_ASSIGNMENT((#2150));
#2152=STYLED_ITEM('',(#2151),#2149);
#2153=CARTESIAN_POINT('',(2.4E1,6.7E0,-4.2E1));
#2154=DIRECTION('',(0.E0,1.E0,0.E0));
#2155=DIRECTION('',(-1.E0,0.E0,0.E0));
#2156=AXIS2_PLACEMENT_3D('',#2153,#2154,#2155);
#2158=CURVE_STYLE('',#21,POSITIVE_LENGTH_MEASURE(2.E-2),#8);
#2159=PRESENTATION_STYLE_ASSIGNMENT((#2158));
#2160=STYLED_ITEM('',(#2159),#2157);
#2161=DIRECTION('',(0.E0,1.E0,0.E0));
#2162=VECTOR('',#2161,8.5E0);
#2163=CARTESIAN_POINT('',(2.53E1,0.E0,-4.2E1));
#2164=LINE('',#2163,#2162);
#2165=CURVE_STYLE('',#21,POSITIVE_LENGTH_MEASURE(2.E-2),#8);
#2166=PRESENTATION_STYLE_ASSIGNMENT((#2165));
#2167=STYLED_ITEM('',(#2166),#2164);
#2168=DIRECTION('',(0.E0,1.E0,0.E0));
#2169=VECTOR('',#2168,1.8E0);
#2170=CARTESIAN_POINT('',(2.508018263360E1,6.7E0,-4.127667056049E1));
#2171=LINE('',#2170,#2169);
#2172=CURVE_STYLE('',#21,POSITIVE_LENGTH_MEASURE(2.E-2),#8);
#2173=PRESENTATION_STYLE_ASSIGNMENT((#2172));
#2174=STYLED_ITEM('',(#2173),#2171);
#2175=CARTESIAN_POINT('',(-2.4E1,6.7E0,-4.2E1));
#2176=DIRECTION('',(0.E0,1.E0,0.E0));
#2177=DIRECTION('',(-8.309097181549E-1,0.E0,5.564072611638E-1));
#2178=AXIS2_PLACEMENT_3D('',#2175,#2176,#2177);
#2180=CURVE_STYLE('',#21,POSITIVE_LENGTH_MEASURE(2.E-2),#8);
#2181=PRESENTATION_STYLE_ASSIGNMENT((#2180));
#2182=STYLED_ITEM('',(#2181),#2179);
#2183=DIRECTION('',(0.E0,1.E0,0.E0));
#2184=VECTOR('',#2183,1.8E0);
#2185=CARTESIAN_POINT('',(-2.508018263360E1,6.7E0,-4.127667056049E1));
#2186=LINE('',#2185,#2184);
#2187=CURVE_STYLE('',#21,POSITIVE_LENGTH_MEASURE(2.E-2),#8);
#2188=PRESENTATION_STYLE_ASSIGNMENT((#2187));
#2189=STYLED_ITEM('',(#2188),#2186);
#2190=DIRECTION('',(0.E0,-1.E0,0.E0));
#2191=VECTOR('',#2190,9.E0);
#2192=CARTESIAN_POINT('',(-2.53E1,8.5E0,-4.2E1));
#2193=LINE('',#2192,#2191);
#2194=CURVE_STYLE('',#21,POSITIVE_LENGTH_MEASURE(2.E-2),#8);
#2195=PRESENTATION_STYLE_ASSIGNMENT((#2194));
#2196=STYLED_ITEM('',(#2195),#2193);
#2197=DIRECTION('',(0.E0,1.E0,0.E0));
#2198=VECTOR('',#2197,7.2E0);
#2199=CARTESIAN_POINT('',(-2.27E1,-5.E-1,-4.2E1));
#2200=LINE('',#2199,#2198);
#2201=CURVE_STYLE('',#21,POSITIVE_LENGTH_MEASURE(2.E-2),#8);
#2202=PRESENTATION_STYLE_ASSIGNMENT((#2201));
#2203=STYLED_ITEM('',(#2202),#2200);
#2204=DIRECTION('',(0.E0,-1.E0,0.E0));
#2205=VECTOR('',#2204,1.E0);
#2206=CARTESIAN_POINT('',(2.2E1,6.7E0,3.85E0));
#2207=LINE('',#2206,#2205);
#2208=CURVE_STYLE('',#21,POSITIVE_LENGTH_MEASURE(2.E-2),#8);
#2209=PRESENTATION_STYLE_ASSIGNMENT((#2208));
#2210=STYLED_ITEM('',(#2209),#2207);
#2211=DIRECTION('',(0.E0,-1.E0,0.E0));
#2212=VECTOR('',#2211,1.E0);
#2213=CARTESIAN_POINT('',(2.2E1,6.7E0,5.35E0));
#2214=LINE('',#2213,#2212);
#2215=CURVE_STYLE('',#21,POSITIVE_LENGTH_MEASURE(2.E-2),#8);
#2216=PRESENTATION_STYLE_ASSIGNMENT((#2215));
#2217=STYLED_ITEM('',(#2216),#2214);
#2218=CARTESIAN_POINT('',(2.2E1,5.7E0,4.6E0));
#2219=DIRECTION('',(0.E0,-1.E0,0.E0));
#2220=DIRECTION('',(0.E0,0.E0,-1.E0));
#2221=AXIS2_PLACEMENT_3D('',#2218,#2219,#2220);
#2223=CURVE_STYLE('',#21,POSITIVE_LENGTH_MEASURE(2.E-2),#8);
#2224=PRESENTATION_STYLE_ASSIGNMENT((#2223));
#2225=STYLED_ITEM('',(#2224),#2222);
#2226=CARTESIAN_POINT('',(2.2E1,5.7E0,4.6E0));
#2227=DIRECTION('',(0.E0,-1.E0,0.E0));
#2228=DIRECTION('',(0.E0,0.E0,1.E0));
#2229=AXIS2_PLACEMENT_3D('',#2226,#2227,#2228);
#2231=CURVE_STYLE('',#21,POSITIVE_LENGTH_MEASURE(2.E-2),#8);
#2232=PRESENTATION_STYLE_ASSIGNMENT((#2231));
#2233=STYLED_ITEM('',(#2232),#2230);
#2234=CARTESIAN_POINT('',(2.19999973E1,5.7E0,-3.440013584E1));
#2235=DIRECTION('',(0.E0,-1.E0,0.E0));
#2236=DIRECTION('',(0.E0,0.E0,-1.E0));
#2237=AXIS2_PLACEMENT_3D('',#2234,#2235,#2236);
#2239=CURVE_STYLE('',#21,POSITIVE_LENGTH_MEASURE(2.E-2),#8);
#2240=PRESENTATION_STYLE_ASSIGNMENT((#2239));
#2241=STYLED_ITEM('',(#2240),#2238);
#2242=CARTESIAN_POINT('',(2.19999973E1,5.7E0,-3.440013584E1));
#2243=DIRECTION('',(0.E0,-1.E0,0.E0));
#2244=DIRECTION('',(0.E0,0.E0,1.E0));
#2245=AXIS2_PLACEMENT_3D('',#2242,#2243,#2244);
#2247=CURVE_STYLE('',#21,POSITIVE_LENGTH_MEASURE(2.E-2),#8);
#2248=PRESENTATION_STYLE_ASSIGNMENT((#2247));
#2249=STYLED_ITEM('',(#2248),#2246);
#2250=CARTESIAN_POINT('',(-2.20000036E1,5.7E0,-3.440013584E1));
#2251=DIRECTION('',(0.E0,-1.E0,0.E0));
#2252=DIRECTION('',(0.E0,0.E0,-1.E0));
#2253=AXIS2_PLACEMENT_3D('',#2250,#2251,#2252);
#2255=CURVE_STYLE('',#21,POSITIVE_LENGTH_MEASURE(2.E-2),#8);
#2256=PRESENTATION_STYLE_ASSIGNMENT((#2255));
#2257=STYLED_ITEM('',(#2256),#2254);
#2258=CARTESIAN_POINT('',(-2.20000036E1,5.7E0,-3.440013584E1));
#2259=DIRECTION('',(0.E0,-1.E0,0.E0));
#2260=DIRECTION('',(0.E0,0.E0,1.E0));
#2261=AXIS2_PLACEMENT_3D('',#2258,#2259,#2260);
#2263=CURVE_STYLE('',#21,POSITIVE_LENGTH_MEASURE(2.E-2),#8);
#2264=PRESENTATION_STYLE_ASSIGNMENT((#2263));
#2265=STYLED_ITEM('',(#2264),#2262);
#2266=CARTESIAN_POINT('',(-2.199999852E1,5.7E0,4.5998649E0));
#2267=DIRECTION('',(0.E0,-1.E0,0.E0));
#2268=DIRECTION('',(0.E0,0.E0,-1.E0));
#2269=AXIS2_PLACEMENT_3D('',#2266,#2267,#2268);
#2271=CURVE_STYLE('',#21,POSITIVE_LENGTH_MEASURE(2.E-2),#8);
#2272=PRESENTATION_STYLE_ASSIGNMENT((#2271));
#2273=STYLED_ITEM('',(#2272),#2270);
#2274=CARTESIAN_POINT('',(-2.199999852E1,5.7E0,4.5998649E0));
#2275=DIRECTION('',(0.E0,-1.E0,0.E0));
#2276=DIRECTION('',(0.E0,0.E0,1.E0));
#2277=AXIS2_PLACEMENT_3D('',#2274,#2275,#2276);
#2279=CURVE_STYLE('',#21,POSITIVE_LENGTH_MEASURE(2.E-2),#8);
#2280=PRESENTATION_STYLE_ASSIGNMENT((#2279));
#2281=STYLED_ITEM('',(#2280),#2278);
#2282=DIRECTION('',(0.E0,-1.E0,0.E0));
#2283=VECTOR('',#2282,1.E0);
#2284=CARTESIAN_POINT('',(2.19999973E1,6.7E0,-3.515013584E1));
#2285=LINE('',#2284,#2283);
#2286=CURVE_STYLE('',#21,POSITIVE_LENGTH_MEASURE(2.E-2),#8);
#2287=PRESENTATION_STYLE_ASSIGNMENT((#2286));
#2288=STYLED_ITEM('',(#2287),#2285);
#2289=DIRECTION('',(0.E0,-1.E0,0.E0));
#2290=VECTOR('',#2289,1.E0);
#2291=CARTESIAN_POINT('',(2.19999973E1,6.7E0,-3.365013584E1));
#2292=LINE('',#2291,#2290);
#2293=CURVE_STYLE('',#21,POSITIVE_LENGTH_MEASURE(2.E-2),#8);
#2294=PRESENTATION_STYLE_ASSIGNMENT((#2293));
#2295=STYLED_ITEM('',(#2294),#2292);
#2296=CARTESIAN_POINT('',(2.2E1,6.7E0,4.6E0));
#2297=DIRECTION('',(0.E0,-1.E0,0.E0));
#2298=DIRECTION('',(-3.933552585571E-1,0.E0,9.193865566591E-1));
#2299=AXIS2_PLACEMENT_3D('',#2296,#2297,#2298);
#2301=CURVE_STYLE('',#21,POSITIVE_LENGTH_MEASURE(2.E-2),#8);
#2302=PRESENTATION_STYLE_ASSIGNMENT((#2301));
#2303=STYLED_ITEM('',(#2302),#2300);
#2304=CARTESIAN_POINT('',(2.19999973E1,6.7E0,-3.440013584E1));
#2305=DIRECTION('',(0.E0,-1.E0,0.E0));
#2306=DIRECTION('',(-3.933516585571E-1,0.E0,9.193880968940E-1));
#2307=AXIS2_PLACEMENT_3D('',#2304,#2305,#2306);
#2309=CURVE_STYLE('',#21,POSITIVE_LENGTH_MEASURE(2.E-2),#8);
#2310=PRESENTATION_STYLE_ASSIGNMENT((#2309));
#2311=STYLED_ITEM('',(#2310),#2308);
#2312=CARTESIAN_POINT('',(-2.199999852E1,6.7E0,4.5998649E0));
#2313=DIRECTION('',(0.E0,-1.E0,0.E0));
#2314=DIRECTION('',(2.466418644079E-1,0.E0,-9.691066972844E-1));
#2315=AXIS2_PLACEMENT_3D('',#2312,#2313,#2314);
#2317=CURVE_STYLE('',#21,POSITIVE_LENGTH_MEASURE(2.E-2),#8);
#2318=PRESENTATION_STYLE_ASSIGNMENT((#2317));
#2319=STYLED_ITEM('',(#2318),#2316);
#2320=CARTESIAN_POINT('',(-2.20000036E1,6.7E0,-3.440013584E1));
#2321=DIRECTION('',(0.E0,-1.E0,0.E0));
#2322=DIRECTION('',(2.466486377412E-1,0.E0,-9.691049734164E-1));
#2323=AXIS2_PLACEMENT_3D('',#2320,#2321,#2322);
#2325=CURVE_STYLE('',#21,POSITIVE_LENGTH_MEASURE(2.E-2),#8);
#2326=PRESENTATION_STYLE_ASSIGNMENT((#2325));
#2327=STYLED_ITEM('',(#2326),#2324);
#2328=DIRECTION('',(0.E0,0.E0,-1.E0));
#2329=VECTOR('',#2328,1.379079834989E0);
#2330=CARTESIAN_POINT('',(2.170498355608E1,6.7E0,5.289539917494E0));
#2331=LINE('',#2330,#2329);
#2332=CURVE_STYLE('',#21,POSITIVE_LENGTH_MEASURE(2.E-2),#8);
#2333=PRESENTATION_STYLE_ASSIGNMENT((#2332));
#2334=STYLED_ITEM('',(#2333),#2331);
#2335=DIRECTION('',(0.E0,0.E0,-1.E0));
#2336=VECTOR('',#2335,1.379082145341E0);
#2337=CARTESIAN_POINT('',(2.170498355608E1,6.7E0,-3.371059476733E1));
#2338=LINE('',#2337,#2336);
#2339=CURVE_STYLE('',#21,POSITIVE_LENGTH_MEASURE(2.E-2),#8);
#2340=PRESENTATION_STYLE_ASSIGNMENT((#2339));
#2341=STYLED_ITEM('',(#2340),#2338);
#2342=DIRECTION('',(0.E0,-1.E0,0.E0));
#2343=VECTOR('',#2342,2.5E0);
#2344=CARTESIAN_POINT('',(2.170498355608E1,9.2E0,-3.801362480095E1));
#2345=LINE('',#2344,#2343);
#2346=CURVE_STYLE('',#21,POSITIVE_LENGTH_MEASURE(2.E-2),#8);
#2347=PRESENTATION_STYLE_ASSIGNMENT((#2346));
#2348=STYLED_ITEM('',(#2347),#2345);
#2349=DIRECTION('',(0.E0,0.E0,-1.E0));
#2350=VECTOR('',#2349,1.453660045927E0);
#2351=CARTESIAN_POINT('',(-2.181501712169E1,6.7E0,5.326694922963E0));
#2352=LINE('',#2351,#2350);
#2353=CURVE_STYLE('',#21,POSITIVE_LENGTH_MEASURE(2.E-2),#8);
#2354=PRESENTATION_STYLE_ASSIGNMENT((#2353));
#2355=STYLED_ITEM('',(#2354),#2352);
#2356=DIRECTION('',(0.E0,-1.E0,0.E0));
#2357=VECTOR('',#2356,2.5E0);
#2358=CARTESIAN_POINT('',(-2.181501712169E1,9.2E0,-3.801362480095E1));
#2359=LINE('',#2358,#2357);
#2360=CURVE_STYLE('',#21,POSITIVE_LENGTH_MEASURE(2.E-2),#8);
#2361=PRESENTATION_STYLE_ASSIGNMENT((#2360));
#2362=STYLED_ITEM('',(#2361),#2359);
#2363=DIRECTION('',(0.E0,0.E0,-1.E0));
#2364=VECTOR('',#2363,1.453657460125E0);
#2365=CARTESIAN_POINT('',(-2.181501712169E1,6.7E0,-3.367330710994E1));
#2366=LINE('',#2365,#2364);
#2367=CURVE_STYLE('',#21,POSITIVE_LENGTH_MEASURE(2.E-2),#8);
#2368=PRESENTATION_STYLE_ASSIGNMENT((#2367));
#2369=STYLED_ITEM('',(#2368),#2366);
#2370=DIRECTION('',(0.E0,-1.E0,0.E0));
#2371=VECTOR('',#2370,2.5E0);
#2372=CARTESIAN_POINT('',(-2.181501712169E1,9.2E0,2.267317674296E1));
#2373=LINE('',#2372,#2371);
#2374=CURVE_STYLE('',#21,POSITIVE_LENGTH_MEASURE(2.E-2),#8);
#2375=PRESENTATION_STYLE_ASSIGNMENT((#2374));
#2376=STYLED_ITEM('',(#2375),#2373);
#2377=DIRECTION('',(0.E0,1.E0,0.E0));
#2378=VECTOR('',#2377,2.5E0);
#2379=CARTESIAN_POINT('',(2.170498355608E1,6.7E0,2.267317674296E1));
#2380=LINE('',#2379,#2378);
#2381=CURVE_STYLE('',#21,POSITIVE_LENGTH_MEASURE(2.E-2),#8);
#2382=PRESENTATION_STYLE_ASSIGNMENT((#2381));
#2383=STYLED_ITEM('',(#2382),#2380);
#2384=DIRECTION('',(0.E0,-1.E0,0.E0));
#2385=VECTOR('',#2384,2.5E0);
#2386=CARTESIAN_POINT('',(-6.E0,9.2E0,2.267317674296E1));
#2387=LINE('',#2386,#2385);
#2388=CURVE_STYLE('',#21,POSITIVE_LENGTH_MEASURE(2.E-2),#8);
#2389=PRESENTATION_STYLE_ASSIGNMENT((#2388));
#2390=STYLED_ITEM('',(#2389),#2387);
#2391=DIRECTION('',(-1.E0,0.E0,0.E0));
#2392=VECTOR('',#2391,2.5E1);
#2393=CARTESIAN_POINT('',(1.9E1,8.E0,2.467317674296E1));
#2394=LINE('',#2393,#2392);
#2395=CURVE_STYLE('',#21,POSITIVE_LENGTH_MEASURE(2.E-2),#8);
#2396=PRESENTATION_STYLE_ASSIGNMENT((#2395));
#2397=STYLED_ITEM('',(#2396),#2394);
#2398=DIRECTION('',(0.E0,0.E0,1.E0));
#2399=VECTOR('',#2398,3.156823240041E0);
#2400=CARTESIAN_POINT('',(-6.E0,8.E0,2.467317674296E1));
#2401=LINE('',#2400,#2399);
#2402=CURVE_STYLE('',#21,POSITIVE_LENGTH_MEASURE(2.E-2),#8);
#2403=PRESENTATION_STYLE_ASSIGNMENT((#2402));
#2404=STYLED_ITEM('',(#2403),#2401);
#2405=DIRECTION('',(0.E0,0.E0,-1.E0));
#2406=VECTOR('',#2405,3.156823240041E0);
#2407=CARTESIAN_POINT('',(1.9E1,8.E0,2.782999998300E1));
#2408=LINE('',#2407,#2406);
#2409=CURVE_STYLE('',#21,POSITIVE_LENGTH_MEASURE(2.E-2),#8);
#2410=PRESENTATION_STYLE_ASSIGNMENT((#2409));
#2411=STYLED_ITEM('',(#2410),#2408);
#2412=DIRECTION('',(0.E0,-1.E0,0.E0));
#2413=VECTOR('',#2412,1.2E0);
#2414=CARTESIAN_POINT('',(-6.E0,9.2E0,2.467317674296E1));
#2415=LINE('',#2414,#2413);
#2416=CURVE_STYLE('',#21,POSITIVE_LENGTH_MEASURE(2.E-2),#8);
#2417=PRESENTATION_STYLE_ASSIGNMENT((#2416));
#2418=STYLED_ITEM('',(#2417),#2415);
#2419=DIRECTION('',(0.E0,1.E0,0.E0));
#2420=VECTOR('',#2419,2.5E0);
#2421=CARTESIAN_POINT('',(1.9E1,6.7E0,2.267317674296E1));
#2422=LINE('',#2421,#2420);
#2423=CURVE_STYLE('',#21,POSITIVE_LENGTH_MEASURE(2.E-2),#8);
#2424=PRESENTATION_STYLE_ASSIGNMENT((#2423));
#2425=STYLED_ITEM('',(#2424),#2422);
#2426=DIRECTION('',(0.E0,1.E0,0.E0));
#2427=VECTOR('',#2426,1.2E0);
#2428=CARTESIAN_POINT('',(1.9E1,8.E0,2.467317674296E1));
#2429=LINE('',#2428,#2427);
#2430=CURVE_STYLE('',#21,POSITIVE_LENGTH_MEASURE(2.E-2),#8);
#2431=PRESENTATION_STYLE_ASSIGNMENT((#2430));
#2432=STYLED_ITEM('',(#2431),#2429);
#2433=DIRECTION('',(-1.E0,0.E0,0.E0));
#2434=VECTOR('',#2433,4.531999998817E1);
#2435=CARTESIAN_POINT('',(2.265999999408E1,9.2E0,-4.18E1));
#2436=LINE('',#2435,#2434);
#2437=CURVE_STYLE('',#21,POSITIVE_LENGTH_MEASURE(2.E-2),#8);
#2438=PRESENTATION_STYLE_ASSIGNMENT((#2437));
#2439=STYLED_ITEM('',(#2438),#2436);
#2440=CARTESIAN_POINT('',(2.265999999408E1,9.2E0,-4.065E1));
#2441=DIRECTION('',(0.E0,1.E0,0.E0));
#2442=DIRECTION('',(1.E0,0.E0,0.E0));
#2443=AXIS2_PLACEMENT_3D('',#2440,#2441,#2442);
#2445=CURVE_STYLE('',#21,POSITIVE_LENGTH_MEASURE(2.E-2),#8);
#2446=PRESENTATION_STYLE_ASSIGNMENT((#2445));
#2447=STYLED_ITEM('',(#2446),#2444);
#2448=DIRECTION('',(0.E0,0.E0,-1.E0));
#2449=VECTOR('',#2448,6.597999998300E1);
#2450=CARTESIAN_POINT('',(2.380999999408E1,9.2E0,2.532999998300E1));
#2451=LINE('',#2450,#2449);
#2452=CURVE_STYLE('',#21,POSITIVE_LENGTH_MEASURE(2.E-2),#8);
#2453=PRESENTATION_STYLE_ASSIGNMENT((#2452));
#2454=STYLED_ITEM('',(#2453),#2451);
#2455=CARTESIAN_POINT('',(2.265999999408E1,9.2E0,2.532999998300E1));
#2456=DIRECTION('',(0.E0,1.E0,0.E0));
#2457=DIRECTION('',(0.E0,0.E0,1.E0));
#2458=AXIS2_PLACEMENT_3D('',#2455,#2456,#2457);
#2460=CURVE_STYLE('',#21,POSITIVE_LENGTH_MEASURE(2.E-2),#8);
#2461=PRESENTATION_STYLE_ASSIGNMENT((#2460));
#2462=STYLED_ITEM('',(#2461),#2459);
#2463=DIRECTION('',(1.E0,0.E0,0.E0));
#2464=VECTOR('',#2463,4.531999998817E1);
#2465=CARTESIAN_POINT('',(-2.265999999408E1,9.2E0,2.647999998300E1));
#2466=LINE('',#2465,#2464);
#2467=CURVE_STYLE('',#21,POSITIVE_LENGTH_MEASURE(2.E-2),#8);
#2468=PRESENTATION_STYLE_ASSIGNMENT((#2467));
#2469=STYLED_ITEM('',(#2468),#2466);
#2470=CARTESIAN_POINT('',(-2.265999999408E1,9.2E0,2.532999998300E1));
#2471=DIRECTION('',(0.E0,1.E0,0.E0));
#2472=DIRECTION('',(-1.E0,0.E0,0.E0));
#2473=AXIS2_PLACEMENT_3D('',#2470,#2471,#2472);
#2475=CURVE_STYLE('',#21,POSITIVE_LENGTH_MEASURE(2.E-2),#8);
#2476=PRESENTATION_STYLE_ASSIGNMENT((#2475));
#2477=STYLED_ITEM('',(#2476),#2474);
#2478=DIRECTION('',(0.E0,0.E0,1.E0));
#2479=VECTOR('',#2478,6.597999998300E1);
#2480=CARTESIAN_POINT('',(-2.380999999408E1,9.2E0,-4.065E1));
#2481=LINE('',#2480,#2479);
#2482=CURVE_STYLE('',#21,POSITIVE_LENGTH_MEASURE(2.E-2),#8);
#2483=PRESENTATION_STYLE_ASSIGNMENT((#2482));
#2484=STYLED_ITEM('',(#2483),#2481);
#2485=CARTESIAN_POINT('',(-2.265999999408E1,9.2E0,-4.065E1));
#2486=DIRECTION('',(0.E0,1.E0,0.E0));
#2487=DIRECTION('',(0.E0,0.E0,-1.E0));
#2488=AXIS2_PLACEMENT_3D('',#2485,#2486,#2487);
#2490=CURVE_STYLE('',#21,POSITIVE_LENGTH_MEASURE(2.E-2),#8);
#2491=PRESENTATION_STYLE_ASSIGNMENT((#2490));
#2492=STYLED_ITEM('',(#2491),#2489);
#2493=DIRECTION('',(0.E0,0.E0,1.E0));
#2494=VECTOR('',#2493,2.E0);
#2495=CARTESIAN_POINT('',(-6.E0,9.2E0,2.267317674296E1));
#2496=LINE('',#2495,#2494);
#2497=CURVE_STYLE('',#21,POSITIVE_LENGTH_MEASURE(2.E-2),#8);
#2498=PRESENTATION_STYLE_ASSIGNMENT((#2497));
#2499=STYLED_ITEM('',(#2498),#2496);
#2500=DIRECTION('',(1.E0,0.E0,0.E0));
#2501=VECTOR('',#2500,2.5E1);
#2502=CARTESIAN_POINT('',(-6.E0,9.2E0,2.467317674296E1));
#2503=LINE('',#2502,#2501);
#2504=CURVE_STYLE('',#21,POSITIVE_LENGTH_MEASURE(2.E-2),#8);
#2505=PRESENTATION_STYLE_ASSIGNMENT((#2504));
#2506=STYLED_ITEM('',(#2505),#2503);
#2507=DIRECTION('',(0.E0,0.E0,-1.E0));
#2508=VECTOR('',#2507,2.E0);
#2509=CARTESIAN_POINT('',(1.9E1,9.2E0,2.467317674296E1));
#2510=LINE('',#2509,#2508);
#2511=CURVE_STYLE('',#21,POSITIVE_LENGTH_MEASURE(2.E-2),#8);
#2512=PRESENTATION_STYLE_ASSIGNMENT((#2511));
#2513=STYLED_ITEM('',(#2512),#2510);
#2514=DIRECTION('',(-1.E0,0.E0,0.E0));
#2515=VECTOR('',#2514,2.704983556082E0);
#2516=CARTESIAN_POINT('',(2.170498355608E1,9.2E0,2.267317674296E1));
#2517=LINE('',#2516,#2515);
#2518=CURVE_STYLE('',#21,POSITIVE_LENGTH_MEASURE(2.E-2),#8);
#2519=PRESENTATION_STYLE_ASSIGNMENT((#2518));
#2520=STYLED_ITEM('',(#2519),#2517);
#2521=DIRECTION('',(0.E0,0.E0,1.E0));
#2522=VECTOR('',#2521,6.068680154391E1);
#2523=CARTESIAN_POINT('',(2.170498355608E1,9.2E0,-3.801362480095E1));
#2524=LINE('',#2523,#2522);
#2525=CURVE_STYLE('',#21,POSITIVE_LENGTH_MEASURE(2.E-2),#8);
#2526=PRESENTATION_STYLE_ASSIGNMENT((#2525));
#2527=STYLED_ITEM('',(#2526),#2524);
#2528=DIRECTION('',(1.E0,0.E0,1.077569389472E-14));
#2529=VECTOR('',#2528,4.352000067778E1);
#2530=CARTESIAN_POINT('',(-2.181501712169E1,9.2E0,-3.801362480095E1));
#2531=LINE('',#2530,#2529);
#2532=CURVE_STYLE('',#21,POSITIVE_LENGTH_MEASURE(2.E-2),#8);
#2533=PRESENTATION_STYLE_ASSIGNMENT((#2532));
#2534=STYLED_ITEM('',(#2533),#2531);
#2535=DIRECTION('',(0.E0,0.E0,-1.E0));
#2536=VECTOR('',#2535,6.068680154391E1);
#2537=CARTESIAN_POINT('',(-2.181501712169E1,9.2E0,2.267317674296E1));
#2538=LINE('',#2537,#2536);
#2539=CURVE_STYLE('',#21,POSITIVE_LENGTH_MEASURE(2.E-2),#8);
#2540=PRESENTATION_STYLE_ASSIGNMENT((#2539));
#2541=STYLED_ITEM('',(#2540),#2538);
#2542=DIRECTION('',(-1.E0,0.E0,0.E0));
#2543=VECTOR('',#2542,1.581501712169E1);
#2544=CARTESIAN_POINT('',(-6.E0,9.2E0,2.267317674296E1));
#2545=LINE('',#2544,#2543);
#2546=CURVE_STYLE('',#21,POSITIVE_LENGTH_MEASURE(2.E-2),#8);
#2547=PRESENTATION_STYLE_ASSIGNMENT((#2546));
#2548=STYLED_ITEM('',(#2547),#2545);
#2549=DIRECTION('',(0.E0,-1.E0,0.E0));
#2550=VECTOR('',#2549,1.3E0);
#2551=CARTESIAN_POINT('',(2.265999999408E1,1.05E1,-4.18E1));
#2552=LINE('',#2551,#2550);
#2553=CURVE_STYLE('',#21,POSITIVE_LENGTH_MEASURE(2.E-2),#8);
#2554=PRESENTATION_STYLE_ASSIGNMENT((#2553));
#2555=STYLED_ITEM('',(#2554),#2552);
#2556=CARTESIAN_POINT('',(2.7E1,1.05E1,-4.5E1));
#2557=DIRECTION('',(0.E0,1.E0,0.E0));
#2558=DIRECTION('',(1.E0,0.E0,0.E0));
#2559=AXIS2_PLACEMENT_3D('',#2556,#2557,#2558);
#2561=CURVE_STYLE('',#21,POSITIVE_LENGTH_MEASURE(2.E-2),#8);
#2562=PRESENTATION_STYLE_ASSIGNMENT((#2561));
#2563=STYLED_ITEM('',(#2562),#2560);
#2564=DIRECTION('',(0.E0,0.E0,-1.E0));
#2565=VECTOR('',#2564,9.E1);
#2566=CARTESIAN_POINT('',(2.89E1,1.05E1,4.5E1));
#2567=LINE('',#2566,#2565);
#2568=CURVE_STYLE('',#21,POSITIVE_LENGTH_MEASURE(2.E-2),#8);
#2569=PRESENTATION_STYLE_ASSIGNMENT((#2568));
#2570=STYLED_ITEM('',(#2569),#2567);
#2571=CARTESIAN_POINT('',(2.7E1,1.05E1,4.5E1));
#2572=DIRECTION('',(0.E0,1.E0,0.E0));
#2573=DIRECTION('',(0.E0,0.E0,1.E0));
#2574=AXIS2_PLACEMENT_3D('',#2571,#2572,#2573);
#2576=CURVE_STYLE('',#21,POSITIVE_LENGTH_MEASURE(2.E-2),#8);
#2577=PRESENTATION_STYLE_ASSIGNMENT((#2576));
#2578=STYLED_ITEM('',(#2577),#2575);
#2579=DIRECTION('',(1.E0,0.E0,0.E0));
#2580=VECTOR('',#2579,5.4E1);
#2581=CARTESIAN_POINT('',(-2.7E1,1.05E1,4.69E1));
#2582=LINE('',#2581,#2580);
#2583=CURVE_STYLE('',#21,POSITIVE_LENGTH_MEASURE(2.E-2),#8);
#2584=PRESENTATION_STYLE_ASSIGNMENT((#2583));
#2585=STYLED_ITEM('',(#2584),#2582);
#2586=CARTESIAN_POINT('',(-2.7E1,1.05E1,4.5E1));
#2587=DIRECTION('',(0.E0,1.E0,0.E0));
#2588=DIRECTION('',(-1.E0,0.E0,0.E0));
#2589=AXIS2_PLACEMENT_3D('',#2586,#2587,#2588);
#2591=CURVE_STYLE('',#21,POSITIVE_LENGTH_MEASURE(2.E-2),#8);
#2592=PRESENTATION_STYLE_ASSIGNMENT((#2591));
#2593=STYLED_ITEM('',(#2592),#2590);
#2594=DIRECTION('',(0.E0,0.E0,1.E0));
#2595=VECTOR('',#2594,9.E1);
#2596=CARTESIAN_POINT('',(-2.89E1,1.05E1,-4.5E1));
#2597=LINE('',#2596,#2595);
#2598=CURVE_STYLE('',#21,POSITIVE_LENGTH_MEASURE(2.E-2),#8);
#2599=PRESENTATION_STYLE_ASSIGNMENT((#2598));
#2600=STYLED_ITEM('',(#2599),#2597);
#2601=CARTESIAN_POINT('',(-2.7E1,1.05E1,-4.5E1));
#2602=DIRECTION('',(0.E0,1.E0,0.E0));
#2603=DIRECTION('',(0.E0,0.E0,-1.E0));
#2604=AXIS2_PLACEMENT_3D('',#2601,#2602,#2603);
#2606=CURVE_STYLE('',#21,POSITIVE_LENGTH_MEASURE(2.E-2),#8);
#2607=PRESENTATION_STYLE_ASSIGNMENT((#2606));
#2608=STYLED_ITEM('',(#2607),#2605);
#2609=DIRECTION('',(-1.E0,0.E0,0.E0));
#2610=VECTOR('',#2609,5.4E1);
#2611=CARTESIAN_POINT('',(2.7E1,1.05E1,-4.69E1));
#2612=LINE('',#2611,#2610);
#2613=CURVE_STYLE('',#21,POSITIVE_LENGTH_MEASURE(2.E-2),#8);
#2614=PRESENTATION_STYLE_ASSIGNMENT((#2613));
#2615=STYLED_ITEM('',(#2614),#2612);
#2616=DIRECTION('',(-1.E0,0.E0,0.E0));
#2617=VECTOR('',#2616,4.531999998817E1);
#2618=CARTESIAN_POINT('',(2.265999999408E1,1.05E1,-4.18E1));
#2619=LINE('',#2618,#2617);
#2620=CURVE_STYLE('',#21,POSITIVE_LENGTH_MEASURE(2.E-2),#8);
#2621=PRESENTATION_STYLE_ASSIGNMENT((#2620));
#2622=STYLED_ITEM('',(#2621),#2619);
#2623=CARTESIAN_POINT('',(-2.265999999408E1,1.05E1,-4.065E1));
#2624=DIRECTION('',(0.E0,1.E0,0.E0));
#2625=DIRECTION('',(0.E0,0.E0,-1.E0));
#2626=AXIS2_PLACEMENT_3D('',#2623,#2624,#2625);
#2628=CURVE_STYLE('',#21,POSITIVE_LENGTH_MEASURE(2.E-2),#8);
#2629=PRESENTATION_STYLE_ASSIGNMENT((#2628));
#2630=STYLED_ITEM('',(#2629),#2627);
#2631=DIRECTION('',(0.E0,0.E0,1.E0));
#2632=VECTOR('',#2631,6.597999998300E1);
#2633=CARTESIAN_POINT('',(-2.380999999408E1,1.05E1,-4.065E1));
#2634=LINE('',#2633,#2632);
#2635=CURVE_STYLE('',#21,POSITIVE_LENGTH_MEASURE(2.E-2),#8);
#2636=PRESENTATION_STYLE_ASSIGNMENT((#2635));
#2637=STYLED_ITEM('',(#2636),#2634);
#2638=CARTESIAN_POINT('',(-2.265999999408E1,1.05E1,2.532999998300E1));
#2639=DIRECTION('',(0.E0,1.E0,0.E0));
#2640=DIRECTION('',(-1.E0,0.E0,0.E0));
#2641=AXIS2_PLACEMENT_3D('',#2638,#2639,#2640);
#2643=CURVE_STYLE('',#21,POSITIVE_LENGTH_MEASURE(2.E-2),#8);
#2644=PRESENTATION_STYLE_ASSIGNMENT((#2643));
#2645=STYLED_ITEM('',(#2644),#2642);
#2646=DIRECTION('',(1.E0,0.E0,0.E0));
#2647=VECTOR('',#2646,4.531999998817E1);
#2648=CARTESIAN_POINT('',(-2.265999999408E1,1.05E1,2.647999998300E1));
#2649=LINE('',#2648,#2647);
#2650=CURVE_STYLE('',#21,POSITIVE_LENGTH_MEASURE(2.E-2),#8);
#2651=PRESENTATION_STYLE_ASSIGNMENT((#2650));
#2652=STYLED_ITEM('',(#2651),#2649);
#2653=CARTESIAN_POINT('',(2.265999999408E1,1.05E1,2.532999998300E1));
#2654=DIRECTION('',(0.E0,1.E0,0.E0));
#2655=DIRECTION('',(0.E0,0.E0,1.E0));
#2656=AXIS2_PLACEMENT_3D('',#2653,#2654,#2655);
#2658=CURVE_STYLE('',#21,POSITIVE_LENGTH_MEASURE(2.E-2),#8);
#2659=PRESENTATION_STYLE_ASSIGNMENT((#2658));
#2660=STYLED_ITEM('',(#2659),#2657);
#2661=DIRECTION('',(0.E0,0.E0,-1.E0));
#2662=VECTOR('',#2661,6.597999998300E1);
#2663=CARTESIAN_POINT('',(2.380999999408E1,1.05E1,2.532999998300E1));
#2664=LINE('',#2663,#2662);
#2665=CURVE_STYLE('',#21,POSITIVE_LENGTH_MEASURE(2.E-2),#8);
#2666=PRESENTATION_STYLE_ASSIGNMENT((#2665));
#2667=STYLED_ITEM('',(#2666),#2664);
#2668=CARTESIAN_POINT('',(2.265999999408E1,1.05E1,-4.065E1));
#2669=DIRECTION('',(0.E0,1.E0,0.E0));
#2670=DIRECTION('',(1.E0,0.E0,0.E0));
#2671=AXIS2_PLACEMENT_3D('',#2668,#2669,#2670);
#2673=CURVE_STYLE('',#21,POSITIVE_LENGTH_MEASURE(2.E-2),#8);
#2674=PRESENTATION_STYLE_ASSIGNMENT((#2673));
#2675=STYLED_ITEM('',(#2674),#2672);
#2676=CARTESIAN_POINT('',(-1.76E1,1.05E1,4.14E1));
#2677=DIRECTION('',(0.E0,1.E0,0.E0));
#2678=DIRECTION('',(0.E0,0.E0,1.E0));
#2679=AXIS2_PLACEMENT_3D('',#2676,#2677,#2678);
#2681=CURVE_STYLE('',#21,POSITIVE_LENGTH_MEASURE(2.E-2),#8);
#2682=PRESENTATION_STYLE_ASSIGNMENT((#2681));
#2683=STYLED_ITEM('',(#2682),#2680);
#2684=CARTESIAN_POINT('',(-1.76E1,1.05E1,4.14E1));
#2685=DIRECTION('',(0.E0,1.E0,0.E0));
#2686=DIRECTION('',(0.E0,0.E0,-1.E0));
#2687=AXIS2_PLACEMENT_3D('',#2684,#2685,#2686);
#2689=CURVE_STYLE('',#21,POSITIVE_LENGTH_MEASURE(2.E-2),#8);
#2690=PRESENTATION_STYLE_ASSIGNMENT((#2689));
#2691=STYLED_ITEM('',(#2690),#2688);
#2692=CARTESIAN_POINT('',(2.89E1,9.9E0,-4.5E1));
#2693=DIRECTION('',(0.E0,0.E0,-1.E0));
#2694=DIRECTION('',(0.E0,1.E0,0.E0));
#2695=AXIS2_PLACEMENT_3D('',#2692,#2693,#2694);
#2697=CURVE_STYLE('',#21,POSITIVE_LENGTH_MEASURE(2.E-2),#8);
#2698=PRESENTATION_STYLE_ASSIGNMENT((#2697));
#2699=STYLED_ITEM('',(#2698),#2696);
#2700=CARTESIAN_POINT('',(2.7E1,9.9E0,-4.69E1));
#2701=DIRECTION('',(-1.E0,0.E0,0.E0));
#2702=DIRECTION('',(0.E0,1.E0,0.E0));
#2703=AXIS2_PLACEMENT_3D('',#2700,#2701,#2702);
#2705=CURVE_STYLE('',#21,POSITIVE_LENGTH_MEASURE(2.E-2),#8);
#2706=PRESENTATION_STYLE_ASSIGNMENT((#2705));
#2707=STYLED_ITEM('',(#2706),#2704);
#2708=CARTESIAN_POINT('',(-2.7E1,9.9E0,-4.69E1));
#2709=DIRECTION('',(-1.E0,0.E0,0.E0));
#2710=DIRECTION('',(0.E0,1.E0,1.184237892934E-14));
#2711=AXIS2_PLACEMENT_3D('',#2708,#2709,#2710);
#2713=CURVE_STYLE('',#21,POSITIVE_LENGTH_MEASURE(2.E-2),#8);
#2714=PRESENTATION_STYLE_ASSIGNMENT((#2713));
#2715=STYLED_ITEM('',(#2714),#2712);
#2716=CARTESIAN_POINT('',(-2.89E1,9.9E0,-4.5E1));
#2717=DIRECTION('',(0.E0,0.E0,1.E0));
#2718=DIRECTION('',(0.E0,1.E0,0.E0));
#2719=AXIS2_PLACEMENT_3D('',#2716,#2717,#2718);
#2721=CURVE_STYLE('',#21,POSITIVE_LENGTH_MEASURE(2.E-2),#8);
#2722=PRESENTATION_STYLE_ASSIGNMENT((#2721));
#2723=STYLED_ITEM('',(#2722),#2720);
#2724=CARTESIAN_POINT('',(-2.89E1,9.9E0,4.5E1));
#2725=DIRECTION('',(0.E0,0.E0,1.E0));
#2726=DIRECTION('',(0.E0,1.E0,0.E0));
#2727=AXIS2_PLACEMENT_3D('',#2724,#2725,#2726);
#2729=CURVE_STYLE('',#21,POSITIVE_LENGTH_MEASURE(2.E-2),#8);
#2730=PRESENTATION_STYLE_ASSIGNMENT((#2729));
#2731=STYLED_ITEM('',(#2730),#2728);
#2732=CARTESIAN_POINT('',(-2.7E1,9.9E0,4.69E1));
#2733=DIRECTION('',(1.E0,0.E0,0.E0));
#2734=DIRECTION('',(0.E0,1.E0,0.E0));
#2735=AXIS2_PLACEMENT_3D('',#2732,#2733,#2734);
#2737=CURVE_STYLE('',#21,POSITIVE_LENGTH_MEASURE(2.E-2),#8);
#2738=PRESENTATION_STYLE_ASSIGNMENT((#2737));
#2739=STYLED_ITEM('',(#2738),#2736);
#2740=CARTESIAN_POINT('',(2.7E1,9.9E0,4.69E1));
#2741=DIRECTION('',(1.E0,0.E0,0.E0));
#2742=DIRECTION('',(0.E0,1.E0,-1.184237892934E-14));
#2743=AXIS2_PLACEMENT_3D('',#2740,#2741,#2742);
#2745=CURVE_STYLE('',#21,POSITIVE_LENGTH_MEASURE(2.E-2),#8);
#2746=PRESENTATION_STYLE_ASSIGNMENT((#2745));
#2747=STYLED_ITEM('',(#2746),#2744);
#2748=CARTESIAN_POINT('',(2.89E1,9.9E0,4.5E1));
#2749=DIRECTION('',(0.E0,0.E0,-1.E0));
#2750=DIRECTION('',(0.E0,1.E0,0.E0));
#2751=AXIS2_PLACEMENT_3D('',#2748,#2749,#2750);
#2753=CURVE_STYLE('',#21,POSITIVE_LENGTH_MEASURE(2.E-2),#8);
#2754=PRESENTATION_STYLE_ASSIGNMENT((#2753));
#2755=STYLED_ITEM('',(#2754),#2752);
#2756=DIRECTION('',(0.E0,1.E0,-1.852994974071E-10));
#2757=VECTOR('',#2756,9.9E0);
#2758=CARTESIAN_POINT('',(2.95E1,0.E0,4.5E1));
#2759=LINE('',#2758,#2757);
#2760=CURVE_STYLE('',#21,POSITIVE_LENGTH_MEASURE(2.E-2),#8);
#2761=PRESENTATION_STYLE_ASSIGNMENT((#2760));
#2762=STYLED_ITEM('',(#2761),#2759);
#2763=DIRECTION('',(0.E0,0.E0,-1.E0));
#2764=VECTOR('',#2763,8.999999999640E1);
#2765=CARTESIAN_POINT('',(2.95E1,9.9E0,4.499999999817E1));
#2766=LINE('',#2765,#2764);
#2767=CURVE_STYLE('',#21,POSITIVE_LENGTH_MEASURE(2.E-2),#8);
#2768=PRESENTATION_STYLE_ASSIGNMENT((#2767));
#2769=STYLED_ITEM('',(#2768),#2766);
#2770=CARTESIAN_POINT('',(2.95E1,1.75E0,-2.642916890667E1));
#2771=DIRECTION('',(1.E0,0.E0,0.E0));
#2772=DIRECTION('',(0.E0,-8.134790419757E-1,-5.815942299114E-1));
#2773=AXIS2_PLACEMENT_3D('',#2770,#2771,#2772);
#2775=CURVE_STYLE('',#21,POSITIVE_LENGTH_MEASURE(2.E-2),#8);
#2776=PRESENTATION_STYLE_ASSIGNMENT((#2775));
#2777=STYLED_ITEM('',(#2776),#2774);
#2778=DIRECTION('',(0.E0,0.E0,1.E0));
#2779=VECTOR('',#2778,3.E0);
#2780=CARTESIAN_POINT('',(2.95E1,3.9E0,-2.650260966691E1));
#2781=LINE('',#2780,#2779);
#2782=CURVE_STYLE('',#21,POSITIVE_LENGTH_MEASURE(2.E-2),#8);
#2783=PRESENTATION_STYLE_ASSIGNMENT((#2782));
#2784=STYLED_ITEM('',(#2783),#2781);
#2785=CARTESIAN_POINT('',(2.95E1,1.75E0,-2.342916890667E1));
#2786=DIRECTION('',(1.E0,0.E0,0.E0));
#2787=DIRECTION('',(0.E0,9.994171087130E-1,-3.413858244989E-2));
#2788=AXIS2_PLACEMENT_3D('',#2785,#2786,#2787);
#2790=CURVE_STYLE('',#21,POSITIVE_LENGTH_MEASURE(2.E-2),#8);
#2791=PRESENTATION_STYLE_ASSIGNMENT((#2790));
#2792=STYLED_ITEM('',(#2791),#2789);
#2793=CARTESIAN_POINT('',(2.95E1,1.75E0,-1.549999884E1));
#2794=DIRECTION('',(1.E0,0.E0,0.E0));
#2795=DIRECTION('',(0.E0,-8.139534883721E-1,-5.809300463626E-1));
#2796=AXIS2_PLACEMENT_3D('',#2793,#2794,#2795);
#2798=CURVE_STYLE('',#21,POSITIVE_LENGTH_MEASURE(2.E-2),#8);
#2799=PRESENTATION_STYLE_ASSIGNMENT((#2798));
#2800=STYLED_ITEM('',(#2799),#2797);
#2801=DIRECTION('',(0.E0,0.E0,1.E0));
#2802=VECTOR('',#2801,3.002607426914E0);
#2803=CARTESIAN_POINT('',(2.95E1,3.9E0,-1.549999884E1));
#2804=LINE('',#2803,#2802);
#2805=CURVE_STYLE('',#21,POSITIVE_LENGTH_MEASURE(2.E-2),#8);
#2806=PRESENTATION_STYLE_ASSIGNMENT((#2805));
#2807=STYLED_ITEM('',(#2806),#2804);
#2808=CARTESIAN_POINT('',(2.95E1,1.75E0,-1.257083217333E1));
#2809=DIRECTION('',(1.E0,0.E0,0.E0));
#2810=DIRECTION('',(0.E0,9.994171087130E-1,3.413858244988E-2));
#2811=AXIS2_PLACEMENT_3D('',#2808,#2809,#2810);
#2813=CURVE_STYLE('',#21,POSITIVE_LENGTH_MEASURE(2.E-2),#8);
#2814=PRESENTATION_STYLE_ASSIGNMENT((#2813));
#2815=STYLED_ITEM('',(#2814),#2812);
#2816=CARTESIAN_POINT('',(2.95E1,1.75E0,-4.429167186667E0));
#2817=DIRECTION('',(1.E0,0.E0,0.E0));
#2818=DIRECTION('',(0.E0,-8.134790419757E-1,-5.815942299114E-1));
#2819=AXIS2_PLACEMENT_3D('',#2816,#2817,#2818);
#2821=CURVE_STYLE('',#21,POSITIVE_LENGTH_MEASURE(2.E-2),#8);
#2822=PRESENTATION_STYLE_ASSIGNMENT((#2821));
#2823=STYLED_ITEM('',(#2822),#2820);
#2824=DIRECTION('',(0.E0,0.E0,1.E0));
#2825=VECTOR('',#2824,3.E0);
#2826=CARTESIAN_POINT('',(2.95E1,3.9E0,-4.502607946913E0));
#2827=LINE('',#2826,#2825);
#2828=CURVE_STYLE('',#21,POSITIVE_LENGTH_MEASURE(2.E-2),#8);
#2829=PRESENTATION_STYLE_ASSIGNMENT((#2828));
#2830=STYLED_ITEM('',(#2829),#2827);
#2831=CARTESIAN_POINT('',(2.95E1,1.75E0,-1.429167186667E0));
#2832=DIRECTION('',(1.E0,0.E0,0.E0));
#2833=DIRECTION('',(0.E0,9.994171087130E-1,-3.413858244988E-2));
#2834=AXIS2_PLACEMENT_3D('',#2831,#2832,#2833);
#2836=CURVE_STYLE('',#21,POSITIVE_LENGTH_MEASURE(2.E-2),#8);
#2837=PRESENTATION_STYLE_ASSIGNMENT((#2836));
#2838=STYLED_ITEM('',(#2837),#2835);
#2839=CARTESIAN_POINT('',(2.95E1,1.75E0,1.142916462667E1));
#2840=DIRECTION('',(1.E0,0.E0,0.E0));
#2841=DIRECTION('',(0.E0,-8.134790419757E-1,-5.815942299114E-1));
#2842=AXIS2_PLACEMENT_3D('',#2839,#2840,#2841);
#2844=CURVE_STYLE('',#21,POSITIVE_LENGTH_MEASURE(2.E-2),#8);
#2845=PRESENTATION_STYLE_ASSIGNMENT((#2844));
#2846=STYLED_ITEM('',(#2845),#2843);
#2847=DIRECTION('',(0.E0,0.E0,1.E0));
#2848=VECTOR('',#2847,2.994785146172E0);
#2849=CARTESIAN_POINT('',(2.95E1,3.9E0,1.150260538691E1));
#2850=LINE('',#2849,#2848);
#2851=CURVE_STYLE('',#21,POSITIVE_LENGTH_MEASURE(2.E-2),#8);
#2852=PRESENTATION_STYLE_ASSIGNMENT((#2851));
#2853=STYLED_ITEM('',(#2852),#2850);
#2854=CARTESIAN_POINT('',(2.95E1,1.75E0,1.457083129333E1));
#2855=DIRECTION('',(1.E0,0.E0,0.E0));
#2856=DIRECTION('',(0.E0,9.994171087130E-1,-3.413858244988E-2));
#2857=AXIS2_PLACEMENT_3D('',#2854,#2855,#2856);
#2859=CURVE_STYLE('',#21,POSITIVE_LENGTH_MEASURE(2.E-2),#8);
#2860=PRESENTATION_STYLE_ASSIGNMENT((#2859));
#2861=STYLED_ITEM('',(#2860),#2858);
#2862=CARTESIAN_POINT('',(2.95E1,1.75E0,2.542916456667E1));
#2863=DIRECTION('',(1.E0,0.E0,0.E0));
#2864=DIRECTION('',(0.E0,-8.134790419757E-1,-5.815942299114E-1));
#2865=AXIS2_PLACEMENT_3D('',#2862,#2863,#2864);
#2867=CURVE_STYLE('',#21,POSITIVE_LENGTH_MEASURE(2.E-2),#8);
#2868=PRESENTATION_STYLE_ASSIGNMENT((#2867));
#2869=STYLED_ITEM('',(#2868),#2866);
#2870=DIRECTION('',(0.E0,0.E0,1.E0));
#2871=VECTOR('',#2870,2.997392573086E0);
#2872=CARTESIAN_POINT('',(2.95E1,3.9E0,2.550260532691E1));
#2873=LINE('',#2872,#2871);
#2874=CURVE_STYLE('',#21,POSITIVE_LENGTH_MEASURE(2.E-2),#8);
#2875=PRESENTATION_STYLE_ASSIGNMENT((#2874));
#2876=STYLED_ITEM('',(#2875),#2873);
#2877=CARTESIAN_POINT('',(2.95E1,1.75E0,2.84999979E1));
#2878=DIRECTION('',(1.E0,0.E0,0.E0));
#2879=DIRECTION('',(0.E0,1.E0,0.E0));
#2880=AXIS2_PLACEMENT_3D('',#2877,#2878,#2879);
#2882=CURVE_STYLE('',#21,POSITIVE_LENGTH_MEASURE(2.E-2),#8);
#2883=PRESENTATION_STYLE_ASSIGNMENT((#2882));
#2884=STYLED_ITEM('',(#2883),#2881);
#2885=CARTESIAN_POINT('',(2.7E1,9.9E0,4.5E1));
#2886=DIRECTION('',(0.E0,1.E0,0.E0));
#2887=DIRECTION('',(0.E0,0.E0,1.E0));
#2888=AXIS2_PLACEMENT_3D('',#2885,#2886,#2887);
#2890=CURVE_STYLE('',#21,POSITIVE_LENGTH_MEASURE(2.E-2),#8);
#2891=PRESENTATION_STYLE_ASSIGNMENT((#2890));
#2892=STYLED_ITEM('',(#2891),#2889);
#2893=DIRECTION('',(-1.779138004149E-10,1.E0,0.E0));
#2894=VECTOR('',#2893,9.9E0);
#2895=CARTESIAN_POINT('',(2.7E1,0.E0,4.75E1));
#2896=LINE('',#2895,#2894);
#2897=CURVE_STYLE('',#21,POSITIVE_LENGTH_MEASURE(2.E-2),#8);
#2898=PRESENTATION_STYLE_ASSIGNMENT((#2897));
#2899=STYLED_ITEM('',(#2898),#2896);
#2900=CARTESIAN_POINT('',(3.190002775566E0,2.6967556E-1,4.75E1));
#2901=DIRECTION('',(0.E0,0.E0,-1.E0));
#2902=DIRECTION('',(0.E0,1.E0,0.E0));
#2903=AXIS2_PLACEMENT_3D('',#2900,#2901,#2902);
#2905=CURVE_STYLE('',#21,POSITIVE_LENGTH_MEASURE(2.E-2),#8);
#2906=PRESENTATION_STYLE_ASSIGNMENT((#2905));
#2907=STYLED_ITEM('',(#2906),#2904);
#2908=DIRECTION('',(1.E0,7.620382181104E-10,7.620381485039E-10));
#2909=VECTOR('',#2908,6.380000022119E0);
#2910=CARTESIAN_POINT('',(-3.189997239875E0,2.349675554399E0,4.749999999440E1));
#2911=LINE('',#2910,#2909);
#2912=CURVE_STYLE('',#21,POSITIVE_LENGTH_MEASURE(2.E-2),#8);
#2913=PRESENTATION_STYLE_ASSIGNMENT((#2912));
#2914=STYLED_ITEM('',(#2913),#2911);
#2915=CARTESIAN_POINT('',(-3.189997224434E0,2.6967556E-1,4.75E1));
#2916=DIRECTION('',(0.E0,0.E0,-1.E0));
#2917=DIRECTION('',(-1.E0,0.E0,0.E0));
#2918=AXIS2_PLACEMENT_3D('',#2915,#2916,#2917);
#2920=CURVE_STYLE('',#21,POSITIVE_LENGTH_MEASURE(2.E-2),#8);
#2921=PRESENTATION_STYLE_ASSIGNMENT((#2920));
#2922=STYLED_ITEM('',(#2921),#2919);
#2923=DIRECTION('',(2.740418652862E-9,1.E0,-2.740408772341E-9));
#2924=VECTOR('',#2923,2.696755666776E-1);
#2925=CARTESIAN_POINT('',(-5.269997224434E0,0.E0,4.75E1));
#2926=LINE('',#2925,#2924);
#2927=CURVE_STYLE('',#21,POSITIVE_LENGTH_MEASURE(2.E-2),#8);
#2928=PRESENTATION_STYLE_ASSIGNMENT((#2927));
#2929=STYLED_ITEM('',(#2928),#2926);
#2930=DIRECTION('',(1.853005739870E-10,1.E0,0.E0));
#2931=VECTOR('',#2930,9.9E0);
#2932=CARTESIAN_POINT('',(-2.7E1,0.E0,4.75E1));
#2933=LINE('',#2932,#2931);
#2934=CURVE_STYLE('',#21,POSITIVE_LENGTH_MEASURE(2.E-2),#8);
#2935=PRESENTATION_STYLE_ASSIGNMENT((#2934));
#2936=STYLED_ITEM('',(#2935),#2933);
#2937=DIRECTION('',(1.E0,0.E0,0.E0));
#2938=VECTOR('',#2937,5.399999999640E1);
#2939=CARTESIAN_POINT('',(-2.699999999817E1,9.9E0,4.75E1));
#2940=LINE('',#2939,#2938);
#2941=CURVE_STYLE('',#21,POSITIVE_LENGTH_MEASURE(2.E-2),#8);
#2942=PRESENTATION_STYLE_ASSIGNMENT((#2941));
#2943=STYLED_ITEM('',(#2942),#2940);
#2944=DIRECTION('',(2.076876019749E-8,-1.E0,2.076877666503E-8));
#2945=VECTOR('',#2944,2.696755754410E-1);
#2946=CARTESIAN_POINT('',(5.270002769966E0,2.696755754410E-1,4.749999999440E1));
#2947=LINE('',#2946,#2945);
#2948=CURVE_STYLE('',#21,POSITIVE_LENGTH_MEASURE(2.E-2),#8);
#2949=PRESENTATION_STYLE_ASSIGNMENT((#2948));
#2950=STYLED_ITEM('',(#2949),#2947);
#2951=DIRECTION('',(-4.063483442614E-9,-7.071067811865E-1,-7.071067811865E-1));
#2952=VECTOR('',#2951,7.071067807368E-1);
#2953=CARTESIAN_POINT('',(3.190002782244E0,2.349675559261E0,4.749999999926E1));
#2954=LINE('',#2953,#2952);
#2955=CURVE_STYLE('',#21,POSITIVE_LENGTH_MEASURE(2.E-2),#8);
#2956=PRESENTATION_STYLE_ASSIGNMENT((#2955));
#2957=STYLED_ITEM('',(#2956),#2954);
#2958=CARTESIAN_POINT('',(3.190002775566E0,2.6967556E-1,4.7E1));
#2959=DIRECTION('',(0.E0,0.E0,-1.E0));
#2960=DIRECTION('',(0.E0,1.E0,0.E0));
#2961=AXIS2_PLACEMENT_3D('',#2958,#2959,#2960);
#2963=CURVE_STYLE('',#21,POSITIVE_LENGTH_MEASURE(2.E-2),#8);
#2964=PRESENTATION_STYLE_ASSIGNMENT((#2963));
#2965=STYLED_ITEM('',(#2964),#2962);
#2966=DIRECTION('',(-2.127235873461E-9,5.864620727458E-9,1.E0));
#2967=VECTOR('',#2966,1.499999996809E0);
#2968=CARTESIAN_POINT('',(4.770002775566E0,2.6967556E-1,4.55E1));
#2969=LINE('',#2968,#2967);
#2970=CURVE_STYLE('',#21,POSITIVE_LENGTH_MEASURE(2.E-2),#8);
#2971=PRESENTATION_STYLE_ASSIGNMENT((#2970));
#2972=STYLED_ITEM('',(#2971),#2969);
#2973=DIRECTION('',(1.183219128622E-8,-1.E0,1.183220116674E-8));
#2974=VECTOR('',#2973,2.696755687969E-1);
#2975=CARTESIAN_POINT('',(4.770002772376E0,2.696755687969E-1,4.699999999681E1));
#2976=LINE('',#2975,#2974);
#2977=CURVE_STYLE('',#21,POSITIVE_LENGTH_MEASURE(2.E-2),#8);
#2978=PRESENTATION_STYLE_ASSIGNMENT((#2977));
#2979=STYLED_ITEM('',(#2978),#2976);
#2980=DIRECTION('',(-7.071067811866E-1,-9.396172360573E-9,-7.071067811865E-1));
#2981=VECTOR('',#2980,7.071067777783E-1);
#2982=CARTESIAN_POINT('',(5.270002769966E0,2.696755754410E-1,4.749999999440E1));
#2983=LINE('',#2982,#2981);
#2984=CURVE_STYLE('',#21,POSITIVE_LENGTH_MEASURE(2.E-2),#8);
#2985=PRESENTATION_STYLE_ASSIGNMENT((#2984));
#2986=STYLED_ITEM('',(#2985),#2983);
#2987=DIRECTION('',(0.E0,9.998476951564E-1,1.745240643729E-2));
#2988=VECTOR('',#2987,2.500380820110E0);
#2989=CARTESIAN_POINT('',(-4.769997224434E0,-2.5E0,4.625636233768E1));
#2990=LINE('',#2989,#2988);
#2991=CURVE_STYLE('',#21,POSITIVE_LENGTH_MEASURE(2.E-2),#8);
#2992=PRESENTATION_STYLE_ASSIGNMENT((#2991));
#2993=STYLED_ITEM('',(#2992),#2990);
#2994=DIRECTION('',(0.E0,9.998476951564E-1,1.745240643729E-2));
#2995=VECTOR('',#2994,2.500380820110E0);
#2996=CARTESIAN_POINT('',(4.770002775566E0,-2.5E0,4.625636233768E1));
#2997=LINE('',#2996,#2995);
#2998=CURVE_STYLE('',#21,POSITIVE_LENGTH_MEASURE(2.E-2),#8);
#2999=PRESENTATION_STYLE_ASSIGNMENT((#2998));
#3000=STYLED_ITEM('',(#2999),#2997);
#3001=DIRECTION('',(0.E0,-9.998476951564E-1,-1.745240643729E-2));
#3002=VECTOR('',#3001,2.500380820110E0);
#3003=CARTESIAN_POINT('',(2.7E1,0.E0,4.63E1));
#3004=LINE('',#3003,#3002);
#3005=CURVE_STYLE('',#21,POSITIVE_LENGTH_MEASURE(2.E-2),#8);
#3006=PRESENTATION_STYLE_ASSIGNMENT((#3005));
#3007=STYLED_ITEM('',(#3006),#3004);
#3008=DIRECTION('',(1.561240994258E-9,1.E0,-1.561227820229E-9));
#3009=VECTOR('',#3008,2.696755638043E-1);
#3010=CARTESIAN_POINT('',(-4.769997224434E0,0.E0,4.7E1));
#3011=LINE('',#3010,#3009);
#3012=CURVE_STYLE('',#21,POSITIVE_LENGTH_MEASURE(2.E-2),#8);
#3013=PRESENTATION_STYLE_ASSIGNMENT((#3012));
#3014=STYLED_ITEM('',(#3013),#3011);
#3015=DIRECTION('',(2.806856969861E-10,2.536222788053E-9,1.E0));
#3016=VECTOR('',#3015,1.499999999579E0);
#3017=CARTESIAN_POINT('',(-4.769997224434E0,2.6967556E-1,4.55E1));
#3018=LINE('',#3017,#3016);
#3019=CURVE_STYLE('',#21,POSITIVE_LENGTH_MEASURE(2.E-2),#8);
#3020=PRESENTATION_STYLE_ASSIGNMENT((#3019));
#3021=STYLED_ITEM('',(#3020),#3018);
#3022=DIRECTION('',(7.071067811865E-1,-4.063473629536E-9,-7.071067811866E-1));
#3023=VECTOR('',#3022,7.071067807368E-1);
#3024=CARTESIAN_POINT('',(-5.269997223694E0,2.696755666776E-1,
4.749999999926E1));
#3025=LINE('',#3024,#3023);
#3026=CURVE_STYLE('',#21,POSITIVE_LENGTH_MEASURE(2.E-2),#8);
#3027=PRESENTATION_STYLE_ASSIGNMENT((#3026));
#3028=STYLED_ITEM('',(#3027),#3025);
#3029=DIRECTION('',(9.396174401693E-9,-7.071067811865E-1,-7.071067811865E-1));
#3030=VECTOR('',#3029,7.071067777783E-1);
#3031=CARTESIAN_POINT('',(-3.189997239875E0,2.349675554399E0,4.749999999440E1));
#3032=LINE('',#3031,#3030);
#3033=CURVE_STYLE('',#21,POSITIVE_LENGTH_MEASURE(2.E-2),#8);
#3034=PRESENTATION_STYLE_ASSIGNMENT((#3033));
#3035=STYLED_ITEM('',(#3034),#3032);
#3036=DIRECTION('',(1.E0,4.341418543145E-10,4.341427243953E-10));
#3037=VECTOR('',#3036,6.380000012601E0);
#3038=CARTESIAN_POINT('',(-3.189997233230E0,1.849675556809E0,4.699999999681E1));
#3039=LINE('',#3038,#3037);
#3040=CURVE_STYLE('',#21,POSITIVE_LENGTH_MEASURE(2.E-2),#8);
#3041=PRESENTATION_STYLE_ASSIGNMENT((#3040));
#3042=STYLED_ITEM('',(#3041),#3039);
#3043=DIRECTION('',(2.536225748648E-9,-2.806871772835E-10,1.E0));
#3044=VECTOR('',#3043,1.499999999579E0);
#3045=CARTESIAN_POINT('',(3.190002775566E0,1.84967556E0,4.55E1));
#3046=LINE('',#3045,#3044);
#3047=CURVE_STYLE('',#21,POSITIVE_LENGTH_MEASURE(2.E-2),#8);
#3048=PRESENTATION_STYLE_ASSIGNMENT((#3047));
#3049=STYLED_ITEM('',(#3048),#3046);
#3050=CARTESIAN_POINT('',(-3.189997224434E0,2.6967556E-1,4.7E1));
#3051=DIRECTION('',(0.E0,0.E0,-1.E0));
#3052=DIRECTION('',(-1.E0,0.E0,0.E0));
#3053=AXIS2_PLACEMENT_3D('',#3050,#3051,#3052);
#3055=CURVE_STYLE('',#21,POSITIVE_LENGTH_MEASURE(2.E-2),#8);
#3056=PRESENTATION_STYLE_ASSIGNMENT((#3055));
#3057=STYLED_ITEM('',(#3056),#3054);
#3058=DIRECTION('',(-5.864623169949E-9,-2.127237205728E-9,1.E0));
#3059=VECTOR('',#3058,1.499999996809E0);
#3060=CARTESIAN_POINT('',(-3.189997224434E0,1.84967556E0,4.55E1));
#3061=LINE('',#3060,#3059);
#3062=CURVE_STYLE('',#21,POSITIVE_LENGTH_MEASURE(2.E-2),#8);
#3063=PRESENTATION_STYLE_ASSIGNMENT((#3062));
#3064=STYLED_ITEM('',(#3063),#3061);
#3065=DIRECTION('',(1.E0,0.E0,0.E0));
#3066=VECTOR('',#3065,9.750116604643E0);
#3067=CARTESIAN_POINT('',(-2.7E1,-2.5E0,-4.625636233768E1));
#3068=LINE('',#3067,#3066);
#3069=CURVE_STYLE('',#21,POSITIVE_LENGTH_MEASURE(2.E-2),#8);
#3070=PRESENTATION_STYLE_ASSIGNMENT((#3069));
#3071=STYLED_ITEM('',(#3070),#3068);
#3072=CARTESIAN_POINT('',(-2.7E1,-2.5E0,-4.5E1));
#3073=DIRECTION('',(0.E0,-1.E0,0.E0));
#3074=DIRECTION('',(-1.E0,0.E0,0.E0));
#3075=AXIS2_PLACEMENT_3D('',#3072,#3073,#3074);
#3077=CURVE_STYLE('',#21,POSITIVE_LENGTH_MEASURE(2.E-2),#8);
#3078=PRESENTATION_STYLE_ASSIGNMENT((#3077));
#3079=STYLED_ITEM('',(#3078),#3076);
#3080=DIRECTION('',(0.E0,0.E0,-1.E0));
#3081=VECTOR('',#3080,9.E1);
#3082=CARTESIAN_POINT('',(-2.825636233768E1,-2.5E0,4.5E1));
#3083=LINE('',#3082,#3081);
#3084=CURVE_STYLE('',#21,POSITIVE_LENGTH_MEASURE(2.E-2),#8);
#3085=PRESENTATION_STYLE_ASSIGNMENT((#3084));
#3086=STYLED_ITEM('',(#3085),#3083);
#3087=CARTESIAN_POINT('',(-2.7E1,-2.5E0,4.5E1));
#3088=DIRECTION('',(0.E0,-1.E0,0.E0));
#3089=DIRECTION('',(0.E0,0.E0,1.E0));
#3090=AXIS2_PLACEMENT_3D('',#3087,#3088,#3089);
#3092=CURVE_STYLE('',#21,POSITIVE_LENGTH_MEASURE(2.E-2),#8);
#3093=PRESENTATION_STYLE_ASSIGNMENT((#3092));
#3094=STYLED_ITEM('',(#3093),#3091);
#3095=DIRECTION('',(-1.E0,0.E0,0.E0));
#3096=VECTOR('',#3095,2.223000277557E1);
#3097=CARTESIAN_POINT('',(-4.769997224434E0,-2.5E0,4.625636233768E1));
#3098=LINE('',#3097,#3096);
#3099=CURVE_STYLE('',#21,POSITIVE_LENGTH_MEASURE(2.E-2),#8);
#3100=PRESENTATION_STYLE_ASSIGNMENT((#3099));
#3101=STYLED_ITEM('',(#3100),#3098);
#3102=DIRECTION('',(0.E0,0.E0,-1.E0));
#3103=VECTOR('',#3102,7.563623376794E-1);
#3104=CARTESIAN_POINT('',(-4.769997224434E0,-2.5E0,4.625636233768E1));
#3105=LINE('',#3104,#3103);
#3106=CURVE_STYLE('',#21,POSITIVE_LENGTH_MEASURE(2.E-2),#8);
#3107=PRESENTATION_STYLE_ASSIGNMENT((#3106));
#3108=STYLED_ITEM('',(#3107),#3105);
#3109=DIRECTION('',(1.E0,0.E0,0.E0));
#3110=VECTOR('',#3109,2.223000277557E1);
#3111=CARTESIAN_POINT('',(-2.7E1,-2.5E0,4.55E1));
#3112=LINE('',#3111,#3110);
#3113=CURVE_STYLE('',#21,POSITIVE_LENGTH_MEASURE(2.E-2),#8);
#3114=PRESENTATION_STYLE_ASSIGNMENT((#3113));
#3115=STYLED_ITEM('',(#3114),#3112);
#3116=CARTESIAN_POINT('',(-2.7E1,-2.5E0,4.5E1));
#3117=DIRECTION('',(0.E0,1.E0,0.E0));
#3118=DIRECTION('',(-1.E0,0.E0,-4.263256414561E-14));
#3119=AXIS2_PLACEMENT_3D('',#3116,#3117,#3118);
#3121=CURVE_STYLE('',#21,POSITIVE_LENGTH_MEASURE(2.E-2),#8);
#3122=PRESENTATION_STYLE_ASSIGNMENT((#3121));
#3123=STYLED_ITEM('',(#3122),#3120);
#3124=DIRECTION('',(0.E0,0.E0,1.E0));
#3125=VECTOR('',#3124,9.E1);
#3126=CARTESIAN_POINT('',(-2.75E1,-2.5E0,-4.5E1));
#3127=LINE('',#3126,#3125);
#3128=CURVE_STYLE('',#21,POSITIVE_LENGTH_MEASURE(2.E-2),#8);
#3129=PRESENTATION_STYLE_ASSIGNMENT((#3128));
#3130=STYLED_ITEM('',(#3129),#3127);
#3131=CARTESIAN_POINT('',(-2.7E1,-2.5E0,-4.5E1));
#3132=DIRECTION('',(0.E0,1.E0,0.E0));
#3133=DIRECTION('',(0.E0,0.E0,-1.E0));
#3134=AXIS2_PLACEMENT_3D('',#3131,#3132,#3133);
#3136=CURVE_STYLE('',#21,POSITIVE_LENGTH_MEASURE(2.E-2),#8);
#3137=PRESENTATION_STYLE_ASSIGNMENT((#3136));
#3138=STYLED_ITEM('',(#3137),#3135);
#3139=DIRECTION('',(-1.E0,0.E0,0.E0));
#3140=VECTOR('',#3139,9.750116604643E0);
#3141=CARTESIAN_POINT('',(-1.724988339536E1,-2.5E0,-4.55E1));
#3142=LINE('',#3141,#3140);
#3143=CURVE_STYLE('',#21,POSITIVE_LENGTH_MEASURE(2.E-2),#8);
#3144=PRESENTATION_STYLE_ASSIGNMENT((#3143));
#3145=STYLED_ITEM('',(#3144),#3142);
#3146=DIRECTION('',(-1.E0,0.E0,0.E0));
#3147=VECTOR('',#3146,3.724988339536E1);
#3148=CARTESIAN_POINT('',(2.7E1,-2.5E0,-4.55E1));
#3149=LINE('',#3148,#3147);
#3150=CURVE_STYLE('',#21,POSITIVE_LENGTH_MEASURE(2.E-2),#8);
#3151=PRESENTATION_STYLE_ASSIGNMENT((#3150));
#3152=STYLED_ITEM('',(#3151),#3149);
#3153=CARTESIAN_POINT('',(2.7E1,-2.5E0,-4.5E1));
#3154=DIRECTION('',(0.E0,1.E0,0.E0));
#3155=DIRECTION('',(1.E0,0.E0,4.263256414561E-14));
#3156=AXIS2_PLACEMENT_3D('',#3153,#3154,#3155);
#3158=CURVE_STYLE('',#21,POSITIVE_LENGTH_MEASURE(2.E-2),#8);
#3159=PRESENTATION_STYLE_ASSIGNMENT((#3158));
#3160=STYLED_ITEM('',(#3159),#3157);
#3161=DIRECTION('',(0.E0,0.E0,-1.E0));
#3162=VECTOR('',#3161,9.E1);
#3163=CARTESIAN_POINT('',(2.75E1,-2.5E0,4.5E1));
#3164=LINE('',#3163,#3162);
#3165=CURVE_STYLE('',#21,POSITIVE_LENGTH_MEASURE(2.E-2),#8);
#3166=PRESENTATION_STYLE_ASSIGNMENT((#3165));
#3167=STYLED_ITEM('',(#3166),#3164);
#3168=CARTESIAN_POINT('',(2.7E1,-2.5E0,4.5E1));
#3169=DIRECTION('',(0.E0,1.E0,0.E0));
#3170=DIRECTION('',(0.E0,0.E0,1.E0));
#3171=AXIS2_PLACEMENT_3D('',#3168,#3169,#3170);
#3173=CURVE_STYLE('',#21,POSITIVE_LENGTH_MEASURE(2.E-2),#8);
#3174=PRESENTATION_STYLE_ASSIGNMENT((#3173));
#3175=STYLED_ITEM('',(#3174),#3172);
#3176=DIRECTION('',(1.E0,0.E0,0.E0));
#3177=VECTOR('',#3176,2.222999722443E1);
#3178=CARTESIAN_POINT('',(4.770002775566E0,-2.5E0,4.55E1));
#3179=LINE('',#3178,#3177);
#3180=CURVE_STYLE('',#21,POSITIVE_LENGTH_MEASURE(2.E-2),#8);
#3181=PRESENTATION_STYLE_ASSIGNMENT((#3180));
#3182=STYLED_ITEM('',(#3181),#3179);
#3183=DIRECTION('',(0.E0,0.E0,-1.E0));
#3184=VECTOR('',#3183,7.563623376794E-1);
#3185=CARTESIAN_POINT('',(4.770002775566E0,-2.5E0,4.625636233768E1));
#3186=LINE('',#3185,#3184);
#3187=CURVE_STYLE('',#21,POSITIVE_LENGTH_MEASURE(2.E-2),#8);
#3188=PRESENTATION_STYLE_ASSIGNMENT((#3187));
#3189=STYLED_ITEM('',(#3188),#3186);
#3190=DIRECTION('',(-1.E0,0.E0,0.E0));
#3191=VECTOR('',#3190,2.222999722443E1);
#3192=CARTESIAN_POINT('',(2.7E1,-2.5E0,4.625636233768E1));
#3193=LINE('',#3192,#3191);
#3194=CURVE_STYLE('',#21,POSITIVE_LENGTH_MEASURE(2.E-2),#8);
#3195=PRESENTATION_STYLE_ASSIGNMENT((#3194));
#3196=STYLED_ITEM('',(#3195),#3193);
#3197=CARTESIAN_POINT('',(2.7E1,-2.5E0,4.5E1));
#3198=DIRECTION('',(0.E0,-1.E0,0.E0));
#3199=DIRECTION('',(1.E0,0.E0,0.E0));
#3200=AXIS2_PLACEMENT_3D('',#3197,#3198,#3199);
#3202=CURVE_STYLE('',#21,POSITIVE_LENGTH_MEASURE(2.E-2),#8);
#3203=PRESENTATION_STYLE_ASSIGNMENT((#3202));
#3204=STYLED_ITEM('',(#3203),#3201);
#3205=DIRECTION('',(0.E0,0.E0,1.E0));
#3206=VECTOR('',#3205,9.E1);
#3207=CARTESIAN_POINT('',(2.825636233768E1,-2.5E0,-4.5E1));
#3208=LINE('',#3207,#3206);
#3209=CURVE_STYLE('',#21,POSITIVE_LENGTH_MEASURE(2.E-2),#8);
#3210=PRESENTATION_STYLE_ASSIGNMENT((#3209));
#3211=STYLED_ITEM('',(#3210),#3208);
#3212=CARTESIAN_POINT('',(2.7E1,-2.5E0,-4.5E1));
#3213=DIRECTION('',(0.E0,-1.E0,0.E0));
#3214=DIRECTION('',(0.E0,0.E0,-1.E0));
#3215=AXIS2_PLACEMENT_3D('',#3212,#3213,#3214);
#3217=CURVE_STYLE('',#21,POSITIVE_LENGTH_MEASURE(2.E-2),#8);
#3218=PRESENTATION_STYLE_ASSIGNMENT((#3217));
#3219=STYLED_ITEM('',(#3218),#3216);
#3220=DIRECTION('',(1.E0,0.E0,0.E0));
#3221=VECTOR('',#3220,3.724988339536E1);
#3222=CARTESIAN_POINT('',(-1.024988339536E1,-2.5E0,-4.625636233768E1));
#3223=LINE('',#3222,#3221);
#3224=CURVE_STYLE('',#21,POSITIVE_LENGTH_MEASURE(2.E-2),#8);
#3225=PRESENTATION_STYLE_ASSIGNMENT((#3224));
#3226=STYLED_ITEM('',(#3225),#3223);
#3227=DIRECTION('',(0.E0,0.E0,1.E0));
#3228=VECTOR('',#3227,7.563623376794E-1);
#3229=CARTESIAN_POINT('',(-1.724988339536E1,-2.5E0,-4.625636233768E1));
#3230=LINE('',#3229,#3228);
#3231=CURVE_STYLE('',#21,POSITIVE_LENGTH_MEASURE(2.E-2),#8);
#3232=PRESENTATION_STYLE_ASSIGNMENT((#3231));
#3233=STYLED_ITEM('',(#3232),#3230);
#3234=DIRECTION('',(1.E0,0.E0,0.E0));
#3235=VECTOR('',#3234,5.25E-1);
#3236=CARTESIAN_POINT('',(-1.724988339536E1,0.E0,-4.61E1));
#3237=LINE('',#3236,#3235);
#3238=CURVE_STYLE('',#21,POSITIVE_LENGTH_MEASURE(2.E-2),#8);
#3239=PRESENTATION_STYLE_ASSIGNMENT((#3238));
#3240=STYLED_ITEM('',(#3239),#3237);
#3241=DIRECTION('',(0.E0,1.E0,0.E0));
#3242=VECTOR('',#3241,4.E0);
#3243=CARTESIAN_POINT('',(-1.724988339536E1,0.E0,-4.61E1));
#3244=LINE('',#3243,#3242);
#3245=CURVE_STYLE('',#21,POSITIVE_LENGTH_MEASURE(2.E-2),#8);
#3246=PRESENTATION_STYLE_ASSIGNMENT((#3245));
#3247=STYLED_ITEM('',(#3246),#3244);
#3248=DIRECTION('',(1.E0,0.E0,0.E0));
#3249=VECTOR('',#3248,5.25E-1);
#3250=CARTESIAN_POINT('',(-1.077488339536E1,0.E0,-4.61E1));
#3251=LINE('',#3250,#3249);
#3252=CURVE_STYLE('',#21,POSITIVE_LENGTH_MEASURE(2.E-2),#8);
#3253=PRESENTATION_STYLE_ASSIGNMENT((#3252));
#3254=STYLED_ITEM('',(#3253),#3251);
#3255=DIRECTION('',(0.E0,0.E0,1.E0));
#3256=VECTOR('',#3255,6.E-1);
#3257=CARTESIAN_POINT('',(-1.024988339536E1,4.E0,-4.61E1));
#3258=LINE('',#3257,#3256);
#3259=CURVE_STYLE('',#21,POSITIVE_LENGTH_MEASURE(2.E-2),#8);
#3260=PRESENTATION_STYLE_ASSIGNMENT((#3259));
#3261=STYLED_ITEM('',(#3260),#3258);
#3262=DIRECTION('',(1.E0,0.E0,0.E0));
#3263=VECTOR('',#3262,7.E0);
#3264=CARTESIAN_POINT('',(-1.724988339536E1,4.E0,-4.61E1));
#3265=LINE('',#3264,#3263);
#3266=CURVE_STYLE('',#21,POSITIVE_LENGTH_MEASURE(2.E-2),#8);
#3267=PRESENTATION_STYLE_ASSIGNMENT((#3266));
#3268=STYLED_ITEM('',(#3267),#3265);
#3269=DIRECTION('',(0.E0,0.E0,-1.E0));
#3270=VECTOR('',#3269,6.E-1);
#3271=CARTESIAN_POINT('',(-1.724988339536E1,4.E0,-4.55E1));
#3272=LINE('',#3271,#3270);
#3273=CURVE_STYLE('',#21,POSITIVE_LENGTH_MEASURE(2.E-2),#8);
#3274=PRESENTATION_STYLE_ASSIGNMENT((#3273));
#3275=STYLED_ITEM('',(#3274),#3272);
#3276=DIRECTION('',(1.E0,0.E0,0.E0));
#3277=VECTOR('',#3276,7.E0);
#3278=CARTESIAN_POINT('',(-1.724988339536E1,4.E0,-4.55E1));
#3279=LINE('',#3278,#3277);
#3280=CURVE_STYLE('',#21,POSITIVE_LENGTH_MEASURE(2.E-2),#8);
#3281=PRESENTATION_STYLE_ASSIGNMENT((#3280));
#3282=STYLED_ITEM('',(#3281),#3279);
#3283=DIRECTION('',(0.E0,1.E0,0.E0));
#3284=VECTOR('',#3283,6.5E0);
#3285=CARTESIAN_POINT('',(-1.724988339536E1,-2.5E0,-4.55E1));
#3286=LINE('',#3285,#3284);
#3287=CURVE_STYLE('',#21,POSITIVE_LENGTH_MEASURE(2.E-2),#8);
#3288=PRESENTATION_STYLE_ASSIGNMENT((#3287));
#3289=STYLED_ITEM('',(#3288),#3286);
#3290=DIRECTION('',(0.E0,-1.E0,0.E0));
#3291=VECTOR('',#3290,1.1E1);
#3292=CARTESIAN_POINT('',(2.7E1,8.5E0,-4.55E1));
#3293=LINE('',#3292,#3291);
#3294=CURVE_STYLE('',#21,POSITIVE_LENGTH_MEASURE(2.E-2),#8);
#3295=PRESENTATION_STYLE_ASSIGNMENT((#3294));
#3296=STYLED_ITEM('',(#3295),#3293);
#3297=DIRECTION('',(0.E0,1.E0,0.E0));
#3298=VECTOR('',#3297,6.5E0);
#3299=CARTESIAN_POINT('',(-1.024988339536E1,-2.5E0,-4.55E1));
#3300=LINE('',#3299,#3298);
#3301=CURVE_STYLE('',#21,POSITIVE_LENGTH_MEASURE(2.E-2),#8);
#3302=PRESENTATION_STYLE_ASSIGNMENT((#3301));
#3303=STYLED_ITEM('',(#3302),#3300);
#3304=DIRECTION('',(0.E0,-1.E0,0.E0));
#3305=VECTOR('',#3304,1.1E1);
#3306=CARTESIAN_POINT('',(-2.7E1,8.5E0,-4.55E1));
#3307=LINE('',#3306,#3305);
#3308=CURVE_STYLE('',#21,POSITIVE_LENGTH_MEASURE(2.E-2),#8);
#3309=PRESENTATION_STYLE_ASSIGNMENT((#3308));
#3310=STYLED_ITEM('',(#3309),#3307);
#3311=DIRECTION('',(0.E0,-1.E0,0.E0));
#3312=VECTOR('',#3311,1.1E1);
#3313=CARTESIAN_POINT('',(-2.75E1,8.5E0,-4.5E1));
#3314=LINE('',#3313,#3312);
#3315=CURVE_STYLE('',#21,POSITIVE_LENGTH_MEASURE(2.E-2),#8);
#3316=PRESENTATION_STYLE_ASSIGNMENT((#3315));
#3317=STYLED_ITEM('',(#3316),#3314);
#3318=DIRECTION('',(0.E0,0.E0,1.E0));
#3319=VECTOR('',#3318,6.E0);
#3320=CARTESIAN_POINT('',(-2.75E1,0.E0,-3.8E1));
#3321=LINE('',#3320,#3319);
#3322=CURVE_STYLE('',#21,POSITIVE_LENGTH_MEASURE(2.E-2),#8);
#3323=PRESENTATION_STYLE_ASSIGNMENT((#3322));
#3324=STYLED_ITEM('',(#3323),#3321);
#3325=DIRECTION('',(0.E0,-1.E0,0.E0));
#3326=VECTOR('',#3325,1.E0);
#3327=CARTESIAN_POINT('',(-2.75E1,0.E0,-3.2E1));
#3328=LINE('',#3327,#3326);
#3329=CURVE_STYLE('',#21,POSITIVE_LENGTH_MEASURE(2.E-2),#8);
#3330=PRESENTATION_STYLE_ASSIGNMENT((#3329));
#3331=STYLED_ITEM('',(#3330),#3328);
#3332=DIRECTION('',(0.E0,0.E0,1.E0));
#3333=VECTOR('',#3332,6.E0);
#3334=CARTESIAN_POINT('',(-2.75E1,-1.E0,-3.8E1));
#3335=LINE('',#3334,#3333);
#3336=CURVE_STYLE('',#21,POSITIVE_LENGTH_MEASURE(2.E-2),#8);
#3337=PRESENTATION_STYLE_ASSIGNMENT((#3336));
#3338=STYLED_ITEM('',(#3337),#3335);
#3339=DIRECTION('',(0.E0,-1.E0,0.E0));
#3340=VECTOR('',#3339,1.E0);
#3341=CARTESIAN_POINT('',(-2.75E1,0.E0,-3.8E1));
#3342=LINE('',#3341,#3340);
#3343=CURVE_STYLE('',#21,POSITIVE_LENGTH_MEASURE(2.E-2),#8);
#3344=PRESENTATION_STYLE_ASSIGNMENT((#3343));
#3345=STYLED_ITEM('',(#3344),#3342);
#3346=DIRECTION('',(0.E0,0.E0,1.E0));
#3347=VECTOR('',#3346,6.E0);
#3348=CARTESIAN_POINT('',(-2.75E1,0.E0,3.2E1));
#3349=LINE('',#3348,#3347);
#3350=CURVE_STYLE('',#21,POSITIVE_LENGTH_MEASURE(2.E-2),#8);
#3351=PRESENTATION_STYLE_ASSIGNMENT((#3350));
#3352=STYLED_ITEM('',(#3351),#3349);
#3353=DIRECTION('',(0.E0,-1.E0,0.E0));
#3354=VECTOR('',#3353,1.E0);
#3355=CARTESIAN_POINT('',(-2.75E1,0.E0,3.8E1));
#3356=LINE('',#3355,#3354);
#3357=CURVE_STYLE('',#21,POSITIVE_LENGTH_MEASURE(2.E-2),#8);
#3358=PRESENTATION_STYLE_ASSIGNMENT((#3357));
#3359=STYLED_ITEM('',(#3358),#3356);
#3360=DIRECTION('',(0.E0,0.E0,1.E0));
#3361=VECTOR('',#3360,6.E0);
#3362=CARTESIAN_POINT('',(-2.75E1,-1.E0,3.2E1));
#3363=LINE('',#3362,#3361);
#3364=CURVE_STYLE('',#21,POSITIVE_LENGTH_MEASURE(2.E-2),#8);
#3365=PRESENTATION_STYLE_ASSIGNMENT((#3364));
#3366=STYLED_ITEM('',(#3365),#3363);
#3367=DIRECTION('',(0.E0,-1.E0,0.E0));
#3368=VECTOR('',#3367,1.E0);
#3369=CARTESIAN_POINT('',(-2.75E1,0.E0,3.2E1));
#3370=LINE('',#3369,#3368);
#3371=CURVE_STYLE('',#21,POSITIVE_LENGTH_MEASURE(2.E-2),#8);
#3372=PRESENTATION_STYLE_ASSIGNMENT((#3371));
#3373=STYLED_ITEM('',(#3372),#3370);
#3374=DIRECTION('',(0.E0,-1.E0,0.E0));
#3375=VECTOR('',#3374,1.1E1);
#3376=CARTESIAN_POINT('',(-2.75E1,8.5E0,4.5E1));
#3377=LINE('',#3376,#3375);
#3378=CURVE_STYLE('',#21,POSITIVE_LENGTH_MEASURE(2.E-2),#8);
#3379=PRESENTATION_STYLE_ASSIGNMENT((#3378));
#3380=STYLED_ITEM('',(#3379),#3377);
#3381=DIRECTION('',(0.E0,0.E0,1.E0));
#3382=VECTOR('',#3381,6.E0);
#3383=CARTESIAN_POINT('',(-2.828254493507E1,-1.E0,-3.8E1));
#3384=LINE('',#3383,#3382);
#3385=CURVE_STYLE('',#21,POSITIVE_LENGTH_MEASURE(2.E-2),#8);
#3386=PRESENTATION_STYLE_ASSIGNMENT((#3385));
#3387=STYLED_ITEM('',(#3386),#3384);
#3388=DIRECTION('',(1.745240643729E-2,-9.998476951564E-1,0.E0));
#3389=VECTOR('',#3388,1.000152328044E0);
#3390=CARTESIAN_POINT('',(-2.83E1,0.E0,-3.2E1));
#3391=LINE('',#3390,#3389);
#3392=CURVE_STYLE('',#21,POSITIVE_LENGTH_MEASURE(2.E-2),#8);
#3393=PRESENTATION_STYLE_ASSIGNMENT((#3392));
#3394=STYLED_ITEM('',(#3393),#3391);
#3395=DIRECTION('',(1.745240643729E-2,-9.998476951564E-1,0.E0));
#3396=VECTOR('',#3395,1.000152328044E0);
#3397=CARTESIAN_POINT('',(-2.83E1,0.E0,3.2E1));
#3398=LINE('',#3397,#3396);
#3399=CURVE_STYLE('',#21,POSITIVE_LENGTH_MEASURE(2.E-2),#8);
#3400=PRESENTATION_STYLE_ASSIGNMENT((#3399));
#3401=STYLED_ITEM('',(#3400),#3398);
#3402=DIRECTION('',(0.E0,0.E0,1.E0));
#3403=VECTOR('',#3402,6.E0);
#3404=CARTESIAN_POINT('',(-2.828254493507E1,-1.E0,3.2E1));
#3405=LINE('',#3404,#3403);
#3406=CURVE_STYLE('',#21,POSITIVE_LENGTH_MEASURE(2.E-2),#8);
#3407=PRESENTATION_STYLE_ASSIGNMENT((#3406));
#3408=STYLED_ITEM('',(#3407),#3405);
#3409=DIRECTION('',(1.745240643729E-2,-9.998476951564E-1,0.E0));
#3410=VECTOR('',#3409,1.000152328044E0);
#3411=CARTESIAN_POINT('',(-2.83E1,0.E0,3.8E1));
#3412=LINE('',#3411,#3410);
#3413=CURVE_STYLE('',#21,POSITIVE_LENGTH_MEASURE(2.E-2),#8);
#3414=PRESENTATION_STYLE_ASSIGNMENT((#3413));
#3415=STYLED_ITEM('',(#3414),#3412);
#3416=DIRECTION('',(1.745240643728E-2,-9.998476951564E-1,0.E0));
#3417=VECTOR('',#3416,2.500380820110E0);
#3418=CARTESIAN_POINT('',(-2.83E1,0.E0,4.5E1));
#3419=LINE('',#3418,#3417);
#3420=CURVE_STYLE('',#21,POSITIVE_LENGTH_MEASURE(2.E-2),#8);
#3421=PRESENTATION_STYLE_ASSIGNMENT((#3420));
#3422=STYLED_ITEM('',(#3421),#3419);
#3423=DIRECTION('',(1.745240643729E-2,-9.998476951564E-1,0.E0));
#3424=VECTOR('',#3423,1.000152328044E0);
#3425=CARTESIAN_POINT('',(-2.83E1,0.E0,-3.8E1));
#3426=LINE('',#3425,#3424);
#3427=CURVE_STYLE('',#21,POSITIVE_LENGTH_MEASURE(2.E-2),#8);
#3428=PRESENTATION_STYLE_ASSIGNMENT((#3427));
#3429=STYLED_ITEM('',(#3428),#3426);
#3430=DIRECTION('',(-1.E0,0.E0,0.E0));
#3431=VECTOR('',#3430,7.825449350718E-1);
#3432=CARTESIAN_POINT('',(-2.75E1,-1.E0,-3.2E1));
#3433=LINE('',#3432,#3431);
#3434=CURVE_STYLE('',#21,POSITIVE_LENGTH_MEASURE(2.E-2),#8);
#3435=PRESENTATION_STYLE_ASSIGNMENT((#3434));
#3436=STYLED_ITEM('',(#3435),#3433);
#3437=DIRECTION('',(1.E0,0.E0,0.E0));
#3438=VECTOR('',#3437,7.825449350718E-1);
#3439=CARTESIAN_POINT('',(-2.828254493507E1,-1.E0,-3.8E1));
#3440=LINE('',#3439,#3438);
#3441=CURVE_STYLE('',#21,POSITIVE_LENGTH_MEASURE(2.E-2),#8);
#3442=PRESENTATION_STYLE_ASSIGNMENT((#3441));
#3443=STYLED_ITEM('',(#3442),#3440);
#3444=DIRECTION('',(-1.E0,0.E0,0.E0));
#3445=VECTOR('',#3444,7.825449350718E-1);
#3446=CARTESIAN_POINT('',(-2.75E1,-1.E0,3.8E1));
#3447=LINE('',#3446,#3445);
#3448=CURVE_STYLE('',#21,POSITIVE_LENGTH_MEASURE(2.E-2),#8);
#3449=PRESENTATION_STYLE_ASSIGNMENT((#3448));
#3450=STYLED_ITEM('',(#3449),#3447);
#3451=DIRECTION('',(1.E0,0.E0,0.E0));
#3452=VECTOR('',#3451,7.825449350718E-1);
#3453=CARTESIAN_POINT('',(-2.828254493507E1,-1.E0,3.2E1));
#3454=LINE('',#3453,#3452);
#3455=CURVE_STYLE('',#21,POSITIVE_LENGTH_MEASURE(2.E-2),#8);
#3456=PRESENTATION_STYLE_ASSIGNMENT((#3455));
#3457=STYLED_ITEM('',(#3456),#3454);
#3458=DIRECTION('',(1.E0,0.E0,0.E0));
#3459=VECTOR('',#3458,7.825449350718E-1);
#3460=CARTESIAN_POINT('',(2.75E1,-1.E0,-3.8E1));
#3461=LINE('',#3460,#3459);
#3462=CURVE_STYLE('',#21,POSITIVE_LENGTH_MEASURE(2.E-2),#8);
#3463=PRESENTATION_STYLE_ASSIGNMENT((#3462));
#3464=STYLED_ITEM('',(#3463),#3461);
#3465=DIRECTION('',(-1.E0,0.E0,0.E0));
#3466=VECTOR('',#3465,7.825449350718E-1);
#3467=CARTESIAN_POINT('',(2.828254493507E1,-1.E0,-3.2E1));
#3468=LINE('',#3467,#3466);
#3469=CURVE_STYLE('',#21,POSITIVE_LENGTH_MEASURE(2.E-2),#8);
#3470=PRESENTATION_STYLE_ASSIGNMENT((#3469));
#3471=STYLED_ITEM('',(#3470),#3468);
#3472=DIRECTION('',(1.E0,0.E0,0.E0));
#3473=VECTOR('',#3472,7.825449350718E-1);
#3474=CARTESIAN_POINT('',(2.75E1,-1.E0,3.2E1));
#3475=LINE('',#3474,#3473);
#3476=CURVE_STYLE('',#21,POSITIVE_LENGTH_MEASURE(2.E-2),#8);
#3477=PRESENTATION_STYLE_ASSIGNMENT((#3476));
#3478=STYLED_ITEM('',(#3477),#3475);
#3479=DIRECTION('',(-1.E0,0.E0,0.E0));
#3480=VECTOR('',#3479,7.825449350718E-1);
#3481=CARTESIAN_POINT('',(2.828254493507E1,-1.E0,3.8E1));
#3482=LINE('',#3481,#3480);
#3483=CURVE_STYLE('',#21,POSITIVE_LENGTH_MEASURE(2.E-2),#8);
#3484=PRESENTATION_STYLE_ASSIGNMENT((#3483));
#3485=STYLED_ITEM('',(#3484),#3482);
#3486=DIRECTION('',(0.E0,0.E0,1.E0));
#3487=VECTOR('',#3486,6.E0);
#3488=CARTESIAN_POINT('',(2.828254493507E1,-1.E0,-3.8E1));
#3489=LINE('',#3488,#3487);
#3490=CURVE_STYLE('',#21,POSITIVE_LENGTH_MEASURE(2.E-2),#8);
#3491=PRESENTATION_STYLE_ASSIGNMENT((#3490));
#3492=STYLED_ITEM('',(#3491),#3489);
#3493=DIRECTION('',(-1.745240643729E-2,-9.998476951564E-1,0.E0));
#3494=VECTOR('',#3493,1.000152328044E0);
#3495=CARTESIAN_POINT('',(2.83E1,0.E0,-3.8E1));
#3496=LINE('',#3495,#3494);
#3497=CURVE_STYLE('',#21,POSITIVE_LENGTH_MEASURE(2.E-2),#8);
#3498=PRESENTATION_STYLE_ASSIGNMENT((#3497));
#3499=STYLED_ITEM('',(#3498),#3496);
#3500=DIRECTION('',(-1.745240643728E-2,-9.998476951564E-1,0.E0));
#3501=VECTOR('',#3500,2.500380820110E0);
#3502=CARTESIAN_POINT('',(2.83E1,0.E0,-4.5E1));
#3503=LINE('',#3502,#3501);
#3504=CURVE_STYLE('',#21,POSITIVE_LENGTH_MEASURE(2.E-2),#8);
#3505=PRESENTATION_STYLE_ASSIGNMENT((#3504));
#3506=STYLED_ITEM('',(#3505),#3503);
#3507=DIRECTION('',(-1.745240643729E-2,-9.998476951564E-1,0.E0));
#3508=VECTOR('',#3507,1.000152328044E0);
#3509=CARTESIAN_POINT('',(2.83E1,0.E0,3.8E1));
#3510=LINE('',#3509,#3508);
#3511=CURVE_STYLE('',#21,POSITIVE_LENGTH_MEASURE(2.E-2),#8);
#3512=PRESENTATION_STYLE_ASSIGNMENT((#3511));
#3513=STYLED_ITEM('',(#3512),#3510);
#3514=DIRECTION('',(0.E0,0.E0,1.E0));
#3515=VECTOR('',#3514,6.E0);
#3516=CARTESIAN_POINT('',(2.828254493507E1,-1.E0,3.2E1));
#3517=LINE('',#3516,#3515);
#3518=CURVE_STYLE('',#21,POSITIVE_LENGTH_MEASURE(2.E-2),#8);
#3519=PRESENTATION_STYLE_ASSIGNMENT((#3518));
#3520=STYLED_ITEM('',(#3519),#3517);
#3521=DIRECTION('',(-1.745240643729E-2,-9.998476951564E-1,0.E0));
#3522=VECTOR('',#3521,1.000152328044E0);
#3523=CARTESIAN_POINT('',(2.83E1,0.E0,3.2E1));
#3524=LINE('',#3523,#3522);
#3525=CURVE_STYLE('',#21,POSITIVE_LENGTH_MEASURE(2.E-2),#8);
#3526=PRESENTATION_STYLE_ASSIGNMENT((#3525));
#3527=STYLED_ITEM('',(#3526),#3524);
#3528=CARTESIAN_POINT('',(2.83E1,0.E0,3.087486631741E1));
#3529=CARTESIAN_POINT('',(2.829301831864E1,-3.999802569749E-1,
3.058012769333E1));
#3530=CARTESIAN_POINT('',(2.828313997552E1,-9.659101552786E-1,
2.987236814566E1));
#3531=CARTESIAN_POINT('',(2.827905392209E1,-1.2E0,2.899689206013E1));
#3532=CARTESIAN_POINT('',(2.827905392209E1,-1.2E0,2.84999979E1));
#3534=CURVE_STYLE('',#21,POSITIVE_LENGTH_MEASURE(2.E-2),#8);
#3535=PRESENTATION_STYLE_ASSIGNMENT((#3534));
#3536=STYLED_ITEM('',(#3535),#3533);
#3537=DIRECTION('',(0.E0,0.E0,-1.E0));
#3538=VECTOR('',#3537,2.984810890002E0);
#3539=CARTESIAN_POINT('',(2.827905392209E1,-1.2E0,2.84999979E1));
#3540=LINE('',#3539,#3538);
#3541=CURVE_STYLE('',#21,POSITIVE_LENGTH_MEASURE(2.E-2),#8);
#3542=PRESENTATION_STYLE_ASSIGNMENT((#3541));
#3543=STYLED_ITEM('',(#3542),#3540);
#3544=CARTESIAN_POINT('',(2.827905392209E1,-1.2E0,2.551518701E1));
#3545=CARTESIAN_POINT('',(2.827879167983E1,-1.215023848713E0,2.499996851601E1));
#3546=CARTESIAN_POINT('',(2.828270272135E1,-9.909604300241E-1,
2.409339452735E1));
#3547=CARTESIAN_POINT('',(2.829275610196E1,-4.150026406427E-1,
2.335834665240E1));
#3548=CARTESIAN_POINT('',(2.83E1,0.E0,2.305273870821E1));
#3550=CURVE_STYLE('',#21,POSITIVE_LENGTH_MEASURE(2.E-2),#8);
#3551=PRESENTATION_STYLE_ASSIGNMENT((#3550));
#3552=STYLED_ITEM('',(#3551),#3549);
#3553=CARTESIAN_POINT('',(2.83E1,0.E0,1.694725715179E1));
#3554=CARTESIAN_POINT('',(2.829275610196E1,-4.150026406427E-1,
1.664164920760E1));
#3555=CARTESIAN_POINT('',(2.828270272135E1,-9.909604300241E-1,
1.590660133265E1));
#3556=CARTESIAN_POINT('',(2.827879167983E1,-1.215023848713E0,1.500002734399E1));
#3557=CARTESIAN_POINT('',(2.827905392209E1,-1.2E0,1.448480885E1));
#3559=CURVE_STYLE('',#21,POSITIVE_LENGTH_MEASURE(2.E-2),#8);
#3560=PRESENTATION_STYLE_ASSIGNMENT((#3559));
#3561=STYLED_ITEM('',(#3560),#3558);
#3562=DIRECTION('',(0.E0,0.E0,-1.E0));
#3563=VECTOR('',#3562,2.969621780004E0);
#3564=CARTESIAN_POINT('',(2.827905392209E1,-1.2E0,1.448480885E1));
#3565=LINE('',#3564,#3563);
#3566=CURVE_STYLE('',#21,POSITIVE_LENGTH_MEASURE(2.E-2),#8);
#3567=PRESENTATION_STYLE_ASSIGNMENT((#3566));
#3568=STYLED_ITEM('',(#3567),#3565);
#3569=CARTESIAN_POINT('',(2.827905392209E1,-1.2E0,1.151518707E1));
#3570=CARTESIAN_POINT('',(2.827879167983E1,-1.215023848713E0,1.099996857601E1));
#3571=CARTESIAN_POINT('',(2.828270272135E1,-9.909604300241E-1,
1.009339458735E1));
#3572=CARTESIAN_POINT('',(2.829275610196E1,-4.150026406427E-1,
9.358346712398E0));
#3573=CARTESIAN_POINT('',(2.83E1,0.E0,9.052738768208E0));
#3575=CURVE_STYLE('',#21,POSITIVE_LENGTH_MEASURE(2.E-2),#8);
#3576=PRESENTATION_STYLE_ASSIGNMENT((#3575));
#3577=STYLED_ITEM('',(#3576),#3574);
#3578=CARTESIAN_POINT('',(2.83E1,0.E0,9.472586717930E-1));
#3579=CARTESIAN_POINT('',(2.829275610196E1,-4.150026406427E-1,
6.416507276026E-1));
#3580=CARTESIAN_POINT('',(2.828270272135E1,-9.909604300241E-1,
-9.339714734551E-2));
#3581=CARTESIAN_POINT('',(2.827879167983E1,-1.215023848713E0,
-9.999711360065E-1));
#3582=CARTESIAN_POINT('',(2.827905392209E1,-1.2E0,-1.515189629997E0));
#3584=CURVE_STYLE('',#21,POSITIVE_LENGTH_MEASURE(2.E-2),#8);
#3585=PRESENTATION_STYLE_ASSIGNMENT((#3584));
#3586=STYLED_ITEM('',(#3585),#3583);
#3587=DIRECTION('',(0.E0,0.E0,-1.E0));
#3588=VECTOR('',#3587,3.E0);
#3589=CARTESIAN_POINT('',(2.827905392209E1,-1.2E0,-1.515189629997E0));
#3590=LINE('',#3589,#3588);
#3591=CURVE_STYLE('',#21,POSITIVE_LENGTH_MEASURE(2.E-2),#8);
#3592=PRESENTATION_STYLE_ASSIGNMENT((#3591));
#3593=STYLED_ITEM('',(#3592),#3590);
#3594=CARTESIAN_POINT('',(2.827905392209E1,-1.2E0,-4.515189629997E0));
#3595=CARTESIAN_POINT('',(2.827929784215E1,-1.186025828695E0,
-4.994411141904E0));
#3596=CARTESIAN_POINT('',(2.828355149171E1,-9.423344089612E-1,
-5.839793108670E0));
#3597=CARTESIAN_POINT('',(2.829326221436E1,-3.860074807356E-1,
-6.521337136665E0));
#3598=CARTESIAN_POINT('',(2.83E1,0.E0,-6.805593045127E0));
#3600=CURVE_STYLE('',#21,POSITIVE_LENGTH_MEASURE(2.E-2),#8);
#3601=PRESENTATION_STYLE_ASSIGNMENT((#3600));
#3602=STYLED_ITEM('',(#3601),#3599);
#3603=CARTESIAN_POINT('',(2.83E1,0.E0,-1.019440631487E1));
#3604=CARTESIAN_POINT('',(2.829326221436E1,-3.860074807356E-1,
-1.047866222333E1));
#3605=CARTESIAN_POINT('',(2.828355149171E1,-9.423344089612E-1,
-1.116020625133E1));
#3606=CARTESIAN_POINT('',(2.827929784215E1,-1.186025828695E0,
-1.200558821810E1));
#3607=CARTESIAN_POINT('',(2.827905392209E1,-1.2E0,-1.248480973E1));
#3609=CURVE_STYLE('',#21,POSITIVE_LENGTH_MEASURE(2.E-2),#8);
#3610=PRESENTATION_STYLE_ASSIGNMENT((#3609));
#3611=STYLED_ITEM('',(#3610),#3608);
#3612=DIRECTION('',(0.E0,0.E0,-1.E0));
#3613=VECTOR('',#3612,3.015189109998E0);
#3614=CARTESIAN_POINT('',(2.827905392209E1,-1.2E0,-1.248480973E1));
#3615=LINE('',#3614,#3613);
#3616=CURVE_STYLE('',#21,POSITIVE_LENGTH_MEASURE(2.E-2),#8);
#3617=PRESENTATION_STYLE_ASSIGNMENT((#3616));
#3618=STYLED_ITEM('',(#3617),#3615);
#3619=CARTESIAN_POINT('',(2.827905392209E1,-1.2E0,-1.549999884E1));
#3620=CARTESIAN_POINT('',(2.827905392209E1,-1.2E0,-1.599689300012E1));
#3621=CARTESIAN_POINT('',(2.828313997552E1,-9.659101552786E-1,
-1.687236908566E1));
#3622=CARTESIAN_POINT('',(2.829301831864E1,-3.999802569749E-1,
-1.758012863333E1));
#3623=CARTESIAN_POINT('',(2.83E1,0.E0,-1.787486725741E1));
#3625=CURVE_STYLE('',#21,POSITIVE_LENGTH_MEASURE(2.E-2),#8);
#3626=PRESENTATION_STYLE_ASSIGNMENT((#3625));
#3627=STYLED_ITEM('',(#3626),#3624);
#3628=CARTESIAN_POINT('',(2.83E1,0.E0,-2.105274304821E1));
#3629=CARTESIAN_POINT('',(2.829275610196E1,-4.150026406427E-1,
-2.135835099240E1));
#3630=CARTESIAN_POINT('',(2.828270272135E1,-9.909604300241E-1,
-2.209339886735E1));
#3631=CARTESIAN_POINT('',(2.827879167983E1,-1.215023848713E0,
-2.299997285601E1));
#3632=CARTESIAN_POINT('',(2.827905392209E1,-1.2E0,-2.351519135E1));
#3634=CURVE_STYLE('',#21,POSITIVE_LENGTH_MEASURE(2.E-2),#8);
#3635=PRESENTATION_STYLE_ASSIGNMENT((#3634));
#3636=STYLED_ITEM('',(#3635),#3633);
#3637=DIRECTION('',(0.E0,0.E0,-1.E0));
#3638=VECTOR('',#3637,3.E0);
#3639=CARTESIAN_POINT('',(2.827905392209E1,-1.2E0,-2.351519135E1));
#3640=LINE('',#3639,#3638);
#3641=CURVE_STYLE('',#21,POSITIVE_LENGTH_MEASURE(2.E-2),#8);
#3642=PRESENTATION_STYLE_ASSIGNMENT((#3641));
#3643=STYLED_ITEM('',(#3642),#3640);
#3644=CARTESIAN_POINT('',(2.827905392209E1,-1.2E0,-2.651519135E1));
#3645=CARTESIAN_POINT('',(2.827929784215E1,-1.186025828695E0,
-2.699441286190E1));
#3646=CARTESIAN_POINT('',(2.828355149171E1,-9.423344089612E-1,
-2.783979482867E1));
#3647=CARTESIAN_POINT('',(2.829326221436E1,-3.860074807356E-1,
-2.852133885667E1));
#3648=CARTESIAN_POINT('',(2.83E1,0.E0,-2.880559476513E1));
#3650=CURVE_STYLE('',#21,POSITIVE_LENGTH_MEASURE(2.E-2),#8);
#3651=PRESENTATION_STYLE_ASSIGNMENT((#3650));
#3652=STYLED_ITEM('',(#3651),#3649);
#3653=DIRECTION('',(-1.745240643729E-2,-9.998476951564E-1,0.E0));
#3654=VECTOR('',#3653,1.000152328044E0);
#3655=CARTESIAN_POINT('',(2.83E1,0.E0,-3.2E1));
#3656=LINE('',#3655,#3654);
#3657=CURVE_STYLE('',#21,POSITIVE_LENGTH_MEASURE(2.E-2),#8);
#3658=PRESENTATION_STYLE_ASSIGNMENT((#3657));
#3659=STYLED_ITEM('',(#3658),#3656);
#3660=DIRECTION('',(0.E0,-9.998476951564E-1,1.745240643729E-2));
#3661=VECTOR('',#3660,2.500380820110E0);
#3662=CARTESIAN_POINT('',(2.7E1,0.E0,-4.63E1));
#3663=LINE('',#3662,#3661);
#3664=CURVE_STYLE('',#21,POSITIVE_LENGTH_MEASURE(2.E-2),#8);
#3665=PRESENTATION_STYLE_ASSIGNMENT((#3664));
#3666=STYLED_ITEM('',(#3665),#3663);
#3667=DIRECTION('',(0.E0,-9.998476951564E-1,1.745240643729E-2));
#3668=VECTOR('',#3667,2.500380820110E0);
#3669=CARTESIAN_POINT('',(-1.724988339536E1,0.E0,-4.63E1));
#3670=LINE('',#3669,#3668);
#3671=CURVE_STYLE('',#21,POSITIVE_LENGTH_MEASURE(2.E-2),#8);
#3672=PRESENTATION_STYLE_ASSIGNMENT((#3671));
#3673=STYLED_ITEM('',(#3672),#3670);
#3674=DIRECTION('',(0.E0,-9.998476951564E-1,1.745240643729E-2));
#3675=VECTOR('',#3674,2.500380820110E0);
#3676=CARTESIAN_POINT('',(-2.7E1,0.E0,-4.63E1));
#3677=LINE('',#3676,#3675);
#3678=CURVE_STYLE('',#21,POSITIVE_LENGTH_MEASURE(2.E-2),#8);
#3679=PRESENTATION_STYLE_ASSIGNMENT((#3678));
#3680=STYLED_ITEM('',(#3679),#3677);
#3681=DIRECTION('',(0.E0,-9.998476951564E-1,1.745240643729E-2));
#3682=VECTOR('',#3681,2.500380820110E0);
#3683=CARTESIAN_POINT('',(-1.024988339536E1,0.E0,-4.63E1));
#3684=LINE('',#3683,#3682);
#3685=CURVE_STYLE('',#21,POSITIVE_LENGTH_MEASURE(2.E-2),#8);
#3686=PRESENTATION_STYLE_ASSIGNMENT((#3685));
#3687=STYLED_ITEM('',(#3686),#3684);
#3688=DIRECTION('',(1.745240643729E-2,-9.998476951564E-1,0.E0));
#3689=VECTOR('',#3688,2.500380820110E0);
#3690=CARTESIAN_POINT('',(-2.83E1,0.E0,-4.5E1));
#3691=LINE('',#3690,#3689);
#3692=CURVE_STYLE('',#21,POSITIVE_LENGTH_MEASURE(2.E-2),#8);
#3693=PRESENTATION_STYLE_ASSIGNMENT((#3692));
#3694=STYLED_ITEM('',(#3693),#3691);
#3695=DIRECTION('',(0.E0,0.E0,-1.E0));
#3696=VECTOR('',#3695,7.563623376794E-1);
#3697=CARTESIAN_POINT('',(-1.024988339536E1,-2.5E0,-4.55E1));
#3698=LINE('',#3697,#3696);
#3699=CURVE_STYLE('',#21,POSITIVE_LENGTH_MEASURE(2.E-2),#8);
#3700=PRESENTATION_STYLE_ASSIGNMENT((#3699));
#3701=STYLED_ITEM('',(#3700),#3698);
#3702=DIRECTION('',(0.E0,1.E0,0.E0));
#3703=VECTOR('',#3702,4.E0);
#3704=CARTESIAN_POINT('',(-1.024988339536E1,0.E0,-4.61E1));
#3705=LINE('',#3704,#3703);
#3706=CURVE_STYLE('',#21,POSITIVE_LENGTH_MEASURE(2.E-2),#8);
#3707=PRESENTATION_STYLE_ASSIGNMENT((#3706));
#3708=STYLED_ITEM('',(#3707),#3705);
#3709=DIRECTION('',(-1.745240643729E-2,-9.998476951564E-1,0.E0));
#3710=VECTOR('',#3709,2.500380820110E0);
#3711=CARTESIAN_POINT('',(2.83E1,0.E0,4.5E1));
#3712=LINE('',#3711,#3710);
#3713=CURVE_STYLE('',#21,POSITIVE_LENGTH_MEASURE(2.E-2),#8);
#3714=PRESENTATION_STYLE_ASSIGNMENT((#3713));
#3715=STYLED_ITEM('',(#3714),#3712);
#3716=CARTESIAN_POINT('',(2.865E1,1.75E0,2.84999979E1));
#3717=DIRECTION('',(1.E0,0.E0,0.E0));
#3718=DIRECTION('',(0.E0,1.E0,0.E0));
#3719=AXIS2_PLACEMENT_3D('',#3716,#3717,#3718);
#3721=CURVE_STYLE('',#21,POSITIVE_LENGTH_MEASURE(2.E-2),#8);
#3722=PRESENTATION_STYLE_ASSIGNMENT((#3721));
#3723=STYLED_ITEM('',(#3722),#3720);
#3724=DIRECTION('',(1.E0,0.E0,0.E0));
#3725=VECTOR('',#3724,1.15E0);
#3726=CARTESIAN_POINT('',(2.75E1,4.7E0,2.84999979E1));
#3727=LINE('',#3726,#3725);
#3728=CURVE_STYLE('',#21,POSITIVE_LENGTH_MEASURE(2.E-2),#8);
#3729=PRESENTATION_STYLE_ASSIGNMENT((#3728));
#3730=STYLED_ITEM('',(#3729),#3727);
#3731=DIRECTION('',(0.E0,0.E0,1.E0));
#3732=VECTOR('',#3731,2.984810890002E0);
#3733=CARTESIAN_POINT('',(2.865E1,4.7E0,2.551518701E1));
#3734=LINE('',#3733,#3732);
#3735=CURVE_STYLE('',#21,POSITIVE_LENGTH_MEASURE(2.E-2),#8);
#3736=PRESENTATION_STYLE_ASSIGNMENT((#3735));
#3737=STYLED_ITEM('',(#3736),#3734);
#3738=DIRECTION('',(1.E0,0.E0,0.E0));
#3739=VECTOR('',#3738,1.15E0);
#3740=CARTESIAN_POINT('',(2.75E1,4.7E0,2.551518701E1));
#3741=LINE('',#3740,#3739);
#3742=CURVE_STYLE('',#21,POSITIVE_LENGTH_MEASURE(2.E-2),#8);
#3743=PRESENTATION_STYLE_ASSIGNMENT((#3742));
#3744=STYLED_ITEM('',(#3743),#3741);
#3745=DIRECTION('',(1.E0,0.E0,0.E0));
#3746=VECTOR('',#3745,1.15E0);
#3747=CARTESIAN_POINT('',(2.75E1,1.E0,2.257479951280E1));
#3748=LINE('',#3747,#3746);
#3749=CURVE_STYLE('',#21,POSITIVE_LENGTH_MEASURE(2.E-2),#8);
#3750=PRESENTATION_STYLE_ASSIGNMENT((#3749));
#3751=STYLED_ITEM('',(#3750),#3748);
#3752=CARTESIAN_POINT('',(2.865E1,1.75E0,2.542916456667E1));
#3753=DIRECTION('',(1.E0,0.E0,0.E0));
#3754=DIRECTION('',(0.E0,-5.929682878260E-1,-8.052258128207E-1));
#3755=AXIS2_PLACEMENT_3D('',#3752,#3753,#3754);
#3757=CURVE_STYLE('',#21,POSITIVE_LENGTH_MEASURE(2.E-2),#8);
#3758=PRESENTATION_STYLE_ASSIGNMENT((#3757));
#3759=STYLED_ITEM('',(#3758),#3756);
#3760=DIRECTION('',(1.E0,0.E0,0.E0));
#3761=VECTOR('',#3760,7.790539220861E-1);
#3762=CARTESIAN_POINT('',(2.75E1,-1.2E0,2.551518701E1));
#3763=LINE('',#3762,#3761);
#3764=CURVE_STYLE('',#21,POSITIVE_LENGTH_MEASURE(2.E-2),#8);
#3765=PRESENTATION_STYLE_ASSIGNMENT((#3764));
#3766=STYLED_ITEM('',(#3765),#3763);
#3767=DIRECTION('',(1.E0,0.E0,0.E0));
#3768=VECTOR('',#3767,1.15E0);
#3769=CARTESIAN_POINT('',(2.75E1,2.5E0,2.257479951280E1));
#3770=LINE('',#3769,#3768);
#3771=CURVE_STYLE('',#21,POSITIVE_LENGTH_MEASURE(2.E-2),#8);
#3772=PRESENTATION_STYLE_ASSIGNMENT((#3771));
#3773=STYLED_ITEM('',(#3772),#3770);
#3774=CARTESIAN_POINT('',(2.865E1,1.75E0,2.542916456667E1));
#3775=DIRECTION('',(1.E0,0.E0,0.E0));
#3776=DIRECTION('',(0.E0,2.541292662111E-1,-9.671702621850E-1));
#3777=AXIS2_PLACEMENT_3D('',#3774,#3775,#3776);
#3779=CURVE_STYLE('',#21,POSITIVE_LENGTH_MEASURE(2.E-2),#8);
#3780=PRESENTATION_STYLE_ASSIGNMENT((#3779));
#3781=STYLED_ITEM('',(#3780),#3778);
#3782=DIRECTION('',(1.E0,0.E0,0.E0));
#3783=VECTOR('',#3782,1.15E0);
#3784=CARTESIAN_POINT('',(2.75E1,2.5E0,-2.057480385280E1));
#3785=LINE('',#3784,#3783);
#3786=CURVE_STYLE('',#21,POSITIVE_LENGTH_MEASURE(2.E-2),#8);
#3787=PRESENTATION_STYLE_ASSIGNMENT((#3786));
#3788=STYLED_ITEM('',(#3787),#3785);
#3789=CARTESIAN_POINT('',(2.865E1,1.75E0,-2.342916890667E1));
#3790=DIRECTION('',(1.E0,0.E0,0.E0));
#3791=DIRECTION('',(0.E0,9.995751137637E-1,-2.914776053508E-2));
#3792=AXIS2_PLACEMENT_3D('',#3789,#3790,#3791);
#3794=CURVE_STYLE('',#21,POSITIVE_LENGTH_MEASURE(2.E-2),#8);
#3795=PRESENTATION_STYLE_ASSIGNMENT((#3794));
#3796=STYLED_ITEM('',(#3795),#3793);
#3797=DIRECTION('',(1.E0,0.E0,0.E0));
#3798=VECTOR('',#3797,1.15E0);
#3799=CARTESIAN_POINT('',(2.75E1,4.7E0,-2.351519135E1));
#3800=LINE('',#3799,#3798);
#3801=CURVE_STYLE('',#21,POSITIVE_LENGTH_MEASURE(2.E-2),#8);
#3802=PRESENTATION_STYLE_ASSIGNMENT((#3801));
#3803=STYLED_ITEM('',(#3802),#3800);
#3804=DIRECTION('',(1.E0,0.E0,0.E0));
#3805=VECTOR('',#3804,1.15E0);
#3806=CARTESIAN_POINT('',(2.75E1,1.E0,-2.057480385280E1));
#3807=LINE('',#3806,#3805);
#3808=CURVE_STYLE('',#21,POSITIVE_LENGTH_MEASURE(2.E-2),#8);
#3809=PRESENTATION_STYLE_ASSIGNMENT((#3808));
#3810=STYLED_ITEM('',(#3809),#3807);
#3811=CARTESIAN_POINT('',(2.865E1,1.75E0,-2.342916890667E1));
#3812=DIRECTION('',(1.E0,0.E0,0.E0));
#3813=DIRECTION('',(0.E0,-2.541292662111E-1,9.671702621850E-1));
#3814=AXIS2_PLACEMENT_3D('',#3811,#3812,#3813);
#3816=CURVE_STYLE('',#21,POSITIVE_LENGTH_MEASURE(2.E-2),#8);
#3817=PRESENTATION_STYLE_ASSIGNMENT((#3816));
#3818=STYLED_ITEM('',(#3817),#3815);
#3819=DIRECTION('',(0.E0,0.E0,1.E0));
#3820=VECTOR('',#3819,3.E0);
#3821=CARTESIAN_POINT('',(2.865E1,4.7E0,-2.651519135E1));
#3822=LINE('',#3821,#3820);
#3823=CURVE_STYLE('',#21,POSITIVE_LENGTH_MEASURE(2.E-2),#8);
#3824=PRESENTATION_STYLE_ASSIGNMENT((#3823));
#3825=STYLED_ITEM('',(#3824),#3822);
#3826=DIRECTION('',(1.E0,0.E0,0.E0));
#3827=VECTOR('',#3826,1.15E0);
#3828=CARTESIAN_POINT('',(2.75E1,4.7E0,-2.651519135E1));
#3829=LINE('',#3828,#3827);
#3830=CURVE_STYLE('',#21,POSITIVE_LENGTH_MEASURE(2.E-2),#8);
#3831=PRESENTATION_STYLE_ASSIGNMENT((#3830));
#3832=STYLED_ITEM('',(#3831),#3829);
#3833=DIRECTION('',(1.E0,0.E0,-1.824116959343E-14));
#3834=VECTOR('',#3833,7.790539220861E-1);
#3835=CARTESIAN_POINT('',(2.75E1,-1.2E0,-2.651519135E1));
#3836=LINE('',#3835,#3834);
#3837=CURVE_STYLE('',#21,POSITIVE_LENGTH_MEASURE(2.E-2),#8);
#3838=PRESENTATION_STYLE_ASSIGNMENT((#3837));
#3839=STYLED_ITEM('',(#3838),#3836);
#3840=CARTESIAN_POINT('',(2.865E1,1.75E0,-2.642916890667E1));
#3841=DIRECTION('',(1.E0,0.E0,0.E0));
#3842=DIRECTION('',(0.E0,-5.929682878260E-1,-8.052258128207E-1));
#3843=AXIS2_PLACEMENT_3D('',#3840,#3841,#3842);
#3845=CURVE_STYLE('',#21,POSITIVE_LENGTH_MEASURE(2.E-2),#8);
#3846=PRESENTATION_STYLE_ASSIGNMENT((#3845));
#3847=STYLED_ITEM('',(#3846),#3844);
#3848=DIRECTION('',(1.E0,0.E0,0.E0));
#3849=VECTOR('',#3848,7.790539220861E-1);
#3850=CARTESIAN_POINT('',(2.75E1,-1.2E0,-2.351519135E1));
#3851=LINE('',#3850,#3849);
#3852=CURVE_STYLE('',#21,POSITIVE_LENGTH_MEASURE(2.E-2),#8);
#3853=PRESENTATION_STYLE_ASSIGNMENT((#3852));
#3854=STYLED_ITEM('',(#3853),#3851);
#3855=DIRECTION('',(1.E0,0.E0,0.E0));
#3856=VECTOR('',#3855,1.15E0);
#3857=CARTESIAN_POINT('',(2.75E1,2.5E0,-9.716467119462E0));
#3858=LINE('',#3857,#3856);
#3859=CURVE_STYLE('',#21,POSITIVE_LENGTH_MEASURE(2.E-2),#8);
#3860=PRESENTATION_STYLE_ASSIGNMENT((#3859));
#3861=STYLED_ITEM('',(#3860),#3858);
#3862=CARTESIAN_POINT('',(2.865E1,1.75E0,-1.257083217333E1));
#3863=DIRECTION('',(1.E0,0.E0,0.E0));
#3864=DIRECTION('',(0.E0,9.995751137637E-1,2.914776053508E-2));
#3865=AXIS2_PLACEMENT_3D('',#3862,#3863,#3864);
#3867=CURVE_STYLE('',#21,POSITIVE_LENGTH_MEASURE(2.E-2),#8);
#3868=PRESENTATION_STYLE_ASSIGNMENT((#3867));
#3869=STYLED_ITEM('',(#3868),#3866);
#3870=DIRECTION('',(1.E0,0.E0,0.E0));
#3871=VECTOR('',#3870,1.15E0);
#3872=CARTESIAN_POINT('',(2.75E1,4.7E0,-1.248480973E1));
#3873=LINE('',#3872,#3871);
#3874=CURVE_STYLE('',#21,POSITIVE_LENGTH_MEASURE(2.E-2),#8);
#3875=PRESENTATION_STYLE_ASSIGNMENT((#3874));
#3876=STYLED_ITEM('',(#3875),#3873);
#3877=DIRECTION('',(1.E0,0.E0,0.E0));
#3878=VECTOR('',#3877,1.15E0);
#3879=CARTESIAN_POINT('',(2.75E1,1.E0,-9.716467119462E0));
#3880=LINE('',#3879,#3878);
#3881=CURVE_STYLE('',#21,POSITIVE_LENGTH_MEASURE(2.E-2),#8);
#3882=PRESENTATION_STYLE_ASSIGNMENT((#3881));
#3883=STYLED_ITEM('',(#3882),#3880);
#3884=CARTESIAN_POINT('',(2.865E1,1.75E0,-1.257083217333E1));
#3885=DIRECTION('',(1.E0,0.E0,0.E0));
#3886=DIRECTION('',(0.E0,-2.541292662111E-1,9.671702621850E-1));
#3887=AXIS2_PLACEMENT_3D('',#3884,#3885,#3886);
#3889=CURVE_STYLE('',#21,POSITIVE_LENGTH_MEASURE(2.E-2),#8);
#3890=PRESENTATION_STYLE_ASSIGNMENT((#3889));
#3891=STYLED_ITEM('',(#3890),#3888);
#3892=DIRECTION('',(0.E0,0.E0,1.E0));
#3893=VECTOR('',#3892,3.015189109998E0);
#3894=CARTESIAN_POINT('',(2.865E1,4.7E0,-1.549999884E1));
#3895=LINE('',#3894,#3893);
#3896=CURVE_STYLE('',#21,POSITIVE_LENGTH_MEASURE(2.E-2),#8);
#3897=PRESENTATION_STYLE_ASSIGNMENT((#3896));
#3898=STYLED_ITEM('',(#3897),#3895);
#3899=DIRECTION('',(1.E0,0.E0,0.E0));
#3900=VECTOR('',#3899,1.15E0);
#3901=CARTESIAN_POINT('',(2.75E1,4.7E0,-1.549999884E1));
#3902=LINE('',#3901,#3900);
#3903=CURVE_STYLE('',#21,POSITIVE_LENGTH_MEASURE(2.E-2),#8);
#3904=PRESENTATION_STYLE_ASSIGNMENT((#3903));
#3905=STYLED_ITEM('',(#3904),#3902);
#3906=DIRECTION('',(1.E0,0.E0,1.368087719507E-14));
#3907=VECTOR('',#3906,7.790539220861E-1);
#3908=CARTESIAN_POINT('',(2.75E1,-1.2E0,-1.248480973E1));
#3909=LINE('',#3908,#3907);
#3910=CURVE_STYLE('',#21,POSITIVE_LENGTH_MEASURE(2.E-2),#8);
#3911=PRESENTATION_STYLE_ASSIGNMENT((#3910));
#3912=STYLED_ITEM('',(#3911),#3909);
#3913=DIRECTION('',(1.E0,0.E0,0.E0));
#3914=VECTOR('',#3913,1.15E0);
#3915=CARTESIAN_POINT('',(2.75E1,2.5E0,-7.283532240537E0));
#3916=LINE('',#3915,#3914);
#3917=CURVE_STYLE('',#21,POSITIVE_LENGTH_MEASURE(2.E-2),#8);
#3918=PRESENTATION_STYLE_ASSIGNMENT((#3917));
#3919=STYLED_ITEM('',(#3918),#3916);
#3920=CARTESIAN_POINT('',(2.865E1,1.75E0,-4.429167186667E0));
#3921=DIRECTION('',(1.E0,0.E0,0.E0));
#3922=DIRECTION('',(0.E0,2.541292662111E-1,-9.671702621850E-1));
#3923=AXIS2_PLACEMENT_3D('',#3920,#3921,#3922);
#3925=CURVE_STYLE('',#21,POSITIVE_LENGTH_MEASURE(2.E-2),#8);
#3926=PRESENTATION_STYLE_ASSIGNMENT((#3925));
#3927=STYLED_ITEM('',(#3926),#3924);
#3928=DIRECTION('',(1.E0,0.E0,0.E0));
#3929=VECTOR('',#3928,1.15E0);
#3930=CARTESIAN_POINT('',(2.75E1,1.E0,-7.283532240537E0));
#3931=LINE('',#3930,#3929);
#3932=CURVE_STYLE('',#21,POSITIVE_LENGTH_MEASURE(2.E-2),#8);
#3933=PRESENTATION_STYLE_ASSIGNMENT((#3932));
#3934=STYLED_ITEM('',(#3933),#3931);
#3935=CARTESIAN_POINT('',(2.865E1,1.75E0,-4.429167186667E0));
#3936=DIRECTION('',(1.E0,0.E0,0.E0));
#3937=DIRECTION('',(0.E0,-5.929682878260E-1,-8.052258128207E-1));
#3938=AXIS2_PLACEMENT_3D('',#3935,#3936,#3937);
#3940=CURVE_STYLE('',#21,POSITIVE_LENGTH_MEASURE(2.E-2),#8);
#3941=PRESENTATION_STYLE_ASSIGNMENT((#3940));
#3942=STYLED_ITEM('',(#3941),#3939);
#3943=DIRECTION('',(1.E0,0.E0,0.E0));
#3944=VECTOR('',#3943,7.790539220861E-1);
#3945=CARTESIAN_POINT('',(2.75E1,-1.2E0,-4.515189629997E0));
#3946=LINE('',#3945,#3944);
#3947=CURVE_STYLE('',#21,POSITIVE_LENGTH_MEASURE(2.E-2),#8);
#3948=PRESENTATION_STYLE_ASSIGNMENT((#3947));
#3949=STYLED_ITEM('',(#3948),#3946);
#3950=DIRECTION('',(0.E0,0.E0,1.E0));
#3951=VECTOR('',#3950,3.E0);
#3952=CARTESIAN_POINT('',(2.865E1,4.7E0,-4.515189629997E0));
#3953=LINE('',#3952,#3951);
#3954=CURVE_STYLE('',#21,POSITIVE_LENGTH_MEASURE(2.E-2),#8);
#3955=PRESENTATION_STYLE_ASSIGNMENT((#3954));
#3956=STYLED_ITEM('',(#3955),#3953);
#3957=DIRECTION('',(1.E0,0.E0,0.E0));
#3958=VECTOR('',#3957,1.15E0);
#3959=CARTESIAN_POINT('',(2.75E1,4.7E0,-4.515189629997E0));
#3960=LINE('',#3959,#3958);
#3961=CURVE_STYLE('',#21,POSITIVE_LENGTH_MEASURE(2.E-2),#8);
#3962=PRESENTATION_STYLE_ASSIGNMENT((#3961));
#3963=STYLED_ITEM('',(#3962),#3960);
#3964=DIRECTION('',(1.E0,0.E0,0.E0));
#3965=VECTOR('',#3964,1.15E0);
#3966=CARTESIAN_POINT('',(2.75E1,2.5E0,1.425197867204E0));
#3967=LINE('',#3966,#3965);
#3968=CURVE_STYLE('',#21,POSITIVE_LENGTH_MEASURE(2.E-2),#8);
#3969=PRESENTATION_STYLE_ASSIGNMENT((#3968));
#3970=STYLED_ITEM('',(#3969),#3967);
#3971=CARTESIAN_POINT('',(2.865E1,1.75E0,-1.429167186667E0));
#3972=DIRECTION('',(1.E0,0.E0,0.E0));
#3973=DIRECTION('',(0.E0,9.995751137637E-1,-2.914776053508E-2));
#3974=AXIS2_PLACEMENT_3D('',#3971,#3972,#3973);
#3976=CURVE_STYLE('',#21,POSITIVE_LENGTH_MEASURE(2.E-2),#8);
#3977=PRESENTATION_STYLE_ASSIGNMENT((#3976));
#3978=STYLED_ITEM('',(#3977),#3975);
#3979=DIRECTION('',(1.E0,0.E0,1.370884082581E-14));
#3980=VECTOR('',#3979,1.15E0);
#3981=CARTESIAN_POINT('',(2.75E1,4.7E0,-1.515189629997E0));
#3982=LINE('',#3981,#3980);
#3983=CURVE_STYLE('',#21,POSITIVE_LENGTH_MEASURE(2.E-2),#8);
#3984=PRESENTATION_STYLE_ASSIGNMENT((#3983));
#3985=STYLED_ITEM('',(#3984),#3982);
#3986=DIRECTION('',(1.E0,0.E0,0.E0));
#3987=VECTOR('',#3986,1.15E0);
#3988=CARTESIAN_POINT('',(2.75E1,1.E0,1.425197867204E0));
#3989=LINE('',#3988,#3987);
#3990=CURVE_STYLE('',#21,POSITIVE_LENGTH_MEASURE(2.E-2),#8);
#3991=PRESENTATION_STYLE_ASSIGNMENT((#3990));
#3992=STYLED_ITEM('',(#3991),#3989);
#3993=CARTESIAN_POINT('',(2.865E1,1.75E0,-1.429167186667E0));
#3994=DIRECTION('',(1.E0,0.E0,0.E0));
#3995=DIRECTION('',(0.E0,-2.541292662111E-1,9.671702621850E-1));
#3996=AXIS2_PLACEMENT_3D('',#3993,#3994,#3995);
#3998=CURVE_STYLE('',#21,POSITIVE_LENGTH_MEASURE(2.E-2),#8);
#3999=PRESENTATION_STYLE_ASSIGNMENT((#3998));
#4000=STYLED_ITEM('',(#3999),#3997);
#4001=DIRECTION('',(1.E0,0.E0,1.453593201977E-14));
#4002=VECTOR('',#4001,7.790539220861E-1);
#4003=CARTESIAN_POINT('',(2.75E1,-1.2E0,-1.515189629997E0));
#4004=LINE('',#4003,#4002);
#4005=CURVE_STYLE('',#21,POSITIVE_LENGTH_MEASURE(2.E-2),#8);
#4006=PRESENTATION_STYLE_ASSIGNMENT((#4005));
#4007=STYLED_ITEM('',(#4006),#4004);
#4008=DIRECTION('',(1.E0,0.E0,0.E0));
#4009=VECTOR('',#4008,1.15E0);
#4010=CARTESIAN_POINT('',(2.75E1,2.5E0,8.574799572797E0));
#4011=LINE('',#4010,#4009);
#4012=CURVE_STYLE('',#21,POSITIVE_LENGTH_MEASURE(2.E-2),#8);
#4013=PRESENTATION_STYLE_ASSIGNMENT((#4012));
#4014=STYLED_ITEM('',(#4013),#4011);
#4015=CARTESIAN_POINT('',(2.865E1,1.75E0,1.142916462667E1));
#4016=DIRECTION('',(1.E0,0.E0,0.E0));
#4017=DIRECTION('',(0.E0,2.541292662111E-1,-9.671702621850E-1));
#4018=AXIS2_PLACEMENT_3D('',#4015,#4016,#4017);
#4020=CURVE_STYLE('',#21,POSITIVE_LENGTH_MEASURE(2.E-2),#8);
#4021=PRESENTATION_STYLE_ASSIGNMENT((#4020));
#4022=STYLED_ITEM('',(#4021),#4019);
#4023=DIRECTION('',(1.E0,0.E0,0.E0));
#4024=VECTOR('',#4023,1.15E0);
#4025=CARTESIAN_POINT('',(2.75E1,1.E0,8.574799572797E0));
#4026=LINE('',#4025,#4024);
#4027=CURVE_STYLE('',#21,POSITIVE_LENGTH_MEASURE(2.E-2),#8);
#4028=PRESENTATION_STYLE_ASSIGNMENT((#4027));
#4029=STYLED_ITEM('',(#4028),#4026);
#4030=CARTESIAN_POINT('',(2.865E1,1.75E0,1.142916462667E1));
#4031=DIRECTION('',(1.E0,0.E0,0.E0));
#4032=DIRECTION('',(0.E0,-5.929682878260E-1,-8.052258128207E-1));
#4033=AXIS2_PLACEMENT_3D('',#4030,#4031,#4032);
#4035=CURVE_STYLE('',#21,POSITIVE_LENGTH_MEASURE(2.E-2),#8);
#4036=PRESENTATION_STYLE_ASSIGNMENT((#4035));
#4037=STYLED_ITEM('',(#4036),#4034);
#4038=DIRECTION('',(1.E0,0.E0,-1.140073099590E-14));
#4039=VECTOR('',#4038,7.790539220861E-1);
#4040=CARTESIAN_POINT('',(2.75E1,-1.2E0,1.151518707E1));
#4041=LINE('',#4040,#4039);
#4042=CURVE_STYLE('',#21,POSITIVE_LENGTH_MEASURE(2.E-2),#8);
#4043=PRESENTATION_STYLE_ASSIGNMENT((#4042));
#4044=STYLED_ITEM('',(#4043),#4041);
#4045=DIRECTION('',(0.E0,0.E0,1.E0));
#4046=VECTOR('',#4045,2.969621780004E0);
#4047=CARTESIAN_POINT('',(2.865E1,4.7E0,1.151518707E1));
#4048=LINE('',#4047,#4046);
#4049=CURVE_STYLE('',#21,POSITIVE_LENGTH_MEASURE(2.E-2),#8);
#4050=PRESENTATION_STYLE_ASSIGNMENT((#4049));
#4051=STYLED_ITEM('',(#4050),#4048);
#4052=DIRECTION('',(1.E0,0.E0,0.E0));
#4053=VECTOR('',#4052,1.15E0);
#4054=CARTESIAN_POINT('',(2.75E1,4.7E0,1.151518707E1));
#4055=LINE('',#4054,#4053);
#4056=CURVE_STYLE('',#21,POSITIVE_LENGTH_MEASURE(2.E-2),#8);
#4057=PRESENTATION_STYLE_ASSIGNMENT((#4056));
#4058=STYLED_ITEM('',(#4057),#4055);
#4059=DIRECTION('',(1.E0,0.E0,0.E0));
#4060=VECTOR('',#4059,1.15E0);
#4061=CARTESIAN_POINT('',(2.75E1,2.5E0,1.742519634720E1));
#4062=LINE('',#4061,#4060);
#4063=CURVE_STYLE('',#21,POSITIVE_LENGTH_MEASURE(2.E-2),#8);
#4064=PRESENTATION_STYLE_ASSIGNMENT((#4063));
#4065=STYLED_ITEM('',(#4064),#4062);
#4066=CARTESIAN_POINT('',(2.865E1,1.75E0,1.457083129333E1));
#4067=DIRECTION('',(1.E0,0.E0,0.E0));
#4068=DIRECTION('',(0.E0,9.995751137637E-1,-2.914776053508E-2));
#4069=AXIS2_PLACEMENT_3D('',#4066,#4067,#4068);
#4071=CURVE_STYLE('',#21,POSITIVE_LENGTH_MEASURE(2.E-2),#8);
#4072=PRESENTATION_STYLE_ASSIGNMENT((#4071));
#4073=STYLED_ITEM('',(#4072),#4070);
#4074=DIRECTION('',(1.E0,0.E0,0.E0));
#4075=VECTOR('',#4074,1.15E0);
#4076=CARTESIAN_POINT('',(2.75E1,4.7E0,1.448480885E1));
#4077=LINE('',#4076,#4075);
#4078=CURVE_STYLE('',#21,POSITIVE_LENGTH_MEASURE(2.E-2),#8);
#4079=PRESENTATION_STYLE_ASSIGNMENT((#4078));
#4080=STYLED_ITEM('',(#4079),#4077);
#4081=DIRECTION('',(1.E0,0.E0,0.E0));
#4082=VECTOR('',#4081,1.15E0);
#4083=CARTESIAN_POINT('',(2.75E1,1.E0,1.742519634720E1));
#4084=LINE('',#4083,#4082);
#4085=CURVE_STYLE('',#21,POSITIVE_LENGTH_MEASURE(2.E-2),#8);
#4086=PRESENTATION_STYLE_ASSIGNMENT((#4085));
#4087=STYLED_ITEM('',(#4086),#4084);
#4088=CARTESIAN_POINT('',(2.865E1,1.75E0,1.457083129333E1));
#4089=DIRECTION('',(1.E0,0.E0,0.E0));
#4090=DIRECTION('',(0.E0,-2.541292662111E-1,9.671702621850E-1));
#4091=AXIS2_PLACEMENT_3D('',#4088,#4089,#4090);
#4093=CURVE_STYLE('',#21,POSITIVE_LENGTH_MEASURE(2.E-2),#8);
#4094=PRESENTATION_STYLE_ASSIGNMENT((#4093));
#4095=STYLED_ITEM('',(#4094),#4092);
#4096=DIRECTION('',(1.E0,0.E0,0.E0));
#4097=VECTOR('',#4096,7.790539220861E-1);
#4098=CARTESIAN_POINT('',(2.75E1,-1.2E0,1.448480885E1));
#4099=LINE('',#4098,#4097);
#4100=CURVE_STYLE('',#21,POSITIVE_LENGTH_MEASURE(2.E-2),#8);
#4101=PRESENTATION_STYLE_ASSIGNMENT((#4100));
#4102=STYLED_ITEM('',(#4101),#4099);
#4103=DIRECTION('',(1.E0,0.E0,0.E0));
#4104=VECTOR('',#4103,7.790539220861E-1);
#4105=CARTESIAN_POINT('',(2.75E1,-1.2E0,2.84999979E1));
#4106=LINE('',#4105,#4104);
#4107=CURVE_STYLE('',#21,POSITIVE_LENGTH_MEASURE(2.E-2),#8);
#4108=PRESENTATION_STYLE_ASSIGNMENT((#4107));
#4109=STYLED_ITEM('',(#4108),#4106);
#4110=DIRECTION('',(0.E0,-9.998476951564E-1,-1.745240643729E-2));
#4111=VECTOR('',#4110,2.500380820110E0);
#4112=CARTESIAN_POINT('',(-2.7E1,0.E0,4.63E1));
#4113=LINE('',#4112,#4111);
#4114=CURVE_STYLE('',#21,POSITIVE_LENGTH_MEASURE(2.E-2),#8);
#4115=PRESENTATION_STYLE_ASSIGNMENT((#4114));
#4116=STYLED_ITEM('',(#4115),#4113);
#4117=DIRECTION('',(0.E0,1.E0,1.578986429719E-14));
#4118=VECTOR('',#4117,4.499992668630E-1);
#4119=CARTESIAN_POINT('',(-1.077488339536E1,0.E0,-4.61E1));
#4120=LINE('',#4119,#4118);
#4121=CURVE_STYLE('',#21,POSITIVE_LENGTH_MEASURE(2.E-2),#8);
#4122=PRESENTATION_STYLE_ASSIGNMENT((#4121));
#4123=STYLED_ITEM('',(#4122),#4120);
#4124=DIRECTION('',(-1.853005739870E-10,1.E0,0.E0));
#4125=VECTOR('',#4124,9.9E0);
#4126=CARTESIAN_POINT('',(2.7E1,0.E0,-4.75E1));
#4127=LINE('',#4126,#4125);
#4128=CURVE_STYLE('',#21,POSITIVE_LENGTH_MEASURE(2.E-2),#8);
#4129=PRESENTATION_STYLE_ASSIGNMENT((#4128));
#4130=STYLED_ITEM('',(#4129),#4127);
#4131=DIRECTION('',(-1.E0,0.E0,0.E0));
#4132=VECTOR('',#4131,5.399999999640E1);
#4133=CARTESIAN_POINT('',(2.699999999817E1,9.9E0,-4.75E1));
#4134=LINE('',#4133,#4132);
#4135=CURVE_STYLE('',#21,POSITIVE_LENGTH_MEASURE(2.E-2),#8);
#4136=PRESENTATION_STYLE_ASSIGNMENT((#4135));
#4137=STYLED_ITEM('',(#4136),#4134);
#4138=DIRECTION('',(0.E0,1.E0,0.E0));
#4139=VECTOR('',#4138,4.499992668630E-1);
#4140=CARTESIAN_POINT('',(-1.672488339536E1,0.E0,-4.75E1));
#4141=LINE('',#4140,#4139);
#4142=CURVE_STYLE('',#21,POSITIVE_LENGTH_MEASURE(2.E-2),#8);
#4143=PRESENTATION_STYLE_ASSIGNMENT((#4142));
#4144=STYLED_ITEM('',(#4143),#4141);
#4145=CARTESIAN_POINT('',(-1.374988339536E1,4.499992668630E-1,-4.75E1));
#4146=DIRECTION('',(0.E0,0.E0,1.E0));
#4147=DIRECTION('',(1.E0,0.E0,0.E0));
#4148=AXIS2_PLACEMENT_3D('',#4145,#4146,#4147);
#4150=CURVE_STYLE('',#21,POSITIVE_LENGTH_MEASURE(2.E-2),#8);
#4151=PRESENTATION_STYLE_ASSIGNMENT((#4150));
#4152=STYLED_ITEM('',(#4151),#4149);
#4153=DIRECTION('',(0.E0,1.E0,0.E0));
#4154=VECTOR('',#4153,4.499992668630E-1);
#4155=CARTESIAN_POINT('',(-1.077488339536E1,0.E0,-4.75E1));
#4156=LINE('',#4155,#4154);
#4157=CURVE_STYLE('',#21,POSITIVE_LENGTH_MEASURE(2.E-2),#8);
#4158=PRESENTATION_STYLE_ASSIGNMENT((#4157));
#4159=STYLED_ITEM('',(#4158),#4156);
#4160=CARTESIAN_POINT('',(2.7E1,9.9E0,-4.5E1));
#4161=DIRECTION('',(0.E0,1.E0,0.E0));
#4162=DIRECTION('',(1.E0,0.E0,0.E0));
#4163=AXIS2_PLACEMENT_3D('',#4160,#4161,#4162);
#4165=CURVE_STYLE('',#21,POSITIVE_LENGTH_MEASURE(2.E-2),#8);
#4166=PRESENTATION_STYLE_ASSIGNMENT((#4165));
#4167=STYLED_ITEM('',(#4166),#4164);
#4168=DIRECTION('',(0.E0,1.E0,1.779127238350E-10));
#4169=VECTOR('',#4168,9.9E0);
#4170=CARTESIAN_POINT('',(2.95E1,0.E0,-4.5E1));
#4171=LINE('',#4170,#4169);
#4172=CURVE_STYLE('',#21,POSITIVE_LENGTH_MEASURE(2.E-2),#8);
#4173=PRESENTATION_STYLE_ASSIGNMENT((#4172));
#4174=STYLED_ITEM('',(#4173),#4171);
#4175=CARTESIAN_POINT('',(-2.7E1,9.9E0,-4.5E1));
#4176=DIRECTION('',(0.E0,1.E0,0.E0));
#4177=DIRECTION('',(0.E0,0.E0,-1.E0));
#4178=AXIS2_PLACEMENT_3D('',#4175,#4176,#4177);
#4180=CURVE_STYLE('',#21,POSITIVE_LENGTH_MEASURE(2.E-2),#8);
#4181=PRESENTATION_STYLE_ASSIGNMENT((#4180));
#4182=STYLED_ITEM('',(#4181),#4179);
#4183=DIRECTION('',(1.779138004149E-10,1.E0,0.E0));
#4184=VECTOR('',#4183,9.9E0);
#4185=CARTESIAN_POINT('',(-2.7E1,0.E0,-4.75E1));
#4186=LINE('',#4185,#4184);
#4187=CURVE_STYLE('',#21,POSITIVE_LENGTH_MEASURE(2.E-2),#8);
#4188=PRESENTATION_STYLE_ASSIGNMENT((#4187));
#4189=STYLED_ITEM('',(#4188),#4186);
#4190=DIRECTION('',(0.E0,0.E0,1.E0));
#4191=VECTOR('',#4190,8.999999999640E1);
#4192=CARTESIAN_POINT('',(-2.95E1,9.9E0,-4.499999999817E1));
#4193=LINE('',#4192,#4191);
#4194=CURVE_STYLE('',#21,POSITIVE_LENGTH_MEASURE(2.E-2),#8);
#4195=PRESENTATION_STYLE_ASSIGNMENT((#4194));
#4196=STYLED_ITEM('',(#4195),#4193);
#4197=DIRECTION('',(0.E0,1.E0,1.852994974071E-10));
#4198=VECTOR('',#4197,9.9E0);
#4199=CARTESIAN_POINT('',(-2.95E1,0.E0,-4.5E1));
#4200=LINE('',#4199,#4198);
#4201=CURVE_STYLE('',#21,POSITIVE_LENGTH_MEASURE(2.E-2),#8);
#4202=PRESENTATION_STYLE_ASSIGNMENT((#4201));
#4203=STYLED_ITEM('',(#4202),#4200);
#4204=CARTESIAN_POINT('',(-2.7E1,9.9E0,4.5E1));
#4205=DIRECTION('',(0.E0,1.E0,0.E0));
#4206=DIRECTION('',(-1.E0,0.E0,0.E0));
#4207=AXIS2_PLACEMENT_3D('',#4204,#4205,#4206);
#4209=CURVE_STYLE('',#21,POSITIVE_LENGTH_MEASURE(2.E-2),#8);
#4210=PRESENTATION_STYLE_ASSIGNMENT((#4209));
#4211=STYLED_ITEM('',(#4210),#4208);
#4212=DIRECTION('',(0.E0,1.E0,-1.779127238350E-10));
#4213=VECTOR('',#4212,9.9E0);
#4214=CARTESIAN_POINT('',(-2.95E1,0.E0,4.5E1));
#4215=LINE('',#4214,#4213);
#4216=CURVE_STYLE('',#21,POSITIVE_LENGTH_MEASURE(2.E-2),#8);
#4217=PRESENTATION_STYLE_ASSIGNMENT((#4216));
#4218=STYLED_ITEM('',(#4217),#4215);
#4219=DIRECTION('',(0.E0,-1.E0,0.E0));
#4220=VECTOR('',#4219,4.499992668630E-1);
#4221=CARTESIAN_POINT('',(-1.672488339536E1,4.499992668630E-1,-4.61E1));
#4222=LINE('',#4221,#4220);
#4223=CURVE_STYLE('',#21,POSITIVE_LENGTH_MEASURE(2.E-2),#8);
#4224=PRESENTATION_STYLE_ASSIGNMENT((#4223));
#4225=STYLED_ITEM('',(#4224),#4222);
#4226=DIRECTION('',(0.E0,0.E0,-1.E0));
#4227=VECTOR('',#4226,1.4E0);
#4228=CARTESIAN_POINT('',(-1.672488339536E1,4.499992668630E-1,-4.61E1));
#4229=LINE('',#4228,#4227);
#4230=CURVE_STYLE('',#21,POSITIVE_LENGTH_MEASURE(2.E-2),#8);
#4231=PRESENTATION_STYLE_ASSIGNMENT((#4230));
#4232=STYLED_ITEM('',(#4231),#4229);
#4233=CARTESIAN_POINT('',(-1.374988339536E1,4.499992668630E-1,-4.61E1));
#4234=DIRECTION('',(0.E0,0.E0,1.E0));
#4235=DIRECTION('',(1.E0,0.E0,0.E0));
#4236=AXIS2_PLACEMENT_3D('',#4233,#4234,#4235);
#4238=CURVE_STYLE('',#21,POSITIVE_LENGTH_MEASURE(2.E-2),#8);
#4239=PRESENTATION_STYLE_ASSIGNMENT((#4238));
#4240=STYLED_ITEM('',(#4239),#4237);
#4241=DIRECTION('',(0.E0,0.E0,-1.E0));
#4242=VECTOR('',#4241,1.4E0);
#4243=CARTESIAN_POINT('',(-1.077488339536E1,4.499992668630E-1,-4.61E1));
#4244=LINE('',#4243,#4242);
#4245=CURVE_STYLE('',#21,POSITIVE_LENGTH_MEASURE(2.E-2),#8);
#4246=PRESENTATION_STYLE_ASSIGNMENT((#4245));
#4247=STYLED_ITEM('',(#4246),#4244);
#4248=CARTESIAN_POINT('',(2.865E1,1.75E0,-2.642916890667E1));
#4249=DIRECTION('',(1.E0,0.E0,0.E0));
#4250=DIRECTION('',(0.E0,-8.134790419757E-1,-5.815942299114E-1));
#4251=AXIS2_PLACEMENT_3D('',#4248,#4249,#4250);
#4253=CURVE_STYLE('',#21,POSITIVE_LENGTH_MEASURE(2.E-2),#8);
#4254=PRESENTATION_STYLE_ASSIGNMENT((#4253));
#4255=STYLED_ITEM('',(#4254),#4252);
#4256=DIRECTION('',(1.E0,0.E0,0.E0));
#4257=VECTOR('',#4256,8.5E-1);
#4258=CARTESIAN_POINT('',(2.865E1,3.9E0,-2.650260966691E1));
#4259=LINE('',#4258,#4257);
#4260=CURVE_STYLE('',#21,POSITIVE_LENGTH_MEASURE(2.E-2),#8);
#4261=PRESENTATION_STYLE_ASSIGNMENT((#4260));
#4262=STYLED_ITEM('',(#4261),#4259);
#4263=DIRECTION('',(0.E0,0.E0,1.E0));
#4264=VECTOR('',#4263,3.E0);
#4265=CARTESIAN_POINT('',(2.865E1,3.9E0,-2.650260966691E1));
#4266=LINE('',#4265,#4264);
#4267=CURVE_STYLE('',#21,POSITIVE_LENGTH_MEASURE(2.E-2),#8);
#4268=PRESENTATION_STYLE_ASSIGNMENT((#4267));
#4269=STYLED_ITEM('',(#4268),#4266);
#4270=DIRECTION('',(1.E0,0.E0,0.E0));
#4271=VECTOR('',#4270,8.5E-1);
#4272=CARTESIAN_POINT('',(2.865E1,3.9E0,-2.350260966691E1));
#4273=LINE('',#4272,#4271);
#4274=CURVE_STYLE('',#21,POSITIVE_LENGTH_MEASURE(2.E-2),#8);
#4275=PRESENTATION_STYLE_ASSIGNMENT((#4274));
#4276=STYLED_ITEM('',(#4275),#4273);
#4277=CARTESIAN_POINT('',(2.865E1,1.75E0,-2.342916890667E1));
#4278=DIRECTION('',(1.E0,0.E0,0.E0));
#4279=DIRECTION('',(0.E0,9.994171087130E-1,-3.413858244989E-2));
#4280=AXIS2_PLACEMENT_3D('',#4277,#4278,#4279);
#4282=CURVE_STYLE('',#21,POSITIVE_LENGTH_MEASURE(2.E-2),#8);
#4283=PRESENTATION_STYLE_ASSIGNMENT((#4282));
#4284=STYLED_ITEM('',(#4283),#4281);
#4285=CARTESIAN_POINT('',(2.865E1,1.75E0,-1.549999884E1));
#4286=DIRECTION('',(1.E0,0.E0,0.E0));
#4287=DIRECTION('',(0.E0,-8.139534883721E-1,-5.809300463626E-1));
#4288=AXIS2_PLACEMENT_3D('',#4285,#4286,#4287);
#4290=CURVE_STYLE('',#21,POSITIVE_LENGTH_MEASURE(2.E-2),#8);
#4291=PRESENTATION_STYLE_ASSIGNMENT((#4290));
#4292=STYLED_ITEM('',(#4291),#4289);
#4293=DIRECTION('',(1.E0,0.E0,0.E0));
#4294=VECTOR('',#4293,8.5E-1);
#4295=CARTESIAN_POINT('',(2.865E1,3.9E0,-1.549999884E1));
#4296=LINE('',#4295,#4294);
#4297=CURVE_STYLE('',#21,POSITIVE_LENGTH_MEASURE(2.E-2),#8);
#4298=PRESENTATION_STYLE_ASSIGNMENT((#4297));
#4299=STYLED_ITEM('',(#4298),#4296);
#4300=DIRECTION('',(0.E0,0.E0,1.E0));
#4301=VECTOR('',#4300,3.002607426914E0);
#4302=CARTESIAN_POINT('',(2.865E1,3.9E0,-1.549999884E1));
#4303=LINE('',#4302,#4301);
#4304=CURVE_STYLE('',#21,POSITIVE_LENGTH_MEASURE(2.E-2),#8);
#4305=PRESENTATION_STYLE_ASSIGNMENT((#4304));
#4306=STYLED_ITEM('',(#4305),#4303);
#4307=DIRECTION('',(1.E0,0.E0,0.E0));
#4308=VECTOR('',#4307,8.5E-1);
#4309=CARTESIAN_POINT('',(2.865E1,3.9E0,-1.249739141309E1));
#4310=LINE('',#4309,#4308);
#4311=CURVE_STYLE('',#21,POSITIVE_LENGTH_MEASURE(2.E-2),#8);
#4312=PRESENTATION_STYLE_ASSIGNMENT((#4311));
#4313=STYLED_ITEM('',(#4312),#4310);
#4314=CARTESIAN_POINT('',(2.865E1,1.75E0,-1.257083217333E1));
#4315=DIRECTION('',(1.E0,0.E0,0.E0));
#4316=DIRECTION('',(0.E0,9.994171087130E-1,3.413858244988E-2));
#4317=AXIS2_PLACEMENT_3D('',#4314,#4315,#4316);
#4319=CURVE_STYLE('',#21,POSITIVE_LENGTH_MEASURE(2.E-2),#8);
#4320=PRESENTATION_STYLE_ASSIGNMENT((#4319));
#4321=STYLED_ITEM('',(#4320),#4318);
#4322=CARTESIAN_POINT('',(2.865E1,1.75E0,-4.429167186667E0));
#4323=DIRECTION('',(1.E0,0.E0,0.E0));
#4324=DIRECTION('',(0.E0,-8.134790419757E-1,-5.815942299114E-1));
#4325=AXIS2_PLACEMENT_3D('',#4322,#4323,#4324);
#4327=CURVE_STYLE('',#21,POSITIVE_LENGTH_MEASURE(2.E-2),#8);
#4328=PRESENTATION_STYLE_ASSIGNMENT((#4327));
#4329=STYLED_ITEM('',(#4328),#4326);
#4330=DIRECTION('',(1.E0,0.E0,0.E0));
#4331=VECTOR('',#4330,8.5E-1);
#4332=CARTESIAN_POINT('',(2.865E1,3.9E0,-4.502607946913E0));
#4333=LINE('',#4332,#4331);
#4334=CURVE_STYLE('',#21,POSITIVE_LENGTH_MEASURE(2.E-2),#8);
#4335=PRESENTATION_STYLE_ASSIGNMENT((#4334));
#4336=STYLED_ITEM('',(#4335),#4333);
#4337=DIRECTION('',(0.E0,0.E0,1.E0));
#4338=VECTOR('',#4337,3.E0);
#4339=CARTESIAN_POINT('',(2.865E1,3.9E0,-4.502607946913E0));
#4340=LINE('',#4339,#4338);
#4341=CURVE_STYLE('',#21,POSITIVE_LENGTH_MEASURE(2.E-2),#8);
#4342=PRESENTATION_STYLE_ASSIGNMENT((#4341));
#4343=STYLED_ITEM('',(#4342),#4340);
#4344=DIRECTION('',(1.E0,0.E0,0.E0));
#4345=VECTOR('',#4344,8.5E-1);
#4346=CARTESIAN_POINT('',(2.865E1,3.9E0,-1.502607946913E0));
#4347=LINE('',#4346,#4345);
#4348=CURVE_STYLE('',#21,POSITIVE_LENGTH_MEASURE(2.E-2),#8);
#4349=PRESENTATION_STYLE_ASSIGNMENT((#4348));
#4350=STYLED_ITEM('',(#4349),#4347);
#4351=CARTESIAN_POINT('',(2.865E1,1.75E0,-1.429167186667E0));
#4352=DIRECTION('',(1.E0,0.E0,0.E0));
#4353=DIRECTION('',(0.E0,9.994171087130E-1,-3.413858244989E-2));
#4354=AXIS2_PLACEMENT_3D('',#4351,#4352,#4353);
#4356=CURVE_STYLE('',#21,POSITIVE_LENGTH_MEASURE(2.E-2),#8);
#4357=PRESENTATION_STYLE_ASSIGNMENT((#4356));
#4358=STYLED_ITEM('',(#4357),#4355);
#4359=CARTESIAN_POINT('',(2.865E1,1.75E0,1.142916462667E1));
#4360=DIRECTION('',(1.E0,0.E0,0.E0));
#4361=DIRECTION('',(0.E0,-8.134790419757E-1,-5.815942299114E-1));
#4362=AXIS2_PLACEMENT_3D('',#4359,#4360,#4361);
#4364=CURVE_STYLE('',#21,POSITIVE_LENGTH_MEASURE(2.E-2),#8);
#4365=PRESENTATION_STYLE_ASSIGNMENT((#4364));
#4366=STYLED_ITEM('',(#4365),#4363);
#4367=DIRECTION('',(1.E0,0.E0,0.E0));
#4368=VECTOR('',#4367,8.5E-1);
#4369=CARTESIAN_POINT('',(2.865E1,3.9E0,1.150260538691E1));
#4370=LINE('',#4369,#4368);
#4371=CURVE_STYLE('',#21,POSITIVE_LENGTH_MEASURE(2.E-2),#8);
#4372=PRESENTATION_STYLE_ASSIGNMENT((#4371));
#4373=STYLED_ITEM('',(#4372),#4370);
#4374=DIRECTION('',(0.E0,0.E0,1.E0));
#4375=VECTOR('',#4374,2.994785146172E0);
#4376=CARTESIAN_POINT('',(2.865E1,3.9E0,1.150260538691E1));
#4377=LINE('',#4376,#4375);
#4378=CURVE_STYLE('',#21,POSITIVE_LENGTH_MEASURE(2.E-2),#8);
#4379=PRESENTATION_STYLE_ASSIGNMENT((#4378));
#4380=STYLED_ITEM('',(#4379),#4377);
#4381=DIRECTION('',(1.E0,0.E0,0.E0));
#4382=VECTOR('',#4381,8.5E-1);
#4383=CARTESIAN_POINT('',(2.865E1,3.9E0,1.449739053309E1));
#4384=LINE('',#4383,#4382);
#4385=CURVE_STYLE('',#21,POSITIVE_LENGTH_MEASURE(2.E-2),#8);
#4386=PRESENTATION_STYLE_ASSIGNMENT((#4385));
#4387=STYLED_ITEM('',(#4386),#4384);
#4388=CARTESIAN_POINT('',(2.865E1,1.75E0,1.457083129333E1));
#4389=DIRECTION('',(1.E0,0.E0,0.E0));
#4390=DIRECTION('',(0.E0,9.994171087130E-1,-3.413858244988E-2));
#4391=AXIS2_PLACEMENT_3D('',#4388,#4389,#4390);
#4393=CURVE_STYLE('',#21,POSITIVE_LENGTH_MEASURE(2.E-2),#8);
#4394=PRESENTATION_STYLE_ASSIGNMENT((#4393));
#4395=STYLED_ITEM('',(#4394),#4392);
#4396=CARTESIAN_POINT('',(2.865E1,1.75E0,2.542916456667E1));
#4397=DIRECTION('',(1.E0,0.E0,0.E0));
#4398=DIRECTION('',(0.E0,-8.134790419757E-1,-5.815942299114E-1));
#4399=AXIS2_PLACEMENT_3D('',#4396,#4397,#4398);
#4401=CURVE_STYLE('',#21,POSITIVE_LENGTH_MEASURE(2.E-2),#8);
#4402=PRESENTATION_STYLE_ASSIGNMENT((#4401));
#4403=STYLED_ITEM('',(#4402),#4400);
#4404=DIRECTION('',(1.E0,0.E0,0.E0));
#4405=VECTOR('',#4404,8.5E-1);
#4406=CARTESIAN_POINT('',(2.865E1,3.9E0,2.550260532691E1));
#4407=LINE('',#4406,#4405);
#4408=CURVE_STYLE('',#21,POSITIVE_LENGTH_MEASURE(2.E-2),#8);
#4409=PRESENTATION_STYLE_ASSIGNMENT((#4408));
#4410=STYLED_ITEM('',(#4409),#4407);
#4411=DIRECTION('',(0.E0,0.E0,1.E0));
#4412=VECTOR('',#4411,2.997392573086E0);
#4413=CARTESIAN_POINT('',(2.865E1,3.9E0,2.550260532691E1));
#4414=LINE('',#4413,#4412);
#4415=CURVE_STYLE('',#21,POSITIVE_LENGTH_MEASURE(2.E-2),#8);
#4416=PRESENTATION_STYLE_ASSIGNMENT((#4415));
#4417=STYLED_ITEM('',(#4416),#4414);
#4418=DIRECTION('',(1.E0,0.E0,0.E0));
#4419=VECTOR('',#4418,8.5E-1);
#4420=CARTESIAN_POINT('',(2.865E1,3.9E0,2.84999979E1));
#4421=LINE('',#4420,#4419);
#4422=CURVE_STYLE('',#21,POSITIVE_LENGTH_MEASURE(2.E-2),#8);
#4423=PRESENTATION_STYLE_ASSIGNMENT((#4422));
#4424=STYLED_ITEM('',(#4423),#4421);
#4425=CARTESIAN_POINT('',(2.865E1,1.75E0,2.84999979E1));
#4426=DIRECTION('',(1.E0,0.E0,0.E0));
#4427=DIRECTION('',(0.E0,1.E0,0.E0));
#4428=AXIS2_PLACEMENT_3D('',#4425,#4426,#4427);
#4430=CURVE_STYLE('',#21,POSITIVE_LENGTH_MEASURE(2.E-2),#8);
#4431=PRESENTATION_STYLE_ASSIGNMENT((#4430));
#4432=STYLED_ITEM('',(#4431),#4429);
#4433=DIRECTION('',(0.E0,-1.E0,0.E0));
#4434=VECTOR('',#4433,1.3E0);
#4435=CARTESIAN_POINT('',(-2.265999999408E1,1.05E1,-4.18E1));
#4436=LINE('',#4435,#4434);
#4437=CURVE_STYLE('',#21,POSITIVE_LENGTH_MEASURE(2.E-2),#8);
#4438=PRESENTATION_STYLE_ASSIGNMENT((#4437));
#4439=STYLED_ITEM('',(#4438),#4436);
#4440=DIRECTION('',(0.E0,-1.E0,0.E0));
#4441=VECTOR('',#4440,1.3E0);
#4442=CARTESIAN_POINT('',(-2.380999999408E1,1.05E1,-4.065E1));
#4443=LINE('',#4442,#4441);
#4444=CURVE_STYLE('',#21,POSITIVE_LENGTH_MEASURE(2.E-2),#8);
#4445=PRESENTATION_STYLE_ASSIGNMENT((#4444));
#4446=STYLED_ITEM('',(#4445),#4443);
#4447=DIRECTION('',(0.E0,-1.E0,0.E0));
#4448=VECTOR('',#4447,1.3E0);
#4449=CARTESIAN_POINT('',(-2.380999999408E1,1.05E1,2.532999998300E1));
#4450=LINE('',#4449,#4448);
#4451=CURVE_STYLE('',#21,POSITIVE_LENGTH_MEASURE(2.E-2),#8);
#4452=PRESENTATION_STYLE_ASSIGNMENT((#4451));
#4453=STYLED_ITEM('',(#4452),#4450);
#4454=DIRECTION('',(0.E0,-1.E0,0.E0));
#4455=VECTOR('',#4454,1.3E0);
#4456=CARTESIAN_POINT('',(-2.265999999408E1,1.05E1,2.647999998300E1));
#4457=LINE('',#4456,#4455);
#4458=CURVE_STYLE('',#21,POSITIVE_LENGTH_MEASURE(2.E-2),#8);
#4459=PRESENTATION_STYLE_ASSIGNMENT((#4458));
#4460=STYLED_ITEM('',(#4459),#4457);
#4461=DIRECTION('',(0.E0,-1.E0,0.E0));
#4462=VECTOR('',#4461,1.3E0);
#4463=CARTESIAN_POINT('',(2.265999999408E1,1.05E1,2.647999998300E1));
#4464=LINE('',#4463,#4462);
#4465=CURVE_STYLE('',#21,POSITIVE_LENGTH_MEASURE(2.E-2),#8);
#4466=PRESENTATION_STYLE_ASSIGNMENT((#4465));
#4467=STYLED_ITEM('',(#4466),#4464);
#4468=DIRECTION('',(0.E0,-1.E0,0.E0));
#4469=VECTOR('',#4468,1.3E0);
#4470=CARTESIAN_POINT('',(2.380999999408E1,1.05E1,2.532999998300E1));
#4471=LINE('',#4470,#4469);
#4472=CURVE_STYLE('',#21,POSITIVE_LENGTH_MEASURE(2.E-2),#8);
#4473=PRESENTATION_STYLE_ASSIGNMENT((#4472));
#4474=STYLED_ITEM('',(#4473),#4471);
#4475=DIRECTION('',(0.E0,-1.E0,0.E0));
#4476=VECTOR('',#4475,1.3E0);
#4477=CARTESIAN_POINT('',(2.380999999408E1,1.05E1,-4.065E1));
#4478=LINE('',#4477,#4476);
#4479=CURVE_STYLE('',#21,POSITIVE_LENGTH_MEASURE(2.E-2),#8);
#4480=PRESENTATION_STYLE_ASSIGNMENT((#4479));
#4481=STYLED_ITEM('',(#4480),#4478);
#4482=DIRECTION('',(0.E0,-1.E0,0.E0));
#4483=VECTOR('',#4482,2.E0);
#4484=CARTESIAN_POINT('',(-1.76E1,1.05E1,4.23E1));
#4485=LINE('',#4484,#4483);
#4486=CURVE_STYLE('',#21,POSITIVE_LENGTH_MEASURE(2.E-2),#8);
#4487=PRESENTATION_STYLE_ASSIGNMENT((#4486));
#4488=STYLED_ITEM('',(#4487),#4485);
#4489=DIRECTION('',(0.E0,-1.E0,0.E0));
#4490=VECTOR('',#4489,2.E0);
#4491=CARTESIAN_POINT('',(-1.76E1,1.05E1,4.05E1));
#4492=LINE('',#4491,#4490);
#4493=CURVE_STYLE('',#21,POSITIVE_LENGTH_MEASURE(2.E-2),#8);
#4494=PRESENTATION_STYLE_ASSIGNMENT((#4493));
#4495=STYLED_ITEM('',(#4494),#4492);
#4496=DIRECTION('',(-1.E0,0.E0,0.E0));
#4497=VECTOR('',#4496,2.5E1);
#4498=CARTESIAN_POINT('',(1.9E1,8.E0,2.782999998300E1));
#4499=LINE('',#4498,#4497);
#4500=CURVE_STYLE('',#21,POSITIVE_LENGTH_MEASURE(2.E-2),#8);
#4501=PRESENTATION_STYLE_ASSIGNMENT((#4500));
#4502=STYLED_ITEM('',(#4501),#4499);
#4503=DIRECTION('',(0.E0,1.E0,0.E0));
#4504=VECTOR('',#4503,1.3E0);
#4505=CARTESIAN_POINT('',(-6.E0,6.7E0,2.782999998300E1));
#4506=LINE('',#4505,#4504);
#4507=CURVE_STYLE('',#21,POSITIVE_LENGTH_MEASURE(2.E-2),#8);
#4508=PRESENTATION_STYLE_ASSIGNMENT((#4507));
#4509=STYLED_ITEM('',(#4508),#4506);
#4510=DIRECTION('',(0.E0,-1.E0,0.E0));
#4511=VECTOR('',#4510,1.8E0);
#4512=CARTESIAN_POINT('',(2.265999999408E1,8.5E0,2.782999998300E1));
#4513=LINE('',#4512,#4511);
#4514=CURVE_STYLE('',#21,POSITIVE_LENGTH_MEASURE(2.E-2),#8);
#4515=PRESENTATION_STYLE_ASSIGNMENT((#4514));
#4516=STYLED_ITEM('',(#4515),#4513);
#4517=DIRECTION('',(0.E0,1.E0,0.E0));
#4518=VECTOR('',#4517,1.3E0);
#4519=CARTESIAN_POINT('',(1.9E1,6.7E0,2.782999998300E1));
#4520=LINE('',#4519,#4518);
#4521=CURVE_STYLE('',#21,POSITIVE_LENGTH_MEASURE(2.E-2),#8);
#4522=PRESENTATION_STYLE_ASSIGNMENT((#4521));
#4523=STYLED_ITEM('',(#4522),#4520);
#4524=DIRECTION('',(0.E0,-1.E0,0.E0));
#4525=VECTOR('',#4524,1.8E0);
#4526=CARTESIAN_POINT('',(-2.265999999408E1,8.5E0,2.782999998300E1));
#4527=LINE('',#4526,#4525);
#4528=CURVE_STYLE('',#21,POSITIVE_LENGTH_MEASURE(2.E-2),#8);
#4529=PRESENTATION_STYLE_ASSIGNMENT((#4528));
#4530=STYLED_ITEM('',(#4529),#4527);
#4531=DIRECTION('',(0.E0,-1.E0,0.E0));
#4532=VECTOR('',#4531,1.8E0);
#4533=CARTESIAN_POINT('',(-2.515999999408E1,8.5E0,2.532999998300E1));
#4534=LINE('',#4533,#4532);
#4535=CURVE_STYLE('',#21,POSITIVE_LENGTH_MEASURE(2.E-2),#8);
#4536=PRESENTATION_STYLE_ASSIGNMENT((#4535));
#4537=STYLED_ITEM('',(#4536),#4534);
#4538=CARTESIAN_POINT('',(-2.4E1,6.7E0,-4.2E1));
#4539=DIRECTION('',(0.E0,1.E0,0.E0));
#4540=DIRECTION('',(-4.639999976338E-1,0.E0,8.858352003594E-1));
#4541=AXIS2_PLACEMENT_3D('',#4538,#4539,#4540);
#4543=CURVE_STYLE('',#21,POSITIVE_LENGTH_MEASURE(2.E-2),#8);
#4544=PRESENTATION_STYLE_ASSIGNMENT((#4543));
#4545=STYLED_ITEM('',(#4544),#4542);
#4546=DIRECTION('',(0.E0,1.E0,0.E0));
#4547=VECTOR('',#4546,8.5E0);
#4548=CARTESIAN_POINT('',(-2.65E1,0.E0,-4.2E1));
#4549=LINE('',#4548,#4547);
#4550=CURVE_STYLE('',#21,POSITIVE_LENGTH_MEASURE(2.E-2),#8);
#4551=PRESENTATION_STYLE_ASSIGNMENT((#4550));
#4552=STYLED_ITEM('',(#4551),#4549);
#4553=DIRECTION('',(0.E0,1.E0,0.E0));
#4554=VECTOR('',#4553,1.8E0);
#4555=CARTESIAN_POINT('',(-2.515999999408E1,6.7E0,-3.978541199910E1));
#4556=LINE('',#4555,#4554);
#4557=CURVE_STYLE('',#21,POSITIVE_LENGTH_MEASURE(2.E-2),#8);
#4558=PRESENTATION_STYLE_ASSIGNMENT((#4557));
#4559=STYLED_ITEM('',(#4558),#4556);
#4560=CARTESIAN_POINT('',(-2.4E1,6.7E0,-4.2E1));
#4561=DIRECTION('',(0.E0,1.E0,0.E0));
#4562=DIRECTION('',(1.E0,0.E0,0.E0));
#4563=AXIS2_PLACEMENT_3D('',#4560,#4561,#4562);
#4565=CURVE_STYLE('',#21,POSITIVE_LENGTH_MEASURE(2.E-2),#8);
#4566=PRESENTATION_STYLE_ASSIGNMENT((#4565));
#4567=STYLED_ITEM('',(#4566),#4564);
#4568=DIRECTION('',(0.E0,1.E0,0.E0));
#4569=VECTOR('',#4568,1.8E0);
#4570=CARTESIAN_POINT('',(-2.178020271196E1,6.7E0,-4.315E1));
#4571=LINE('',#4570,#4569);
#4572=CURVE_STYLE('',#21,POSITIVE_LENGTH_MEASURE(2.E-2),#8);
#4573=PRESENTATION_STYLE_ASSIGNMENT((#4572));
#4574=STYLED_ITEM('',(#4573),#4571);
#4575=DIRECTION('',(0.E0,1.E0,0.E0));
#4576=VECTOR('',#4575,6.7E0);
#4577=CARTESIAN_POINT('',(-2.15E1,0.E0,-4.2E1));
#4578=LINE('',#4577,#4576);
#4579=CURVE_STYLE('',#21,POSITIVE_LENGTH_MEASURE(2.E-2),#8);
#4580=PRESENTATION_STYLE_ASSIGNMENT((#4579));
#4581=STYLED_ITEM('',(#4580),#4578);
#4582=CARTESIAN_POINT('',(2.4E1,6.7E0,-4.2E1));
#4583=DIRECTION('',(0.E0,1.E0,0.E0));
#4584=DIRECTION('',(-8.879189152169E-1,0.E0,-4.6E-1));
#4585=AXIS2_PLACEMENT_3D('',#4582,#4583,#4584);
#4587=CURVE_STYLE('',#21,POSITIVE_LENGTH_MEASURE(2.E-2),#8);
#4588=PRESENTATION_STYLE_ASSIGNMENT((#4587));
#4589=STYLED_ITEM('',(#4588),#4586);
#4590=DIRECTION('',(0.E0,1.E0,0.E0));
#4591=VECTOR('',#4590,8.5E0);
#4592=CARTESIAN_POINT('',(2.65E1,0.E0,-4.2E1));
#4593=LINE('',#4592,#4591);
#4594=CURVE_STYLE('',#21,POSITIVE_LENGTH_MEASURE(2.E-2),#8);
#4595=PRESENTATION_STYLE_ASSIGNMENT((#4594));
#4596=STYLED_ITEM('',(#4595),#4593);
#4597=DIRECTION('',(0.E0,1.E0,0.E0));
#4598=VECTOR('',#4597,1.8E0);
#4599=CARTESIAN_POINT('',(2.178020271196E1,6.7E0,-4.315E1));
#4600=LINE('',#4599,#4598);
#4601=CURVE_STYLE('',#21,POSITIVE_LENGTH_MEASURE(2.E-2),#8);
#4602=PRESENTATION_STYLE_ASSIGNMENT((#4601));
#4603=STYLED_ITEM('',(#4602),#4600);
#4604=CARTESIAN_POINT('',(2.4E1,6.7E0,-4.2E1));
#4605=DIRECTION('',(0.E0,1.E0,0.E0));
#4606=DIRECTION('',(-1.E0,0.E0,0.E0));
#4607=AXIS2_PLACEMENT_3D('',#4604,#4605,#4606);
#4609=CURVE_STYLE('',#21,POSITIVE_LENGTH_MEASURE(2.E-2),#8);
#4610=PRESENTATION_STYLE_ASSIGNMENT((#4609));
#4611=STYLED_ITEM('',(#4610),#4608);
#4612=DIRECTION('',(0.E0,1.E0,0.E0));
#4613=VECTOR('',#4612,1.8E0);
#4614=CARTESIAN_POINT('',(2.515999999408E1,6.7E0,-3.978541199910E1));
#4615=LINE('',#4614,#4613);
#4616=CURVE_STYLE('',#21,POSITIVE_LENGTH_MEASURE(2.E-2),#8);
#4617=PRESENTATION_STYLE_ASSIGNMENT((#4616));
#4618=STYLED_ITEM('',(#4617),#4615);
#4619=DIRECTION('',(0.E0,1.E0,0.E0));
#4620=VECTOR('',#4619,6.7E0);
#4621=CARTESIAN_POINT('',(2.15E1,0.E0,-4.2E1));
#4622=LINE('',#4621,#4620);
#4623=CURVE_STYLE('',#21,POSITIVE_LENGTH_MEASURE(2.E-2),#8);
#4624=PRESENTATION_STYLE_ASSIGNMENT((#4623));
#4625=STYLED_ITEM('',(#4624),#4622);
#4626=DIRECTION('',(0.E0,-1.E0,0.E0));
#4627=VECTOR('',#4626,1.8E0);
#4628=CARTESIAN_POINT('',(2.515999999408E1,8.5E0,2.532999998300E1));
#4629=LINE('',#4628,#4627);
#4630=CURVE_STYLE('',#21,POSITIVE_LENGTH_MEASURE(2.E-2),#8);
#4631=PRESENTATION_STYLE_ASSIGNMENT((#4630));
#4632=STYLED_ITEM('',(#4631),#4629);
#4633=DIRECTION('',(0.E0,-1.E0,0.E0));
#4634=VECTOR('',#4633,1.E0);
#4635=CARTESIAN_POINT('',(-2.199999852E1,6.7E0,3.8498649E0));
#4636=LINE('',#4635,#4634);
#4637=CURVE_STYLE('',#21,POSITIVE_LENGTH_MEASURE(2.E-2),#8);
#4638=PRESENTATION_STYLE_ASSIGNMENT((#4637));
#4639=STYLED_ITEM('',(#4638),#4636);
#4640=DIRECTION('',(0.E0,-1.E0,0.E0));
#4641=VECTOR('',#4640,1.E0);
#4642=CARTESIAN_POINT('',(-2.199999852E1,6.7E0,5.3498649E0));
#4643=LINE('',#4642,#4641);
#4644=CURVE_STYLE('',#21,POSITIVE_LENGTH_MEASURE(2.E-2),#8);
#4645=PRESENTATION_STYLE_ASSIGNMENT((#4644));
#4646=STYLED_ITEM('',(#4645),#4643);
#4647=DIRECTION('',(0.E0,-1.E0,0.E0));
#4648=VECTOR('',#4647,1.E0);
#4649=CARTESIAN_POINT('',(-2.20000036E1,6.7E0,-3.515013584E1));
#4650=LINE('',#4649,#4648);
#4651=CURVE_STYLE('',#21,POSITIVE_LENGTH_MEASURE(2.E-2),#8);
#4652=PRESENTATION_STYLE_ASSIGNMENT((#4651));
#4653=STYLED_ITEM('',(#4652),#4650);
#4654=DIRECTION('',(0.E0,-1.E0,0.E0));
#4655=VECTOR('',#4654,1.E0);
#4656=CARTESIAN_POINT('',(-2.20000036E1,6.7E0,-3.365013584E1));
#4657=LINE('',#4656,#4655);
#4658=CURVE_STYLE('',#21,POSITIVE_LENGTH_MEASURE(2.E-2),#8);
#4659=PRESENTATION_STYLE_ASSIGNMENT((#4658));
#4660=STYLED_ITEM('',(#4659),#4657);
#4661=DIRECTION('',(0.E0,1.E0,0.E0));
#4662=VECTOR('',#4661,8.5E0);
#4663=CARTESIAN_POINT('',(2.65E1,0.E0,4.2E1));
#4664=LINE('',#4663,#4662);
#4665=CURVE_STYLE('',#21,POSITIVE_LENGTH_MEASURE(2.E-2),#8);
#4666=PRESENTATION_STYLE_ASSIGNMENT((#4665));
#4667=STYLED_ITEM('',(#4666),#4664);
#4668=DIRECTION('',(0.E0,-1.E0,0.E0));
#4669=VECTOR('',#4668,6.E0);
#4670=CARTESIAN_POINT('',(-9.881765520913E0,8.5E0,3.109999815518E1));
#4671=LINE('',#4670,#4669);
#4672=CURVE_STYLE('',#21,POSITIVE_LENGTH_MEASURE(2.E-2),#8);
#4673=PRESENTATION_STYLE_ASSIGNMENT((#4672));
#4674=STYLED_ITEM('',(#4673),#4671);
#4675=DIRECTION('',(0.E0,-1.E0,0.E0));
#4676=VECTOR('',#4675,6.E0);
#4677=CARTESIAN_POINT('',(-9.881765520913E0,8.5E0,3.809999815518E1));
#4678=LINE('',#4677,#4676);
#4679=CURVE_STYLE('',#21,POSITIVE_LENGTH_MEASURE(2.E-2),#8);
#4680=PRESENTATION_STYLE_ASSIGNMENT((#4679));
#4681=STYLED_ITEM('',(#4680),#4678);
#4682=CARTESIAN_POINT('',(-9.881765520913E0,2.5E0,3.459999815518E1));
#4683=DIRECTION('',(0.E0,1.E0,0.E0));
#4684=DIRECTION('',(0.E0,0.E0,-1.E0));
#4685=AXIS2_PLACEMENT_3D('',#4682,#4683,#4684);
#4687=CURVE_STYLE('',#21,POSITIVE_LENGTH_MEASURE(2.E-2),#8);
#4688=PRESENTATION_STYLE_ASSIGNMENT((#4687));
#4689=STYLED_ITEM('',(#4688),#4686);
#4690=CARTESIAN_POINT('',(-9.881765520913E0,2.5E0,3.459999815518E1));
#4691=DIRECTION('',(0.E0,1.E0,0.E0));
#4692=DIRECTION('',(0.E0,0.E0,1.E0));
#4693=AXIS2_PLACEMENT_3D('',#4690,#4691,#4692);
#4695=CURVE_STYLE('',#21,POSITIVE_LENGTH_MEASURE(2.E-2),#8);
#4696=PRESENTATION_STYLE_ASSIGNMENT((#4695));
#4697=STYLED_ITEM('',(#4696),#4694);
#4698=CARTESIAN_POINT('',(-9.881765520913E0,2.5E0,3.459999815518E1));
#4699=DIRECTION('',(0.E0,-1.E0,0.E0));
#4700=DIRECTION('',(0.E0,0.E0,-1.E0));
#4701=AXIS2_PLACEMENT_3D('',#4698,#4699,#4700);
#4703=CURVE_STYLE('',#21,POSITIVE_LENGTH_MEASURE(2.E-2),#8);
#4704=PRESENTATION_STYLE_ASSIGNMENT((#4703));
#4705=STYLED_ITEM('',(#4704),#4702);
#4706=CARTESIAN_POINT('',(-9.881765520913E0,2.5E0,3.459999815518E1));
#4707=DIRECTION('',(0.E0,-1.E0,0.E0));
#4708=DIRECTION('',(0.E0,0.E0,1.E0));
#4709=AXIS2_PLACEMENT_3D('',#4706,#4707,#4708);
#4711=CURVE_STYLE('',#21,POSITIVE_LENGTH_MEASURE(2.E-2),#8);
#4712=PRESENTATION_STYLE_ASSIGNMENT((#4711));
#4713=STYLED_ITEM('',(#4712),#4710);
#4714=CARTESIAN_POINT('',(8.118234479087E0,2.5E0,3.459999815518E1));
#4715=DIRECTION('',(0.E0,-1.E0,0.E0));
#4716=DIRECTION('',(0.E0,0.E0,-1.E0));
#4717=AXIS2_PLACEMENT_3D('',#4714,#4715,#4716);
#4719=CURVE_STYLE('',#21,POSITIVE_LENGTH_MEASURE(2.E-2),#8);
#4720=PRESENTATION_STYLE_ASSIGNMENT((#4719));
#4721=STYLED_ITEM('',(#4720),#4718);
#4722=CARTESIAN_POINT('',(8.118234479087E0,2.5E0,3.459999815518E1));
#4723=DIRECTION('',(0.E0,-1.E0,0.E0));
#4724=DIRECTION('',(0.E0,0.E0,1.E0));
#4725=AXIS2_PLACEMENT_3D('',#4722,#4723,#4724);
#4727=CURVE_STYLE('',#21,POSITIVE_LENGTH_MEASURE(2.E-2),#8);
#4728=PRESENTATION_STYLE_ASSIGNMENT((#4727));
#4729=STYLED_ITEM('',(#4728),#4726);
#4730=CARTESIAN_POINT('',(8.118234479087E0,2.5E0,3.459999815518E1));
#4731=DIRECTION('',(0.E0,1.E0,0.E0));
#4732=DIRECTION('',(0.E0,0.E0,-1.E0));
#4733=AXIS2_PLACEMENT_3D('',#4730,#4731,#4732);
#4735=CURVE_STYLE('',#21,POSITIVE_LENGTH_MEASURE(2.E-2),#8);
#4736=PRESENTATION_STYLE_ASSIGNMENT((#4735));
#4737=STYLED_ITEM('',(#4736),#4734);
#4738=CARTESIAN_POINT('',(8.118234479087E0,2.5E0,3.459999815518E1));
#4739=DIRECTION('',(0.E0,1.E0,0.E0));
#4740=DIRECTION('',(0.E0,0.E0,1.E0));
#4741=AXIS2_PLACEMENT_3D('',#4738,#4739,#4740);
#4743=CURVE_STYLE('',#21,POSITIVE_LENGTH_MEASURE(2.E-2),#8);
#4744=PRESENTATION_STYLE_ASSIGNMENT((#4743));
#4745=STYLED_ITEM('',(#4744),#4742);
#4746=CARTESIAN_POINT('',(2.196823447909E1,2.5E0,3.459999815518E1));
#4747=DIRECTION('',(0.E0,1.E0,0.E0));
#4748=DIRECTION('',(0.E0,0.E0,-1.E0));
#4749=AXIS2_PLACEMENT_3D('',#4746,#4747,#4748);
#4751=CURVE_STYLE('',#21,POSITIVE_LENGTH_MEASURE(2.E-2),#8);
#4752=PRESENTATION_STYLE_ASSIGNMENT((#4751));
#4753=STYLED_ITEM('',(#4752),#4750);
#4754=CARTESIAN_POINT('',(2.196823447909E1,2.5E0,3.459999815518E1));
#4755=DIRECTION('',(0.E0,1.E0,0.E0));
#4756=DIRECTION('',(0.E0,0.E0,1.E0));
#4757=AXIS2_PLACEMENT_3D('',#4754,#4755,#4756);
#4759=CURVE_STYLE('',#21,POSITIVE_LENGTH_MEASURE(2.E-2),#8);
#4760=PRESENTATION_STYLE_ASSIGNMENT((#4759));
#4761=STYLED_ITEM('',(#4760),#4758);
#4762=CARTESIAN_POINT('',(2.196823447909E1,2.5E0,3.459999815518E1));
#4763=DIRECTION('',(0.E0,-1.E0,0.E0));
#4764=DIRECTION('',(0.E0,0.E0,-1.E0));
#4765=AXIS2_PLACEMENT_3D('',#4762,#4763,#4764);
#4767=CURVE_STYLE('',#21,POSITIVE_LENGTH_MEASURE(2.E-2),#8);
#4768=PRESENTATION_STYLE_ASSIGNMENT((#4767));
#4769=STYLED_ITEM('',(#4768),#4766);
#4770=CARTESIAN_POINT('',(2.196823447909E1,2.5E0,3.459999815518E1));
#4771=DIRECTION('',(0.E0,-1.E0,0.E0));
#4772=DIRECTION('',(0.E0,0.E0,1.E0));
#4773=AXIS2_PLACEMENT_3D('',#4770,#4771,#4772);
#4775=CURVE_STYLE('',#21,POSITIVE_LENGTH_MEASURE(2.E-2),#8);
#4776=PRESENTATION_STYLE_ASSIGNMENT((#4775));
#4777=STYLED_ITEM('',(#4776),#4774);
#4778=CARTESIAN_POINT('',(-9.881765520913E0,8.5E0,3.459999815518E1));
#4779=DIRECTION('',(0.E0,1.E0,0.E0));
#4780=DIRECTION('',(0.E0,0.E0,-1.E0));
#4781=AXIS2_PLACEMENT_3D('',#4778,#4779,#4780);
#4783=CURVE_STYLE('',#21,POSITIVE_LENGTH_MEASURE(2.E-2),#8);
#4784=PRESENTATION_STYLE_ASSIGNMENT((#4783));
#4785=STYLED_ITEM('',(#4784),#4782);
#4786=DIRECTION('',(-2.461284003129E-8,-1.E0,-1.261844553179E-9));
#4787=VECTOR('',#4786,6.000000007571E0);
#4788=CARTESIAN_POINT('',(-9.881765373236E0,8.500000007571E0,3.209999816275E1));
#4789=LINE('',#4788,#4787);
#4790=CURVE_STYLE('',#21,POSITIVE_LENGTH_MEASURE(2.E-2),#8);
#4791=PRESENTATION_STYLE_ASSIGNMENT((#4790));
#4792=STYLED_ITEM('',(#4791),#4789);
#4793=CARTESIAN_POINT('',(-9.881765520913E0,9.707106781187E0,3.459999815518E1));
#4794=DIRECTION('',(0.E0,1.E0,0.E0));
#4795=DIRECTION('',(1.181416353898E-7,0.E0,-1.E0));
#4796=AXIS2_PLACEMENT_3D('',#4793,#4794,#4795);
#4798=CURVE_STYLE('',#21,POSITIVE_LENGTH_MEASURE(2.E-2),#8);
#4799=PRESENTATION_STYLE_ASSIGNMENT((#4798));
#4800=STYLED_ITEM('',(#4799),#4797);
#4801=DIRECTION('',(-1.952253570856E-8,7.071067811866E-1,7.071067811865E-1));
#4802=VECTOR('',#4801,1.707106782373E0);
#4803=CARTESIAN_POINT('',(-9.881765373236E0,8.500000007571E0,3.209999816275E1));
#4804=LINE('',#4803,#4802);
#4805=CURVE_STYLE('',#21,POSITIVE_LENGTH_MEASURE(2.E-2),#8);
#4806=PRESENTATION_STYLE_ASSIGNMENT((#4805));
#4807=STYLED_ITEM('',(#4806),#4804);
#4808=CARTESIAN_POINT('',(-9.881765519519E0,9.E0,3.401421171755E1));
#4809=DIRECTION('',(-1.E0,0.E0,-2.379033511857E-9));
#4810=DIRECTION('',(0.E0,1.E0,0.E0));
#4811=AXIS2_PLACEMENT_3D('',#4808,#4809,#4810);
#4813=CURVE_STYLE('',#21,POSITIVE_LENGTH_MEASURE(2.E-2),#8);
#4814=PRESENTATION_STYLE_ASSIGNMENT((#4813));
#4815=STYLED_ITEM('',(#4814),#4812);
#4816=CARTESIAN_POINT('',(2.196823447909E1,1.E1,3.459999815518E1));
#4817=DIRECTION('',(0.E0,1.E0,0.E0));
#4818=DIRECTION('',(-2.798327148097E-11,0.E0,-1.E0));
#4819=AXIS2_PLACEMENT_3D('',#4816,#4817,#4818);
#4821=CURVE_STYLE('',#21,POSITIVE_LENGTH_MEASURE(2.E-2),#8);
#4822=PRESENTATION_STYLE_ASSIGNMENT((#4821));
#4823=STYLED_ITEM('',(#4822),#4820);
#4824=CARTESIAN_POINT('',(2.196823447909E1,1.E1,3.459999815518E1));
#4825=DIRECTION('',(0.E0,1.E0,0.E0));
#4826=DIRECTION('',(2.801966065065E-11,0.E0,1.E0));
#4827=AXIS2_PLACEMENT_3D('',#4824,#4825,#4826);
#4829=CURVE_STYLE('',#21,POSITIVE_LENGTH_MEASURE(2.E-2),#8);
#4830=PRESENTATION_STYLE_ASSIGNMENT((#4829));
#4831=STYLED_ITEM('',(#4830),#4828);
#4832=CARTESIAN_POINT('',(8.118234479087E0,1.E1,3.459999815518E1));
#4833=DIRECTION('',(0.E0,1.E0,0.E0));
#4834=DIRECTION('',(-2.801966065065E-11,0.E0,-1.E0));
#4835=AXIS2_PLACEMENT_3D('',#4832,#4833,#4834);
#4837=CURVE_STYLE('',#21,POSITIVE_LENGTH_MEASURE(2.E-2),#8);
#4838=PRESENTATION_STYLE_ASSIGNMENT((#4837));
#4839=STYLED_ITEM('',(#4838),#4836);
#4840=CARTESIAN_POINT('',(8.118234479087E0,1.E1,3.459999815518E1));
#4841=DIRECTION('',(0.E0,1.E0,0.E0));
#4842=DIRECTION('',(2.801662821984E-11,0.E0,1.E0));
#4843=AXIS2_PLACEMENT_3D('',#4840,#4841,#4842);
#4845=CURVE_STYLE('',#21,POSITIVE_LENGTH_MEASURE(2.E-2),#8);
#4846=PRESENTATION_STYLE_ASSIGNMENT((#4845));
#4847=STYLED_ITEM('',(#4846),#4844);
#4848=CARTESIAN_POINT('',(-9.881765520913E0,1.E1,3.459999815518E1));
#4849=DIRECTION('',(0.E0,1.E0,0.E0));
#4850=DIRECTION('',(-2.798023905017E-11,0.E0,-1.E0));
#4851=AXIS2_PLACEMENT_3D('',#4848,#4849,#4850);
#4853=CURVE_STYLE('',#21,POSITIVE_LENGTH_MEASURE(2.E-2),#8);
#4854=PRESENTATION_STYLE_ASSIGNMENT((#4853));
#4855=STYLED_ITEM('',(#4854),#4852);
#4856=CARTESIAN_POINT('',(-9.881765520913E0,1.E1,3.459999815518E1));
#4857=DIRECTION('',(0.E0,1.E0,0.E0));
#4858=DIRECTION('',(2.801359578904E-11,0.E0,1.E0));
#4859=AXIS2_PLACEMENT_3D('',#4856,#4857,#4858);
#4861=CURVE_STYLE('',#21,POSITIVE_LENGTH_MEASURE(2.E-2),#8);
#4862=PRESENTATION_STYLE_ASSIGNMENT((#4861));
#4863=STYLED_ITEM('',(#4862),#4860);
#4864=CARTESIAN_POINT('',(2.196823448048E1,9.E0,3.401421171755E1));
#4865=DIRECTION('',(-1.E0,0.E0,-2.379028057886E-9));
#4866=DIRECTION('',(0.E0,1.E0,0.E0));
#4867=AXIS2_PLACEMENT_3D('',#4864,#4865,#4866);
#4869=CURVE_STYLE('',#21,POSITIVE_LENGTH_MEASURE(2.E-2),#8);
#4870=PRESENTATION_STYLE_ASSIGNMENT((#4869));
#4871=STYLED_ITEM('',(#4870),#4868);
#4872=CARTESIAN_POINT('',(2.196823447769E1,9.E0,3.518578459280E1));
#4873=DIRECTION('',(1.E0,0.E0,2.379028599120E-9));
#4874=DIRECTION('',(0.E0,1.E0,0.E0));
#4875=AXIS2_PLACEMENT_3D('',#4872,#4873,#4874);
#4877=CURVE_STYLE('',#21,POSITIVE_LENGTH_MEASURE(2.E-2),#8);
#4878=PRESENTATION_STYLE_ASSIGNMENT((#4877));
#4879=STYLED_ITEM('',(#4878),#4876);
#4880=CARTESIAN_POINT('',(2.196823447909E1,9.707106781187E0,3.459999815518E1));
#4881=DIRECTION('',(0.E0,1.E0,0.E0));
#4882=DIRECTION('',(-1.181416326420E-7,0.E0,1.E0));
#4883=AXIS2_PLACEMENT_3D('',#4880,#4881,#4882);
#4885=CURVE_STYLE('',#21,POSITIVE_LENGTH_MEASURE(2.E-2),#8);
#4886=PRESENTATION_STYLE_ASSIGNMENT((#4885));
#4887=STYLED_ITEM('',(#4886),#4884);
#4888=DIRECTION('',(1.952253674912E-8,7.071067811866E-1,-7.071067811865E-1));
#4889=VECTOR('',#4888,1.707106782373E0);
#4890=CARTESIAN_POINT('',(2.196823433141E1,8.500000007571E0,3.709999814760E1));
#4891=LINE('',#4890,#4889);
#4892=CURVE_STYLE('',#21,POSITIVE_LENGTH_MEASURE(2.E-2),#8);
#4893=PRESENTATION_STYLE_ASSIGNMENT((#4892));
#4894=STYLED_ITEM('',(#4893),#4891);
#4895=CARTESIAN_POINT('',(2.196823447909E1,9.707106781187E0,3.459999815518E1));
#4896=DIRECTION('',(0.E0,1.E0,0.E0));
#4897=DIRECTION('',(1.181416326420E-7,0.E0,-1.E0));
#4898=AXIS2_PLACEMENT_3D('',#4895,#4896,#4897);
#4900=CURVE_STYLE('',#21,POSITIVE_LENGTH_MEASURE(2.E-2),#8);
#4901=PRESENTATION_STYLE_ASSIGNMENT((#4900));
#4902=STYLED_ITEM('',(#4901),#4899);
#4903=DIRECTION('',(-1.952253466799E-8,7.071067811866E-1,7.071067811865E-1));
#4904=VECTOR('',#4903,1.707106782373E0);
#4905=CARTESIAN_POINT('',(2.196823462676E1,8.500000007571E0,3.209999816275E1));
#4906=LINE('',#4905,#4904);
#4907=CURVE_STYLE('',#21,POSITIVE_LENGTH_MEASURE(2.E-2),#8);
#4908=PRESENTATION_STYLE_ASSIGNMENT((#4907));
#4909=STYLED_ITEM('',(#4908),#4906);
#4910=CARTESIAN_POINT('',(2.196823447909E1,8.5E0,3.459999815518E1));
#4911=DIRECTION('',(0.E0,1.E0,0.E0));
#4912=DIRECTION('',(0.E0,0.E0,-1.E0));
#4913=AXIS2_PLACEMENT_3D('',#4910,#4911,#4912);
#4915=CURVE_STYLE('',#21,POSITIVE_LENGTH_MEASURE(2.E-2),#8);
#4916=PRESENTATION_STYLE_ASSIGNMENT((#4915));
#4917=STYLED_ITEM('',(#4916),#4914);
#4918=DIRECTION('',(-2.461284032735E-8,-1.E0,-1.261845737417E-9));
#4919=VECTOR('',#4918,6.000000007571E0);
#4920=CARTESIAN_POINT('',(2.196823462676E1,8.500000007571E0,3.209999816275E1));
#4921=LINE('',#4920,#4919);
#4922=CURVE_STYLE('',#21,POSITIVE_LENGTH_MEASURE(2.E-2),#8);
#4923=PRESENTATION_STYLE_ASSIGNMENT((#4922));
#4924=STYLED_ITEM('',(#4923),#4921);
#4925=CARTESIAN_POINT('',(2.196823447909E1,8.5E0,3.459999815518E1));
#4926=DIRECTION('',(0.E0,1.E0,0.E0));
#4927=DIRECTION('',(0.E0,0.E0,1.E0));
#4928=AXIS2_PLACEMENT_3D('',#4925,#4926,#4927);
#4930=CURVE_STYLE('',#21,POSITIVE_LENGTH_MEASURE(2.E-2),#8);
#4931=PRESENTATION_STYLE_ASSIGNMENT((#4930));
#4932=STYLED_ITEM('',(#4931),#4929);
#4933=DIRECTION('',(2.461284032735E-8,-1.E0,1.261845737417E-9));
#4934=VECTOR('',#4933,6.000000007571E0);
#4935=CARTESIAN_POINT('',(2.196823433141E1,8.500000007571E0,3.709999814760E1));
#4936=LINE('',#4935,#4934);
#4937=CURVE_STYLE('',#21,POSITIVE_LENGTH_MEASURE(2.E-2),#8);
#4938=PRESENTATION_STYLE_ASSIGNMENT((#4937));
#4939=STYLED_ITEM('',(#4938),#4936);
#4940=CARTESIAN_POINT('',(8.118234480481E0,9.E0,3.401421171755E1));
#4941=DIRECTION('',(-1.E0,0.E0,-2.379033040012E-9));
#4942=DIRECTION('',(0.E0,1.E0,0.E0));
#4943=AXIS2_PLACEMENT_3D('',#4940,#4941,#4942);
#4945=CURVE_STYLE('',#21,POSITIVE_LENGTH_MEASURE(2.E-2),#8);
#4946=PRESENTATION_STYLE_ASSIGNMENT((#4945));
#4947=STYLED_ITEM('',(#4946),#4944);
#4948=CARTESIAN_POINT('',(8.118234477694E0,9.E0,3.518578459280E1));
#4949=DIRECTION('',(1.E0,0.E0,2.379029195865E-9));
#4950=DIRECTION('',(0.E0,1.E0,-1.421085471520E-14));
#4951=AXIS2_PLACEMENT_3D('',#4948,#4949,#4950);
#4953=CURVE_STYLE('',#21,POSITIVE_LENGTH_MEASURE(2.E-2),#8);
#4954=PRESENTATION_STYLE_ASSIGNMENT((#4953));
#4955=STYLED_ITEM('',(#4954),#4952);
#4956=CARTESIAN_POINT('',(8.118234479087E0,9.707106781187E0,3.459999815518E1));
#4957=DIRECTION('',(0.E0,1.E0,0.E0));
#4958=DIRECTION('',(-1.181416340159E-7,0.E0,1.E0));
#4959=AXIS2_PLACEMENT_3D('',#4956,#4957,#4958);
#4961=CURVE_STYLE('',#21,POSITIVE_LENGTH_MEASURE(2.E-2),#8);
#4962=PRESENTATION_STYLE_ASSIGNMENT((#4961));
#4963=STYLED_ITEM('',(#4962),#4960);
#4964=DIRECTION('',(1.952253674912E-8,7.071067811866E-1,-7.071067811865E-1));
#4965=VECTOR('',#4964,1.707106782373E0);
#4966=CARTESIAN_POINT('',(8.118234331410E0,8.500000007571E0,3.709999814760E1));
#4967=LINE('',#4966,#4965);
#4968=CURVE_STYLE('',#21,POSITIVE_LENGTH_MEASURE(2.E-2),#8);
#4969=PRESENTATION_STYLE_ASSIGNMENT((#4968));
#4970=STYLED_ITEM('',(#4969),#4967);
#4971=CARTESIAN_POINT('',(8.118234479087E0,9.707106781187E0,3.459999815518E1));
#4972=DIRECTION('',(0.E0,1.E0,0.E0));
#4973=DIRECTION('',(1.181416326420E-7,0.E0,-1.E0));
#4974=AXIS2_PLACEMENT_3D('',#4971,#4972,#4973);
#4976=CURVE_STYLE('',#21,POSITIVE_LENGTH_MEASURE(2.E-2),#8);
#4977=PRESENTATION_STYLE_ASSIGNMENT((#4976));
#4978=STYLED_ITEM('',(#4977),#4975);
#4979=DIRECTION('',(-1.952253362743E-8,7.071067811866E-1,7.071067811865E-1));
#4980=VECTOR('',#4979,1.707106782373E0);
#4981=CARTESIAN_POINT('',(8.118234626764E0,8.500000007571E0,3.209999816275E1));
#4982=LINE('',#4981,#4980);
#4983=CURVE_STYLE('',#21,POSITIVE_LENGTH_MEASURE(2.E-2),#8);
#4984=PRESENTATION_STYLE_ASSIGNMENT((#4983));
#4985=STYLED_ITEM('',(#4984),#4982);
#4986=CARTESIAN_POINT('',(8.118234479087E0,8.5E0,3.459999815518E1));
#4987=DIRECTION('',(0.E0,1.E0,0.E0));
#4988=DIRECTION('',(0.E0,0.E0,-1.E0));
#4989=AXIS2_PLACEMENT_3D('',#4986,#4987,#4988);
#4991=CURVE_STYLE('',#21,POSITIVE_LENGTH_MEASURE(2.E-2),#8);
#4992=PRESENTATION_STYLE_ASSIGNMENT((#4991));
#4993=STYLED_ITEM('',(#4992),#4990);
#4994=DIRECTION('',(-2.461284032735E-8,-1.E0,-1.261844553179E-9));
#4995=VECTOR('',#4994,6.000000007571E0);
#4996=CARTESIAN_POINT('',(8.118234626764E0,8.500000007571E0,3.209999816275E1));
#4997=LINE('',#4996,#4995);
#4998=CURVE_STYLE('',#21,POSITIVE_LENGTH_MEASURE(2.E-2),#8);
#4999=PRESENTATION_STYLE_ASSIGNMENT((#4998));
#5000=STYLED_ITEM('',(#4999),#4997);
#5001=CARTESIAN_POINT('',(8.118234479087E0,8.5E0,3.459999815518E1));
#5002=DIRECTION('',(0.E0,1.E0,0.E0));
#5003=DIRECTION('',(0.E0,0.E0,1.E0));
#5004=AXIS2_PLACEMENT_3D('',#5001,#5002,#5003);
#5006=CURVE_STYLE('',#21,POSITIVE_LENGTH_MEASURE(2.E-2),#8);
#5007=PRESENTATION_STYLE_ASSIGNMENT((#5006));
#5008=STYLED_ITEM('',(#5007),#5005);
#5009=DIRECTION('',(2.461283973523E-8,-1.E0,1.261844553179E-9));
#5010=VECTOR('',#5009,6.000000007571E0);
#5011=CARTESIAN_POINT('',(8.118234331410E0,8.500000007571E0,3.709999814760E1));
#5012=LINE('',#5011,#5010);
#5013=CURVE_STYLE('',#21,POSITIVE_LENGTH_MEASURE(2.E-2),#8);
#5014=PRESENTATION_STYLE_ASSIGNMENT((#5013));
#5015=STYLED_ITEM('',(#5014),#5012);
#5016=CARTESIAN_POINT('',(-9.881765522306E0,9.E0,3.518578459280E1));
#5017=DIRECTION('',(1.E0,0.E0,2.379032748578E-9));
#5018=DIRECTION('',(0.E0,1.E0,0.E0));
#5019=AXIS2_PLACEMENT_3D('',#5016,#5017,#5018);
#5021=CURVE_STYLE('',#21,POSITIVE_LENGTH_MEASURE(2.E-2),#8);
#5022=PRESENTATION_STYLE_ASSIGNMENT((#5021));
#5023=STYLED_ITEM('',(#5022),#5020);
#5024=CARTESIAN_POINT('',(-9.881765520913E0,9.707106781187E0,3.459999815518E1));
#5025=DIRECTION('',(0.E0,1.E0,0.E0));
#5026=DIRECTION('',(-1.181416353898E-7,0.E0,1.E0));
#5027=AXIS2_PLACEMENT_3D('',#5024,#5025,#5026);
#5029=CURVE_STYLE('',#21,POSITIVE_LENGTH_MEASURE(2.E-2),#8);
#5030=PRESENTATION_STYLE_ASSIGNMENT((#5029));
#5031=STYLED_ITEM('',(#5030),#5028);
#5032=DIRECTION('',(1.952253466799E-8,7.071067811866E-1,-7.071067811865E-1));
#5033=VECTOR('',#5032,1.707106782373E0);
#5034=CARTESIAN_POINT('',(-9.881765668590E0,8.500000007571E0,3.709999814760E1));
#5035=LINE('',#5034,#5033);
#5036=CURVE_STYLE('',#21,POSITIVE_LENGTH_MEASURE(2.E-2),#8);
#5037=PRESENTATION_STYLE_ASSIGNMENT((#5036));
#5038=STYLED_ITEM('',(#5037),#5035);
#5039=CARTESIAN_POINT('',(-9.881765520913E0,8.5E0,3.459999815518E1));
#5040=DIRECTION('',(0.E0,1.E0,0.E0));
#5041=DIRECTION('',(0.E0,0.E0,1.E0));
#5042=AXIS2_PLACEMENT_3D('',#5039,#5040,#5041);
#5044=CURVE_STYLE('',#21,POSITIVE_LENGTH_MEASURE(2.E-2),#8);
#5045=PRESENTATION_STYLE_ASSIGNMENT((#5044));
#5046=STYLED_ITEM('',(#5045),#5043);
#5047=DIRECTION('',(2.461284003129E-8,-1.E0,1.261844553179E-9));
#5048=VECTOR('',#5047,6.000000007571E0);
#5049=CARTESIAN_POINT('',(-9.881765668590E0,8.500000007571E0,3.709999814760E1));
#5050=LINE('',#5049,#5048);
#5051=CURVE_STYLE('',#21,POSITIVE_LENGTH_MEASURE(2.E-2),#8);
#5052=PRESENTATION_STYLE_ASSIGNMENT((#5051));
#5053=STYLED_ITEM('',(#5052),#5050);
#5054=DIRECTION('',(0.E0,-1.E0,0.E0));
#5055=VECTOR('',#5054,6.E0);
#5056=CARTESIAN_POINT('',(8.118234479087E0,8.5E0,3.109999815518E1));
#5057=LINE('',#5056,#5055);
#5058=CURVE_STYLE('',#21,POSITIVE_LENGTH_MEASURE(2.E-2),#8);
#5059=PRESENTATION_STYLE_ASSIGNMENT((#5058));
#5060=STYLED_ITEM('',(#5059),#5057);
#5061=DIRECTION('',(0.E0,-1.E0,0.E0));
#5062=VECTOR('',#5061,6.E0);
#5063=CARTESIAN_POINT('',(8.118234479087E0,8.5E0,3.809999815518E1));
#5064=LINE('',#5063,#5062);
#5065=CURVE_STYLE('',#21,POSITIVE_LENGTH_MEASURE(2.E-2),#8);
#5066=PRESENTATION_STYLE_ASSIGNMENT((#5065));
#5067=STYLED_ITEM('',(#5066),#5064);
#5068=DIRECTION('',(0.E0,-1.E0,0.E0));
#5069=VECTOR('',#5068,6.E0);
#5070=CARTESIAN_POINT('',(2.196823447909E1,8.5E0,3.109999815518E1));
#5071=LINE('',#5070,#5069);
#5072=CURVE_STYLE('',#21,POSITIVE_LENGTH_MEASURE(2.E-2),#8);
#5073=PRESENTATION_STYLE_ASSIGNMENT((#5072));
#5074=STYLED_ITEM('',(#5073),#5071);
#5075=DIRECTION('',(0.E0,-1.E0,0.E0));
#5076=VECTOR('',#5075,6.E0);
#5077=CARTESIAN_POINT('',(2.196823447909E1,8.5E0,3.809999815518E1));
#5078=LINE('',#5077,#5076);
#5079=CURVE_STYLE('',#21,POSITIVE_LENGTH_MEASURE(2.E-2),#8);
#5080=PRESENTATION_STYLE_ASSIGNMENT((#5079));
#5081=STYLED_ITEM('',(#5080),#5078);
#5082=CARTESIAN_POINT('',(-1.76E1,8.5E0,4.14E1));
#5083=DIRECTION('',(0.E0,1.E0,0.E0));
#5084=DIRECTION('',(4.121608220220E-1,0.E0,9.111111111111E-1));
#5085=AXIS2_PLACEMENT_3D('',#5082,#5083,#5084);
#5087=CURVE_STYLE('',#21,POSITIVE_LENGTH_MEASURE(2.E-2),#8);
#5088=PRESENTATION_STYLE_ASSIGNMENT((#5087));
#5089=STYLED_ITEM('',(#5088),#5086);
#5090=CARTESIAN_POINT('',(-1.76E1,5.E0,4.14E1));
#5091=DIRECTION('',(0.E0,-1.E0,0.E0));
#5092=DIRECTION('',(-9.793639632220E-1,0.E0,-2.021044965904E-1));
#5093=AXIS2_PLACEMENT_3D('',#5090,#5091,#5092);
#5095=CURVE_STYLE('',#21,POSITIVE_LENGTH_MEASURE(2.E-2),#8);
#5096=PRESENTATION_STYLE_ASSIGNMENT((#5095));
#5097=STYLED_ITEM('',(#5096),#5094);
#5098=CARTESIAN_POINT('',(2.95E1,0.E0,-4.5E1));
#5099=CARTESIAN_POINT('',(2.7E1,0.E0,-4.75E1));
#5100=VERTEX_POINT('',#5098);
#5101=VERTEX_POINT('',#5099);
#5102=CARTESIAN_POINT('',(-2.7E1,0.E0,-4.75E1));
#5103=CARTESIAN_POINT('',(-2.95E1,0.E0,-4.5E1));
#5104=VERTEX_POINT('',#5102);
#5105=VERTEX_POINT('',#5103);
#5106=CARTESIAN_POINT('',(-2.95E1,0.E0,4.5E1));
#5107=VERTEX_POINT('',#5106);
#5108=CARTESIAN_POINT('',(-2.7E1,0.E0,4.75E1));
#5109=VERTEX_POINT('',#5108);
#5110=CARTESIAN_POINT('',(2.7E1,0.E0,4.75E1));
#5111=CARTESIAN_POINT('',(2.95E1,0.E0,4.5E1));
#5112=VERTEX_POINT('',#5110);
#5113=VERTEX_POINT('',#5111);
#5114=CARTESIAN_POINT('',(2.89E1,1.05E1,-4.5E1));
#5115=CARTESIAN_POINT('',(2.7E1,1.05E1,-4.69E1));
#5116=VERTEX_POINT('',#5114);
#5117=VERTEX_POINT('',#5115);
#5118=CARTESIAN_POINT('',(2.95E1,9.9E0,-4.5E1));
#5119=CARTESIAN_POINT('',(2.7E1,9.9E0,-4.75E1));
#5120=VERTEX_POINT('',#5118);
#5121=VERTEX_POINT('',#5119);
#5122=CARTESIAN_POINT('',(-2.7E1,1.05E1,-4.69E1));
#5123=VERTEX_POINT('',#5122);
#5124=CARTESIAN_POINT('',(-2.699999999824E1,9.9E0,-4.75E1));
#5125=VERTEX_POINT('',#5124);
#5126=CARTESIAN_POINT('',(-2.89E1,1.05E1,-4.5E1));
#5127=VERTEX_POINT('',#5126);
#5128=CARTESIAN_POINT('',(-2.95E1,9.9E0,-4.5E1));
#5129=VERTEX_POINT('',#5128);
#5130=CARTESIAN_POINT('',(-2.89E1,1.05E1,4.5E1));
#5131=VERTEX_POINT('',#5130);
#5132=CARTESIAN_POINT('',(-2.95E1,9.9E0,4.499999999824E1));
#5133=VERTEX_POINT('',#5132);
#5134=CARTESIAN_POINT('',(-2.7E1,1.05E1,4.69E1));
#5135=VERTEX_POINT('',#5134);
#5136=CARTESIAN_POINT('',(-2.7E1,9.9E0,4.75E1));
#5137=VERTEX_POINT('',#5136);
#5138=CARTESIAN_POINT('',(2.7E1,1.05E1,4.69E1));
#5139=VERTEX_POINT('',#5138);
#5140=CARTESIAN_POINT('',(2.699999999824E1,9.9E0,4.75E1));
#5141=VERTEX_POINT('',#5140);
#5142=CARTESIAN_POINT('',(2.89E1,1.05E1,4.5E1));
#5143=VERTEX_POINT('',#5142);
#5144=CARTESIAN_POINT('',(2.95E1,9.9E0,4.5E1));
#5145=VERTEX_POINT('',#5144);
#5146=CARTESIAN_POINT('',(2.75E1,8.5E0,-4.5E1));
#5147=CARTESIAN_POINT('',(2.7E1,8.5E0,-4.55E1));
#5148=VERTEX_POINT('',#5146);
#5149=VERTEX_POINT('',#5147);
#5150=CARTESIAN_POINT('',(-2.7E1,8.5E0,-4.55E1));
#5151=VERTEX_POINT('',#5150);
#5152=CARTESIAN_POINT('',(-2.75E1,8.5E0,-4.5E1));
#5153=VERTEX_POINT('',#5152);
#5154=CARTESIAN_POINT('',(-2.75E1,8.5E0,4.5E1));
#5155=VERTEX_POINT('',#5154);
#5156=CARTESIAN_POINT('',(-2.7E1,8.5E0,4.55E1));
#5157=VERTEX_POINT('',#5156);
#5158=CARTESIAN_POINT('',(2.7E1,8.5E0,4.55E1));
#5159=CARTESIAN_POINT('',(2.75E1,8.5E0,4.5E1));
#5160=VERTEX_POINT('',#5158);
#5161=VERTEX_POINT('',#5159);
#5162=CARTESIAN_POINT('',(2.75E1,-2.5E0,-4.5E1));
#5163=CARTESIAN_POINT('',(2.7E1,-2.5E0,-4.55E1));
#5164=VERTEX_POINT('',#5162);
#5165=VERTEX_POINT('',#5163);
#5166=CARTESIAN_POINT('',(-2.7E1,-2.5E0,-4.55E1));
#5167=CARTESIAN_POINT('',(-2.75E1,-2.5E0,-4.5E1));
#5168=VERTEX_POINT('',#5166);
#5169=VERTEX_POINT('',#5167);
#5170=CARTESIAN_POINT('',(-2.75E1,-2.5E0,4.5E1));
#5171=VERTEX_POINT('',#5170);
#5172=CARTESIAN_POINT('',(-2.7E1,-2.5E0,4.55E1));
#5173=VERTEX_POINT('',#5172);
#5174=CARTESIAN_POINT('',(2.7E1,-2.5E0,4.55E1));
#5175=CARTESIAN_POINT('',(2.75E1,-2.5E0,4.5E1));
#5176=VERTEX_POINT('',#5174);
#5177=VERTEX_POINT('',#5175);
#5178=CARTESIAN_POINT('',(2.825636233768E1,-2.5E0,-4.5E1));
#5179=CARTESIAN_POINT('',(2.825636233768E1,-2.5E0,4.5E1));
#5180=VERTEX_POINT('',#5178);
#5181=VERTEX_POINT('',#5179);
#5182=CARTESIAN_POINT('',(2.7E1,-2.5E0,4.625636233768E1));
#5183=VERTEX_POINT('',#5182);
#5184=CARTESIAN_POINT('',(-2.7E1,-2.5E0,4.625636233768E1));
#5185=CARTESIAN_POINT('',(-2.825636233768E1,-2.5E0,4.5E1));
#5186=VERTEX_POINT('',#5184);
#5187=VERTEX_POINT('',#5185);
#5188=CARTESIAN_POINT('',(-2.825636233768E1,-2.5E0,-4.5E1));
#5189=VERTEX_POINT('',#5188);
#5190=CARTESIAN_POINT('',(-2.7E1,-2.5E0,-4.625636233768E1));
#5191=VERTEX_POINT('',#5190);
#5192=CARTESIAN_POINT('',(2.7E1,-2.5E0,-4.625636233768E1));
#5193=VERTEX_POINT('',#5192);
#5194=CARTESIAN_POINT('',(2.83E1,0.E0,4.5E1));
#5195=CARTESIAN_POINT('',(2.7E1,0.E0,4.63E1));
#5196=VERTEX_POINT('',#5194);
#5197=VERTEX_POINT('',#5195);
#5198=CARTESIAN_POINT('',(-2.7E1,0.E0,4.63E1));
#5199=CARTESIAN_POINT('',(-2.83E1,0.E0,4.5E1));
#5200=VERTEX_POINT('',#5198);
#5201=VERTEX_POINT('',#5199);
#5202=CARTESIAN_POINT('',(-2.83E1,0.E0,-4.5E1));
#5203=CARTESIAN_POINT('',(-2.7E1,0.E0,-4.63E1));
#5204=VERTEX_POINT('',#5202);
#5205=VERTEX_POINT('',#5203);
#5206=CARTESIAN_POINT('',(2.7E1,0.E0,-4.63E1));
#5207=CARTESIAN_POINT('',(2.83E1,0.E0,-4.5E1));
#5208=VERTEX_POINT('',#5206);
#5209=VERTEX_POINT('',#5207);
#5210=CARTESIAN_POINT('',(2.15E1,0.E0,4.2E1));
#5211=CARTESIAN_POINT('',(2.65E1,0.E0,4.2E1));
#5212=VERTEX_POINT('',#5210);
#5213=VERTEX_POINT('',#5211);
#5214=CARTESIAN_POINT('',(-2.65E1,0.E0,4.2E1));
#5215=CARTESIAN_POINT('',(-2.15E1,0.E0,4.2E1));
#5216=VERTEX_POINT('',#5214);
#5217=VERTEX_POINT('',#5215);
#5218=CARTESIAN_POINT('',(2.27E1,0.E0,-4.2E1));
#5219=CARTESIAN_POINT('',(2.53E1,0.E0,-4.2E1));
#5220=VERTEX_POINT('',#5218);
#5221=VERTEX_POINT('',#5219);
#5222=CARTESIAN_POINT('',(2.15E1,0.E0,-4.2E1));
#5223=CARTESIAN_POINT('',(2.65E1,0.E0,-4.2E1));
#5224=VERTEX_POINT('',#5222);
#5225=VERTEX_POINT('',#5223);
#5226=CARTESIAN_POINT('',(-2.65E1,0.E0,-4.2E1));
#5227=CARTESIAN_POINT('',(-2.15E1,0.E0,-4.2E1));
#5228=VERTEX_POINT('',#5226);
#5229=VERTEX_POINT('',#5227);
#5230=CARTESIAN_POINT('',(2.53E1,8.5E0,4.2E1));
#5231=CARTESIAN_POINT('',(2.27E1,8.5E0,4.2E1));
#5232=VERTEX_POINT('',#5230);
#5233=VERTEX_POINT('',#5231);
#5234=CARTESIAN_POINT('',(2.15E1,8.5E0,4.2E1));
#5235=CARTESIAN_POINT('',(2.65E1,8.5E0,4.2E1));
#5236=VERTEX_POINT('',#5234);
#5237=VERTEX_POINT('',#5235);
#5238=CARTESIAN_POINT('',(-2.27E1,8.5E0,4.2E1));
#5239=CARTESIAN_POINT('',(-2.53E1,8.5E0,4.2E1));
#5240=VERTEX_POINT('',#5238);
#5241=VERTEX_POINT('',#5239);
#5242=CARTESIAN_POINT('',(-2.65E1,8.5E0,4.2E1));
#5243=VERTEX_POINT('',#5242);
#5244=CARTESIAN_POINT('',(2.53E1,8.5E0,-4.2E1));
#5245=VERTEX_POINT('',#5244);
#5246=CARTESIAN_POINT('',(2.65E1,8.5E0,-4.2E1));
#5247=VERTEX_POINT('',#5246);
#5248=CARTESIAN_POINT('',(-2.65E1,8.5E0,-4.2E1));
#5249=VERTEX_POINT('',#5248);
#5250=CARTESIAN_POINT('',(-2.24E1,-5.E-1,-4.2E1));
#5251=CARTESIAN_POINT('',(-2.56E1,-5.E-1,-4.2E1));
#5252=VERTEX_POINT('',#5250);
#5253=VERTEX_POINT('',#5251);
#5254=CARTESIAN_POINT('',(2.56E1,-5.E-1,4.2E1));
#5255=CARTESIAN_POINT('',(2.24E1,-5.E-1,4.2E1));
#5256=VERTEX_POINT('',#5254);
#5257=VERTEX_POINT('',#5255);
#5258=CARTESIAN_POINT('',(-2.24E1,-5.E-1,4.2E1));
#5259=CARTESIAN_POINT('',(-2.56E1,-5.E-1,4.2E1));
#5260=VERTEX_POINT('',#5258);
#5261=VERTEX_POINT('',#5259);
#5262=CARTESIAN_POINT('',(-2.27E1,-5.E-1,4.2E1));
#5263=CARTESIAN_POINT('',(-2.53E1,-5.E-1,4.2E1));
#5264=VERTEX_POINT('',#5262);
#5265=VERTEX_POINT('',#5263);
#5266=CARTESIAN_POINT('',(2.53E1,-5.E-1,4.2E1));
#5267=CARTESIAN_POINT('',(2.27E1,-5.E-1,4.2E1));
#5268=VERTEX_POINT('',#5266);
#5269=VERTEX_POINT('',#5267);
#5270=CARTESIAN_POINT('',(-2.27E1,-5.E-1,-4.2E1));
#5271=CARTESIAN_POINT('',(-2.53E1,-5.E-1,-4.2E1));
#5272=VERTEX_POINT('',#5270);
#5273=VERTEX_POINT('',#5271);
#5274=CARTESIAN_POINT('',(-2.24E1,0.E0,-4.2E1));
#5275=CARTESIAN_POINT('',(-2.56E1,0.E0,-4.2E1));
#5276=VERTEX_POINT('',#5274);
#5277=VERTEX_POINT('',#5275);
#5278=CARTESIAN_POINT('',(2.56E1,0.E0,4.2E1));
#5279=CARTESIAN_POINT('',(2.24E1,0.E0,4.2E1));
#5280=VERTEX_POINT('',#5278);
#5281=VERTEX_POINT('',#5279);
#5282=CARTESIAN_POINT('',(-2.24E1,0.E0,4.2E1));
#5283=CARTESIAN_POINT('',(-2.56E1,0.E0,4.2E1));
#5284=VERTEX_POINT('',#5282);
#5285=VERTEX_POINT('',#5283);
#5286=CARTESIAN_POINT('',(-2.53E1,8.5E0,-4.2E1));
#5287=VERTEX_POINT('',#5286);
#5288=CARTESIAN_POINT('',(2.865E1,0.E0,3.087486631741E1));
#5289=CARTESIAN_POINT('',(2.865E1,0.E0,2.974899749968E1));
#5290=VERTEX_POINT('',#5288);
#5291=VERTEX_POINT('',#5289);
#5292=CARTESIAN_POINT('',(2.865E1,0.E0,2.417800768391E1));
#5293=CARTESIAN_POINT('',(2.865E1,0.E0,2.305273870821E1));
#5294=VERTEX_POINT('',#5292);
#5295=VERTEX_POINT('',#5293);
#5296=CARTESIAN_POINT('',(2.865E1,0.E0,1.694725715179E1));
#5297=CARTESIAN_POINT('',(2.865E1,0.E0,1.582198817609E1));
#5298=VERTEX_POINT('',#5296);
#5299=VERTEX_POINT('',#5297);
#5300=CARTESIAN_POINT('',(2.865E1,0.E0,1.017800774391E1));
#5301=CARTESIAN_POINT('',(2.865E1,0.E0,9.052738768208E0));
#5302=VERTEX_POINT('',#5300);
#5303=VERTEX_POINT('',#5301);
#5304=CARTESIAN_POINT('',(2.95E1,0.E0,2.974899749968E1));
#5305=VERTEX_POINT('',#5304);
#5306=CARTESIAN_POINT('',(2.95E1,0.E0,2.417800768391E1));
#5307=CARTESIAN_POINT('',(2.95E1,0.E0,1.582198817609E1));
#5308=VERTEX_POINT('',#5306);
#5309=VERTEX_POINT('',#5307);
#5310=CARTESIAN_POINT('',(2.95E1,0.E0,1.017800774391E1));
#5311=CARTESIAN_POINT('',(2.95E1,0.E0,-1.780103039117E-1));
#5312=VERTEX_POINT('',#5310);
#5313=VERTEX_POINT('',#5311);
#5314=CARTESIAN_POINT('',(2.83E1,0.E0,-2.105274304821E1));
#5315=CARTESIAN_POINT('',(2.83E1,0.E0,-1.787486725741E1));
#5316=VERTEX_POINT('',#5314);
#5317=VERTEX_POINT('',#5315);
#5318=CARTESIAN_POINT('',(2.83E1,0.E0,-1.019440631487E1));
#5319=CARTESIAN_POINT('',(2.83E1,0.E0,-6.805593045127E0));
#5320=VERTEX_POINT('',#5318);
#5321=VERTEX_POINT('',#5319);
#5322=CARTESIAN_POINT('',(2.15E1,6.7E0,-4.2E1));
#5323=CARTESIAN_POINT('',(2.515999999408E1,6.7E0,-3.978541199910E1));
#5324=VERTEX_POINT('',#5322);
#5325=VERTEX_POINT('',#5323);
#5326=CARTESIAN_POINT('',(-2.515999999408E1,6.7E0,-3.978541199910E1));
#5327=CARTESIAN_POINT('',(-2.15E1,6.7E0,-4.2E1));
#5328=VERTEX_POINT('',#5326);
#5329=VERTEX_POINT('',#5327);
#5330=CARTESIAN_POINT('',(2.515999999408E1,8.5E0,-3.978541199910E1));
#5331=VERTEX_POINT('',#5330);
#5332=CARTESIAN_POINT('',(-2.515999999408E1,8.5E0,-3.978541199910E1));
#5333=VERTEX_POINT('',#5332);
#5334=CARTESIAN_POINT('',(2.265999999408E1,9.2E0,-4.18E1));
#5335=CARTESIAN_POINT('',(-2.265999999408E1,9.2E0,-4.18E1));
#5336=VERTEX_POINT('',#5334);
#5337=VERTEX_POINT('',#5335);
#5338=CARTESIAN_POINT('',(-2.380999999408E1,9.2E0,-4.065E1));
#5339=VERTEX_POINT('',#5338);
#5340=CARTESIAN_POINT('',(-2.380999999408E1,9.2E0,2.532999998300E1));
#5341=VERTEX_POINT('',#5340);
#5342=CARTESIAN_POINT('',(-2.265999999408E1,9.2E0,2.647999998300E1));
#5343=VERTEX_POINT('',#5342);
#5344=CARTESIAN_POINT('',(2.265999999408E1,9.2E0,2.647999998300E1));
#5345=VERTEX_POINT('',#5344);
#5346=CARTESIAN_POINT('',(2.380999999408E1,9.2E0,2.532999998300E1));
#5347=VERTEX_POINT('',#5346);
#5348=CARTESIAN_POINT('',(2.380999999408E1,9.2E0,-4.065E1));
#5349=VERTEX_POINT('',#5348);
#5350=CARTESIAN_POINT('',(2.265999999408E1,1.05E1,-4.18E1));
#5351=CARTESIAN_POINT('',(-2.265999999408E1,1.05E1,-4.18E1));
#5352=VERTEX_POINT('',#5350);
#5353=VERTEX_POINT('',#5351);
#5354=CARTESIAN_POINT('',(-2.380999999408E1,1.05E1,-4.065E1));
#5355=VERTEX_POINT('',#5354);
#5356=CARTESIAN_POINT('',(-2.380999999408E1,1.05E1,2.532999998300E1));
#5357=VERTEX_POINT('',#5356);
#5358=CARTESIAN_POINT('',(-2.265999999408E1,1.05E1,2.647999998300E1));
#5359=VERTEX_POINT('',#5358);
#5360=CARTESIAN_POINT('',(2.265999999408E1,1.05E1,2.647999998300E1));
#5361=VERTEX_POINT('',#5360);
#5362=CARTESIAN_POINT('',(2.380999999408E1,1.05E1,2.532999998300E1));
#5363=VERTEX_POINT('',#5362);
#5364=CARTESIAN_POINT('',(2.380999999408E1,1.05E1,-4.065E1));
#5365=VERTEX_POINT('',#5364);
#5366=CARTESIAN_POINT('',(2.170498355608E1,9.2E0,-3.801362480095E1));
#5367=CARTESIAN_POINT('',(2.170498355608E1,9.2E0,2.267317674296E1));
#5368=VERTEX_POINT('',#5366);
#5369=VERTEX_POINT('',#5367);
#5370=CARTESIAN_POINT('',(-2.181501712169E1,9.2E0,2.267317674296E1));
#5371=CARTESIAN_POINT('',(-2.181501712169E1,9.2E0,-3.801362480095E1));
#5372=VERTEX_POINT('',#5370);
#5373=VERTEX_POINT('',#5371);
#5374=CARTESIAN_POINT('',(2.326865957054E1,6.7E0,-4.307477494213E1));
#5375=CARTESIAN_POINT('',(2.27E1,6.7E0,-4.2E1));
#5376=VERTEX_POINT('',#5374);
#5377=VERTEX_POINT('',#5375);
#5378=CARTESIAN_POINT('',(2.508018263360E1,6.7E0,-4.127667056049E1));
#5379=VERTEX_POINT('',#5378);
#5380=CARTESIAN_POINT('',(2.178020271196E1,6.7E0,-4.315E1));
#5381=VERTEX_POINT('',#5380);
#5382=CARTESIAN_POINT('',(-2.27E1,6.7E0,-4.2E1));
#5383=CARTESIAN_POINT('',(-2.326865957054E1,6.7E0,-4.307477494213E1));
#5384=VERTEX_POINT('',#5382);
#5385=VERTEX_POINT('',#5383);
#5386=CARTESIAN_POINT('',(-2.508018263360E1,6.7E0,-4.127667056049E1));
#5387=VERTEX_POINT('',#5386);
#5388=CARTESIAN_POINT('',(-2.178020271196E1,6.7E0,-4.315E1));
#5389=VERTEX_POINT('',#5388);
#5390=CARTESIAN_POINT('',(2.326865957054E1,8.5E0,-4.307477494213E1));
#5391=VERTEX_POINT('',#5390);
#5392=CARTESIAN_POINT('',(2.508018263360E1,8.5E0,-4.127667056049E1));
#5393=VERTEX_POINT('',#5392);
#5394=CARTESIAN_POINT('',(2.178020271196E1,8.5E0,-4.315E1));
#5395=VERTEX_POINT('',#5394);
#5396=CARTESIAN_POINT('',(-2.326865957054E1,8.5E0,-4.307477494213E1));
#5397=VERTEX_POINT('',#5396);
#5398=CARTESIAN_POINT('',(-2.508018263360E1,8.5E0,-4.127667056049E1));
#5399=VERTEX_POINT('',#5398);
#5400=CARTESIAN_POINT('',(-2.178020271196E1,8.5E0,-4.315E1));
#5401=VERTEX_POINT('',#5400);
#5402=CARTESIAN_POINT('',(2.515999999408E1,6.7E0,2.532999998300E1));
#5403=CARTESIAN_POINT('',(2.265999999408E1,6.7E0,2.782999998300E1));
#5404=VERTEX_POINT('',#5402);
#5405=VERTEX_POINT('',#5403);
#5406=CARTESIAN_POINT('',(-2.265999999408E1,6.7E0,2.782999998300E1));
#5407=CARTESIAN_POINT('',(-2.515999999408E1,6.7E0,2.532999998300E1));
#5408=VERTEX_POINT('',#5406);
#5409=VERTEX_POINT('',#5407);
#5410=CARTESIAN_POINT('',(2.515999999408E1,8.5E0,2.532999998300E1));
#5411=VERTEX_POINT('',#5410);
#5412=CARTESIAN_POINT('',(2.265999999408E1,8.5E0,2.782999998300E1));
#5413=VERTEX_POINT('',#5412);
#5414=CARTESIAN_POINT('',(-2.265999999408E1,8.5E0,2.782999998300E1));
#5415=VERTEX_POINT('',#5414);
#5416=CARTESIAN_POINT('',(-2.515999999408E1,8.5E0,2.532999998300E1));
#5417=VERTEX_POINT('',#5416);
#5418=CARTESIAN_POINT('',(2.170498355608E1,6.7E0,-3.801362480095E1));
#5419=CARTESIAN_POINT('',(-2.181501712169E1,6.7E0,-3.801362480095E1));
#5420=VERTEX_POINT('',#5418);
#5421=VERTEX_POINT('',#5419);
#5422=CARTESIAN_POINT('',(-2.181501712169E1,6.7E0,2.267317674296E1));
#5423=VERTEX_POINT('',#5422);
#5424=CARTESIAN_POINT('',(2.170498355608E1,6.7E0,2.267317674296E1));
#5425=VERTEX_POINT('',#5424);
#5426=CARTESIAN_POINT('',(-6.E0,6.7E0,2.782999998300E1));
#5427=CARTESIAN_POINT('',(-6.E0,6.7E0,2.267317674296E1));
#5428=VERTEX_POINT('',#5426);
#5429=VERTEX_POINT('',#5427);
#5430=CARTESIAN_POINT('',(1.9E1,6.7E0,2.782999998300E1));
#5431=CARTESIAN_POINT('',(1.9E1,6.7E0,2.267317674296E1));
#5432=VERTEX_POINT('',#5430);
#5433=VERTEX_POINT('',#5431);
#5434=CARTESIAN_POINT('',(1.9E1,8.E0,2.782999998300E1));
#5435=CARTESIAN_POINT('',(-6.E0,8.E0,2.782999998300E1));
#5436=VERTEX_POINT('',#5434);
#5437=VERTEX_POINT('',#5435);
#5438=CARTESIAN_POINT('',(1.9E1,8.E0,2.467317674296E1));
#5439=CARTESIAN_POINT('',(-6.E0,8.E0,2.467317674296E1));
#5440=VERTEX_POINT('',#5438);
#5441=VERTEX_POINT('',#5439);
#5442=CARTESIAN_POINT('',(-6.E0,9.2E0,2.467317674296E1));
#5443=VERTEX_POINT('',#5442);
#5444=CARTESIAN_POINT('',(1.9E1,9.2E0,2.467317674296E1));
#5445=VERTEX_POINT('',#5444);
#5446=CARTESIAN_POINT('',(-6.E0,9.2E0,2.267317674296E1));
#5447=VERTEX_POINT('',#5446);
#5448=CARTESIAN_POINT('',(1.9E1,9.2E0,2.267317674296E1));
#5449=VERTEX_POINT('',#5448);
#5450=CARTESIAN_POINT('',(-9.881765520913E0,2.5E0,3.209999815518E1));
#5451=CARTESIAN_POINT('',(-9.881765520913E0,2.5E0,3.709999815518E1));
#5452=VERTEX_POINT('',#5450);
#5453=VERTEX_POINT('',#5451);
#5454=CARTESIAN_POINT('',(-9.881765520913E0,2.5E0,3.109999815518E1));
#5455=CARTESIAN_POINT('',(-9.881765520913E0,2.5E0,3.809999815518E1));
#5456=VERTEX_POINT('',#5454);
#5457=VERTEX_POINT('',#5455);
#5458=CARTESIAN_POINT('',(-9.881765520913E0,8.5E0,3.109999815518E1));
#5459=CARTESIAN_POINT('',(-9.881765520913E0,8.5E0,3.809999815518E1));
#5460=VERTEX_POINT('',#5458);
#5461=VERTEX_POINT('',#5459);
#5462=CARTESIAN_POINT('',(4.770002775566E0,2.6967556E-1,4.55E1));
#5463=CARTESIAN_POINT('',(3.190002775566E0,1.84967556E0,4.55E1));
#5464=VERTEX_POINT('',#5462);
#5465=VERTEX_POINT('',#5463);
#5466=CARTESIAN_POINT('',(-3.189997224434E0,1.84967556E0,4.55E1));
#5467=VERTEX_POINT('',#5466);
#5468=CARTESIAN_POINT('',(-4.769997224434E0,2.6967556E-1,4.55E1));
#5469=VERTEX_POINT('',#5468);
#5470=CARTESIAN_POINT('',(-4.769997224434E0,-2.5E0,4.55E1));
#5471=VERTEX_POINT('',#5470);
#5472=CARTESIAN_POINT('',(4.770002775566E0,-2.5E0,4.55E1));
#5473=VERTEX_POINT('',#5472);
#5474=CARTESIAN_POINT('',(-4.769997224434E0,-2.5E0,4.625636233768E1));
#5475=VERTEX_POINT('',#5474);
#5476=CARTESIAN_POINT('',(4.770002775566E0,-2.5E0,4.625636233768E1));
#5477=VERTEX_POINT('',#5476);
#5478=CARTESIAN_POINT('',(-4.769997224434E0,0.E0,4.63E1));
#5479=VERTEX_POINT('',#5478);
#5480=CARTESIAN_POINT('',(4.770002775566E0,0.E0,4.63E1));
#5481=VERTEX_POINT('',#5480);
#5482=CARTESIAN_POINT('',(2.865E1,3.9E0,-2.650260966691E1));
#5483=CARTESIAN_POINT('',(2.865E1,3.9E0,-2.350260966691E1));
#5484=VERTEX_POINT('',#5482);
#5485=VERTEX_POINT('',#5483);
#5486=CARTESIAN_POINT('',(2.865E1,3.9E0,-1.549999884E1));
#5487=CARTESIAN_POINT('',(2.865E1,3.9E0,-1.249739141309E1));
#5488=VERTEX_POINT('',#5486);
#5489=VERTEX_POINT('',#5487);
#5490=CARTESIAN_POINT('',(2.865E1,3.9E0,-4.502607946913E0));
#5491=CARTESIAN_POINT('',(2.865E1,3.9E0,-1.502607946913E0));
#5492=VERTEX_POINT('',#5490);
#5493=VERTEX_POINT('',#5491);
#5494=CARTESIAN_POINT('',(2.865E1,3.9E0,1.150260538691E1));
#5495=CARTESIAN_POINT('',(2.865E1,3.9E0,1.449739053309E1));
#5496=VERTEX_POINT('',#5494);
#5497=VERTEX_POINT('',#5495);
#5498=CARTESIAN_POINT('',(2.865E1,3.9E0,2.550260532691E1));
#5499=CARTESIAN_POINT('',(2.865E1,3.9E0,2.84999979E1));
#5500=VERTEX_POINT('',#5498);
#5501=VERTEX_POINT('',#5499);
#5502=CARTESIAN_POINT('',(2.865E1,4.7E0,2.551518701E1));
#5503=CARTESIAN_POINT('',(2.865E1,4.7E0,2.84999979E1));
#5504=VERTEX_POINT('',#5502);
#5505=VERTEX_POINT('',#5503);
#5506=CARTESIAN_POINT('',(2.865E1,4.7E0,1.151518707E1));
#5507=CARTESIAN_POINT('',(2.865E1,4.7E0,1.448480885E1));
#5508=VERTEX_POINT('',#5506);
#5509=VERTEX_POINT('',#5507);
#5510=CARTESIAN_POINT('',(2.865E1,4.7E0,-4.515189629997E0));
#5511=CARTESIAN_POINT('',(2.865E1,4.7E0,-1.515189629997E0));
#5512=VERTEX_POINT('',#5510);
#5513=VERTEX_POINT('',#5511);
#5514=CARTESIAN_POINT('',(2.865E1,4.7E0,-1.549999884E1));
#5515=CARTESIAN_POINT('',(2.865E1,4.7E0,-1.248480973E1));
#5516=VERTEX_POINT('',#5514);
#5517=VERTEX_POINT('',#5515);
#5518=CARTESIAN_POINT('',(2.865E1,4.7E0,-2.651519135E1));
#5519=CARTESIAN_POINT('',(2.865E1,4.7E0,-2.351519135E1));
#5520=VERTEX_POINT('',#5518);
#5521=VERTEX_POINT('',#5519);
#5522=CARTESIAN_POINT('',(2.865E1,0.E0,9.472586717930E-1));
#5523=CARTESIAN_POINT('',(2.865E1,0.E0,-1.780103039117E-1));
#5524=VERTEX_POINT('',#5522);
#5525=VERTEX_POINT('',#5523);
#5526=CARTESIAN_POINT('',(2.865E1,0.E0,-5.680324069422E0));
#5527=CARTESIAN_POINT('',(2.865E1,0.E0,-6.805593045127E0));
#5528=VERTEX_POINT('',#5526);
#5529=VERTEX_POINT('',#5527);
#5530=CARTESIAN_POINT('',(2.865E1,0.E0,-1.019440631487E1));
#5531=CARTESIAN_POINT('',(2.865E1,0.E0,-1.131967529058E1));
#5532=VERTEX_POINT('',#5530);
#5533=VERTEX_POINT('',#5531);
#5534=CARTESIAN_POINT('',(2.865E1,0.E0,-1.674899843968E1));
#5535=CARTESIAN_POINT('',(2.865E1,0.E0,-1.787486725741E1));
#5536=VERTEX_POINT('',#5534);
#5537=VERTEX_POINT('',#5535);
#5538=CARTESIAN_POINT('',(2.865E1,0.E0,-2.105274304821E1));
#5539=CARTESIAN_POINT('',(2.865E1,0.E0,-2.217801202391E1));
#5540=VERTEX_POINT('',#5538);
#5541=VERTEX_POINT('',#5539);
#5542=CARTESIAN_POINT('',(2.865E1,0.E0,-2.768032578942E1));
#5543=CARTESIAN_POINT('',(2.865E1,0.E0,-2.880559476513E1));
#5544=VERTEX_POINT('',#5542);
#5545=VERTEX_POINT('',#5543);
#5546=CARTESIAN_POINT('',(2.83E1,0.E0,2.305273870821E1));
#5547=VERTEX_POINT('',#5546);
#5548=CARTESIAN_POINT('',(2.83E1,0.E0,3.087486631741E1));
#5549=VERTEX_POINT('',#5548);
#5550=CARTESIAN_POINT('',(2.83E1,0.E0,9.052738768208E0));
#5551=VERTEX_POINT('',#5550);
#5552=CARTESIAN_POINT('',(2.83E1,0.E0,1.694725715179E1));
#5553=VERTEX_POINT('',#5552);
#5554=CARTESIAN_POINT('',(2.83E1,0.E0,9.472586717930E-1));
#5555=VERTEX_POINT('',#5554);
#5556=CARTESIAN_POINT('',(2.83E1,0.E0,-2.880559476513E1));
#5557=VERTEX_POINT('',#5556);
#5558=CARTESIAN_POINT('',(2.95E1,0.E0,-5.680324069422E0));
#5559=VERTEX_POINT('',#5558);
#5560=CARTESIAN_POINT('',(2.95E1,0.E0,-1.674899843968E1));
#5561=VERTEX_POINT('',#5560);
#5562=CARTESIAN_POINT('',(2.95E1,0.E0,-1.131967529058E1));
#5563=VERTEX_POINT('',#5562);
#5564=CARTESIAN_POINT('',(2.95E1,0.E0,-2.768032578942E1));
#5565=VERTEX_POINT('',#5564);
#5566=CARTESIAN_POINT('',(2.95E1,0.E0,-2.217801202391E1));
#5567=VERTEX_POINT('',#5566);
#5568=CARTESIAN_POINT('',(2.95E1,3.9E0,2.550260532691E1));
#5569=CARTESIAN_POINT('',(2.95E1,3.9E0,2.84999979E1));
#5570=VERTEX_POINT('',#5568);
#5571=VERTEX_POINT('',#5569);
#5572=CARTESIAN_POINT('',(2.95E1,3.9E0,1.150260538691E1));
#5573=VERTEX_POINT('',#5572);
#5574=CARTESIAN_POINT('',(2.95E1,3.9E0,1.449739053309E1));
#5575=VERTEX_POINT('',#5574);
#5576=CARTESIAN_POINT('',(2.95E1,3.9E0,-4.502607946913E0));
#5577=VERTEX_POINT('',#5576);
#5578=CARTESIAN_POINT('',(2.95E1,3.9E0,-1.502607946913E0));
#5579=VERTEX_POINT('',#5578);
#5580=CARTESIAN_POINT('',(2.95E1,3.9E0,-1.549999884E1));
#5581=CARTESIAN_POINT('',(2.95E1,3.9E0,-1.249739141309E1));
#5582=VERTEX_POINT('',#5580);
#5583=VERTEX_POINT('',#5581);
#5584=CARTESIAN_POINT('',(2.95E1,3.9E0,-2.650260966691E1));
#5585=CARTESIAN_POINT('',(2.95E1,3.9E0,-2.350260966691E1));
#5586=VERTEX_POINT('',#5584);
#5587=VERTEX_POINT('',#5585);
#5588=CARTESIAN_POINT('',(2.75E1,4.7E0,2.551518701E1));
#5589=CARTESIAN_POINT('',(2.75E1,4.7E0,2.84999979E1));
#5590=VERTEX_POINT('',#5588);
#5591=VERTEX_POINT('',#5589);
#5592=CARTESIAN_POINT('',(2.75E1,-1.2E0,2.84999979E1));
#5593=CARTESIAN_POINT('',(2.75E1,-1.2E0,2.551518701E1));
#5594=VERTEX_POINT('',#5592);
#5595=VERTEX_POINT('',#5593);
#5596=CARTESIAN_POINT('',(2.75E1,-1.2E0,1.448480885E1));
#5597=CARTESIAN_POINT('',(2.75E1,-1.2E0,1.151518707E1));
#5598=VERTEX_POINT('',#5596);
#5599=VERTEX_POINT('',#5597);
#5600=CARTESIAN_POINT('',(2.75E1,4.7E0,1.151518707E1));
#5601=CARTESIAN_POINT('',(2.75E1,4.7E0,1.448480885E1));
#5602=VERTEX_POINT('',#5600);
#5603=VERTEX_POINT('',#5601);
#5604=CARTESIAN_POINT('',(2.75E1,-1.2E0,-1.515189629997E0));
#5605=CARTESIAN_POINT('',(2.75E1,-1.2E0,-4.515189629997E0));
#5606=VERTEX_POINT('',#5604);
#5607=VERTEX_POINT('',#5605);
#5608=CARTESIAN_POINT('',(2.75E1,4.7E0,-4.515189629997E0));
#5609=CARTESIAN_POINT('',(2.75E1,4.7E0,-1.515189629997E0));
#5610=VERTEX_POINT('',#5608);
#5611=VERTEX_POINT('',#5609);
#5612=CARTESIAN_POINT('',(2.75E1,4.7E0,-1.549999884E1));
#5613=CARTESIAN_POINT('',(2.75E1,4.7E0,-1.248480973E1));
#5614=VERTEX_POINT('',#5612);
#5615=VERTEX_POINT('',#5613);
#5616=CARTESIAN_POINT('',(2.75E1,-1.2E0,-1.248480973E1));
#5617=CARTESIAN_POINT('',(2.75E1,-1.2E0,-1.549999884E1));
#5618=VERTEX_POINT('',#5616);
#5619=VERTEX_POINT('',#5617);
#5620=CARTESIAN_POINT('',(2.75E1,4.7E0,-2.651519135E1));
#5621=CARTESIAN_POINT('',(2.75E1,4.7E0,-2.351519135E1));
#5622=VERTEX_POINT('',#5620);
#5623=VERTEX_POINT('',#5621);
#5624=CARTESIAN_POINT('',(2.75E1,-1.2E0,-2.651519135E1));
#5625=VERTEX_POINT('',#5624);
#5626=CARTESIAN_POINT('',(2.75E1,-1.2E0,-2.351519135E1));
#5627=VERTEX_POINT('',#5626);
#5628=VERTEX_POINT('',#3544);
#5629=CARTESIAN_POINT('',(2.827905392209E1,-1.2E0,2.84999979E1));
#5630=VERTEX_POINT('',#5629);
#5631=VERTEX_POINT('',#3569);
#5632=CARTESIAN_POINT('',(2.827905392209E1,-1.2E0,1.448480885E1));
#5633=VERTEX_POINT('',#5632);
#5634=VERTEX_POINT('',#3594);
#5635=CARTESIAN_POINT('',(2.827905392209E1,-1.2E0,-1.515189629997E0));
#5636=VERTEX_POINT('',#5635);
#5637=VERTEX_POINT('',#3619);
#5638=CARTESIAN_POINT('',(2.827905392209E1,-1.2E0,-1.248480973E1));
#5639=VERTEX_POINT('',#5638);
#5640=VERTEX_POINT('',#3644);
#5641=CARTESIAN_POINT('',(2.827905392209E1,-1.2E0,-2.351519135E1));
#5642=VERTEX_POINT('',#5641);
#5643=CARTESIAN_POINT('',(-1.077488339536E1,0.E0,-4.75E1));
#5644=VERTEX_POINT('',#5643);
#5645=CARTESIAN_POINT('',(-1.672488339536E1,0.E0,-4.75E1));
#5646=VERTEX_POINT('',#5645);
#5647=CARTESIAN_POINT('',(-1.077488339536E1,4.499992668630E-1,-4.75E1));
#5648=CARTESIAN_POINT('',(-1.672488339536E1,4.499992668630E-1,-4.75E1));
#5649=VERTEX_POINT('',#5647);
#5650=VERTEX_POINT('',#5648);
#5651=CARTESIAN_POINT('',(-1.724988339536E1,4.E0,-4.61E1));
#5652=CARTESIAN_POINT('',(-1.024988339536E1,4.E0,-4.61E1));
#5653=VERTEX_POINT('',#5651);
#5654=VERTEX_POINT('',#5652);
#5655=CARTESIAN_POINT('',(-1.724988339536E1,4.E0,-4.55E1));
#5656=CARTESIAN_POINT('',(-1.024988339536E1,4.E0,-4.55E1));
#5657=VERTEX_POINT('',#5655);
#5658=VERTEX_POINT('',#5656);
#5659=CARTESIAN_POINT('',(-1.024988339536E1,-2.5E0,-4.55E1));
#5660=VERTEX_POINT('',#5659);
#5661=CARTESIAN_POINT('',(-1.724988339536E1,-2.5E0,-4.55E1));
#5662=VERTEX_POINT('',#5661);
#5663=CARTESIAN_POINT('',(-1.077488339536E1,4.499992668630E-1,-4.61E1));
#5664=CARTESIAN_POINT('',(-1.672488339536E1,4.499992668630E-1,-4.61E1));
#5665=VERTEX_POINT('',#5663);
#5666=VERTEX_POINT('',#5664);
#5667=CARTESIAN_POINT('',(-2.75E1,0.E0,-3.8E1));
#5668=CARTESIAN_POINT('',(-2.75E1,0.E0,-3.2E1));
#5669=VERTEX_POINT('',#5667);
#5670=VERTEX_POINT('',#5668);
#5671=CARTESIAN_POINT('',(-2.75E1,0.E0,3.2E1));
#5672=CARTESIAN_POINT('',(-2.75E1,0.E0,3.8E1));
#5673=VERTEX_POINT('',#5671);
#5674=VERTEX_POINT('',#5672);
#5675=CARTESIAN_POINT('',(-2.75E1,-1.E0,-3.8E1));
#5676=CARTESIAN_POINT('',(-2.75E1,-1.E0,-3.2E1));
#5677=VERTEX_POINT('',#5675);
#5678=VERTEX_POINT('',#5676);
#5679=CARTESIAN_POINT('',(-2.75E1,-1.E0,3.2E1));
#5680=CARTESIAN_POINT('',(-2.75E1,-1.E0,3.8E1));
#5681=VERTEX_POINT('',#5679);
#5682=VERTEX_POINT('',#5680);
#5683=CARTESIAN_POINT('',(2.75E1,0.E0,-3.8E1));
#5684=CARTESIAN_POINT('',(2.75E1,0.E0,-3.2E1));
#5685=VERTEX_POINT('',#5683);
#5686=VERTEX_POINT('',#5684);
#5687=CARTESIAN_POINT('',(2.75E1,0.E0,3.2E1));
#5688=CARTESIAN_POINT('',(2.75E1,0.E0,3.8E1));
#5689=VERTEX_POINT('',#5687);
#5690=VERTEX_POINT('',#5688);
#5691=CARTESIAN_POINT('',(2.75E1,-1.E0,-3.8E1));
#5692=CARTESIAN_POINT('',(2.75E1,-1.E0,-3.2E1));
#5693=VERTEX_POINT('',#5691);
#5694=VERTEX_POINT('',#5692);
#5695=CARTESIAN_POINT('',(2.75E1,-1.E0,3.2E1));
#5696=CARTESIAN_POINT('',(2.75E1,-1.E0,3.8E1));
#5697=VERTEX_POINT('',#5695);
#5698=VERTEX_POINT('',#5696);
#5699=CARTESIAN_POINT('',(2.828254493507E1,-1.E0,-3.8E1));
#5700=CARTESIAN_POINT('',(2.828254493507E1,-1.E0,-3.2E1));
#5701=VERTEX_POINT('',#5699);
#5702=VERTEX_POINT('',#5700);
#5703=CARTESIAN_POINT('',(2.828254493507E1,-1.E0,3.2E1));
#5704=CARTESIAN_POINT('',(2.828254493507E1,-1.E0,3.8E1));
#5705=VERTEX_POINT('',#5703);
#5706=VERTEX_POINT('',#5704);
#5707=CARTESIAN_POINT('',(2.83E1,0.E0,-3.8E1));
#5708=VERTEX_POINT('',#5707);
#5709=CARTESIAN_POINT('',(2.83E1,0.E0,-3.2E1));
#5710=VERTEX_POINT('',#5709);
#5711=CARTESIAN_POINT('',(2.83E1,0.E0,3.2E1));
#5712=VERTEX_POINT('',#5711);
#5713=CARTESIAN_POINT('',(2.83E1,0.E0,3.8E1));
#5714=VERTEX_POINT('',#5713);
#5715=CARTESIAN_POINT('',(-2.828254493507E1,-1.E0,-3.8E1));
#5716=CARTESIAN_POINT('',(-2.828254493507E1,-1.E0,-3.2E1));
#5717=VERTEX_POINT('',#5715);
#5718=VERTEX_POINT('',#5716);
#5719=CARTESIAN_POINT('',(-2.828254493507E1,-1.E0,3.2E1));
#5720=CARTESIAN_POINT('',(-2.828254493507E1,-1.E0,3.8E1));
#5721=VERTEX_POINT('',#5719);
#5722=VERTEX_POINT('',#5720);
#5723=CARTESIAN_POINT('',(-2.83E1,0.E0,-3.2E1));
#5724=VERTEX_POINT('',#5723);
#5725=CARTESIAN_POINT('',(-2.83E1,0.E0,-3.8E1));
#5726=VERTEX_POINT('',#5725);
#5727=CARTESIAN_POINT('',(-2.83E1,0.E0,3.8E1));
#5728=VERTEX_POINT('',#5727);
#5729=CARTESIAN_POINT('',(-2.83E1,0.E0,3.2E1));
#5730=VERTEX_POINT('',#5729);
#5731=CARTESIAN_POINT('',(2.2E1,5.7E0,3.85E0));
#5732=CARTESIAN_POINT('',(2.2E1,5.7E0,5.35E0));
#5733=VERTEX_POINT('',#5731);
#5734=VERTEX_POINT('',#5732);
#5735=CARTESIAN_POINT('',(2.19999973E1,5.7E0,-3.515013584E1));
#5736=CARTESIAN_POINT('',(2.19999973E1,5.7E0,-3.365013584E1));
#5737=VERTEX_POINT('',#5735);
#5738=VERTEX_POINT('',#5736);
#5739=CARTESIAN_POINT('',(-2.20000036E1,5.7E0,-3.515013584E1));
#5740=CARTESIAN_POINT('',(-2.20000036E1,5.7E0,-3.365013584E1));
#5741=VERTEX_POINT('',#5739);
#5742=VERTEX_POINT('',#5740);
#5743=CARTESIAN_POINT('',(-2.199999852E1,5.7E0,3.8498649E0));
#5744=CARTESIAN_POINT('',(-2.199999852E1,5.7E0,5.3498649E0));
#5745=VERTEX_POINT('',#5743);
#5746=VERTEX_POINT('',#5744);
#5747=CARTESIAN_POINT('',(2.2E1,6.7E0,3.85E0));
#5748=CARTESIAN_POINT('',(2.2E1,6.7E0,5.35E0));
#5749=VERTEX_POINT('',#5747);
#5750=VERTEX_POINT('',#5748);
#5751=CARTESIAN_POINT('',(2.170498355608E1,6.7E0,5.289539917494E0));
#5752=VERTEX_POINT('',#5751);
#5753=CARTESIAN_POINT('',(2.170498355608E1,6.7E0,3.910460082506E0));
#5754=VERTEX_POINT('',#5753);
#5755=CARTESIAN_POINT('',(2.19999973E1,6.7E0,-3.515013584E1));
#5756=CARTESIAN_POINT('',(2.19999973E1,6.7E0,-3.365013584E1));
#5757=VERTEX_POINT('',#5755);
#5758=VERTEX_POINT('',#5756);
#5759=CARTESIAN_POINT('',(2.170498355608E1,6.7E0,-3.371059476733E1));
#5760=VERTEX_POINT('',#5759);
#5761=CARTESIAN_POINT('',(2.170498355608E1,6.7E0,-3.508967691267E1));
#5762=VERTEX_POINT('',#5761);
#5763=CARTESIAN_POINT('',(-2.20000036E1,6.7E0,-3.515013584E1));
#5764=CARTESIAN_POINT('',(-2.181501712169E1,6.7E0,-3.512696457006E1));
#5765=VERTEX_POINT('',#5763);
#5766=VERTEX_POINT('',#5764);
#5767=CARTESIAN_POINT('',(-2.181501712169E1,6.7E0,-3.367330710994E1));
#5768=CARTESIAN_POINT('',(-2.20000036E1,6.7E0,-3.365013584E1));
#5769=VERTEX_POINT('',#5767);
#5770=VERTEX_POINT('',#5768);
#5771=CARTESIAN_POINT('',(-2.199999852E1,6.7E0,3.8498649E0));
#5772=CARTESIAN_POINT('',(-2.181501712169E1,6.7E0,3.873034877037E0));
#5773=VERTEX_POINT('',#5771);
#5774=VERTEX_POINT('',#5772);
#5775=CARTESIAN_POINT('',(-2.181501712169E1,6.7E0,5.326694922963E0));
#5776=CARTESIAN_POINT('',(-2.199999852E1,6.7E0,5.3498649E0));
#5777=VERTEX_POINT('',#5775);
#5778=VERTEX_POINT('',#5776);
#5779=CARTESIAN_POINT('',(-1.724988339536E1,0.E0,-4.63E1));
#5780=CARTESIAN_POINT('',(-1.724988339536E1,-2.5E0,-4.625636233768E1));
#5781=VERTEX_POINT('',#5779);
#5782=VERTEX_POINT('',#5780);
#5783=CARTESIAN_POINT('',(-1.024988339536E1,0.E0,-4.63E1));
#5784=CARTESIAN_POINT('',(-1.024988339536E1,-2.5E0,-4.625636233768E1));
#5785=VERTEX_POINT('',#5783);
#5786=VERTEX_POINT('',#5784);
#5787=CARTESIAN_POINT('',(-1.724988339536E1,0.E0,-4.61E1));
#5788=CARTESIAN_POINT('',(-1.672488339536E1,0.E0,-4.61E1));
#5789=VERTEX_POINT('',#5787);
#5790=VERTEX_POINT('',#5788);
#5791=CARTESIAN_POINT('',(-1.077488339536E1,0.E0,-4.61E1));
#5792=CARTESIAN_POINT('',(-1.024988339536E1,0.E0,-4.61E1));
#5793=VERTEX_POINT('',#5791);
#5794=VERTEX_POINT('',#5792);
#5795=CARTESIAN_POINT('',(3.190002775566E0,1.84967556E0,4.7E1));
#5796=CARTESIAN_POINT('',(4.770002775566E0,2.6967556E-1,4.7E1));
#5797=VERTEX_POINT('',#5795);
#5798=VERTEX_POINT('',#5796);
#5799=CARTESIAN_POINT('',(3.190002775566E0,2.34967556E0,4.75E1));
#5800=CARTESIAN_POINT('',(5.270002775566E0,2.6967556E-1,4.75E1));
#5801=VERTEX_POINT('',#5799);
#5802=VERTEX_POINT('',#5800);
#5803=CARTESIAN_POINT('',(-3.189997239875E0,2.349675554399E0,4.749999999440E1));
#5804=VERTEX_POINT('',#5803);
#5805=CARTESIAN_POINT('',(-3.189997233230E0,1.849675556809E0,4.699999999681E1));
#5806=VERTEX_POINT('',#5805);
#5807=CARTESIAN_POINT('',(-5.269997224434E0,2.6967556E-1,4.75E1));
#5808=VERTEX_POINT('',#5807);
#5809=CARTESIAN_POINT('',(-4.769997224434E0,2.6967556E-1,4.7E1));
#5810=VERTEX_POINT('',#5809);
#5811=CARTESIAN_POINT('',(-5.269997224434E0,0.E0,4.75E1));
#5812=VERTEX_POINT('',#5811);
#5813=CARTESIAN_POINT('',(5.270002775566E0,0.E0,4.75E1));
#5814=VERTEX_POINT('',#5813);
#5815=CARTESIAN_POINT('',(4.770002775566E0,0.E0,4.7E1));
#5816=VERTEX_POINT('',#5815);
#5817=CARTESIAN_POINT('',(-4.769997224434E0,0.E0,4.7E1));
#5818=VERTEX_POINT('',#5817);
#5819=CARTESIAN_POINT('',(2.75E1,2.5E0,2.257479951280E1));
#5820=CARTESIAN_POINT('',(2.75E1,2.5E0,1.742519634720E1));
#5821=VERTEX_POINT('',#5819);
#5822=VERTEX_POINT('',#5820);
#5823=CARTESIAN_POINT('',(2.75E1,2.5E0,8.574799572797E0));
#5824=CARTESIAN_POINT('',(2.75E1,2.5E0,1.425197867204E0));
#5825=VERTEX_POINT('',#5823);
#5826=VERTEX_POINT('',#5824);
#5827=CARTESIAN_POINT('',(2.75E1,2.5E0,-7.283532240537E0));
#5828=CARTESIAN_POINT('',(2.75E1,2.5E0,-9.716467119462E0));
#5829=VERTEX_POINT('',#5827);
#5830=VERTEX_POINT('',#5828);
#5831=CARTESIAN_POINT('',(2.75E1,2.5E0,-1.835306736354E1));
#5832=CARTESIAN_POINT('',(2.75E1,2.5E0,-2.057480385280E1));
#5833=VERTEX_POINT('',#5831);
#5834=VERTEX_POINT('',#5832);
#5835=CARTESIAN_POINT('',(2.75E1,1.E0,-2.057480385280E1));
#5836=CARTESIAN_POINT('',(2.75E1,1.E0,-1.835306736354E1));
#5837=VERTEX_POINT('',#5835);
#5838=VERTEX_POINT('',#5836);
#5839=CARTESIAN_POINT('',(2.75E1,1.E0,-9.716467119462E0));
#5840=CARTESIAN_POINT('',(2.75E1,1.E0,-7.283532240537E0));
#5841=VERTEX_POINT('',#5839);
#5842=VERTEX_POINT('',#5840);
#5843=CARTESIAN_POINT('',(2.75E1,1.E0,1.425197867204E0));
#5844=CARTESIAN_POINT('',(2.75E1,1.E0,8.574799572797E0));
#5845=VERTEX_POINT('',#5843);
#5846=VERTEX_POINT('',#5844);
#5847=CARTESIAN_POINT('',(2.75E1,1.E0,1.742519634720E1));
#5848=CARTESIAN_POINT('',(2.75E1,1.E0,2.257479951280E1));
#5849=VERTEX_POINT('',#5847);
#5850=VERTEX_POINT('',#5848);
#5851=CARTESIAN_POINT('',(2.865E1,1.E0,2.257479951280E1));
#5852=VERTEX_POINT('',#5851);
#5853=CARTESIAN_POINT('',(2.865E1,2.5E0,2.257479951280E1));
#5854=VERTEX_POINT('',#5853);
#5855=CARTESIAN_POINT('',(2.865E1,2.5E0,8.574799572797E0));
#5856=VERTEX_POINT('',#5855);
#5857=CARTESIAN_POINT('',(2.865E1,1.E0,8.574799572797E0));
#5858=VERTEX_POINT('',#5857);
#5859=CARTESIAN_POINT('',(2.865E1,2.5E0,1.742519634720E1));
#5860=VERTEX_POINT('',#5859);
#5861=CARTESIAN_POINT('',(2.865E1,1.E0,1.742519634720E1));
#5862=VERTEX_POINT('',#5861);
#5863=CARTESIAN_POINT('',(2.865E1,2.5E0,-7.283532240537E0));
#5864=VERTEX_POINT('',#5863);
#5865=CARTESIAN_POINT('',(2.865E1,1.E0,-7.283532240537E0));
#5866=VERTEX_POINT('',#5865);
#5867=CARTESIAN_POINT('',(2.865E1,2.5E0,1.425197867204E0));
#5868=VERTEX_POINT('',#5867);
#5869=CARTESIAN_POINT('',(2.865E1,1.E0,1.425197867204E0));
#5870=VERTEX_POINT('',#5869);
#5871=CARTESIAN_POINT('',(2.865E1,2.5E0,-1.835306736354E1));
#5872=VERTEX_POINT('',#5871);
#5873=CARTESIAN_POINT('',(2.865E1,1.E0,-1.835306736354E1));
#5874=VERTEX_POINT('',#5873);
#5875=CARTESIAN_POINT('',(2.865E1,2.5E0,-9.716467119462E0));
#5876=VERTEX_POINT('',#5875);
#5877=CARTESIAN_POINT('',(2.865E1,1.E0,-9.716467119462E0));
#5878=VERTEX_POINT('',#5877);
#5879=CARTESIAN_POINT('',(2.865E1,2.5E0,-2.057480385280E1));
#5880=VERTEX_POINT('',#5879);
#5881=CARTESIAN_POINT('',(2.865E1,1.E0,-2.057480385280E1));
#5882=VERTEX_POINT('',#5881);
#5883=CARTESIAN_POINT('',(8.118234479087E0,2.5E0,3.109999815518E1));
#5884=CARTESIAN_POINT('',(8.118234479087E0,2.5E0,3.809999815518E1));
#5885=VERTEX_POINT('',#5883);
#5886=VERTEX_POINT('',#5884);
#5887=CARTESIAN_POINT('',(8.118234479087E0,2.5E0,3.209999815518E1));
#5888=CARTESIAN_POINT('',(8.118234479087E0,2.5E0,3.709999815518E1));
#5889=VERTEX_POINT('',#5887);
#5890=VERTEX_POINT('',#5888);
#5891=CARTESIAN_POINT('',(2.196823447909E1,2.5E0,3.209999815518E1));
#5892=CARTESIAN_POINT('',(2.196823447909E1,2.5E0,3.709999815518E1));
#5893=VERTEX_POINT('',#5891);
#5894=VERTEX_POINT('',#5892);
#5895=CARTESIAN_POINT('',(2.196823447909E1,2.5E0,3.109999815518E1));
#5896=CARTESIAN_POINT('',(2.196823447909E1,2.5E0,3.809999815518E1));
#5897=VERTEX_POINT('',#5895);
#5898=VERTEX_POINT('',#5896);
#5899=CARTESIAN_POINT('',(8.118234479087E0,8.5E0,3.109999815518E1));
#5900=CARTESIAN_POINT('',(8.118234479087E0,8.5E0,3.809999815518E1));
#5901=VERTEX_POINT('',#5899);
#5902=VERTEX_POINT('',#5900);
#5903=CARTESIAN_POINT('',(2.196823447909E1,8.5E0,3.109999815518E1));
#5904=CARTESIAN_POINT('',(2.196823447909E1,8.5E0,3.809999815518E1));
#5905=VERTEX_POINT('',#5903);
#5906=VERTEX_POINT('',#5904);
#5907=CARTESIAN_POINT('',(8.118234479087E0,8.5E0,3.209999815518E1));
#5908=CARTESIAN_POINT('',(8.118234479087E0,8.5E0,3.709999815518E1));
#5909=VERTEX_POINT('',#5907);
#5910=VERTEX_POINT('',#5908);
#5911=CARTESIAN_POINT('',(-9.881765520913E0,8.5E0,3.209999815518E1));
#5912=CARTESIAN_POINT('',(-9.881765520913E0,8.5E0,3.709999815518E1));
#5913=VERTEX_POINT('',#5911);
#5914=VERTEX_POINT('',#5912);
#5915=CARTESIAN_POINT('',(2.196823447909E1,8.5E0,3.209999815518E1));
#5916=CARTESIAN_POINT('',(2.196823447909E1,8.5E0,3.709999815518E1));
#5917=VERTEX_POINT('',#5915);
#5918=VERTEX_POINT('',#5916);
#5919=CARTESIAN_POINT('',(2.196823447907E1,1.E1,3.401421171755E1));
#5920=CARTESIAN_POINT('',(2.196823447910E1,1.E1,3.518578459280E1));
#5921=VERTEX_POINT('',#5919);
#5922=VERTEX_POINT('',#5920);
#5923=CARTESIAN_POINT('',(2.196823463183E1,9.707106781187E0,3.330710493636E1));
#5924=CARTESIAN_POINT('',(2.196823432634E1,9.707106781187E0,3.589289137399E1));
#5925=VERTEX_POINT('',#5923);
#5926=VERTEX_POINT('',#5924);
#5927=CARTESIAN_POINT('',(8.118234479071E0,1.E1,3.401421171755E1));
#5928=CARTESIAN_POINT('',(8.118234479104E0,1.E1,3.518578459280E1));
#5929=VERTEX_POINT('',#5927);
#5930=VERTEX_POINT('',#5928);
#5931=CARTESIAN_POINT('',(8.118234631832E0,9.707106781187E0,3.330710493636E1));
#5932=CARTESIAN_POINT('',(8.118234326343E0,9.707106781187E0,3.589289137399E1));
#5933=VERTEX_POINT('',#5931);
#5934=VERTEX_POINT('',#5932);
#5935=CARTESIAN_POINT('',(-9.881765520929E0,1.E1,3.401421171755E1));
#5936=CARTESIAN_POINT('',(-9.881765520896E0,1.E1,3.518578459280E1));
#5937=VERTEX_POINT('',#5935);
#5938=VERTEX_POINT('',#5936);
#5939=CARTESIAN_POINT('',(-9.881765368168E0,9.707106781187E0,3.330710493636E1));
#5940=CARTESIAN_POINT('',(-9.881765673657E0,9.707106781187E0,3.589289137399E1));
#5941=VERTEX_POINT('',#5939);
#5942=VERTEX_POINT('',#5940);
#5943=CARTESIAN_POINT('',(-2.11E1,8.5E0,4.14E1));
#5944=CARTESIAN_POINT('',(-1.41E1,8.5E0,4.14E1));
#5945=VERTEX_POINT('',#5943);
#5946=VERTEX_POINT('',#5944);
#5947=CARTESIAN_POINT('',(-1.945472369910E1,8.5E0,4.55E1));
#5948=CARTESIAN_POINT('',(-2.176130359822E1,8.5E0,4.311276161897E1));
#5949=VERTEX_POINT('',#5947);
#5950=VERTEX_POINT('',#5948);
#5951=CARTESIAN_POINT('',(-1.945472369910E1,5.E0,4.55E1));
#5952=CARTESIAN_POINT('',(-1.574527630090E1,5.E0,4.55E1));
#5953=VERTEX_POINT('',#5951);
#5954=VERTEX_POINT('',#5952);
#5955=CARTESIAN_POINT('',(-1.574527630090E1,8.5E0,4.55E1));
#5956=VERTEX_POINT('',#5955);
#5957=CARTESIAN_POINT('',(-2.176130359822E1,5.E0,4.311276161897E1));
#5958=VERTEX_POINT('',#5957);
#5959=CARTESIAN_POINT('',(-2.200713783450E1,5.E0,4.049052976534E1));
#5960=CARTESIAN_POINT('',(-2.200713783450E1,8.5E0,4.049052976534E1));
#5961=VERTEX_POINT('',#5959);
#5962=VERTEX_POINT('',#5960);
#5963=CARTESIAN_POINT('',(-1.76E1,1.05E1,4.23E1));
#5964=CARTESIAN_POINT('',(-1.76E1,1.05E1,4.05E1));
#5965=VERTEX_POINT('',#5963);
#5966=VERTEX_POINT('',#5964);
#5967=CARTESIAN_POINT('',(-1.76E1,8.5E0,4.23E1));
#5968=CARTESIAN_POINT('',(-1.76E1,8.5E0,4.05E1));
#5969=VERTEX_POINT('',#5967);
#5970=VERTEX_POINT('',#5968);
#5971=VERTEX_POINT('',#1169);
#5972=VERTEX_POINT('',#1174);
#5973=CARTESIAN_POINT('',(-1.41E1,5.5E0,4.14E1));
#5974=CARTESIAN_POINT('',(-2.11E1,5.5E0,4.14E1));
#5975=VERTEX_POINT('',#5973);
#5976=VERTEX_POINT('',#5974);
#5977=CARTESIAN_POINT('',(-1.36E1,5.E0,4.14E1));
#5978=CARTESIAN_POINT('',(-2.159884700133E1,5.E0,4.130396531912E1));
#5979=VERTEX_POINT('',#5977);
#5980=VERTEX_POINT('',#5978);
#5981=CARTESIAN_POINT('',(-2.151131756788E1,5.E0,4.223761260925E1));
#5982=VERTEX_POINT('',#5981);
#5983=CARTESIAN_POINT('',(0.E0,0.E0,0.E0));
#5984=DIRECTION('',(0.E0,1.E0,0.E0));
#5985=DIRECTION('',(1.E0,0.E0,0.E0));
#5986=AXIS2_PLACEMENT_3D('',#5983,#5984,#5985);
#5987=PLANE('',#5986);
#5989=ORIENTED_EDGE('',*,*,#5988,.F.);
#5991=ORIENTED_EDGE('',*,*,#5990,.T.);
#5993=ORIENTED_EDGE('',*,*,#5992,.T.);
#5995=ORIENTED_EDGE('',*,*,#5994,.F.);
#5997=ORIENTED_EDGE('',*,*,#5996,.F.);
#5999=ORIENTED_EDGE('',*,*,#5998,.F.);
#6001=ORIENTED_EDGE('',*,*,#6000,.T.);
#6003=ORIENTED_EDGE('',*,*,#6002,.T.);
#6004=EDGE_LOOP('',(#5989,#5991,#5993,#5995,#5997,#5999,#6001,#6003));
#6005=FACE_OUTER_BOUND('',#6004,.F.);
#6007=CARTESIAN_POINT('',(0.E0,0.E0,0.E0));
#6008=DIRECTION('',(0.E0,1.E0,0.E0));
#6009=DIRECTION('',(1.E0,0.E0,0.E0));
#6010=AXIS2_PLACEMENT_3D('',#6007,#6008,#6009);
#6011=PLANE('',#6010);
#6013=ORIENTED_EDGE('',*,*,#6012,.F.);
#6015=ORIENTED_EDGE('',*,*,#6014,.T.);
#6017=ORIENTED_EDGE('',*,*,#6016,.T.);
#6019=ORIENTED_EDGE('',*,*,#6018,.F.);
#6021=ORIENTED_EDGE('',*,*,#6020,.F.);
#6023=ORIENTED_EDGE('',*,*,#6022,.F.);
#6025=ORIENTED_EDGE('',*,*,#6024,.T.);
#6027=ORIENTED_EDGE('',*,*,#6026,.T.);
#6028=EDGE_LOOP('',(#6013,#6015,#6017,#6019,#6021,#6023,#6025,#6027));
#6029=FACE_OUTER_BOUND('',#6028,.F.);
#6031=CARTESIAN_POINT('',(0.E0,0.E0,0.E0));
#6032=DIRECTION('',(0.E0,1.E0,0.E0));
#6033=DIRECTION('',(1.E0,0.E0,0.E0));
#6034=AXIS2_PLACEMENT_3D('',#6031,#6032,#6033);
#6035=PLANE('',#6034);
#6037=ORIENTED_EDGE('',*,*,#6036,.T.);
#6039=ORIENTED_EDGE('',*,*,#6038,.T.);
#6041=ORIENTED_EDGE('',*,*,#6040,.F.);
#6043=ORIENTED_EDGE('',*,*,#6042,.T.);
#6045=ORIENTED_EDGE('',*,*,#6044,.T.);
#6047=ORIENTED_EDGE('',*,*,#6046,.F.);
#6049=ORIENTED_EDGE('',*,*,#6048,.F.);
#6051=ORIENTED_EDGE('',*,*,#6050,.F.);
#6052=EDGE_LOOP('',(#6037,#6039,#6041,#6043,#6045,#6047,#6049,#6051));
#6053=FACE_OUTER_BOUND('',#6052,.F.);
#6055=CARTESIAN_POINT('',(0.E0,0.E0,0.E0));
#6056=DIRECTION('',(0.E0,1.E0,0.E0));
#6057=DIRECTION('',(1.E0,0.E0,0.E0));
#6058=AXIS2_PLACEMENT_3D('',#6055,#6056,#6057);
#6059=PLANE('',#6058);
#6061=ORIENTED_EDGE('',*,*,#6060,.T.);
#6063=ORIENTED_EDGE('',*,*,#6062,.T.);
#6065=ORIENTED_EDGE('',*,*,#6064,.F.);
#6067=ORIENTED_EDGE('',*,*,#6066,.T.);
#6069=ORIENTED_EDGE('',*,*,#6068,.T.);
#6071=ORIENTED_EDGE('',*,*,#6070,.F.);
#6073=ORIENTED_EDGE('',*,*,#6072,.F.);
#6075=ORIENTED_EDGE('',*,*,#6074,.F.);
#6076=EDGE_LOOP('',(#6061,#6063,#6065,#6067,#6069,#6071,#6073,#6075));
#6077=FACE_OUTER_BOUND('',#6076,.F.);
#6079=CARTESIAN_POINT('',(0.E0,0.E0,0.E0));
#6080=DIRECTION('',(0.E0,1.E0,0.E0));
#6081=DIRECTION('',(1.E0,0.E0,0.E0));
#6082=AXIS2_PLACEMENT_3D('',#6079,#6080,#6081);
#6083=PLANE('',#6082);
#6085=ORIENTED_EDGE('',*,*,#6084,.T.);
#6087=ORIENTED_EDGE('',*,*,#6086,.T.);
#6089=ORIENTED_EDGE('',*,*,#6088,.F.);
#6091=ORIENTED_EDGE('',*,*,#6090,.T.);
#6093=ORIENTED_EDGE('',*,*,#6092,.T.);
#6095=ORIENTED_EDGE('',*,*,#6094,.T.);
#6097=ORIENTED_EDGE('',*,*,#6096,.F.);
#6099=ORIENTED_EDGE('',*,*,#6098,.T.);
#6101=ORIENTED_EDGE('',*,*,#6100,.F.);
#6103=ORIENTED_EDGE('',*,*,#6102,.T.);
#6105=ORIENTED_EDGE('',*,*,#6104,.T.);
#6107=ORIENTED_EDGE('',*,*,#6106,.F.);
#6109=ORIENTED_EDGE('',*,*,#6108,.T.);
#6111=ORIENTED_EDGE('',*,*,#6110,.T.);
#6113=ORIENTED_EDGE('',*,*,#6112,.T.);
#6115=ORIENTED_EDGE('',*,*,#6114,.T.);
#6116=EDGE_LOOP('',(#6085,#6087,#6089,#6091,#6093,#6095,#6097,#6099,#6101,#6103,
#6105,#6107,#6109,#6111,#6113,#6115));
#6117=FACE_OUTER_BOUND('',#6116,.F.);
#6119=CARTESIAN_POINT('',(0.E0,0.E0,0.E0));
#6120=DIRECTION('',(0.E0,1.E0,0.E0));
#6121=DIRECTION('',(1.E0,0.E0,0.E0));
#6122=AXIS2_PLACEMENT_3D('',#6119,#6120,#6121);
#6123=PLANE('',#6122);
#6125=ORIENTED_EDGE('',*,*,#6124,.T.);
#6127=ORIENTED_EDGE('',*,*,#6126,.F.);
#6129=ORIENTED_EDGE('',*,*,#6128,.T.);
#6131=ORIENTED_EDGE('',*,*,#6130,.T.);
#6133=ORIENTED_EDGE('',*,*,#6132,.T.);
#6135=ORIENTED_EDGE('',*,*,#6134,.T.);
#6137=ORIENTED_EDGE('',*,*,#6136,.F.);
#6139=ORIENTED_EDGE('',*,*,#6138,.F.);
#6141=ORIENTED_EDGE('',*,*,#6140,.F.);
#6143=ORIENTED_EDGE('',*,*,#6142,.T.);
#6145=ORIENTED_EDGE('',*,*,#6144,.F.);
#6147=ORIENTED_EDGE('',*,*,#6146,.F.);
#6149=ORIENTED_EDGE('',*,*,#6148,.F.);
#6151=ORIENTED_EDGE('',*,*,#6150,.T.);
#6153=ORIENTED_EDGE('',*,*,#6152,.T.);
#6155=ORIENTED_EDGE('',*,*,#6154,.T.);
#6157=ORIENTED_EDGE('',*,*,#6156,.F.);
#6159=ORIENTED_EDGE('',*,*,#6158,.T.);
#6161=ORIENTED_EDGE('',*,*,#6160,.T.);
#6163=ORIENTED_EDGE('',*,*,#6162,.T.);
#6165=ORIENTED_EDGE('',*,*,#6164,.T.);
#6167=ORIENTED_EDGE('',*,*,#6166,.T.);
#6169=ORIENTED_EDGE('',*,*,#6168,.T.);
#6170=EDGE_LOOP('',(#6125,#6127,#6129,#6131,#6133,#6135,#6137,#6139,#6141,#6143,
#6145,#6147,#6149,#6151,#6153,#6155,#6157,#6159,#6161,#6163,#6165,#6167,#6169));
#6171=FACE_OUTER_BOUND('',#6170,.F.);
#6173=CARTESIAN_POINT('',(0.E0,0.E0,0.E0));
#6174=DIRECTION('',(0.E0,1.E0,0.E0));
#6175=DIRECTION('',(1.E0,0.E0,0.E0));
#6176=AXIS2_PLACEMENT_3D('',#6173,#6174,#6175);
#6177=PLANE('',#6176);
#6179=ORIENTED_EDGE('',*,*,#6178,.T.);
#6181=ORIENTED_EDGE('',*,*,#6180,.T.);
#6183=ORIENTED_EDGE('',*,*,#6182,.T.);
#6185=ORIENTED_EDGE('',*,*,#6184,.F.);
#6187=ORIENTED_EDGE('',*,*,#6186,.F.);
#6189=ORIENTED_EDGE('',*,*,#6188,.F.);
#6191=ORIENTED_EDGE('',*,*,#6190,.T.);
#6193=ORIENTED_EDGE('',*,*,#6192,.F.);
#6195=ORIENTED_EDGE('',*,*,#6194,.T.);
#6197=ORIENTED_EDGE('',*,*,#6196,.F.);
#6199=ORIENTED_EDGE('',*,*,#6198,.T.);
#6201=ORIENTED_EDGE('',*,*,#6200,.T.);
#6203=ORIENTED_EDGE('',*,*,#6202,.T.);
#6205=ORIENTED_EDGE('',*,*,#6204,.F.);
#6207=ORIENTED_EDGE('',*,*,#6206,.F.);
#6208=EDGE_LOOP('',(#6179,#6181,#6183,#6185,#6187,#6189,#6191,#6193,#6195,#6197,
#6199,#6201,#6203,#6205,#6207));
#6209=FACE_OUTER_BOUND('',#6208,.F.);
#6211=CARTESIAN_POINT('',(2.865E1,0.E0,4.5E1));
#6212=DIRECTION('',(1.E0,0.E0,0.E0));
#6213=DIRECTION('',(0.E0,0.E0,-1.E0));
#6214=AXIS2_PLACEMENT_3D('',#6211,#6212,#6213);
#6215=PLANE('',#6214);
#6217=ORIENTED_EDGE('',*,*,#6216,.T.);
#6219=ORIENTED_EDGE('',*,*,#6218,.F.);
#6221=ORIENTED_EDGE('',*,*,#6220,.T.);
#6222=ORIENTED_EDGE('',*,*,#6048,.T.);
#6224=ORIENTED_EDGE('',*,*,#6223,.F.);
#6226=ORIENTED_EDGE('',*,*,#6225,.F.);
#6228=ORIENTED_EDGE('',*,*,#6227,.F.);
#6229=ORIENTED_EDGE('',*,*,#6106,.T.);
#6231=ORIENTED_EDGE('',*,*,#6230,.T.);
#6233=ORIENTED_EDGE('',*,*,#6232,.T.);
#6235=ORIENTED_EDGE('',*,*,#6234,.T.);
#6237=ORIENTED_EDGE('',*,*,#6236,.F.);
#6239=ORIENTED_EDGE('',*,*,#6238,.T.);
#6241=ORIENTED_EDGE('',*,*,#6240,.T.);
#6243=ORIENTED_EDGE('',*,*,#6242,.T.);
#6245=ORIENTED_EDGE('',*,*,#6244,.F.);
#6247=ORIENTED_EDGE('',*,*,#6246,.T.);
#6249=ORIENTED_EDGE('',*,*,#6248,.T.);
#6251=ORIENTED_EDGE('',*,*,#6250,.T.);
#6253=ORIENTED_EDGE('',*,*,#6252,.F.);
#6255=ORIENTED_EDGE('',*,*,#6254,.T.);
#6257=ORIENTED_EDGE('',*,*,#6256,.T.);
#6259=ORIENTED_EDGE('',*,*,#6258,.T.);
#6261=ORIENTED_EDGE('',*,*,#6260,.F.);
#6263=ORIENTED_EDGE('',*,*,#6262,.T.);
#6265=ORIENTED_EDGE('',*,*,#6264,.T.);
#6267=ORIENTED_EDGE('',*,*,#6266,.T.);
#6268=ORIENTED_EDGE('',*,*,#6186,.T.);
#6270=ORIENTED_EDGE('',*,*,#6269,.F.);
#6272=ORIENTED_EDGE('',*,*,#6271,.F.);
#6274=ORIENTED_EDGE('',*,*,#6273,.F.);
#6275=ORIENTED_EDGE('',*,*,#5988,.T.);
#6277=ORIENTED_EDGE('',*,*,#6276,.T.);
#6279=ORIENTED_EDGE('',*,*,#6278,.F.);
#6281=ORIENTED_EDGE('',*,*,#6280,.T.);
#6282=ORIENTED_EDGE('',*,*,#5996,.T.);
#6284=ORIENTED_EDGE('',*,*,#6283,.F.);
#6286=ORIENTED_EDGE('',*,*,#6285,.F.);
#6288=ORIENTED_EDGE('',*,*,#6287,.F.);
#6289=ORIENTED_EDGE('',*,*,#6012,.T.);
#6291=ORIENTED_EDGE('',*,*,#6290,.T.);
#6293=ORIENTED_EDGE('',*,*,#6292,.F.);
#6295=ORIENTED_EDGE('',*,*,#6294,.T.);
#6296=ORIENTED_EDGE('',*,*,#6020,.T.);
#6298=ORIENTED_EDGE('',*,*,#6297,.F.);
#6300=ORIENTED_EDGE('',*,*,#6299,.F.);
#6302=ORIENTED_EDGE('',*,*,#6301,.F.);
#6303=ORIENTED_EDGE('',*,*,#6064,.T.);
#6305=ORIENTED_EDGE('',*,*,#6304,.T.);
#6307=ORIENTED_EDGE('',*,*,#6306,.F.);
#6309=ORIENTED_EDGE('',*,*,#6308,.T.);
#6310=ORIENTED_EDGE('',*,*,#6072,.T.);
#6312=ORIENTED_EDGE('',*,*,#6311,.F.);
#6314=ORIENTED_EDGE('',*,*,#6313,.F.);
#6316=ORIENTED_EDGE('',*,*,#6315,.F.);
#6317=ORIENTED_EDGE('',*,*,#6040,.T.);
#6318=EDGE_LOOP('',(#6217,#6219,#6221,#6222,#6224,#6226,#6228,#6229,#6231,#6233,
#6235,#6237,#6239,#6241,#6243,#6245,#6247,#6249,#6251,#6253,#6255,#6257,#6259,
#6261,#6263,#6265,#6267,#6268,#6270,#6272,#6274,#6275,#6277,#6279,#6281,#6282,
#6284,#6286,#6288,#6289,#6291,#6293,#6295,#6296,#6298,#6300,#6302,#6303,#6305,
#6307,#6309,#6310,#6312,#6314,#6316,#6317));
#6319=FACE_OUTER_BOUND('',#6318,.F.);
#6321=CARTESIAN_POINT('',(0.E0,1.75E0,-1.549999884E1));
#6322=DIRECTION('',(1.E0,0.E0,0.E0));
#6323=DIRECTION('',(0.E0,0.E0,-1.E0));
#6324=AXIS2_PLACEMENT_3D('',#6321,#6322,#6323);
#6325=CYLINDRICAL_SURFACE('',#6324,2.95E0);
#6327=ORIENTED_EDGE('',*,*,#6326,.F.);
#6329=ORIENTED_EDGE('',*,*,#6328,.T.);
#6331=ORIENTED_EDGE('',*,*,#6330,.T.);
#6332=ORIENTED_EDGE('',*,*,#6238,.F.);
#6333=EDGE_LOOP('',(#6327,#6329,#6331,#6332));
#6334=FACE_OUTER_BOUND('',#6333,.F.);
#6336=CARTESIAN_POINT('',(0.E0,1.75E0,-1.549999884E1));
#6337=DIRECTION('',(1.E0,0.E0,0.E0));
#6338=DIRECTION('',(0.E0,0.E0,-1.E0));
#6339=AXIS2_PLACEMENT_3D('',#6336,#6337,#6338);
#6340=CYLINDRICAL_SURFACE('',#6339,2.95E0);
#6342=ORIENTED_EDGE('',*,*,#6341,.T.);
#6343=ORIENTED_EDGE('',*,*,#6216,.F.);
#6344=ORIENTED_EDGE('',*,*,#6038,.F.);
#6346=ORIENTED_EDGE('',*,*,#6345,.F.);
#6348=ORIENTED_EDGE('',*,*,#6347,.F.);
#6350=ORIENTED_EDGE('',*,*,#6349,.T.);
#6351=EDGE_LOOP('',(#6342,#6343,#6344,#6346,#6348,#6350));
#6352=FACE_OUTER_BOUND('',#6351,.F.);
#6354=CARTESIAN_POINT('',(2.75E1,2.5E0,2.257479951280E1));
#6355=DIRECTION('',(0.E0,1.E0,0.E0));
#6356=DIRECTION('',(0.E0,0.E0,-1.E0));
#6357=AXIS2_PLACEMENT_3D('',#6354,#6355,#6356);
#6358=PLANE('',#6357);
#6360=ORIENTED_EDGE('',*,*,#6359,.F.);
#6362=ORIENTED_EDGE('',*,*,#6361,.T.);
#6363=ORIENTED_EDGE('',*,*,#6260,.T.);
#6365=ORIENTED_EDGE('',*,*,#6364,.F.);
#6366=EDGE_LOOP('',(#6360,#6362,#6363,#6365));
#6367=FACE_OUTER_BOUND('',#6366,.F.);
#6369=CARTESIAN_POINT('',(2.75E1,2.5E0,2.257479951280E1));
#6370=DIRECTION('',(0.E0,1.E0,0.E0));
#6371=DIRECTION('',(0.E0,0.E0,-1.E0));
#6372=AXIS2_PLACEMENT_3D('',#6369,#6370,#6371);
#6373=PLANE('',#6372);
#6375=ORIENTED_EDGE('',*,*,#6374,.F.);
#6377=ORIENTED_EDGE('',*,*,#6376,.T.);
#6378=ORIENTED_EDGE('',*,*,#6252,.T.);
#6380=ORIENTED_EDGE('',*,*,#6379,.F.);
#6381=EDGE_LOOP('',(#6375,#6377,#6378,#6380));
#6382=FACE_OUTER_BOUND('',#6381,.F.);
#6384=CARTESIAN_POINT('',(2.75E1,2.5E0,2.257479951280E1));
#6385=DIRECTION('',(0.E0,1.E0,0.E0));
#6386=DIRECTION('',(0.E0,0.E0,-1.E0));
#6387=AXIS2_PLACEMENT_3D('',#6384,#6385,#6386);
#6388=PLANE('',#6387);
#6390=ORIENTED_EDGE('',*,*,#6389,.F.);
#6392=ORIENTED_EDGE('',*,*,#6391,.T.);
#6393=ORIENTED_EDGE('',*,*,#6244,.T.);
#6395=ORIENTED_EDGE('',*,*,#6394,.F.);
#6396=EDGE_LOOP('',(#6390,#6392,#6393,#6395));
#6397=FACE_OUTER_BOUND('',#6396,.F.);
#6399=CARTESIAN_POINT('',(2.75E1,2.5E0,2.257479951280E1));
#6400=DIRECTION('',(0.E0,1.E0,0.E0));
#6401=DIRECTION('',(0.E0,0.E0,-1.E0));
#6402=AXIS2_PLACEMENT_3D('',#6399,#6400,#6401);
#6403=PLANE('',#6402);
#6405=ORIENTED_EDGE('',*,*,#6404,.F.);
#6406=ORIENTED_EDGE('',*,*,#6326,.T.);
#6407=ORIENTED_EDGE('',*,*,#6236,.T.);
#6409=ORIENTED_EDGE('',*,*,#6408,.F.);
#6410=EDGE_LOOP('',(#6405,#6406,#6407,#6409));
#6411=FACE_OUTER_BOUND('',#6410,.F.);
#6413=CARTESIAN_POINT('',(2.75E1,0.E0,4.5E1));
#6414=DIRECTION('',(1.E0,0.E0,0.E0));
#6415=DIRECTION('',(0.E0,0.E0,-1.E0));
#6416=AXIS2_PLACEMENT_3D('',#6413,#6414,#6415);
#6417=PLANE('',#6416);
#6419=ORIENTED_EDGE('',*,*,#6418,.T.);
#6421=ORIENTED_EDGE('',*,*,#6420,.T.);
#6423=ORIENTED_EDGE('',*,*,#6422,.T.);
#6425=ORIENTED_EDGE('',*,*,#6424,.F.);
#6426=EDGE_LOOP('',(#6419,#6421,#6423,#6425));
#6427=FACE_OUTER_BOUND('',#6426,.F.);
#6428=ORIENTED_EDGE('',*,*,#6098,.F.);
#6430=ORIENTED_EDGE('',*,*,#6429,.T.);
#6432=ORIENTED_EDGE('',*,*,#6431,.T.);
#6434=ORIENTED_EDGE('',*,*,#6433,.F.);
#6435=EDGE_LOOP('',(#6428,#6430,#6432,#6434));
#6436=FACE_BOUND('',#6435,.F.);
#6437=ORIENTED_EDGE('',*,*,#6194,.F.);
#6439=ORIENTED_EDGE('',*,*,#6438,.T.);
#6441=ORIENTED_EDGE('',*,*,#6440,.T.);
#6443=ORIENTED_EDGE('',*,*,#6442,.F.);
#6444=EDGE_LOOP('',(#6437,#6439,#6441,#6443));
#6445=FACE_BOUND('',#6444,.F.);
#6446=ORIENTED_EDGE('',*,*,#6359,.T.);
#6448=ORIENTED_EDGE('',*,*,#6447,.F.);
#6450=ORIENTED_EDGE('',*,*,#6449,.F.);
#6452=ORIENTED_EDGE('',*,*,#6451,.F.);
#6453=ORIENTED_EDGE('',*,*,#6374,.T.);
#6455=ORIENTED_EDGE('',*,*,#6454,.F.);
#6457=ORIENTED_EDGE('',*,*,#6456,.F.);
#6459=ORIENTED_EDGE('',*,*,#6458,.F.);
#6460=ORIENTED_EDGE('',*,*,#6389,.T.);
#6462=ORIENTED_EDGE('',*,*,#6461,.F.);
#6464=ORIENTED_EDGE('',*,*,#6463,.F.);
#6465=ORIENTED_EDGE('',*,*,#6328,.F.);
#6466=ORIENTED_EDGE('',*,*,#6404,.T.);
#6468=ORIENTED_EDGE('',*,*,#6467,.F.);
#6470=ORIENTED_EDGE('',*,*,#6469,.F.);
#6472=ORIENTED_EDGE('',*,*,#6471,.F.);
#6474=ORIENTED_EDGE('',*,*,#6473,.F.);
#6476=ORIENTED_EDGE('',*,*,#6475,.F.);
#6478=ORIENTED_EDGE('',*,*,#6477,.T.);
#6479=ORIENTED_EDGE('',*,*,#6349,.F.);
#6481=ORIENTED_EDGE('',*,*,#6480,.F.);
#6483=ORIENTED_EDGE('',*,*,#6482,.F.);
#6485=ORIENTED_EDGE('',*,*,#6484,.T.);
#6487=ORIENTED_EDGE('',*,*,#6486,.F.);
#6489=ORIENTED_EDGE('',*,*,#6488,.F.);
#6491=ORIENTED_EDGE('',*,*,#6490,.F.);
#6493=ORIENTED_EDGE('',*,*,#6492,.T.);
#6495=ORIENTED_EDGE('',*,*,#6494,.F.);
#6497=ORIENTED_EDGE('',*,*,#6496,.F.);
#6499=ORIENTED_EDGE('',*,*,#6498,.F.);
#6501=ORIENTED_EDGE('',*,*,#6500,.T.);
#6503=ORIENTED_EDGE('',*,*,#6502,.F.);
#6505=ORIENTED_EDGE('',*,*,#6504,.F.);
#6507=ORIENTED_EDGE('',*,*,#6506,.F.);
#6509=ORIENTED_EDGE('',*,*,#6508,.F.);
#6511=ORIENTED_EDGE('',*,*,#6510,.F.);
#6512=EDGE_LOOP('',(#6446,#6448,#6450,#6452,#6453,#6455,#6457,#6459,#6460,#6462,
#6464,#6465,#6466,#6468,#6470,#6472,#6474,#6476,#6478,#6479,#6481,#6483,#6485,
#6487,#6489,#6491,#6493,#6495,#6497,#6499,#6501,#6503,#6505,#6507,#6509,#6511));
#6513=FACE_BOUND('',#6512,.F.);
#6515=CARTESIAN_POINT('',(2.7E1,0.E0,4.5E1));
#6516=DIRECTION('',(0.E0,1.E0,0.E0));
#6517=DIRECTION('',(1.E0,0.E0,0.E0));
#6518=AXIS2_PLACEMENT_3D('',#6515,#6516,#6517);
#6519=CYLINDRICAL_SURFACE('',#6518,5.E-1);
#6521=ORIENTED_EDGE('',*,*,#6520,.T.);
#6523=ORIENTED_EDGE('',*,*,#6522,.T.);
#6524=ORIENTED_EDGE('',*,*,#6418,.F.);
#6526=ORIENTED_EDGE('',*,*,#6525,.F.);
#6527=EDGE_LOOP('',(#6521,#6523,#6524,#6526));
#6528=FACE_OUTER_BOUND('',#6527,.F.);
#6530=CARTESIAN_POINT('',(-2.7E1,0.E0,4.55E1));
#6531=DIRECTION('',(0.E0,0.E0,1.E0));
#6532=DIRECTION('',(1.E0,0.E0,0.E0));
#6533=AXIS2_PLACEMENT_3D('',#6530,#6531,#6532);
#6534=PLANE('',#6533);
#6536=ORIENTED_EDGE('',*,*,#6535,.F.);
#6538=ORIENTED_EDGE('',*,*,#6537,.F.);
#6540=ORIENTED_EDGE('',*,*,#6539,.F.);
#6542=ORIENTED_EDGE('',*,*,#6541,.T.);
#6544=ORIENTED_EDGE('',*,*,#6543,.T.);
#6546=ORIENTED_EDGE('',*,*,#6545,.T.);
#6548=ORIENTED_EDGE('',*,*,#6547,.F.);
#6550=ORIENTED_EDGE('',*,*,#6549,.F.);
#6552=ORIENTED_EDGE('',*,*,#6551,.F.);
#6554=ORIENTED_EDGE('',*,*,#6553,.F.);
#6556=ORIENTED_EDGE('',*,*,#6555,.T.);
#6557=ORIENTED_EDGE('',*,*,#6520,.F.);
#6559=ORIENTED_EDGE('',*,*,#6558,.F.);
#6561=ORIENTED_EDGE('',*,*,#6560,.T.);
#6562=EDGE_LOOP('',(#6536,#6538,#6540,#6542,#6544,#6546,#6548,#6550,#6552,#6554,
#6556,#6557,#6559,#6561));
#6563=FACE_OUTER_BOUND('',#6562,.F.);
#6565=CARTESIAN_POINT('',(0.E0,5.E0,0.E0));
#6566=DIRECTION('',(0.E0,-1.E0,0.E0));
#6567=DIRECTION('',(1.E0,0.E0,0.E0));
#6568=AXIS2_PLACEMENT_3D('',#6565,#6566,#6567);
#6569=PLANE('',#6568);
#6571=ORIENTED_EDGE('',*,*,#6570,.F.);
#6573=ORIENTED_EDGE('',*,*,#6572,.F.);
#6575=ORIENTED_EDGE('',*,*,#6574,.F.);
#6577=ORIENTED_EDGE('',*,*,#6576,.F.);
#6578=ORIENTED_EDGE('',*,*,#6535,.T.);
#6580=ORIENTED_EDGE('',*,*,#6579,.F.);
#6582=ORIENTED_EDGE('',*,*,#6581,.F.);
#6583=EDGE_LOOP('',(#6571,#6573,#6575,#6577,#6578,#6580,#6582));
#6584=FACE_OUTER_BOUND('',#6583,.F.);
#6586=CARTESIAN_POINT('',(-1.76E1,5.249846558210E0,4.14E1));
#6587=DIRECTION('',(0.E0,-1.E0,0.E0));
#6588=DIRECTION('',(0.E0,0.E0,-1.E0));
#6589=AXIS2_PLACEMENT_3D('',#6586,#6587,#6588);
#6590=CONICAL_SURFACE('',#6589,3.750153441790E0,4.5E1);
#6592=ORIENTED_EDGE('',*,*,#6591,.F.);
#6594=ORIENTED_EDGE('',*,*,#6593,.F.);
#6595=ORIENTED_EDGE('',*,*,#6570,.T.);
#6597=ORIENTED_EDGE('',*,*,#6596,.F.);
#6599=ORIENTED_EDGE('',*,*,#6598,.T.);
#6600=EDGE_LOOP('',(#6592,#6594,#6595,#6597,#6599));
#6601=FACE_OUTER_BOUND('',#6600,.F.);
#6603=CARTESIAN_POINT('',(-1.76E1,8.5E0,4.14E1));
#6604=DIRECTION('',(0.E0,-1.E0,0.E0));
#6605=DIRECTION('',(1.E0,0.E0,0.E0));
#6606=AXIS2_PLACEMENT_3D('',#6603,#6604,#6605);
#6607=CYLINDRICAL_SURFACE('',#6606,3.5E0);
#6608=ORIENTED_EDGE('',*,*,#6591,.T.);
#6610=ORIENTED_EDGE('',*,*,#6609,.F.);
#6612=ORIENTED_EDGE('',*,*,#6611,.T.);
#6614=ORIENTED_EDGE('',*,*,#6613,.T.);
#6615=EDGE_LOOP('',(#6608,#6610,#6612,#6614));
#6616=FACE_OUTER_BOUND('',#6615,.F.);
#6618=CARTESIAN_POINT('',(-1.76E1,8.5E0,4.14E1));
#6619=DIRECTION('',(0.E0,-1.E0,0.E0));
#6620=DIRECTION('',(1.E0,0.E0,0.E0));
#6621=AXIS2_PLACEMENT_3D('',#6618,#6619,#6620);
#6622=CYLINDRICAL_SURFACE('',#6621,3.5E0);
#6624=ORIENTED_EDGE('',*,*,#6623,.T.);
#6625=ORIENTED_EDGE('',*,*,#6613,.F.);
#6627=ORIENTED_EDGE('',*,*,#6626,.T.);
#6628=ORIENTED_EDGE('',*,*,#6609,.T.);
#6629=EDGE_LOOP('',(#6624,#6625,#6627,#6628));
#6630=FACE_OUTER_BOUND('',#6629,.F.);
#6632=CARTESIAN_POINT('',(-1.76E1,5.249856566878E0,4.14E1));
#6633=DIRECTION('',(0.E0,-1.E0,0.E0));
#6634=DIRECTION('',(0.E0,0.E0,-1.E0));
#6635=AXIS2_PLACEMENT_3D('',#6632,#6633,#6634);
#6636=CONICAL_SURFACE('',#6635,3.750143433122E0,4.5E1);
#6637=ORIENTED_EDGE('',*,*,#6572,.T.);
#6638=ORIENTED_EDGE('',*,*,#6593,.T.);
#6639=ORIENTED_EDGE('',*,*,#6623,.F.);
#6640=ORIENTED_EDGE('',*,*,#6598,.F.);
#6642=ORIENTED_EDGE('',*,*,#6641,.F.);
#6644=ORIENTED_EDGE('',*,*,#6643,.F.);
#6645=EDGE_LOOP('',(#6637,#6638,#6639,#6640,#6642,#6644));
#6646=FACE_OUTER_BOUND('',#6645,.F.);
#6648=CARTESIAN_POINT('',(-2.4E1,0.E0,4.2E1));
#6649=DIRECTION('',(0.E0,1.E0,0.E0));
#6650=DIRECTION('',(-1.E0,0.E0,0.E0));
#6651=AXIS2_PLACEMENT_3D('',#6648,#6649,#6650);
#6652=CYLINDRICAL_SURFACE('',#6651,2.5E0);
#6654=ORIENTED_EDGE('',*,*,#6653,.F.);
#6655=ORIENTED_EDGE('',*,*,#6641,.T.);
#6656=ORIENTED_EDGE('',*,*,#6596,.T.);
#6657=ORIENTED_EDGE('',*,*,#6581,.T.);
#6659=ORIENTED_EDGE('',*,*,#6658,.T.);
#6661=ORIENTED_EDGE('',*,*,#6660,.T.);
#6663=ORIENTED_EDGE('',*,*,#6662,.F.);
#6665=ORIENTED_EDGE('',*,*,#6664,.F.);
#6666=EDGE_LOOP('',(#6654,#6655,#6656,#6657,#6659,#6661,#6663,#6665));
#6667=FACE_OUTER_BOUND('',#6666,.F.);
#6669=CARTESIAN_POINT('',(-2.4E1,0.E0,4.2E1));
#6670=DIRECTION('',(0.E0,1.E0,0.E0));
#6671=DIRECTION('',(-1.E0,0.E0,0.E0));
#6672=AXIS2_PLACEMENT_3D('',#6669,#6670,#6671);
#6673=CYLINDRICAL_SURFACE('',#6672,2.5E0);
#6674=ORIENTED_EDGE('',*,*,#6574,.T.);
#6675=ORIENTED_EDGE('',*,*,#6643,.T.);
#6676=ORIENTED_EDGE('',*,*,#6653,.T.);
#6678=ORIENTED_EDGE('',*,*,#6677,.F.);
#6679=ORIENTED_EDGE('',*,*,#6662,.T.);
#6681=ORIENTED_EDGE('',*,*,#6680,.T.);
#6683=ORIENTED_EDGE('',*,*,#6682,.F.);
#6684=EDGE_LOOP('',(#6674,#6675,#6676,#6678,#6679,#6681,#6683));
#6685=FACE_OUTER_BOUND('',#6684,.F.);
#6687=CARTESIAN_POINT('',(0.E0,0.E0,0.E0));
#6688=DIRECTION('',(0.E0,1.E0,0.E0));
#6689=DIRECTION('',(-1.E0,0.E0,0.E0));
#6690=AXIS2_PLACEMENT_3D('',#6687,#6688,#6689);
#6691=PLANE('',#6690);
#6693=ORIENTED_EDGE('',*,*,#6692,.T.);
#6695=ORIENTED_EDGE('',*,*,#6694,.T.);
#6696=EDGE_LOOP('',(#6693,#6695));
#6697=FACE_OUTER_BOUND('',#6696,.F.);
#6699=ORIENTED_EDGE('',*,*,#6698,.T.);
#6701=ORIENTED_EDGE('',*,*,#6700,.T.);
#6702=EDGE_LOOP('',(#6699,#6701));
#6703=FACE_BOUND('',#6702,.F.);
#6705=CARTESIAN_POINT('',(0.E0,0.E0,0.E0));
#6706=DIRECTION('',(0.E0,1.E0,0.E0));
#6707=DIRECTION('',(-1.E0,0.E0,0.E0));
#6708=AXIS2_PLACEMENT_3D('',#6705,#6706,#6707);
#6709=PLANE('',#6708);
#6710=ORIENTED_EDGE('',*,*,#6677,.T.);
#6711=ORIENTED_EDGE('',*,*,#6664,.T.);
#6712=EDGE_LOOP('',(#6710,#6711));
#6713=FACE_OUTER_BOUND('',#6712,.F.);
#6715=ORIENTED_EDGE('',*,*,#6714,.T.);
#6717=ORIENTED_EDGE('',*,*,#6716,.T.);
#6718=EDGE_LOOP('',(#6715,#6717));
#6719=FACE_BOUND('',#6718,.F.);
#6721=CARTESIAN_POINT('',(0.E0,0.E0,0.E0));
#6722=DIRECTION('',(0.E0,1.E0,0.E0));
#6723=DIRECTION('',(-1.E0,0.E0,0.E0));
#6724=AXIS2_PLACEMENT_3D('',#6721,#6722,#6723);
#6725=PLANE('',#6724);
#6727=ORIENTED_EDGE('',*,*,#6726,.T.);
#6729=ORIENTED_EDGE('',*,*,#6728,.T.);
#6730=EDGE_LOOP('',(#6727,#6729));
#6731=FACE_OUTER_BOUND('',#6730,.F.);
#6733=ORIENTED_EDGE('',*,*,#6732,.T.);
#6735=ORIENTED_EDGE('',*,*,#6734,.T.);
#6736=EDGE_LOOP('',(#6733,#6735));
#6737=FACE_BOUND('',#6736,.F.);
#6739=CARTESIAN_POINT('',(0.E0,0.E0,0.E0));
#6740=DIRECTION('',(0.E0,1.E0,0.E0));
#6741=DIRECTION('',(-1.E0,0.E0,0.E0));
#6742=AXIS2_PLACEMENT_3D('',#6739,#6740,#6741);
#6743=PLANE('',#6742);
#6745=ORIENTED_EDGE('',*,*,#6744,.T.);
#6747=ORIENTED_EDGE('',*,*,#6746,.T.);
#6748=EDGE_LOOP('',(#6745,#6747));
#6749=FACE_OUTER_BOUND('',#6748,.F.);
#6751=ORIENTED_EDGE('',*,*,#6750,.T.);
#6753=ORIENTED_EDGE('',*,*,#6752,.T.);
#6754=EDGE_LOOP('',(#6751,#6753));
#6755=FACE_BOUND('',#6754,.F.);
#6757=CARTESIAN_POINT('',(2.4E1,0.E0,4.2E1));
#6758=DIRECTION('',(0.E0,1.E0,0.E0));
#6759=DIRECTION('',(-1.E0,0.E0,0.E0));
#6760=AXIS2_PLACEMENT_3D('',#6757,#6758,#6759);
#6761=CYLINDRICAL_SURFACE('',#6760,2.5E0);
#6763=ORIENTED_EDGE('',*,*,#6762,.T.);
#6765=ORIENTED_EDGE('',*,*,#6764,.F.);
#6766=ORIENTED_EDGE('',*,*,#6692,.F.);
#6768=ORIENTED_EDGE('',*,*,#6767,.T.);
#6769=EDGE_LOOP('',(#6763,#6765,#6766,#6768));
#6770=FACE_OUTER_BOUND('',#6769,.F.);
#6772=CARTESIAN_POINT('',(0.E0,8.5E0,0.E0));
#6773=DIRECTION('',(0.E0,1.E0,0.E0));
#6774=DIRECTION('',(1.E0,0.E0,0.E0));
#6775=AXIS2_PLACEMENT_3D('',#6772,#6773,#6774);
#6776=PLANE('',#6775);
#6778=ORIENTED_EDGE('',*,*,#6777,.T.);
#6780=ORIENTED_EDGE('',*,*,#6779,.T.);
#6781=EDGE_LOOP('',(#6778,#6780));
#6782=FACE_OUTER_BOUND('',#6781,.F.);
#6784=CARTESIAN_POINT('',(0.E0,8.5E0,0.E0));
#6785=DIRECTION('',(0.E0,1.E0,0.E0));
#6786=DIRECTION('',(1.E0,0.E0,0.E0));
#6787=AXIS2_PLACEMENT_3D('',#6784,#6785,#6786);
#6788=PLANE('',#6787);
#6790=ORIENTED_EDGE('',*,*,#6789,.T.);
#6792=ORIENTED_EDGE('',*,*,#6791,.T.);
#6793=EDGE_LOOP('',(#6790,#6792));
#6794=FACE_OUTER_BOUND('',#6793,.F.);
#6796=CARTESIAN_POINT('',(0.E0,8.5E0,0.E0));
#6797=DIRECTION('',(0.E0,1.E0,0.E0));
#6798=DIRECTION('',(1.E0,0.E0,0.E0));
#6799=AXIS2_PLACEMENT_3D('',#6796,#6797,#6798);
#6800=PLANE('',#6799);
#6802=ORIENTED_EDGE('',*,*,#6801,.T.);
#6804=ORIENTED_EDGE('',*,*,#6803,.T.);
#6806=ORIENTED_EDGE('',*,*,#6805,.T.);
#6807=EDGE_LOOP('',(#6802,#6804,#6806));
#6808=FACE_OUTER_BOUND('',#6807,.F.);
#6810=CARTESIAN_POINT('',(0.E0,8.5E0,0.E0));
#6811=DIRECTION('',(0.E0,1.E0,0.E0));
#6812=DIRECTION('',(1.E0,0.E0,0.E0));
#6813=AXIS2_PLACEMENT_3D('',#6810,#6811,#6812);
#6814=PLANE('',#6813);
#6816=ORIENTED_EDGE('',*,*,#6815,.T.);
#6818=ORIENTED_EDGE('',*,*,#6817,.T.);
#6820=ORIENTED_EDGE('',*,*,#6819,.T.);
#6821=EDGE_LOOP('',(#6816,#6818,#6820));
#6822=FACE_OUTER_BOUND('',#6821,.F.);
#6824=CARTESIAN_POINT('',(0.E0,8.5E0,0.E0));
#6825=DIRECTION('',(0.E0,1.E0,0.E0));
#6826=DIRECTION('',(1.E0,0.E0,0.E0));
#6827=AXIS2_PLACEMENT_3D('',#6824,#6825,#6826);
#6828=PLANE('',#6827);
#6829=ORIENTED_EDGE('',*,*,#6611,.F.);
#6830=ORIENTED_EDGE('',*,*,#6626,.F.);
#6831=EDGE_LOOP('',(#6829,#6830));
#6832=FACE_OUTER_BOUND('',#6831,.F.);
#6834=ORIENTED_EDGE('',*,*,#6833,.F.);
#6836=ORIENTED_EDGE('',*,*,#6835,.F.);
#6837=EDGE_LOOP('',(#6834,#6836));
#6838=FACE_BOUND('',#6837,.F.);
#6840=CARTESIAN_POINT('',(0.E0,8.5E0,0.E0));
#6841=DIRECTION('',(0.E0,1.E0,0.E0));
#6842=DIRECTION('',(1.E0,0.E0,0.E0));
#6843=AXIS2_PLACEMENT_3D('',#6840,#6841,#6842);
#6844=PLANE('',#6843);
#6846=ORIENTED_EDGE('',*,*,#6845,.F.);
#6847=ORIENTED_EDGE('',*,*,#6558,.T.);
#6848=ORIENTED_EDGE('',*,*,#6525,.T.);
#6849=ORIENTED_EDGE('',*,*,#6424,.T.);
#6851=ORIENTED_EDGE('',*,*,#6850,.T.);
#6853=ORIENTED_EDGE('',*,*,#6852,.T.);
#6855=ORIENTED_EDGE('',*,*,#6854,.T.);
#6857=ORIENTED_EDGE('',*,*,#6856,.T.);
#6859=ORIENTED_EDGE('',*,*,#6858,.T.);
#6860=ORIENTED_EDGE('',*,*,#6539,.T.);
#6862=ORIENTED_EDGE('',*,*,#6861,.T.);
#6863=ORIENTED_EDGE('',*,*,#6680,.F.);
#6864=ORIENTED_EDGE('',*,*,#6660,.F.);
#6865=EDGE_LOOP('',(#6846,#6847,#6848,#6849,#6851,#6853,#6855,#6857,#6859,#6860,
#6862,#6863,#6864));
#6866=FACE_OUTER_BOUND('',#6865,.F.);
#6867=ORIENTED_EDGE('',*,*,#6762,.F.);
#6869=ORIENTED_EDGE('',*,*,#6868,.F.);
#6870=EDGE_LOOP('',(#6867,#6869));
#6871=FACE_BOUND('',#6870,.F.);
#6873=ORIENTED_EDGE('',*,*,#6872,.F.);
#6875=ORIENTED_EDGE('',*,*,#6874,.T.);
#6877=ORIENTED_EDGE('',*,*,#6876,.T.);
#6879=ORIENTED_EDGE('',*,*,#6878,.T.);
#6881=ORIENTED_EDGE('',*,*,#6880,.T.);
#6883=ORIENTED_EDGE('',*,*,#6882,.T.);
#6885=ORIENTED_EDGE('',*,*,#6884,.F.);
#6887=ORIENTED_EDGE('',*,*,#6886,.F.);
#6889=ORIENTED_EDGE('',*,*,#6888,.T.);
#6891=ORIENTED_EDGE('',*,*,#6890,.F.);
#6892=EDGE_LOOP('',(#6873,#6875,#6877,#6879,#6881,#6883,#6885,#6887,#6889,
#6891));
#6893=FACE_BOUND('',#6892,.F.);
#6895=ORIENTED_EDGE('',*,*,#6894,.T.);
#6897=ORIENTED_EDGE('',*,*,#6896,.T.);
#6898=EDGE_LOOP('',(#6895,#6897));
#6899=FACE_BOUND('',#6898,.F.);
#6901=ORIENTED_EDGE('',*,*,#6900,.T.);
#6903=ORIENTED_EDGE('',*,*,#6902,.T.);
#6904=EDGE_LOOP('',(#6901,#6903));
#6905=FACE_BOUND('',#6904,.F.);
#6907=ORIENTED_EDGE('',*,*,#6906,.T.);
#6909=ORIENTED_EDGE('',*,*,#6908,.T.);
#6910=EDGE_LOOP('',(#6907,#6909));
#6911=FACE_BOUND('',#6910,.F.);
#6913=CARTESIAN_POINT('',(2.4E1,0.E0,4.2E1));
#6914=DIRECTION('',(0.E0,1.E0,0.E0));
#6915=DIRECTION('',(-1.E0,0.E0,0.E0));
#6916=AXIS2_PLACEMENT_3D('',#6913,#6914,#6915);
#6917=CYLINDRICAL_SURFACE('',#6916,1.3E0);
#6919=ORIENTED_EDGE('',*,*,#6918,.F.);
#6921=ORIENTED_EDGE('',*,*,#6920,.T.);
#6923=ORIENTED_EDGE('',*,*,#6922,.F.);
#6924=ORIENTED_EDGE('',*,*,#6777,.F.);
#6925=EDGE_LOOP('',(#6919,#6921,#6923,#6924));
#6926=FACE_OUTER_BOUND('',#6925,.F.);
#6928=CARTESIAN_POINT('',(2.4E1,0.E0,4.2E1));
#6929=DIRECTION('',(0.E0,1.E0,0.E0));
#6930=DIRECTION('',(-1.E0,0.E0,0.E0));
#6931=AXIS2_PLACEMENT_3D('',#6928,#6929,#6930);
#6932=CYLINDRICAL_SURFACE('',#6931,1.3E0);
#6933=ORIENTED_EDGE('',*,*,#6922,.T.);
#6935=ORIENTED_EDGE('',*,*,#6934,.T.);
#6936=ORIENTED_EDGE('',*,*,#6918,.T.);
#6937=ORIENTED_EDGE('',*,*,#6779,.F.);
#6938=EDGE_LOOP('',(#6933,#6935,#6936,#6937));
#6939=FACE_OUTER_BOUND('',#6938,.F.);
#6941=CARTESIAN_POINT('',(0.E0,-5.E-1,0.E0));
#6942=DIRECTION('',(0.E0,-1.E0,0.E0));
#6943=DIRECTION('',(1.E0,0.E0,0.E0));
#6944=AXIS2_PLACEMENT_3D('',#6941,#6942,#6943);
#6945=PLANE('',#6944);
#6947=ORIENTED_EDGE('',*,*,#6946,.F.);
#6949=ORIENTED_EDGE('',*,*,#6948,.F.);
#6950=EDGE_LOOP('',(#6947,#6949));
#6951=FACE_OUTER_BOUND('',#6950,.F.);
#6953=ORIENTED_EDGE('',*,*,#6952,.F.);
#6955=ORIENTED_EDGE('',*,*,#6954,.F.);
#6956=EDGE_LOOP('',(#6953,#6955));
#6957=FACE_BOUND('',#6956,.F.);
#6959=CARTESIAN_POINT('',(0.E0,-5.E-1,0.E0));
#6960=DIRECTION('',(0.E0,-1.E0,0.E0));
#6961=DIRECTION('',(1.E0,0.E0,0.E0));
#6962=AXIS2_PLACEMENT_3D('',#6959,#6960,#6961);
#6963=PLANE('',#6962);
#6965=ORIENTED_EDGE('',*,*,#6964,.F.);
#6967=ORIENTED_EDGE('',*,*,#6966,.F.);
#6968=EDGE_LOOP('',(#6965,#6967));
#6969=FACE_OUTER_BOUND('',#6968,.F.);
#6970=ORIENTED_EDGE('',*,*,#6920,.F.);
#6971=ORIENTED_EDGE('',*,*,#6934,.F.);
#6972=EDGE_LOOP('',(#6970,#6971));
#6973=FACE_BOUND('',#6972,.F.);
#6975=CARTESIAN_POINT('',(0.E0,-5.E-1,0.E0));
#6976=DIRECTION('',(0.E0,-1.E0,0.E0));
#6977=DIRECTION('',(1.E0,0.E0,0.E0));
#6978=AXIS2_PLACEMENT_3D('',#6975,#6976,#6977);
#6979=PLANE('',#6978);
#6981=ORIENTED_EDGE('',*,*,#6980,.F.);
#6983=ORIENTED_EDGE('',*,*,#6982,.F.);
#6984=EDGE_LOOP('',(#6981,#6983));
#6985=FACE_OUTER_BOUND('',#6984,.F.);
#6987=ORIENTED_EDGE('',*,*,#6986,.F.);
#6989=ORIENTED_EDGE('',*,*,#6988,.F.);
#6990=EDGE_LOOP('',(#6987,#6989));
#6991=FACE_BOUND('',#6990,.F.);
#6993=CARTESIAN_POINT('',(-2.4E1,0.E0,-4.2E1));
#6994=DIRECTION('',(0.E0,-1.E0,0.E0));
#6995=DIRECTION('',(1.E0,0.E0,0.E0));
#6996=AXIS2_PLACEMENT_3D('',#6993,#6994,#6995);
#6997=CYLINDRICAL_SURFACE('',#6996,1.6E0);
#6998=ORIENTED_EDGE('',*,*,#6750,.F.);
#7000=ORIENTED_EDGE('',*,*,#6999,.T.);
#7001=ORIENTED_EDGE('',*,*,#6946,.T.);
#7003=ORIENTED_EDGE('',*,*,#7002,.F.);
#7004=EDGE_LOOP('',(#6998,#7000,#7001,#7003));
#7005=FACE_OUTER_BOUND('',#7004,.F.);
#7007=CARTESIAN_POINT('',(-2.4E1,0.E0,-4.2E1));
#7008=DIRECTION('',(0.E0,-1.E0,0.E0));
#7009=DIRECTION('',(1.E0,0.E0,0.E0));
#7010=AXIS2_PLACEMENT_3D('',#7007,#7008,#7009);
#7011=CYLINDRICAL_SURFACE('',#7010,1.6E0);
#7012=ORIENTED_EDGE('',*,*,#6752,.F.);
#7013=ORIENTED_EDGE('',*,*,#7002,.T.);
#7014=ORIENTED_EDGE('',*,*,#6948,.T.);
#7015=ORIENTED_EDGE('',*,*,#6999,.F.);
#7016=EDGE_LOOP('',(#7012,#7013,#7014,#7015));
#7017=FACE_OUTER_BOUND('',#7016,.F.);
#7019=CARTESIAN_POINT('',(2.4E1,0.E0,4.2E1));
#7020=DIRECTION('',(0.E0,-1.E0,0.E0));
#7021=DIRECTION('',(1.E0,0.E0,0.E0));
#7022=AXIS2_PLACEMENT_3D('',#7019,#7020,#7021);
#7023=CYLINDRICAL_SURFACE('',#7022,1.6E0);
#7024=ORIENTED_EDGE('',*,*,#6698,.F.);
#7026=ORIENTED_EDGE('',*,*,#7025,.T.);
#7027=ORIENTED_EDGE('',*,*,#6964,.T.);
#7029=ORIENTED_EDGE('',*,*,#7028,.F.);
#7030=EDGE_LOOP('',(#7024,#7026,#7027,#7029));
#7031=FACE_OUTER_BOUND('',#7030,.F.);
#7033=CARTESIAN_POINT('',(2.4E1,0.E0,4.2E1));
#7034=DIRECTION('',(0.E0,-1.E0,0.E0));
#7035=DIRECTION('',(1.E0,0.E0,0.E0));
#7036=AXIS2_PLACEMENT_3D('',#7033,#7034,#7035);
#7037=CYLINDRICAL_SURFACE('',#7036,1.6E0);
#7038=ORIENTED_EDGE('',*,*,#6700,.F.);
#7039=ORIENTED_EDGE('',*,*,#7028,.T.);
#7040=ORIENTED_EDGE('',*,*,#6966,.T.);
#7041=ORIENTED_EDGE('',*,*,#7025,.F.);
#7042=EDGE_LOOP('',(#7038,#7039,#7040,#7041));
#7043=FACE_OUTER_BOUND('',#7042,.F.);
#7045=CARTESIAN_POINT('',(-2.4E1,0.E0,4.2E1));
#7046=DIRECTION('',(0.E0,-1.E0,0.E0));
#7047=DIRECTION('',(1.E0,0.E0,0.E0));
#7048=AXIS2_PLACEMENT_3D('',#7045,#7046,#7047);
#7049=CYLINDRICAL_SURFACE('',#7048,1.6E0);
#7050=ORIENTED_EDGE('',*,*,#6714,.F.);
#7052=ORIENTED_EDGE('',*,*,#7051,.T.);
#7053=ORIENTED_EDGE('',*,*,#6980,.T.);
#7055=ORIENTED_EDGE('',*,*,#7054,.F.);
#7056=EDGE_LOOP('',(#7050,#7052,#7053,#7055));
#7057=FACE_OUTER_BOUND('',#7056,.F.);
#7059=CARTESIAN_POINT('',(-2.4E1,0.E0,4.2E1));
#7060=DIRECTION('',(0.E0,-1.E0,0.E0));
#7061=DIRECTION('',(1.E0,0.E0,0.E0));
#7062=AXIS2_PLACEMENT_3D('',#7059,#7060,#7061);
#7063=CYLINDRICAL_SURFACE('',#7062,1.6E0);
#7064=ORIENTED_EDGE('',*,*,#6716,.F.);
#7065=ORIENTED_EDGE('',*,*,#7054,.T.);
#7066=ORIENTED_EDGE('',*,*,#6982,.T.);
#7067=ORIENTED_EDGE('',*,*,#7051,.F.);
#7068=EDGE_LOOP('',(#7064,#7065,#7066,#7067));
#7069=FACE_OUTER_BOUND('',#7068,.F.);
#7071=CARTESIAN_POINT('',(-2.4E1,0.E0,4.2E1));
#7072=DIRECTION('',(0.E0,1.E0,0.E0));
#7073=DIRECTION('',(-1.E0,0.E0,0.E0));
#7074=AXIS2_PLACEMENT_3D('',#7071,#7072,#7073);
#7075=CYLINDRICAL_SURFACE('',#7074,1.3E0);
#7077=ORIENTED_EDGE('',*,*,#7076,.F.);
#7078=ORIENTED_EDGE('',*,*,#6986,.T.);
#7080=ORIENTED_EDGE('',*,*,#7079,.F.);
#7081=ORIENTED_EDGE('',*,*,#6789,.F.);
#7082=EDGE_LOOP('',(#7077,#7078,#7080,#7081));
#7083=FACE_OUTER_BOUND('',#7082,.F.);
#7085=CARTESIAN_POINT('',(-2.4E1,0.E0,4.2E1));
#7086=DIRECTION('',(0.E0,1.E0,0.E0));
#7087=DIRECTION('',(-1.E0,0.E0,0.E0));
#7088=AXIS2_PLACEMENT_3D('',#7085,#7086,#7087);
#7089=CYLINDRICAL_SURFACE('',#7088,1.3E0);
#7090=ORIENTED_EDGE('',*,*,#7079,.T.);
#7091=ORIENTED_EDGE('',*,*,#6988,.T.);
#7092=ORIENTED_EDGE('',*,*,#7076,.T.);
#7093=ORIENTED_EDGE('',*,*,#6791,.F.);
#7094=EDGE_LOOP('',(#7090,#7091,#7092,#7093));
#7095=FACE_OUTER_BOUND('',#7094,.F.);
#7097=CARTESIAN_POINT('',(-2.4E1,0.E0,-4.2E1));
#7098=DIRECTION('',(0.E0,1.E0,0.E0));
#7099=DIRECTION('',(-1.E0,0.E0,0.E0));
#7100=AXIS2_PLACEMENT_3D('',#7097,#7098,#7099);
#7101=CYLINDRICAL_SURFACE('',#7100,1.3E0);
#7103=ORIENTED_EDGE('',*,*,#7102,.F.);
#7105=ORIENTED_EDGE('',*,*,#7104,.F.);
#7106=ORIENTED_EDGE('',*,*,#6952,.T.);
#7108=ORIENTED_EDGE('',*,*,#7107,.F.);
#7109=ORIENTED_EDGE('',*,*,#6815,.F.);
#7111=ORIENTED_EDGE('',*,*,#7110,.F.);
#7112=EDGE_LOOP('',(#7103,#7105,#7106,#7108,#7109,#7111));
#7113=FACE_OUTER_BOUND('',#7112,.F.);
#7115=CARTESIAN_POINT('',(0.E0,6.7E0,0.E0));
#7116=DIRECTION('',(0.E0,-1.E0,0.E0));
#7117=DIRECTION('',(1.E0,0.E0,0.E0));
#7118=AXIS2_PLACEMENT_3D('',#7115,#7116,#7117);
#7119=PLANE('',#7118);
#7121=ORIENTED_EDGE('',*,*,#7120,.T.);
#7123=ORIENTED_EDGE('',*,*,#7122,.T.);
#7125=ORIENTED_EDGE('',*,*,#7124,.F.);
#7126=EDGE_LOOP('',(#7121,#7123,#7125));
#7127=FACE_OUTER_BOUND('',#7126,.F.);
#7129=CARTESIAN_POINT('',(0.E0,6.7E0,0.E0));
#7130=DIRECTION('',(0.E0,-1.E0,0.E0));
#7131=DIRECTION('',(1.E0,0.E0,0.E0));
#7132=AXIS2_PLACEMENT_3D('',#7129,#7130,#7131);
#7133=PLANE('',#7132);
#7134=ORIENTED_EDGE('',*,*,#7102,.T.);
#7136=ORIENTED_EDGE('',*,*,#7135,.F.);
#7138=ORIENTED_EDGE('',*,*,#7137,.T.);
#7139=EDGE_LOOP('',(#7134,#7136,#7138));
#7140=FACE_OUTER_BOUND('',#7139,.F.);
#7142=CARTESIAN_POINT('',(0.E0,6.7E0,0.E0));
#7143=DIRECTION('',(0.E0,-1.E0,0.E0));
#7144=DIRECTION('',(1.E0,0.E0,0.E0));
#7145=AXIS2_PLACEMENT_3D('',#7142,#7143,#7144);
#7146=PLANE('',#7145);
#7148=ORIENTED_EDGE('',*,*,#7147,.T.);
#7150=ORIENTED_EDGE('',*,*,#7149,.T.);
#7152=ORIENTED_EDGE('',*,*,#7151,.F.);
#7154=ORIENTED_EDGE('',*,*,#7153,.F.);
#7156=ORIENTED_EDGE('',*,*,#7155,.F.);
#7158=ORIENTED_EDGE('',*,*,#7157,.F.);
#7160=ORIENTED_EDGE('',*,*,#7159,.F.);
#7162=ORIENTED_EDGE('',*,*,#7161,.F.);
#7164=ORIENTED_EDGE('',*,*,#7163,.F.);
#7166=ORIENTED_EDGE('',*,*,#7165,.F.);
#7168=ORIENTED_EDGE('',*,*,#7167,.F.);
#7170=ORIENTED_EDGE('',*,*,#7169,.F.);
#7172=ORIENTED_EDGE('',*,*,#7171,.F.);
#7174=ORIENTED_EDGE('',*,*,#7173,.F.);
#7176=ORIENTED_EDGE('',*,*,#7175,.F.);
#7178=ORIENTED_EDGE('',*,*,#7177,.F.);
#7180=ORIENTED_EDGE('',*,*,#7179,.T.);
#7182=ORIENTED_EDGE('',*,*,#7181,.F.);
#7184=ORIENTED_EDGE('',*,*,#7183,.F.);
#7186=ORIENTED_EDGE('',*,*,#7185,.T.);
#7188=ORIENTED_EDGE('',*,*,#7187,.T.);
#7190=ORIENTED_EDGE('',*,*,#7189,.T.);
#7192=ORIENTED_EDGE('',*,*,#7191,.F.);
#7194=ORIENTED_EDGE('',*,*,#7193,.T.);
#7196=ORIENTED_EDGE('',*,*,#7195,.T.);
#7198=ORIENTED_EDGE('',*,*,#7197,.T.);
#7200=ORIENTED_EDGE('',*,*,#7199,.F.);
#7202=ORIENTED_EDGE('',*,*,#7201,.F.);
#7204=ORIENTED_EDGE('',*,*,#7203,.F.);
#7206=ORIENTED_EDGE('',*,*,#7205,.T.);
#7208=ORIENTED_EDGE('',*,*,#7207,.T.);
#7210=ORIENTED_EDGE('',*,*,#7209,.T.);
#7212=ORIENTED_EDGE('',*,*,#7211,.F.);
#7214=ORIENTED_EDGE('',*,*,#7213,.T.);
#7215=EDGE_LOOP('',(#7148,#7150,#7152,#7154,#7156,#7158,#7160,#7162,#7164,#7166,
#7168,#7170,#7172,#7174,#7176,#7178,#7180,#7182,#7184,#7186,#7188,#7190,#7192,
#7194,#7196,#7198,#7200,#7202,#7204,#7206,#7208,#7210,#7212,#7214));
#7216=FACE_OUTER_BOUND('',#7215,.F.);
#7218=CARTESIAN_POINT('',(2.4E1,0.E0,-4.2E1));
#7219=DIRECTION('',(0.E0,1.E0,0.E0));
#7220=DIRECTION('',(-1.E0,0.E0,0.E0));
#7221=AXIS2_PLACEMENT_3D('',#7218,#7219,#7220);
#7222=CYLINDRICAL_SURFACE('',#7221,1.3E0);
#7223=ORIENTED_EDGE('',*,*,#7120,.F.);
#7225=ORIENTED_EDGE('',*,*,#7224,.T.);
#7226=ORIENTED_EDGE('',*,*,#6801,.F.);
#7228=ORIENTED_EDGE('',*,*,#7227,.F.);
#7229=ORIENTED_EDGE('',*,*,#6732,.F.);
#7231=ORIENTED_EDGE('',*,*,#7230,.T.);
#7232=EDGE_LOOP('',(#7223,#7225,#7226,#7228,#7229,#7231));
#7233=FACE_OUTER_BOUND('',#7232,.F.);
#7235=CARTESIAN_POINT('',(2.265999999408E1,8.5E0,-4.065E1));
#7236=DIRECTION('',(0.E0,-1.E0,0.E0));
#7237=DIRECTION('',(1.E0,0.E0,0.E0));
#7238=AXIS2_PLACEMENT_3D('',#7235,#7236,#7237);
#7239=CYLINDRICAL_SURFACE('',#7238,2.5E0);
#7240=ORIENTED_EDGE('',*,*,#6803,.F.);
#7241=ORIENTED_EDGE('',*,*,#7224,.F.);
#7242=ORIENTED_EDGE('',*,*,#7124,.T.);
#7244=ORIENTED_EDGE('',*,*,#7243,.T.);
#7245=EDGE_LOOP('',(#7240,#7241,#7242,#7244));
#7246=FACE_OUTER_BOUND('',#7245,.F.);
#7248=CARTESIAN_POINT('',(2.4E1,0.E0,-4.2E1));
#7249=DIRECTION('',(0.E0,1.E0,0.E0));
#7250=DIRECTION('',(-1.E0,0.E0,0.E0));
#7251=AXIS2_PLACEMENT_3D('',#7248,#7249,#7250);
#7252=CYLINDRICAL_SURFACE('',#7251,1.3E0);
#7253=ORIENTED_EDGE('',*,*,#7122,.F.);
#7254=ORIENTED_EDGE('',*,*,#7230,.F.);
#7255=ORIENTED_EDGE('',*,*,#6734,.F.);
#7256=ORIENTED_EDGE('',*,*,#7227,.T.);
#7257=ORIENTED_EDGE('',*,*,#6805,.F.);
#7258=ORIENTED_EDGE('',*,*,#7243,.F.);
#7259=EDGE_LOOP('',(#7253,#7254,#7255,#7256,#7257,#7258));
#7260=FACE_OUTER_BOUND('',#7259,.F.);
#7262=CARTESIAN_POINT('',(-2.265999999408E1,8.5E0,-4.065E1));
#7263=DIRECTION('',(0.E0,-1.E0,0.E0));
#7264=DIRECTION('',(1.E0,0.E0,0.E0));
#7265=AXIS2_PLACEMENT_3D('',#7262,#7263,#7264);
#7266=CYLINDRICAL_SURFACE('',#7265,2.5E0);
#7267=ORIENTED_EDGE('',*,*,#6819,.F.);
#7269=ORIENTED_EDGE('',*,*,#7268,.F.);
#7270=ORIENTED_EDGE('',*,*,#7135,.T.);
#7271=ORIENTED_EDGE('',*,*,#7110,.T.);
#7272=EDGE_LOOP('',(#7267,#7269,#7270,#7271));
#7273=FACE_OUTER_BOUND('',#7272,.F.);
#7275=CARTESIAN_POINT('',(-2.4E1,0.E0,-4.2E1));
#7276=DIRECTION('',(0.E0,1.E0,0.E0));
#7277=DIRECTION('',(-1.E0,0.E0,0.E0));
#7278=AXIS2_PLACEMENT_3D('',#7275,#7276,#7277);
#7279=CYLINDRICAL_SURFACE('',#7278,1.3E0);
#7280=ORIENTED_EDGE('',*,*,#7137,.F.);
#7281=ORIENTED_EDGE('',*,*,#7268,.T.);
#7282=ORIENTED_EDGE('',*,*,#6817,.F.);
#7283=ORIENTED_EDGE('',*,*,#7107,.T.);
#7284=ORIENTED_EDGE('',*,*,#6954,.T.);
#7285=ORIENTED_EDGE('',*,*,#7104,.T.);
#7286=EDGE_LOOP('',(#7280,#7281,#7282,#7283,#7284,#7285));
#7287=FACE_OUTER_BOUND('',#7286,.F.);
#7289=CARTESIAN_POINT('',(2.2E1,6.7E0,4.6E0));
#7290=DIRECTION('',(0.E0,-1.E0,0.E0));
#7291=DIRECTION('',(0.E0,0.E0,-1.E0));
#7292=AXIS2_PLACEMENT_3D('',#7289,#7290,#7291);
#7293=CYLINDRICAL_SURFACE('',#7292,7.5E-1);
#7294=ORIENTED_EDGE('',*,*,#7147,.F.);
#7296=ORIENTED_EDGE('',*,*,#7295,.T.);
#7298=ORIENTED_EDGE('',*,*,#7297,.T.);
#7300=ORIENTED_EDGE('',*,*,#7299,.F.);
#7301=EDGE_LOOP('',(#7294,#7296,#7298,#7300));
#7302=FACE_OUTER_BOUND('',#7301,.F.);
#7304=CARTESIAN_POINT('',(2.2E1,6.7E0,4.6E0));
#7305=DIRECTION('',(0.E0,-1.E0,0.E0));
#7306=DIRECTION('',(0.E0,0.E0,-1.E0));
#7307=AXIS2_PLACEMENT_3D('',#7304,#7305,#7306);
#7308=CYLINDRICAL_SURFACE('',#7307,7.5E-1);
#7309=ORIENTED_EDGE('',*,*,#7149,.F.);
#7310=ORIENTED_EDGE('',*,*,#7299,.T.);
#7312=ORIENTED_EDGE('',*,*,#7311,.T.);
#7313=ORIENTED_EDGE('',*,*,#7295,.F.);
#7314=ORIENTED_EDGE('',*,*,#7213,.F.);
#7316=ORIENTED_EDGE('',*,*,#7315,.F.);
#7317=EDGE_LOOP('',(#7309,#7310,#7312,#7313,#7314,#7316));
#7318=FACE_OUTER_BOUND('',#7317,.F.);
#7320=CARTESIAN_POINT('',(0.E0,5.7E0,0.E0));
#7321=DIRECTION('',(0.E0,-1.E0,0.E0));
#7322=DIRECTION('',(0.E0,0.E0,-1.E0));
#7323=AXIS2_PLACEMENT_3D('',#7320,#7321,#7322);
#7324=PLANE('',#7323);
#7325=ORIENTED_EDGE('',*,*,#7297,.F.);
#7326=ORIENTED_EDGE('',*,*,#7311,.F.);
#7327=EDGE_LOOP('',(#7325,#7326));
#7328=FACE_OUTER_BOUND('',#7327,.F.);
#7330=CARTESIAN_POINT('',(0.E0,5.7E0,0.E0));
#7331=DIRECTION('',(0.E0,-1.E0,0.E0));
#7332=DIRECTION('',(0.E0,0.E0,-1.E0));
#7333=AXIS2_PLACEMENT_3D('',#7330,#7331,#7332);
#7334=PLANE('',#7333);
#7336=ORIENTED_EDGE('',*,*,#7335,.F.);
#7338=ORIENTED_EDGE('',*,*,#7337,.F.);
#7339=EDGE_LOOP('',(#7336,#7338));
#7340=FACE_OUTER_BOUND('',#7339,.F.);
#7342=CARTESIAN_POINT('',(0.E0,5.7E0,0.E0));
#7343=DIRECTION('',(0.E0,-1.E0,0.E0));
#7344=DIRECTION('',(0.E0,0.E0,-1.E0));
#7345=AXIS2_PLACEMENT_3D('',#7342,#7343,#7344);
#7346=PLANE('',#7345);
#7348=ORIENTED_EDGE('',*,*,#7347,.F.);
#7350=ORIENTED_EDGE('',*,*,#7349,.F.);
#7351=EDGE_LOOP('',(#7348,#7350));
#7352=FACE_OUTER_BOUND('',#7351,.F.);
#7354=CARTESIAN_POINT('',(0.E0,5.7E0,0.E0));
#7355=DIRECTION('',(0.E0,-1.E0,0.E0));
#7356=DIRECTION('',(0.E0,0.E0,-1.E0));
#7357=AXIS2_PLACEMENT_3D('',#7354,#7355,#7356);
#7358=PLANE('',#7357);
#7360=ORIENTED_EDGE('',*,*,#7359,.F.);
#7362=ORIENTED_EDGE('',*,*,#7361,.F.);
#7363=EDGE_LOOP('',(#7360,#7362));
#7364=FACE_OUTER_BOUND('',#7363,.F.);
#7366=CARTESIAN_POINT('',(2.19999973E1,6.7E0,-3.440013584E1));
#7367=DIRECTION('',(0.E0,-1.E0,0.E0));
#7368=DIRECTION('',(0.E0,0.E0,-1.E0));
#7369=AXIS2_PLACEMENT_3D('',#7366,#7367,#7368);
#7370=CYLINDRICAL_SURFACE('',#7369,7.5E-1);
#7371=ORIENTED_EDGE('',*,*,#7207,.F.);
#7373=ORIENTED_EDGE('',*,*,#7372,.T.);
#7374=ORIENTED_EDGE('',*,*,#7335,.T.);
#7376=ORIENTED_EDGE('',*,*,#7375,.F.);
#7377=EDGE_LOOP('',(#7371,#7373,#7374,#7376));
#7378=FACE_OUTER_BOUND('',#7377,.F.);
#7380=CARTESIAN_POINT('',(2.19999973E1,6.7E0,-3.440013584E1));
#7381=DIRECTION('',(0.E0,-1.E0,0.E0));
#7382=DIRECTION('',(0.E0,0.E0,-1.E0));
#7383=AXIS2_PLACEMENT_3D('',#7380,#7381,#7382);
#7384=CYLINDRICAL_SURFACE('',#7383,7.5E-1);
#7385=ORIENTED_EDGE('',*,*,#7209,.F.);
#7386=ORIENTED_EDGE('',*,*,#7375,.T.);
#7387=ORIENTED_EDGE('',*,*,#7337,.T.);
#7388=ORIENTED_EDGE('',*,*,#7372,.F.);
#7389=ORIENTED_EDGE('',*,*,#7205,.F.);
#7391=ORIENTED_EDGE('',*,*,#7390,.F.);
#7392=EDGE_LOOP('',(#7385,#7386,#7387,#7388,#7389,#7391));
#7393=FACE_OUTER_BOUND('',#7392,.F.);
#7395=CARTESIAN_POINT('',(0.E0,6.7E0,0.E0));
#7396=DIRECTION('',(0.E0,-1.E0,0.E0));
#7397=DIRECTION('',(0.E0,0.E0,-1.E0));
#7398=AXIS2_PLACEMENT_3D('',#7395,#7396,#7397);
#7399=PLANE('',#7398);
#7401=ORIENTED_EDGE('',*,*,#7400,.F.);
#7402=ORIENTED_EDGE('',*,*,#7315,.T.);
#7403=EDGE_LOOP('',(#7401,#7402));
#7404=FACE_OUTER_BOUND('',#7403,.F.);
#7406=CARTESIAN_POINT('',(0.E0,6.7E0,0.E0));
#7407=DIRECTION('',(0.E0,-1.E0,0.E0));
#7408=DIRECTION('',(0.E0,0.E0,-1.E0));
#7409=AXIS2_PLACEMENT_3D('',#7406,#7407,#7408);
#7410=PLANE('',#7409);
#7412=ORIENTED_EDGE('',*,*,#7411,.F.);
#7413=ORIENTED_EDGE('',*,*,#7390,.T.);
#7414=EDGE_LOOP('',(#7412,#7413));
#7415=FACE_OUTER_BOUND('',#7414,.F.);
#7417=CARTESIAN_POINT('',(0.E0,6.7E0,0.E0));
#7418=DIRECTION('',(0.E0,-1.E0,0.E0));
#7419=DIRECTION('',(0.E0,0.E0,-1.E0));
#7420=AXIS2_PLACEMENT_3D('',#7417,#7418,#7419);
#7421=PLANE('',#7420);
#7423=ORIENTED_EDGE('',*,*,#7422,.T.);
#7425=ORIENTED_EDGE('',*,*,#7424,.T.);
#7426=EDGE_LOOP('',(#7423,#7425));
#7427=FACE_OUTER_BOUND('',#7426,.F.);
#7429=CARTESIAN_POINT('',(0.E0,6.7E0,0.E0));
#7430=DIRECTION('',(0.E0,-1.E0,0.E0));
#7431=DIRECTION('',(0.E0,0.E0,-1.E0));
#7432=AXIS2_PLACEMENT_3D('',#7429,#7430,#7431);
#7433=PLANE('',#7432);
#7435=ORIENTED_EDGE('',*,*,#7434,.T.);
#7437=ORIENTED_EDGE('',*,*,#7436,.T.);
#7438=EDGE_LOOP('',(#7435,#7437));
#7439=FACE_OUTER_BOUND('',#7438,.F.);
#7441=CARTESIAN_POINT('',(2.170498355608E1,1.05E1,-3.801362480095E1));
#7442=DIRECTION('',(1.E0,0.E0,0.E0));
#7443=DIRECTION('',(0.E0,0.E0,1.E0));
#7444=AXIS2_PLACEMENT_3D('',#7441,#7442,#7443);
#7445=PLANE('',#7444);
#7446=ORIENTED_EDGE('',*,*,#7400,.T.);
#7447=ORIENTED_EDGE('',*,*,#7211,.T.);
#7448=ORIENTED_EDGE('',*,*,#7411,.T.);
#7449=ORIENTED_EDGE('',*,*,#7203,.T.);
#7451=ORIENTED_EDGE('',*,*,#7450,.F.);
#7453=ORIENTED_EDGE('',*,*,#7452,.T.);
#7455=ORIENTED_EDGE('',*,*,#7454,.F.);
#7456=ORIENTED_EDGE('',*,*,#7151,.T.);
#7457=EDGE_LOOP('',(#7446,#7447,#7448,#7449,#7451,#7453,#7455,#7456));
#7458=FACE_OUTER_BOUND('',#7457,.F.);
#7460=CARTESIAN_POINT('',(-2.181501712169E1,1.05E1,-3.801362480095E1));
#7461=DIRECTION('',(1.061242580540E-14,0.E0,-1.E0));
#7462=DIRECTION('',(1.E0,0.E0,1.061242580540E-14));
#7463=AXIS2_PLACEMENT_3D('',#7460,#7461,#7462);
#7464=PLANE('',#7463);
#7465=ORIENTED_EDGE('',*,*,#7450,.T.);
#7466=ORIENTED_EDGE('',*,*,#7201,.T.);
#7468=ORIENTED_EDGE('',*,*,#7467,.F.);
#7470=ORIENTED_EDGE('',*,*,#7469,.T.);
#7471=EDGE_LOOP('',(#7465,#7466,#7468,#7470));
#7472=FACE_OUTER_BOUND('',#7471,.F.);
#7474=CARTESIAN_POINT('',(-2.181501712169E1,1.05E1,2.267317674296E1));
#7475=DIRECTION('',(-1.E0,0.E0,0.E0));
#7476=DIRECTION('',(0.E0,0.E0,-1.E0));
#7477=AXIS2_PLACEMENT_3D('',#7474,#7475,#7476);
#7478=PLANE('',#7477);
#7479=ORIENTED_EDGE('',*,*,#7422,.F.);
#7480=ORIENTED_EDGE('',*,*,#7183,.T.);
#7482=ORIENTED_EDGE('',*,*,#7481,.F.);
#7484=ORIENTED_EDGE('',*,*,#7483,.T.);
#7485=ORIENTED_EDGE('',*,*,#7467,.T.);
#7486=ORIENTED_EDGE('',*,*,#7199,.T.);
#7487=ORIENTED_EDGE('',*,*,#7434,.F.);
#7488=ORIENTED_EDGE('',*,*,#7191,.T.);
#7489=EDGE_LOOP('',(#7479,#7480,#7482,#7484,#7485,#7486,#7487,#7488));
#7490=FACE_OUTER_BOUND('',#7489,.F.);
#7492=CARTESIAN_POINT('',(2.170498355608E1,1.05E1,2.267317674296E1));
#7493=DIRECTION('',(0.E0,0.E0,1.E0));
#7494=DIRECTION('',(-1.E0,0.E0,0.E0));
#7495=AXIS2_PLACEMENT_3D('',#7492,#7493,#7494);
#7496=PLANE('',#7495);
#7498=ORIENTED_EDGE('',*,*,#7497,.F.);
#7500=ORIENTED_EDGE('',*,*,#7499,.T.);
#7501=ORIENTED_EDGE('',*,*,#7481,.T.);
#7502=ORIENTED_EDGE('',*,*,#7181,.T.);
#7503=EDGE_LOOP('',(#7498,#7500,#7501,#7502));
#7504=FACE_OUTER_BOUND('',#7503,.F.);
#7506=CARTESIAN_POINT('',(2.170498355608E1,1.05E1,2.267317674296E1));
#7507=DIRECTION('',(0.E0,0.E0,1.E0));
#7508=DIRECTION('',(-1.E0,0.E0,0.E0));
#7509=AXIS2_PLACEMENT_3D('',#7506,#7507,#7508);
#7510=PLANE('',#7509);
#7512=ORIENTED_EDGE('',*,*,#7511,.F.);
#7513=ORIENTED_EDGE('',*,*,#7153,.T.);
#7514=ORIENTED_EDGE('',*,*,#7454,.T.);
#7516=ORIENTED_EDGE('',*,*,#7515,.T.);
#7517=EDGE_LOOP('',(#7512,#7513,#7514,#7516));
#7518=FACE_OUTER_BOUND('',#7517,.F.);
#7520=CARTESIAN_POINT('',(-6.E0,6.5E0,2.267317674296E1));
#7521=DIRECTION('',(-1.E0,0.E0,0.E0));
#7522=DIRECTION('',(0.E0,0.E0,1.E0));
#7523=AXIS2_PLACEMENT_3D('',#7520,#7521,#7522);
#7524=PLANE('',#7523);
#7526=ORIENTED_EDGE('',*,*,#7525,.F.);
#7528=ORIENTED_EDGE('',*,*,#7527,.F.);
#7530=ORIENTED_EDGE('',*,*,#7529,.F.);
#7531=ORIENTED_EDGE('',*,*,#7497,.T.);
#7532=ORIENTED_EDGE('',*,*,#7179,.F.);
#7534=ORIENTED_EDGE('',*,*,#7533,.T.);
#7535=EDGE_LOOP('',(#7526,#7528,#7530,#7531,#7532,#7534));
#7536=FACE_OUTER_BOUND('',#7535,.F.);
#7538=CARTESIAN_POINT('',(0.E0,8.E0,0.E0));
#7539=DIRECTION('',(0.E0,1.E0,0.E0));
#7540=DIRECTION('',(0.E0,0.E0,-1.E0));
#7541=AXIS2_PLACEMENT_3D('',#7538,#7539,#7540);
#7542=PLANE('',#7541);
#7544=ORIENTED_EDGE('',*,*,#7543,.T.);
#7545=ORIENTED_EDGE('',*,*,#7525,.T.);
#7547=ORIENTED_EDGE('',*,*,#7546,.F.);
#7549=ORIENTED_EDGE('',*,*,#7548,.T.);
#7550=EDGE_LOOP('',(#7544,#7545,#7547,#7549));
#7551=FACE_OUTER_BOUND('',#7550,.F.);
#7553=CARTESIAN_POINT('',(-6.E0,9.2E0,2.467317674296E1));
#7554=DIRECTION('',(0.E0,0.E0,1.E0));
#7555=DIRECTION('',(1.E0,0.E0,0.E0));
#7556=AXIS2_PLACEMENT_3D('',#7553,#7554,#7555);
#7557=PLANE('',#7556);
#7558=ORIENTED_EDGE('',*,*,#7543,.F.);
#7560=ORIENTED_EDGE('',*,*,#7559,.T.);
#7562=ORIENTED_EDGE('',*,*,#7561,.F.);
#7563=ORIENTED_EDGE('',*,*,#7527,.T.);
#7564=EDGE_LOOP('',(#7558,#7560,#7562,#7563));
#7565=FACE_OUTER_BOUND('',#7564,.F.);
#7567=CARTESIAN_POINT('',(1.9E1,6.5E0,2.782999998300E1));
#7568=DIRECTION('',(1.E0,0.E0,0.E0));
#7569=DIRECTION('',(0.E0,0.E0,-1.E0));
#7570=AXIS2_PLACEMENT_3D('',#7567,#7568,#7569);
#7571=PLANE('',#7570);
#7572=ORIENTED_EDGE('',*,*,#7511,.T.);
#7574=ORIENTED_EDGE('',*,*,#7573,.F.);
#7575=ORIENTED_EDGE('',*,*,#7559,.F.);
#7576=ORIENTED_EDGE('',*,*,#7548,.F.);
#7578=ORIENTED_EDGE('',*,*,#7577,.F.);
#7579=ORIENTED_EDGE('',*,*,#7155,.T.);
#7580=EDGE_LOOP('',(#7572,#7574,#7575,#7576,#7578,#7579));
#7581=FACE_OUTER_BOUND('',#7580,.F.);
#7583=CARTESIAN_POINT('',(0.E0,9.2E0,0.E0));
#7584=DIRECTION('',(0.E0,1.E0,0.E0));
#7585=DIRECTION('',(0.E0,0.E0,1.E0));
#7586=AXIS2_PLACEMENT_3D('',#7583,#7584,#7585);
#7587=PLANE('',#7586);
#7589=ORIENTED_EDGE('',*,*,#7588,.F.);
#7591=ORIENTED_EDGE('',*,*,#7590,.F.);
#7593=ORIENTED_EDGE('',*,*,#7592,.F.);
#7595=ORIENTED_EDGE('',*,*,#7594,.F.);
#7597=ORIENTED_EDGE('',*,*,#7596,.F.);
#7599=ORIENTED_EDGE('',*,*,#7598,.F.);
#7601=ORIENTED_EDGE('',*,*,#7600,.F.);
#7603=ORIENTED_EDGE('',*,*,#7602,.F.);
#7604=EDGE_LOOP('',(#7589,#7591,#7593,#7595,#7597,#7599,#7601,#7603));
#7605=FACE_OUTER_BOUND('',#7604,.F.);
#7606=ORIENTED_EDGE('',*,*,#7529,.T.);
#7607=ORIENTED_EDGE('',*,*,#7561,.T.);
#7608=ORIENTED_EDGE('',*,*,#7573,.T.);
#7609=ORIENTED_EDGE('',*,*,#7515,.F.);
#7610=ORIENTED_EDGE('',*,*,#7452,.F.);
#7611=ORIENTED_EDGE('',*,*,#7469,.F.);
#7612=ORIENTED_EDGE('',*,*,#7483,.F.);
#7613=ORIENTED_EDGE('',*,*,#7499,.F.);
#7614=EDGE_LOOP('',(#7606,#7607,#7608,#7609,#7610,#7611,#7612,#7613));
#7615=FACE_BOUND('',#7614,.F.);
#7617=CARTESIAN_POINT('',(2.265999999408E1,1.05E1,-4.18E1));
#7618=DIRECTION('',(0.E0,0.E0,-1.E0));
#7619=DIRECTION('',(-1.E0,0.E0,0.E0));
#7620=AXIS2_PLACEMENT_3D('',#7617,#7618,#7619);
#7621=PLANE('',#7620);
#7623=ORIENTED_EDGE('',*,*,#7622,.F.);
#7625=ORIENTED_EDGE('',*,*,#7624,.T.);
#7626=ORIENTED_EDGE('',*,*,#7588,.T.);
#7628=ORIENTED_EDGE('',*,*,#7627,.F.);
#7629=EDGE_LOOP('',(#7623,#7625,#7626,#7628));
#7630=FACE_OUTER_BOUND('',#7629,.F.);
#7632=CARTESIAN_POINT('',(0.E0,1.05E1,0.E0));
#7633=DIRECTION('',(0.E0,1.E0,0.E0));
#7634=DIRECTION('',(1.E0,0.E0,0.E0));
#7635=AXIS2_PLACEMENT_3D('',#7632,#7633,#7634);
#7636=PLANE('',#7635);
#7638=ORIENTED_EDGE('',*,*,#7637,.F.);
#7640=ORIENTED_EDGE('',*,*,#7639,.F.);
#7642=ORIENTED_EDGE('',*,*,#7641,.F.);
#7644=ORIENTED_EDGE('',*,*,#7643,.F.);
#7646=ORIENTED_EDGE('',*,*,#7645,.F.);
#7648=ORIENTED_EDGE('',*,*,#7647,.F.);
#7650=ORIENTED_EDGE('',*,*,#7649,.F.);
#7652=ORIENTED_EDGE('',*,*,#7651,.F.);
#7653=EDGE_LOOP('',(#7638,#7640,#7642,#7644,#7646,#7648,#7650,#7652));
#7654=FACE_OUTER_BOUND('',#7653,.F.);
#7655=ORIENTED_EDGE('',*,*,#7622,.T.);
#7657=ORIENTED_EDGE('',*,*,#7656,.T.);
#7659=ORIENTED_EDGE('',*,*,#7658,.T.);
#7661=ORIENTED_EDGE('',*,*,#7660,.T.);
#7663=ORIENTED_EDGE('',*,*,#7662,.T.);
#7665=ORIENTED_EDGE('',*,*,#7664,.T.);
#7667=ORIENTED_EDGE('',*,*,#7666,.T.);
#7669=ORIENTED_EDGE('',*,*,#7668,.T.);
#7670=EDGE_LOOP('',(#7655,#7657,#7659,#7661,#7663,#7665,#7667,#7669));
#7671=FACE_BOUND('',#7670,.F.);
#7673=ORIENTED_EDGE('',*,*,#7672,.T.);
#7675=ORIENTED_EDGE('',*,*,#7674,.T.);
#7676=EDGE_LOOP('',(#7673,#7675));
#7677=FACE_BOUND('',#7676,.F.);
#7679=CARTESIAN_POINT('',(2.7E1,9.9E0,-4.5E1));
#7680=DIRECTION('',(0.E0,1.E0,0.E0));
#7681=DIRECTION('',(9.981090284370E-1,0.E0,6.146842565496E-2));
#7682=AXIS2_PLACEMENT_3D('',#7679,#7680,#7681);
#7683=TOROIDAL_SURFACE('',#7682,1.9E0,6.E-1);
#7684=ORIENTED_EDGE('',*,*,#7637,.T.);
#7686=ORIENTED_EDGE('',*,*,#7685,.T.);
#7688=ORIENTED_EDGE('',*,*,#7687,.F.);
#7690=ORIENTED_EDGE('',*,*,#7689,.F.);
#7691=EDGE_LOOP('',(#7684,#7686,#7688,#7690));
#7692=FACE_OUTER_BOUND('',#7691,.F.);
#7694=CARTESIAN_POINT('',(2.7153768E1,9.9E0,-4.69E1));
#7695=DIRECTION('',(-1.E0,0.E0,0.E0));
#7696=DIRECTION('',(0.E0,1.E0,0.E0));
#7697=AXIS2_PLACEMENT_3D('',#7694,#7695,#7696);
#7698=CYLINDRICAL_SURFACE('',#7697,6.E-1);
#7699=ORIENTED_EDGE('',*,*,#7651,.T.);
#7701=ORIENTED_EDGE('',*,*,#7700,.T.);
#7703=ORIENTED_EDGE('',*,*,#7702,.F.);
#7704=ORIENTED_EDGE('',*,*,#7685,.F.);
#7705=EDGE_LOOP('',(#7699,#7701,#7703,#7704));
#7706=FACE_OUTER_BOUND('',#7705,.F.);
#7708=CARTESIAN_POINT('',(-2.7E1,9.9E0,-4.5E1));
#7709=DIRECTION('',(0.E0,1.E0,0.E0));
#7710=DIRECTION('',(6.146842565496E-2,0.E0,-9.981090284370E-1));
#7711=AXIS2_PLACEMENT_3D('',#7708,#7709,#7710);
#7712=TOROIDAL_SURFACE('',#7711,1.9E0,6.E-1);
#7713=ORIENTED_EDGE('',*,*,#7649,.T.);
#7715=ORIENTED_EDGE('',*,*,#7714,.T.);
#7717=ORIENTED_EDGE('',*,*,#7716,.F.);
#7718=ORIENTED_EDGE('',*,*,#7700,.F.);
#7719=EDGE_LOOP('',(#7713,#7715,#7717,#7718));
#7720=FACE_OUTER_BOUND('',#7719,.F.);
#7722=CARTESIAN_POINT('',(-2.89E1,9.9E0,-4.5153768E1));
#7723=DIRECTION('',(0.E0,0.E0,1.E0));
#7724=DIRECTION('',(0.E0,1.E0,0.E0));
#7725=AXIS2_PLACEMENT_3D('',#7722,#7723,#7724);
#7726=CYLINDRICAL_SURFACE('',#7725,6.E-1);
#7727=ORIENTED_EDGE('',*,*,#7647,.T.);
#7729=ORIENTED_EDGE('',*,*,#7728,.T.);
#7731=ORIENTED_EDGE('',*,*,#7730,.F.);
#7732=ORIENTED_EDGE('',*,*,#7714,.F.);
#7733=EDGE_LOOP('',(#7727,#7729,#7731,#7732));
#7734=FACE_OUTER_BOUND('',#7733,.F.);
#7736=CARTESIAN_POINT('',(-2.7E1,9.9E0,4.5E1));
#7737=DIRECTION('',(0.E0,1.E0,0.E0));
#7738=DIRECTION('',(-9.981090284370E-1,0.E0,-6.146842565496E-2));
#7739=AXIS2_PLACEMENT_3D('',#7736,#7737,#7738);
#7740=TOROIDAL_SURFACE('',#7739,1.9E0,6.E-1);
#7741=ORIENTED_EDGE('',*,*,#7645,.T.);
#7743=ORIENTED_EDGE('',*,*,#7742,.T.);
#7745=ORIENTED_EDGE('',*,*,#7744,.F.);
#7746=ORIENTED_EDGE('',*,*,#7728,.F.);
#7747=EDGE_LOOP('',(#7741,#7743,#7745,#7746));
#7748=FACE_OUTER_BOUND('',#7747,.F.);
#7750=CARTESIAN_POINT('',(-2.7153768E1,9.9E0,4.69E1));
#7751=DIRECTION('',(1.E0,0.E0,0.E0));
#7752=DIRECTION('',(0.E0,1.E0,0.E0));
#7753=AXIS2_PLACEMENT_3D('',#7750,#7751,#7752);
#7754=CYLINDRICAL_SURFACE('',#7753,6.E-1);
#7755=ORIENTED_EDGE('',*,*,#7643,.T.);
#7757=ORIENTED_EDGE('',*,*,#7756,.T.);
#7759=ORIENTED_EDGE('',*,*,#7758,.F.);
#7760=ORIENTED_EDGE('',*,*,#7742,.F.);
#7761=EDGE_LOOP('',(#7755,#7757,#7759,#7760));
#7762=FACE_OUTER_BOUND('',#7761,.F.);
#7764=CARTESIAN_POINT('',(2.7E1,9.9E0,4.5E1));
#7765=DIRECTION('',(0.E0,1.E0,0.E0));
#7766=DIRECTION('',(-6.146842565496E-2,0.E0,9.981090284370E-1));
#7767=AXIS2_PLACEMENT_3D('',#7764,#7765,#7766);
#7768=TOROIDAL_SURFACE('',#7767,1.9E0,6.E-1);
#7769=ORIENTED_EDGE('',*,*,#7641,.T.);
#7771=ORIENTED_EDGE('',*,*,#7770,.T.);
#7773=ORIENTED_EDGE('',*,*,#7772,.F.);
#7774=ORIENTED_EDGE('',*,*,#7756,.F.);
#7775=EDGE_LOOP('',(#7769,#7771,#7773,#7774));
#7776=FACE_OUTER_BOUND('',#7775,.F.);
#7778=CARTESIAN_POINT('',(2.89E1,9.9E0,4.5153768E1));
#7779=DIRECTION('',(0.E0,0.E0,-1.E0));
#7780=DIRECTION('',(0.E0,1.E0,0.E0));
#7781=AXIS2_PLACEMENT_3D('',#7778,#7779,#7780);
#7782=CYLINDRICAL_SURFACE('',#7781,6.E-1);
#7783=ORIENTED_EDGE('',*,*,#7639,.T.);
#7784=ORIENTED_EDGE('',*,*,#7689,.T.);
#7786=ORIENTED_EDGE('',*,*,#7785,.F.);
#7787=ORIENTED_EDGE('',*,*,#7770,.F.);
#7788=EDGE_LOOP('',(#7783,#7784,#7786,#7787));
#7789=FACE_OUTER_BOUND('',#7788,.F.);
#7791=CARTESIAN_POINT('',(2.95E1,0.E0,4.5E1));
#7792=DIRECTION('',(1.E0,0.E0,0.E0));
#7793=DIRECTION('',(0.E0,0.E0,-1.E0));
#7794=AXIS2_PLACEMENT_3D('',#7791,#7792,#7793);
#7795=PLANE('',#7794);
#7796=ORIENTED_EDGE('',*,*,#6182,.F.);
#7798=ORIENTED_EDGE('',*,*,#7797,.T.);
#7799=ORIENTED_EDGE('',*,*,#7785,.T.);
#7801=ORIENTED_EDGE('',*,*,#7800,.F.);
#7802=ORIENTED_EDGE('',*,*,#6110,.F.);
#7804=ORIENTED_EDGE('',*,*,#7803,.T.);
#7806=ORIENTED_EDGE('',*,*,#7805,.T.);
#7808=ORIENTED_EDGE('',*,*,#7807,.T.);
#7809=ORIENTED_EDGE('',*,*,#6044,.F.);
#7811=ORIENTED_EDGE('',*,*,#7810,.T.);
#7813=ORIENTED_EDGE('',*,*,#7812,.T.);
#7815=ORIENTED_EDGE('',*,*,#7814,.T.);
#7816=ORIENTED_EDGE('',*,*,#6068,.F.);
#7818=ORIENTED_EDGE('',*,*,#7817,.T.);
#7820=ORIENTED_EDGE('',*,*,#7819,.T.);
#7822=ORIENTED_EDGE('',*,*,#7821,.T.);
#7823=ORIENTED_EDGE('',*,*,#6016,.F.);
#7825=ORIENTED_EDGE('',*,*,#7824,.T.);
#7827=ORIENTED_EDGE('',*,*,#7826,.T.);
#7829=ORIENTED_EDGE('',*,*,#7828,.T.);
#7830=ORIENTED_EDGE('',*,*,#5992,.F.);
#7832=ORIENTED_EDGE('',*,*,#7831,.T.);
#7834=ORIENTED_EDGE('',*,*,#7833,.T.);
#7836=ORIENTED_EDGE('',*,*,#7835,.T.);
#7837=EDGE_LOOP('',(#7796,#7798,#7799,#7801,#7802,#7804,#7806,#7808,#7809,#7811,
#7813,#7815,#7816,#7818,#7820,#7822,#7823,#7825,#7827,#7829,#7830,#7832,#7834,
#7836));
#7838=FACE_OUTER_BOUND('',#7837,.F.);
#7840=CARTESIAN_POINT('',(2.7E1,0.E0,4.5E1));
#7841=DIRECTION('',(0.E0,1.E0,0.E0));
#7842=DIRECTION('',(1.E0,0.E0,0.E0));
#7843=AXIS2_PLACEMENT_3D('',#7840,#7841,#7842);
#7844=CYLINDRICAL_SURFACE('',#7843,2.5E0);
#7845=ORIENTED_EDGE('',*,*,#7772,.T.);
#7846=ORIENTED_EDGE('',*,*,#7797,.F.);
#7847=ORIENTED_EDGE('',*,*,#6180,.F.);
#7849=ORIENTED_EDGE('',*,*,#7848,.T.);
#7850=EDGE_LOOP('',(#7845,#7846,#7847,#7849));
#7851=FACE_OUTER_BOUND('',#7850,.F.);
#7853=CARTESIAN_POINT('',(-2.7E1,0.E0,4.75E1));
#7854=DIRECTION('',(0.E0,0.E0,1.E0));
#7855=DIRECTION('',(1.E0,0.E0,0.E0));
#7856=AXIS2_PLACEMENT_3D('',#7853,#7854,#7855);
#7857=PLANE('',#7856);
#7859=ORIENTED_EDGE('',*,*,#7858,.F.);
#7861=ORIENTED_EDGE('',*,*,#7860,.F.);
#7863=ORIENTED_EDGE('',*,*,#7862,.F.);
#7865=ORIENTED_EDGE('',*,*,#7864,.F.);
#7866=ORIENTED_EDGE('',*,*,#6124,.F.);
#7868=ORIENTED_EDGE('',*,*,#7867,.T.);
#7869=ORIENTED_EDGE('',*,*,#7758,.T.);
#7870=ORIENTED_EDGE('',*,*,#7848,.F.);
#7871=ORIENTED_EDGE('',*,*,#6178,.F.);
#7873=ORIENTED_EDGE('',*,*,#7872,.F.);
#7874=EDGE_LOOP('',(#7859,#7861,#7863,#7865,#7866,#7868,#7869,#7870,#7871,
#7873));
#7875=FACE_OUTER_BOUND('',#7874,.F.);
#7877=CARTESIAN_POINT('',(3.190002775566E0,2.6967556E-1,4.724999999443E1));
#7878=DIRECTION('',(0.E0,0.E0,1.E0));
#7879=DIRECTION('',(0.E0,-1.E0,0.E0));
#7880=AXIS2_PLACEMENT_3D('',#7877,#7878,#7879);
#7881=CONICAL_SURFACE('',#7880,1.829999994427E0,4.5E1);
#7883=ORIENTED_EDGE('',*,*,#7882,.F.);
#7885=ORIENTED_EDGE('',*,*,#7884,.F.);
#7886=ORIENTED_EDGE('',*,*,#7858,.T.);
#7888=ORIENTED_EDGE('',*,*,#7887,.T.);
#7889=EDGE_LOOP('',(#7883,#7885,#7886,#7888));
#7890=FACE_OUTER_BOUND('',#7889,.F.);
#7892=CARTESIAN_POINT('',(3.190002775566E0,2.6967556E-1,0.E0));
#7893=DIRECTION('',(0.E0,0.E0,1.E0));
#7894=DIRECTION('',(1.E0,0.E0,0.E0));
#7895=AXIS2_PLACEMENT_3D('',#7892,#7893,#7894);
#7896=CYLINDRICAL_SURFACE('',#7895,1.58E0);
#7897=ORIENTED_EDGE('',*,*,#7882,.T.);
#7899=ORIENTED_EDGE('',*,*,#7898,.F.);
#7900=ORIENTED_EDGE('',*,*,#6551,.T.);
#7902=ORIENTED_EDGE('',*,*,#7901,.T.);
#7903=EDGE_LOOP('',(#7897,#7899,#7900,#7902));
#7904=FACE_OUTER_BOUND('',#7903,.F.);
#7906=CARTESIAN_POINT('',(4.770002775566E0,-2.5E0,0.E0));
#7907=DIRECTION('',(1.E0,0.E0,0.E0));
#7908=DIRECTION('',(0.E0,1.E0,0.E0));
#7909=AXIS2_PLACEMENT_3D('',#7906,#7907,#7908);
#7910=PLANE('',#7909);
#7912=ORIENTED_EDGE('',*,*,#7911,.T.);
#7913=ORIENTED_EDGE('',*,*,#6204,.T.);
#7915=ORIENTED_EDGE('',*,*,#7914,.F.);
#7917=ORIENTED_EDGE('',*,*,#7916,.T.);
#7918=ORIENTED_EDGE('',*,*,#6553,.T.);
#7919=ORIENTED_EDGE('',*,*,#7898,.T.);
#7920=EDGE_LOOP('',(#7912,#7913,#7915,#7917,#7918,#7919));
#7921=FACE_OUTER_BOUND('',#7920,.F.);
#7923=CARTESIAN_POINT('',(5.020002775566E0,1.3483778E-1,4.725E1));
#7924=DIRECTION('',(-7.071067811865E-1,0.E0,7.071067811865E-1));
#7925=DIRECTION('',(-7.071067811865E-1,0.E0,-7.071067811865E-1));
#7926=AXIS2_PLACEMENT_3D('',#7923,#7924,#7925);
#7927=PLANE('',#7926);
#7928=ORIENTED_EDGE('',*,*,#6206,.T.);
#7929=ORIENTED_EDGE('',*,*,#7911,.F.);
#7930=ORIENTED_EDGE('',*,*,#7887,.F.);
#7931=ORIENTED_EDGE('',*,*,#7872,.T.);
#7932=EDGE_LOOP('',(#7928,#7929,#7930,#7931));
#7933=FACE_OUTER_BOUND('',#7932,.F.);
#7935=CARTESIAN_POINT('',(2.820004800192E1,0.E0,4.63E1));
#7936=DIRECTION('',(0.E0,-1.745240643728E-2,9.998476951564E-1));
#7937=DIRECTION('',(-1.E0,0.E0,0.E0));
#7938=AXIS2_PLACEMENT_3D('',#7935,#7936,#7937);
#7939=PLANE('',#7938);
#7941=ORIENTED_EDGE('',*,*,#7940,.F.);
#7943=ORIENTED_EDGE('',*,*,#7942,.T.);
#7945=ORIENTED_EDGE('',*,*,#7944,.F.);
#7946=ORIENTED_EDGE('',*,*,#6130,.F.);
#7947=EDGE_LOOP('',(#7941,#7943,#7945,#7946));
#7948=FACE_OUTER_BOUND('',#7947,.F.);
#7950=CARTESIAN_POINT('',(2.820004800192E1,0.E0,4.63E1));
#7951=DIRECTION('',(0.E0,-1.745240643728E-2,9.998476951564E-1));
#7952=DIRECTION('',(-1.E0,0.E0,0.E0));
#7953=AXIS2_PLACEMENT_3D('',#7950,#7951,#7952);
#7954=PLANE('',#7953);
#7955=ORIENTED_EDGE('',*,*,#7914,.T.);
#7956=ORIENTED_EDGE('',*,*,#6202,.F.);
#7958=ORIENTED_EDGE('',*,*,#7957,.T.);
#7960=ORIENTED_EDGE('',*,*,#7959,.T.);
#7961=EDGE_LOOP('',(#7955,#7956,#7958,#7960));
#7962=FACE_OUTER_BOUND('',#7961,.F.);
#7964=CARTESIAN_POINT('',(-4.769997224434E0,2.6967556E-1,0.E0));
#7965=DIRECTION('',(-1.E0,0.E0,0.E0));
#7966=DIRECTION('',(0.E0,-1.E0,0.E0));
#7967=AXIS2_PLACEMENT_3D('',#7964,#7965,#7966);
#7968=PLANE('',#7967);
#7970=ORIENTED_EDGE('',*,*,#7969,.T.);
#7972=ORIENTED_EDGE('',*,*,#7971,.F.);
#7973=ORIENTED_EDGE('',*,*,#6545,.F.);
#7975=ORIENTED_EDGE('',*,*,#7974,.F.);
#7976=ORIENTED_EDGE('',*,*,#7940,.T.);
#7977=ORIENTED_EDGE('',*,*,#6128,.F.);
#7978=EDGE_LOOP('',(#7970,#7972,#7973,#7975,#7976,#7977));
#7979=FACE_OUTER_BOUND('',#7978,.F.);
#7981=CARTESIAN_POINT('',(-5.019997224434E0,1.3483778E-1,4.725E1));
#7982=DIRECTION('',(7.071067811865E-1,0.E0,7.071067811865E-1));
#7983=DIRECTION('',(7.071067811865E-1,0.E0,-7.071067811865E-1));
#7984=AXIS2_PLACEMENT_3D('',#7981,#7982,#7983);
#7985=PLANE('',#7984);
#7986=ORIENTED_EDGE('',*,*,#6126,.T.);
#7987=ORIENTED_EDGE('',*,*,#7864,.T.);
#7989=ORIENTED_EDGE('',*,*,#7988,.T.);
#7990=ORIENTED_EDGE('',*,*,#7969,.F.);
#7991=EDGE_LOOP('',(#7986,#7987,#7989,#7990));
#7992=FACE_OUTER_BOUND('',#7991,.F.);
#7994=CARTESIAN_POINT('',(-3.189997224434E0,2.6967556E-1,4.724999999443E1));
#7995=DIRECTION('',(0.E0,0.E0,1.E0));
#7996=DIRECTION('',(0.E0,-1.E0,0.E0));
#7997=AXIS2_PLACEMENT_3D('',#7994,#7995,#7996);
#7998=CONICAL_SURFACE('',#7997,1.829999994427E0,4.5E1);
#7999=ORIENTED_EDGE('',*,*,#7862,.T.);
#8001=ORIENTED_EDGE('',*,*,#8000,.T.);
#8003=ORIENTED_EDGE('',*,*,#8002,.F.);
#8004=ORIENTED_EDGE('',*,*,#7988,.F.);
#8005=EDGE_LOOP('',(#7999,#8001,#8003,#8004));
#8006=FACE_OUTER_BOUND('',#8005,.F.);
#8008=CARTESIAN_POINT('',(2.775566464774E-6,2.09967556E0,4.725E1));
#8009=DIRECTION('',(0.E0,-7.071067811865E-1,7.071067811865E-1));
#8010=DIRECTION('',(0.E0,-7.071067811865E-1,-7.071067811865E-1));
#8011=AXIS2_PLACEMENT_3D('',#8008,#8009,#8010);
#8012=PLANE('',#8011);
#8013=ORIENTED_EDGE('',*,*,#7860,.T.);
#8014=ORIENTED_EDGE('',*,*,#7884,.T.);
#8016=ORIENTED_EDGE('',*,*,#8015,.F.);
#8017=ORIENTED_EDGE('',*,*,#8000,.F.);
#8018=EDGE_LOOP('',(#8013,#8014,#8016,#8017));
#8019=FACE_OUTER_BOUND('',#8018,.F.);
#8021=CARTESIAN_POINT('',(3.190002775565E0,1.84967556E0,0.E0));
#8022=DIRECTION('',(0.E0,1.E0,0.E0));
#8023=DIRECTION('',(-1.E0,0.E0,0.E0));
#8024=AXIS2_PLACEMENT_3D('',#8021,#8022,#8023);
#8025=PLANE('',#8024);
#8026=ORIENTED_EDGE('',*,*,#8015,.T.);
#8027=ORIENTED_EDGE('',*,*,#7901,.F.);
#8028=ORIENTED_EDGE('',*,*,#6549,.T.);
#8030=ORIENTED_EDGE('',*,*,#8029,.T.);
#8031=EDGE_LOOP('',(#8026,#8027,#8028,#8030));
#8032=FACE_OUTER_BOUND('',#8031,.F.);
#8034=CARTESIAN_POINT('',(-3.189997224434E0,2.6967556E-1,0.E0));
#8035=DIRECTION('',(0.E0,0.E0,1.E0));
#8036=DIRECTION('',(1.E0,0.E0,0.E0));
#8037=AXIS2_PLACEMENT_3D('',#8034,#8035,#8036);
#8038=CYLINDRICAL_SURFACE('',#8037,1.58E0);
#8039=ORIENTED_EDGE('',*,*,#8002,.T.);
#8040=ORIENTED_EDGE('',*,*,#8029,.F.);
#8041=ORIENTED_EDGE('',*,*,#6547,.T.);
#8042=ORIENTED_EDGE('',*,*,#7971,.T.);
#8043=EDGE_LOOP('',(#8039,#8040,#8041,#8042));
#8044=FACE_OUTER_BOUND('',#8043,.F.);
#8046=CARTESIAN_POINT('',(0.E0,-2.5E0,0.E0));
#8047=DIRECTION('',(0.E0,-1.E0,0.E0));
#8048=DIRECTION('',(0.E0,0.E0,-1.E0));
#8049=AXIS2_PLACEMENT_3D('',#8046,#8047,#8048);
#8050=PLANE('',#8049);
#8052=ORIENTED_EDGE('',*,*,#8051,.F.);
#8054=ORIENTED_EDGE('',*,*,#8053,.F.);
#8056=ORIENTED_EDGE('',*,*,#8055,.F.);
#8058=ORIENTED_EDGE('',*,*,#8057,.F.);
#8060=ORIENTED_EDGE('',*,*,#8059,.F.);
#8061=ORIENTED_EDGE('',*,*,#7942,.F.);
#8062=ORIENTED_EDGE('',*,*,#7974,.T.);
#8063=ORIENTED_EDGE('',*,*,#6543,.F.);
#8065=ORIENTED_EDGE('',*,*,#8064,.F.);
#8067=ORIENTED_EDGE('',*,*,#8066,.F.);
#8069=ORIENTED_EDGE('',*,*,#8068,.F.);
#8071=ORIENTED_EDGE('',*,*,#8070,.F.);
#8072=EDGE_LOOP('',(#8052,#8054,#8056,#8058,#8060,#8061,#8062,#8063,#8065,#8067,
#8069,#8071));
#8073=FACE_OUTER_BOUND('',#8072,.F.);
#8075=CARTESIAN_POINT('',(0.E0,-2.5E0,0.E0));
#8076=DIRECTION('',(0.E0,-1.E0,0.E0));
#8077=DIRECTION('',(0.E0,0.E0,-1.E0));
#8078=AXIS2_PLACEMENT_3D('',#8075,#8076,#8077);
#8079=PLANE('',#8078);
#8081=ORIENTED_EDGE('',*,*,#8080,.F.);
#8083=ORIENTED_EDGE('',*,*,#8082,.F.);
#8085=ORIENTED_EDGE('',*,*,#8084,.F.);
#8086=ORIENTED_EDGE('',*,*,#6420,.F.);
#8087=ORIENTED_EDGE('',*,*,#6522,.F.);
#8088=ORIENTED_EDGE('',*,*,#6555,.F.);
#8089=ORIENTED_EDGE('',*,*,#7916,.F.);
#8090=ORIENTED_EDGE('',*,*,#7959,.F.);
#8092=ORIENTED_EDGE('',*,*,#8091,.F.);
#8094=ORIENTED_EDGE('',*,*,#8093,.F.);
#8096=ORIENTED_EDGE('',*,*,#8095,.F.);
#8098=ORIENTED_EDGE('',*,*,#8097,.F.);
#8099=EDGE_LOOP('',(#8081,#8083,#8085,#8086,#8087,#8088,#8089,#8090,#8092,#8094,
#8096,#8098));
#8100=FACE_OUTER_BOUND('',#8099,.F.);
#8102=CARTESIAN_POINT('',(-1.724988339536E1,-4.5E0,-4.41E1));
#8103=DIRECTION('',(-1.E0,0.E0,0.E0));
#8104=DIRECTION('',(0.E0,0.E0,-1.E0));
#8105=AXIS2_PLACEMENT_3D('',#8102,#8103,#8104);
#8106=PLANE('',#8105);
#8108=ORIENTED_EDGE('',*,*,#8107,.F.);
#8109=ORIENTED_EDGE('',*,*,#6156,.T.);
#8111=ORIENTED_EDGE('',*,*,#8110,.T.);
#8112=ORIENTED_EDGE('',*,*,#8051,.T.);
#8114=ORIENTED_EDGE('',*,*,#8113,.T.);
#8116=ORIENTED_EDGE('',*,*,#8115,.T.);
#8117=EDGE_LOOP('',(#8108,#8109,#8111,#8112,#8114,#8116));
#8118=FACE_OUTER_BOUND('',#8117,.F.);
#8120=CARTESIAN_POINT('',(-1.724988339536E1,-4.5E0,-4.61E1));
#8121=DIRECTION('',(0.E0,0.E0,-1.E0));
#8122=DIRECTION('',(1.E0,0.E0,0.E0));
#8123=AXIS2_PLACEMENT_3D('',#8120,#8121,#8122);
#8124=PLANE('',#8123);
#8125=ORIENTED_EDGE('',*,*,#6158,.F.);
#8126=ORIENTED_EDGE('',*,*,#8107,.T.);
#8128=ORIENTED_EDGE('',*,*,#8127,.T.);
#8130=ORIENTED_EDGE('',*,*,#8129,.F.);
#8131=ORIENTED_EDGE('',*,*,#6086,.F.);
#8133=ORIENTED_EDGE('',*,*,#8132,.T.);
#8135=ORIENTED_EDGE('',*,*,#8134,.T.);
#8137=ORIENTED_EDGE('',*,*,#8136,.T.);
#8138=EDGE_LOOP('',(#8125,#8126,#8128,#8130,#8131,#8133,#8135,#8137));
#8139=FACE_OUTER_BOUND('',#8138,.F.);
#8141=CARTESIAN_POINT('',(0.E0,4.E0,0.E0));
#8142=DIRECTION('',(0.E0,-1.E0,0.E0));
#8143=DIRECTION('',(1.E0,0.E0,0.E0));
#8144=AXIS2_PLACEMENT_3D('',#8141,#8142,#8143);
#8145=PLANE('',#8144);
#8147=ORIENTED_EDGE('',*,*,#8146,.T.);
#8149=ORIENTED_EDGE('',*,*,#8148,.F.);
#8150=ORIENTED_EDGE('',*,*,#8127,.F.);
#8151=ORIENTED_EDGE('',*,*,#8115,.F.);
#8152=EDGE_LOOP('',(#8147,#8149,#8150,#8151));
#8153=FACE_OUTER_BOUND('',#8152,.F.);
#8155=FILL_AREA_STYLE_COLOUR('',#6);
#8156=FILL_AREA_STYLE('',(#8155));
#8157=SURFACE_STYLE_FILL_AREA(#8156);
#8158=SURFACE_SIDE_STYLE('',(#8157));
#8159=SURFACE_STYLE_USAGE(.POSITIVE.,#8158);
#8160=FILL_AREA_STYLE_COLOUR('',#8);
#8161=FILL_AREA_STYLE('',(#8160));
#8162=SURFACE_STYLE_FILL_AREA(#8161);
#8163=SURFACE_SIDE_STYLE('',(#8162));
#8164=SURFACE_STYLE_USAGE(.NEGATIVE.,#8163);
#8165=PRESENTATION_STYLE_ASSIGNMENT((#8159,#8164));
#8166=OVER_RIDING_STYLED_ITEM('',(#8165),#8154,#16);
#8167=CARTESIAN_POINT('',(2.7E1,0.E0,-4.55E1));
#8168=DIRECTION('',(0.E0,0.E0,-1.E0));
#8169=DIRECTION('',(-1.E0,0.E0,0.E0));
#8170=AXIS2_PLACEMENT_3D('',#8167,#8168,#8169);
#8171=PLANE('',#8170);
#8172=ORIENTED_EDGE('',*,*,#8146,.F.);
#8173=ORIENTED_EDGE('',*,*,#8113,.F.);
#8174=ORIENTED_EDGE('',*,*,#8070,.T.);
#8176=ORIENTED_EDGE('',*,*,#8175,.F.);
#8177=ORIENTED_EDGE('',*,*,#6852,.F.);
#8179=ORIENTED_EDGE('',*,*,#8178,.T.);
#8180=ORIENTED_EDGE('',*,*,#8082,.T.);
#8182=ORIENTED_EDGE('',*,*,#8181,.T.);
#8183=EDGE_LOOP('',(#8172,#8173,#8174,#8176,#8177,#8179,#8180,#8182));
#8184=FACE_OUTER_BOUND('',#8183,.F.);
#8186=CARTESIAN_POINT('',(-2.7E1,0.E0,-4.5E1));
#8187=DIRECTION('',(0.E0,1.E0,0.E0));
#8188=DIRECTION('',(1.E0,0.E0,0.E0));
#8189=AXIS2_PLACEMENT_3D('',#8186,#8187,#8188);
#8190=CYLINDRICAL_SURFACE('',#8189,5.E-1);
#8191=ORIENTED_EDGE('',*,*,#8175,.T.);
#8192=ORIENTED_EDGE('',*,*,#8068,.T.);
#8194=ORIENTED_EDGE('',*,*,#8193,.F.);
#8195=ORIENTED_EDGE('',*,*,#6854,.F.);
#8196=EDGE_LOOP('',(#8191,#8192,#8194,#8195));
#8197=FACE_OUTER_BOUND('',#8196,.F.);
#8199=CARTESIAN_POINT('',(-2.75E1,0.E0,-4.5E1));
#8200=DIRECTION('',(-1.E0,0.E0,0.E0));
#8201=DIRECTION('',(0.E0,0.E0,1.E0));
#8202=AXIS2_PLACEMENT_3D('',#8199,#8200,#8201);
#8203=PLANE('',#8202);
#8204=ORIENTED_EDGE('',*,*,#8193,.T.);
#8205=ORIENTED_EDGE('',*,*,#8066,.T.);
#8207=ORIENTED_EDGE('',*,*,#8206,.F.);
#8208=ORIENTED_EDGE('',*,*,#6856,.F.);
#8209=EDGE_LOOP('',(#8204,#8205,#8207,#8208));
#8210=FACE_OUTER_BOUND('',#8209,.F.);
#8211=ORIENTED_EDGE('',*,*,#6146,.T.);
#8213=ORIENTED_EDGE('',*,*,#8212,.T.);
#8215=ORIENTED_EDGE('',*,*,#8214,.F.);
#8217=ORIENTED_EDGE('',*,*,#8216,.F.);
#8218=EDGE_LOOP('',(#8211,#8213,#8215,#8217));
#8219=FACE_BOUND('',#8218,.F.);
#8220=ORIENTED_EDGE('',*,*,#6138,.T.);
#8222=ORIENTED_EDGE('',*,*,#8221,.T.);
#8224=ORIENTED_EDGE('',*,*,#8223,.F.);
#8226=ORIENTED_EDGE('',*,*,#8225,.F.);
#8227=EDGE_LOOP('',(#8220,#8222,#8224,#8226));
#8228=FACE_BOUND('',#8227,.F.);
#8230=CARTESIAN_POINT('',(-2.7E1,0.E0,4.5E1));
#8231=DIRECTION('',(0.E0,1.E0,0.E0));
#8232=DIRECTION('',(1.E0,0.E0,0.E0));
#8233=AXIS2_PLACEMENT_3D('',#8230,#8231,#8232);
#8234=CYLINDRICAL_SURFACE('',#8233,5.E-1);
#8235=ORIENTED_EDGE('',*,*,#8206,.T.);
#8236=ORIENTED_EDGE('',*,*,#8064,.T.);
#8237=ORIENTED_EDGE('',*,*,#6541,.F.);
#8238=ORIENTED_EDGE('',*,*,#6858,.F.);
#8239=EDGE_LOOP('',(#8235,#8236,#8237,#8238));
#8240=FACE_OUTER_BOUND('',#8239,.F.);
#8242=CARTESIAN_POINT('',(-2.75E1,0.E0,-3.2E1));
#8243=DIRECTION('',(0.E0,0.E0,1.E0));
#8244=DIRECTION('',(-1.E0,0.E0,0.E0));
#8245=AXIS2_PLACEMENT_3D('',#8242,#8243,#8244);
#8246=PLANE('',#8245);
#8247=ORIENTED_EDGE('',*,*,#8212,.F.);
#8248=ORIENTED_EDGE('',*,*,#6144,.T.);
#8250=ORIENTED_EDGE('',*,*,#8249,.T.);
#8252=ORIENTED_EDGE('',*,*,#8251,.F.);
#8253=EDGE_LOOP('',(#8247,#8248,#8250,#8252));
#8254=FACE_OUTER_BOUND('',#8253,.F.);
#8256=CARTESIAN_POINT('',(-2.83E1,0.E0,4.620004800192E1));
#8257=DIRECTION('',(-9.998476951564E-1,-1.745240643728E-2,0.E0));
#8258=DIRECTION('',(0.E0,0.E0,-1.E0));
#8259=AXIS2_PLACEMENT_3D('',#8256,#8257,#8258);
#8260=PLANE('',#8259);
#8262=ORIENTED_EDGE('',*,*,#8261,.T.);
#8263=ORIENTED_EDGE('',*,*,#8249,.F.);
#8264=ORIENTED_EDGE('',*,*,#6142,.F.);
#8266=ORIENTED_EDGE('',*,*,#8265,.T.);
#8268=ORIENTED_EDGE('',*,*,#8267,.T.);
#8270=ORIENTED_EDGE('',*,*,#8269,.F.);
#8271=ORIENTED_EDGE('',*,*,#6134,.F.);
#8273=ORIENTED_EDGE('',*,*,#8272,.T.);
#8274=ORIENTED_EDGE('',*,*,#8057,.T.);
#8276=ORIENTED_EDGE('',*,*,#8275,.F.);
#8277=ORIENTED_EDGE('',*,*,#6150,.F.);
#8279=ORIENTED_EDGE('',*,*,#8278,.T.);
#8280=EDGE_LOOP('',(#8262,#8263,#8264,#8266,#8268,#8270,#8271,#8273,#8274,#8276,
#8277,#8279));
#8281=FACE_OUTER_BOUND('',#8280,.F.);
#8283=CARTESIAN_POINT('',(0.E0,-1.E0,0.E0));
#8284=DIRECTION('',(0.E0,-1.E0,0.E0));
#8285=DIRECTION('',(0.E0,0.E0,1.E0));
#8286=AXIS2_PLACEMENT_3D('',#8283,#8284,#8285);
#8287=PLANE('',#8286);
#8288=ORIENTED_EDGE('',*,*,#8214,.T.);
#8289=ORIENTED_EDGE('',*,*,#8251,.T.);
#8290=ORIENTED_EDGE('',*,*,#8261,.F.);
#8292=ORIENTED_EDGE('',*,*,#8291,.T.);
#8293=EDGE_LOOP('',(#8288,#8289,#8290,#8292));
#8294=FACE_OUTER_BOUND('',#8293,.F.);
#8296=CARTESIAN_POINT('',(0.E0,-1.E0,0.E0));
#8297=DIRECTION('',(0.E0,-1.E0,0.E0));
#8298=DIRECTION('',(0.E0,0.E0,1.E0));
#8299=AXIS2_PLACEMENT_3D('',#8296,#8297,#8298);
#8300=PLANE('',#8299);
#8301=ORIENTED_EDGE('',*,*,#8223,.T.);
#8303=ORIENTED_EDGE('',*,*,#8302,.T.);
#8304=ORIENTED_EDGE('',*,*,#8267,.F.);
#8306=ORIENTED_EDGE('',*,*,#8305,.T.);
#8307=EDGE_LOOP('',(#8301,#8303,#8304,#8306));
#8308=FACE_OUTER_BOUND('',#8307,.F.);
#8310=CARTESIAN_POINT('',(0.E0,-1.E0,0.E0));
#8311=DIRECTION('',(0.E0,-1.E0,0.E0));
#8312=DIRECTION('',(0.E0,0.E0,1.E0));
#8313=AXIS2_PLACEMENT_3D('',#8310,#8311,#8312);
#8314=PLANE('',#8313);
#8315=ORIENTED_EDGE('',*,*,#6431,.F.);
#8317=ORIENTED_EDGE('',*,*,#8316,.T.);
#8319=ORIENTED_EDGE('',*,*,#8318,.T.);
#8321=ORIENTED_EDGE('',*,*,#8320,.T.);
#8322=EDGE_LOOP('',(#8315,#8317,#8319,#8321));
#8323=FACE_OUTER_BOUND('',#8322,.F.);
#8325=CARTESIAN_POINT('',(0.E0,-1.E0,0.E0));
#8326=DIRECTION('',(0.E0,-1.E0,0.E0));
#8327=DIRECTION('',(0.E0,0.E0,1.E0));
#8328=AXIS2_PLACEMENT_3D('',#8325,#8326,#8327);
#8329=PLANE('',#8328);
#8330=ORIENTED_EDGE('',*,*,#6440,.F.);
#8332=ORIENTED_EDGE('',*,*,#8331,.T.);
#8334=ORIENTED_EDGE('',*,*,#8333,.T.);
#8336=ORIENTED_EDGE('',*,*,#8335,.T.);
#8337=EDGE_LOOP('',(#8330,#8332,#8334,#8336));
#8338=FACE_OUTER_BOUND('',#8337,.F.);
#8340=CARTESIAN_POINT('',(-2.83E1,0.E0,-3.8E1));
#8341=DIRECTION('',(0.E0,0.E0,-1.E0));
#8342=DIRECTION('',(1.E0,0.E0,0.E0));
#8343=AXIS2_PLACEMENT_3D('',#8340,#8341,#8342);
#8344=PLANE('',#8343);
#8345=ORIENTED_EDGE('',*,*,#8216,.T.);
#8346=ORIENTED_EDGE('',*,*,#8291,.F.);
#8347=ORIENTED_EDGE('',*,*,#8278,.F.);
#8348=ORIENTED_EDGE('',*,*,#6148,.T.);
#8349=EDGE_LOOP('',(#8345,#8346,#8347,#8348));
#8350=FACE_OUTER_BOUND('',#8349,.F.);
#8352=CARTESIAN_POINT('',(-2.75E1,0.E0,3.8E1));
#8353=DIRECTION('',(0.E0,0.E0,1.E0));
#8354=DIRECTION('',(-1.E0,0.E0,0.E0));
#8355=AXIS2_PLACEMENT_3D('',#8352,#8353,#8354);
#8356=PLANE('',#8355);
#8357=ORIENTED_EDGE('',*,*,#8221,.F.);
#8358=ORIENTED_EDGE('',*,*,#6136,.T.);
#8359=ORIENTED_EDGE('',*,*,#8269,.T.);
#8360=ORIENTED_EDGE('',*,*,#8302,.F.);
#8361=EDGE_LOOP('',(#8357,#8358,#8359,#8360));
#8362=FACE_OUTER_BOUND('',#8361,.F.);
#8364=CARTESIAN_POINT('',(-2.83E1,0.E0,3.2E1));
#8365=DIRECTION('',(0.E0,0.E0,-1.E0));
#8366=DIRECTION('',(1.E0,0.E0,0.E0));
#8367=AXIS2_PLACEMENT_3D('',#8364,#8365,#8366);
#8368=PLANE('',#8367);
#8369=ORIENTED_EDGE('',*,*,#8225,.T.);
#8370=ORIENTED_EDGE('',*,*,#8305,.F.);
#8371=ORIENTED_EDGE('',*,*,#8265,.F.);
#8372=ORIENTED_EDGE('',*,*,#6140,.T.);
#8373=EDGE_LOOP('',(#8369,#8370,#8371,#8372));
#8374=FACE_OUTER_BOUND('',#8373,.F.);
#8376=CARTESIAN_POINT('',(2.75E1,0.E0,-3.8E1));
#8377=DIRECTION('',(0.E0,0.E0,-1.E0));
#8378=DIRECTION('',(1.E0,0.E0,0.E0));
#8379=AXIS2_PLACEMENT_3D('',#8376,#8377,#8378);
#8380=PLANE('',#8379);
#8381=ORIENTED_EDGE('',*,*,#6429,.F.);
#8382=ORIENTED_EDGE('',*,*,#6096,.T.);
#8384=ORIENTED_EDGE('',*,*,#8383,.T.);
#8385=ORIENTED_EDGE('',*,*,#8316,.F.);
#8386=EDGE_LOOP('',(#8381,#8382,#8384,#8385));
#8387=FACE_OUTER_BOUND('',#8386,.F.);
#8389=CARTESIAN_POINT('',(2.83E1,0.E0,-4.620004800192E1));
#8390=DIRECTION('',(9.998476951564E-1,-1.745240643728E-2,0.E0));
#8391=DIRECTION('',(0.E0,0.E0,1.E0));
#8392=AXIS2_PLACEMENT_3D('',#8389,#8390,#8391);
#8393=PLANE('',#8392);
#8394=ORIENTED_EDGE('',*,*,#8318,.F.);
#8395=ORIENTED_EDGE('',*,*,#8383,.F.);
#8396=ORIENTED_EDGE('',*,*,#6094,.F.);
#8398=ORIENTED_EDGE('',*,*,#8397,.T.);
#8399=ORIENTED_EDGE('',*,*,#8093,.T.);
#8401=ORIENTED_EDGE('',*,*,#8400,.F.);
#8402=ORIENTED_EDGE('',*,*,#6198,.F.);
#8404=ORIENTED_EDGE('',*,*,#8403,.T.);
#8405=ORIENTED_EDGE('',*,*,#8333,.F.);
#8407=ORIENTED_EDGE('',*,*,#8406,.F.);
#8408=ORIENTED_EDGE('',*,*,#6190,.F.);
#8410=ORIENTED_EDGE('',*,*,#8409,.T.);
#8412=ORIENTED_EDGE('',*,*,#8411,.T.);
#8414=ORIENTED_EDGE('',*,*,#8413,.T.);
#8415=ORIENTED_EDGE('',*,*,#6000,.F.);
#8417=ORIENTED_EDGE('',*,*,#8416,.T.);
#8419=ORIENTED_EDGE('',*,*,#8418,.T.);
#8421=ORIENTED_EDGE('',*,*,#8420,.T.);
#8422=ORIENTED_EDGE('',*,*,#6024,.F.);
#8424=ORIENTED_EDGE('',*,*,#8423,.T.);
#8426=ORIENTED_EDGE('',*,*,#8425,.T.);
#8428=ORIENTED_EDGE('',*,*,#8427,.T.);
#8429=ORIENTED_EDGE('',*,*,#6060,.F.);
#8431=ORIENTED_EDGE('',*,*,#8430,.T.);
#8433=ORIENTED_EDGE('',*,*,#8432,.T.);
#8434=ORIENTED_EDGE('',*,*,#6345,.T.);
#8435=ORIENTED_EDGE('',*,*,#6036,.F.);
#8437=ORIENTED_EDGE('',*,*,#8436,.T.);
#8439=ORIENTED_EDGE('',*,*,#8438,.T.);
#8441=ORIENTED_EDGE('',*,*,#8440,.T.);
#8442=ORIENTED_EDGE('',*,*,#6102,.F.);
#8444=ORIENTED_EDGE('',*,*,#8443,.T.);
#8445=EDGE_LOOP('',(#8394,#8395,#8396,#8398,#8399,#8401,#8402,#8404,#8405,#8407,
#8408,#8410,#8412,#8414,#8415,#8417,#8419,#8421,#8422,#8424,#8426,#8428,#8429,
#8431,#8433,#8434,#8435,#8437,#8439,#8441,#8442,#8444));
#8446=FACE_OUTER_BOUND('',#8445,.F.);
#8448=CARTESIAN_POINT('',(2.7E1,-1.25E0,-4.5E1));
#8449=DIRECTION('',(0.E0,1.E0,0.E0));
#8450=DIRECTION('',(0.E0,0.E0,1.E0));
#8451=AXIS2_PLACEMENT_3D('',#8448,#8449,#8450);
#8452=CONICAL_SURFACE('',#8451,1.278181168840E0,1.E0);
#8453=ORIENTED_EDGE('',*,*,#6092,.F.);
#8455=ORIENTED_EDGE('',*,*,#8454,.T.);
#8456=ORIENTED_EDGE('',*,*,#8095,.T.);
#8457=ORIENTED_EDGE('',*,*,#8397,.F.);
#8458=EDGE_LOOP('',(#8453,#8455,#8456,#8457));
#8459=FACE_OUTER_BOUND('',#8458,.F.);
#8461=CARTESIAN_POINT('',(-2.820004800192E1,0.E0,-4.63E1));
#8462=DIRECTION('',(0.E0,-1.745240643728E-2,-9.998476951564E-1));
#8463=DIRECTION('',(1.E0,0.E0,0.E0));
#8464=AXIS2_PLACEMENT_3D('',#8461,#8462,#8463);
#8465=PLANE('',#8464);
#8466=ORIENTED_EDGE('',*,*,#8110,.F.);
#8467=ORIENTED_EDGE('',*,*,#6154,.F.);
#8469=ORIENTED_EDGE('',*,*,#8468,.T.);
#8470=ORIENTED_EDGE('',*,*,#8053,.T.);
#8471=EDGE_LOOP('',(#8466,#8467,#8469,#8470));
#8472=FACE_OUTER_BOUND('',#8471,.F.);
#8474=CARTESIAN_POINT('',(-2.820004800192E1,0.E0,-4.63E1));
#8475=DIRECTION('',(0.E0,-1.745240643728E-2,-9.998476951564E-1));
#8476=DIRECTION('',(1.E0,0.E0,0.E0));
#8477=AXIS2_PLACEMENT_3D('',#8474,#8475,#8476);
#8478=PLANE('',#8477);
#8480=ORIENTED_EDGE('',*,*,#8479,.T.);
#8481=ORIENTED_EDGE('',*,*,#8097,.T.);
#8482=ORIENTED_EDGE('',*,*,#8454,.F.);
#8483=ORIENTED_EDGE('',*,*,#6090,.F.);
#8484=EDGE_LOOP('',(#8480,#8481,#8482,#8483));
#8485=FACE_OUTER_BOUND('',#8484,.F.);
#8487=CARTESIAN_POINT('',(-2.7E1,-1.25E0,-4.5E1));
#8488=DIRECTION('',(0.E0,1.E0,0.E0));
#8489=DIRECTION('',(0.E0,0.E0,1.E0));
#8490=AXIS2_PLACEMENT_3D('',#8487,#8488,#8489);
#8491=CONICAL_SURFACE('',#8490,1.278181168840E0,1.E0);
#8492=ORIENTED_EDGE('',*,*,#6152,.F.);
#8493=ORIENTED_EDGE('',*,*,#8275,.T.);
#8494=ORIENTED_EDGE('',*,*,#8055,.T.);
#8495=ORIENTED_EDGE('',*,*,#8468,.F.);
#8496=EDGE_LOOP('',(#8492,#8493,#8494,#8495));
#8497=FACE_OUTER_BOUND('',#8496,.F.);
#8499=CARTESIAN_POINT('',(-1.024988339536E1,-4.5E0,-4.61E1));
#8500=DIRECTION('',(1.E0,0.E0,0.E0));
#8501=DIRECTION('',(0.E0,0.E0,1.E0));
#8502=AXIS2_PLACEMENT_3D('',#8499,#8500,#8501);
#8503=PLANE('',#8502);
#8504=ORIENTED_EDGE('',*,*,#8080,.T.);
#8505=ORIENTED_EDGE('',*,*,#8479,.F.);
#8506=ORIENTED_EDGE('',*,*,#6088,.T.);
#8507=ORIENTED_EDGE('',*,*,#8129,.T.);
#8508=ORIENTED_EDGE('',*,*,#8148,.T.);
#8509=ORIENTED_EDGE('',*,*,#8181,.F.);
#8510=EDGE_LOOP('',(#8504,#8505,#8506,#8507,#8508,#8509));
#8511=FACE_OUTER_BOUND('',#8510,.F.);
#8513=CARTESIAN_POINT('',(2.7E1,-1.25E0,4.5E1));
#8514=DIRECTION('',(0.E0,1.E0,0.E0));
#8515=DIRECTION('',(0.E0,0.E0,1.E0));
#8516=AXIS2_PLACEMENT_3D('',#8513,#8514,#8515);
#8517=CONICAL_SURFACE('',#8516,1.278181168840E0,1.E0);
#8518=ORIENTED_EDGE('',*,*,#6200,.F.);
#8519=ORIENTED_EDGE('',*,*,#8400,.T.);
#8520=ORIENTED_EDGE('',*,*,#8091,.T.);
#8521=ORIENTED_EDGE('',*,*,#7957,.F.);
#8522=EDGE_LOOP('',(#8518,#8519,#8520,#8521));
#8523=FACE_OUTER_BOUND('',#8522,.F.);
#8525=CARTESIAN_POINT('',(2.83E1,0.E0,3.8E1));
#8526=DIRECTION('',(0.E0,0.E0,1.E0));
#8527=DIRECTION('',(-1.E0,0.E0,0.E0));
#8528=AXIS2_PLACEMENT_3D('',#8525,#8526,#8527);
#8529=PLANE('',#8528);
#8530=ORIENTED_EDGE('',*,*,#6442,.T.);
#8531=ORIENTED_EDGE('',*,*,#8335,.F.);
#8532=ORIENTED_EDGE('',*,*,#8403,.F.);
#8533=ORIENTED_EDGE('',*,*,#6196,.T.);
#8534=EDGE_LOOP('',(#8530,#8531,#8532,#8533));
#8535=FACE_OUTER_BOUND('',#8534,.F.);
#8537=CARTESIAN_POINT('',(2.75E1,0.E0,3.2E1));
#8538=DIRECTION('',(0.E0,0.E0,-1.E0));
#8539=DIRECTION('',(1.E0,0.E0,0.E0));
#8540=AXIS2_PLACEMENT_3D('',#8537,#8538,#8539);
#8541=PLANE('',#8540);
#8542=ORIENTED_EDGE('',*,*,#6438,.F.);
#8543=ORIENTED_EDGE('',*,*,#6192,.T.);
#8544=ORIENTED_EDGE('',*,*,#8406,.T.);
#8545=ORIENTED_EDGE('',*,*,#8331,.F.);
#8546=EDGE_LOOP('',(#8542,#8543,#8544,#8545));
#8547=FACE_OUTER_BOUND('',#8546,.F.);
#8549=CARTESIAN_POINT('',(0.E0,1.75E0,2.84999979E1));
#8550=DIRECTION('',(1.E0,0.E0,0.E0));
#8551=DIRECTION('',(0.E0,0.E0,-1.E0));
#8552=AXIS2_PLACEMENT_3D('',#8549,#8550,#8551);
#8553=CYLINDRICAL_SURFACE('',#8552,2.95E0);
#8554=ORIENTED_EDGE('',*,*,#6188,.T.);
#8555=ORIENTED_EDGE('',*,*,#6266,.F.);
#8557=ORIENTED_EDGE('',*,*,#8556,.F.);
#8558=ORIENTED_EDGE('',*,*,#6506,.T.);
#8560=ORIENTED_EDGE('',*,*,#8559,.T.);
#8561=ORIENTED_EDGE('',*,*,#8409,.F.);
#8562=EDGE_LOOP('',(#8554,#8555,#8557,#8558,#8560,#8561));
#8563=FACE_OUTER_BOUND('',#8562,.F.);
#8565=CARTESIAN_POINT('',(0.E0,4.7E0,2.54999979E1));
#8566=DIRECTION('',(0.E0,1.E0,0.E0));
#8567=DIRECTION('',(0.E0,0.E0,1.E0));
#8568=AXIS2_PLACEMENT_3D('',#8565,#8566,#8567);
#8569=PLANE('',#8568);
#8570=ORIENTED_EDGE('',*,*,#6508,.T.);
#8571=ORIENTED_EDGE('',*,*,#8556,.T.);
#8572=ORIENTED_EDGE('',*,*,#6264,.F.);
#8574=ORIENTED_EDGE('',*,*,#8573,.F.);
#8575=EDGE_LOOP('',(#8570,#8571,#8572,#8574));
#8576=FACE_OUTER_BOUND('',#8575,.F.);
#8578=CARTESIAN_POINT('',(0.E0,1.75E0,2.542916456667E1));
#8579=DIRECTION('',(1.E0,0.E0,0.E0));
#8580=DIRECTION('',(0.E0,0.E0,-1.E0));
#8581=AXIS2_PLACEMENT_3D('',#8578,#8579,#8580);
#8582=CYLINDRICAL_SURFACE('',#8581,2.951253947182E0);
#8584=ORIENTED_EDGE('',*,*,#8583,.T.);
#8585=ORIENTED_EDGE('',*,*,#6276,.F.);
#8586=ORIENTED_EDGE('',*,*,#6002,.F.);
#8587=ORIENTED_EDGE('',*,*,#8413,.F.);
#8589=ORIENTED_EDGE('',*,*,#8588,.F.);
#8590=ORIENTED_EDGE('',*,*,#6502,.T.);
#8591=EDGE_LOOP('',(#8584,#8585,#8586,#8587,#8589,#8590));
#8592=FACE_OUTER_BOUND('',#8591,.F.);
#8594=CARTESIAN_POINT('',(0.E0,1.75E0,2.542916456667E1));
#8595=DIRECTION('',(1.E0,0.E0,0.E0));
#8596=DIRECTION('',(0.E0,0.E0,-1.E0));
#8597=AXIS2_PLACEMENT_3D('',#8594,#8595,#8596);
#8598=CYLINDRICAL_SURFACE('',#8597,2.951253947182E0);
#8599=ORIENTED_EDGE('',*,*,#6361,.F.);
#8600=ORIENTED_EDGE('',*,*,#6510,.T.);
#8601=ORIENTED_EDGE('',*,*,#8573,.T.);
#8602=ORIENTED_EDGE('',*,*,#6262,.F.);
#8603=EDGE_LOOP('',(#8599,#8600,#8601,#8602));
#8604=FACE_OUTER_BOUND('',#8603,.F.);
#8606=CARTESIAN_POINT('',(2.75E1,1.E0,-2.928353396054E1));
#8607=DIRECTION('',(0.E0,-1.E0,0.E0));
#8608=DIRECTION('',(0.E0,0.E0,1.E0));
#8609=AXIS2_PLACEMENT_3D('',#8606,#8607,#8608);
#8610=PLANE('',#8609);
#8611=ORIENTED_EDGE('',*,*,#6477,.F.);
#8613=ORIENTED_EDGE('',*,*,#8612,.T.);
#8614=ORIENTED_EDGE('',*,*,#6218,.T.);
#8615=ORIENTED_EDGE('',*,*,#6341,.F.);
#8616=EDGE_LOOP('',(#8611,#8613,#8614,#8615));
#8617=FACE_OUTER_BOUND('',#8616,.F.);
#8619=CARTESIAN_POINT('',(2.75E1,1.E0,-2.928353396054E1));
#8620=DIRECTION('',(0.E0,-1.E0,0.E0));
#8621=DIRECTION('',(0.E0,0.E0,1.E0));
#8622=AXIS2_PLACEMENT_3D('',#8619,#8620,#8621);
#8623=PLANE('',#8622);
#8624=ORIENTED_EDGE('',*,*,#6484,.F.);
#8626=ORIENTED_EDGE('',*,*,#8625,.T.);
#8627=ORIENTED_EDGE('',*,*,#6306,.T.);
#8629=ORIENTED_EDGE('',*,*,#8628,.F.);
#8630=EDGE_LOOP('',(#8624,#8626,#8627,#8629));
#8631=FACE_OUTER_BOUND('',#8630,.F.);
#8633=CARTESIAN_POINT('',(2.75E1,1.E0,-2.928353396054E1));
#8634=DIRECTION('',(0.E0,-1.E0,0.E0));
#8635=DIRECTION('',(0.E0,0.E0,1.E0));
#8636=AXIS2_PLACEMENT_3D('',#8633,#8634,#8635);
#8637=PLANE('',#8636);
#8638=ORIENTED_EDGE('',*,*,#6492,.F.);
#8640=ORIENTED_EDGE('',*,*,#8639,.T.);
#8641=ORIENTED_EDGE('',*,*,#6292,.T.);
#8643=ORIENTED_EDGE('',*,*,#8642,.F.);
#8644=EDGE_LOOP('',(#8638,#8640,#8641,#8643));
#8645=FACE_OUTER_BOUND('',#8644,.F.);
#8647=CARTESIAN_POINT('',(2.75E1,1.E0,-2.928353396054E1));
#8648=DIRECTION('',(0.E0,-1.E0,0.E0));
#8649=DIRECTION('',(0.E0,0.E0,1.E0));
#8650=AXIS2_PLACEMENT_3D('',#8647,#8648,#8649);
#8651=PLANE('',#8650);
#8652=ORIENTED_EDGE('',*,*,#6500,.F.);
#8654=ORIENTED_EDGE('',*,*,#8653,.T.);
#8655=ORIENTED_EDGE('',*,*,#6278,.T.);
#8656=ORIENTED_EDGE('',*,*,#8583,.F.);
#8657=EDGE_LOOP('',(#8652,#8654,#8655,#8656));
#8658=FACE_OUTER_BOUND('',#8657,.F.);
#8660=CARTESIAN_POINT('',(0.E0,1.75E0,-2.342916890667E1));
#8661=DIRECTION('',(1.E0,0.E0,0.E0));
#8662=DIRECTION('',(0.E0,0.E0,-1.E0));
#8663=AXIS2_PLACEMENT_3D('',#8660,#8661,#8662);
#8664=CYLINDRICAL_SURFACE('',#8663,2.951253947182E0);
#8665=ORIENTED_EDGE('',*,*,#6408,.T.);
#8666=ORIENTED_EDGE('',*,*,#6234,.F.);
#8668=ORIENTED_EDGE('',*,*,#8667,.F.);
#8669=ORIENTED_EDGE('',*,*,#6467,.T.);
#8670=EDGE_LOOP('',(#8665,#8666,#8668,#8669));
#8671=FACE_OUTER_BOUND('',#8670,.F.);
#8673=CARTESIAN_POINT('',(0.E0,1.75E0,-2.342916890667E1));
#8674=DIRECTION('',(1.E0,0.E0,0.E0));
#8675=DIRECTION('',(0.E0,0.E0,-1.E0));
#8676=AXIS2_PLACEMENT_3D('',#8673,#8674,#8675);
#8677=CYLINDRICAL_SURFACE('',#8676,2.951253947182E0);
#8678=ORIENTED_EDGE('',*,*,#8612,.F.);
#8679=ORIENTED_EDGE('',*,*,#6475,.T.);
#8681=ORIENTED_EDGE('',*,*,#8680,.T.);
#8682=ORIENTED_EDGE('',*,*,#8436,.F.);
#8683=ORIENTED_EDGE('',*,*,#6050,.T.);
#8684=ORIENTED_EDGE('',*,*,#6220,.F.);
#8685=EDGE_LOOP('',(#8678,#8679,#8681,#8682,#8683,#8684));
#8686=FACE_OUTER_BOUND('',#8685,.F.);
#8688=CARTESIAN_POINT('',(0.E0,4.7E0,-2.650000224E1));
#8689=DIRECTION('',(0.E0,1.E0,0.E0));
#8690=DIRECTION('',(0.E0,0.E0,1.E0));
#8691=AXIS2_PLACEMENT_3D('',#8688,#8689,#8690);
#8692=PLANE('',#8691);
#8693=ORIENTED_EDGE('',*,*,#6469,.T.);
#8694=ORIENTED_EDGE('',*,*,#8667,.T.);
#8695=ORIENTED_EDGE('',*,*,#6232,.F.);
#8697=ORIENTED_EDGE('',*,*,#8696,.F.);
#8698=EDGE_LOOP('',(#8693,#8694,#8695,#8697));
#8699=FACE_OUTER_BOUND('',#8698,.F.);
#8701=CARTESIAN_POINT('',(0.E0,1.75E0,-2.642916890667E1));
#8702=DIRECTION('',(1.E0,0.E0,0.E0));
#8703=DIRECTION('',(0.E0,0.E0,-1.E0));
#8704=AXIS2_PLACEMENT_3D('',#8701,#8702,#8703);
#8705=CYLINDRICAL_SURFACE('',#8704,2.951253947182E0);
#8706=ORIENTED_EDGE('',*,*,#6104,.F.);
#8707=ORIENTED_EDGE('',*,*,#8440,.F.);
#8709=ORIENTED_EDGE('',*,*,#8708,.F.);
#8710=ORIENTED_EDGE('',*,*,#6471,.T.);
#8711=ORIENTED_EDGE('',*,*,#8696,.T.);
#8712=ORIENTED_EDGE('',*,*,#6230,.F.);
#8713=EDGE_LOOP('',(#8706,#8707,#8709,#8710,#8711,#8712));
#8714=FACE_OUTER_BOUND('',#8713,.F.);
#8716=CARTESIAN_POINT('',(0.E0,-1.2E0,-2.350000224E1));
#8717=DIRECTION('',(0.E0,-1.E0,0.E0));
#8718=DIRECTION('',(0.E0,0.E0,-1.E0));
#8719=AXIS2_PLACEMENT_3D('',#8716,#8717,#8718);
#8720=PLANE('',#8719);
#8721=ORIENTED_EDGE('',*,*,#6473,.T.);
#8722=ORIENTED_EDGE('',*,*,#8708,.T.);
#8723=ORIENTED_EDGE('',*,*,#8438,.F.);
#8724=ORIENTED_EDGE('',*,*,#8680,.F.);
#8725=EDGE_LOOP('',(#8721,#8722,#8723,#8724));
#8726=FACE_OUTER_BOUND('',#8725,.F.);
#8728=CARTESIAN_POINT('',(0.E0,1.75E0,-1.257083217333E1));
#8729=DIRECTION('',(1.E0,0.E0,0.E0));
#8730=DIRECTION('',(0.E0,0.E0,-1.E0));
#8731=AXIS2_PLACEMENT_3D('',#8728,#8729,#8730);
#8732=CYLINDRICAL_SURFACE('',#8731,2.951253947182E0);
#8733=ORIENTED_EDGE('',*,*,#6394,.T.);
#8734=ORIENTED_EDGE('',*,*,#6242,.F.);
#8736=ORIENTED_EDGE('',*,*,#8735,.F.);
#8737=ORIENTED_EDGE('',*,*,#6461,.T.);
#8738=EDGE_LOOP('',(#8733,#8734,#8736,#8737));
#8739=FACE_OUTER_BOUND('',#8738,.F.);
#8741=CARTESIAN_POINT('',(0.E0,1.75E0,-1.257083217333E1));
#8742=DIRECTION('',(1.E0,0.E0,0.E0));
#8743=DIRECTION('',(0.E0,0.E0,-1.E0));
#8744=AXIS2_PLACEMENT_3D('',#8741,#8742,#8743);
#8745=CYLINDRICAL_SURFACE('',#8744,2.951253947182E0);
#8746=ORIENTED_EDGE('',*,*,#8625,.F.);
#8747=ORIENTED_EDGE('',*,*,#6482,.T.);
#8749=ORIENTED_EDGE('',*,*,#8748,.T.);
#8750=ORIENTED_EDGE('',*,*,#8430,.F.);
#8751=ORIENTED_EDGE('',*,*,#6074,.T.);
#8752=ORIENTED_EDGE('',*,*,#6308,.F.);
#8753=EDGE_LOOP('',(#8746,#8747,#8749,#8750,#8751,#8752));
#8754=FACE_OUTER_BOUND('',#8753,.F.);
#8756=CARTESIAN_POINT('',(0.E0,4.7E0,-1.549999884E1));
#8757=DIRECTION('',(0.E0,1.E0,0.E0));
#8758=DIRECTION('',(0.E0,0.E0,1.E0));
#8759=AXIS2_PLACEMENT_3D('',#8756,#8757,#8758);
#8760=PLANE('',#8759);
#8761=ORIENTED_EDGE('',*,*,#6463,.T.);
#8762=ORIENTED_EDGE('',*,*,#8735,.T.);
#8763=ORIENTED_EDGE('',*,*,#6240,.F.);
#8764=ORIENTED_EDGE('',*,*,#6330,.F.);
#8765=EDGE_LOOP('',(#8761,#8762,#8763,#8764));
#8766=FACE_OUTER_BOUND('',#8765,.F.);
#8768=CARTESIAN_POINT('',(0.E0,-1.2E0,-1.249999884E1));
#8769=DIRECTION('',(0.E0,-1.E0,0.E0));
#8770=DIRECTION('',(0.E0,0.E0,-1.E0));
#8771=AXIS2_PLACEMENT_3D('',#8768,#8769,#8770);
#8772=PLANE('',#8771);
#8773=ORIENTED_EDGE('',*,*,#6480,.T.);
#8774=ORIENTED_EDGE('',*,*,#6347,.T.);
#8775=ORIENTED_EDGE('',*,*,#8432,.F.);
#8776=ORIENTED_EDGE('',*,*,#8748,.F.);
#8777=EDGE_LOOP('',(#8773,#8774,#8775,#8776));
#8778=FACE_OUTER_BOUND('',#8777,.F.);
#8780=CARTESIAN_POINT('',(0.E0,1.75E0,-4.429167186667E0));
#8781=DIRECTION('',(1.E0,0.E0,0.E0));
#8782=DIRECTION('',(0.E0,0.E0,-1.E0));
#8783=AXIS2_PLACEMENT_3D('',#8780,#8781,#8782);
#8784=CYLINDRICAL_SURFACE('',#8783,2.951253947182E0);
#8785=ORIENTED_EDGE('',*,*,#6391,.F.);
#8786=ORIENTED_EDGE('',*,*,#6458,.T.);
#8788=ORIENTED_EDGE('',*,*,#8787,.T.);
#8789=ORIENTED_EDGE('',*,*,#6246,.F.);
#8790=EDGE_LOOP('',(#8785,#8786,#8788,#8789));
#8791=FACE_OUTER_BOUND('',#8790,.F.);
#8793=CARTESIAN_POINT('',(0.E0,1.75E0,-4.429167186667E0));
#8794=DIRECTION('',(1.E0,0.E0,0.E0));
#8795=DIRECTION('',(0.E0,0.E0,-1.E0));
#8796=AXIS2_PLACEMENT_3D('',#8793,#8794,#8795);
#8797=CYLINDRICAL_SURFACE('',#8796,2.951253947182E0);
#8798=ORIENTED_EDGE('',*,*,#8628,.T.);
#8799=ORIENTED_EDGE('',*,*,#6304,.F.);
#8800=ORIENTED_EDGE('',*,*,#6062,.F.);
#8801=ORIENTED_EDGE('',*,*,#8427,.F.);
#8803=ORIENTED_EDGE('',*,*,#8802,.F.);
#8804=ORIENTED_EDGE('',*,*,#6486,.T.);
#8805=EDGE_LOOP('',(#8798,#8799,#8800,#8801,#8803,#8804));
#8806=FACE_OUTER_BOUND('',#8805,.F.);
#8808=CARTESIAN_POINT('',(0.E0,4.7E0,-4.50000052E0));
#8809=DIRECTION('',(0.E0,1.E0,0.E0));
#8810=DIRECTION('',(0.E0,0.E0,1.E0));
#8811=AXIS2_PLACEMENT_3D('',#8808,#8809,#8810);
#8812=PLANE('',#8811);
#8813=ORIENTED_EDGE('',*,*,#6456,.T.);
#8815=ORIENTED_EDGE('',*,*,#8814,.T.);
#8816=ORIENTED_EDGE('',*,*,#6248,.F.);
#8817=ORIENTED_EDGE('',*,*,#8787,.F.);
#8818=EDGE_LOOP('',(#8813,#8815,#8816,#8817));
#8819=FACE_OUTER_BOUND('',#8818,.F.);
#8821=CARTESIAN_POINT('',(0.E0,1.75E0,-1.429167186667E0));
#8822=DIRECTION('',(1.E0,0.E0,0.E0));
#8823=DIRECTION('',(0.E0,0.E0,-1.E0));
#8824=AXIS2_PLACEMENT_3D('',#8821,#8822,#8823);
#8825=CYLINDRICAL_SURFACE('',#8824,2.951253947182E0);
#8826=ORIENTED_EDGE('',*,*,#6379,.T.);
#8827=ORIENTED_EDGE('',*,*,#6250,.F.);
#8828=ORIENTED_EDGE('',*,*,#8814,.F.);
#8829=ORIENTED_EDGE('',*,*,#6454,.T.);
#8830=EDGE_LOOP('',(#8826,#8827,#8828,#8829));
#8831=FACE_OUTER_BOUND('',#8830,.F.);
#8833=CARTESIAN_POINT('',(0.E0,1.75E0,-1.429167186667E0));
#8834=DIRECTION('',(1.E0,0.E0,0.E0));
#8835=DIRECTION('',(0.E0,0.E0,-1.E0));
#8836=AXIS2_PLACEMENT_3D('',#8833,#8834,#8835);
#8837=CYLINDRICAL_SURFACE('',#8836,2.951253947182E0);
#8838=ORIENTED_EDGE('',*,*,#8639,.F.);
#8839=ORIENTED_EDGE('',*,*,#6490,.T.);
#8841=ORIENTED_EDGE('',*,*,#8840,.T.);
#8842=ORIENTED_EDGE('',*,*,#8423,.F.);
#8843=ORIENTED_EDGE('',*,*,#6022,.T.);
#8844=ORIENTED_EDGE('',*,*,#6294,.F.);
#8845=EDGE_LOOP('',(#8838,#8839,#8841,#8842,#8843,#8844));
#8846=FACE_OUTER_BOUND('',#8845,.F.);
#8848=CARTESIAN_POINT('',(0.E0,-1.2E0,-1.500000519999E0));
#8849=DIRECTION('',(0.E0,-1.E0,0.E0));
#8850=DIRECTION('',(0.E0,0.E0,-1.E0));
#8851=AXIS2_PLACEMENT_3D('',#8848,#8849,#8850);
#8852=PLANE('',#8851);
#8853=ORIENTED_EDGE('',*,*,#6488,.T.);
#8854=ORIENTED_EDGE('',*,*,#8802,.T.);
#8855=ORIENTED_EDGE('',*,*,#8425,.F.);
#8856=ORIENTED_EDGE('',*,*,#8840,.F.);
#8857=EDGE_LOOP('',(#8853,#8854,#8855,#8856));
#8858=FACE_OUTER_BOUND('',#8857,.F.);
#8860=CARTESIAN_POINT('',(0.E0,1.75E0,1.142916462667E1));
#8861=DIRECTION('',(1.E0,0.E0,0.E0));
#8862=DIRECTION('',(0.E0,0.E0,-1.E0));
#8863=AXIS2_PLACEMENT_3D('',#8860,#8861,#8862);
#8864=CYLINDRICAL_SURFACE('',#8863,2.951253947182E0);
#8865=ORIENTED_EDGE('',*,*,#6376,.F.);
#8866=ORIENTED_EDGE('',*,*,#6451,.T.);
#8868=ORIENTED_EDGE('',*,*,#8867,.T.);
#8869=ORIENTED_EDGE('',*,*,#6254,.F.);
#8870=EDGE_LOOP('',(#8865,#8866,#8868,#8869));
#8871=FACE_OUTER_BOUND('',#8870,.F.);
#8873=CARTESIAN_POINT('',(0.E0,1.75E0,1.142916462667E1));
#8874=DIRECTION('',(1.E0,0.E0,0.E0));
#8875=DIRECTION('',(0.E0,0.E0,-1.E0));
#8876=AXIS2_PLACEMENT_3D('',#8873,#8874,#8875);
#8877=CYLINDRICAL_SURFACE('',#8876,2.951253947182E0);
#8878=ORIENTED_EDGE('',*,*,#8642,.T.);
#8879=ORIENTED_EDGE('',*,*,#6290,.F.);
#8880=ORIENTED_EDGE('',*,*,#6026,.F.);
#8881=ORIENTED_EDGE('',*,*,#8420,.F.);
#8883=ORIENTED_EDGE('',*,*,#8882,.F.);
#8884=ORIENTED_EDGE('',*,*,#6494,.T.);
#8885=EDGE_LOOP('',(#8878,#8879,#8880,#8881,#8883,#8884));
#8886=FACE_OUTER_BOUND('',#8885,.F.);
#8888=CARTESIAN_POINT('',(0.E0,4.7E0,1.149999796E1));
#8889=DIRECTION('',(0.E0,1.E0,0.E0));
#8890=DIRECTION('',(0.E0,0.E0,1.E0));
#8891=AXIS2_PLACEMENT_3D('',#8888,#8889,#8890);
#8892=PLANE('',#8891);
#8893=ORIENTED_EDGE('',*,*,#6449,.T.);
#8895=ORIENTED_EDGE('',*,*,#8894,.T.);
#8896=ORIENTED_EDGE('',*,*,#6256,.F.);
#8897=ORIENTED_EDGE('',*,*,#8867,.F.);
#8898=EDGE_LOOP('',(#8893,#8895,#8896,#8897));
#8899=FACE_OUTER_BOUND('',#8898,.F.);
#8901=CARTESIAN_POINT('',(0.E0,1.75E0,1.457083129333E1));
#8902=DIRECTION('',(1.E0,0.E0,0.E0));
#8903=DIRECTION('',(0.E0,0.E0,-1.E0));
#8904=AXIS2_PLACEMENT_3D('',#8901,#8902,#8903);
#8905=CYLINDRICAL_SURFACE('',#8904,2.951253947182E0);
#8906=ORIENTED_EDGE('',*,*,#6364,.T.);
#8907=ORIENTED_EDGE('',*,*,#6258,.F.);
#8908=ORIENTED_EDGE('',*,*,#8894,.F.);
#8909=ORIENTED_EDGE('',*,*,#6447,.T.);
#8910=EDGE_LOOP('',(#8906,#8907,#8908,#8909));
#8911=FACE_OUTER_BOUND('',#8910,.F.);
#8913=CARTESIAN_POINT('',(0.E0,1.75E0,1.457083129333E1));
#8914=DIRECTION('',(1.E0,0.E0,0.E0));
#8915=DIRECTION('',(0.E0,0.E0,-1.E0));
#8916=AXIS2_PLACEMENT_3D('',#8913,#8914,#8915);
#8917=CYLINDRICAL_SURFACE('',#8916,2.951253947182E0);
#8918=ORIENTED_EDGE('',*,*,#8653,.F.);
#8919=ORIENTED_EDGE('',*,*,#6498,.T.);
#8921=ORIENTED_EDGE('',*,*,#8920,.T.);
#8922=ORIENTED_EDGE('',*,*,#8416,.F.);
#8923=ORIENTED_EDGE('',*,*,#5998,.T.);
#8924=ORIENTED_EDGE('',*,*,#6280,.F.);
#8925=EDGE_LOOP('',(#8918,#8919,#8921,#8922,#8923,#8924));
#8926=FACE_OUTER_BOUND('',#8925,.F.);
#8928=CARTESIAN_POINT('',(0.E0,-1.2E0,1.449999796E1));
#8929=DIRECTION('',(0.E0,-1.E0,0.E0));
#8930=DIRECTION('',(0.E0,0.E0,-1.E0));
#8931=AXIS2_PLACEMENT_3D('',#8928,#8929,#8930);
#8932=PLANE('',#8931);
#8933=ORIENTED_EDGE('',*,*,#6496,.T.);
#8934=ORIENTED_EDGE('',*,*,#8882,.T.);
#8935=ORIENTED_EDGE('',*,*,#8418,.F.);
#8936=ORIENTED_EDGE('',*,*,#8920,.F.);
#8937=EDGE_LOOP('',(#8933,#8934,#8935,#8936));
#8938=FACE_OUTER_BOUND('',#8937,.F.);
#8940=CARTESIAN_POINT('',(0.E0,-1.2E0,2.84999979E1));
#8941=DIRECTION('',(0.E0,-1.E0,0.E0));
#8942=DIRECTION('',(0.E0,0.E0,-1.E0));
#8943=AXIS2_PLACEMENT_3D('',#8940,#8941,#8942);
#8944=PLANE('',#8943);
#8945=ORIENTED_EDGE('',*,*,#6504,.T.);
#8946=ORIENTED_EDGE('',*,*,#8588,.T.);
#8947=ORIENTED_EDGE('',*,*,#8411,.F.);
#8948=ORIENTED_EDGE('',*,*,#8559,.F.);
#8949=EDGE_LOOP('',(#8945,#8946,#8947,#8948));
#8950=FACE_OUTER_BOUND('',#8949,.F.);
#8952=CARTESIAN_POINT('',(2.83E1,0.E0,-3.2E1));
#8953=DIRECTION('',(0.E0,0.E0,1.E0));
#8954=DIRECTION('',(-1.E0,0.E0,0.E0));
#8955=AXIS2_PLACEMENT_3D('',#8952,#8953,#8954);
#8956=PLANE('',#8955);
#8957=ORIENTED_EDGE('',*,*,#6433,.T.);
#8958=ORIENTED_EDGE('',*,*,#8320,.F.);
#8959=ORIENTED_EDGE('',*,*,#8443,.F.);
#8960=ORIENTED_EDGE('',*,*,#6100,.T.);
#8961=EDGE_LOOP('',(#8957,#8958,#8959,#8960));
#8962=FACE_OUTER_BOUND('',#8961,.F.);
#8964=CARTESIAN_POINT('',(-2.7E1,-1.25E0,4.5E1));
#8965=DIRECTION('',(0.E0,1.E0,0.E0));
#8966=DIRECTION('',(0.E0,0.E0,1.E0));
#8967=AXIS2_PLACEMENT_3D('',#8964,#8965,#8966);
#8968=CONICAL_SURFACE('',#8967,1.278181168840E0,1.E0);
#8969=ORIENTED_EDGE('',*,*,#6132,.F.);
#8970=ORIENTED_EDGE('',*,*,#7944,.T.);
#8971=ORIENTED_EDGE('',*,*,#8059,.T.);
#8972=ORIENTED_EDGE('',*,*,#8272,.F.);
#8973=EDGE_LOOP('',(#8969,#8970,#8971,#8972));
#8974=FACE_OUTER_BOUND('',#8973,.F.);
#8976=CARTESIAN_POINT('',(2.7E1,0.E0,-4.5E1));
#8977=DIRECTION('',(0.E0,1.E0,0.E0));
#8978=DIRECTION('',(1.E0,0.E0,0.E0));
#8979=AXIS2_PLACEMENT_3D('',#8976,#8977,#8978);
#8980=CYLINDRICAL_SURFACE('',#8979,5.E-1);
#8981=ORIENTED_EDGE('',*,*,#6422,.F.);
#8982=ORIENTED_EDGE('',*,*,#8084,.T.);
#8983=ORIENTED_EDGE('',*,*,#8178,.F.);
#8984=ORIENTED_EDGE('',*,*,#6850,.F.);
#8985=EDGE_LOOP('',(#8981,#8982,#8983,#8984));
#8986=FACE_OUTER_BOUND('',#8985,.F.);
#8988=CARTESIAN_POINT('',(-1.077488339536E1,-4.550000733137E0,5.E0));
#8989=DIRECTION('',(1.E0,0.E0,0.E0));
#8990=DIRECTION('',(0.E0,1.E0,0.E0));
#8991=AXIS2_PLACEMENT_3D('',#8988,#8989,#8990);
#8992=PLANE('',#8991);
#8993=ORIENTED_EDGE('',*,*,#6084,.F.);
#8995=ORIENTED_EDGE('',*,*,#8994,.T.);
#8997=ORIENTED_EDGE('',*,*,#8996,.F.);
#8998=ORIENTED_EDGE('',*,*,#8132,.F.);
#8999=EDGE_LOOP('',(#8993,#8995,#8997,#8998));
#9000=FACE_OUTER_BOUND('',#8999,.F.);
#9002=CARTESIAN_POINT('',(2.7E1,0.E0,-4.75E1));
#9003=DIRECTION('',(0.E0,0.E0,-1.E0));
#9004=DIRECTION('',(-1.E0,0.E0,0.E0));
#9005=AXIS2_PLACEMENT_3D('',#9002,#9003,#9004);
#9006=PLANE('',#9005);
#9007=ORIENTED_EDGE('',*,*,#6114,.F.);
#9009=ORIENTED_EDGE('',*,*,#9008,.T.);
#9010=ORIENTED_EDGE('',*,*,#7702,.T.);
#9012=ORIENTED_EDGE('',*,*,#9011,.F.);
#9013=ORIENTED_EDGE('',*,*,#6162,.F.);
#9015=ORIENTED_EDGE('',*,*,#9014,.T.);
#9017=ORIENTED_EDGE('',*,*,#9016,.F.);
#9018=ORIENTED_EDGE('',*,*,#8994,.F.);
#9019=EDGE_LOOP('',(#9007,#9009,#9010,#9012,#9013,#9015,#9017,#9018));
#9020=FACE_OUTER_BOUND('',#9019,.F.);
#9022=CARTESIAN_POINT('',(2.7E1,0.E0,-4.5E1));
#9023=DIRECTION('',(0.E0,1.E0,0.E0));
#9024=DIRECTION('',(1.E0,0.E0,0.E0));
#9025=AXIS2_PLACEMENT_3D('',#9022,#9023,#9024);
#9026=CYLINDRICAL_SURFACE('',#9025,2.5E0);
#9027=ORIENTED_EDGE('',*,*,#7687,.T.);
#9028=ORIENTED_EDGE('',*,*,#9008,.F.);
#9029=ORIENTED_EDGE('',*,*,#6112,.F.);
#9030=ORIENTED_EDGE('',*,*,#7800,.T.);
#9031=EDGE_LOOP('',(#9027,#9028,#9029,#9030));
#9032=FACE_OUTER_BOUND('',#9031,.F.);
#9034=CARTESIAN_POINT('',(-2.7E1,0.E0,-4.5E1));
#9035=DIRECTION('',(0.E0,1.E0,0.E0));
#9036=DIRECTION('',(1.E0,0.E0,0.E0));
#9037=AXIS2_PLACEMENT_3D('',#9034,#9035,#9036);
#9038=CYLINDRICAL_SURFACE('',#9037,2.5E0);
#9039=ORIENTED_EDGE('',*,*,#7716,.T.);
#9041=ORIENTED_EDGE('',*,*,#9040,.F.);
#9042=ORIENTED_EDGE('',*,*,#6164,.F.);
#9043=ORIENTED_EDGE('',*,*,#9011,.T.);
#9044=EDGE_LOOP('',(#9039,#9041,#9042,#9043));
#9045=FACE_OUTER_BOUND('',#9044,.F.);
#9047=CARTESIAN_POINT('',(-2.95E1,0.E0,-4.5E1));
#9048=DIRECTION('',(-1.E0,0.E0,0.E0));
#9049=DIRECTION('',(0.E0,0.E0,1.E0));
#9050=AXIS2_PLACEMENT_3D('',#9047,#9048,#9049);
#9051=PLANE('',#9050);
#9052=ORIENTED_EDGE('',*,*,#7730,.T.);
#9054=ORIENTED_EDGE('',*,*,#9053,.F.);
#9055=ORIENTED_EDGE('',*,*,#6166,.F.);
#9056=ORIENTED_EDGE('',*,*,#9040,.T.);
#9057=EDGE_LOOP('',(#9052,#9054,#9055,#9056));
#9058=FACE_OUTER_BOUND('',#9057,.F.);
#9060=CARTESIAN_POINT('',(-2.7E1,0.E0,4.5E1));
#9061=DIRECTION('',(0.E0,1.E0,0.E0));
#9062=DIRECTION('',(1.E0,0.E0,0.E0));
#9063=AXIS2_PLACEMENT_3D('',#9060,#9061,#9062);
#9064=CYLINDRICAL_SURFACE('',#9063,2.5E0);
#9065=ORIENTED_EDGE('',*,*,#7744,.T.);
#9066=ORIENTED_EDGE('',*,*,#7867,.F.);
#9067=ORIENTED_EDGE('',*,*,#6168,.F.);
#9068=ORIENTED_EDGE('',*,*,#9053,.T.);
#9069=EDGE_LOOP('',(#9065,#9066,#9067,#9068));
#9070=FACE_OUTER_BOUND('',#9069,.F.);
#9072=CARTESIAN_POINT('',(-1.672488339536E1,4.499992668630E-1,5.E0));
#9073=DIRECTION('',(-1.E0,0.E0,0.E0));
#9074=DIRECTION('',(0.E0,-1.E0,0.E0));
#9075=AXIS2_PLACEMENT_3D('',#9072,#9073,#9074);
#9076=PLANE('',#9075);
#9077=ORIENTED_EDGE('',*,*,#6160,.F.);
#9078=ORIENTED_EDGE('',*,*,#8136,.F.);
#9080=ORIENTED_EDGE('',*,*,#9079,.T.);
#9081=ORIENTED_EDGE('',*,*,#9014,.F.);
#9082=EDGE_LOOP('',(#9077,#9078,#9080,#9081));
#9083=FACE_OUTER_BOUND('',#9082,.F.);
#9085=CARTESIAN_POINT('',(-1.374988339536E1,4.499992668630E-1,5.E0));
#9086=DIRECTION('',(0.E0,0.E0,1.E0));
#9087=DIRECTION('',(0.E0,-1.E0,0.E0));
#9088=AXIS2_PLACEMENT_3D('',#9085,#9086,#9087);
#9089=CYLINDRICAL_SURFACE('',#9088,2.975E0);
#9090=ORIENTED_EDGE('',*,*,#8134,.F.);
#9091=ORIENTED_EDGE('',*,*,#8996,.T.);
#9092=ORIENTED_EDGE('',*,*,#9016,.T.);
#9093=ORIENTED_EDGE('',*,*,#9079,.F.);
#9094=EDGE_LOOP('',(#9090,#9091,#9092,#9093));
#9095=FACE_OUTER_BOUND('',#9094,.F.);
#9097=CARTESIAN_POINT('',(0.E0,1.75E0,-2.642916890667E1));
#9098=DIRECTION('',(1.E0,0.E0,0.E0));
#9099=DIRECTION('',(0.E0,0.E0,-1.E0));
#9100=AXIS2_PLACEMENT_3D('',#9097,#9098,#9099);
#9101=CYLINDRICAL_SURFACE('',#9100,2.151253947182E0);
#9102=ORIENTED_EDGE('',*,*,#6108,.F.);
#9103=ORIENTED_EDGE('',*,*,#6227,.T.);
#9105=ORIENTED_EDGE('',*,*,#9104,.T.);
#9106=ORIENTED_EDGE('',*,*,#7803,.F.);
#9107=EDGE_LOOP('',(#9102,#9103,#9105,#9106));
#9108=FACE_OUTER_BOUND('',#9107,.F.);
#9110=CARTESIAN_POINT('',(0.E0,3.9E0,-2.650000224E1));
#9111=DIRECTION('',(0.E0,1.E0,0.E0));
#9112=DIRECTION('',(0.E0,0.E0,1.E0));
#9113=AXIS2_PLACEMENT_3D('',#9110,#9111,#9112);
#9114=PLANE('',#9113);
#9115=ORIENTED_EDGE('',*,*,#7805,.F.);
#9116=ORIENTED_EDGE('',*,*,#9104,.F.);
#9117=ORIENTED_EDGE('',*,*,#6225,.T.);
#9119=ORIENTED_EDGE('',*,*,#9118,.T.);
#9120=EDGE_LOOP('',(#9115,#9116,#9117,#9119));
#9121=FACE_OUTER_BOUND('',#9120,.F.);
#9123=CARTESIAN_POINT('',(0.E0,1.75E0,-2.342916890667E1));
#9124=DIRECTION('',(1.E0,0.E0,0.E0));
#9125=DIRECTION('',(0.E0,0.E0,-1.E0));
#9126=AXIS2_PLACEMENT_3D('',#9123,#9124,#9125);
#9127=CYLINDRICAL_SURFACE('',#9126,2.151253947182E0);
#9128=ORIENTED_EDGE('',*,*,#6046,.T.);
#9129=ORIENTED_EDGE('',*,*,#7807,.F.);
#9130=ORIENTED_EDGE('',*,*,#9118,.F.);
#9131=ORIENTED_EDGE('',*,*,#6223,.T.);
#9132=EDGE_LOOP('',(#9128,#9129,#9130,#9131));
#9133=FACE_OUTER_BOUND('',#9132,.F.);
#9135=CARTESIAN_POINT('',(0.E0,1.75E0,-1.549999884E1));
#9136=DIRECTION('',(1.E0,0.E0,0.E0));
#9137=DIRECTION('',(0.E0,0.E0,-1.E0));
#9138=AXIS2_PLACEMENT_3D('',#9135,#9136,#9137);
#9139=CYLINDRICAL_SURFACE('',#9138,2.15E0);
#9140=ORIENTED_EDGE('',*,*,#6042,.F.);
#9141=ORIENTED_EDGE('',*,*,#6315,.T.);
#9143=ORIENTED_EDGE('',*,*,#9142,.T.);
#9144=ORIENTED_EDGE('',*,*,#7810,.F.);
#9145=EDGE_LOOP('',(#9140,#9141,#9143,#9144));
#9146=FACE_OUTER_BOUND('',#9145,.F.);
#9148=CARTESIAN_POINT('',(0.E0,3.9E0,-1.549999884E1));
#9149=DIRECTION('',(0.E0,1.E0,0.E0));
#9150=DIRECTION('',(0.E0,0.E0,1.E0));
#9151=AXIS2_PLACEMENT_3D('',#9148,#9149,#9150);
#9152=PLANE('',#9151);
#9153=ORIENTED_EDGE('',*,*,#7812,.F.);
#9154=ORIENTED_EDGE('',*,*,#9142,.F.);
#9155=ORIENTED_EDGE('',*,*,#6313,.T.);
#9157=ORIENTED_EDGE('',*,*,#9156,.T.);
#9158=EDGE_LOOP('',(#9153,#9154,#9155,#9157));
#9159=FACE_OUTER_BOUND('',#9158,.F.);
#9161=CARTESIAN_POINT('',(0.E0,1.75E0,-1.257083217333E1));
#9162=DIRECTION('',(1.E0,0.E0,0.E0));
#9163=DIRECTION('',(0.E0,0.E0,-1.E0));
#9164=AXIS2_PLACEMENT_3D('',#9161,#9162,#9163);
#9165=CYLINDRICAL_SURFACE('',#9164,2.151253947182E0);
#9166=ORIENTED_EDGE('',*,*,#6070,.T.);
#9167=ORIENTED_EDGE('',*,*,#7814,.F.);
#9168=ORIENTED_EDGE('',*,*,#9156,.F.);
#9169=ORIENTED_EDGE('',*,*,#6311,.T.);
#9170=EDGE_LOOP('',(#9166,#9167,#9168,#9169));
#9171=FACE_OUTER_BOUND('',#9170,.F.);
#9173=CARTESIAN_POINT('',(0.E0,1.75E0,-4.429167186667E0));
#9174=DIRECTION('',(1.E0,0.E0,0.E0));
#9175=DIRECTION('',(0.E0,0.E0,-1.E0));
#9176=AXIS2_PLACEMENT_3D('',#9173,#9174,#9175);
#9177=CYLINDRICAL_SURFACE('',#9176,2.151253947182E0);
#9178=ORIENTED_EDGE('',*,*,#6066,.F.);
#9179=ORIENTED_EDGE('',*,*,#6301,.T.);
#9181=ORIENTED_EDGE('',*,*,#9180,.T.);
#9182=ORIENTED_EDGE('',*,*,#7817,.F.);
#9183=EDGE_LOOP('',(#9178,#9179,#9181,#9182));
#9184=FACE_OUTER_BOUND('',#9183,.F.);
#9186=CARTESIAN_POINT('',(0.E0,3.9E0,-4.50000052E0));
#9187=DIRECTION('',(0.E0,1.E0,0.E0));
#9188=DIRECTION('',(0.E0,0.E0,1.E0));
#9189=AXIS2_PLACEMENT_3D('',#9186,#9187,#9188);
#9190=PLANE('',#9189);
#9191=ORIENTED_EDGE('',*,*,#7819,.F.);
#9192=ORIENTED_EDGE('',*,*,#9180,.F.);
#9193=ORIENTED_EDGE('',*,*,#6299,.T.);
#9195=ORIENTED_EDGE('',*,*,#9194,.T.);
#9196=EDGE_LOOP('',(#9191,#9192,#9193,#9195));
#9197=FACE_OUTER_BOUND('',#9196,.F.);
#9199=CARTESIAN_POINT('',(0.E0,1.75E0,-1.429167186667E0));
#9200=DIRECTION('',(1.E0,0.E0,0.E0));
#9201=DIRECTION('',(0.E0,0.E0,-1.E0));
#9202=AXIS2_PLACEMENT_3D('',#9199,#9200,#9201);
#9203=CYLINDRICAL_SURFACE('',#9202,2.151253947182E0);
#9204=ORIENTED_EDGE('',*,*,#6018,.T.);
#9205=ORIENTED_EDGE('',*,*,#7821,.F.);
#9206=ORIENTED_EDGE('',*,*,#9194,.F.);
#9207=ORIENTED_EDGE('',*,*,#6297,.T.);
#9208=EDGE_LOOP('',(#9204,#9205,#9206,#9207));
#9209=FACE_OUTER_BOUND('',#9208,.F.);
#9211=CARTESIAN_POINT('',(0.E0,1.75E0,1.142916462667E1));
#9212=DIRECTION('',(1.E0,0.E0,0.E0));
#9213=DIRECTION('',(0.E0,0.E0,-1.E0));
#9214=AXIS2_PLACEMENT_3D('',#9211,#9212,#9213);
#9215=CYLINDRICAL_SURFACE('',#9214,2.151253947182E0);
#9216=ORIENTED_EDGE('',*,*,#6014,.F.);
#9217=ORIENTED_EDGE('',*,*,#6287,.T.);
#9219=ORIENTED_EDGE('',*,*,#9218,.T.);
#9220=ORIENTED_EDGE('',*,*,#7824,.F.);
#9221=EDGE_LOOP('',(#9216,#9217,#9219,#9220));
#9222=FACE_OUTER_BOUND('',#9221,.F.);
#9224=CARTESIAN_POINT('',(0.E0,3.9E0,1.149999796E1));
#9225=DIRECTION('',(0.E0,1.E0,0.E0));
#9226=DIRECTION('',(0.E0,0.E0,1.E0));
#9227=AXIS2_PLACEMENT_3D('',#9224,#9225,#9226);
#9228=PLANE('',#9227);
#9229=ORIENTED_EDGE('',*,*,#7826,.F.);
#9230=ORIENTED_EDGE('',*,*,#9218,.F.);
#9231=ORIENTED_EDGE('',*,*,#6285,.T.);
#9233=ORIENTED_EDGE('',*,*,#9232,.T.);
#9234=EDGE_LOOP('',(#9229,#9230,#9231,#9233));
#9235=FACE_OUTER_BOUND('',#9234,.F.);
#9237=CARTESIAN_POINT('',(0.E0,1.75E0,1.457083129333E1));
#9238=DIRECTION('',(1.E0,0.E0,0.E0));
#9239=DIRECTION('',(0.E0,0.E0,-1.E0));
#9240=AXIS2_PLACEMENT_3D('',#9237,#9238,#9239);
#9241=CYLINDRICAL_SURFACE('',#9240,2.151253947182E0);
#9242=ORIENTED_EDGE('',*,*,#5994,.T.);
#9243=ORIENTED_EDGE('',*,*,#7828,.F.);
#9244=ORIENTED_EDGE('',*,*,#9232,.F.);
#9245=ORIENTED_EDGE('',*,*,#6283,.T.);
#9246=EDGE_LOOP('',(#9242,#9243,#9244,#9245));
#9247=FACE_OUTER_BOUND('',#9246,.F.);
#9249=CARTESIAN_POINT('',(0.E0,1.75E0,2.542916456667E1));
#9250=DIRECTION('',(1.E0,0.E0,0.E0));
#9251=DIRECTION('',(0.E0,0.E0,-1.E0));
#9252=AXIS2_PLACEMENT_3D('',#9249,#9250,#9251);
#9253=CYLINDRICAL_SURFACE('',#9252,2.151253947182E0);
#9254=ORIENTED_EDGE('',*,*,#5990,.F.);
#9255=ORIENTED_EDGE('',*,*,#6273,.T.);
#9257=ORIENTED_EDGE('',*,*,#9256,.T.);
#9258=ORIENTED_EDGE('',*,*,#7831,.F.);
#9259=EDGE_LOOP('',(#9254,#9255,#9257,#9258));
#9260=FACE_OUTER_BOUND('',#9259,.F.);
#9262=CARTESIAN_POINT('',(0.E0,3.9E0,2.54999979E1));
#9263=DIRECTION('',(0.E0,1.E0,0.E0));
#9264=DIRECTION('',(0.E0,0.E0,1.E0));
#9265=AXIS2_PLACEMENT_3D('',#9262,#9263,#9264);
#9266=PLANE('',#9265);
#9267=ORIENTED_EDGE('',*,*,#7833,.F.);
#9268=ORIENTED_EDGE('',*,*,#9256,.F.);
#9269=ORIENTED_EDGE('',*,*,#6271,.T.);
#9271=ORIENTED_EDGE('',*,*,#9270,.T.);
#9272=EDGE_LOOP('',(#9267,#9268,#9269,#9271));
#9273=FACE_OUTER_BOUND('',#9272,.F.);
#9275=CARTESIAN_POINT('',(0.E0,1.75E0,2.84999979E1));
#9276=DIRECTION('',(1.E0,0.E0,0.E0));
#9277=DIRECTION('',(0.E0,0.E0,-1.E0));
#9278=AXIS2_PLACEMENT_3D('',#9275,#9276,#9277);
#9279=CYLINDRICAL_SURFACE('',#9278,2.15E0);
#9280=ORIENTED_EDGE('',*,*,#6184,.T.);
#9281=ORIENTED_EDGE('',*,*,#7835,.F.);
#9282=ORIENTED_EDGE('',*,*,#9270,.F.);
#9283=ORIENTED_EDGE('',*,*,#6269,.T.);
#9284=EDGE_LOOP('',(#9280,#9281,#9282,#9283));
#9285=FACE_OUTER_BOUND('',#9284,.F.);
#9287=CARTESIAN_POINT('',(-2.265999999408E1,1.05E1,-4.065E1));
#9288=DIRECTION('',(0.E0,1.E0,0.E0));
#9289=DIRECTION('',(0.E0,0.E0,1.E0));
#9290=AXIS2_PLACEMENT_3D('',#9287,#9288,#9289);
#9291=CYLINDRICAL_SURFACE('',#9290,1.15E0);
#9292=ORIENTED_EDGE('',*,*,#7656,.F.);
#9293=ORIENTED_EDGE('',*,*,#7627,.T.);
#9294=ORIENTED_EDGE('',*,*,#7602,.T.);
#9296=ORIENTED_EDGE('',*,*,#9295,.F.);
#9297=EDGE_LOOP('',(#9292,#9293,#9294,#9296));
#9298=FACE_OUTER_BOUND('',#9297,.F.);
#9300=CARTESIAN_POINT('',(-2.380999999408E1,1.05E1,-4.065E1));
#9301=DIRECTION('',(-1.E0,0.E0,0.E0));
#9302=DIRECTION('',(0.E0,0.E0,1.E0));
#9303=AXIS2_PLACEMENT_3D('',#9300,#9301,#9302);
#9304=PLANE('',#9303);
#9305=ORIENTED_EDGE('',*,*,#7658,.F.);
#9306=ORIENTED_EDGE('',*,*,#9295,.T.);
#9307=ORIENTED_EDGE('',*,*,#7600,.T.);
#9309=ORIENTED_EDGE('',*,*,#9308,.F.);
#9310=EDGE_LOOP('',(#9305,#9306,#9307,#9309));
#9311=FACE_OUTER_BOUND('',#9310,.F.);
#9313=CARTESIAN_POINT('',(-2.265999999408E1,1.05E1,2.532999998300E1));
#9314=DIRECTION('',(0.E0,1.E0,0.E0));
#9315=DIRECTION('',(0.E0,0.E0,1.E0));
#9316=AXIS2_PLACEMENT_3D('',#9313,#9314,#9315);
#9317=CYLINDRICAL_SURFACE('',#9316,1.15E0);
#9318=ORIENTED_EDGE('',*,*,#7660,.F.);
#9319=ORIENTED_EDGE('',*,*,#9308,.T.);
#9320=ORIENTED_EDGE('',*,*,#7598,.T.);
#9322=ORIENTED_EDGE('',*,*,#9321,.F.);
#9323=EDGE_LOOP('',(#9318,#9319,#9320,#9322));
#9324=FACE_OUTER_BOUND('',#9323,.F.);
#9326=CARTESIAN_POINT('',(-2.265999999408E1,1.05E1,2.647999998300E1));
#9327=DIRECTION('',(0.E0,0.E0,1.E0));
#9328=DIRECTION('',(1.E0,0.E0,0.E0));
#9329=AXIS2_PLACEMENT_3D('',#9326,#9327,#9328);
#9330=PLANE('',#9329);
#9331=ORIENTED_EDGE('',*,*,#7662,.F.);
#9332=ORIENTED_EDGE('',*,*,#9321,.T.);
#9333=ORIENTED_EDGE('',*,*,#7596,.T.);
#9335=ORIENTED_EDGE('',*,*,#9334,.F.);
#9336=EDGE_LOOP('',(#9331,#9332,#9333,#9335));
#9337=FACE_OUTER_BOUND('',#9336,.F.);
#9339=CARTESIAN_POINT('',(2.265999999408E1,1.05E1,2.532999998300E1));
#9340=DIRECTION('',(0.E0,1.E0,0.E0));
#9341=DIRECTION('',(0.E0,0.E0,1.E0));
#9342=AXIS2_PLACEMENT_3D('',#9339,#9340,#9341);
#9343=CYLINDRICAL_SURFACE('',#9342,1.15E0);
#9344=ORIENTED_EDGE('',*,*,#7664,.F.);
#9345=ORIENTED_EDGE('',*,*,#9334,.T.);
#9346=ORIENTED_EDGE('',*,*,#7594,.T.);
#9348=ORIENTED_EDGE('',*,*,#9347,.F.);
#9349=EDGE_LOOP('',(#9344,#9345,#9346,#9348));
#9350=FACE_OUTER_BOUND('',#9349,.F.);
#9352=CARTESIAN_POINT('',(2.380999999408E1,1.05E1,2.532999998300E1));
#9353=DIRECTION('',(1.E0,0.E0,0.E0));
#9354=DIRECTION('',(0.E0,0.E0,-1.E0));
#9355=AXIS2_PLACEMENT_3D('',#9352,#9353,#9354);
#9356=PLANE('',#9355);
#9357=ORIENTED_EDGE('',*,*,#7666,.F.);
#9358=ORIENTED_EDGE('',*,*,#9347,.T.);
#9359=ORIENTED_EDGE('',*,*,#7592,.T.);
#9361=ORIENTED_EDGE('',*,*,#9360,.F.);
#9362=EDGE_LOOP('',(#9357,#9358,#9359,#9361));
#9363=FACE_OUTER_BOUND('',#9362,.F.);
#9365=CARTESIAN_POINT('',(2.265999999408E1,1.05E1,-4.065E1));
#9366=DIRECTION('',(0.E0,1.E0,0.E0));
#9367=DIRECTION('',(0.E0,0.E0,1.E0));
#9368=AXIS2_PLACEMENT_3D('',#9365,#9366,#9367);
#9369=CYLINDRICAL_SURFACE('',#9368,1.15E0);
#9370=ORIENTED_EDGE('',*,*,#7668,.F.);
#9371=ORIENTED_EDGE('',*,*,#9360,.T.);
#9372=ORIENTED_EDGE('',*,*,#7590,.T.);
#9373=ORIENTED_EDGE('',*,*,#7624,.F.);
#9374=EDGE_LOOP('',(#9370,#9371,#9372,#9373));
#9375=FACE_OUTER_BOUND('',#9374,.F.);
#9377=CARTESIAN_POINT('',(-1.76E1,1.05E1,4.14E1));
#9378=DIRECTION('',(0.E0,1.E0,0.E0));
#9379=DIRECTION('',(0.E0,0.E0,1.E0));
#9380=AXIS2_PLACEMENT_3D('',#9377,#9378,#9379);
#9381=CYLINDRICAL_SURFACE('',#9380,9.E-1);
#9382=ORIENTED_EDGE('',*,*,#7672,.F.);
#9384=ORIENTED_EDGE('',*,*,#9383,.T.);
#9385=ORIENTED_EDGE('',*,*,#6833,.T.);
#9387=ORIENTED_EDGE('',*,*,#9386,.F.);
#9388=EDGE_LOOP('',(#9382,#9384,#9385,#9387));
#9389=FACE_OUTER_BOUND('',#9388,.F.);
#9391=CARTESIAN_POINT('',(-1.76E1,1.05E1,4.14E1));
#9392=DIRECTION('',(0.E0,1.E0,0.E0));
#9393=DIRECTION('',(0.E0,0.E0,1.E0));
#9394=AXIS2_PLACEMENT_3D('',#9391,#9392,#9393);
#9395=CYLINDRICAL_SURFACE('',#9394,9.E-1);
#9396=ORIENTED_EDGE('',*,*,#7674,.F.);
#9397=ORIENTED_EDGE('',*,*,#9386,.T.);
#9398=ORIENTED_EDGE('',*,*,#6835,.T.);
#9399=ORIENTED_EDGE('',*,*,#9383,.F.);
#9400=EDGE_LOOP('',(#9396,#9397,#9398,#9399));
#9401=FACE_OUTER_BOUND('',#9400,.F.);
#9403=CARTESIAN_POINT('',(2.265999999408E1,8.5E0,2.782999998300E1));
#9404=DIRECTION('',(0.E0,0.E0,1.E0));
#9405=DIRECTION('',(-1.E0,0.E0,0.E0));
#9406=AXIS2_PLACEMENT_3D('',#9403,#9404,#9405);
#9407=PLANE('',#9406);
#9408=ORIENTED_EDGE('',*,*,#7546,.T.);
#9409=ORIENTED_EDGE('',*,*,#7533,.F.);
#9410=ORIENTED_EDGE('',*,*,#7177,.T.);
#9412=ORIENTED_EDGE('',*,*,#9411,.F.);
#9413=ORIENTED_EDGE('',*,*,#6878,.F.);
#9415=ORIENTED_EDGE('',*,*,#9414,.T.);
#9416=ORIENTED_EDGE('',*,*,#7157,.T.);
#9417=ORIENTED_EDGE('',*,*,#7577,.T.);
#9418=EDGE_LOOP('',(#9408,#9409,#9410,#9412,#9413,#9415,#9416,#9417));
#9419=FACE_OUTER_BOUND('',#9418,.F.);
#9421=CARTESIAN_POINT('',(-2.265999999408E1,8.5E0,2.532999998300E1));
#9422=DIRECTION('',(0.E0,-1.E0,0.E0));
#9423=DIRECTION('',(1.E0,0.E0,0.E0));
#9424=AXIS2_PLACEMENT_3D('',#9421,#9422,#9423);
#9425=CYLINDRICAL_SURFACE('',#9424,2.5E0);
#9426=ORIENTED_EDGE('',*,*,#6880,.F.);
#9427=ORIENTED_EDGE('',*,*,#9411,.T.);
#9428=ORIENTED_EDGE('',*,*,#7175,.T.);
#9430=ORIENTED_EDGE('',*,*,#9429,.F.);
#9431=EDGE_LOOP('',(#9426,#9427,#9428,#9430));
#9432=FACE_OUTER_BOUND('',#9431,.F.);
#9434=CARTESIAN_POINT('',(-2.515999999408E1,8.5E0,2.532999998300E1));
#9435=DIRECTION('',(-1.E0,0.E0,0.E0));
#9436=DIRECTION('',(0.E0,0.E0,-1.E0));
#9437=AXIS2_PLACEMENT_3D('',#9434,#9435,#9436);
#9438=PLANE('',#9437);
#9439=ORIENTED_EDGE('',*,*,#6882,.F.);
#9440=ORIENTED_EDGE('',*,*,#9429,.T.);
#9441=ORIENTED_EDGE('',*,*,#7173,.T.);
#9443=ORIENTED_EDGE('',*,*,#9442,.T.);
#9444=EDGE_LOOP('',(#9439,#9440,#9441,#9443));
#9445=FACE_OUTER_BOUND('',#9444,.F.);
#9447=CARTESIAN_POINT('',(-2.4E1,0.E0,-4.2E1));
#9448=DIRECTION('',(0.E0,1.E0,0.E0));
#9449=DIRECTION('',(-1.E0,0.E0,0.E0));
#9450=AXIS2_PLACEMENT_3D('',#9447,#9448,#9449);
#9451=CYLINDRICAL_SURFACE('',#9450,2.5E0);
#9452=ORIENTED_EDGE('',*,*,#7171,.T.);
#9454=ORIENTED_EDGE('',*,*,#9453,.F.);
#9455=ORIENTED_EDGE('',*,*,#6744,.F.);
#9457=ORIENTED_EDGE('',*,*,#9456,.T.);
#9458=ORIENTED_EDGE('',*,*,#6884,.T.);
#9459=ORIENTED_EDGE('',*,*,#9442,.F.);
#9460=EDGE_LOOP('',(#9452,#9454,#9455,#9457,#9458,#9459));
#9461=FACE_OUTER_BOUND('',#9460,.F.);
#9463=CARTESIAN_POINT('',(-2.4E1,0.E0,-4.2E1));
#9464=DIRECTION('',(0.E0,1.E0,0.E0));
#9465=DIRECTION('',(-1.E0,0.E0,0.E0));
#9466=AXIS2_PLACEMENT_3D('',#9463,#9464,#9465);
#9467=CYLINDRICAL_SURFACE('',#9466,2.5E0);
#9468=ORIENTED_EDGE('',*,*,#7169,.T.);
#9470=ORIENTED_EDGE('',*,*,#9469,.T.);
#9471=ORIENTED_EDGE('',*,*,#6886,.T.);
#9472=ORIENTED_EDGE('',*,*,#9456,.F.);
#9473=ORIENTED_EDGE('',*,*,#6746,.F.);
#9474=ORIENTED_EDGE('',*,*,#9453,.T.);
#9475=EDGE_LOOP('',(#9468,#9470,#9471,#9472,#9473,#9474));
#9476=FACE_OUTER_BOUND('',#9475,.F.);
#9478=CARTESIAN_POINT('',(-2.265999999408E1,8.5E0,-4.315E1));
#9479=DIRECTION('',(0.E0,0.E0,-1.E0));
#9480=DIRECTION('',(1.E0,0.E0,0.E0));
#9481=AXIS2_PLACEMENT_3D('',#9478,#9479,#9480);
#9482=PLANE('',#9481);
#9483=ORIENTED_EDGE('',*,*,#6888,.F.);
#9484=ORIENTED_EDGE('',*,*,#9469,.F.);
#9485=ORIENTED_EDGE('',*,*,#7167,.T.);
#9487=ORIENTED_EDGE('',*,*,#9486,.T.);
#9488=EDGE_LOOP('',(#9483,#9484,#9485,#9487));
#9489=FACE_OUTER_BOUND('',#9488,.F.);
#9491=CARTESIAN_POINT('',(2.4E1,0.E0,-4.2E1));
#9492=DIRECTION('',(0.E0,1.E0,0.E0));
#9493=DIRECTION('',(-1.E0,0.E0,0.E0));
#9494=AXIS2_PLACEMENT_3D('',#9491,#9492,#9493);
#9495=CYLINDRICAL_SURFACE('',#9494,2.5E0);
#9496=ORIENTED_EDGE('',*,*,#7165,.T.);
#9498=ORIENTED_EDGE('',*,*,#9497,.F.);
#9499=ORIENTED_EDGE('',*,*,#6728,.F.);
#9501=ORIENTED_EDGE('',*,*,#9500,.T.);
#9502=ORIENTED_EDGE('',*,*,#6890,.T.);
#9503=ORIENTED_EDGE('',*,*,#9486,.F.);
#9504=EDGE_LOOP('',(#9496,#9498,#9499,#9501,#9502,#9503));
#9505=FACE_OUTER_BOUND('',#9504,.F.);
#9507=CARTESIAN_POINT('',(2.4E1,0.E0,-4.2E1));
#9508=DIRECTION('',(0.E0,1.E0,0.E0));
#9509=DIRECTION('',(-1.E0,0.E0,0.E0));
#9510=AXIS2_PLACEMENT_3D('',#9507,#9508,#9509);
#9511=CYLINDRICAL_SURFACE('',#9510,2.5E0);
#9512=ORIENTED_EDGE('',*,*,#7163,.T.);
#9514=ORIENTED_EDGE('',*,*,#9513,.T.);
#9515=ORIENTED_EDGE('',*,*,#6872,.T.);
#9516=ORIENTED_EDGE('',*,*,#9500,.F.);
#9517=ORIENTED_EDGE('',*,*,#6726,.F.);
#9518=ORIENTED_EDGE('',*,*,#9497,.T.);
#9519=EDGE_LOOP('',(#9512,#9514,#9515,#9516,#9517,#9518));
#9520=FACE_OUTER_BOUND('',#9519,.F.);
#9522=CARTESIAN_POINT('',(2.515999999408E1,8.5E0,-4.065E1));
#9523=DIRECTION('',(1.E0,0.E0,0.E0));
#9524=DIRECTION('',(0.E0,0.E0,1.E0));
#9525=AXIS2_PLACEMENT_3D('',#9522,#9523,#9524);
#9526=PLANE('',#9525);
#9527=ORIENTED_EDGE('',*,*,#6874,.F.);
#9528=ORIENTED_EDGE('',*,*,#9513,.F.);
#9529=ORIENTED_EDGE('',*,*,#7161,.T.);
#9531=ORIENTED_EDGE('',*,*,#9530,.F.);
#9532=EDGE_LOOP('',(#9527,#9528,#9529,#9531));
#9533=FACE_OUTER_BOUND('',#9532,.F.);
#9535=CARTESIAN_POINT('',(2.265999999408E1,8.5E0,2.532999998300E1));
#9536=DIRECTION('',(0.E0,-1.E0,0.E0));
#9537=DIRECTION('',(1.E0,0.E0,0.E0));
#9538=AXIS2_PLACEMENT_3D('',#9535,#9536,#9537);
#9539=CYLINDRICAL_SURFACE('',#9538,2.5E0);
#9540=ORIENTED_EDGE('',*,*,#6876,.F.);
#9541=ORIENTED_EDGE('',*,*,#9530,.T.);
#9542=ORIENTED_EDGE('',*,*,#7159,.T.);
#9543=ORIENTED_EDGE('',*,*,#9414,.F.);
#9544=EDGE_LOOP('',(#9540,#9541,#9542,#9543));
#9545=FACE_OUTER_BOUND('',#9544,.F.);
#9547=CARTESIAN_POINT('',(-2.199999852E1,6.7E0,4.5998649E0));
#9548=DIRECTION('',(0.E0,-1.E0,0.E0));
#9549=DIRECTION('',(0.E0,0.E0,-1.E0));
#9550=AXIS2_PLACEMENT_3D('',#9547,#9548,#9549);
#9551=CYLINDRICAL_SURFACE('',#9550,7.5E-1);
#9552=ORIENTED_EDGE('',*,*,#7189,.F.);
#9554=ORIENTED_EDGE('',*,*,#9553,.T.);
#9555=ORIENTED_EDGE('',*,*,#7359,.T.);
#9557=ORIENTED_EDGE('',*,*,#9556,.F.);
#9558=ORIENTED_EDGE('',*,*,#7185,.F.);
#9559=ORIENTED_EDGE('',*,*,#7424,.F.);
#9560=EDGE_LOOP('',(#9552,#9554,#9555,#9557,#9558,#9559));
#9561=FACE_OUTER_BOUND('',#9560,.F.);
#9563=CARTESIAN_POINT('',(-2.199999852E1,6.7E0,4.5998649E0));
#9564=DIRECTION('',(0.E0,-1.E0,0.E0));
#9565=DIRECTION('',(0.E0,0.E0,-1.E0));
#9566=AXIS2_PLACEMENT_3D('',#9563,#9564,#9565);
#9567=CYLINDRICAL_SURFACE('',#9566,7.5E-1);
#9568=ORIENTED_EDGE('',*,*,#7187,.F.);
#9569=ORIENTED_EDGE('',*,*,#9556,.T.);
#9570=ORIENTED_EDGE('',*,*,#7361,.T.);
#9571=ORIENTED_EDGE('',*,*,#9553,.F.);
#9572=EDGE_LOOP('',(#9568,#9569,#9570,#9571));
#9573=FACE_OUTER_BOUND('',#9572,.F.);
#9575=CARTESIAN_POINT('',(-2.20000036E1,6.7E0,-3.440013584E1));
#9576=DIRECTION('',(0.E0,-1.E0,0.E0));
#9577=DIRECTION('',(0.E0,0.E0,-1.E0));
#9578=AXIS2_PLACEMENT_3D('',#9575,#9576,#9577);
#9579=CYLINDRICAL_SURFACE('',#9578,7.5E-1);
#9580=ORIENTED_EDGE('',*,*,#7197,.F.);
#9582=ORIENTED_EDGE('',*,*,#9581,.T.);
#9583=ORIENTED_EDGE('',*,*,#7347,.T.);
#9585=ORIENTED_EDGE('',*,*,#9584,.F.);
#9586=ORIENTED_EDGE('',*,*,#7193,.F.);
#9587=ORIENTED_EDGE('',*,*,#7436,.F.);
#9588=EDGE_LOOP('',(#9580,#9582,#9583,#9585,#9586,#9587));
#9589=FACE_OUTER_BOUND('',#9588,.F.);
#9591=CARTESIAN_POINT('',(-2.20000036E1,6.7E0,-3.440013584E1));
#9592=DIRECTION('',(0.E0,-1.E0,0.E0));
#9593=DIRECTION('',(0.E0,0.E0,-1.E0));
#9594=AXIS2_PLACEMENT_3D('',#9591,#9592,#9593);
#9595=CYLINDRICAL_SURFACE('',#9594,7.5E-1);
#9596=ORIENTED_EDGE('',*,*,#7195,.F.);
#9597=ORIENTED_EDGE('',*,*,#9584,.T.);
#9598=ORIENTED_EDGE('',*,*,#7349,.T.);
#9599=ORIENTED_EDGE('',*,*,#9581,.F.);
#9600=EDGE_LOOP('',(#9596,#9597,#9598,#9599));
#9601=FACE_OUTER_BOUND('',#9600,.F.);
#9603=CARTESIAN_POINT('',(2.4E1,0.E0,4.2E1));
#9604=DIRECTION('',(0.E0,1.E0,0.E0));
#9605=DIRECTION('',(-1.E0,0.E0,0.E0));
#9606=AXIS2_PLACEMENT_3D('',#9603,#9604,#9605);
#9607=CYLINDRICAL_SURFACE('',#9606,2.5E0);
#9608=ORIENTED_EDGE('',*,*,#6868,.T.);
#9609=ORIENTED_EDGE('',*,*,#6767,.F.);
#9610=ORIENTED_EDGE('',*,*,#6694,.F.);
#9611=ORIENTED_EDGE('',*,*,#6764,.T.);
#9612=EDGE_LOOP('',(#9608,#9609,#9610,#9611));
#9613=FACE_OUTER_BOUND('',#9612,.F.);
#9615=CARTESIAN_POINT('',(-9.881765520913E0,8.5E0,3.459999815518E1));
#9616=DIRECTION('',(0.E0,-1.E0,0.E0));
#9617=DIRECTION('',(0.E0,0.E0,-1.E0));
#9618=AXIS2_PLACEMENT_3D('',#9615,#9616,#9617);
#9619=CYLINDRICAL_SURFACE('',#9618,3.5E0);
#9620=ORIENTED_EDGE('',*,*,#6894,.F.);
#9622=ORIENTED_EDGE('',*,*,#9621,.T.);
#9624=ORIENTED_EDGE('',*,*,#9623,.T.);
#9626=ORIENTED_EDGE('',*,*,#9625,.F.);
#9627=EDGE_LOOP('',(#9620,#9622,#9624,#9626));
#9628=FACE_OUTER_BOUND('',#9627,.F.);
#9630=CARTESIAN_POINT('',(-9.881765520913E0,8.5E0,3.459999815518E1));
#9631=DIRECTION('',(0.E0,-1.E0,0.E0));
#9632=DIRECTION('',(0.E0,0.E0,-1.E0));
#9633=AXIS2_PLACEMENT_3D('',#9630,#9631,#9632);
#9634=CYLINDRICAL_SURFACE('',#9633,3.5E0);
#9635=ORIENTED_EDGE('',*,*,#6896,.F.);
#9636=ORIENTED_EDGE('',*,*,#9625,.T.);
#9638=ORIENTED_EDGE('',*,*,#9637,.T.);
#9639=ORIENTED_EDGE('',*,*,#9621,.F.);
#9640=EDGE_LOOP('',(#9635,#9636,#9638,#9639));
#9641=FACE_OUTER_BOUND('',#9640,.F.);
#9643=CARTESIAN_POINT('',(0.E0,2.5E0,0.E0));
#9644=DIRECTION('',(0.E0,-1.E0,0.E0));
#9645=DIRECTION('',(0.E0,0.E0,-1.E0));
#9646=AXIS2_PLACEMENT_3D('',#9643,#9644,#9645);
#9647=PLANE('',#9646);
#9648=ORIENTED_EDGE('',*,*,#9623,.F.);
#9649=ORIENTED_EDGE('',*,*,#9637,.F.);
#9650=EDGE_LOOP('',(#9648,#9649));
#9651=FACE_OUTER_BOUND('',#9650,.F.);
#9653=ORIENTED_EDGE('',*,*,#9652,.F.);
#9655=ORIENTED_EDGE('',*,*,#9654,.F.);
#9656=EDGE_LOOP('',(#9653,#9655));
#9657=FACE_BOUND('',#9656,.F.);
#9659=CARTESIAN_POINT('',(0.E0,2.5E0,0.E0));
#9660=DIRECTION('',(0.E0,-1.E0,0.E0));
#9661=DIRECTION('',(0.E0,0.E0,-1.E0));
#9662=AXIS2_PLACEMENT_3D('',#9659,#9660,#9661);
#9663=PLANE('',#9662);
#9665=ORIENTED_EDGE('',*,*,#9664,.F.);
#9667=ORIENTED_EDGE('',*,*,#9666,.F.);
#9668=EDGE_LOOP('',(#9665,#9667));
#9669=FACE_OUTER_BOUND('',#9668,.F.);
#9671=ORIENTED_EDGE('',*,*,#9670,.F.);
#9673=ORIENTED_EDGE('',*,*,#9672,.F.);
#9674=EDGE_LOOP('',(#9671,#9673));
#9675=FACE_BOUND('',#9674,.F.);
#9677=CARTESIAN_POINT('',(0.E0,2.5E0,0.E0));
#9678=DIRECTION('',(0.E0,-1.E0,0.E0));
#9679=DIRECTION('',(0.E0,0.E0,-1.E0));
#9680=AXIS2_PLACEMENT_3D('',#9677,#9678,#9679);
#9681=PLANE('',#9680);
#9683=ORIENTED_EDGE('',*,*,#9682,.F.);
#9685=ORIENTED_EDGE('',*,*,#9684,.F.);
#9686=EDGE_LOOP('',(#9683,#9685));
#9687=FACE_OUTER_BOUND('',#9686,.F.);
#9689=ORIENTED_EDGE('',*,*,#9688,.F.);
#9691=ORIENTED_EDGE('',*,*,#9690,.F.);
#9692=EDGE_LOOP('',(#9689,#9691));
#9693=FACE_BOUND('',#9692,.F.);
#9695=CARTESIAN_POINT('',(-9.881765520913E0,8.5E0,3.459999815518E1));
#9696=DIRECTION('',(0.E0,-1.E0,0.E0));
#9697=DIRECTION('',(0.E0,0.E0,-1.E0));
#9698=AXIS2_PLACEMENT_3D('',#9695,#9696,#9697);
#9699=CYLINDRICAL_SURFACE('',#9698,2.5E0);
#9701=ORIENTED_EDGE('',*,*,#9700,.F.);
#9703=ORIENTED_EDGE('',*,*,#9702,.T.);
#9704=ORIENTED_EDGE('',*,*,#9652,.T.);
#9706=ORIENTED_EDGE('',*,*,#9705,.F.);
#9707=EDGE_LOOP('',(#9701,#9703,#9704,#9706));
#9708=FACE_OUTER_BOUND('',#9707,.F.);
#9710=CARTESIAN_POINT('',(-9.881765520913E0,9.103553396966E0,3.459999815518E1));
#9711=DIRECTION('',(0.E0,-1.E0,0.E0));
#9712=DIRECTION('',(0.E0,0.E0,-1.E0));
#9713=AXIS2_PLACEMENT_3D('',#9710,#9711,#9712);
#9714=CONICAL_SURFACE('',#9713,1.896446603034E0,4.5E1);
#9716=ORIENTED_EDGE('',*,*,#9715,.F.);
#9718=ORIENTED_EDGE('',*,*,#9717,.F.);
#9719=ORIENTED_EDGE('',*,*,#9700,.T.);
#9721=ORIENTED_EDGE('',*,*,#9720,.T.);
#9722=EDGE_LOOP('',(#9716,#9718,#9719,#9721));
#9723=FACE_OUTER_BOUND('',#9722,.F.);
#9725=CARTESIAN_POINT('',(-9.786952560535E0,9.992808061201E0,3.505632177766E1));
#9726=CARTESIAN_POINT('',(-9.714711905414E0,1.003562888830E1,3.540400755084E1));
#9727=CARTESIAN_POINT('',(-9.647486763657E0,9.898749206753E0,3.572755424832E1));
#9728=CARTESIAN_POINT('',(-9.602564571914E0,9.617368627328E0,3.594375947158E1));
#9729=CARTESIAN_POINT('',(-1.009989782202E1,9.992808061201E0,3.512134419863E1));
#9730=CARTESIAN_POINT('',(-1.026609894338E1,1.003562888830E1,3.551857237897E1));
#9731=CARTESIAN_POINT('',(-1.042076107823E1,9.898749206753E0,3.588822186081E1));
#9732=CARTESIAN_POINT('',(-1.052411172794E1,9.617368627328E0,3.613523457759E1));
#9733=CARTESIAN_POINT('',(-1.034783500436E1,9.992808061201E0,3.491962705626E1));
#9734=CARTESIAN_POINT('',(-1.070294642248E1,1.003562888830E1,3.516316128532E1));
#9735=CARTESIAN_POINT('',(-1.103340321835E1,9.898749206753E0,3.538978745646E1));
#9736=CARTESIAN_POINT('',(-1.125422601111E1,9.617368627328E0,3.554122699303E1));
#9737=CARTESIAN_POINT('',(-1.034783498558E1,9.992808061201E0,3.459999812780E1));
#9738=CARTESIAN_POINT('',(-1.070294638940E1,1.003562888830E1,3.459999810693E1));
#9739=CARTESIAN_POINT('',(-1.103340317195E1,9.898749206753E0,3.459999808752E1));
#9740=CARTESIAN_POINT('',(-1.125422595582E1,9.617368627328E0,3.459999807455E1));
#9741=CARTESIAN_POINT('',(-1.034783496680E1,9.992808061201E0,3.428036919933E1));
#9742=CARTESIAN_POINT('',(-1.070294635631E1,1.003562888830E1,3.403683492855E1));
#9743=CARTESIAN_POINT('',(-1.103340312555E1,9.898749206753E0,3.381020871858E1));
#9744=CARTESIAN_POINT('',(-1.125422590052E1,9.617368627328E0,3.365876915606E1));
#9745=CARTESIAN_POINT('',(-1.009989776076E1,9.992808061201E0,3.407865208609E1));
#9746=CARTESIAN_POINT('',(-1.026609883545E1,1.003562888830E1,3.368142388622E1));
#9747=CARTESIAN_POINT('',(-1.042076092687E1,9.898749206753E0,3.331177438621E1));
#9748=CARTESIAN_POINT('',(-1.052411154755E1,9.617368627328E0,3.306476165729E1));
#9749=CARTESIAN_POINT('',(-9.786952506919E0,9.992808061201E0,3.414367454383E1));
#9750=CARTESIAN_POINT('',(-9.714711810945E0,1.003562888830E1,3.379598877914E1));
#9751=CARTESIAN_POINT('',(-9.647486631173E0,9.898749206753E0,3.347244208956E1));
#9752=CARTESIAN_POINT('',(-9.602564414026E0,9.617368627328E0,3.325623687158E1));
#9753=(BOUNDED_SURFACE()B_SPLINE_SURFACE(3,3,((#9725,#9726,#9727,#9728),(#9729,
#9730,#9731,#9732),(#9733,#9734,#9735,#9736),(#9737,#9738,#9739,#9740),(#9741,
#9742,#9743,#9744),(#9745,#9746,#9747,#9748),(#9749,#9750,#9751,#9752)),
.UNSPECIFIED.,.F.,.F.,.F.)B_SPLINE_SURFACE_WITH_KNOTS((4,3,4),(4,4),(0.E0,1.E0,
2.E0),(0.E0,1.E0),.UNSPECIFIED.)GEOMETRIC_REPRESENTATION_ITEM()RATIONAL_B_SPLINE_SURFACE(((1.310413621780E0,1.198086140934E0,1.198086140934E0,1.310413621780E0),(
9.881373486836E-1,9.034351010407E-1,9.034351010407E-1,9.881373486836E-1),(
9.881373486836E-1,9.034351010407E-1,9.034351010407E-1,9.881373486836E-1),(
1.310413621780E0,1.198086140934E0,1.198086140934E0,1.310413621780E0),(
9.881373486836E-1,9.034351010407E-1,9.034351010407E-1,9.881373486836E-1),(
9.881373486836E-1,9.034351010407E-1,9.034351010407E-1,9.881373486836E-1),(
1.310413621780E0,1.198086140934E0,1.198086140934E0,1.310413621780E0)))REPRESENTATION_ITEM('')SURFACE());
#9755=ORIENTED_EDGE('',*,*,#9754,.F.);
#9757=ORIENTED_EDGE('',*,*,#9756,.T.);
#9758=ORIENTED_EDGE('',*,*,#9715,.T.);
#9760=ORIENTED_EDGE('',*,*,#9759,.F.);
#9761=EDGE_LOOP('',(#9755,#9757,#9758,#9760));
#9762=FACE_OUTER_BOUND('',#9761,.F.);
#9764=CARTESIAN_POINT('',(0.E0,1.E1,0.E0));
#9765=DIRECTION('',(0.E0,-1.E0,0.E0));
#9766=DIRECTION('',(0.E0,0.E0,-1.E0));
#9767=AXIS2_PLACEMENT_3D('',#9764,#9765,#9766);
#9768=PLANE('',#9767);
#9770=ORIENTED_EDGE('',*,*,#9769,.T.);
#9772=ORIENTED_EDGE('',*,*,#9771,.T.);
#9773=EDGE_LOOP('',(#9770,#9772));
#9774=FACE_OUTER_BOUND('',#9773,.F.);
#9776=CARTESIAN_POINT('',(0.E0,1.E1,0.E0));
#9777=DIRECTION('',(0.E0,-1.E0,0.E0));
#9778=DIRECTION('',(0.E0,0.E0,-1.E0));
#9779=AXIS2_PLACEMENT_3D('',#9776,#9777,#9778);
#9780=PLANE('',#9779);
#9782=ORIENTED_EDGE('',*,*,#9781,.T.);
#9784=ORIENTED_EDGE('',*,*,#9783,.T.);
#9785=EDGE_LOOP('',(#9782,#9784));
#9786=FACE_OUTER_BOUND('',#9785,.F.);
#9788=CARTESIAN_POINT('',(0.E0,1.E1,0.E0));
#9789=DIRECTION('',(0.E0,-1.E0,0.E0));
#9790=DIRECTION('',(0.E0,0.E0,-1.E0));
#9791=AXIS2_PLACEMENT_3D('',#9788,#9789,#9790);
#9792=PLANE('',#9791);
#9793=ORIENTED_EDGE('',*,*,#9754,.T.);
#9795=ORIENTED_EDGE('',*,*,#9794,.T.);
#9796=EDGE_LOOP('',(#9793,#9795));
#9797=FACE_OUTER_BOUND('',#9796,.F.);
#9799=CARTESIAN_POINT('',(2.206304743946E1,9.992808061201E0,3.505632177766E1));
#9800=CARTESIAN_POINT('',(2.213528809459E1,1.003562888830E1,3.540400755084E1));
#9801=CARTESIAN_POINT('',(2.220251323634E1,9.898749206753E0,3.572755424832E1));
#9802=CARTESIAN_POINT('',(2.224743542809E1,9.617368627328E0,3.594375947158E1));
#9803=CARTESIAN_POINT('',(2.175010217798E1,9.992808061201E0,3.512134419863E1));
#9804=CARTESIAN_POINT('',(2.158390105662E1,1.003562888830E1,3.551857237897E1));
#9805=CARTESIAN_POINT('',(2.142923892177E1,9.898749206753E0,3.588822186081E1));
#9806=CARTESIAN_POINT('',(2.132588827206E1,9.617368627328E0,3.613523457759E1));
#9807=CARTESIAN_POINT('',(2.150216499564E1,9.992808061201E0,3.491962705626E1));
#9808=CARTESIAN_POINT('',(2.114705357752E1,1.003562888830E1,3.516316128532E1));
#9809=CARTESIAN_POINT('',(2.081659678165E1,9.898749206753E0,3.538978745646E1));
#9810=CARTESIAN_POINT('',(2.059577398889E1,9.617368627328E0,3.554122699303E1));
#9811=CARTESIAN_POINT('',(2.150216501442E1,9.992808061201E0,3.459999812780E1));
#9812=CARTESIAN_POINT('',(2.114705361060E1,1.003562888830E1,3.459999810693E1));
#9813=CARTESIAN_POINT('',(2.081659682805E1,9.898749206753E0,3.459999808752E1));
#9814=CARTESIAN_POINT('',(2.059577404418E1,9.617368627328E0,3.459999807455E1));
#9815=CARTESIAN_POINT('',(2.150216503320E1,9.992808061201E0,3.428036919933E1));
#9816=CARTESIAN_POINT('',(2.114705364369E1,1.003562888830E1,3.403683492855E1));
#9817=CARTESIAN_POINT('',(2.081659687445E1,9.898749206753E0,3.381020871858E1));
#9818=CARTESIAN_POINT('',(2.059577409948E1,9.617368627328E0,3.365876915606E1));
#9819=CARTESIAN_POINT('',(2.175010223924E1,9.992808061201E0,3.407865208609E1));
#9820=CARTESIAN_POINT('',(2.158390116455E1,1.003562888830E1,3.368142388622E1));
#9821=CARTESIAN_POINT('',(2.142923907313E1,9.898749206753E0,3.331177438621E1));
#9822=CARTESIAN_POINT('',(2.132588845245E1,9.617368627328E0,3.306476165729E1));
#9823=CARTESIAN_POINT('',(2.206304749308E1,9.992808061201E0,3.414367454383E1));
#9824=CARTESIAN_POINT('',(2.213528818905E1,1.003562888830E1,3.379598877914E1));
#9825=CARTESIAN_POINT('',(2.220251336883E1,9.898749206753E0,3.347244208956E1));
#9826=CARTESIAN_POINT('',(2.224743558597E1,9.617368627328E0,3.325623687158E1));
#9827=(BOUNDED_SURFACE()B_SPLINE_SURFACE(3,3,((#9799,#9800,#9801,#9802),(#9803,
#9804,#9805,#9806),(#9807,#9808,#9809,#9810),(#9811,#9812,#9813,#9814),(#9815,
#9816,#9817,#9818),(#9819,#9820,#9821,#9822),(#9823,#9824,#9825,#9826)),
.UNSPECIFIED.,.F.,.F.,.F.)B_SPLINE_SURFACE_WITH_KNOTS((4,3,4),(4,4),(0.E0,1.E0,
2.E0),(0.E0,1.E0),.UNSPECIFIED.)GEOMETRIC_REPRESENTATION_ITEM()RATIONAL_B_SPLINE_SURFACE(((1.310413621780E0,1.198086140934E0,1.198086140934E0,1.310413621780E0),(
9.881373486836E-1,9.034351010407E-1,9.034351010407E-1,9.881373486836E-1),(
9.881373486836E-1,9.034351010407E-1,9.034351010407E-1,9.881373486836E-1),(
1.310413621780E0,1.198086140934E0,1.198086140934E0,1.310413621780E0),(
9.881373486836E-1,9.034351010407E-1,9.034351010407E-1,9.881373486836E-1),(
9.881373486836E-1,9.034351010407E-1,9.034351010407E-1,9.881373486836E-1),(
1.310413621780E0,1.198086140934E0,1.198086140934E0,1.310413621780E0)))REPRESENTATION_ITEM('')SURFACE());
#9828=ORIENTED_EDGE('',*,*,#9769,.F.);
#9830=ORIENTED_EDGE('',*,*,#9829,.T.);
#9832=ORIENTED_EDGE('',*,*,#9831,.T.);
#9834=ORIENTED_EDGE('',*,*,#9833,.F.);
#9835=EDGE_LOOP('',(#9828,#9830,#9832,#9834));
#9836=FACE_OUTER_BOUND('',#9835,.F.);
#9838=CARTESIAN_POINT('',(2.187342151871E1,9.992808061201E0,3.414367453269E1));
#9839=CARTESIAN_POINT('',(2.180118086359E1,1.003562888830E1,3.379598875951E1));
#9840=CARTESIAN_POINT('',(2.173395572183E1,9.898749206753E0,3.347244206204E1));
#9841=CARTESIAN_POINT('',(2.168903353009E1,9.617368627328E0,3.325623683878E1));
#9842=CARTESIAN_POINT('',(2.218636678019E1,9.992808061201E0,3.407865211172E1));
#9843=CARTESIAN_POINT('',(2.235256790156E1,1.003562888830E1,3.368142393138E1));
#9844=CARTESIAN_POINT('',(2.250723003641E1,9.898749206753E0,3.331177444954E1));
#9845=CARTESIAN_POINT('',(2.261058068611E1,9.617368627328E0,3.306476173277E1));
#9846=CARTESIAN_POINT('',(2.243430396253E1,9.992808061201E0,3.428036925409E1));
#9847=CARTESIAN_POINT('',(2.278941538066E1,1.003562888830E1,3.403683502504E1));
#9848=CARTESIAN_POINT('',(2.311987217652E1,9.898749206753E0,3.381020885390E1));
#9849=CARTESIAN_POINT('',(2.334069496929E1,9.617368627328E0,3.365876931732E1));
#9850=CARTESIAN_POINT('',(2.243430394375E1,9.992808061201E0,3.459999818256E1));
#9851=CARTESIAN_POINT('',(2.278941534757E1,1.003562888830E1,3.459999820342E1));
#9852=CARTESIAN_POINT('',(2.311987213012E1,9.898749206753E0,3.459999822283E1));
#9853=CARTESIAN_POINT('',(2.334069491399E1,9.617368627328E0,3.459999823581E1));
#9854=CARTESIAN_POINT('',(2.243430392498E1,9.992808061201E0,3.491962711102E1));
#9855=CARTESIAN_POINT('',(2.278941531449E1,1.003562888830E1,3.516316138180E1));
#9856=CARTESIAN_POINT('',(2.311987208372E1,9.898749206753E0,3.538978759177E1));
#9857=CARTESIAN_POINT('',(2.334069485869E1,9.617368627328E0,3.554122715429E1));
#9858=CARTESIAN_POINT('',(2.218636671893E1,9.992808061201E0,3.512134422426E1));
#9859=CARTESIAN_POINT('',(2.235256779363E1,1.003562888830E1,3.551857242413E1));
#9860=CARTESIAN_POINT('',(2.250722988504E1,9.898749206753E0,3.588822192414E1));
#9861=CARTESIAN_POINT('',(2.261058050573E1,9.617368627328E0,3.613523465306E1));
#9862=CARTESIAN_POINT('',(2.187342146509E1,9.992808061201E0,3.505632176652E1));
#9863=CARTESIAN_POINT('',(2.180118076912E1,1.003562888830E1,3.540400753121E1));
#9864=CARTESIAN_POINT('',(2.173395558935E1,9.898749206753E0,3.572755422079E1));
#9865=CARTESIAN_POINT('',(2.168903337220E1,9.617368627328E0,3.594375943877E1));
#9866=(BOUNDED_SURFACE()B_SPLINE_SURFACE(3,3,((#9838,#9839,#9840,#9841),(#9842,
#9843,#9844,#9845),(#9846,#9847,#9848,#9849),(#9850,#9851,#9852,#9853),(#9854,
#9855,#9856,#9857),(#9858,#9859,#9860,#9861),(#9862,#9863,#9864,#9865)),
.UNSPECIFIED.,.F.,.F.,.F.)B_SPLINE_SURFACE_WITH_KNOTS((4,3,4),(4,4),(0.E0,1.E0,
2.E0),(0.E0,1.E0),.UNSPECIFIED.)GEOMETRIC_REPRESENTATION_ITEM()RATIONAL_B_SPLINE_SURFACE(((1.310413621780E0,1.198086140934E0,1.198086140934E0,1.310413621780E0),(
9.881373486836E-1,9.034351010407E-1,9.034351010407E-1,9.881373486836E-1),(
9.881373486836E-1,9.034351010407E-1,9.034351010407E-1,9.881373486836E-1),(
1.310413621780E0,1.198086140934E0,1.198086140934E0,1.310413621780E0),(
9.881373486836E-1,9.034351010407E-1,9.034351010407E-1,9.881373486836E-1),(
9.881373486836E-1,9.034351010407E-1,9.034351010407E-1,9.881373486836E-1),(
1.310413621780E0,1.198086140934E0,1.198086140934E0,1.310413621780E0)))REPRESENTATION_ITEM('')SURFACE());
#9867=ORIENTED_EDGE('',*,*,#9771,.F.);
#9868=ORIENTED_EDGE('',*,*,#9833,.T.);
#9870=ORIENTED_EDGE('',*,*,#9869,.T.);
#9871=ORIENTED_EDGE('',*,*,#9829,.F.);
#9872=EDGE_LOOP('',(#9867,#9868,#9870,#9871));
#9873=FACE_OUTER_BOUND('',#9872,.F.);
#9875=CARTESIAN_POINT('',(2.196823447909E1,9.103553396966E0,3.459999815518E1));
#9876=DIRECTION('',(0.E0,-1.E0,0.E0));
#9877=DIRECTION('',(0.E0,0.E0,-1.E0));
#9878=AXIS2_PLACEMENT_3D('',#9875,#9876,#9877);
#9879=CONICAL_SURFACE('',#9878,1.896446603034E0,4.5E1);
#9880=ORIENTED_EDGE('',*,*,#9869,.F.);
#9882=ORIENTED_EDGE('',*,*,#9881,.F.);
#9884=ORIENTED_EDGE('',*,*,#9883,.T.);
#9886=ORIENTED_EDGE('',*,*,#9885,.T.);
#9887=EDGE_LOOP('',(#9880,#9882,#9884,#9886));
#9888=FACE_OUTER_BOUND('',#9887,.F.);
#9890=CARTESIAN_POINT('',(2.196823447909E1,9.103553396966E0,3.459999815518E1));
#9891=DIRECTION('',(0.E0,-1.E0,0.E0));
#9892=DIRECTION('',(0.E0,0.E0,-1.E0));
#9893=AXIS2_PLACEMENT_3D('',#9890,#9891,#9892);
#9894=CONICAL_SURFACE('',#9893,1.896446603034E0,4.5E1);
#9895=ORIENTED_EDGE('',*,*,#9831,.F.);
#9896=ORIENTED_EDGE('',*,*,#9885,.F.);
#9898=ORIENTED_EDGE('',*,*,#9897,.T.);
#9899=ORIENTED_EDGE('',*,*,#9881,.T.);
#9900=EDGE_LOOP('',(#9895,#9896,#9898,#9899));
#9901=FACE_OUTER_BOUND('',#9900,.F.);
#9903=CARTESIAN_POINT('',(2.196823447909E1,8.5E0,3.459999815518E1));
#9904=DIRECTION('',(0.E0,-1.E0,0.E0));
#9905=DIRECTION('',(0.E0,0.E0,-1.E0));
#9906=AXIS2_PLACEMENT_3D('',#9903,#9904,#9905);
#9907=CYLINDRICAL_SURFACE('',#9906,2.5E0);
#9908=ORIENTED_EDGE('',*,*,#9897,.F.);
#9910=ORIENTED_EDGE('',*,*,#9909,.T.);
#9911=ORIENTED_EDGE('',*,*,#9688,.T.);
#9913=ORIENTED_EDGE('',*,*,#9912,.F.);
#9914=EDGE_LOOP('',(#9908,#9910,#9911,#9913));
#9915=FACE_OUTER_BOUND('',#9914,.F.);
#9917=CARTESIAN_POINT('',(2.196823447909E1,8.5E0,3.459999815518E1));
#9918=DIRECTION('',(0.E0,-1.E0,0.E0));
#9919=DIRECTION('',(0.E0,0.E0,-1.E0));
#9920=AXIS2_PLACEMENT_3D('',#9917,#9918,#9919);
#9921=CYLINDRICAL_SURFACE('',#9920,2.5E0);
#9922=ORIENTED_EDGE('',*,*,#9883,.F.);
#9923=ORIENTED_EDGE('',*,*,#9912,.T.);
#9924=ORIENTED_EDGE('',*,*,#9690,.T.);
#9925=ORIENTED_EDGE('',*,*,#9909,.F.);
#9926=EDGE_LOOP('',(#9922,#9923,#9924,#9925));
#9927=FACE_OUTER_BOUND('',#9926,.F.);
#9929=CARTESIAN_POINT('',(8.213047439465E0,9.992808061201E0,3.505632177766E1));
#9930=CARTESIAN_POINT('',(8.285288094586E0,1.003562888830E1,3.540400755084E1));
#9931=CARTESIAN_POINT('',(8.352513236343E0,9.898749206753E0,3.572755424832E1));
#9932=CARTESIAN_POINT('',(8.397435428086E0,9.617368627328E0,3.594375947158E1));
#9933=CARTESIAN_POINT('',(7.900102177983E0,9.992808061201E0,3.512134419863E1));
#9934=CARTESIAN_POINT('',(7.733901056616E0,1.003562888830E1,3.551857237897E1));
#9935=CARTESIAN_POINT('',(7.579238921768E0,9.898749206753E0,3.588822186081E1));
#9936=CARTESIAN_POINT('',(7.475888272061E0,9.617368627328E0,3.613523457759E1));
#9937=CARTESIAN_POINT('',(7.652164995642E0,9.992808061201E0,3.491962705626E1));
#9938=CARTESIAN_POINT('',(7.297053577519E0,1.003562888830E1,3.516316128532E1));
#9939=CARTESIAN_POINT('',(6.966596781654E0,9.898749206753E0,3.538978745646E1));
#9940=CARTESIAN_POINT('',(6.745773988888E0,9.617368627328E0,3.554122699303E1));
#9941=CARTESIAN_POINT('',(7.652165014420E0,9.992808061201E0,3.459999812780E1));
#9942=CARTESIAN_POINT('',(7.297053610604E0,1.003562888830E1,3.459999810693E1));
#9943=CARTESIAN_POINT('',(6.966596828053E0,9.898749206753E0,3.459999808752E1));
#9944=CARTESIAN_POINT('',(6.745774044184E0,9.617368627328E0,3.459999807455E1));
#9945=CARTESIAN_POINT('',(7.652165033198E0,9.992808061201E0,3.428036919933E1));
#9946=CARTESIAN_POINT('',(7.297053643689E0,1.003562888830E1,3.403683492855E1));
#9947=CARTESIAN_POINT('',(6.966596874452E0,9.898749206753E0,3.381020871858E1));
#9948=CARTESIAN_POINT('',(6.745774099479E0,9.617368627328E0,3.365876915606E1));
#9949=CARTESIAN_POINT('',(7.900102239240E0,9.992808061201E0,3.407865208609E1));
#9950=CARTESIAN_POINT('',(7.733901164546E0,1.003562888830E1,3.368142388622E1));
#9951=CARTESIAN_POINT('',(7.579239073130E0,9.898749206753E0,3.331177438621E1));
#9952=CARTESIAN_POINT('',(7.475888452447E0,9.617368627328E0,3.306476165729E1));
#9953=CARTESIAN_POINT('',(8.213047493081E0,9.992808061201E0,3.414367454383E1));
#9954=CARTESIAN_POINT('',(8.285288189055E0,1.003562888830E1,3.379598877914E1));
#9955=CARTESIAN_POINT('',(8.352513368827E0,9.898749206753E0,3.347244208956E1));
#9956=CARTESIAN_POINT('',(8.397435585974E0,9.617368627328E0,3.325623687158E1));
#9957=(BOUNDED_SURFACE()B_SPLINE_SURFACE(3,3,((#9929,#9930,#9931,#9932),(#9933,
#9934,#9935,#9936),(#9937,#9938,#9939,#9940),(#9941,#9942,#9943,#9944),(#9945,
#9946,#9947,#9948),(#9949,#9950,#9951,#9952),(#9953,#9954,#9955,#9956)),
.UNSPECIFIED.,.F.,.F.,.F.)B_SPLINE_SURFACE_WITH_KNOTS((4,3,4),(4,4),(0.E0,1.E0,
2.E0),(0.E0,1.E0),.UNSPECIFIED.)GEOMETRIC_REPRESENTATION_ITEM()RATIONAL_B_SPLINE_SURFACE(((1.310413621780E0,1.198086140934E0,1.198086140934E0,1.310413621780E0),(
9.881373486836E-1,9.034351010407E-1,9.034351010407E-1,9.881373486836E-1),(
9.881373486836E-1,9.034351010407E-1,9.034351010407E-1,9.881373486836E-1),(
1.310413621780E0,1.198086140934E0,1.198086140934E0,1.310413621780E0),(
9.881373486836E-1,9.034351010407E-1,9.034351010407E-1,9.881373486836E-1),(
9.881373486836E-1,9.034351010407E-1,9.034351010407E-1,9.881373486836E-1),(
1.310413621780E0,1.198086140934E0,1.198086140934E0,1.310413621780E0)))REPRESENTATION_ITEM('')SURFACE());
#9958=ORIENTED_EDGE('',*,*,#9781,.F.);
#9960=ORIENTED_EDGE('',*,*,#9959,.T.);
#9962=ORIENTED_EDGE('',*,*,#9961,.T.);
#9964=ORIENTED_EDGE('',*,*,#9963,.F.);
#9965=EDGE_LOOP('',(#9958,#9960,#9962,#9964));
#9966=FACE_OUTER_BOUND('',#9965,.F.);
#9968=CARTESIAN_POINT('',(8.023421518710E0,9.992808061201E0,3.414367453269E1));
#9969=CARTESIAN_POINT('',(7.951180863588E0,1.003562888830E1,3.379598875951E1));
#9970=CARTESIAN_POINT('',(7.883955721832E0,9.898749206753E0,3.347244206204E1));
#9971=CARTESIAN_POINT('',(7.839033530089E0,9.617368627328E0,3.325623683878E1));
#9972=CARTESIAN_POINT('',(8.336366780191E0,9.992808061201E0,3.407865211172E1));
#9973=CARTESIAN_POINT('',(8.502567901558E0,1.003562888830E1,3.368142393138E1));
#9974=CARTESIAN_POINT('',(8.657230036407E0,9.898749206753E0,3.331177444954E1));
#9975=CARTESIAN_POINT('',(8.760580686113E0,9.617368627328E0,3.306476173277E1));
#9976=CARTESIAN_POINT('',(8.584303962532E0,9.992808061201E0,3.428036925409E1));
#9977=CARTESIAN_POINT('',(8.939415380655E0,1.003562888830E1,3.403683502504E1));
#9978=CARTESIAN_POINT('',(9.269872176520E0,9.898749206753E0,3.381020885390E1));
#9979=CARTESIAN_POINT('',(9.490694969286E0,9.617368627328E0,3.365876931732E1));
#9980=CARTESIAN_POINT('',(8.584303943754E0,9.992808061201E0,3.459999818256E1));
#9981=CARTESIAN_POINT('',(8.939415347570E0,1.003562888830E1,3.459999820342E1));
#9982=CARTESIAN_POINT('',(9.269872130121E0,9.898749206753E0,3.459999822283E1));
#9983=CARTESIAN_POINT('',(9.490694913991E0,9.617368627328E0,3.459999823581E1));
#9984=CARTESIAN_POINT('',(8.584303924977E0,9.992808061201E0,3.491962711102E1));
#9985=CARTESIAN_POINT('',(8.939415314485E0,1.003562888830E1,3.516316138180E1));
#9986=CARTESIAN_POINT('',(9.269872083722E0,9.898749206753E0,3.538978759177E1));
#9987=CARTESIAN_POINT('',(9.490694858695E0,9.617368627328E0,3.554122715429E1));
#9988=CARTESIAN_POINT('',(8.336366718935E0,9.992808061201E0,3.512134422426E1));
#9989=CARTESIAN_POINT('',(8.502567793629E0,1.003562888830E1,3.551857242413E1));
#9990=CARTESIAN_POINT('',(8.657229885045E0,9.898749206753E0,3.588822192414E1));
#9991=CARTESIAN_POINT('',(8.760580505728E0,9.617368627328E0,3.613523465306E1));
#9992=CARTESIAN_POINT('',(8.023421465093E0,9.992808061201E0,3.505632176652E1));
#9993=CARTESIAN_POINT('',(7.951180769119E0,1.003562888830E1,3.540400753121E1));
#9994=CARTESIAN_POINT('',(7.883955589348E0,9.898749206753E0,3.572755422079E1));
#9995=CARTESIAN_POINT('',(7.839033372201E0,9.617368627328E0,3.594375943877E1));
#9996=(BOUNDED_SURFACE()B_SPLINE_SURFACE(3,3,((#9968,#9969,#9970,#9971),(#9972,
#9973,#9974,#9975),(#9976,#9977,#9978,#9979),(#9980,#9981,#9982,#9983),(#9984,
#9985,#9986,#9987),(#9988,#9989,#9990,#9991),(#9992,#9993,#9994,#9995)),
.UNSPECIFIED.,.F.,.F.,.F.)B_SPLINE_SURFACE_WITH_KNOTS((4,3,4),(4,4),(0.E0,1.E0,
2.E0),(0.E0,1.E0),.UNSPECIFIED.)GEOMETRIC_REPRESENTATION_ITEM()RATIONAL_B_SPLINE_SURFACE(((1.310413621780E0,1.198086140934E0,1.198086140934E0,1.310413621780E0),(
9.881373486836E-1,9.034351010407E-1,9.034351010407E-1,9.881373486836E-1),(
9.881373486836E-1,9.034351010407E-1,9.034351010407E-1,9.881373486836E-1),(
1.310413621780E0,1.198086140934E0,1.198086140934E0,1.310413621780E0),(
9.881373486836E-1,9.034351010407E-1,9.034351010407E-1,9.881373486836E-1),(
9.881373486836E-1,9.034351010407E-1,9.034351010407E-1,9.881373486836E-1),(
1.310413621780E0,1.198086140934E0,1.198086140934E0,1.310413621780E0)))REPRESENTATION_ITEM('')SURFACE());
#9997=ORIENTED_EDGE('',*,*,#9783,.F.);
#9998=ORIENTED_EDGE('',*,*,#9963,.T.);
#10000=ORIENTED_EDGE('',*,*,#9999,.T.);
#10001=ORIENTED_EDGE('',*,*,#9959,.F.);
#10002=EDGE_LOOP('',(#9997,#9998,#10000,#10001));
#10003=FACE_OUTER_BOUND('',#10002,.F.);
#10005=CARTESIAN_POINT('',(8.118234479087E0,9.103553396966E0,3.459999815518E1));
#10006=DIRECTION('',(0.E0,-1.E0,0.E0));
#10007=DIRECTION('',(0.E0,0.E0,-1.E0));
#10008=AXIS2_PLACEMENT_3D('',#10005,#10006,#10007);
#10009=CONICAL_SURFACE('',#10008,1.896446603034E0,4.5E1);
#10010=ORIENTED_EDGE('',*,*,#9999,.F.);
#10012=ORIENTED_EDGE('',*,*,#10011,.F.);
#10014=ORIENTED_EDGE('',*,*,#10013,.T.);
#10016=ORIENTED_EDGE('',*,*,#10015,.T.);
#10017=EDGE_LOOP('',(#10010,#10012,#10014,#10016));
#10018=FACE_OUTER_BOUND('',#10017,.F.);
#10020=CARTESIAN_POINT('',(8.118234479087E0,9.103553396966E0,3.459999815518E1));
#10021=DIRECTION('',(0.E0,-1.E0,0.E0));
#10022=DIRECTION('',(0.E0,0.E0,-1.E0));
#10023=AXIS2_PLACEMENT_3D('',#10020,#10021,#10022);
#10024=CONICAL_SURFACE('',#10023,1.896446603034E0,4.5E1);
#10025=ORIENTED_EDGE('',*,*,#9961,.F.);
#10026=ORIENTED_EDGE('',*,*,#10015,.F.);
#10028=ORIENTED_EDGE('',*,*,#10027,.T.);
#10029=ORIENTED_EDGE('',*,*,#10011,.T.);
#10030=EDGE_LOOP('',(#10025,#10026,#10028,#10029));
#10031=FACE_OUTER_BOUND('',#10030,.F.);
#10033=CARTESIAN_POINT('',(8.118234479087E0,8.5E0,3.459999815518E1));
#10034=DIRECTION('',(0.E0,-1.E0,0.E0));
#10035=DIRECTION('',(0.E0,0.E0,-1.E0));
#10036=AXIS2_PLACEMENT_3D('',#10033,#10034,#10035);
#10037=CYLINDRICAL_SURFACE('',#10036,2.5E0);
#10038=ORIENTED_EDGE('',*,*,#10027,.F.);
#10040=ORIENTED_EDGE('',*,*,#10039,.T.);
#10041=ORIENTED_EDGE('',*,*,#9670,.T.);
#10043=ORIENTED_EDGE('',*,*,#10042,.F.);
#10044=EDGE_LOOP('',(#10038,#10040,#10041,#10043));
#10045=FACE_OUTER_BOUND('',#10044,.F.);
#10047=CARTESIAN_POINT('',(8.118234479087E0,8.5E0,3.459999815518E1));
#10048=DIRECTION('',(0.E0,-1.E0,0.E0));
#10049=DIRECTION('',(0.E0,0.E0,-1.E0));
#10050=AXIS2_PLACEMENT_3D('',#10047,#10048,#10049);
#10051=CYLINDRICAL_SURFACE('',#10050,2.5E0);
#10052=ORIENTED_EDGE('',*,*,#10013,.F.);
#10053=ORIENTED_EDGE('',*,*,#10042,.T.);
#10054=ORIENTED_EDGE('',*,*,#9672,.T.);
#10055=ORIENTED_EDGE('',*,*,#10039,.F.);
#10056=EDGE_LOOP('',(#10052,#10053,#10054,#10055));
#10057=FACE_OUTER_BOUND('',#10056,.F.);
#10059=CARTESIAN_POINT('',(-9.976578481290E0,9.992808061201E0,
3.414367453269E1));
#10060=CARTESIAN_POINT('',(-1.004881913641E1,1.003562888830E1,
3.379598875951E1));
#10061=CARTESIAN_POINT('',(-1.011604427817E1,9.898749206753E0,
3.347244206204E1));
#10062=CARTESIAN_POINT('',(-1.016096646991E1,9.617368627328E0,
3.325623683878E1));
#10063=CARTESIAN_POINT('',(-9.663633219809E0,9.992808061201E0,
3.407865211172E1));
#10064=CARTESIAN_POINT('',(-9.497432098442E0,1.003562888830E1,
3.368142393138E1));
#10065=CARTESIAN_POINT('',(-9.342769963593E0,9.898749206753E0,
3.331177444954E1));
#10066=CARTESIAN_POINT('',(-9.239419313887E0,9.617368627328E0,
3.306476173277E1));
#10067=CARTESIAN_POINT('',(-9.415696037468E0,9.992808061201E0,
3.428036925409E1));
#10068=CARTESIAN_POINT('',(-9.060584619345E0,1.003562888830E1,
3.403683502504E1));
#10069=CARTESIAN_POINT('',(-8.730127823480E0,9.898749206753E0,
3.381020885390E1));
#10070=CARTESIAN_POINT('',(-8.509305030714E0,9.617368627328E0,
3.365876931732E1));
#10071=CARTESIAN_POINT('',(-9.415696056246E0,9.992808061201E0,
3.459999818256E1));
#10072=CARTESIAN_POINT('',(-9.060584652430E0,1.003562888830E1,
3.459999820342E1));
#10073=CARTESIAN_POINT('',(-8.730127869879E0,9.898749206753E0,
3.459999822283E1));
#10074=CARTESIAN_POINT('',(-8.509305086009E0,9.617368627328E0,
3.459999823581E1));
#10075=CARTESIAN_POINT('',(-9.415696075023E0,9.992808061201E0,
3.491962711102E1));
#10076=CARTESIAN_POINT('',(-9.060584685515E0,1.003562888830E1,
3.516316138180E1));
#10077=CARTESIAN_POINT('',(-8.730127916278E0,9.898749206753E0,
3.538978759177E1));
#10078=CARTESIAN_POINT('',(-8.509305141305E0,9.617368627328E0,
3.554122715429E1));
#10079=CARTESIAN_POINT('',(-9.663633281065E0,9.992808061201E0,
3.512134422426E1));
#10080=CARTESIAN_POINT('',(-9.497432206371E0,1.003562888830E1,
3.551857242413E1));
#10081=CARTESIAN_POINT('',(-9.342770114955E0,9.898749206753E0,
3.588822192414E1));
#10082=CARTESIAN_POINT('',(-9.239419494272E0,9.617368627328E0,
3.613523465306E1));
#10083=CARTESIAN_POINT('',(-9.976578534907E0,9.992808061201E0,
3.505632176652E1));
#10084=CARTESIAN_POINT('',(-1.004881923088E1,1.003562888830E1,
3.540400753121E1));
#10085=CARTESIAN_POINT('',(-1.011604441065E1,9.898749206753E0,
3.572755422079E1));
#10086=CARTESIAN_POINT('',(-1.016096662780E1,9.617368627328E0,
3.594375943877E1));
#10087=(BOUNDED_SURFACE()B_SPLINE_SURFACE(3,3,((#10059,#10060,#10061,#10062),(
#10063,#10064,#10065,#10066),(#10067,#10068,#10069,#10070),(#10071,#10072,
#10073,#10074),(#10075,#10076,#10077,#10078),(#10079,#10080,#10081,#10082),(
#10083,#10084,#10085,#10086)),.UNSPECIFIED.,.F.,.F.,.F.)B_SPLINE_SURFACE_WITH_KNOTS((4,3,4),(4,4),(0.E0,1.E0,2.E0),(0.E0,1.E0),.UNSPECIFIED.)GEOMETRIC_REPRESENTATION_ITEM()RATIONAL_B_SPLINE_SURFACE(((1.310413621780E0,1.198086140934E0,
1.198086140934E0,1.310413621780E0),(9.881373486836E-1,9.034351010407E-1,
9.034351010407E-1,9.881373486836E-1),(9.881373486836E-1,9.034351010407E-1,
9.034351010407E-1,9.881373486836E-1),(1.310413621780E0,1.198086140934E0,
1.198086140934E0,1.310413621780E0),(9.881373486836E-1,9.034351010407E-1,
9.034351010407E-1,9.881373486836E-1),(9.881373486836E-1,9.034351010407E-1,
9.034351010407E-1,9.881373486836E-1),(1.310413621780E0,1.198086140934E0,
1.198086140934E0,1.310413621780E0)))REPRESENTATION_ITEM('')SURFACE());
#10088=ORIENTED_EDGE('',*,*,#9794,.F.);
#10089=ORIENTED_EDGE('',*,*,#9759,.T.);
#10091=ORIENTED_EDGE('',*,*,#10090,.T.);
#10092=ORIENTED_EDGE('',*,*,#9756,.F.);
#10093=EDGE_LOOP('',(#10088,#10089,#10091,#10092));
#10094=FACE_OUTER_BOUND('',#10093,.F.);
#10096=CARTESIAN_POINT('',(-9.881765520913E0,9.103553396966E0,
3.459999815518E1));
#10097=DIRECTION('',(0.E0,-1.E0,0.E0));
#10098=DIRECTION('',(0.E0,0.E0,-1.E0));
#10099=AXIS2_PLACEMENT_3D('',#10096,#10097,#10098);
#10100=CONICAL_SURFACE('',#10099,1.896446603034E0,4.5E1);
#10101=ORIENTED_EDGE('',*,*,#10090,.F.);
#10102=ORIENTED_EDGE('',*,*,#9720,.F.);
#10104=ORIENTED_EDGE('',*,*,#10103,.T.);
#10105=ORIENTED_EDGE('',*,*,#9717,.T.);
#10106=EDGE_LOOP('',(#10101,#10102,#10104,#10105));
#10107=FACE_OUTER_BOUND('',#10106,.F.);
#10109=CARTESIAN_POINT('',(-9.881765520913E0,8.5E0,3.459999815518E1));
#10110=DIRECTION('',(0.E0,-1.E0,0.E0));
#10111=DIRECTION('',(0.E0,0.E0,-1.E0));
#10112=AXIS2_PLACEMENT_3D('',#10109,#10110,#10111);
#10113=CYLINDRICAL_SURFACE('',#10112,2.5E0);
#10114=ORIENTED_EDGE('',*,*,#10103,.F.);
#10115=ORIENTED_EDGE('',*,*,#9705,.T.);
#10116=ORIENTED_EDGE('',*,*,#9654,.T.);
#10117=ORIENTED_EDGE('',*,*,#9702,.F.);
#10118=EDGE_LOOP('',(#10114,#10115,#10116,#10117));
#10119=FACE_OUTER_BOUND('',#10118,.F.);
#10121=CARTESIAN_POINT('',(8.118234479087E0,8.5E0,3.459999815518E1));
#10122=DIRECTION('',(0.E0,-1.E0,0.E0));
#10123=DIRECTION('',(0.E0,0.E0,-1.E0));
#10124=AXIS2_PLACEMENT_3D('',#10121,#10122,#10123);
#10125=CYLINDRICAL_SURFACE('',#10124,3.5E0);
#10126=ORIENTED_EDGE('',*,*,#6900,.F.);
#10128=ORIENTED_EDGE('',*,*,#10127,.T.);
#10129=ORIENTED_EDGE('',*,*,#9664,.T.);
#10131=ORIENTED_EDGE('',*,*,#10130,.F.);
#10132=EDGE_LOOP('',(#10126,#10128,#10129,#10131));
#10133=FACE_OUTER_BOUND('',#10132,.F.);
#10135=CARTESIAN_POINT('',(8.118234479087E0,8.5E0,3.459999815518E1));
#10136=DIRECTION('',(0.E0,-1.E0,0.E0));
#10137=DIRECTION('',(0.E0,0.E0,-1.E0));
#10138=AXIS2_PLACEMENT_3D('',#10135,#10136,#10137);
#10139=CYLINDRICAL_SURFACE('',#10138,3.5E0);
#10140=ORIENTED_EDGE('',*,*,#6902,.F.);
#10141=ORIENTED_EDGE('',*,*,#10130,.T.);
#10142=ORIENTED_EDGE('',*,*,#9666,.T.);
#10143=ORIENTED_EDGE('',*,*,#10127,.F.);
#10144=EDGE_LOOP('',(#10140,#10141,#10142,#10143));
#10145=FACE_OUTER_BOUND('',#10144,.F.);
#10147=CARTESIAN_POINT('',(2.196823447909E1,8.5E0,3.459999815518E1));
#10148=DIRECTION('',(0.E0,-1.E0,0.E0));
#10149=DIRECTION('',(0.E0,0.E0,-1.E0));
#10150=AXIS2_PLACEMENT_3D('',#10147,#10148,#10149);
#10151=CYLINDRICAL_SURFACE('',#10150,3.5E0);
#10152=ORIENTED_EDGE('',*,*,#6906,.F.);
#10154=ORIENTED_EDGE('',*,*,#10153,.T.);
#10155=ORIENTED_EDGE('',*,*,#9682,.T.);
#10157=ORIENTED_EDGE('',*,*,#10156,.F.);
#10158=EDGE_LOOP('',(#10152,#10154,#10155,#10157));
#10159=FACE_OUTER_BOUND('',#10158,.F.);
#10161=CARTESIAN_POINT('',(2.196823447909E1,8.5E0,3.459999815518E1));
#10162=DIRECTION('',(0.E0,-1.E0,0.E0));
#10163=DIRECTION('',(0.E0,0.E0,-1.E0));
#10164=AXIS2_PLACEMENT_3D('',#10161,#10162,#10163);
#10165=CYLINDRICAL_SURFACE('',#10164,3.5E0);
#10166=ORIENTED_EDGE('',*,*,#6908,.F.);
#10167=ORIENTED_EDGE('',*,*,#10156,.T.);
#10168=ORIENTED_EDGE('',*,*,#9684,.T.);
#10169=ORIENTED_EDGE('',*,*,#10153,.F.);
#10170=EDGE_LOOP('',(#10166,#10167,#10168,#10169));
#10171=FACE_OUTER_BOUND('',#10170,.F.);
#10173=CARTESIAN_POINT('',(-1.76E1,8.5E0,4.14E1));
#10174=DIRECTION('',(0.E0,-1.E0,0.E0));
#10175=DIRECTION('',(1.E0,0.E0,0.E0));
#10176=AXIS2_PLACEMENT_3D('',#10173,#10174,#10175);
#10177=CYLINDRICAL_SURFACE('',#10176,4.5E0);
#10178=ORIENTED_EDGE('',*,*,#6845,.T.);
#10179=ORIENTED_EDGE('',*,*,#6658,.F.);
#10180=ORIENTED_EDGE('',*,*,#6579,.T.);
#10181=ORIENTED_EDGE('',*,*,#6560,.F.);
#10182=EDGE_LOOP('',(#10178,#10179,#10180,#10181));
#10183=FACE_OUTER_BOUND('',#10182,.F.);
#10185=CARTESIAN_POINT('',(-1.76E1,8.5E0,4.14E1));
#10186=DIRECTION('',(0.E0,-1.E0,0.E0));
#10187=DIRECTION('',(1.E0,0.E0,0.E0));
#10188=AXIS2_PLACEMENT_3D('',#10185,#10186,#10187);
#10189=CYLINDRICAL_SURFACE('',#10188,4.5E0);
#10190=ORIENTED_EDGE('',*,*,#6861,.F.);
#10191=ORIENTED_EDGE('',*,*,#6537,.T.);
#10192=ORIENTED_EDGE('',*,*,#6576,.T.);
#10193=ORIENTED_EDGE('',*,*,#6682,.T.);
#10194=EDGE_LOOP('',(#10190,#10191,#10192,#10193));
#10195=FACE_OUTER_BOUND('',#10194,.F.);
#10199=FILL_AREA_STYLE_COLOUR('',#8);
#10200=FILL_AREA_STYLE('',(#10199));
#10201=SURFACE_STYLE_FILL_AREA(#10200);
#10202=SURFACE_SIDE_STYLE('',(#10201));
#10203=SURFACE_STYLE_USAGE(.BOTH.,#10202);
#10204=PRESENTATION_STYLE_ASSIGNMENT((#10203));
#16=STYLED_ITEM('',(#10204),#10198);
#10207=PLANE_ANGLE_MEASURE_WITH_UNIT(PLANE_ANGLE_MEASURE(1.745329251994E-2),
#10206);
#10208=(CONVERSION_BASED_UNIT('DEGREE',#10207)NAMED_UNIT(*)PLANE_ANGLE_UNIT());
#10210=UNCERTAINTY_MEASURE_WITH_UNIT(LENGTH_MEASURE(1.E-2),#10205,
'distance_accuracy_value',
'Maximum model space distance between geometric entities at asserted connectivities');
#10213=MECHANICAL_DESIGN_GEOMETRIC_PRESENTATION_REPRESENTATION('',(#24,#31,#38,
#45,#52,#59,#66,#73,#80,#87,#94,#101,#108,#115,#122,#129,#136,#143,#150,#157,
#164,#171,#178,#185,#192,#199,#206,#213,#220,#227,#234,#241,#248,#255,#262,#270,
#277,#284,#291,#298,#305,#312,#319,#326,#334,#341,#348,#355,#362,#369,#377,#384,
#391,#398,#405,#412,#419,#426,#434,#441,#448,#455,#462,#470,#477,#485,#492,#500,
#507,#514,#521,#528,#535,#542,#549,#556,#564,#571,#578,#585,#592,#599,#606,#613,
#620,#627,#634,#641,#648,#656,#663,#671,#678,#685,#692,#699,#706,#713,#720,#727,
#734,#741,#748,#755,#763,#770,#778,#785,#793,#800,#808,#815,#823,#830,#838,#845,
#853,#860,#868,#875,#883,#890,#898,#905,#913,#920,#928,#935,#943,#950,#958,#965,
#973,#980,#988,#995,#1003,#1010,#1018,#1025,#1032,#1039,#1046,#1053,#1061,#1068,
#1076,#1083,#1090,#1098,#1106,#1114,#1121,#1131,#1139,#1146,#1154,#1161,#1168,
#1178,#1187,#1195,#1202,#1210,#1217,#1224,#1231,#1239,#1247,#1255,#1263,#1271,
#1279,#1287,#1295,#1303,#1311,#1319,#1327,#1335,#1343,#1351,#1359,#1366,#1374,
#1382,#1390,#1398,#1406,#1414,#1422,#1429,#1437,#1444,#1452,#1459,#1467,#1475,
#1482,#1490,#1498,#1506,#1514,#1522,#1530,#1538,#1546,#1554,#1562,#1570,#1578,
#1586,#1594,#1602,#1609,#1617,#1624,#1632,#1639,#1647,#1654,#1662,#1669,#1677,
#1685,#1693,#1701,#1709,#1716,#1723,#1731,#1739,#1747,#1755,#1763,#1771,#1779,
#1787,#1795,#1803,#1811,#1819,#1826,#1833,#1840,#1847,#1854,#1861,#1868,#1875,
#1883,#1890,#1898,#1906,#1914,#1922,#1929,#1936,#1943,#1950,#1958,#1965,#1972,
#1979,#1987,#1994,#2001,#2008,#2015,#2023,#2031,#2039,#2046,#2054,#2062,#2070,
#2077,#2084,#2091,#2099,#2107,#2115,#2122,#2130,#2138,#2145,#2152,#2160,#2167,
#2174,#2182,#2189,#2196,#2203,#2210,#2217,#2225,#2233,#2241,#2249,#2257,#2265,
#2273,#2281,#2288,#2295,#2303,#2311,#2319,#2327,#2334,#2341,#2348,#2355,#2362,
#2369,#2376,#2383,#2390,#2397,#2404,#2411,#2418,#2425,#2432,#2439,#2447,#2454,
#2462,#2469,#2477,#2484,#2492,#2499,#2506,#2513,#2520,#2527,#2534,#2541,#2548,
#2555,#2563,#2570,#2578,#2585,#2593,#2600,#2608,#2615,#2622,#2630,#2637,#2645,
#2652,#2660,#2667,#2675,#2683,#2691,#2699,#2707,#2715,#2723,#2731,#2739,#2747,
#2755,#2762,#2769,#2777,#2784,#2792,#2800,#2807,#2815,#2823,#2830,#2838,#2846,
#2853,#2861,#2869,#2876,#2884,#2892,#2899,#2907,#2914,#2922,#2929,#2936,#2943,
#2950,#2957,#2965,#2972,#2979,#2986,#2993,#3000,#3007,#3014,#3021,#3028,#3035,
#3042,#3049,#3057,#3064,#3071,#3079,#3086,#3094,#3101,#3108,#3115,#3123,#3130,
#3138,#3145,#3152,#3160,#3167,#3175,#3182,#3189,#3196,#3204,#3211,#3219,#3226,
#3233,#3240,#3247,#3254,#3261,#3268,#3275,#3282,#3289,#3296,#3303,#3310,#3317,
#3324,#3331,#3338,#3345,#3352,#3359,#3366,#3373,#3380,#3387,#3394,#3401,#3408,
#3415,#3422,#3429,#3436,#3443,#3450,#3457,#3464,#3471,#3478,#3485,#3492,#3499,
#3506,#3513,#3520,#3527,#3536,#3543,#3552,#3561,#3568,#3577,#3586,#3593,#3602,
#3611,#3618,#3627,#3636,#3643,#3652,#3659,#3666,#3673,#3680,#3687,#3694,#3701,
#3708,#3715,#3723,#3730,#3737,#3744,#3751,#3759,#3766,#3773,#3781,#3788,#3796,
#3803,#3810,#3818,#3825,#3832,#3839,#3847,#3854,#3861,#3869,#3876,#3883,#3891,
#3898,#3905,#3912,#3919,#3927,#3934,#3942,#3949,#3956,#3963,#3970,#3978,#3985,
#3992,#4000,#4007,#4014,#4022,#4029,#4037,#4044,#4051,#4058,#4065,#4073,#4080,
#4087,#4095,#4102,#4109,#4116,#4123,#4130,#4137,#4144,#4152,#4159,#4167,#4174,
#4182,#4189,#4196,#4203,#4211,#4218,#4225,#4232,#4240,#4247,#4255,#4262,#4269,
#4276,#4284,#4292,#4299,#4306,#4313,#4321,#4329,#4336,#4343,#4350,#4358,#4366,
#4373,#4380,#4387,#4395,#4403,#4410,#4417,#4424,#4432,#4439,#4446,#4453,#4460,
#4467,#4474,#4481,#4488,#4495,#4502,#4509,#4516,#4523,#4530,#4537,#4545,#4552,
#4559,#4567,#4574,#4581,#4589,#4596,#4603,#4611,#4618,#4625,#4632,#4639,#4646,
#4653,#4660,#4667,#4674,#4681,#4689,#4697,#4705,#4713,#4721,#4729,#4737,#4745,
#4753,#4761,#4769,#4777,#4785,#4792,#4800,#4807,#4815,#4823,#4831,#4839,#4847,
#4855,#4863,#4871,#4879,#4887,#4894,#4902,#4909,#4917,#4924,#4932,#4939,#4947,
#4955,#4963,#4970,#4978,#4985,#4993,#5000,#5008,#5015,#5023,#5031,#5038,#5046,
#5053,#5060,#5067,#5074,#5081,#5089,#5097,#8166,#16),#10211);
#10214=APPLICATION_CONTEXT('automotive_design');
#10215=APPLICATION_PROTOCOL_DEFINITION('international standard',
'automotive_design',2001,#10214);
#10216=PRODUCT_DEFINITION_CONTEXT('part definition',#10214,'design');
#10217=PRODUCT_CONTEXT('',#10214,'mechanical');
#10218=PRODUCT('I-0515-01_REVX01','I-0515-01_REVX01','NOT SPECIFIED',(#10217));
#10219=PRODUCT_DEFINITION_FORMATION('29','LAST_VERSION',#10218);
#10227=DERIVED_UNIT_ELEMENT(#10226,2.E0);
#10228=DERIVED_UNIT((#10227));
#10229=MEASURE_REPRESENTATION_ITEM('surface area measure',AREA_MEASURE(
1.540785596203E4),#10228);
#10234=DERIVED_UNIT_ELEMENT(#10233,3.E0);
#10235=DERIVED_UNIT((#10234));
#10236=MEASURE_REPRESENTATION_ITEM('volume measure',VOLUME_MEASURE(
1.249856598386E4),#10235);
#10240=CARTESIAN_POINT('centre point',(-8.464591014524E-1,6.637638555361E0,
3.380465291079E0));
#10245=DERIVED_UNIT_ELEMENT(#10244,2.E0);
#10246=DERIVED_UNIT((#10245));
#10247=MEASURE_REPRESENTATION_ITEM('surface area measure',AREA_MEASURE(
1.540785596203E4),#10246);
#10252=DERIVED_UNIT_ELEMENT(#10251,3.E0);
#10253=DERIVED_UNIT((#10252));
#10254=MEASURE_REPRESENTATION_ITEM('volume measure',VOLUME_MEASURE(
1.249856598386E4),#10253);
#10258=CARTESIAN_POINT('centre point',(-8.464591014524E-1,6.637638555361E0,
3.380465291079E0));
#10263=PRODUCT_RELATED_PRODUCT_CATEGORY('part','',(#10218));
#1=DRAUGHTING_PRE_DEFINED_COLOUR('green');
#2=COLOUR_RGB('',1.1E-2,1.2E-2,1.E0);
#3=COLOUR_RGB('',4.1E-1,2.61589E-1,1.12848E-1);
#4=COLOUR_RGB('',5.04854E-1,1.5455E-2,1.5455E-2);
#5=COLOUR_RGB('',6.35294E-1,6.86275E-1,7.4902E-1);
#6=COLOUR_RGB('',6.35294E-1,6.86275E-1,7.4902E-1);
#7=COLOUR_RGB('',6.40777E-1,6.40777E-1,6.40777E-1);
#8=COLOUR_RGB('',6.66667E-1,6.66667E-1,6.66667E-1);
#9=COLOUR_RGB('',6.69062E-1,6.69903E-1,6.55217E-1);
#10=COLOUR_RGB('',9.21569E-1,7.05882E-1,4.70588E-1);
#11=DRAUGHTING_PRE_DEFINED_COLOUR('red');
#12=DRAUGHTING_PRE_DEFINED_COLOUR('yellow');
#13=COLOUR_RGB('',1.E0,1.E0,5.3E-1);
#14=COLOUR_RGB('',1.E0,1.E0,9.49E-1);
#15=DRAUGHTING_PRE_DEFINED_COLOUR('white');
#267=CIRCLE('',#266,1.3E0);
#331=CIRCLE('',#330,2.5E0);
#374=CIRCLE('',#373,1.3E0);
#431=CIRCLE('',#430,1.3E0);
#467=CIRCLE('',#466,2.5E0);
#482=CIRCLE('',#481,2.5E0);
#497=CIRCLE('',#496,2.5E0);
#561=CIRCLE('',#560,1.3E0);
#653=CIRCLE('',#652,2.95E0);
#668=CIRCLE('',#667,2.95E0);
#760=CIRCLE('',#759,2.951253947182E0);
#775=CIRCLE('',#774,2.951253947182E0);
#790=CIRCLE('',#789,2.951253947182E0);
#805=CIRCLE('',#804,2.951253947182E0);
#820=CIRCLE('',#819,2.951253947182E0);
#835=CIRCLE('',#834,2.95E0);
#850=CIRCLE('',#849,2.951253947182E0);
#865=CIRCLE('',#864,2.951253947182E0);
#880=CIRCLE('',#879,2.951253947182E0);
#895=CIRCLE('',#894,2.95E0);
#910=CIRCLE('',#909,2.951253947182E0);
#925=CIRCLE('',#924,2.951253947182E0);
#940=CIRCLE('',#939,2.951253947182E0);
#955=CIRCLE('',#954,2.951253947182E0);
#970=CIRCLE('',#969,2.951253947182E0);
#985=CIRCLE('',#984,2.951253947182E0);
#1000=CIRCLE('',#999,2.95E0);
#1015=CIRCLE('',#1014,2.951253947182E0);
#1058=CIRCLE('',#1057,1.58E0);
#1073=CIRCLE('',#1072,1.58E0);
#1095=CIRCLE('',#1094,4.E0);
#1103=CIRCLE('',#1102,4.E0);
#1111=CIRCLE('',#1110,4.5E0);
#1128=B_SPLINE_CURVE_WITH_KNOTS('',3,(#1122,#1123,#1124,#1125,#1126,#1127),
.UNSPECIFIED.,.F.,.F.,(4,1,1,4),(0.E0,3.333333333333E-1,6.666666666667E-1,1.E0),
.UNSPECIFIED.);
#1136=CIRCLE('',#1135,3.5E0);
#1151=CIRCLE('',#1150,3.5E0);
#1175=B_SPLINE_CURVE_WITH_KNOTS('',3,(#1169,#1170,#1171,#1172,#1173,#1174),
.UNSPECIFIED.,.F.,.F.,(4,1,1,4),(0.E0,3.333333333333E-1,6.666666666667E-1,1.E0),
.UNSPECIFIED.);
#1184=B_SPLINE_CURVE_WITH_KNOTS('',3,(#1179,#1180,#1181,#1182,#1183),
.UNSPECIFIED.,.F.,.F.,(4,1,4),(0.E0,5.E-1,1.E0),.UNSPECIFIED.);
#1192=CIRCLE('',#1191,2.5E0);
#1207=CIRCLE('',#1206,2.5E0);
#1236=CIRCLE('',#1235,2.5E0);
#1244=CIRCLE('',#1243,2.5E0);
#1252=CIRCLE('',#1251,2.5E0);
#1260=CIRCLE('',#1259,2.5E0);
#1268=CIRCLE('',#1267,1.3E0);
#1276=CIRCLE('',#1275,1.3E0);
#1284=CIRCLE('',#1283,2.5E0);
#1292=CIRCLE('',#1291,2.5E0);
#1300=CIRCLE('',#1299,2.5E0);
#1308=CIRCLE('',#1307,2.5E0);
#1316=CIRCLE('',#1315,1.6E0);
#1324=CIRCLE('',#1323,1.6E0);
#1332=CIRCLE('',#1331,1.6E0);
#1340=CIRCLE('',#1339,1.6E0);
#1348=CIRCLE('',#1347,1.6E0);
#1356=CIRCLE('',#1355,1.6E0);
#1371=CIRCLE('',#1370,1.3E0);
#1379=CIRCLE('',#1378,1.3E0);
#1387=CIRCLE('',#1386,2.5E0);
#1395=CIRCLE('',#1394,2.5E0);
#1403=CIRCLE('',#1402,1.3E0);
#1411=CIRCLE('',#1410,1.3E0);
#1419=CIRCLE('',#1418,2.5E0);
#1434=CIRCLE('',#1433,2.5E0);
#1449=CIRCLE('',#1448,2.5E0);
#1464=CIRCLE('',#1463,2.5E0);
#1472=CIRCLE('',#1471,2.5E0);
#1487=CIRCLE('',#1486,2.5E0);
#1495=CIRCLE('',#1494,1.3E0);
#1503=CIRCLE('',#1502,2.5E0);
#1511=CIRCLE('',#1510,1.3E0);
#1519=CIRCLE('',#1518,1.3E0);
#1527=CIRCLE('',#1526,1.3E0);
#1535=CIRCLE('',#1534,2.5E0);
#1543=CIRCLE('',#1542,3.5E0);
#1551=CIRCLE('',#1550,3.5E0);
#1559=CIRCLE('',#1558,3.5E0);
#1567=CIRCLE('',#1566,3.5E0);
#1575=CIRCLE('',#1574,3.5E0);
#1583=CIRCLE('',#1582,3.5E0);
#1591=CIRCLE('',#1590,3.5E0);
#1599=CIRCLE('',#1598,3.5E0);
#1614=CIRCLE('',#1613,5.E-1);
#1629=CIRCLE('',#1628,5.E-1);
#1644=CIRCLE('',#1643,5.E-1);
#1659=CIRCLE('',#1658,5.E-1);
#1674=CIRCLE('',#1673,4.5E0);
#1682=CIRCLE('',#1681,2.5E0);
#1690=CIRCLE('',#1689,2.5E0);
#1698=CIRCLE('',#1697,9.E-1);
#1706=CIRCLE('',#1705,9.E-1);
#1728=CIRCLE('',#1727,1.6E0);
#1736=CIRCLE('',#1735,1.6E0);
#1744=CIRCLE('',#1743,1.6E0);
#1752=CIRCLE('',#1751,1.6E0);
#1760=CIRCLE('',#1759,1.6E0);
#1768=CIRCLE('',#1767,1.6E0);
#1776=CIRCLE('',#1775,1.3E0);
#1784=CIRCLE('',#1783,1.3E0);
#1792=CIRCLE('',#1791,1.3E0);
#1800=CIRCLE('',#1799,1.3E0);
#1808=CIRCLE('',#1807,1.3E0);
#1816=CIRCLE('',#1815,1.3E0);
#1880=CIRCLE('',#1879,1.3E0);
#1895=CIRCLE('',#1894,2.5E0);
#1903=CIRCLE('',#1902,2.5E0);
#1911=CIRCLE('',#1910,7.5E-1);
#1919=CIRCLE('',#1918,7.5E-1);
#1955=CIRCLE('',#1954,2.5E0);
#1984=CIRCLE('',#1983,2.5E0);
#2020=CIRCLE('',#2019,7.5E-1);
#2028=CIRCLE('',#2027,7.5E-1);
#2036=CIRCLE('',#2035,7.5E-1);
#2051=CIRCLE('',#2050,7.5E-1);
#2059=CIRCLE('',#2058,7.5E-1);
#2067=CIRCLE('',#2066,7.5E-1);
#2096=CIRCLE('',#2095,7.5E-1);
#2104=CIRCLE('',#2103,7.5E-1);
#2112=CIRCLE('',#2111,7.5E-1);
#2127=CIRCLE('',#2126,7.5E-1);
#2135=CIRCLE('',#2134,1.3E0);
#2157=CIRCLE('',#2156,1.3E0);
#2179=CIRCLE('',#2178,1.3E0);
#2222=CIRCLE('',#2221,7.5E-1);
#2230=CIRCLE('',#2229,7.5E-1);
#2238=CIRCLE('',#2237,7.5E-1);
#2246=CIRCLE('',#2245,7.5E-1);
#2254=CIRCLE('',#2253,7.5E-1);
#2262=CIRCLE('',#2261,7.5E-1);
#2270=CIRCLE('',#2269,7.5E-1);
#2278=CIRCLE('',#2277,7.5E-1);
#2300=CIRCLE('',#2299,7.5E-1);
#2308=CIRCLE('',#2307,7.5E-1);
#2316=CIRCLE('',#2315,7.5E-1);
#2324=CIRCLE('',#2323,7.5E-1);
#2444=CIRCLE('',#2443,1.15E0);
#2459=CIRCLE('',#2458,1.15E0);
#2474=CIRCLE('',#2473,1.15E0);
#2489=CIRCLE('',#2488,1.15E0);
#2560=CIRCLE('',#2559,1.9E0);
#2575=CIRCLE('',#2574,1.9E0);
#2590=CIRCLE('',#2589,1.9E0);
#2605=CIRCLE('',#2604,1.9E0);
#2627=CIRCLE('',#2626,1.15E0);
#2642=CIRCLE('',#2641,1.15E0);
#2657=CIRCLE('',#2656,1.15E0);
#2672=CIRCLE('',#2671,1.15E0);
#2680=CIRCLE('',#2679,9.E-1);
#2688=CIRCLE('',#2687,9.E-1);
#2696=CIRCLE('',#2695,6.E-1);
#2704=CIRCLE('',#2703,6.E-1);
#2712=CIRCLE('',#2711,6.E-1);
#2720=CIRCLE('',#2719,6.E-1);
#2728=CIRCLE('',#2727,6.E-1);
#2736=CIRCLE('',#2735,6.E-1);
#2744=CIRCLE('',#2743,6.E-1);
#2752=CIRCLE('',#2751,6.E-1);
#2774=CIRCLE('',#2773,2.151253947182E0);
#2789=CIRCLE('',#2788,2.151253947182E0);
#2797=CIRCLE('',#2796,2.15E0);
#2812=CIRCLE('',#2811,2.151253947182E0);
#2820=CIRCLE('',#2819,2.151253947182E0);
#2835=CIRCLE('',#2834,2.151253947182E0);
#2843=CIRCLE('',#2842,2.151253947182E0);
#2858=CIRCLE('',#2857,2.151253947182E0);
#2866=CIRCLE('',#2865,2.151253947182E0);
#2881=CIRCLE('',#2880,2.15E0);
#2889=CIRCLE('',#2888,2.5E0);
#2904=CIRCLE('',#2903,2.08E0);
#2919=CIRCLE('',#2918,2.08E0);
#2962=CIRCLE('',#2961,1.58E0);
#3054=CIRCLE('',#3053,1.58E0);
#3076=CIRCLE('',#3075,1.256362337679E0);
#3091=CIRCLE('',#3090,1.256362337679E0);
#3120=CIRCLE('',#3119,5.E-1);
#3135=CIRCLE('',#3134,5.E-1);
#3157=CIRCLE('',#3156,5.E-1);
#3172=CIRCLE('',#3171,5.E-1);
#3201=CIRCLE('',#3200,1.256362337679E0);
#3216=CIRCLE('',#3215,1.256362337679E0);
#3533=B_SPLINE_CURVE_WITH_KNOTS('',3,(#3528,#3529,#3530,#3531,#3532),
.UNSPECIFIED.,.F.,.F.,(4,1,4),(0.E0,5.E-1,1.E0),.UNSPECIFIED.);
#3549=B_SPLINE_CURVE_WITH_KNOTS('',3,(#3544,#3545,#3546,#3547,#3548),
.UNSPECIFIED.,.F.,.F.,(4,1,4),(0.E0,5.E-1,1.E0),.UNSPECIFIED.);
#3558=B_SPLINE_CURVE_WITH_KNOTS('',3,(#3553,#3554,#3555,#3556,#3557),
.UNSPECIFIED.,.F.,.F.,(4,1,4),(0.E0,5.E-1,1.E0),.UNSPECIFIED.);
#3574=B_SPLINE_CURVE_WITH_KNOTS('',3,(#3569,#3570,#3571,#3572,#3573),
.UNSPECIFIED.,.F.,.F.,(4,1,4),(0.E0,5.E-1,1.E0),.UNSPECIFIED.);
#3583=B_SPLINE_CURVE_WITH_KNOTS('',3,(#3578,#3579,#3580,#3581,#3582),
.UNSPECIFIED.,.F.,.F.,(4,1,4),(0.E0,5.E-1,1.E0),.UNSPECIFIED.);
#3599=B_SPLINE_CURVE_WITH_KNOTS('',3,(#3594,#3595,#3596,#3597,#3598),
.UNSPECIFIED.,.F.,.F.,(4,1,4),(0.E0,5.E-1,1.E0),.UNSPECIFIED.);
#3608=B_SPLINE_CURVE_WITH_KNOTS('',3,(#3603,#3604,#3605,#3606,#3607),
.UNSPECIFIED.,.F.,.F.,(4,1,4),(0.E0,5.E-1,1.E0),.UNSPECIFIED.);
#3624=B_SPLINE_CURVE_WITH_KNOTS('',3,(#3619,#3620,#3621,#3622,#3623),
.UNSPECIFIED.,.F.,.F.,(4,1,4),(0.E0,5.E-1,1.E0),.UNSPECIFIED.);
#3633=B_SPLINE_CURVE_WITH_KNOTS('',3,(#3628,#3629,#3630,#3631,#3632),
.UNSPECIFIED.,.F.,.F.,(4,1,4),(0.E0,5.E-1,1.E0),.UNSPECIFIED.);
#3649=B_SPLINE_CURVE_WITH_KNOTS('',3,(#3644,#3645,#3646,#3647,#3648),
.UNSPECIFIED.,.F.,.F.,(4,1,4),(0.E0,5.E-1,1.E0),.UNSPECIFIED.);
#3720=CIRCLE('',#3719,2.95E0);
#3756=CIRCLE('',#3755,2.951253947182E0);
#3778=CIRCLE('',#3777,2.951253947182E0);
#3793=CIRCLE('',#3792,2.951253947182E0);
#3815=CIRCLE('',#3814,2.951253947182E0);
#3844=CIRCLE('',#3843,2.951253947182E0);
#3866=CIRCLE('',#3865,2.951253947182E0);
#3888=CIRCLE('',#3887,2.951253947182E0);
#3924=CIRCLE('',#3923,2.951253947182E0);
#3939=CIRCLE('',#3938,2.951253947182E0);
#3975=CIRCLE('',#3974,2.951253947182E0);
#3997=CIRCLE('',#3996,2.951253947182E0);
#4019=CIRCLE('',#4018,2.951253947182E0);
#4034=CIRCLE('',#4033,2.951253947182E0);
#4070=CIRCLE('',#4069,2.951253947182E0);
#4092=CIRCLE('',#4091,2.951253947182E0);
#4149=CIRCLE('',#4148,2.975E0);
#4164=CIRCLE('',#4163,2.5E0);
#4179=CIRCLE('',#4178,2.5E0);
#4208=CIRCLE('',#4207,2.5E0);
#4237=CIRCLE('',#4236,2.975E0);
#4252=CIRCLE('',#4251,2.151253947182E0);
#4281=CIRCLE('',#4280,2.151253947182E0);
#4289=CIRCLE('',#4288,2.15E0);
#4318=CIRCLE('',#4317,2.151253947182E0);
#4326=CIRCLE('',#4325,2.151253947182E0);
#4355=CIRCLE('',#4354,2.151253947182E0);
#4363=CIRCLE('',#4362,2.151253947182E0);
#4392=CIRCLE('',#4391,2.151253947182E0);
#4400=CIRCLE('',#4399,2.151253947182E0);
#4429=CIRCLE('',#4428,2.15E0);
#4542=CIRCLE('',#4541,2.5E0);
#4564=CIRCLE('',#4563,2.5E0);
#4586=CIRCLE('',#4585,2.5E0);
#4608=CIRCLE('',#4607,2.5E0);
#4686=CIRCLE('',#4685,2.5E0);
#4694=CIRCLE('',#4693,2.5E0);
#4702=CIRCLE('',#4701,3.5E0);
#4710=CIRCLE('',#4709,3.5E0);
#4718=CIRCLE('',#4717,3.5E0);
#4726=CIRCLE('',#4725,3.5E0);
#4734=CIRCLE('',#4733,2.5E0);
#4742=CIRCLE('',#4741,2.5E0);
#4750=CIRCLE('',#4749,2.5E0);
#4758=CIRCLE('',#4757,2.5E0);
#4766=CIRCLE('',#4765,3.5E0);
#4774=CIRCLE('',#4773,3.5E0);
#4782=CIRCLE('',#4781,2.5E0);
#4797=CIRCLE('',#4796,1.292893218813E0);
#4812=CIRCLE('',#4811,1.E0);
#4820=CIRCLE('',#4819,5.857864376269E-1);
#4828=CIRCLE('',#4827,5.857864376269E-1);
#4836=CIRCLE('',#4835,5.857864376269E-1);
#4844=CIRCLE('',#4843,5.857864376269E-1);
#4852=CIRCLE('',#4851,5.857864376269E-1);
#4860=CIRCLE('',#4859,5.857864376269E-1);
#4868=CIRCLE('',#4867,1.E0);
#4876=CIRCLE('',#4875,1.E0);
#4884=CIRCLE('',#4883,1.292893218813E0);
#4899=CIRCLE('',#4898,1.292893218813E0);
#4914=CIRCLE('',#4913,2.5E0);
#4929=CIRCLE('',#4928,2.5E0);
#4944=CIRCLE('',#4943,1.E0);
#4952=CIRCLE('',#4951,1.E0);
#4960=CIRCLE('',#4959,1.292893218813E0);
#4975=CIRCLE('',#4974,1.292893218813E0);
#4990=CIRCLE('',#4989,2.5E0);
#5005=CIRCLE('',#5004,2.5E0);
#5020=CIRCLE('',#5019,1.E0);
#5028=CIRCLE('',#5027,1.292893218813E0);
#5043=CIRCLE('',#5042,2.5E0);
#5086=CIRCLE('',#5085,4.5E0);
#5094=CIRCLE('',#5093,4.5E0);
#5988=EDGE_CURVE('',#5294,#5295,#20,.T.);
#5990=EDGE_CURVE('',#5294,#5308,#28,.T.);
#5992=EDGE_CURVE('',#5308,#5309,#35,.T.);
#5994=EDGE_CURVE('',#5299,#5309,#42,.T.);
#5996=EDGE_CURVE('',#5298,#5299,#49,.T.);
#5998=EDGE_CURVE('',#5553,#5298,#56,.T.);
#6000=EDGE_CURVE('',#5553,#5547,#63,.T.);
#6002=EDGE_CURVE('',#5547,#5295,#70,.T.);
#6006=ADVANCED_FACE('',(#6005),#5987,.F.);
#6012=EDGE_CURVE('',#5302,#5303,#77,.T.);
#6014=EDGE_CURVE('',#5302,#5312,#84,.T.);
#6016=EDGE_CURVE('',#5312,#5313,#91,.T.);
#6018=EDGE_CURVE('',#5525,#5313,#98,.T.);
#6020=EDGE_CURVE('',#5524,#5525,#105,.T.);
#6022=EDGE_CURVE('',#5555,#5524,#112,.T.);
#6024=EDGE_CURVE('',#5555,#5551,#119,.T.);
#6026=EDGE_CURVE('',#5551,#5303,#126,.T.);
#6030=ADVANCED_FACE('',(#6029),#6011,.F.);
#6036=EDGE_CURVE('',#5316,#5317,#133,.T.);
#6038=EDGE_CURVE('',#5317,#5537,#140,.T.);
#6040=EDGE_CURVE('',#5536,#5537,#147,.T.);
#6042=EDGE_CURVE('',#5536,#5561,#154,.T.);
#6044=EDGE_CURVE('',#5561,#5567,#161,.T.);
#6046=EDGE_CURVE('',#5541,#5567,#168,.T.);
#6048=EDGE_CURVE('',#5540,#5541,#175,.T.);
#6050=EDGE_CURVE('',#5316,#5540,#182,.T.);
#6054=ADVANCED_FACE('',(#6053),#6035,.F.);
#6060=EDGE_CURVE('',#5320,#5321,#189,.T.);
#6062=EDGE_CURVE('',#5321,#5529,#196,.T.);
#6064=EDGE_CURVE('',#5528,#5529,#203,.T.);
#6066=EDGE_CURVE('',#5528,#5559,#210,.T.);
#6068=EDGE_CURVE('',#5559,#5563,#217,.T.);
#6070=EDGE_CURVE('',#5533,#5563,#224,.T.);
#6072=EDGE_CURVE('',#5532,#5533,#231,.T.);
#6074=EDGE_CURVE('',#5320,#5532,#238,.T.);
#6078=ADVANCED_FACE('',(#6077),#6059,.F.);
#6084=EDGE_CURVE('',#5644,#5793,#245,.T.);
#6086=EDGE_CURVE('',#5793,#5794,#3251,.T.);
#6088=EDGE_CURVE('',#5785,#5794,#252,.T.);
#6090=EDGE_CURVE('',#5785,#5208,#259,.T.);
#6092=EDGE_CURVE('',#5208,#5209,#267,.T.);
#6094=EDGE_CURVE('',#5209,#5708,#274,.T.);
#6096=EDGE_CURVE('',#5685,#5708,#281,.T.);
#6098=EDGE_CURVE('',#5685,#5686,#696,.T.);
#6100=EDGE_CURVE('',#5710,#5686,#288,.T.);
#6102=EDGE_CURVE('',#5710,#5557,#295,.T.);
#6104=EDGE_CURVE('',#5557,#5545,#302,.T.);
#6106=EDGE_CURVE('',#5544,#5545,#309,.T.);
#6108=EDGE_CURVE('',#5544,#5565,#316,.T.);
#6110=EDGE_CURVE('',#5565,#5100,#323,.T.);
#6112=EDGE_CURVE('',#5100,#5101,#331,.T.);
#6114=EDGE_CURVE('',#5101,#5644,#338,.T.);
#6118=ADVANCED_FACE('',(#6117),#6083,.F.);
#6124=EDGE_CURVE('',#5109,#5812,#345,.T.);
#6126=EDGE_CURVE('',#5818,#5812,#352,.T.);
#6128=EDGE_CURVE('',#5818,#5479,#359,.T.);
#6130=EDGE_CURVE('',#5479,#5200,#366,.T.);
#6132=EDGE_CURVE('',#5200,#5201,#374,.T.);
#6134=EDGE_CURVE('',#5201,#5728,#381,.T.);
#6136=EDGE_CURVE('',#5674,#5728,#388,.T.);
#6138=EDGE_CURVE('',#5673,#5674,#3349,.T.);
#6140=EDGE_CURVE('',#5730,#5673,#395,.T.);
#6142=EDGE_CURVE('',#5730,#5724,#402,.T.);
#6144=EDGE_CURVE('',#5670,#5724,#409,.T.);
#6146=EDGE_CURVE('',#5669,#5670,#3321,.T.);
#6148=EDGE_CURVE('',#5726,#5669,#416,.T.);
#6150=EDGE_CURVE('',#5726,#5204,#423,.T.);
#6152=EDGE_CURVE('',#5204,#5205,#431,.T.);
#6154=EDGE_CURVE('',#5205,#5781,#438,.T.);
#6156=EDGE_CURVE('',#5789,#5781,#445,.T.);
#6158=EDGE_CURVE('',#5789,#5790,#3237,.T.);
#6160=EDGE_CURVE('',#5790,#5646,#452,.T.);
#6162=EDGE_CURVE('',#5646,#5104,#459,.T.);
#6164=EDGE_CURVE('',#5104,#5105,#467,.T.);
#6166=EDGE_CURVE('',#5105,#5107,#474,.T.);
#6168=EDGE_CURVE('',#5107,#5109,#482,.T.);
#6172=ADVANCED_FACE('',(#6171),#6123,.F.);
#6178=EDGE_CURVE('',#5814,#5112,#489,.T.);
#6180=EDGE_CURVE('',#5112,#5113,#497,.T.);
#6182=EDGE_CURVE('',#5113,#5305,#504,.T.);
#6184=EDGE_CURVE('',#5291,#5305,#511,.T.);
#6186=EDGE_CURVE('',#5290,#5291,#518,.T.);
#6188=EDGE_CURVE('',#5549,#5290,#525,.T.);
#6190=EDGE_CURVE('',#5549,#5712,#532,.T.);
#6192=EDGE_CURVE('',#5689,#5712,#539,.T.);
#6194=EDGE_CURVE('',#5689,#5690,#724,.T.);
#6196=EDGE_CURVE('',#5714,#5690,#546,.T.);
#6198=EDGE_CURVE('',#5714,#5196,#553,.T.);
#6200=EDGE_CURVE('',#5196,#5197,#561,.T.);
#6202=EDGE_CURVE('',#5197,#5481,#568,.T.);
#6204=EDGE_CURVE('',#5816,#5481,#575,.T.);
#6206=EDGE_CURVE('',#5814,#5816,#582,.T.);
#6210=ADVANCED_FACE('',(#6209),#6177,.F.);
#6216=EDGE_CURVE('',#5537,#5874,#668,.T.);
#6218=EDGE_CURVE('',#5882,#5874,#589,.T.);
#6220=EDGE_CURVE('',#5882,#5540,#3815,.T.);
#6223=EDGE_CURVE('',#5485,#5541,#4281,.T.);
#6225=EDGE_CURVE('',#5484,#5485,#4266,.T.);
#6227=EDGE_CURVE('',#5544,#5484,#4252,.T.);
#6230=EDGE_CURVE('',#5545,#5520,#3844,.T.);
#6232=EDGE_CURVE('',#5520,#5521,#3822,.T.);
#6234=EDGE_CURVE('',#5521,#5880,#3793,.T.);
#6236=EDGE_CURVE('',#5872,#5880,#596,.T.);
#6238=EDGE_CURVE('',#5872,#5516,#653,.T.);
#6240=EDGE_CURVE('',#5516,#5517,#3895,.T.);
#6242=EDGE_CURVE('',#5517,#5876,#3866,.T.);
#6244=EDGE_CURVE('',#5864,#5876,#603,.T.);
#6246=EDGE_CURVE('',#5864,#5512,#3924,.T.);
#6248=EDGE_CURVE('',#5512,#5513,#3953,.T.);
#6250=EDGE_CURVE('',#5513,#5868,#3975,.T.);
#6252=EDGE_CURVE('',#5856,#5868,#610,.T.);
#6254=EDGE_CURVE('',#5856,#5508,#4019,.T.);
#6256=EDGE_CURVE('',#5508,#5509,#4048,.T.);
#6258=EDGE_CURVE('',#5509,#5860,#4070,.T.);
#6260=EDGE_CURVE('',#5854,#5860,#617,.T.);
#6262=EDGE_CURVE('',#5854,#5504,#3778,.T.);
#6264=EDGE_CURVE('',#5504,#5505,#3734,.T.);
#6266=EDGE_CURVE('',#5505,#5290,#3720,.T.);
#6269=EDGE_CURVE('',#5501,#5291,#4429,.T.);
#6271=EDGE_CURVE('',#5500,#5501,#4414,.T.);
#6273=EDGE_CURVE('',#5294,#5500,#4400,.T.);
#6276=EDGE_CURVE('',#5295,#5852,#3756,.T.);
#6278=EDGE_CURVE('',#5862,#5852,#624,.T.);
#6280=EDGE_CURVE('',#5862,#5298,#4092,.T.);
#6283=EDGE_CURVE('',#5497,#5299,#4392,.T.);
#6285=EDGE_CURVE('',#5496,#5497,#4377,.T.);
#6287=EDGE_CURVE('',#5302,#5496,#4363,.T.);
#6290=EDGE_CURVE('',#5303,#5858,#4034,.T.);
#6292=EDGE_CURVE('',#5870,#5858,#631,.T.);
#6294=EDGE_CURVE('',#5870,#5524,#3997,.T.);
#6297=EDGE_CURVE('',#5493,#5525,#4355,.T.);
#6299=EDGE_CURVE('',#5492,#5493,#4340,.T.);
#6301=EDGE_CURVE('',#5528,#5492,#4326,.T.);
#6304=EDGE_CURVE('',#5529,#5866,#3939,.T.);
#6306=EDGE_CURVE('',#5878,#5866,#638,.T.);
#6308=EDGE_CURVE('',#5878,#5532,#3888,.T.);
#6311=EDGE_CURVE('',#5489,#5533,#4318,.T.);
#6313=EDGE_CURVE('',#5488,#5489,#4303,.T.);
#6315=EDGE_CURVE('',#5536,#5488,#4289,.T.);
#6320=ADVANCED_FACE('',(#6319),#6215,.F.);
#6326=EDGE_CURVE('',#5833,#5872,#645,.T.);
#6328=EDGE_CURVE('',#5833,#5614,#835,.T.);
#6330=EDGE_CURVE('',#5614,#5516,#3902,.T.);
#6335=ADVANCED_FACE('',(#6334),#6325,.F.);
#6341=EDGE_CURVE('',#5838,#5874,#660,.T.);
#6345=EDGE_CURVE('',#5637,#5317,#3624,.T.);
#6347=EDGE_CURVE('',#5619,#5637,#675,.T.);
#6349=EDGE_CURVE('',#5619,#5838,#895,.T.);
#6353=ADVANCED_FACE('',(#6352),#6340,.F.);
#6359=EDGE_CURVE('',#5821,#5822,#752,.T.);
#6361=EDGE_CURVE('',#5821,#5854,#3770,.T.);
#6364=EDGE_CURVE('',#5822,#5860,#4062,.T.);
#6368=ADVANCED_FACE('',(#6367),#6358,.F.);
#6374=EDGE_CURVE('',#5825,#5826,#782,.T.);
#6376=EDGE_CURVE('',#5825,#5856,#4011,.T.);
#6379=EDGE_CURVE('',#5826,#5868,#3967,.T.);
#6383=ADVANCED_FACE('',(#6382),#6373,.F.);
#6389=EDGE_CURVE('',#5829,#5830,#812,.T.);
#6391=EDGE_CURVE('',#5829,#5864,#3916,.T.);
#6394=EDGE_CURVE('',#5830,#5876,#3858,.T.);
#6398=ADVANCED_FACE('',(#6397),#6388,.F.);
#6404=EDGE_CURVE('',#5833,#5834,#842,.T.);
#6408=EDGE_CURVE('',#5834,#5880,#3785,.T.);
#6412=ADVANCED_FACE('',(#6411),#6403,.F.);
#6418=EDGE_CURVE('',#5161,#5177,#682,.T.);
#6420=EDGE_CURVE('',#5177,#5164,#3164,.T.);
#6422=EDGE_CURVE('',#5164,#5148,#689,.T.);
#6424=EDGE_CURVE('',#5161,#5148,#1621,.T.);
#6429=EDGE_CURVE('',#5685,#5693,#703,.T.);
#6431=EDGE_CURVE('',#5693,#5694,#710,.T.);
#6433=EDGE_CURVE('',#5686,#5694,#717,.T.);
#6438=EDGE_CURVE('',#5689,#5697,#731,.T.);
#6440=EDGE_CURVE('',#5697,#5698,#738,.T.);
#6442=EDGE_CURVE('',#5690,#5698,#745,.T.);
#6447=EDGE_CURVE('',#5603,#5822,#760,.T.);
#6449=EDGE_CURVE('',#5602,#5603,#767,.T.);
#6451=EDGE_CURVE('',#5825,#5602,#775,.T.);
#6454=EDGE_CURVE('',#5611,#5826,#790,.T.);
#6456=EDGE_CURVE('',#5610,#5611,#797,.T.);
#6458=EDGE_CURVE('',#5829,#5610,#805,.T.);
#6461=EDGE_CURVE('',#5615,#5830,#820,.T.);
#6463=EDGE_CURVE('',#5614,#5615,#827,.T.);
#6467=EDGE_CURVE('',#5623,#5834,#850,.T.);
#6469=EDGE_CURVE('',#5622,#5623,#857,.T.);
#6471=EDGE_CURVE('',#5625,#5622,#865,.T.);
#6473=EDGE_CURVE('',#5627,#5625,#872,.T.);
#6475=EDGE_CURVE('',#5837,#5627,#880,.T.);
#6477=EDGE_CURVE('',#5837,#5838,#887,.T.);
#6480=EDGE_CURVE('',#5618,#5619,#902,.T.);
#6482=EDGE_CURVE('',#5841,#5618,#910,.T.);
#6484=EDGE_CURVE('',#5841,#5842,#917,.T.);
#6486=EDGE_CURVE('',#5607,#5842,#925,.T.);
#6488=EDGE_CURVE('',#5606,#5607,#932,.T.);
#6490=EDGE_CURVE('',#5845,#5606,#940,.T.);
#6492=EDGE_CURVE('',#5845,#5846,#947,.T.);
#6494=EDGE_CURVE('',#5599,#5846,#955,.T.);
#6496=EDGE_CURVE('',#5598,#5599,#962,.T.);
#6498=EDGE_CURVE('',#5849,#5598,#970,.T.);
#6500=EDGE_CURVE('',#5849,#5850,#977,.T.);
#6502=EDGE_CURVE('',#5595,#5850,#985,.T.);
#6504=EDGE_CURVE('',#5594,#5595,#992,.T.);
#6506=EDGE_CURVE('',#5591,#5594,#1000,.T.);
#6508=EDGE_CURVE('',#5590,#5591,#1007,.T.);
#6510=EDGE_CURVE('',#5821,#5590,#1015,.T.);
#6514=ADVANCED_FACE('',(#6427,#6436,#6445,#6513),#6417,.F.);
#6520=EDGE_CURVE('',#5160,#5176,#1022,.T.);
#6522=EDGE_CURVE('',#5176,#5177,#3172,.T.);
#6525=EDGE_CURVE('',#5160,#5161,#1614,.T.);
#6529=ADVANCED_FACE('',(#6528),#6519,.F.);
#6535=EDGE_CURVE('',#5953,#5954,#1029,.T.);
#6537=EDGE_CURVE('',#5949,#5953,#1036,.T.);
#6539=EDGE_CURVE('',#5157,#5949,#1666,.T.);
#6541=EDGE_CURVE('',#5157,#5173,#1043,.T.);
#6543=EDGE_CURVE('',#5173,#5471,#3112,.T.);
#6545=EDGE_CURVE('',#5471,#5469,#1050,.T.);
#6547=EDGE_CURVE('',#5467,#5469,#1058,.T.);
#6549=EDGE_CURVE('',#5465,#5467,#1065,.T.);
#6551=EDGE_CURVE('',#5464,#5465,#1073,.T.);
#6553=EDGE_CURVE('',#5473,#5464,#1080,.T.);
#6555=EDGE_CURVE('',#5473,#5176,#3179,.T.);
#6558=EDGE_CURVE('',#5956,#5160,#1606,.T.);
#6560=EDGE_CURVE('',#5956,#5954,#1087,.T.);
#6564=ADVANCED_FACE('',(#6563),#6534,.F.);
#6570=EDGE_CURVE('',#5979,#5980,#1095,.T.);
#6572=EDGE_CURVE('',#5982,#5979,#1103,.T.);
#6574=EDGE_CURVE('',#5958,#5982,#1207,.T.);
#6576=EDGE_CURVE('',#5953,#5958,#1111,.T.);
#6579=EDGE_CURVE('',#5961,#5954,#5094,.T.);
#6581=EDGE_CURVE('',#5980,#5961,#1192,.T.);
#6585=ADVANCED_FACE('',(#6584),#6569,.T.);
#6591=EDGE_CURVE('',#5975,#5976,#1136,.T.);
#6593=EDGE_CURVE('',#5979,#5975,#1118,.T.);
#6596=EDGE_CURVE('',#5972,#5980,#1128,.T.);
#6598=EDGE_CURVE('',#5972,#5976,#1165,.T.);
#6602=ADVANCED_FACE('',(#6601),#6590,.F.);
#6609=EDGE_CURVE('',#5945,#5976,#1158,.T.);
#6611=EDGE_CURVE('',#5945,#5946,#1591,.T.);
#6613=EDGE_CURVE('',#5946,#5975,#1143,.T.);
#6617=ADVANCED_FACE('',(#6616),#6607,.F.);
#6623=EDGE_CURVE('',#5976,#5975,#1151,.T.);
#6626=EDGE_CURVE('',#5946,#5945,#1599,.T.);
#6631=ADVANCED_FACE('',(#6630),#6622,.F.);
#6641=EDGE_CURVE('',#5971,#5972,#1175,.T.);
#6643=EDGE_CURVE('',#5982,#5971,#1184,.T.);
#6647=ADVANCED_FACE('',(#6646),#6636,.F.);
#6653=EDGE_CURVE('',#5971,#5217,#1214,.T.);
#6658=EDGE_CURVE('',#5961,#5962,#1199,.T.);
#6660=EDGE_CURVE('',#5962,#5243,#1690,.T.);
#6662=EDGE_CURVE('',#5216,#5243,#1221,.T.);
#6664=EDGE_CURVE('',#5217,#5216,#1260,.T.);
#6668=ADVANCED_FACE('',(#6667),#6652,.T.);
#6677=EDGE_CURVE('',#5216,#5217,#1252,.T.);
#6680=EDGE_CURVE('',#5243,#5950,#1682,.T.);
#6682=EDGE_CURVE('',#5958,#5950,#1228,.T.);
#6686=ADVANCED_FACE('',(#6685),#6673,.T.);
#6692=EDGE_CURVE('',#5212,#5213,#1236,.T.);
#6694=EDGE_CURVE('',#5213,#5212,#1244,.T.);
#6698=EDGE_CURVE('',#5280,#5281,#1332,.T.);
#6700=EDGE_CURVE('',#5281,#5280,#1340,.T.);
#6704=ADVANCED_FACE('',(#6697,#6703),#6691,.F.);
#6714=EDGE_CURVE('',#5284,#5285,#1348,.T.);
#6716=EDGE_CURVE('',#5285,#5284,#1356,.T.);
#6720=ADVANCED_FACE('',(#6713,#6719),#6709,.F.);
#6726=EDGE_CURVE('',#5224,#5225,#1284,.T.);
#6728=EDGE_CURVE('',#5225,#5224,#1292,.T.);
#6732=EDGE_CURVE('',#5220,#5221,#1268,.T.);
#6734=EDGE_CURVE('',#5221,#5220,#1276,.T.);
#6738=ADVANCED_FACE('',(#6731,#6737),#6725,.F.);
#6744=EDGE_CURVE('',#5228,#5229,#1300,.T.);
#6746=EDGE_CURVE('',#5229,#5228,#1308,.T.);
#6750=EDGE_CURVE('',#5276,#5277,#1316,.T.);
#6752=EDGE_CURVE('',#5277,#5276,#1324,.T.);
#6756=ADVANCED_FACE('',(#6749,#6755),#6743,.F.);
#6762=EDGE_CURVE('',#5236,#5237,#1387,.T.);
#6764=EDGE_CURVE('',#5213,#5237,#4664,.T.);
#6767=EDGE_CURVE('',#5212,#5236,#1363,.T.);
#6771=ADVANCED_FACE('',(#6770),#6761,.T.);
#6777=EDGE_CURVE('',#5232,#5233,#1371,.T.);
#6779=EDGE_CURVE('',#5233,#5232,#1379,.T.);
#6783=ADVANCED_FACE('',(#6782),#6776,.F.);
#6789=EDGE_CURVE('',#5240,#5241,#1403,.T.);
#6791=EDGE_CURVE('',#5241,#5240,#1411,.T.);
#6795=ADVANCED_FACE('',(#6794),#6788,.F.);
#6801=EDGE_CURVE('',#5245,#5391,#1495,.T.);
#6803=EDGE_CURVE('',#5391,#5393,#1503,.T.);
#6805=EDGE_CURVE('',#5393,#5245,#1511,.T.);
#6809=ADVANCED_FACE('',(#6808),#6800,.F.);
#6815=EDGE_CURVE('',#5397,#5287,#1519,.T.);
#6817=EDGE_CURVE('',#5287,#5399,#1527,.T.);
#6819=EDGE_CURVE('',#5399,#5397,#1535,.T.);
#6823=ADVANCED_FACE('',(#6822),#6814,.F.);
#6833=EDGE_CURVE('',#5969,#5970,#1698,.T.);
#6835=EDGE_CURVE('',#5970,#5969,#1706,.T.);
#6839=ADVANCED_FACE('',(#6832,#6838),#6828,.F.);
#6845=EDGE_CURVE('',#5956,#5962,#5086,.T.);
#6850=EDGE_CURVE('',#5148,#5149,#1629,.T.);
#6852=EDGE_CURVE('',#5149,#5151,#1636,.T.);
#6854=EDGE_CURVE('',#5151,#5153,#1644,.T.);
#6856=EDGE_CURVE('',#5153,#5155,#1651,.T.);
#6858=EDGE_CURVE('',#5155,#5157,#1659,.T.);
#6861=EDGE_CURVE('',#5949,#5950,#1674,.T.);
#6868=EDGE_CURVE('',#5237,#5236,#1395,.T.);
#6872=EDGE_CURVE('',#5331,#5247,#1419,.T.);
#6874=EDGE_CURVE('',#5331,#5411,#1426,.T.);
#6876=EDGE_CURVE('',#5411,#5413,#1434,.T.);
#6878=EDGE_CURVE('',#5413,#5415,#1441,.T.);
#6880=EDGE_CURVE('',#5415,#5417,#1449,.T.);
#6882=EDGE_CURVE('',#5417,#5333,#1456,.T.);
#6884=EDGE_CURVE('',#5249,#5333,#1464,.T.);
#6886=EDGE_CURVE('',#5401,#5249,#1472,.T.);
#6888=EDGE_CURVE('',#5401,#5395,#1479,.T.);
#6890=EDGE_CURVE('',#5247,#5395,#1487,.T.);
#6894=EDGE_CURVE('',#5460,#5461,#1543,.T.);
#6896=EDGE_CURVE('',#5461,#5460,#1551,.T.);
#6900=EDGE_CURVE('',#5901,#5902,#1559,.T.);
#6902=EDGE_CURVE('',#5902,#5901,#1567,.T.);
#6906=EDGE_CURVE('',#5905,#5906,#1575,.T.);
#6908=EDGE_CURVE('',#5906,#5905,#1583,.T.);
#6912=ADVANCED_FACE('',(#6866,#6871,#6893,#6899,#6905,#6911),#6844,.F.);
#6918=EDGE_CURVE('',#5268,#5232,#1720,.T.);
#6920=EDGE_CURVE('',#5268,#5269,#1792,.T.);
#6922=EDGE_CURVE('',#5233,#5269,#1713,.T.);
#6927=ADVANCED_FACE('',(#6926),#6917,.F.);
#6934=EDGE_CURVE('',#5269,#5268,#1800,.T.);
#6940=ADVANCED_FACE('',(#6939),#6932,.F.);
#6946=EDGE_CURVE('',#5252,#5253,#1728,.T.);
#6948=EDGE_CURVE('',#5253,#5252,#1736,.T.);
#6952=EDGE_CURVE('',#5272,#5273,#1808,.T.);
#6954=EDGE_CURVE('',#5273,#5272,#1816,.T.);
#6958=ADVANCED_FACE('',(#6951,#6957),#6945,.T.);
#6964=EDGE_CURVE('',#5256,#5257,#1744,.T.);
#6966=EDGE_CURVE('',#5257,#5256,#1752,.T.);
#6974=ADVANCED_FACE('',(#6969,#6973),#6963,.T.);
#6980=EDGE_CURVE('',#5260,#5261,#1760,.T.);
#6982=EDGE_CURVE('',#5261,#5260,#1768,.T.);
#6986=EDGE_CURVE('',#5264,#5265,#1776,.T.);
#6988=EDGE_CURVE('',#5265,#5264,#1784,.T.);
#6992=ADVANCED_FACE('',(#6985,#6991),#6979,.T.);
#6999=EDGE_CURVE('',#5276,#5252,#1823,.T.);
#7002=EDGE_CURVE('',#5277,#5253,#1830,.T.);
#7006=ADVANCED_FACE('',(#7005),#6997,.T.);
#7018=ADVANCED_FACE('',(#7017),#7011,.T.);
#7025=EDGE_CURVE('',#5280,#5256,#1837,.T.);
#7028=EDGE_CURVE('',#5281,#5257,#1844,.T.);
#7032=ADVANCED_FACE('',(#7031),#7023,.T.);
#7044=ADVANCED_FACE('',(#7043),#7037,.T.);
#7051=EDGE_CURVE('',#5284,#5260,#1851,.T.);
#7054=EDGE_CURVE('',#5285,#5261,#1858,.T.);
#7058=ADVANCED_FACE('',(#7057),#7049,.T.);
#7070=ADVANCED_FACE('',(#7069),#7063,.T.);
#7076=EDGE_CURVE('',#5264,#5240,#1872,.T.);
#7079=EDGE_CURVE('',#5241,#5265,#1865,.T.);
#7084=ADVANCED_FACE('',(#7083),#7075,.F.);
#7096=ADVANCED_FACE('',(#7095),#7089,.F.);
#7102=EDGE_CURVE('',#5384,#5385,#1880,.T.);
#7104=EDGE_CURVE('',#5272,#5384,#2200,.T.);
#7107=EDGE_CURVE('',#5287,#5273,#2193,.T.);
#7110=EDGE_CURVE('',#5385,#5397,#1887,.T.);
#7114=ADVANCED_FACE('',(#7113),#7101,.F.);
#7120=EDGE_CURVE('',#5376,#5377,#2135,.T.);
#7122=EDGE_CURVE('',#5377,#5379,#2157,.T.);
#7124=EDGE_CURVE('',#5376,#5379,#1895,.T.);
#7128=ADVANCED_FACE('',(#7127),#7119,.T.);
#7135=EDGE_CURVE('',#5387,#5385,#1903,.T.);
#7137=EDGE_CURVE('',#5387,#5384,#2179,.T.);
#7141=ADVANCED_FACE('',(#7140),#7133,.T.);
#7147=EDGE_CURVE('',#5749,#5750,#1911,.T.);
#7149=EDGE_CURVE('',#5750,#5752,#1919,.T.);
#7151=EDGE_CURVE('',#5425,#5752,#1926,.T.);
#7153=EDGE_CURVE('',#5433,#5425,#1933,.T.);
#7155=EDGE_CURVE('',#5432,#5433,#1940,.T.);
#7157=EDGE_CURVE('',#5405,#5432,#1947,.T.);
#7159=EDGE_CURVE('',#5404,#5405,#1955,.T.);
#7161=EDGE_CURVE('',#5325,#5404,#1962,.T.);
#7163=EDGE_CURVE('',#5324,#5325,#4608,.T.);
#7165=EDGE_CURVE('',#5381,#5324,#4586,.T.);
#7167=EDGE_CURVE('',#5389,#5381,#1969,.T.);
#7169=EDGE_CURVE('',#5329,#5389,#4564,.T.);
#7171=EDGE_CURVE('',#5328,#5329,#4542,.T.);
#7173=EDGE_CURVE('',#5409,#5328,#1976,.T.);
#7175=EDGE_CURVE('',#5408,#5409,#1984,.T.);
#7177=EDGE_CURVE('',#5428,#5408,#1991,.T.);
#7179=EDGE_CURVE('',#5428,#5429,#1998,.T.);
#7181=EDGE_CURVE('',#5423,#5429,#2005,.T.);
#7183=EDGE_CURVE('',#5777,#5423,#2012,.T.);
#7185=EDGE_CURVE('',#5777,#5778,#2020,.T.);
#7187=EDGE_CURVE('',#5778,#5773,#2028,.T.);
#7189=EDGE_CURVE('',#5773,#5774,#2036,.T.);
#7191=EDGE_CURVE('',#5769,#5774,#2043,.T.);
#7193=EDGE_CURVE('',#5769,#5770,#2051,.T.);
#7195=EDGE_CURVE('',#5770,#5765,#2059,.T.);
#7197=EDGE_CURVE('',#5765,#5766,#2067,.T.);
#7199=EDGE_CURVE('',#5421,#5766,#2074,.T.);
#7201=EDGE_CURVE('',#5420,#5421,#2081,.T.);
#7203=EDGE_CURVE('',#5762,#5420,#2088,.T.);
#7205=EDGE_CURVE('',#5762,#5757,#2096,.T.);
#7207=EDGE_CURVE('',#5757,#5758,#2104,.T.);
#7209=EDGE_CURVE('',#5758,#5760,#2112,.T.);
#7211=EDGE_CURVE('',#5754,#5760,#2119,.T.);
#7213=EDGE_CURVE('',#5754,#5749,#2127,.T.);
#7217=ADVANCED_FACE('',(#7216),#7146,.T.);
#7224=EDGE_CURVE('',#5376,#5391,#2142,.T.);
#7227=EDGE_CURVE('',#5221,#5245,#2164,.T.);
#7230=EDGE_CURVE('',#5220,#5377,#2149,.T.);
#7234=ADVANCED_FACE('',(#7233),#7222,.F.);
#7243=EDGE_CURVE('',#5379,#5393,#2171,.T.);
#7247=ADVANCED_FACE('',(#7246),#7239,.T.);
#7261=ADVANCED_FACE('',(#7260),#7252,.F.);
#7268=EDGE_CURVE('',#5387,#5399,#2186,.T.);
#7274=ADVANCED_FACE('',(#7273),#7266,.T.);
#7288=ADVANCED_FACE('',(#7287),#7279,.F.);
#7295=EDGE_CURVE('',#5749,#5733,#2207,.T.);
#7297=EDGE_CURVE('',#5733,#5734,#2222,.T.);
#7299=EDGE_CURVE('',#5750,#5734,#2214,.T.);
#7303=ADVANCED_FACE('',(#7302),#7293,.T.);
#7311=EDGE_CURVE('',#5734,#5733,#2230,.T.);
#7315=EDGE_CURVE('',#5752,#5754,#2300,.T.);
#7319=ADVANCED_FACE('',(#7318),#7308,.T.);
#7329=ADVANCED_FACE('',(#7328),#7324,.T.);
#7335=EDGE_CURVE('',#5737,#5738,#2238,.T.);
#7337=EDGE_CURVE('',#5738,#5737,#2246,.T.);
#7341=ADVANCED_FACE('',(#7340),#7334,.T.);
#7347=EDGE_CURVE('',#5741,#5742,#2254,.T.);
#7349=EDGE_CURVE('',#5742,#5741,#2262,.T.);
#7353=ADVANCED_FACE('',(#7352),#7346,.T.);
#7359=EDGE_CURVE('',#5745,#5746,#2270,.T.);
#7361=EDGE_CURVE('',#5746,#5745,#2278,.T.);
#7365=ADVANCED_FACE('',(#7364),#7358,.T.);
#7372=EDGE_CURVE('',#5757,#5737,#2285,.T.);
#7375=EDGE_CURVE('',#5758,#5738,#2292,.T.);
#7379=ADVANCED_FACE('',(#7378),#7370,.T.);
#7390=EDGE_CURVE('',#5760,#5762,#2308,.T.);
#7394=ADVANCED_FACE('',(#7393),#7384,.T.);
#7400=EDGE_CURVE('',#5752,#5754,#2331,.T.);
#7405=ADVANCED_FACE('',(#7404),#7399,.F.);
#7411=EDGE_CURVE('',#5760,#5762,#2338,.T.);
#7416=ADVANCED_FACE('',(#7415),#7410,.F.);
#7422=EDGE_CURVE('',#5777,#5774,#2352,.T.);
#7424=EDGE_CURVE('',#5774,#5777,#2316,.T.);
#7428=ADVANCED_FACE('',(#7427),#7421,.F.);
#7434=EDGE_CURVE('',#5769,#5766,#2366,.T.);
#7436=EDGE_CURVE('',#5766,#5769,#2324,.T.);
#7440=ADVANCED_FACE('',(#7439),#7433,.F.);
#7450=EDGE_CURVE('',#5368,#5420,#2345,.T.);
#7452=EDGE_CURVE('',#5368,#5369,#2524,.T.);
#7454=EDGE_CURVE('',#5425,#5369,#2380,.T.);
#7459=ADVANCED_FACE('',(#7458),#7445,.F.);
#7467=EDGE_CURVE('',#5373,#5421,#2359,.T.);
#7469=EDGE_CURVE('',#5373,#5368,#2531,.T.);
#7473=ADVANCED_FACE('',(#7472),#7464,.F.);
#7481=EDGE_CURVE('',#5372,#5423,#2373,.T.);
#7483=EDGE_CURVE('',#5372,#5373,#2538,.T.);
#7491=ADVANCED_FACE('',(#7490),#7478,.F.);
#7497=EDGE_CURVE('',#5447,#5429,#2387,.T.);
#7499=EDGE_CURVE('',#5447,#5372,#2545,.T.);
#7505=ADVANCED_FACE('',(#7504),#7496,.F.);
#7511=EDGE_CURVE('',#5433,#5449,#2422,.T.);
#7515=EDGE_CURVE('',#5369,#5449,#2517,.T.);
#7519=ADVANCED_FACE('',(#7518),#7510,.F.);
#7525=EDGE_CURVE('',#5441,#5437,#2401,.T.);
#7527=EDGE_CURVE('',#5443,#5441,#2415,.T.);
#7529=EDGE_CURVE('',#5447,#5443,#2496,.T.);
#7533=EDGE_CURVE('',#5428,#5437,#4506,.T.);
#7537=ADVANCED_FACE('',(#7536),#7524,.F.);
#7543=EDGE_CURVE('',#5440,#5441,#2394,.T.);
#7546=EDGE_CURVE('',#5436,#5437,#4499,.T.);
#7548=EDGE_CURVE('',#5436,#5440,#2408,.T.);
#7552=ADVANCED_FACE('',(#7551),#7542,.F.);
#7559=EDGE_CURVE('',#5440,#5445,#2429,.T.);
#7561=EDGE_CURVE('',#5443,#5445,#2503,.T.);
#7566=ADVANCED_FACE('',(#7565),#7557,.F.);
#7573=EDGE_CURVE('',#5445,#5449,#2510,.T.);
#7577=EDGE_CURVE('',#5432,#5436,#4520,.T.);
#7582=ADVANCED_FACE('',(#7581),#7571,.F.);
#7588=EDGE_CURVE('',#5336,#5337,#2436,.T.);
#7590=EDGE_CURVE('',#5349,#5336,#2444,.T.);
#7592=EDGE_CURVE('',#5347,#5349,#2451,.T.);
#7594=EDGE_CURVE('',#5345,#5347,#2459,.T.);
#7596=EDGE_CURVE('',#5343,#5345,#2466,.T.);
#7598=EDGE_CURVE('',#5341,#5343,#2474,.T.);
#7600=EDGE_CURVE('',#5339,#5341,#2481,.T.);
#7602=EDGE_CURVE('',#5337,#5339,#2489,.T.);
#7616=ADVANCED_FACE('',(#7605,#7615),#7587,.T.);
#7622=EDGE_CURVE('',#5352,#5353,#2619,.T.);
#7624=EDGE_CURVE('',#5352,#5336,#2552,.T.);
#7627=EDGE_CURVE('',#5353,#5337,#4436,.T.);
#7631=ADVANCED_FACE('',(#7630),#7621,.F.);
#7637=EDGE_CURVE('',#5116,#5117,#2560,.T.);
#7639=EDGE_CURVE('',#5143,#5116,#2567,.T.);
#7641=EDGE_CURVE('',#5139,#5143,#2575,.T.);
#7643=EDGE_CURVE('',#5135,#5139,#2582,.T.);
#7645=EDGE_CURVE('',#5131,#5135,#2590,.T.);
#7647=EDGE_CURVE('',#5127,#5131,#2597,.T.);
#7649=EDGE_CURVE('',#5123,#5127,#2605,.T.);
#7651=EDGE_CURVE('',#5117,#5123,#2612,.T.);
#7656=EDGE_CURVE('',#5353,#5355,#2627,.T.);
#7658=EDGE_CURVE('',#5355,#5357,#2634,.T.);
#7660=EDGE_CURVE('',#5357,#5359,#2642,.T.);
#7662=EDGE_CURVE('',#5359,#5361,#2649,.T.);
#7664=EDGE_CURVE('',#5361,#5363,#2657,.T.);
#7666=EDGE_CURVE('',#5363,#5365,#2664,.T.);
#7668=EDGE_CURVE('',#5365,#5352,#2672,.T.);
#7672=EDGE_CURVE('',#5965,#5966,#2680,.T.);
#7674=EDGE_CURVE('',#5966,#5965,#2688,.T.);
#7678=ADVANCED_FACE('',(#7654,#7671,#7677),#7636,.T.);
#7685=EDGE_CURVE('',#5117,#5121,#2704,.T.);
#7687=EDGE_CURVE('',#5120,#5121,#4164,.T.);
#7689=EDGE_CURVE('',#5116,#5120,#2696,.T.);
#7693=ADVANCED_FACE('',(#7692),#7683,.T.);
#7700=EDGE_CURVE('',#5123,#5125,#2712,.T.);
#7702=EDGE_CURVE('',#5121,#5125,#4134,.T.);
#7707=ADVANCED_FACE('',(#7706),#7698,.T.);
#7714=EDGE_CURVE('',#5127,#5129,#2720,.T.);
#7716=EDGE_CURVE('',#5125,#5129,#4179,.T.);
#7721=ADVANCED_FACE('',(#7720),#7712,.T.);
#7728=EDGE_CURVE('',#5131,#5133,#2728,.T.);
#7730=EDGE_CURVE('',#5129,#5133,#4193,.T.);
#7735=ADVANCED_FACE('',(#7734),#7726,.T.);
#7742=EDGE_CURVE('',#5135,#5137,#2736,.T.);
#7744=EDGE_CURVE('',#5133,#5137,#4208,.T.);
#7749=ADVANCED_FACE('',(#7748),#7740,.T.);
#7756=EDGE_CURVE('',#5139,#5141,#2744,.T.);
#7758=EDGE_CURVE('',#5137,#5141,#2940,.T.);
#7763=ADVANCED_FACE('',(#7762),#7754,.T.);
#7770=EDGE_CURVE('',#5143,#5145,#2752,.T.);
#7772=EDGE_CURVE('',#5141,#5145,#2889,.T.);
#7777=ADVANCED_FACE('',(#7776),#7768,.T.);
#7785=EDGE_CURVE('',#5145,#5120,#2766,.T.);
#7790=ADVANCED_FACE('',(#7789),#7782,.T.);
#7797=EDGE_CURVE('',#5113,#5145,#2759,.T.);
#7800=EDGE_CURVE('',#5100,#5120,#4171,.T.);
#7803=EDGE_CURVE('',#5565,#5586,#2774,.T.);
#7805=EDGE_CURVE('',#5586,#5587,#2781,.T.);
#7807=EDGE_CURVE('',#5587,#5567,#2789,.T.);
#7810=EDGE_CURVE('',#5561,#5582,#2797,.T.);
#7812=EDGE_CURVE('',#5582,#5583,#2804,.T.);
#7814=EDGE_CURVE('',#5583,#5563,#2812,.T.);
#7817=EDGE_CURVE('',#5559,#5577,#2820,.T.);
#7819=EDGE_CURVE('',#5577,#5579,#2827,.T.);
#7821=EDGE_CURVE('',#5579,#5313,#2835,.T.);
#7824=EDGE_CURVE('',#5312,#5573,#2843,.T.);
#7826=EDGE_CURVE('',#5573,#5575,#2850,.T.);
#7828=EDGE_CURVE('',#5575,#5309,#2858,.T.);
#7831=EDGE_CURVE('',#5308,#5570,#2866,.T.);
#7833=EDGE_CURVE('',#5570,#5571,#2873,.T.);
#7835=EDGE_CURVE('',#5571,#5305,#2881,.T.);
#7839=ADVANCED_FACE('',(#7838),#7795,.T.);
#7848=EDGE_CURVE('',#5112,#5141,#2896,.T.);
#7852=ADVANCED_FACE('',(#7851),#7844,.T.);
#7858=EDGE_CURVE('',#5801,#5802,#2904,.T.);
#7860=EDGE_CURVE('',#5804,#5801,#2911,.T.);
#7862=EDGE_CURVE('',#5808,#5804,#2919,.T.);
#7864=EDGE_CURVE('',#5812,#5808,#2926,.T.);
#7867=EDGE_CURVE('',#5109,#5137,#2933,.T.);
#7872=EDGE_CURVE('',#5802,#5814,#2947,.T.);
#7876=ADVANCED_FACE('',(#7875),#7857,.T.);
#7882=EDGE_CURVE('',#5797,#5798,#2962,.T.);
#7884=EDGE_CURVE('',#5801,#5797,#2954,.T.);
#7887=EDGE_CURVE('',#5802,#5798,#2983,.T.);
#7891=ADVANCED_FACE('',(#7890),#7881,.F.);
#7898=EDGE_CURVE('',#5464,#5798,#2969,.T.);
#7901=EDGE_CURVE('',#5465,#5797,#3046,.T.);
#7905=ADVANCED_FACE('',(#7904),#7896,.F.);
#7911=EDGE_CURVE('',#5798,#5816,#2976,.T.);
#7914=EDGE_CURVE('',#5477,#5481,#2997,.T.);
#7916=EDGE_CURVE('',#5477,#5473,#3186,.T.);
#7922=ADVANCED_FACE('',(#7921),#7910,.F.);
#7934=ADVANCED_FACE('',(#7933),#7927,.T.);
#7940=EDGE_CURVE('',#5475,#5479,#2990,.T.);
#7942=EDGE_CURVE('',#5475,#5186,#3098,.T.);
#7944=EDGE_CURVE('',#5200,#5186,#4113,.T.);
#7949=ADVANCED_FACE('',(#7948),#7939,.T.);
#7957=EDGE_CURVE('',#5197,#5183,#3004,.T.);
#7959=EDGE_CURVE('',#5183,#5477,#3193,.T.);
#7963=ADVANCED_FACE('',(#7962),#7954,.T.);
#7969=EDGE_CURVE('',#5818,#5810,#3011,.T.);
#7971=EDGE_CURVE('',#5469,#5810,#3018,.T.);
#7974=EDGE_CURVE('',#5475,#5471,#3105,.T.);
#7980=ADVANCED_FACE('',(#7979),#7968,.F.);
#7988=EDGE_CURVE('',#5808,#5810,#3025,.T.);
#7993=ADVANCED_FACE('',(#7992),#7985,.T.);
#8000=EDGE_CURVE('',#5804,#5806,#3032,.T.);
#8002=EDGE_CURVE('',#5810,#5806,#3054,.T.);
#8007=ADVANCED_FACE('',(#8006),#7998,.F.);
#8015=EDGE_CURVE('',#5806,#5797,#3039,.T.);
#8020=ADVANCED_FACE('',(#8019),#8012,.T.);
#8029=EDGE_CURVE('',#5467,#5806,#3061,.T.);
#8033=ADVANCED_FACE('',(#8032),#8025,.F.);
#8045=ADVANCED_FACE('',(#8044),#8038,.F.);
#8051=EDGE_CURVE('',#5782,#5662,#3230,.T.);
#8053=EDGE_CURVE('',#5191,#5782,#3068,.T.);
#8055=EDGE_CURVE('',#5189,#5191,#3076,.T.);
#8057=EDGE_CURVE('',#5187,#5189,#3083,.T.);
#8059=EDGE_CURVE('',#5186,#5187,#3091,.T.);
#8064=EDGE_CURVE('',#5171,#5173,#3120,.T.);
#8066=EDGE_CURVE('',#5169,#5171,#3127,.T.);
#8068=EDGE_CURVE('',#5168,#5169,#3135,.T.);
#8070=EDGE_CURVE('',#5662,#5168,#3142,.T.);
#8074=ADVANCED_FACE('',(#8073),#8050,.T.);
#8080=EDGE_CURVE('',#5660,#5786,#3698,.T.);
#8082=EDGE_CURVE('',#5165,#5660,#3149,.T.);
#8084=EDGE_CURVE('',#5164,#5165,#3157,.T.);
#8091=EDGE_CURVE('',#5181,#5183,#3201,.T.);
#8093=EDGE_CURVE('',#5180,#5181,#3208,.T.);
#8095=EDGE_CURVE('',#5193,#5180,#3216,.T.);
#8097=EDGE_CURVE('',#5786,#5193,#3223,.T.);
#8101=ADVANCED_FACE('',(#8100),#8079,.T.);
#8107=EDGE_CURVE('',#5789,#5653,#3244,.T.);
#8110=EDGE_CURVE('',#5781,#5782,#3670,.T.);
#8113=EDGE_CURVE('',#5662,#5657,#3286,.T.);
#8115=EDGE_CURVE('',#5657,#5653,#3272,.T.);
#8119=ADVANCED_FACE('',(#8118),#8106,.F.);
#8127=EDGE_CURVE('',#5653,#5654,#3265,.T.);
#8129=EDGE_CURVE('',#5794,#5654,#3705,.T.);
#8132=EDGE_CURVE('',#5793,#5665,#4120,.T.);
#8134=EDGE_CURVE('',#5665,#5666,#4237,.T.);
#8136=EDGE_CURVE('',#5666,#5790,#4222,.T.);
#8140=ADVANCED_FACE('',(#8139),#8124,.F.);
#8146=EDGE_CURVE('',#5657,#5658,#3279,.T.);
#8148=EDGE_CURVE('',#5654,#5658,#3258,.T.);
#8154=ADVANCED_FACE('',(#8153),#8145,.T.);
#8175=EDGE_CURVE('',#5151,#5168,#3307,.T.);
#8178=EDGE_CURVE('',#5149,#5165,#3293,.T.);
#8181=EDGE_CURVE('',#5660,#5658,#3300,.T.);
#8185=ADVANCED_FACE('',(#8184),#8171,.F.);
#8193=EDGE_CURVE('',#5153,#5169,#3314,.T.);
#8198=ADVANCED_FACE('',(#8197),#8190,.F.);
#8206=EDGE_CURVE('',#5155,#5171,#3377,.T.);
#8212=EDGE_CURVE('',#5670,#5678,#3328,.T.);
#8214=EDGE_CURVE('',#5677,#5678,#3335,.T.);
#8216=EDGE_CURVE('',#5669,#5677,#3342,.T.);
#8221=EDGE_CURVE('',#5674,#5682,#3356,.T.);
#8223=EDGE_CURVE('',#5681,#5682,#3363,.T.);
#8225=EDGE_CURVE('',#5673,#5681,#3370,.T.);
#8229=ADVANCED_FACE('',(#8210,#8219,#8228),#8203,.F.);
#8241=ADVANCED_FACE('',(#8240),#8234,.F.);
#8249=EDGE_CURVE('',#5724,#5718,#3391,.T.);
#8251=EDGE_CURVE('',#5678,#5718,#3433,.T.);
#8255=ADVANCED_FACE('',(#8254),#8246,.F.);
#8261=EDGE_CURVE('',#5717,#5718,#3384,.T.);
#8265=EDGE_CURVE('',#5730,#5721,#3398,.T.);
#8267=EDGE_CURVE('',#5721,#5722,#3405,.T.);
#8269=EDGE_CURVE('',#5728,#5722,#3412,.T.);
#8272=EDGE_CURVE('',#5201,#5187,#3419,.T.);
#8275=EDGE_CURVE('',#5204,#5189,#3691,.T.);
#8278=EDGE_CURVE('',#5726,#5717,#3426,.T.);
#8282=ADVANCED_FACE('',(#8281),#8260,.T.);
#8291=EDGE_CURVE('',#5717,#5677,#3440,.T.);
#8295=ADVANCED_FACE('',(#8294),#8287,.F.);
#8302=EDGE_CURVE('',#5682,#5722,#3447,.T.);
#8305=EDGE_CURVE('',#5721,#5681,#3454,.T.);
#8309=ADVANCED_FACE('',(#8308),#8300,.F.);
#8316=EDGE_CURVE('',#5693,#5701,#3461,.T.);
#8318=EDGE_CURVE('',#5701,#5702,#3489,.T.);
#8320=EDGE_CURVE('',#5702,#5694,#3468,.T.);
#8324=ADVANCED_FACE('',(#8323),#8314,.F.);
#8331=EDGE_CURVE('',#5697,#5705,#3475,.T.);
#8333=EDGE_CURVE('',#5705,#5706,#3517,.T.);
#8335=EDGE_CURVE('',#5706,#5698,#3482,.T.);
#8339=ADVANCED_FACE('',(#8338),#8329,.F.);
#8351=ADVANCED_FACE('',(#8350),#8344,.F.);
#8363=ADVANCED_FACE('',(#8362),#8356,.F.);
#8375=ADVANCED_FACE('',(#8374),#8368,.F.);
#8383=EDGE_CURVE('',#5708,#5701,#3496,.T.);
#8388=ADVANCED_FACE('',(#8387),#8380,.F.);
#8397=EDGE_CURVE('',#5209,#5180,#3503,.T.);
#8400=EDGE_CURVE('',#5196,#5181,#3712,.T.);
#8403=EDGE_CURVE('',#5714,#5706,#3510,.T.);
#8406=EDGE_CURVE('',#5712,#5705,#3524,.T.);
#8409=EDGE_CURVE('',#5549,#5630,#3533,.T.);
#8411=EDGE_CURVE('',#5630,#5628,#3540,.T.);
#8413=EDGE_CURVE('',#5628,#5547,#3549,.T.);
#8416=EDGE_CURVE('',#5553,#5633,#3558,.T.);
#8418=EDGE_CURVE('',#5633,#5631,#3565,.T.);
#8420=EDGE_CURVE('',#5631,#5551,#3574,.T.);
#8423=EDGE_CURVE('',#5555,#5636,#3583,.T.);
#8425=EDGE_CURVE('',#5636,#5634,#3590,.T.);
#8427=EDGE_CURVE('',#5634,#5321,#3599,.T.);
#8430=EDGE_CURVE('',#5320,#5639,#3608,.T.);
#8432=EDGE_CURVE('',#5639,#5637,#3615,.T.);
#8436=EDGE_CURVE('',#5316,#5642,#3633,.T.);
#8438=EDGE_CURVE('',#5642,#5640,#3640,.T.);
#8440=EDGE_CURVE('',#5640,#5557,#3649,.T.);
#8443=EDGE_CURVE('',#5710,#5702,#3656,.T.);
#8447=ADVANCED_FACE('',(#8446),#8393,.T.);
#8454=EDGE_CURVE('',#5208,#5193,#3663,.T.);
#8460=ADVANCED_FACE('',(#8459),#8452,.T.);
#8468=EDGE_CURVE('',#5205,#5191,#3677,.T.);
#8473=ADVANCED_FACE('',(#8472),#8465,.T.);
#8479=EDGE_CURVE('',#5785,#5786,#3684,.T.);
#8486=ADVANCED_FACE('',(#8485),#8478,.T.);
#8498=ADVANCED_FACE('',(#8497),#8491,.T.);
#8512=ADVANCED_FACE('',(#8511),#8503,.F.);
#8524=ADVANCED_FACE('',(#8523),#8517,.T.);
#8536=ADVANCED_FACE('',(#8535),#8529,.F.);
#8548=ADVANCED_FACE('',(#8547),#8541,.F.);
#8556=EDGE_CURVE('',#5591,#5505,#3727,.T.);
#8559=EDGE_CURVE('',#5594,#5630,#4106,.T.);
#8564=ADVANCED_FACE('',(#8563),#8553,.F.);
#8573=EDGE_CURVE('',#5590,#5504,#3741,.T.);
#8577=ADVANCED_FACE('',(#8576),#8569,.F.);
#8583=EDGE_CURVE('',#5850,#5852,#3748,.T.);
#8588=EDGE_CURVE('',#5595,#5628,#3763,.T.);
#8593=ADVANCED_FACE('',(#8592),#8582,.F.);
#8605=ADVANCED_FACE('',(#8604),#8598,.F.);
#8612=EDGE_CURVE('',#5837,#5882,#3807,.T.);
#8618=ADVANCED_FACE('',(#8617),#8610,.F.);
#8625=EDGE_CURVE('',#5841,#5878,#3880,.T.);
#8628=EDGE_CURVE('',#5842,#5866,#3931,.T.);
#8632=ADVANCED_FACE('',(#8631),#8623,.F.);
#8639=EDGE_CURVE('',#5845,#5870,#3989,.T.);
#8642=EDGE_CURVE('',#5846,#5858,#4026,.T.);
#8646=ADVANCED_FACE('',(#8645),#8637,.F.);
#8653=EDGE_CURVE('',#5849,#5862,#4084,.T.);
#8659=ADVANCED_FACE('',(#8658),#8651,.F.);
#8667=EDGE_CURVE('',#5623,#5521,#3800,.T.);
#8672=ADVANCED_FACE('',(#8671),#8664,.F.);
#8680=EDGE_CURVE('',#5627,#5642,#3851,.T.);
#8687=ADVANCED_FACE('',(#8686),#8677,.F.);
#8696=EDGE_CURVE('',#5622,#5520,#3829,.T.);
#8700=ADVANCED_FACE('',(#8699),#8692,.F.);
#8708=EDGE_CURVE('',#5625,#5640,#3836,.T.);
#8715=ADVANCED_FACE('',(#8714),#8705,.F.);
#8727=ADVANCED_FACE('',(#8726),#8720,.F.);
#8735=EDGE_CURVE('',#5615,#5517,#3873,.T.);
#8740=ADVANCED_FACE('',(#8739),#8732,.F.);
#8748=EDGE_CURVE('',#5618,#5639,#3909,.T.);
#8755=ADVANCED_FACE('',(#8754),#8745,.F.);
#8767=ADVANCED_FACE('',(#8766),#8760,.F.);
#8779=ADVANCED_FACE('',(#8778),#8772,.F.);
#8787=EDGE_CURVE('',#5610,#5512,#3960,.T.);
#8792=ADVANCED_FACE('',(#8791),#8784,.F.);
#8802=EDGE_CURVE('',#5607,#5634,#3946,.T.);
#8807=ADVANCED_FACE('',(#8806),#8797,.F.);
#8814=EDGE_CURVE('',#5611,#5513,#3982,.T.);
#8820=ADVANCED_FACE('',(#8819),#8812,.F.);
#8832=ADVANCED_FACE('',(#8831),#8825,.F.);
#8840=EDGE_CURVE('',#5606,#5636,#4004,.T.);
#8847=ADVANCED_FACE('',(#8846),#8837,.F.);
#8859=ADVANCED_FACE('',(#8858),#8852,.F.);
#8867=EDGE_CURVE('',#5602,#5508,#4055,.T.);
#8872=ADVANCED_FACE('',(#8871),#8864,.F.);
#8882=EDGE_CURVE('',#5599,#5631,#4041,.T.);
#8887=ADVANCED_FACE('',(#8886),#8877,.F.);
#8894=EDGE_CURVE('',#5603,#5509,#4077,.T.);
#8900=ADVANCED_FACE('',(#8899),#8892,.F.);
#8912=ADVANCED_FACE('',(#8911),#8905,.F.);
#8920=EDGE_CURVE('',#5598,#5633,#4099,.T.);
#8927=ADVANCED_FACE('',(#8926),#8917,.F.);
#8939=ADVANCED_FACE('',(#8938),#8932,.F.);
#8951=ADVANCED_FACE('',(#8950),#8944,.F.);
#8963=ADVANCED_FACE('',(#8962),#8956,.F.);
#8975=ADVANCED_FACE('',(#8974),#8968,.T.);
#8987=ADVANCED_FACE('',(#8986),#8980,.F.);
#8994=EDGE_CURVE('',#5644,#5649,#4156,.T.);
#8996=EDGE_CURVE('',#5665,#5649,#4244,.T.);
#9001=ADVANCED_FACE('',(#9000),#8992,.F.);
#9008=EDGE_CURVE('',#5101,#5121,#4127,.T.);
#9011=EDGE_CURVE('',#5104,#5125,#4186,.T.);
#9014=EDGE_CURVE('',#5646,#5650,#4141,.T.);
#9016=EDGE_CURVE('',#5649,#5650,#4149,.T.);
#9021=ADVANCED_FACE('',(#9020),#9006,.T.);
#9033=ADVANCED_FACE('',(#9032),#9026,.T.);
#9040=EDGE_CURVE('',#5105,#5129,#4200,.T.);
#9046=ADVANCED_FACE('',(#9045),#9038,.T.);
#9053=EDGE_CURVE('',#5107,#5133,#4215,.T.);
#9059=ADVANCED_FACE('',(#9058),#9051,.T.);
#9071=ADVANCED_FACE('',(#9070),#9064,.T.);
#9079=EDGE_CURVE('',#5666,#5650,#4229,.T.);
#9084=ADVANCED_FACE('',(#9083),#9076,.F.);
#9096=ADVANCED_FACE('',(#9095),#9089,.F.);
#9104=EDGE_CURVE('',#5484,#5586,#4259,.T.);
#9109=ADVANCED_FACE('',(#9108),#9101,.F.);
#9118=EDGE_CURVE('',#5485,#5587,#4273,.T.);
#9122=ADVANCED_FACE('',(#9121),#9114,.F.);
#9134=ADVANCED_FACE('',(#9133),#9127,.F.);
#9142=EDGE_CURVE('',#5488,#5582,#4296,.T.);
#9147=ADVANCED_FACE('',(#9146),#9139,.F.);
#9156=EDGE_CURVE('',#5489,#5583,#4310,.T.);
#9160=ADVANCED_FACE('',(#9159),#9152,.F.);
#9172=ADVANCED_FACE('',(#9171),#9165,.F.);
#9180=EDGE_CURVE('',#5492,#5577,#4333,.T.);
#9185=ADVANCED_FACE('',(#9184),#9177,.F.);
#9194=EDGE_CURVE('',#5493,#5579,#4347,.T.);
#9198=ADVANCED_FACE('',(#9197),#9190,.F.);
#9210=ADVANCED_FACE('',(#9209),#9203,.F.);
#9218=EDGE_CURVE('',#5496,#5573,#4370,.T.);
#9223=ADVANCED_FACE('',(#9222),#9215,.F.);
#9232=EDGE_CURVE('',#5497,#5575,#4384,.T.);
#9236=ADVANCED_FACE('',(#9235),#9228,.F.);
#9248=ADVANCED_FACE('',(#9247),#9241,.F.);
#9256=EDGE_CURVE('',#5500,#5570,#4407,.T.);
#9261=ADVANCED_FACE('',(#9260),#9253,.F.);
#9270=EDGE_CURVE('',#5501,#5571,#4421,.T.);
#9274=ADVANCED_FACE('',(#9273),#9266,.F.);
#9286=ADVANCED_FACE('',(#9285),#9279,.F.);
#9295=EDGE_CURVE('',#5355,#5339,#4443,.T.);
#9299=ADVANCED_FACE('',(#9298),#9291,.F.);
#9308=EDGE_CURVE('',#5357,#5341,#4450,.T.);
#9312=ADVANCED_FACE('',(#9311),#9304,.F.);
#9321=EDGE_CURVE('',#5359,#5343,#4457,.T.);
#9325=ADVANCED_FACE('',(#9324),#9317,.F.);
#9334=EDGE_CURVE('',#5361,#5345,#4464,.T.);
#9338=ADVANCED_FACE('',(#9337),#9330,.F.);
#9347=EDGE_CURVE('',#5363,#5347,#4471,.T.);
#9351=ADVANCED_FACE('',(#9350),#9343,.F.);
#9360=EDGE_CURVE('',#5365,#5349,#4478,.T.);
#9364=ADVANCED_FACE('',(#9363),#9356,.F.);
#9376=ADVANCED_FACE('',(#9375),#9369,.F.);
#9383=EDGE_CURVE('',#5965,#5969,#4485,.T.);
#9386=EDGE_CURVE('',#5966,#5970,#4492,.T.);
#9390=ADVANCED_FACE('',(#9389),#9381,.F.);
#9402=ADVANCED_FACE('',(#9401),#9395,.F.);
#9411=EDGE_CURVE('',#5415,#5408,#4527,.T.);
#9414=EDGE_CURVE('',#5413,#5405,#4513,.T.);
#9420=ADVANCED_FACE('',(#9419),#9407,.T.);
#9429=EDGE_CURVE('',#5417,#5409,#4534,.T.);
#9433=ADVANCED_FACE('',(#9432),#9425,.T.);
#9442=EDGE_CURVE('',#5328,#5333,#4556,.T.);
#9446=ADVANCED_FACE('',(#9445),#9438,.T.);
#9453=EDGE_CURVE('',#5229,#5329,#4578,.T.);
#9456=EDGE_CURVE('',#5228,#5249,#4549,.T.);
#9462=ADVANCED_FACE('',(#9461),#9451,.T.);
#9469=EDGE_CURVE('',#5389,#5401,#4571,.T.);
#9477=ADVANCED_FACE('',(#9476),#9467,.T.);
#9486=EDGE_CURVE('',#5381,#5395,#4600,.T.);
#9490=ADVANCED_FACE('',(#9489),#9482,.T.);
#9497=EDGE_CURVE('',#5224,#5324,#4622,.T.);
#9500=EDGE_CURVE('',#5225,#5247,#4593,.T.);
#9506=ADVANCED_FACE('',(#9505),#9495,.T.);
#9513=EDGE_CURVE('',#5325,#5331,#4615,.T.);
#9521=ADVANCED_FACE('',(#9520),#9511,.T.);
#9530=EDGE_CURVE('',#5411,#5404,#4629,.T.);
#9534=ADVANCED_FACE('',(#9533),#9526,.T.);
#9546=ADVANCED_FACE('',(#9545),#9539,.T.);
#9553=EDGE_CURVE('',#5773,#5745,#4636,.T.);
#9556=EDGE_CURVE('',#5778,#5746,#4643,.T.);
#9562=ADVANCED_FACE('',(#9561),#9551,.T.);
#9574=ADVANCED_FACE('',(#9573),#9567,.T.);
#9581=EDGE_CURVE('',#5765,#5741,#4650,.T.);
#9584=EDGE_CURVE('',#5770,#5742,#4657,.T.);
#9590=ADVANCED_FACE('',(#9589),#9579,.T.);
#9602=ADVANCED_FACE('',(#9601),#9595,.T.);
#9614=ADVANCED_FACE('',(#9613),#9607,.T.);
#9621=EDGE_CURVE('',#5460,#5456,#4671,.T.);
#9623=EDGE_CURVE('',#5456,#5457,#4702,.T.);
#9625=EDGE_CURVE('',#5461,#5457,#4678,.T.);
#9629=ADVANCED_FACE('',(#9628),#9619,.T.);
#9637=EDGE_CURVE('',#5457,#5456,#4710,.T.);
#9642=ADVANCED_FACE('',(#9641),#9634,.T.);
#9652=EDGE_CURVE('',#5452,#5453,#4686,.T.);
#9654=EDGE_CURVE('',#5453,#5452,#4694,.T.);
#9658=ADVANCED_FACE('',(#9651,#9657),#9647,.T.);
#9664=EDGE_CURVE('',#5885,#5886,#4718,.T.);
#9666=EDGE_CURVE('',#5886,#5885,#4726,.T.);
#9670=EDGE_CURVE('',#5889,#5890,#4734,.T.);
#9672=EDGE_CURVE('',#5890,#5889,#4742,.T.);
#9676=ADVANCED_FACE('',(#9669,#9675),#9663,.T.);
#9682=EDGE_CURVE('',#5897,#5898,#4766,.T.);
#9684=EDGE_CURVE('',#5898,#5897,#4774,.T.);
#9688=EDGE_CURVE('',#5893,#5894,#4750,.T.);
#9690=EDGE_CURVE('',#5894,#5893,#4758,.T.);
#9694=ADVANCED_FACE('',(#9687,#9693),#9681,.T.);
#9700=EDGE_CURVE('',#5913,#5914,#4782,.T.);
#9702=EDGE_CURVE('',#5913,#5452,#4789,.T.);
#9705=EDGE_CURVE('',#5914,#5453,#5050,.T.);
#9709=ADVANCED_FACE('',(#9708),#9699,.F.);
#9715=EDGE_CURVE('',#5941,#5942,#4797,.T.);
#9717=EDGE_CURVE('',#5913,#5941,#4804,.T.);
#9720=EDGE_CURVE('',#5914,#5942,#5035,.T.);
#9724=ADVANCED_FACE('',(#9723),#9714,.F.);
#9754=EDGE_CURVE('',#5937,#5938,#4852,.T.);
#9756=EDGE_CURVE('',#5937,#5941,#4812,.T.);
#9759=EDGE_CURVE('',#5938,#5942,#5020,.T.);
#9763=ADVANCED_FACE('',(#9762),#9753,.F.);
#9769=EDGE_CURVE('',#5921,#5922,#4820,.T.);
#9771=EDGE_CURVE('',#5922,#5921,#4828,.T.);
#9775=ADVANCED_FACE('',(#9774),#9768,.T.);
#9781=EDGE_CURVE('',#5929,#5930,#4836,.T.);
#9783=EDGE_CURVE('',#5930,#5929,#4844,.T.);
#9787=ADVANCED_FACE('',(#9786),#9780,.T.);
#9794=EDGE_CURVE('',#5938,#5937,#4860,.T.);
#9798=ADVANCED_FACE('',(#9797),#9792,.T.);
#9829=EDGE_CURVE('',#5921,#5925,#4868,.T.);
#9831=EDGE_CURVE('',#5925,#5926,#4899,.T.);
#9833=EDGE_CURVE('',#5922,#5926,#4876,.T.);
#9837=ADVANCED_FACE('',(#9836),#9827,.F.);
#9869=EDGE_CURVE('',#5926,#5925,#4884,.T.);
#9874=ADVANCED_FACE('',(#9873),#9866,.F.);
#9881=EDGE_CURVE('',#5918,#5926,#4891,.T.);
#9883=EDGE_CURVE('',#5918,#5917,#4929,.T.);
#9885=EDGE_CURVE('',#5917,#5925,#4906,.T.);
#9889=ADVANCED_FACE('',(#9888),#9879,.F.);
#9897=EDGE_CURVE('',#5917,#5918,#4914,.T.);
#9902=ADVANCED_FACE('',(#9901),#9894,.F.);
#9909=EDGE_CURVE('',#5917,#5893,#4921,.T.);
#9912=EDGE_CURVE('',#5918,#5894,#4936,.T.);
#9916=ADVANCED_FACE('',(#9915),#9907,.F.);
#9928=ADVANCED_FACE('',(#9927),#9921,.F.);
#9959=EDGE_CURVE('',#5929,#5933,#4944,.T.);
#9961=EDGE_CURVE('',#5933,#5934,#4975,.T.);
#9963=EDGE_CURVE('',#5930,#5934,#4952,.T.);
#9967=ADVANCED_FACE('',(#9966),#9957,.F.);
#9999=EDGE_CURVE('',#5934,#5933,#4960,.T.);
#10004=ADVANCED_FACE('',(#10003),#9996,.F.);
#10011=EDGE_CURVE('',#5910,#5934,#4967,.T.);
#10013=EDGE_CURVE('',#5910,#5909,#5005,.T.);
#10015=EDGE_CURVE('',#5909,#5933,#4982,.T.);
#10019=ADVANCED_FACE('',(#10018),#10009,.F.);
#10027=EDGE_CURVE('',#5909,#5910,#4990,.T.);
#10032=ADVANCED_FACE('',(#10031),#10024,.F.);
#10039=EDGE_CURVE('',#5909,#5889,#4997,.T.);
#10042=EDGE_CURVE('',#5910,#5890,#5012,.T.);
#10046=ADVANCED_FACE('',(#10045),#10037,.F.);
#10058=ADVANCED_FACE('',(#10057),#10051,.F.);
#10090=EDGE_CURVE('',#5942,#5941,#5028,.T.);
#10095=ADVANCED_FACE('',(#10094),#10087,.F.);
#10103=EDGE_CURVE('',#5914,#5913,#5043,.T.);
#10108=ADVANCED_FACE('',(#10107),#10100,.F.);
#10120=ADVANCED_FACE('',(#10119),#10113,.F.);
#10127=EDGE_CURVE('',#5901,#5885,#5057,.T.);
#10130=EDGE_CURVE('',#5902,#5886,#5064,.T.);
#10134=ADVANCED_FACE('',(#10133),#10125,.T.);
#10146=ADVANCED_FACE('',(#10145),#10139,.T.);
#10153=EDGE_CURVE('',#5905,#5897,#5071,.T.);
#10156=EDGE_CURVE('',#5906,#5898,#5078,.T.);
#10160=ADVANCED_FACE('',(#10159),#10151,.T.);
#10172=ADVANCED_FACE('',(#10171),#10165,.T.);
#10184=ADVANCED_FACE('',(#10183),#10177,.T.);
#10196=ADVANCED_FACE('',(#10195),#10189,.T.);
#10197=CLOSED_SHELL('',(#6006,#6030,#6054,#6078,#6118,#6172,#6210,#6320,#6335,
#6353,#6368,#6383,#6398,#6412,#6514,#6529,#6564,#6585,#6602,#6617,#6631,#6647,
#6668,#6686,#6704,#6720,#6738,#6756,#6771,#6783,#6795,#6809,#6823,#6839,#6912,
#6927,#6940,#6958,#6974,#6992,#7006,#7018,#7032,#7044,#7058,#7070,#7084,#7096,
#7114,#7128,#7141,#7217,#7234,#7247,#7261,#7274,#7288,#7303,#7319,#7329,#7341,
#7353,#7365,#7379,#7394,#7405,#7416,#7428,#7440,#7459,#7473,#7491,#7505,#7519,
#7537,#7552,#7566,#7582,#7616,#7631,#7678,#7693,#7707,#7721,#7735,#7749,#7763,
#7777,#7790,#7839,#7852,#7876,#7891,#7905,#7922,#7934,#7949,#7963,#7980,#7993,
#8007,#8020,#8033,#8045,#8074,#8101,#8119,#8140,#8154,#8185,#8198,#8229,#8241,
#8255,#8282,#8295,#8309,#8324,#8339,#8351,#8363,#8375,#8388,#8447,#8460,#8473,
#8486,#8498,#8512,#8524,#8536,#8548,#8564,#8577,#8593,#8605,#8618,#8632,#8646,
#8659,#8672,#8687,#8700,#8715,#8727,#8740,#8755,#8767,#8779,#8792,#8807,#8820,
#8832,#8847,#8859,#8872,#8887,#8900,#8912,#8927,#8939,#8951,#8963,#8975,#8987,
#9001,#9021,#9033,#9046,#9059,#9071,#9084,#9096,#9109,#9122,#9134,#9147,#9160,
#9172,#9185,#9198,#9210,#9223,#9236,#9248,#9261,#9274,#9286,#9299,#9312,#9325,
#9338,#9351,#9364,#9376,#9390,#9402,#9420,#9433,#9446,#9462,#9477,#9490,#9506,
#9521,#9534,#9546,#9562,#9574,#9590,#9602,#9614,#9629,#9642,#9658,#9676,#9694,
#9709,#9724,#9763,#9775,#9787,#9798,#9837,#9874,#9889,#9902,#9916,#9928,#9967,
#10004,#10019,#10032,#10046,#10058,#10095,#10108,#10120,#10134,#10146,#10160,
#10172,#10184,#10196));
#10198=MANIFOLD_SOLID_BREP('',#10197);
#10205=(LENGTH_UNIT()NAMED_UNIT(*)SI_UNIT(.MILLI.,.METRE.));
#10206=(NAMED_UNIT(*)PLANE_ANGLE_UNIT()SI_UNIT($,.RADIAN.));
#10209=(NAMED_UNIT(*)SI_UNIT($,.STERADIAN.)SOLID_ANGLE_UNIT());
#10211=(GEOMETRIC_REPRESENTATION_CONTEXT(3)GLOBAL_UNCERTAINTY_ASSIGNED_CONTEXT((
#10210))GLOBAL_UNIT_ASSIGNED_CONTEXT((#10205,#10208,#10209))REPRESENTATION_CONTEXT('ID1','3'));
#10212=ADVANCED_BREP_SHAPE_REPRESENTATION('',(#10198),#10211);
#10220=PRODUCT_DEFINITION('part definition','',#10219,#10216);
#10221=PRODUCT_DEFINITION_SHAPE('','SHAPE FOR I-0515-01_REVX01.',#10220);
#10222=SHAPE_ASPECT('','solid data associated with I-0515-01_REVX01',#10221,
.F.);
#10223=PROPERTY_DEFINITION('',
'shape for solid data with which properties are associated',#10222);
#10224=SHAPE_REPRESENTATION('',(#10198),#10211);
#10225=SHAPE_DEFINITION_REPRESENTATION(#10223,#10224);
#10226=(LENGTH_UNIT()NAMED_UNIT(*)SI_UNIT(.MILLI.,.METRE.));
#10230=PROPERTY_DEFINITION('geometric validation property',
'area of I-0515-01_REVX01',#10222);
#10231=REPRESENTATION('surface area',(#10229),#10211);
#10232=PROPERTY_DEFINITION_REPRESENTATION(#10230,#10231);
#10233=(LENGTH_UNIT()NAMED_UNIT(*)SI_UNIT(.MILLI.,.METRE.));
#10237=PROPERTY_DEFINITION('geometric validation property',
'volume of I-0515-01_REVX01',#10222);
#10238=REPRESENTATION('volume',(#10236),#10211);
#10239=PROPERTY_DEFINITION_REPRESENTATION(#10237,#10238);
#10241=PROPERTY_DEFINITION('geometric validation property',
'centroid of I-0515-01_REVX01',#10222);
#10242=REPRESENTATION('centroid',(#10240),#10211);
#10243=PROPERTY_DEFINITION_REPRESENTATION(#10241,#10242);
#10244=(LENGTH_UNIT()NAMED_UNIT(*)SI_UNIT(.MILLI.,.METRE.));
#10248=PROPERTY_DEFINITION('geometric validation property',
'area of I-0515-01_REVX01',#10221);
#10249=REPRESENTATION('surface area',(#10247),#10211);
#10250=PROPERTY_DEFINITION_REPRESENTATION(#10248,#10249);
#10251=(LENGTH_UNIT()NAMED_UNIT(*)SI_UNIT(.MILLI.,.METRE.));
#10255=PROPERTY_DEFINITION('geometric validation property',
'volume of I-0515-01_REVX01',#10221);
#10256=REPRESENTATION('volume',(#10254),#10211);
#10257=PROPERTY_DEFINITION_REPRESENTATION(#10255,#10256);
#10259=PROPERTY_DEFINITION('geometric validation property',
'centroid of I-0515-01_REVX01',#10221);
#10260=REPRESENTATION('centroid',(#10258),#10211);
#10261=PROPERTY_DEFINITION_REPRESENTATION(#10259,#10260);
#10262=SHAPE_DEFINITION_REPRESENTATION(#10221,#10212);
ENDSEC;
END-ISO-10303-21;
